"","x"
"1",0.141666666666667
"2",0.143333333333333
"3",0.141666666666667
"4",0.143333333333333
"5",0.143333333333333
"6",0.143333333333333
"7",0.141666666666667
"8",0.141666666666667
"9",0.141666666666667
"10",0.143333333333333
"11",0.141666666666667
"12",0.141666666666667
"13",0.141666666666667
"14",0.141666666666667
"15",0.141666666666667
"16",0.141666666666667
"17",0.143333333333333
"18",0.141666666666667
"19",0.141666666666667
"20",0.14
"21",0.141666666666667
"22",0.141666666666667
"23",0.141666666666667
"24",0.141666666666667
"25",0.141666666666667
"26",0.143333333333333
"27",0.143333333333333
"28",0.141666666666667
"29",0.141666666666667
"30",0.143333333333333
"31",0.141666666666667
"32",0.141666666666667
"33",0.141666666666667
"34",0.141666666666667
"35",0.143333333333333
"36",0.143333333333333
"37",0.141666666666667
"38",0.141666666666667
"39",0.141666666666667
"40",0.141666666666667
"41",0.141666666666667
"42",0.141666666666667
"43",0.141666666666667
"44",0.143333333333333
"45",0.143333333333333
"46",0.141666666666667
"47",0.143333333333333
"48",0.141666666666667
"49",0.141666666666667
"50",0.141666666666667
"51",0.141666666666667
"52",0.143333333333333
"53",0.141666666666667
"54",0.143333333333333
"55",0.143333333333333
"56",0.143333333333333
"57",0.141666666666667
"58",0.141666666666667
"59",0.141666666666667
"60",0.143333333333333
"61",0.141666666666667
"62",0.141666666666667
"63",0.141666666666667
"64",0.141666666666667
"65",0.141666666666667
"66",0.141666666666667
"67",0.143333333333333
"68",0.141666666666667
"69",0.141666666666667
"70",0.14
"71",0.141666666666667
"72",0.141666666666667
"73",0.141666666666667
"74",0.141666666666667
"75",0.141666666666667
"76",0.143333333333333
"77",0.143333333333333
"78",0.141666666666667
"79",0.141666666666667
"80",0.143333333333333
"81",0.141666666666667
"82",0.141666666666667
"83",0.141666666666667
"84",0.141666666666667
"85",0.143333333333333
"86",0.143333333333333
"87",0.141666666666667
"88",0.141666666666667
"89",0.141666666666667
"90",0.141666666666667
"91",0.141666666666667
"92",0.141666666666667
"93",0.141666666666667
"94",0.143333333333333
"95",0.143333333333333
"96",0.141666666666667
"97",0.143333333333333
"98",0.141666666666667
"99",0.141666666666667
"100",0.141666666666667
"101",0.135
"102",0.136666666666667
"103",0.135
"104",0.136666666666667
"105",0.136666666666667
"106",0.136666666666667
"107",0.135
"108",0.135
"109",0.135
"110",0.136666666666667
"111",0.135
"112",0.135
"113",0.135
"114",0.135
"115",0.135
"116",0.135
"117",0.136666666666667
"118",0.135
"119",0.135
"120",0.133333333333333
"121",0.135
"122",0.135
"123",0.135
"124",0.135
"125",0.135
"126",0.136666666666667
"127",0.136666666666667
"128",0.135
"129",0.135
"130",0.136666666666667
"131",0.135
"132",0.135
"133",0.135
"134",0.135
"135",0.136666666666667
"136",0.136666666666667
"137",0.135
"138",0.135
"139",0.135
"140",0.135
"141",0.135
"142",0.135
"143",0.135
"144",0.136666666666667
"145",0.136666666666667
"146",0.135
"147",0.136666666666667
"148",0.135
"149",0.135
"150",0.135
"151",0.141666666666667
"152",0.143333333333333
"153",0.141666666666667
"154",0.143333333333333
"155",0.143333333333333
"156",0.143333333333333
"157",0.141666666666667
"158",0.141666666666667
"159",0.141666666666667
"160",0.143333333333333
"161",0.141666666666667
"162",0.141666666666667
"163",0.141666666666667
"164",0.141666666666667
"165",0.141666666666667
"166",0.141666666666667
"167",0.143333333333333
"168",0.141666666666667
"169",0.141666666666667
"170",0.14
"171",0.141666666666667
"172",0.141666666666667
"173",0.141666666666667
"174",0.141666666666667
"175",0.141666666666667
"176",0.143333333333333
"177",0.143333333333333
"178",0.141666666666667
"179",0.141666666666667
"180",0.143333333333333
"181",0.141666666666667
"182",0.141666666666667
"183",0.141666666666667
"184",0.141666666666667
"185",0.143333333333333
"186",0.143333333333333
"187",0.141666666666667
"188",0.141666666666667
"189",0.141666666666667
"190",0.141666666666667
"191",0.141666666666667
"192",0.141666666666667
"193",0.141666666666667
"194",0.143333333333333
"195",0.143333333333333
"196",0.141666666666667
"197",0.143333333333333
"198",0.141666666666667
"199",0.141666666666667
"200",0.141666666666667
"201",0.141666666666667
"202",0.143333333333333
"203",0.141666666666667
"204",0.143333333333333
"205",0.143333333333333
"206",0.143333333333333
"207",0.141666666666667
"208",0.141666666666667
"209",0.141666666666667
"210",0.143333333333333
"211",0.141666666666667
"212",0.141666666666667
"213",0.141666666666667
"214",0.141666666666667
"215",0.141666666666667
"216",0.141666666666667
"217",0.143333333333333
"218",0.141666666666667
"219",0.141666666666667
"220",0.14
"221",0.141666666666667
"222",0.141666666666667
"223",0.141666666666667
"224",0.141666666666667
"225",0.141666666666667
"226",0.143333333333333
"227",0.143333333333333
"228",0.141666666666667
"229",0.141666666666667
"230",0.143333333333333
"231",0.141666666666667
"232",0.141666666666667
"233",0.141666666666667
"234",0.141666666666667
"235",0.143333333333333
"236",0.143333333333333
"237",0.141666666666667
"238",0.141666666666667
"239",0.141666666666667
"240",0.141666666666667
"241",0.141666666666667
"242",0.141666666666667
"243",0.141666666666667
"244",0.143333333333333
"245",0.143333333333333
"246",0.141666666666667
"247",0.143333333333333
"248",0.141666666666667
"249",0.141666666666667
"250",0.141666666666667
"251",0.118333333333333
"252",0.12
"253",0.118333333333333
"254",0.12
"255",0.12
"256",0.118333333333333
"257",0.118333333333333
"258",0.118333333333333
"259",0.118333333333333
"260",0.12
"261",0.118333333333333
"262",0.118333333333333
"263",0.118333333333333
"264",0.118333333333333
"265",0.118333333333333
"266",0.118333333333333
"267",0.12
"268",0.118333333333333
"269",0.118333333333333
"270",0.116666666666667
"271",0.118333333333333
"272",0.12
"273",0.118333333333333
"274",0.118333333333333
"275",0.118333333333333
"276",0.118333333333333
"277",0.12
"278",0.118333333333333
"279",0.118333333333333
"280",0.118333333333333
"281",0.118333333333333
"282",0.118333333333333
"283",0.118333333333333
"284",0.118333333333333
"285",0.12
"286",0.118333333333333
"287",0.118333333333333
"288",0.118333333333333
"289",0.118333333333333
"290",0.118333333333333
"291",0.118333333333333
"292",0.118333333333333
"293",0.118333333333333
"294",0.116666666666667
"295",0.12
"296",0.118333333333333
"297",0.118333333333333
"298",0.118333333333333
"299",0.118333333333333
"300",0.118333333333333
"301",0.12
"302",0.121666666666667
"303",0.12
"304",0.121666666666667
"305",0.121666666666667
"306",0.12
"307",0.12
"308",0.12
"309",0.12
"310",0.121666666666667
"311",0.12
"312",0.12
"313",0.12
"314",0.12
"315",0.12
"316",0.12
"317",0.121666666666667
"318",0.12
"319",0.12
"320",0.118333333333333
"321",0.12
"322",0.121666666666667
"323",0.12
"324",0.12
"325",0.12
"326",0.12
"327",0.121666666666667
"328",0.12
"329",0.12
"330",0.12
"331",0.12
"332",0.12
"333",0.12
"334",0.12
"335",0.121666666666667
"336",0.12
"337",0.12
"338",0.12
"339",0.12
"340",0.12
"341",0.12
"342",0.12
"343",0.12
"344",0.118333333333333
"345",0.121666666666667
"346",0.12
"347",0.12
"348",0.12
"349",0.12
"350",0.12
"351",0.12
"352",0.121666666666667
"353",0.12
"354",0.121666666666667
"355",0.121666666666667
"356",0.12
"357",0.12
"358",0.12
"359",0.12
"360",0.121666666666667
"361",0.12
"362",0.12
"363",0.12
"364",0.12
"365",0.12
"366",0.12
"367",0.121666666666667
"368",0.12
"369",0.12
"370",0.118333333333333
"371",0.12
"372",0.121666666666667
"373",0.12
"374",0.12
"375",0.12
"376",0.12
"377",0.121666666666667
"378",0.12
"379",0.12
"380",0.12
"381",0.12
"382",0.12
"383",0.12
"384",0.12
"385",0.121666666666667
"386",0.12
"387",0.12
"388",0.12
"389",0.12
"390",0.12
"391",0.12
"392",0.12
"393",0.12
"394",0.118333333333333
"395",0.121666666666667
"396",0.12
"397",0.12
"398",0.12
"399",0.12
"400",0.12
"401",0.12
"402",0.121666666666667
"403",0.12
"404",0.121666666666667
"405",0.121666666666667
"406",0.12
"407",0.12
"408",0.12
"409",0.12
"410",0.121666666666667
"411",0.12
"412",0.12
"413",0.12
"414",0.12
"415",0.12
"416",0.12
"417",0.121666666666667
"418",0.12
"419",0.12
"420",0.118333333333333
"421",0.12
"422",0.121666666666667
"423",0.12
"424",0.12
"425",0.12
"426",0.12
"427",0.121666666666667
"428",0.12
"429",0.12
"430",0.12
"431",0.12
"432",0.12
"433",0.12
"434",0.12
"435",0.121666666666667
"436",0.12
"437",0.12
"438",0.12
"439",0.12
"440",0.12
"441",0.12
"442",0.12
"443",0.12
"444",0.118333333333333
"445",0.121666666666667
"446",0.12
"447",0.12
"448",0.12
"449",0.12
"450",0.12
"451",0.118333333333333
"452",0.12
"453",0.118333333333333
"454",0.12
"455",0.12
"456",0.118333333333333
"457",0.118333333333333
"458",0.118333333333333
"459",0.118333333333333
"460",0.12
"461",0.118333333333333
"462",0.118333333333333
"463",0.118333333333333
"464",0.118333333333333
"465",0.118333333333333
"466",0.118333333333333
"467",0.12
"468",0.118333333333333
"469",0.118333333333333
"470",0.116666666666667
"471",0.118333333333333
"472",0.12
"473",0.118333333333333
"474",0.118333333333333
"475",0.118333333333333
"476",0.118333333333333
"477",0.12
"478",0.118333333333333
"479",0.118333333333333
"480",0.118333333333333
"481",0.118333333333333
"482",0.118333333333333
"483",0.118333333333333
"484",0.118333333333333
"485",0.12
"486",0.118333333333333
"487",0.118333333333333
"488",0.118333333333333
"489",0.118333333333333
"490",0.118333333333333
"491",0.118333333333333
"492",0.118333333333333
"493",0.118333333333333
"494",0.116666666666667
"495",0.12
"496",0.118333333333333
"497",0.118333333333333
"498",0.118333333333333
"499",0.118333333333333
"500",0.118333333333333
"501",0.12
"502",0.121666666666667
"503",0.12
"504",0.121666666666667
"505",0.121666666666667
"506",0.12
"507",0.12
"508",0.12
"509",0.12
"510",0.121666666666667
"511",0.12
"512",0.12
"513",0.12
"514",0.12
"515",0.12
"516",0.12
"517",0.121666666666667
"518",0.12
"519",0.12
"520",0.118333333333333
"521",0.12
"522",0.121666666666667
"523",0.12
"524",0.12
"525",0.12
"526",0.12
"527",0.121666666666667
"528",0.12
"529",0.12
"530",0.12
"531",0.12
"532",0.12
"533",0.12
"534",0.12
"535",0.121666666666667
"536",0.12
"537",0.12
"538",0.12
"539",0.12
"540",0.12
"541",0.12
"542",0.12
"543",0.12
"544",0.118333333333333
"545",0.121666666666667
"546",0.12
"547",0.12
"548",0.12
"549",0.12
"550",0.12
"551",0.12
"552",0.121666666666667
"553",0.12
"554",0.121666666666667
"555",0.121666666666667
"556",0.12
"557",0.12
"558",0.12
"559",0.12
"560",0.121666666666667
"561",0.12
"562",0.12
"563",0.12
"564",0.12
"565",0.12
"566",0.12
"567",0.121666666666667
"568",0.12
"569",0.12
"570",0.118333333333333
"571",0.12
"572",0.121666666666667
"573",0.12
"574",0.12
"575",0.12
"576",0.12
"577",0.121666666666667
"578",0.12
"579",0.12
"580",0.12
"581",0.12
"582",0.12
"583",0.12
"584",0.12
"585",0.121666666666667
"586",0.12
"587",0.12
"588",0.12
"589",0.12
"590",0.12
"591",0.12
"592",0.12
"593",0.12
"594",0.118333333333333
"595",0.121666666666667
"596",0.12
"597",0.12
"598",0.12
"599",0.12
"600",0.12
"601",0.121666666666667
"602",0.123333333333333
"603",0.121666666666667
"604",0.123333333333333
"605",0.123333333333333
"606",0.121666666666667
"607",0.121666666666667
"608",0.121666666666667
"609",0.121666666666667
"610",0.123333333333333
"611",0.121666666666667
"612",0.121666666666667
"613",0.121666666666667
"614",0.121666666666667
"615",0.121666666666667
"616",0.121666666666667
"617",0.123333333333333
"618",0.121666666666667
"619",0.121666666666667
"620",0.12
"621",0.121666666666667
"622",0.123333333333333
"623",0.121666666666667
"624",0.121666666666667
"625",0.121666666666667
"626",0.121666666666667
"627",0.123333333333333
"628",0.121666666666667
"629",0.121666666666667
"630",0.121666666666667
"631",0.121666666666667
"632",0.121666666666667
"633",0.121666666666667
"634",0.121666666666667
"635",0.123333333333333
"636",0.121666666666667
"637",0.121666666666667
"638",0.121666666666667
"639",0.121666666666667
"640",0.121666666666667
"641",0.121666666666667
"642",0.121666666666667
"643",0.121666666666667
"644",0.12
"645",0.123333333333333
"646",0.121666666666667
"647",0.121666666666667
"648",0.121666666666667
"649",0.121666666666667
"650",0.121666666666667
"651",0.12
"652",0.121666666666667
"653",0.12
"654",0.121666666666667
"655",0.121666666666667
"656",0.12
"657",0.12
"658",0.12
"659",0.12
"660",0.121666666666667
"661",0.12
"662",0.12
"663",0.12
"664",0.12
"665",0.12
"666",0.12
"667",0.121666666666667
"668",0.12
"669",0.12
"670",0.118333333333333
"671",0.12
"672",0.121666666666667
"673",0.12
"674",0.12
"675",0.12
"676",0.12
"677",0.121666666666667
"678",0.12
"679",0.12
"680",0.12
"681",0.12
"682",0.12
"683",0.12
"684",0.12
"685",0.121666666666667
"686",0.12
"687",0.12
"688",0.12
"689",0.12
"690",0.12
"691",0.12
"692",0.12
"693",0.12
"694",0.118333333333333
"695",0.121666666666667
"696",0.12
"697",0.12
"698",0.12
"699",0.12
"700",0.12
"701",0.118333333333333
"702",0.12
"703",0.118333333333333
"704",0.12
"705",0.12
"706",0.118333333333333
"707",0.118333333333333
"708",0.118333333333333
"709",0.118333333333333
"710",0.12
"711",0.118333333333333
"712",0.118333333333333
"713",0.118333333333333
"714",0.118333333333333
"715",0.118333333333333
"716",0.118333333333333
"717",0.12
"718",0.118333333333333
"719",0.118333333333333
"720",0.116666666666667
"721",0.118333333333333
"722",0.12
"723",0.118333333333333
"724",0.118333333333333
"725",0.118333333333333
"726",0.118333333333333
"727",0.12
"728",0.118333333333333
"729",0.118333333333333
"730",0.118333333333333
"731",0.118333333333333
"732",0.118333333333333
"733",0.118333333333333
"734",0.118333333333333
"735",0.12
"736",0.118333333333333
"737",0.118333333333333
"738",0.118333333333333
"739",0.118333333333333
"740",0.118333333333333
"741",0.118333333333333
"742",0.118333333333333
"743",0.118333333333333
"744",0.116666666666667
"745",0.12
"746",0.118333333333333
"747",0.118333333333333
"748",0.118333333333333
"749",0.118333333333333
"750",0.118333333333333
"751",0.12
"752",0.121666666666667
"753",0.12
"754",0.121666666666667
"755",0.121666666666667
"756",0.12
"757",0.12
"758",0.12
"759",0.12
"760",0.121666666666667
"761",0.12
"762",0.12
"763",0.12
"764",0.12
"765",0.12
"766",0.12
"767",0.121666666666667
"768",0.12
"769",0.12
"770",0.118333333333333
"771",0.12
"772",0.121666666666667
"773",0.12
"774",0.12
"775",0.12
"776",0.12
"777",0.121666666666667
"778",0.12
"779",0.12
"780",0.12
"781",0.12
"782",0.12
"783",0.12
"784",0.12
"785",0.121666666666667
"786",0.12
"787",0.12
"788",0.12
"789",0.12
"790",0.12
"791",0.12
"792",0.12
"793",0.12
"794",0.118333333333333
"795",0.121666666666667
"796",0.12
"797",0.12
"798",0.12
"799",0.12
"800",0.12
"801",0.118333333333333
"802",0.12
"803",0.118333333333333
"804",0.12
"805",0.12
"806",0.118333333333333
"807",0.118333333333333
"808",0.118333333333333
"809",0.118333333333333
"810",0.12
"811",0.118333333333333
"812",0.118333333333333
"813",0.118333333333333
"814",0.118333333333333
"815",0.118333333333333
"816",0.118333333333333
"817",0.12
"818",0.118333333333333
"819",0.118333333333333
"820",0.116666666666667
"821",0.118333333333333
"822",0.12
"823",0.118333333333333
"824",0.118333333333333
"825",0.118333333333333
"826",0.118333333333333
"827",0.12
"828",0.118333333333333
"829",0.118333333333333
"830",0.118333333333333
"831",0.118333333333333
"832",0.118333333333333
"833",0.118333333333333
"834",0.118333333333333
"835",0.12
"836",0.118333333333333
"837",0.118333333333333
"838",0.118333333333333
"839",0.118333333333333
"840",0.118333333333333
"841",0.118333333333333
"842",0.118333333333333
"843",0.118333333333333
"844",0.116666666666667
"845",0.12
"846",0.118333333333333
"847",0.118333333333333
"848",0.118333333333333
"849",0.118333333333333
"850",0.118333333333333
"851",0.12
"852",0.121666666666667
"853",0.12
"854",0.121666666666667
"855",0.121666666666667
"856",0.12
"857",0.12
"858",0.12
"859",0.12
"860",0.121666666666667
"861",0.12
"862",0.12
"863",0.12
"864",0.12
"865",0.12
"866",0.12
"867",0.121666666666667
"868",0.12
"869",0.12
"870",0.118333333333333
"871",0.12
"872",0.121666666666667
"873",0.12
"874",0.12
"875",0.12
"876",0.12
"877",0.121666666666667
"878",0.12
"879",0.12
"880",0.12
"881",0.12
"882",0.12
"883",0.12
"884",0.12
"885",0.121666666666667
"886",0.12
"887",0.12
"888",0.12
"889",0.12
"890",0.12
"891",0.12
"892",0.12
"893",0.12
"894",0.118333333333333
"895",0.121666666666667
"896",0.12
"897",0.12
"898",0.12
"899",0.12
"900",0.12
"901",0.12
"902",0.121666666666667
"903",0.12
"904",0.121666666666667
"905",0.121666666666667
"906",0.12
"907",0.12
"908",0.12
"909",0.12
"910",0.121666666666667
"911",0.12
"912",0.12
"913",0.12
"914",0.12
"915",0.12
"916",0.12
"917",0.121666666666667
"918",0.12
"919",0.12
"920",0.118333333333333
"921",0.12
"922",0.121666666666667
"923",0.12
"924",0.12
"925",0.12
"926",0.12
"927",0.121666666666667
"928",0.12
"929",0.12
"930",0.12
"931",0.12
"932",0.12
"933",0.12
"934",0.12
"935",0.121666666666667
"936",0.12
"937",0.12
"938",0.12
"939",0.12
"940",0.12
"941",0.12
"942",0.12
"943",0.12
"944",0.118333333333333
"945",0.121666666666667
"946",0.12
"947",0.12
"948",0.12
"949",0.12
"950",0.12
"951",0.12
"952",0.121666666666667
"953",0.12
"954",0.121666666666667
"955",0.121666666666667
"956",0.12
"957",0.12
"958",0.12
"959",0.12
"960",0.121666666666667
"961",0.12
"962",0.12
"963",0.12
"964",0.12
"965",0.12
"966",0.12
"967",0.121666666666667
"968",0.12
"969",0.12
"970",0.118333333333333
"971",0.12
"972",0.121666666666667
"973",0.12
"974",0.12
"975",0.12
"976",0.12
"977",0.121666666666667
"978",0.12
"979",0.12
"980",0.12
"981",0.12
"982",0.12
"983",0.12
"984",0.12
"985",0.121666666666667
"986",0.12
"987",0.12
"988",0.12
"989",0.12
"990",0.12
"991",0.12
"992",0.12
"993",0.12
"994",0.118333333333333
"995",0.121666666666667
"996",0.12
"997",0.12
"998",0.12
"999",0.12
"1000",0.12
"1001",0.12
"1002",0.121666666666667
"1003",0.12
"1004",0.121666666666667
"1005",0.121666666666667
"1006",0.12
"1007",0.12
"1008",0.12
"1009",0.12
"1010",0.121666666666667
"1011",0.12
"1012",0.12
"1013",0.12
"1014",0.12
"1015",0.12
"1016",0.12
"1017",0.121666666666667
"1018",0.12
"1019",0.12
"1020",0.118333333333333
"1021",0.12
"1022",0.121666666666667
"1023",0.12
"1024",0.12
"1025",0.12
"1026",0.12
"1027",0.121666666666667
"1028",0.12
"1029",0.12
"1030",0.12
"1031",0.12
"1032",0.12
"1033",0.12
"1034",0.12
"1035",0.121666666666667
"1036",0.12
"1037",0.12
"1038",0.12
"1039",0.12
"1040",0.12
"1041",0.12
"1042",0.12
"1043",0.12
"1044",0.118333333333333
"1045",0.121666666666667
"1046",0.12
"1047",0.12
"1048",0.12
"1049",0.12
"1050",0.12
"1051",0.106666666666667
"1052",0.108333333333333
"1053",0.106666666666667
"1054",0.105
"1055",0.108333333333333
"1056",0.106666666666667
"1057",0.106666666666667
"1058",0.106666666666667
"1059",0.106666666666667
"1060",0.105
"1061",0.106666666666667
"1062",0.106666666666667
"1063",0.106666666666667
"1064",0.106666666666667
"1065",0.106666666666667
"1066",0.106666666666667
"1067",0.105
"1068",0.106666666666667
"1069",0.106666666666667
"1070",0.105
"1071",0.106666666666667
"1072",0.108333333333333
"1073",0.106666666666667
"1074",0.106666666666667
"1075",0.106666666666667
"1076",0.108333333333333
"1077",0.108333333333333
"1078",0.106666666666667
"1079",0.106666666666667
"1080",0.106666666666667
"1081",0.106666666666667
"1082",0.106666666666667
"1083",0.106666666666667
"1084",0.106666666666667
"1085",0.105
"1086",0.106666666666667
"1087",0.106666666666667
"1088",0.106666666666667
"1089",0.106666666666667
"1090",0.106666666666667
"1091",0.106666666666667
"1092",0.106666666666667
"1093",0.106666666666667
"1094",0.108333333333333
"1095",0.108333333333333
"1096",0.106666666666667
"1097",0.106666666666667
"1098",0.106666666666667
"1099",0.106666666666667
"1100",0.106666666666667
"1101",0.136666666666667
"1102",0.14
"1103",0.138333333333333
"1104",0.14
"1105",0.14
"1106",0.138333333333333
"1107",0.138333333333333
"1108",0.138333333333333
"1109",0.138333333333333
"1110",0.14
"1111",0.138333333333333
"1112",0.138333333333333
"1113",0.138333333333333
"1114",0.138333333333333
"1115",0.138333333333333
"1116",0.138333333333333
"1117",0.14
"1118",0.138333333333333
"1119",0.138333333333333
"1120",0.136666666666667
"1121",0.136666666666667
"1122",0.14
"1123",0.138333333333333
"1124",0.138333333333333
"1125",0.138333333333333
"1126",0.138333333333333
"1127",0.136666666666667
"1128",0.138333333333333
"1129",0.138333333333333
"1130",0.14
"1131",0.138333333333333
"1132",0.138333333333333
"1133",0.138333333333333
"1134",0.138333333333333
"1135",0.14
"1136",0.14
"1137",0.138333333333333
"1138",0.138333333333333
"1139",0.138333333333333
"1140",0.138333333333333
"1141",0.138333333333333
"1142",0.138333333333333
"1143",0.138333333333333
"1144",0.138333333333333
"1145",0.138333333333333
"1146",0.138333333333333
"1147",0.14
"1148",0.138333333333333
"1149",0.138333333333333
"1150",0.138333333333333
"1151",0.136666666666667
"1152",0.14
"1153",0.138333333333333
"1154",0.14
"1155",0.14
"1156",0.138333333333333
"1157",0.138333333333333
"1158",0.138333333333333
"1159",0.138333333333333
"1160",0.14
"1161",0.138333333333333
"1162",0.138333333333333
"1163",0.138333333333333
"1164",0.138333333333333
"1165",0.138333333333333
"1166",0.138333333333333
"1167",0.14
"1168",0.138333333333333
"1169",0.138333333333333
"1170",0.136666666666667
"1171",0.136666666666667
"1172",0.14
"1173",0.138333333333333
"1174",0.138333333333333
"1175",0.138333333333333
"1176",0.138333333333333
"1177",0.136666666666667
"1178",0.138333333333333
"1179",0.138333333333333
"1180",0.14
"1181",0.138333333333333
"1182",0.138333333333333
"1183",0.138333333333333
"1184",0.138333333333333
"1185",0.14
"1186",0.14
"1187",0.138333333333333
"1188",0.138333333333333
"1189",0.138333333333333
"1190",0.138333333333333
"1191",0.138333333333333
"1192",0.138333333333333
"1193",0.138333333333333
"1194",0.138333333333333
"1195",0.138333333333333
"1196",0.138333333333333
"1197",0.14
"1198",0.138333333333333
"1199",0.138333333333333
"1200",0.138333333333333
"1201",0.136666666666667
"1202",0.14
"1203",0.138333333333333
"1204",0.14
"1205",0.14
"1206",0.138333333333333
"1207",0.138333333333333
"1208",0.138333333333333
"1209",0.138333333333333
"1210",0.14
"1211",0.138333333333333
"1212",0.138333333333333
"1213",0.138333333333333
"1214",0.138333333333333
"1215",0.138333333333333
"1216",0.138333333333333
"1217",0.14
"1218",0.138333333333333
"1219",0.138333333333333
"1220",0.136666666666667
"1221",0.136666666666667
"1222",0.14
"1223",0.138333333333333
"1224",0.138333333333333
"1225",0.138333333333333
"1226",0.138333333333333
"1227",0.136666666666667
"1228",0.138333333333333
"1229",0.138333333333333
"1230",0.14
"1231",0.138333333333333
"1232",0.138333333333333
"1233",0.138333333333333
"1234",0.138333333333333
"1235",0.14
"1236",0.14
"1237",0.138333333333333
"1238",0.138333333333333
"1239",0.138333333333333
"1240",0.138333333333333
"1241",0.138333333333333
"1242",0.138333333333333
"1243",0.138333333333333
"1244",0.138333333333333
"1245",0.138333333333333
"1246",0.138333333333333
"1247",0.14
"1248",0.138333333333333
"1249",0.138333333333333
"1250",0.138333333333333
"1251",0.136666666666667
"1252",0.14
"1253",0.138333333333333
"1254",0.14
"1255",0.14
"1256",0.138333333333333
"1257",0.138333333333333
"1258",0.138333333333333
"1259",0.138333333333333
"1260",0.14
"1261",0.138333333333333
"1262",0.138333333333333
"1263",0.138333333333333
"1264",0.138333333333333
"1265",0.138333333333333
"1266",0.138333333333333
"1267",0.14
"1268",0.138333333333333
"1269",0.138333333333333
"1270",0.136666666666667
"1271",0.136666666666667
"1272",0.14
"1273",0.138333333333333
"1274",0.138333333333333
"1275",0.138333333333333
"1276",0.138333333333333
"1277",0.136666666666667
"1278",0.138333333333333
"1279",0.138333333333333
"1280",0.14
"1281",0.138333333333333
"1282",0.138333333333333
"1283",0.138333333333333
"1284",0.138333333333333
"1285",0.14
"1286",0.14
"1287",0.138333333333333
"1288",0.138333333333333
"1289",0.138333333333333
"1290",0.138333333333333
"1291",0.138333333333333
"1292",0.138333333333333
"1293",0.138333333333333
"1294",0.138333333333333
"1295",0.138333333333333
"1296",0.138333333333333
"1297",0.14
"1298",0.138333333333333
"1299",0.138333333333333
"1300",0.138333333333333
"1301",0.138333333333333
"1302",0.141666666666667
"1303",0.14
"1304",0.141666666666667
"1305",0.141666666666667
"1306",0.14
"1307",0.14
"1308",0.14
"1309",0.14
"1310",0.141666666666667
"1311",0.14
"1312",0.14
"1313",0.14
"1314",0.14
"1315",0.14
"1316",0.14
"1317",0.141666666666667
"1318",0.14
"1319",0.14
"1320",0.138333333333333
"1321",0.138333333333333
"1322",0.141666666666667
"1323",0.14
"1324",0.14
"1325",0.14
"1326",0.14
"1327",0.138333333333333
"1328",0.14
"1329",0.14
"1330",0.141666666666667
"1331",0.14
"1332",0.14
"1333",0.14
"1334",0.14
"1335",0.141666666666667
"1336",0.141666666666667
"1337",0.14
"1338",0.14
"1339",0.14
"1340",0.14
"1341",0.14
"1342",0.14
"1343",0.14
"1344",0.14
"1345",0.14
"1346",0.14
"1347",0.141666666666667
"1348",0.14
"1349",0.14
"1350",0.14
"1351",0.136666666666667
"1352",0.14
"1353",0.138333333333333
"1354",0.14
"1355",0.14
"1356",0.138333333333333
"1357",0.138333333333333
"1358",0.138333333333333
"1359",0.138333333333333
"1360",0.14
"1361",0.138333333333333
"1362",0.138333333333333
"1363",0.138333333333333
"1364",0.138333333333333
"1365",0.138333333333333
"1366",0.138333333333333
"1367",0.14
"1368",0.138333333333333
"1369",0.138333333333333
"1370",0.136666666666667
"1371",0.136666666666667
"1372",0.14
"1373",0.138333333333333
"1374",0.138333333333333
"1375",0.138333333333333
"1376",0.138333333333333
"1377",0.136666666666667
"1378",0.138333333333333
"1379",0.138333333333333
"1380",0.14
"1381",0.138333333333333
"1382",0.138333333333333
"1383",0.138333333333333
"1384",0.138333333333333
"1385",0.14
"1386",0.14
"1387",0.138333333333333
"1388",0.138333333333333
"1389",0.138333333333333
"1390",0.138333333333333
"1391",0.138333333333333
"1392",0.138333333333333
"1393",0.138333333333333
"1394",0.138333333333333
"1395",0.138333333333333
"1396",0.138333333333333
"1397",0.14
"1398",0.138333333333333
"1399",0.138333333333333
"1400",0.138333333333333
"1401",0.138333333333333
"1402",0.141666666666667
"1403",0.14
"1404",0.141666666666667
"1405",0.141666666666667
"1406",0.14
"1407",0.14
"1408",0.14
"1409",0.14
"1410",0.141666666666667
"1411",0.14
"1412",0.14
"1413",0.14
"1414",0.14
"1415",0.14
"1416",0.14
"1417",0.141666666666667
"1418",0.14
"1419",0.14
"1420",0.138333333333333
"1421",0.138333333333333
"1422",0.141666666666667
"1423",0.14
"1424",0.14
"1425",0.14
"1426",0.14
"1427",0.138333333333333
"1428",0.14
"1429",0.14
"1430",0.141666666666667
"1431",0.14
"1432",0.14
"1433",0.14
"1434",0.14
"1435",0.141666666666667
"1436",0.141666666666667
"1437",0.14
"1438",0.14
"1439",0.14
"1440",0.14
"1441",0.14
"1442",0.14
"1443",0.14
"1444",0.14
"1445",0.14
"1446",0.14
"1447",0.141666666666667
"1448",0.14
"1449",0.14
"1450",0.14
"1451",0.136666666666667
"1452",0.14
"1453",0.138333333333333
"1454",0.14
"1455",0.14
"1456",0.138333333333333
"1457",0.138333333333333
"1458",0.138333333333333
"1459",0.138333333333333
"1460",0.14
"1461",0.138333333333333
"1462",0.138333333333333
"1463",0.138333333333333
"1464",0.138333333333333
"1465",0.138333333333333
"1466",0.138333333333333
"1467",0.14
"1468",0.138333333333333
"1469",0.138333333333333
"1470",0.136666666666667
"1471",0.136666666666667
"1472",0.14
"1473",0.138333333333333
"1474",0.138333333333333
"1475",0.138333333333333
"1476",0.138333333333333
"1477",0.136666666666667
"1478",0.138333333333333
"1479",0.138333333333333
"1480",0.14
"1481",0.138333333333333
"1482",0.138333333333333
"1483",0.138333333333333
"1484",0.138333333333333
"1485",0.14
"1486",0.14
"1487",0.138333333333333
"1488",0.138333333333333
"1489",0.138333333333333
"1490",0.138333333333333
"1491",0.138333333333333
"1492",0.138333333333333
"1493",0.138333333333333
"1494",0.138333333333333
"1495",0.138333333333333
"1496",0.138333333333333
"1497",0.14
"1498",0.138333333333333
"1499",0.138333333333333
"1500",0.138333333333333
"1501",0.136666666666667
"1502",0.14
"1503",0.138333333333333
"1504",0.14
"1505",0.14
"1506",0.138333333333333
"1507",0.138333333333333
"1508",0.138333333333333
"1509",0.138333333333333
"1510",0.14
"1511",0.138333333333333
"1512",0.138333333333333
"1513",0.138333333333333
"1514",0.138333333333333
"1515",0.138333333333333
"1516",0.138333333333333
"1517",0.14
"1518",0.138333333333333
"1519",0.138333333333333
"1520",0.136666666666667
"1521",0.136666666666667
"1522",0.14
"1523",0.138333333333333
"1524",0.138333333333333
"1525",0.138333333333333
"1526",0.138333333333333
"1527",0.136666666666667
"1528",0.138333333333333
"1529",0.138333333333333
"1530",0.14
"1531",0.138333333333333
"1532",0.138333333333333
"1533",0.138333333333333
"1534",0.138333333333333
"1535",0.14
"1536",0.14
"1537",0.138333333333333
"1538",0.138333333333333
"1539",0.138333333333333
"1540",0.138333333333333
"1541",0.138333333333333
"1542",0.138333333333333
"1543",0.138333333333333
"1544",0.138333333333333
"1545",0.138333333333333
"1546",0.138333333333333
"1547",0.14
"1548",0.138333333333333
"1549",0.138333333333333
"1550",0.138333333333333
"1551",0.136666666666667
"1552",0.14
"1553",0.138333333333333
"1554",0.14
"1555",0.14
"1556",0.138333333333333
"1557",0.138333333333333
"1558",0.138333333333333
"1559",0.138333333333333
"1560",0.14
"1561",0.138333333333333
"1562",0.138333333333333
"1563",0.138333333333333
"1564",0.138333333333333
"1565",0.138333333333333
"1566",0.138333333333333
"1567",0.14
"1568",0.138333333333333
"1569",0.138333333333333
"1570",0.136666666666667
"1571",0.136666666666667
"1572",0.14
"1573",0.138333333333333
"1574",0.138333333333333
"1575",0.138333333333333
"1576",0.138333333333333
"1577",0.136666666666667
"1578",0.138333333333333
"1579",0.138333333333333
"1580",0.14
"1581",0.138333333333333
"1582",0.138333333333333
"1583",0.138333333333333
"1584",0.138333333333333
"1585",0.14
"1586",0.14
"1587",0.138333333333333
"1588",0.138333333333333
"1589",0.138333333333333
"1590",0.138333333333333
"1591",0.138333333333333
"1592",0.138333333333333
"1593",0.138333333333333
"1594",0.138333333333333
"1595",0.138333333333333
"1596",0.138333333333333
"1597",0.14
"1598",0.138333333333333
"1599",0.138333333333333
"1600",0.138333333333333
"1601",0.136666666666667
"1602",0.14
"1603",0.138333333333333
"1604",0.14
"1605",0.14
"1606",0.138333333333333
"1607",0.138333333333333
"1608",0.138333333333333
"1609",0.138333333333333
"1610",0.14
"1611",0.138333333333333
"1612",0.138333333333333
"1613",0.138333333333333
"1614",0.138333333333333
"1615",0.138333333333333
"1616",0.138333333333333
"1617",0.14
"1618",0.138333333333333
"1619",0.138333333333333
"1620",0.136666666666667
"1621",0.136666666666667
"1622",0.14
"1623",0.138333333333333
"1624",0.138333333333333
"1625",0.138333333333333
"1626",0.138333333333333
"1627",0.136666666666667
"1628",0.138333333333333
"1629",0.138333333333333
"1630",0.14
"1631",0.138333333333333
"1632",0.138333333333333
"1633",0.138333333333333
"1634",0.138333333333333
"1635",0.14
"1636",0.14
"1637",0.138333333333333
"1638",0.138333333333333
"1639",0.138333333333333
"1640",0.138333333333333
"1641",0.138333333333333
"1642",0.138333333333333
"1643",0.138333333333333
"1644",0.138333333333333
"1645",0.138333333333333
"1646",0.138333333333333
"1647",0.14
"1648",0.138333333333333
"1649",0.138333333333333
"1650",0.138333333333333
"1651",0.136666666666667
"1652",0.14
"1653",0.138333333333333
"1654",0.14
"1655",0.14
"1656",0.138333333333333
"1657",0.138333333333333
"1658",0.138333333333333
"1659",0.138333333333333
"1660",0.14
"1661",0.138333333333333
"1662",0.138333333333333
"1663",0.138333333333333
"1664",0.138333333333333
"1665",0.138333333333333
"1666",0.138333333333333
"1667",0.14
"1668",0.138333333333333
"1669",0.138333333333333
"1670",0.136666666666667
"1671",0.136666666666667
"1672",0.14
"1673",0.138333333333333
"1674",0.138333333333333
"1675",0.138333333333333
"1676",0.138333333333333
"1677",0.136666666666667
"1678",0.138333333333333
"1679",0.138333333333333
"1680",0.14
"1681",0.138333333333333
"1682",0.138333333333333
"1683",0.138333333333333
"1684",0.138333333333333
"1685",0.14
"1686",0.14
"1687",0.138333333333333
"1688",0.138333333333333
"1689",0.138333333333333
"1690",0.138333333333333
"1691",0.138333333333333
"1692",0.138333333333333
"1693",0.138333333333333
"1694",0.138333333333333
"1695",0.138333333333333
"1696",0.138333333333333
"1697",0.14
"1698",0.138333333333333
"1699",0.138333333333333
"1700",0.138333333333333
"1701",0.136666666666667
"1702",0.14
"1703",0.138333333333333
"1704",0.14
"1705",0.14
"1706",0.138333333333333
"1707",0.138333333333333
"1708",0.138333333333333
"1709",0.138333333333333
"1710",0.14
"1711",0.138333333333333
"1712",0.138333333333333
"1713",0.138333333333333
"1714",0.138333333333333
"1715",0.138333333333333
"1716",0.138333333333333
"1717",0.14
"1718",0.138333333333333
"1719",0.138333333333333
"1720",0.136666666666667
"1721",0.136666666666667
"1722",0.14
"1723",0.138333333333333
"1724",0.138333333333333
"1725",0.138333333333333
"1726",0.138333333333333
"1727",0.136666666666667
"1728",0.138333333333333
"1729",0.138333333333333
"1730",0.14
"1731",0.138333333333333
"1732",0.138333333333333
"1733",0.138333333333333
"1734",0.138333333333333
"1735",0.14
"1736",0.14
"1737",0.138333333333333
"1738",0.138333333333333
"1739",0.138333333333333
"1740",0.138333333333333
"1741",0.138333333333333
"1742",0.138333333333333
"1743",0.138333333333333
"1744",0.138333333333333
"1745",0.138333333333333
"1746",0.138333333333333
"1747",0.14
"1748",0.138333333333333
"1749",0.138333333333333
"1750",0.138333333333333
"1751",0.136666666666667
"1752",0.14
"1753",0.138333333333333
"1754",0.14
"1755",0.14
"1756",0.138333333333333
"1757",0.138333333333333
"1758",0.138333333333333
"1759",0.138333333333333
"1760",0.14
"1761",0.138333333333333
"1762",0.138333333333333
"1763",0.138333333333333
"1764",0.138333333333333
"1765",0.138333333333333
"1766",0.138333333333333
"1767",0.14
"1768",0.138333333333333
"1769",0.138333333333333
"1770",0.136666666666667
"1771",0.136666666666667
"1772",0.14
"1773",0.138333333333333
"1774",0.138333333333333
"1775",0.138333333333333
"1776",0.138333333333333
"1777",0.136666666666667
"1778",0.138333333333333
"1779",0.138333333333333
"1780",0.14
"1781",0.138333333333333
"1782",0.138333333333333
"1783",0.138333333333333
"1784",0.138333333333333
"1785",0.14
"1786",0.14
"1787",0.138333333333333
"1788",0.138333333333333
"1789",0.138333333333333
"1790",0.138333333333333
"1791",0.138333333333333
"1792",0.138333333333333
"1793",0.138333333333333
"1794",0.138333333333333
"1795",0.138333333333333
"1796",0.138333333333333
"1797",0.14
"1798",0.138333333333333
"1799",0.138333333333333
"1800",0.138333333333333
"1801",0.136666666666667
"1802",0.14
"1803",0.138333333333333
"1804",0.14
"1805",0.14
"1806",0.138333333333333
"1807",0.138333333333333
"1808",0.138333333333333
"1809",0.138333333333333
"1810",0.14
"1811",0.138333333333333
"1812",0.138333333333333
"1813",0.138333333333333
"1814",0.138333333333333
"1815",0.138333333333333
"1816",0.138333333333333
"1817",0.14
"1818",0.138333333333333
"1819",0.138333333333333
"1820",0.136666666666667
"1821",0.136666666666667
"1822",0.14
"1823",0.138333333333333
"1824",0.138333333333333
"1825",0.138333333333333
"1826",0.138333333333333
"1827",0.136666666666667
"1828",0.138333333333333
"1829",0.138333333333333
"1830",0.14
"1831",0.138333333333333
"1832",0.138333333333333
"1833",0.138333333333333
"1834",0.138333333333333
"1835",0.14
"1836",0.14
"1837",0.138333333333333
"1838",0.138333333333333
"1839",0.138333333333333
"1840",0.138333333333333
"1841",0.138333333333333
"1842",0.138333333333333
"1843",0.138333333333333
"1844",0.138333333333333
"1845",0.138333333333333
"1846",0.138333333333333
"1847",0.14
"1848",0.138333333333333
"1849",0.138333333333333
"1850",0.138333333333333
"1851",0.136666666666667
"1852",0.14
"1853",0.138333333333333
"1854",0.14
"1855",0.14
"1856",0.138333333333333
"1857",0.138333333333333
"1858",0.138333333333333
"1859",0.138333333333333
"1860",0.14
"1861",0.138333333333333
"1862",0.138333333333333
"1863",0.138333333333333
"1864",0.138333333333333
"1865",0.138333333333333
"1866",0.138333333333333
"1867",0.14
"1868",0.138333333333333
"1869",0.138333333333333
"1870",0.136666666666667
"1871",0.136666666666667
"1872",0.14
"1873",0.138333333333333
"1874",0.138333333333333
"1875",0.138333333333333
"1876",0.138333333333333
"1877",0.136666666666667
"1878",0.138333333333333
"1879",0.138333333333333
"1880",0.14
"1881",0.138333333333333
"1882",0.138333333333333
"1883",0.138333333333333
"1884",0.138333333333333
"1885",0.14
"1886",0.14
"1887",0.138333333333333
"1888",0.138333333333333
"1889",0.138333333333333
"1890",0.138333333333333
"1891",0.138333333333333
"1892",0.138333333333333
"1893",0.138333333333333
"1894",0.138333333333333
"1895",0.138333333333333
"1896",0.138333333333333
"1897",0.14
"1898",0.138333333333333
"1899",0.138333333333333
"1900",0.138333333333333
"1901",0.136666666666667
"1902",0.14
"1903",0.138333333333333
"1904",0.14
"1905",0.14
"1906",0.138333333333333
"1907",0.138333333333333
"1908",0.138333333333333
"1909",0.138333333333333
"1910",0.14
"1911",0.138333333333333
"1912",0.138333333333333
"1913",0.138333333333333
"1914",0.138333333333333
"1915",0.138333333333333
"1916",0.138333333333333
"1917",0.14
"1918",0.138333333333333
"1919",0.138333333333333
"1920",0.136666666666667
"1921",0.136666666666667
"1922",0.14
"1923",0.138333333333333
"1924",0.138333333333333
"1925",0.138333333333333
"1926",0.138333333333333
"1927",0.136666666666667
"1928",0.138333333333333
"1929",0.138333333333333
"1930",0.14
"1931",0.138333333333333
"1932",0.138333333333333
"1933",0.138333333333333
"1934",0.138333333333333
"1935",0.14
"1936",0.14
"1937",0.138333333333333
"1938",0.138333333333333
"1939",0.138333333333333
"1940",0.138333333333333
"1941",0.138333333333333
"1942",0.138333333333333
"1943",0.138333333333333
"1944",0.138333333333333
"1945",0.138333333333333
"1946",0.138333333333333
"1947",0.14
"1948",0.138333333333333
"1949",0.138333333333333
"1950",0.138333333333333
"1951",0.136666666666667
"1952",0.14
"1953",0.138333333333333
"1954",0.14
"1955",0.14
"1956",0.138333333333333
"1957",0.138333333333333
"1958",0.138333333333333
"1959",0.138333333333333
"1960",0.14
"1961",0.138333333333333
"1962",0.138333333333333
"1963",0.138333333333333
"1964",0.138333333333333
"1965",0.138333333333333
"1966",0.138333333333333
"1967",0.14
"1968",0.138333333333333
"1969",0.138333333333333
"1970",0.136666666666667
"1971",0.136666666666667
"1972",0.14
"1973",0.138333333333333
"1974",0.138333333333333
"1975",0.138333333333333
"1976",0.138333333333333
"1977",0.136666666666667
"1978",0.138333333333333
"1979",0.138333333333333
"1980",0.14
"1981",0.138333333333333
"1982",0.138333333333333
"1983",0.138333333333333
"1984",0.138333333333333
"1985",0.14
"1986",0.14
"1987",0.138333333333333
"1988",0.138333333333333
"1989",0.138333333333333
"1990",0.138333333333333
"1991",0.138333333333333
"1992",0.138333333333333
"1993",0.138333333333333
"1994",0.138333333333333
"1995",0.138333333333333
"1996",0.138333333333333
"1997",0.14
"1998",0.138333333333333
"1999",0.138333333333333
"2000",0.138333333333333
"2001",0.136666666666667
"2002",0.14
"2003",0.138333333333333
"2004",0.14
"2005",0.14
"2006",0.138333333333333
"2007",0.138333333333333
"2008",0.138333333333333
"2009",0.138333333333333
"2010",0.14
"2011",0.138333333333333
"2012",0.138333333333333
"2013",0.138333333333333
"2014",0.138333333333333
"2015",0.138333333333333
"2016",0.138333333333333
"2017",0.14
"2018",0.138333333333333
"2019",0.138333333333333
"2020",0.136666666666667
"2021",0.136666666666667
"2022",0.14
"2023",0.138333333333333
"2024",0.138333333333333
"2025",0.138333333333333
"2026",0.138333333333333
"2027",0.136666666666667
"2028",0.138333333333333
"2029",0.138333333333333
"2030",0.14
"2031",0.138333333333333
"2032",0.138333333333333
"2033",0.138333333333333
"2034",0.138333333333333
"2035",0.14
"2036",0.14
"2037",0.138333333333333
"2038",0.138333333333333
"2039",0.138333333333333
"2040",0.138333333333333
"2041",0.138333333333333
"2042",0.138333333333333
"2043",0.138333333333333
"2044",0.138333333333333
"2045",0.138333333333333
"2046",0.138333333333333
"2047",0.14
"2048",0.138333333333333
"2049",0.138333333333333
"2050",0.138333333333333
"2051",0.136666666666667
"2052",0.14
"2053",0.138333333333333
"2054",0.14
"2055",0.14
"2056",0.138333333333333
"2057",0.138333333333333
"2058",0.138333333333333
"2059",0.138333333333333
"2060",0.14
"2061",0.138333333333333
"2062",0.138333333333333
"2063",0.138333333333333
"2064",0.138333333333333
"2065",0.138333333333333
"2066",0.138333333333333
"2067",0.14
"2068",0.138333333333333
"2069",0.138333333333333
"2070",0.136666666666667
"2071",0.136666666666667
"2072",0.14
"2073",0.138333333333333
"2074",0.138333333333333
"2075",0.138333333333333
"2076",0.138333333333333
"2077",0.136666666666667
"2078",0.138333333333333
"2079",0.138333333333333
"2080",0.14
"2081",0.138333333333333
"2082",0.138333333333333
"2083",0.138333333333333
"2084",0.138333333333333
"2085",0.14
"2086",0.14
"2087",0.138333333333333
"2088",0.138333333333333
"2089",0.138333333333333
"2090",0.138333333333333
"2091",0.138333333333333
"2092",0.138333333333333
"2093",0.138333333333333
"2094",0.138333333333333
"2095",0.138333333333333
"2096",0.138333333333333
"2097",0.14
"2098",0.138333333333333
"2099",0.138333333333333
"2100",0.138333333333333
"2101",0.136666666666667
"2102",0.14
"2103",0.138333333333333
"2104",0.14
"2105",0.14
"2106",0.138333333333333
"2107",0.138333333333333
"2108",0.138333333333333
"2109",0.138333333333333
"2110",0.14
"2111",0.138333333333333
"2112",0.138333333333333
"2113",0.138333333333333
"2114",0.138333333333333
"2115",0.138333333333333
"2116",0.138333333333333
"2117",0.14
"2118",0.138333333333333
"2119",0.138333333333333
"2120",0.136666666666667
"2121",0.136666666666667
"2122",0.14
"2123",0.138333333333333
"2124",0.138333333333333
"2125",0.138333333333333
"2126",0.138333333333333
"2127",0.136666666666667
"2128",0.138333333333333
"2129",0.138333333333333
"2130",0.14
"2131",0.138333333333333
"2132",0.138333333333333
"2133",0.138333333333333
"2134",0.138333333333333
"2135",0.14
"2136",0.14
"2137",0.138333333333333
"2138",0.138333333333333
"2139",0.138333333333333
"2140",0.138333333333333
"2141",0.138333333333333
"2142",0.138333333333333
"2143",0.138333333333333
"2144",0.138333333333333
"2145",0.138333333333333
"2146",0.138333333333333
"2147",0.14
"2148",0.138333333333333
"2149",0.138333333333333
"2150",0.138333333333333
"2151",0.136666666666667
"2152",0.14
"2153",0.138333333333333
"2154",0.14
"2155",0.14
"2156",0.138333333333333
"2157",0.138333333333333
"2158",0.138333333333333
"2159",0.138333333333333
"2160",0.14
"2161",0.138333333333333
"2162",0.138333333333333
"2163",0.138333333333333
"2164",0.138333333333333
"2165",0.138333333333333
"2166",0.138333333333333
"2167",0.14
"2168",0.138333333333333
"2169",0.138333333333333
"2170",0.136666666666667
"2171",0.136666666666667
"2172",0.14
"2173",0.138333333333333
"2174",0.138333333333333
"2175",0.138333333333333
"2176",0.138333333333333
"2177",0.136666666666667
"2178",0.138333333333333
"2179",0.138333333333333
"2180",0.14
"2181",0.138333333333333
"2182",0.138333333333333
"2183",0.138333333333333
"2184",0.138333333333333
"2185",0.14
"2186",0.14
"2187",0.138333333333333
"2188",0.138333333333333
"2189",0.138333333333333
"2190",0.138333333333333
"2191",0.138333333333333
"2192",0.138333333333333
"2193",0.138333333333333
"2194",0.138333333333333
"2195",0.138333333333333
"2196",0.138333333333333
"2197",0.14
"2198",0.138333333333333
"2199",0.138333333333333
"2200",0.138333333333333
"2201",0.136666666666667
"2202",0.14
"2203",0.138333333333333
"2204",0.14
"2205",0.14
"2206",0.138333333333333
"2207",0.138333333333333
"2208",0.138333333333333
"2209",0.138333333333333
"2210",0.14
"2211",0.138333333333333
"2212",0.138333333333333
"2213",0.138333333333333
"2214",0.138333333333333
"2215",0.138333333333333
"2216",0.138333333333333
"2217",0.14
"2218",0.138333333333333
"2219",0.138333333333333
"2220",0.136666666666667
"2221",0.136666666666667
"2222",0.14
"2223",0.138333333333333
"2224",0.138333333333333
"2225",0.138333333333333
"2226",0.138333333333333
"2227",0.136666666666667
"2228",0.138333333333333
"2229",0.138333333333333
"2230",0.14
"2231",0.138333333333333
"2232",0.138333333333333
"2233",0.138333333333333
"2234",0.138333333333333
"2235",0.14
"2236",0.14
"2237",0.138333333333333
"2238",0.138333333333333
"2239",0.138333333333333
"2240",0.138333333333333
"2241",0.138333333333333
"2242",0.138333333333333
"2243",0.138333333333333
"2244",0.138333333333333
"2245",0.138333333333333
"2246",0.138333333333333
"2247",0.14
"2248",0.138333333333333
"2249",0.138333333333333
"2250",0.138333333333333
"2251",0.136666666666667
"2252",0.14
"2253",0.138333333333333
"2254",0.14
"2255",0.14
"2256",0.138333333333333
"2257",0.138333333333333
"2258",0.138333333333333
"2259",0.138333333333333
"2260",0.14
"2261",0.138333333333333
"2262",0.138333333333333
"2263",0.138333333333333
"2264",0.138333333333333
"2265",0.138333333333333
"2266",0.138333333333333
"2267",0.14
"2268",0.138333333333333
"2269",0.138333333333333
"2270",0.136666666666667
"2271",0.136666666666667
"2272",0.14
"2273",0.138333333333333
"2274",0.138333333333333
"2275",0.138333333333333
"2276",0.138333333333333
"2277",0.136666666666667
"2278",0.138333333333333
"2279",0.138333333333333
"2280",0.14
"2281",0.138333333333333
"2282",0.138333333333333
"2283",0.138333333333333
"2284",0.138333333333333
"2285",0.14
"2286",0.14
"2287",0.138333333333333
"2288",0.138333333333333
"2289",0.138333333333333
"2290",0.138333333333333
"2291",0.138333333333333
"2292",0.138333333333333
"2293",0.138333333333333
"2294",0.138333333333333
"2295",0.138333333333333
"2296",0.138333333333333
"2297",0.14
"2298",0.138333333333333
"2299",0.138333333333333
"2300",0.138333333333333
"2301",0.136666666666667
"2302",0.14
"2303",0.138333333333333
"2304",0.14
"2305",0.14
"2306",0.138333333333333
"2307",0.138333333333333
"2308",0.138333333333333
"2309",0.138333333333333
"2310",0.14
"2311",0.138333333333333
"2312",0.138333333333333
"2313",0.138333333333333
"2314",0.138333333333333
"2315",0.138333333333333
"2316",0.138333333333333
"2317",0.14
"2318",0.138333333333333
"2319",0.138333333333333
"2320",0.136666666666667
"2321",0.136666666666667
"2322",0.14
"2323",0.138333333333333
"2324",0.138333333333333
"2325",0.138333333333333
"2326",0.138333333333333
"2327",0.136666666666667
"2328",0.138333333333333
"2329",0.138333333333333
"2330",0.14
"2331",0.138333333333333
"2332",0.138333333333333
"2333",0.138333333333333
"2334",0.138333333333333
"2335",0.14
"2336",0.14
"2337",0.138333333333333
"2338",0.138333333333333
"2339",0.138333333333333
"2340",0.138333333333333
"2341",0.138333333333333
"2342",0.138333333333333
"2343",0.138333333333333
"2344",0.138333333333333
"2345",0.138333333333333
"2346",0.138333333333333
"2347",0.14
"2348",0.138333333333333
"2349",0.138333333333333
"2350",0.138333333333333
"2351",0.136666666666667
"2352",0.14
"2353",0.138333333333333
"2354",0.14
"2355",0.14
"2356",0.138333333333333
"2357",0.138333333333333
"2358",0.138333333333333
"2359",0.138333333333333
"2360",0.14
"2361",0.138333333333333
"2362",0.138333333333333
"2363",0.138333333333333
"2364",0.138333333333333
"2365",0.138333333333333
"2366",0.138333333333333
"2367",0.14
"2368",0.138333333333333
"2369",0.138333333333333
"2370",0.136666666666667
"2371",0.136666666666667
"2372",0.14
"2373",0.138333333333333
"2374",0.138333333333333
"2375",0.138333333333333
"2376",0.138333333333333
"2377",0.136666666666667
"2378",0.138333333333333
"2379",0.138333333333333
"2380",0.14
"2381",0.138333333333333
"2382",0.138333333333333
"2383",0.138333333333333
"2384",0.138333333333333
"2385",0.14
"2386",0.14
"2387",0.138333333333333
"2388",0.138333333333333
"2389",0.138333333333333
"2390",0.138333333333333
"2391",0.138333333333333
"2392",0.138333333333333
"2393",0.138333333333333
"2394",0.138333333333333
"2395",0.138333333333333
"2396",0.138333333333333
"2397",0.14
"2398",0.138333333333333
"2399",0.138333333333333
"2400",0.138333333333333
"2401",0.136666666666667
"2402",0.14
"2403",0.138333333333333
"2404",0.14
"2405",0.14
"2406",0.138333333333333
"2407",0.138333333333333
"2408",0.138333333333333
"2409",0.138333333333333
"2410",0.14
"2411",0.138333333333333
"2412",0.138333333333333
"2413",0.138333333333333
"2414",0.138333333333333
"2415",0.138333333333333
"2416",0.138333333333333
"2417",0.14
"2418",0.138333333333333
"2419",0.138333333333333
"2420",0.136666666666667
"2421",0.136666666666667
"2422",0.14
"2423",0.138333333333333
"2424",0.138333333333333
"2425",0.138333333333333
"2426",0.138333333333333
"2427",0.136666666666667
"2428",0.138333333333333
"2429",0.138333333333333
"2430",0.14
"2431",0.138333333333333
"2432",0.138333333333333
"2433",0.138333333333333
"2434",0.138333333333333
"2435",0.14
"2436",0.14
"2437",0.138333333333333
"2438",0.138333333333333
"2439",0.138333333333333
"2440",0.138333333333333
"2441",0.138333333333333
"2442",0.138333333333333
"2443",0.138333333333333
"2444",0.138333333333333
"2445",0.138333333333333
"2446",0.138333333333333
"2447",0.14
"2448",0.138333333333333
"2449",0.138333333333333
"2450",0.138333333333333
"2451",0.11
"2452",0.111666666666667
"2453",0.11
"2454",0.111666666666667
"2455",0.111666666666667
"2456",0.111666666666667
"2457",0.11
"2458",0.11
"2459",0.11
"2460",0.111666666666667
"2461",0.11
"2462",0.11
"2463",0.11
"2464",0.11
"2465",0.11
"2466",0.11
"2467",0.111666666666667
"2468",0.11
"2469",0.11
"2470",0.108333333333333
"2471",0.11
"2472",0.11
"2473",0.11
"2474",0.11
"2475",0.11
"2476",0.111666666666667
"2477",0.111666666666667
"2478",0.11
"2479",0.11
"2480",0.111666666666667
"2481",0.11
"2482",0.11
"2483",0.11
"2484",0.11
"2485",0.111666666666667
"2486",0.111666666666667
"2487",0.11
"2488",0.11
"2489",0.11
"2490",0.11
"2491",0.11
"2492",0.11
"2493",0.11
"2494",0.111666666666667
"2495",0.111666666666667
"2496",0.11
"2497",0.111666666666667
"2498",0.11
"2499",0.11
"2500",0.11
"2501",0.111666666666667
"2502",0.113333333333333
"2503",0.111666666666667
"2504",0.11
"2505",0.113333333333333
"2506",0.113333333333333
"2507",0.111666666666667
"2508",0.111666666666667
"2509",0.111666666666667
"2510",0.11
"2511",0.111666666666667
"2512",0.111666666666667
"2513",0.111666666666667
"2514",0.111666666666667
"2515",0.111666666666667
"2516",0.111666666666667
"2517",0.11
"2518",0.111666666666667
"2519",0.111666666666667
"2520",0.11
"2521",0.111666666666667
"2522",0.111666666666667
"2523",0.111666666666667
"2524",0.111666666666667
"2525",0.111666666666667
"2526",0.113333333333333
"2527",0.113333333333333
"2528",0.111666666666667
"2529",0.111666666666667
"2530",0.113333333333333
"2531",0.111666666666667
"2532",0.111666666666667
"2533",0.111666666666667
"2534",0.111666666666667
"2535",0.11
"2536",0.113333333333333
"2537",0.111666666666667
"2538",0.111666666666667
"2539",0.111666666666667
"2540",0.111666666666667
"2541",0.111666666666667
"2542",0.111666666666667
"2543",0.111666666666667
"2544",0.113333333333333
"2545",0.113333333333333
"2546",0.111666666666667
"2547",0.113333333333333
"2548",0.111666666666667
"2549",0.111666666666667
"2550",0.111666666666667
"2551",0.11
"2552",0.111666666666667
"2553",0.11
"2554",0.108333333333333
"2555",0.111666666666667
"2556",0.111666666666667
"2557",0.11
"2558",0.11
"2559",0.11
"2560",0.108333333333333
"2561",0.11
"2562",0.11
"2563",0.11
"2564",0.11
"2565",0.11
"2566",0.11
"2567",0.108333333333333
"2568",0.11
"2569",0.11
"2570",0.108333333333333
"2571",0.11
"2572",0.11
"2573",0.11
"2574",0.11
"2575",0.11
"2576",0.111666666666667
"2577",0.111666666666667
"2578",0.11
"2579",0.11
"2580",0.111666666666667
"2581",0.11
"2582",0.11
"2583",0.11
"2584",0.11
"2585",0.108333333333333
"2586",0.111666666666667
"2587",0.11
"2588",0.11
"2589",0.11
"2590",0.11
"2591",0.11
"2592",0.11
"2593",0.11
"2594",0.111666666666667
"2595",0.111666666666667
"2596",0.11
"2597",0.111666666666667
"2598",0.11
"2599",0.11
"2600",0.11
"2601",0.11
"2602",0.111666666666667
"2603",0.11
"2604",0.108333333333333
"2605",0.111666666666667
"2606",0.111666666666667
"2607",0.11
"2608",0.11
"2609",0.11
"2610",0.108333333333333
"2611",0.11
"2612",0.11
"2613",0.11
"2614",0.11
"2615",0.11
"2616",0.11
"2617",0.108333333333333
"2618",0.11
"2619",0.11
"2620",0.108333333333333
"2621",0.11
"2622",0.11
"2623",0.11
"2624",0.11
"2625",0.11
"2626",0.111666666666667
"2627",0.111666666666667
"2628",0.11
"2629",0.11
"2630",0.111666666666667
"2631",0.11
"2632",0.11
"2633",0.11
"2634",0.11
"2635",0.108333333333333
"2636",0.111666666666667
"2637",0.11
"2638",0.11
"2639",0.11
"2640",0.11
"2641",0.11
"2642",0.11
"2643",0.11
"2644",0.111666666666667
"2645",0.111666666666667
"2646",0.11
"2647",0.111666666666667
"2648",0.11
"2649",0.11
"2650",0.11
"2651",0.0983333333333333
"2652",0.1
"2653",0.0983333333333333
"2654",0.0983333333333333
"2655",0.1
"2656",0.0983333333333333
"2657",0.0983333333333333
"2658",0.0983333333333333
"2659",0.0983333333333333
"2660",0.0983333333333333
"2661",0.0983333333333333
"2662",0.0983333333333333
"2663",0.0983333333333333
"2664",0.0983333333333333
"2665",0.0983333333333333
"2666",0.0983333333333333
"2667",0.0983333333333333
"2668",0.0983333333333333
"2669",0.0983333333333333
"2670",0.0966666666666667
"2671",0.0983333333333333
"2672",0.1
"2673",0.0983333333333333
"2674",0.0983333333333333
"2675",0.0983333333333333
"2676",0.0983333333333333
"2677",0.1
"2678",0.0983333333333333
"2679",0.0983333333333333
"2680",0.0983333333333333
"2681",0.0983333333333333
"2682",0.0983333333333333
"2683",0.0983333333333333
"2684",0.0983333333333333
"2685",0.0983333333333333
"2686",0.0983333333333333
"2687",0.0983333333333333
"2688",0.0983333333333333
"2689",0.0983333333333333
"2690",0.0983333333333333
"2691",0.0983333333333333
"2692",0.0983333333333333
"2693",0.0983333333333333
"2694",0.1
"2695",0.1
"2696",0.0983333333333333
"2697",0.0983333333333333
"2698",0.0983333333333333
"2699",0.0983333333333333
"2700",0.0983333333333333
"2701",0.0983333333333333
"2702",0.1
"2703",0.0983333333333333
"2704",0.0983333333333333
"2705",0.1
"2706",0.0983333333333333
"2707",0.0983333333333333
"2708",0.0983333333333333
"2709",0.0983333333333333
"2710",0.0983333333333333
"2711",0.0983333333333333
"2712",0.0983333333333333
"2713",0.0983333333333333
"2714",0.0983333333333333
"2715",0.0983333333333333
"2716",0.0983333333333333
"2717",0.0983333333333333
"2718",0.0983333333333333
"2719",0.0983333333333333
"2720",0.0966666666666667
"2721",0.0983333333333333
"2722",0.1
"2723",0.0983333333333333
"2724",0.0983333333333333
"2725",0.0983333333333333
"2726",0.0983333333333333
"2727",0.1
"2728",0.0983333333333333
"2729",0.0983333333333333
"2730",0.0983333333333333
"2731",0.0983333333333333
"2732",0.0983333333333333
"2733",0.0983333333333333
"2734",0.0983333333333333
"2735",0.0983333333333333
"2736",0.0983333333333333
"2737",0.0983333333333333
"2738",0.0983333333333333
"2739",0.0983333333333333
"2740",0.0983333333333333
"2741",0.0983333333333333
"2742",0.0983333333333333
"2743",0.0983333333333333
"2744",0.1
"2745",0.1
"2746",0.0983333333333333
"2747",0.0983333333333333
"2748",0.0983333333333333
"2749",0.0983333333333333
"2750",0.0983333333333333
"2751",0.1
"2752",0.101666666666667
"2753",0.1
"2754",0.1
"2755",0.101666666666667
"2756",0.1
"2757",0.1
"2758",0.1
"2759",0.1
"2760",0.1
"2761",0.1
"2762",0.1
"2763",0.1
"2764",0.1
"2765",0.1
"2766",0.1
"2767",0.1
"2768",0.1
"2769",0.1
"2770",0.0983333333333333
"2771",0.1
"2772",0.101666666666667
"2773",0.1
"2774",0.1
"2775",0.1
"2776",0.1
"2777",0.101666666666667
"2778",0.1
"2779",0.1
"2780",0.1
"2781",0.1
"2782",0.1
"2783",0.1
"2784",0.1
"2785",0.1
"2786",0.1
"2787",0.1
"2788",0.1
"2789",0.1
"2790",0.1
"2791",0.1
"2792",0.1
"2793",0.1
"2794",0.101666666666667
"2795",0.101666666666667
"2796",0.1
"2797",0.1
"2798",0.1
"2799",0.1
"2800",0.1
"2801",0.0983333333333333
"2802",0.1
"2803",0.0983333333333333
"2804",0.0983333333333333
"2805",0.1
"2806",0.0983333333333333
"2807",0.0983333333333333
"2808",0.0983333333333333
"2809",0.0983333333333333
"2810",0.0983333333333333
"2811",0.0983333333333333
"2812",0.0983333333333333
"2813",0.0983333333333333
"2814",0.0983333333333333
"2815",0.0983333333333333
"2816",0.0983333333333333
"2817",0.0983333333333333
"2818",0.0983333333333333
"2819",0.0983333333333333
"2820",0.0966666666666667
"2821",0.0983333333333333
"2822",0.1
"2823",0.0983333333333333
"2824",0.0983333333333333
"2825",0.0983333333333333
"2826",0.0983333333333333
"2827",0.1
"2828",0.0983333333333333
"2829",0.0983333333333333
"2830",0.0983333333333333
"2831",0.0983333333333333
"2832",0.0983333333333333
"2833",0.0983333333333333
"2834",0.0983333333333333
"2835",0.0983333333333333
"2836",0.0983333333333333
"2837",0.0983333333333333
"2838",0.0983333333333333
"2839",0.0983333333333333
"2840",0.0983333333333333
"2841",0.0983333333333333
"2842",0.0983333333333333
"2843",0.0983333333333333
"2844",0.1
"2845",0.1
"2846",0.0983333333333333
"2847",0.0983333333333333
"2848",0.0983333333333333
"2849",0.0983333333333333
"2850",0.0983333333333333
"2851",0.0983333333333333
"2852",0.1
"2853",0.0983333333333333
"2854",0.0983333333333333
"2855",0.1
"2856",0.0983333333333333
"2857",0.0983333333333333
"2858",0.0983333333333333
"2859",0.0983333333333333
"2860",0.0983333333333333
"2861",0.0983333333333333
"2862",0.0983333333333333
"2863",0.0983333333333333
"2864",0.0983333333333333
"2865",0.0983333333333333
"2866",0.0983333333333333
"2867",0.0983333333333333
"2868",0.0983333333333333
"2869",0.0983333333333333
"2870",0.0966666666666667
"2871",0.0983333333333333
"2872",0.1
"2873",0.0983333333333333
"2874",0.0983333333333333
"2875",0.0983333333333333
"2876",0.0983333333333333
"2877",0.1
"2878",0.0983333333333333
"2879",0.0983333333333333
"2880",0.0983333333333333
"2881",0.0983333333333333
"2882",0.0983333333333333
"2883",0.0983333333333333
"2884",0.0983333333333333
"2885",0.0983333333333333
"2886",0.0983333333333333
"2887",0.0983333333333333
"2888",0.0983333333333333
"2889",0.0983333333333333
"2890",0.0983333333333333
"2891",0.0983333333333333
"2892",0.0983333333333333
"2893",0.0983333333333333
"2894",0.1
"2895",0.1
"2896",0.0983333333333333
"2897",0.0983333333333333
"2898",0.0983333333333333
"2899",0.0983333333333333
"2900",0.0983333333333333
"2901",0.0983333333333333
"2902",0.1
"2903",0.0983333333333333
"2904",0.0983333333333333
"2905",0.1
"2906",0.0983333333333333
"2907",0.0983333333333333
"2908",0.0983333333333333
"2909",0.0983333333333333
"2910",0.0983333333333333
"2911",0.0983333333333333
"2912",0.0983333333333333
"2913",0.0983333333333333
"2914",0.0983333333333333
"2915",0.0983333333333333
"2916",0.0983333333333333
"2917",0.0983333333333333
"2918",0.0983333333333333
"2919",0.0983333333333333
"2920",0.0966666666666667
"2921",0.0983333333333333
"2922",0.1
"2923",0.0983333333333333
"2924",0.0983333333333333
"2925",0.0983333333333333
"2926",0.0983333333333333
"2927",0.1
"2928",0.0983333333333333
"2929",0.0983333333333333
"2930",0.0983333333333333
"2931",0.0983333333333333
"2932",0.0983333333333333
"2933",0.0983333333333333
"2934",0.0983333333333333
"2935",0.0983333333333333
"2936",0.0983333333333333
"2937",0.0983333333333333
"2938",0.0983333333333333
"2939",0.0983333333333333
"2940",0.0983333333333333
"2941",0.0983333333333333
"2942",0.0983333333333333
"2943",0.0983333333333333
"2944",0.1
"2945",0.1
"2946",0.0983333333333333
"2947",0.0983333333333333
"2948",0.0983333333333333
"2949",0.0983333333333333
"2950",0.0983333333333333
"2951",0.101666666666667
"2952",0.103333333333333
"2953",0.101666666666667
"2954",0.101666666666667
"2955",0.103333333333333
"2956",0.101666666666667
"2957",0.101666666666667
"2958",0.101666666666667
"2959",0.101666666666667
"2960",0.101666666666667
"2961",0.101666666666667
"2962",0.101666666666667
"2963",0.101666666666667
"2964",0.101666666666667
"2965",0.101666666666667
"2966",0.101666666666667
"2967",0.101666666666667
"2968",0.101666666666667
"2969",0.101666666666667
"2970",0.1
"2971",0.101666666666667
"2972",0.103333333333333
"2973",0.101666666666667
"2974",0.101666666666667
"2975",0.101666666666667
"2976",0.101666666666667
"2977",0.103333333333333
"2978",0.101666666666667
"2979",0.101666666666667
"2980",0.101666666666667
"2981",0.101666666666667
"2982",0.101666666666667
"2983",0.101666666666667
"2984",0.101666666666667
"2985",0.101666666666667
"2986",0.101666666666667
"2987",0.101666666666667
"2988",0.101666666666667
"2989",0.101666666666667
"2990",0.101666666666667
"2991",0.101666666666667
"2992",0.101666666666667
"2993",0.101666666666667
"2994",0.103333333333333
"2995",0.103333333333333
"2996",0.101666666666667
"2997",0.101666666666667
"2998",0.101666666666667
"2999",0.101666666666667
"3000",0.101666666666667
"3001",0.0966666666666667
"3002",0.0983333333333333
"3003",0.0966666666666667
"3004",0.0966666666666667
"3005",0.0983333333333333
"3006",0.0966666666666667
"3007",0.0966666666666667
"3008",0.0966666666666667
"3009",0.0966666666666667
"3010",0.0966666666666667
"3011",0.0966666666666667
"3012",0.0966666666666667
"3013",0.0966666666666667
"3014",0.0966666666666667
"3015",0.0966666666666667
"3016",0.0966666666666667
"3017",0.0966666666666667
"3018",0.0966666666666667
"3019",0.0966666666666667
"3020",0.095
"3021",0.0966666666666667
"3022",0.0983333333333333
"3023",0.0966666666666667
"3024",0.0966666666666667
"3025",0.0966666666666667
"3026",0.0966666666666667
"3027",0.0983333333333333
"3028",0.0966666666666667
"3029",0.0966666666666667
"3030",0.0966666666666667
"3031",0.0966666666666667
"3032",0.0966666666666667
"3033",0.0966666666666667
"3034",0.0966666666666667
"3035",0.0966666666666667
"3036",0.0966666666666667
"3037",0.0966666666666667
"3038",0.0966666666666667
"3039",0.0966666666666667
"3040",0.0966666666666667
"3041",0.0966666666666667
"3042",0.0966666666666667
"3043",0.0966666666666667
"3044",0.0983333333333333
"3045",0.0983333333333333
"3046",0.0966666666666667
"3047",0.0966666666666667
"3048",0.0966666666666667
"3049",0.0966666666666667
"3050",0.0966666666666667
"3051",0.0983333333333333
"3052",0.1
"3053",0.0983333333333333
"3054",0.0983333333333333
"3055",0.1
"3056",0.0983333333333333
"3057",0.0983333333333333
"3058",0.0983333333333333
"3059",0.0983333333333333
"3060",0.0983333333333333
"3061",0.0983333333333333
"3062",0.0983333333333333
"3063",0.0983333333333333
"3064",0.0983333333333333
"3065",0.0983333333333333
"3066",0.0983333333333333
"3067",0.0983333333333333
"3068",0.0983333333333333
"3069",0.0983333333333333
"3070",0.0966666666666667
"3071",0.0983333333333333
"3072",0.1
"3073",0.0983333333333333
"3074",0.0983333333333333
"3075",0.0983333333333333
"3076",0.0983333333333333
"3077",0.1
"3078",0.0983333333333333
"3079",0.0983333333333333
"3080",0.0983333333333333
"3081",0.0983333333333333
"3082",0.0983333333333333
"3083",0.0983333333333333
"3084",0.0983333333333333
"3085",0.0983333333333333
"3086",0.0983333333333333
"3087",0.0983333333333333
"3088",0.0983333333333333
"3089",0.0983333333333333
"3090",0.0983333333333333
"3091",0.0983333333333333
"3092",0.0983333333333333
"3093",0.0983333333333333
"3094",0.1
"3095",0.1
"3096",0.0983333333333333
"3097",0.0983333333333333
"3098",0.0983333333333333
"3099",0.0983333333333333
"3100",0.0983333333333333
"3101",0.0966666666666667
"3102",0.0983333333333333
"3103",0.0966666666666667
"3104",0.0966666666666667
"3105",0.0983333333333333
"3106",0.0966666666666667
"3107",0.0966666666666667
"3108",0.0966666666666667
"3109",0.0966666666666667
"3110",0.0966666666666667
"3111",0.0966666666666667
"3112",0.0966666666666667
"3113",0.0966666666666667
"3114",0.0966666666666667
"3115",0.0966666666666667
"3116",0.0966666666666667
"3117",0.0966666666666667
"3118",0.0966666666666667
"3119",0.0966666666666667
"3120",0.095
"3121",0.0966666666666667
"3122",0.0983333333333333
"3123",0.0966666666666667
"3124",0.0966666666666667
"3125",0.0966666666666667
"3126",0.0966666666666667
"3127",0.0983333333333333
"3128",0.0966666666666667
"3129",0.0966666666666667
"3130",0.0966666666666667
"3131",0.0966666666666667
"3132",0.0966666666666667
"3133",0.0966666666666667
"3134",0.0966666666666667
"3135",0.0966666666666667
"3136",0.0966666666666667
"3137",0.0966666666666667
"3138",0.0966666666666667
"3139",0.0966666666666667
"3140",0.0966666666666667
"3141",0.0966666666666667
"3142",0.0966666666666667
"3143",0.0966666666666667
"3144",0.0983333333333333
"3145",0.0983333333333333
"3146",0.0966666666666667
"3147",0.0966666666666667
"3148",0.0966666666666667
"3149",0.0966666666666667
"3150",0.0966666666666667
"3151",0.0983333333333333
"3152",0.1
"3153",0.0983333333333333
"3154",0.0983333333333333
"3155",0.1
"3156",0.0983333333333333
"3157",0.0983333333333333
"3158",0.0983333333333333
"3159",0.0983333333333333
"3160",0.0983333333333333
"3161",0.0983333333333333
"3162",0.0983333333333333
"3163",0.0983333333333333
"3164",0.0983333333333333
"3165",0.0983333333333333
"3166",0.0983333333333333
"3167",0.0983333333333333
"3168",0.0983333333333333
"3169",0.0983333333333333
"3170",0.0966666666666667
"3171",0.0983333333333333
"3172",0.1
"3173",0.0983333333333333
"3174",0.0983333333333333
"3175",0.0983333333333333
"3176",0.0983333333333333
"3177",0.1
"3178",0.0983333333333333
"3179",0.0983333333333333
"3180",0.0983333333333333
"3181",0.0983333333333333
"3182",0.0983333333333333
"3183",0.0983333333333333
"3184",0.0983333333333333
"3185",0.0983333333333333
"3186",0.0983333333333333
"3187",0.0983333333333333
"3188",0.0983333333333333
"3189",0.0983333333333333
"3190",0.0983333333333333
"3191",0.0983333333333333
"3192",0.0983333333333333
"3193",0.0983333333333333
"3194",0.1
"3195",0.1
"3196",0.0983333333333333
"3197",0.0983333333333333
"3198",0.0983333333333333
"3199",0.0983333333333333
"3200",0.0983333333333333
"3201",0.101666666666667
"3202",0.103333333333333
"3203",0.101666666666667
"3204",0.101666666666667
"3205",0.103333333333333
"3206",0.101666666666667
"3207",0.101666666666667
"3208",0.101666666666667
"3209",0.101666666666667
"3210",0.101666666666667
"3211",0.101666666666667
"3212",0.101666666666667
"3213",0.101666666666667
"3214",0.101666666666667
"3215",0.101666666666667
"3216",0.101666666666667
"3217",0.101666666666667
"3218",0.101666666666667
"3219",0.101666666666667
"3220",0.1
"3221",0.101666666666667
"3222",0.103333333333333
"3223",0.101666666666667
"3224",0.101666666666667
"3225",0.101666666666667
"3226",0.101666666666667
"3227",0.103333333333333
"3228",0.101666666666667
"3229",0.101666666666667
"3230",0.101666666666667
"3231",0.101666666666667
"3232",0.101666666666667
"3233",0.101666666666667
"3234",0.101666666666667
"3235",0.101666666666667
"3236",0.101666666666667
"3237",0.101666666666667
"3238",0.101666666666667
"3239",0.101666666666667
"3240",0.101666666666667
"3241",0.101666666666667
"3242",0.101666666666667
"3243",0.101666666666667
"3244",0.103333333333333
"3245",0.103333333333333
"3246",0.101666666666667
"3247",0.101666666666667
"3248",0.101666666666667
"3249",0.101666666666667
"3250",0.101666666666667
"3251",0.0966666666666667
"3252",0.0983333333333333
"3253",0.0966666666666667
"3254",0.0966666666666667
"3255",0.0983333333333333
"3256",0.0966666666666667
"3257",0.0966666666666667
"3258",0.0966666666666667
"3259",0.0966666666666667
"3260",0.0966666666666667
"3261",0.0966666666666667
"3262",0.0966666666666667
"3263",0.0966666666666667
"3264",0.0966666666666667
"3265",0.0966666666666667
"3266",0.0966666666666667
"3267",0.0966666666666667
"3268",0.0966666666666667
"3269",0.0966666666666667
"3270",0.095
"3271",0.0966666666666667
"3272",0.0983333333333333
"3273",0.0966666666666667
"3274",0.0966666666666667
"3275",0.0966666666666667
"3276",0.0966666666666667
"3277",0.0983333333333333
"3278",0.0966666666666667
"3279",0.0966666666666667
"3280",0.0966666666666667
"3281",0.0966666666666667
"3282",0.0966666666666667
"3283",0.0966666666666667
"3284",0.0966666666666667
"3285",0.0966666666666667
"3286",0.0966666666666667
"3287",0.0966666666666667
"3288",0.0966666666666667
"3289",0.0966666666666667
"3290",0.0966666666666667
"3291",0.0966666666666667
"3292",0.0966666666666667
"3293",0.0966666666666667
"3294",0.0983333333333333
"3295",0.0983333333333333
"3296",0.0966666666666667
"3297",0.0966666666666667
"3298",0.0966666666666667
"3299",0.0966666666666667
"3300",0.0966666666666667
"3301",0.1
"3302",0.101666666666667
"3303",0.1
"3304",0.1
"3305",0.101666666666667
"3306",0.1
"3307",0.1
"3308",0.1
"3309",0.1
"3310",0.1
"3311",0.1
"3312",0.1
"3313",0.1
"3314",0.1
"3315",0.1
"3316",0.1
"3317",0.1
"3318",0.1
"3319",0.1
"3320",0.0983333333333333
"3321",0.1
"3322",0.101666666666667
"3323",0.1
"3324",0.1
"3325",0.1
"3326",0.1
"3327",0.101666666666667
"3328",0.1
"3329",0.1
"3330",0.1
"3331",0.1
"3332",0.1
"3333",0.1
"3334",0.1
"3335",0.1
"3336",0.1
"3337",0.1
"3338",0.1
"3339",0.1
"3340",0.1
"3341",0.1
"3342",0.1
"3343",0.1
"3344",0.101666666666667
"3345",0.101666666666667
"3346",0.1
"3347",0.1
"3348",0.1
"3349",0.1
"3350",0.1
"3351",0.101666666666667
"3352",0.103333333333333
"3353",0.101666666666667
"3354",0.101666666666667
"3355",0.103333333333333
"3356",0.101666666666667
"3357",0.101666666666667
"3358",0.101666666666667
"3359",0.101666666666667
"3360",0.101666666666667
"3361",0.101666666666667
"3362",0.101666666666667
"3363",0.101666666666667
"3364",0.101666666666667
"3365",0.101666666666667
"3366",0.101666666666667
"3367",0.101666666666667
"3368",0.101666666666667
"3369",0.101666666666667
"3370",0.1
"3371",0.101666666666667
"3372",0.103333333333333
"3373",0.101666666666667
"3374",0.101666666666667
"3375",0.101666666666667
"3376",0.101666666666667
"3377",0.103333333333333
"3378",0.101666666666667
"3379",0.101666666666667
"3380",0.101666666666667
"3381",0.101666666666667
"3382",0.101666666666667
"3383",0.101666666666667
"3384",0.101666666666667
"3385",0.101666666666667
"3386",0.101666666666667
"3387",0.101666666666667
"3388",0.101666666666667
"3389",0.101666666666667
"3390",0.101666666666667
"3391",0.101666666666667
"3392",0.101666666666667
"3393",0.101666666666667
"3394",0.103333333333333
"3395",0.103333333333333
"3396",0.101666666666667
"3397",0.101666666666667
"3398",0.101666666666667
"3399",0.101666666666667
"3400",0.101666666666667
"3401",0.0983333333333333
"3402",0.1
"3403",0.0983333333333333
"3404",0.0983333333333333
"3405",0.1
"3406",0.0983333333333333
"3407",0.0983333333333333
"3408",0.0983333333333333
"3409",0.0983333333333333
"3410",0.0983333333333333
"3411",0.0983333333333333
"3412",0.0983333333333333
"3413",0.0983333333333333
"3414",0.0983333333333333
"3415",0.0983333333333333
"3416",0.0983333333333333
"3417",0.0983333333333333
"3418",0.0983333333333333
"3419",0.0983333333333333
"3420",0.0966666666666667
"3421",0.0983333333333333
"3422",0.1
"3423",0.0983333333333333
"3424",0.0983333333333333
"3425",0.0983333333333333
"3426",0.0983333333333333
"3427",0.1
"3428",0.0983333333333333
"3429",0.0983333333333333
"3430",0.0983333333333333
"3431",0.0983333333333333
"3432",0.0983333333333333
"3433",0.0983333333333333
"3434",0.0983333333333333
"3435",0.0983333333333333
"3436",0.0983333333333333
"3437",0.0983333333333333
"3438",0.0983333333333333
"3439",0.0983333333333333
"3440",0.0983333333333333
"3441",0.0983333333333333
"3442",0.0983333333333333
"3443",0.0983333333333333
"3444",0.1
"3445",0.1
"3446",0.0983333333333333
"3447",0.0983333333333333
"3448",0.0983333333333333
"3449",0.0983333333333333
"3450",0.0983333333333333
"3451",0.101666666666667
"3452",0.103333333333333
"3453",0.101666666666667
"3454",0.101666666666667
"3455",0.103333333333333
"3456",0.101666666666667
"3457",0.101666666666667
"3458",0.101666666666667
"3459",0.101666666666667
"3460",0.101666666666667
"3461",0.101666666666667
"3462",0.101666666666667
"3463",0.101666666666667
"3464",0.101666666666667
"3465",0.101666666666667
"3466",0.101666666666667
"3467",0.101666666666667
"3468",0.101666666666667
"3469",0.101666666666667
"3470",0.1
"3471",0.101666666666667
"3472",0.103333333333333
"3473",0.101666666666667
"3474",0.101666666666667
"3475",0.101666666666667
"3476",0.101666666666667
"3477",0.103333333333333
"3478",0.101666666666667
"3479",0.101666666666667
"3480",0.101666666666667
"3481",0.101666666666667
"3482",0.101666666666667
"3483",0.101666666666667
"3484",0.101666666666667
"3485",0.101666666666667
"3486",0.101666666666667
"3487",0.101666666666667
"3488",0.101666666666667
"3489",0.101666666666667
"3490",0.101666666666667
"3491",0.101666666666667
"3492",0.101666666666667
"3493",0.101666666666667
"3494",0.103333333333333
"3495",0.103333333333333
"3496",0.101666666666667
"3497",0.101666666666667
"3498",0.101666666666667
"3499",0.101666666666667
"3500",0.101666666666667
"3501",0.101666666666667
"3502",0.103333333333333
"3503",0.101666666666667
"3504",0.101666666666667
"3505",0.103333333333333
"3506",0.101666666666667
"3507",0.101666666666667
"3508",0.101666666666667
"3509",0.101666666666667
"3510",0.101666666666667
"3511",0.101666666666667
"3512",0.101666666666667
"3513",0.101666666666667
"3514",0.101666666666667
"3515",0.101666666666667
"3516",0.101666666666667
"3517",0.101666666666667
"3518",0.101666666666667
"3519",0.101666666666667
"3520",0.1
"3521",0.101666666666667
"3522",0.103333333333333
"3523",0.101666666666667
"3524",0.101666666666667
"3525",0.101666666666667
"3526",0.101666666666667
"3527",0.103333333333333
"3528",0.101666666666667
"3529",0.101666666666667
"3530",0.101666666666667
"3531",0.101666666666667
"3532",0.101666666666667
"3533",0.101666666666667
"3534",0.101666666666667
"3535",0.101666666666667
"3536",0.101666666666667
"3537",0.101666666666667
"3538",0.101666666666667
"3539",0.101666666666667
"3540",0.101666666666667
"3541",0.101666666666667
"3542",0.101666666666667
"3543",0.101666666666667
"3544",0.103333333333333
"3545",0.103333333333333
"3546",0.101666666666667
"3547",0.101666666666667
"3548",0.101666666666667
"3549",0.101666666666667
"3550",0.101666666666667
"3551",0.101666666666667
"3552",0.103333333333333
"3553",0.101666666666667
"3554",0.101666666666667
"3555",0.103333333333333
"3556",0.101666666666667
"3557",0.101666666666667
"3558",0.101666666666667
"3559",0.101666666666667
"3560",0.101666666666667
"3561",0.101666666666667
"3562",0.101666666666667
"3563",0.101666666666667
"3564",0.101666666666667
"3565",0.101666666666667
"3566",0.101666666666667
"3567",0.101666666666667
"3568",0.101666666666667
"3569",0.101666666666667
"3570",0.1
"3571",0.101666666666667
"3572",0.103333333333333
"3573",0.101666666666667
"3574",0.101666666666667
"3575",0.101666666666667
"3576",0.101666666666667
"3577",0.103333333333333
"3578",0.101666666666667
"3579",0.101666666666667
"3580",0.101666666666667
"3581",0.101666666666667
"3582",0.101666666666667
"3583",0.101666666666667
"3584",0.101666666666667
"3585",0.101666666666667
"3586",0.101666666666667
"3587",0.101666666666667
"3588",0.101666666666667
"3589",0.101666666666667
"3590",0.101666666666667
"3591",0.101666666666667
"3592",0.101666666666667
"3593",0.101666666666667
"3594",0.103333333333333
"3595",0.103333333333333
"3596",0.101666666666667
"3597",0.101666666666667
"3598",0.101666666666667
"3599",0.101666666666667
"3600",0.101666666666667
"3601",0.0966666666666667
"3602",0.0983333333333333
"3603",0.0966666666666667
"3604",0.0966666666666667
"3605",0.0983333333333333
"3606",0.0966666666666667
"3607",0.0966666666666667
"3608",0.0966666666666667
"3609",0.0966666666666667
"3610",0.0966666666666667
"3611",0.0966666666666667
"3612",0.0966666666666667
"3613",0.0966666666666667
"3614",0.0966666666666667
"3615",0.0966666666666667
"3616",0.0966666666666667
"3617",0.0966666666666667
"3618",0.0966666666666667
"3619",0.0966666666666667
"3620",0.095
"3621",0.0966666666666667
"3622",0.0983333333333333
"3623",0.0966666666666667
"3624",0.0966666666666667
"3625",0.0966666666666667
"3626",0.0966666666666667
"3627",0.0983333333333333
"3628",0.0966666666666667
"3629",0.0966666666666667
"3630",0.0966666666666667
"3631",0.0966666666666667
"3632",0.0966666666666667
"3633",0.0966666666666667
"3634",0.0966666666666667
"3635",0.0966666666666667
"3636",0.0966666666666667
"3637",0.0966666666666667
"3638",0.0966666666666667
"3639",0.0966666666666667
"3640",0.0966666666666667
"3641",0.0966666666666667
"3642",0.0966666666666667
"3643",0.0966666666666667
"3644",0.0983333333333333
"3645",0.0983333333333333
"3646",0.0966666666666667
"3647",0.0966666666666667
"3648",0.0966666666666667
"3649",0.0966666666666667
"3650",0.0966666666666667
"3651",0.0983333333333333
"3652",0.1
"3653",0.0983333333333333
"3654",0.0983333333333333
"3655",0.1
"3656",0.0983333333333333
"3657",0.0983333333333333
"3658",0.0983333333333333
"3659",0.0983333333333333
"3660",0.0983333333333333
"3661",0.0983333333333333
"3662",0.0983333333333333
"3663",0.0983333333333333
"3664",0.0983333333333333
"3665",0.0983333333333333
"3666",0.0983333333333333
"3667",0.0983333333333333
"3668",0.0983333333333333
"3669",0.0983333333333333
"3670",0.0966666666666667
"3671",0.0983333333333333
"3672",0.1
"3673",0.0983333333333333
"3674",0.0983333333333333
"3675",0.0983333333333333
"3676",0.0983333333333333
"3677",0.1
"3678",0.0983333333333333
"3679",0.0983333333333333
"3680",0.0983333333333333
"3681",0.0983333333333333
"3682",0.0983333333333333
"3683",0.0983333333333333
"3684",0.0983333333333333
"3685",0.0983333333333333
"3686",0.0983333333333333
"3687",0.0983333333333333
"3688",0.0983333333333333
"3689",0.0983333333333333
"3690",0.0983333333333333
"3691",0.0983333333333333
"3692",0.0983333333333333
"3693",0.0983333333333333
"3694",0.1
"3695",0.1
"3696",0.0983333333333333
"3697",0.0983333333333333
"3698",0.0983333333333333
"3699",0.0983333333333333
"3700",0.0983333333333333
"3701",0.0966666666666667
"3702",0.0983333333333333
"3703",0.0966666666666667
"3704",0.0966666666666667
"3705",0.0983333333333333
"3706",0.0966666666666667
"3707",0.0966666666666667
"3708",0.0966666666666667
"3709",0.0966666666666667
"3710",0.0966666666666667
"3711",0.0966666666666667
"3712",0.0966666666666667
"3713",0.0966666666666667
"3714",0.0966666666666667
"3715",0.0966666666666667
"3716",0.0966666666666667
"3717",0.0966666666666667
"3718",0.0966666666666667
"3719",0.0966666666666667
"3720",0.095
"3721",0.0966666666666667
"3722",0.0983333333333333
"3723",0.0966666666666667
"3724",0.0966666666666667
"3725",0.0966666666666667
"3726",0.0966666666666667
"3727",0.0983333333333333
"3728",0.0966666666666667
"3729",0.0966666666666667
"3730",0.0966666666666667
"3731",0.0966666666666667
"3732",0.0966666666666667
"3733",0.0966666666666667
"3734",0.0966666666666667
"3735",0.0966666666666667
"3736",0.0966666666666667
"3737",0.0966666666666667
"3738",0.0966666666666667
"3739",0.0966666666666667
"3740",0.0966666666666667
"3741",0.0966666666666667
"3742",0.0966666666666667
"3743",0.0966666666666667
"3744",0.0983333333333333
"3745",0.0983333333333333
"3746",0.0966666666666667
"3747",0.0966666666666667
"3748",0.0966666666666667
"3749",0.0966666666666667
"3750",0.0966666666666667
"3751",0.0966666666666667
"3752",0.0983333333333333
"3753",0.0966666666666667
"3754",0.0966666666666667
"3755",0.0983333333333333
"3756",0.0966666666666667
"3757",0.0966666666666667
"3758",0.0966666666666667
"3759",0.0966666666666667
"3760",0.0966666666666667
"3761",0.0966666666666667
"3762",0.0966666666666667
"3763",0.0966666666666667
"3764",0.0966666666666667
"3765",0.0966666666666667
"3766",0.0966666666666667
"3767",0.0966666666666667
"3768",0.0966666666666667
"3769",0.0966666666666667
"3770",0.095
"3771",0.0966666666666667
"3772",0.0983333333333333
"3773",0.0966666666666667
"3774",0.0966666666666667
"3775",0.0966666666666667
"3776",0.0966666666666667
"3777",0.0983333333333333
"3778",0.0966666666666667
"3779",0.0966666666666667
"3780",0.0966666666666667
"3781",0.0966666666666667
"3782",0.0966666666666667
"3783",0.0966666666666667
"3784",0.0966666666666667
"3785",0.0966666666666667
"3786",0.0966666666666667
"3787",0.0966666666666667
"3788",0.0966666666666667
"3789",0.0966666666666667
"3790",0.0966666666666667
"3791",0.0966666666666667
"3792",0.0966666666666667
"3793",0.0966666666666667
"3794",0.0983333333333333
"3795",0.0983333333333333
"3796",0.0966666666666667
"3797",0.0966666666666667
"3798",0.0966666666666667
"3799",0.0966666666666667
"3800",0.0966666666666667
"3801",0.0966666666666667
"3802",0.0983333333333333
"3803",0.0966666666666667
"3804",0.0966666666666667
"3805",0.0983333333333333
"3806",0.0966666666666667
"3807",0.0966666666666667
"3808",0.0966666666666667
"3809",0.0966666666666667
"3810",0.0966666666666667
"3811",0.0966666666666667
"3812",0.0966666666666667
"3813",0.0966666666666667
"3814",0.0966666666666667
"3815",0.0966666666666667
"3816",0.0966666666666667
"3817",0.0966666666666667
"3818",0.0966666666666667
"3819",0.0966666666666667
"3820",0.095
"3821",0.0966666666666667
"3822",0.0983333333333333
"3823",0.0966666666666667
"3824",0.0966666666666667
"3825",0.0966666666666667
"3826",0.0966666666666667
"3827",0.0983333333333333
"3828",0.0966666666666667
"3829",0.0966666666666667
"3830",0.0966666666666667
"3831",0.0966666666666667
"3832",0.0966666666666667
"3833",0.0966666666666667
"3834",0.0966666666666667
"3835",0.0966666666666667
"3836",0.0966666666666667
"3837",0.0966666666666667
"3838",0.0966666666666667
"3839",0.0966666666666667
"3840",0.0966666666666667
"3841",0.0966666666666667
"3842",0.0966666666666667
"3843",0.0966666666666667
"3844",0.0983333333333333
"3845",0.0983333333333333
"3846",0.0966666666666667
"3847",0.0966666666666667
"3848",0.0966666666666667
"3849",0.0966666666666667
"3850",0.0966666666666667
"3851",0.101666666666667
"3852",0.103333333333333
"3853",0.101666666666667
"3854",0.101666666666667
"3855",0.103333333333333
"3856",0.101666666666667
"3857",0.101666666666667
"3858",0.101666666666667
"3859",0.101666666666667
"3860",0.101666666666667
"3861",0.101666666666667
"3862",0.101666666666667
"3863",0.101666666666667
"3864",0.101666666666667
"3865",0.101666666666667
"3866",0.101666666666667
"3867",0.101666666666667
"3868",0.101666666666667
"3869",0.101666666666667
"3870",0.1
"3871",0.101666666666667
"3872",0.103333333333333
"3873",0.101666666666667
"3874",0.101666666666667
"3875",0.101666666666667
"3876",0.101666666666667
"3877",0.103333333333333
"3878",0.101666666666667
"3879",0.101666666666667
"3880",0.101666666666667
"3881",0.101666666666667
"3882",0.101666666666667
"3883",0.101666666666667
"3884",0.101666666666667
"3885",0.101666666666667
"3886",0.101666666666667
"3887",0.101666666666667
"3888",0.101666666666667
"3889",0.101666666666667
"3890",0.101666666666667
"3891",0.101666666666667
"3892",0.101666666666667
"3893",0.101666666666667
"3894",0.103333333333333
"3895",0.103333333333333
"3896",0.101666666666667
"3897",0.101666666666667
"3898",0.101666666666667
"3899",0.101666666666667
"3900",0.101666666666667
"3901",0.0966666666666667
"3902",0.0983333333333333
"3903",0.0966666666666667
"3904",0.0966666666666667
"3905",0.0983333333333333
"3906",0.0966666666666667
"3907",0.0966666666666667
"3908",0.0966666666666667
"3909",0.0966666666666667
"3910",0.0966666666666667
"3911",0.0966666666666667
"3912",0.0966666666666667
"3913",0.0966666666666667
"3914",0.0966666666666667
"3915",0.0966666666666667
"3916",0.0966666666666667
"3917",0.0966666666666667
"3918",0.0966666666666667
"3919",0.0966666666666667
"3920",0.095
"3921",0.0966666666666667
"3922",0.0983333333333333
"3923",0.0966666666666667
"3924",0.0966666666666667
"3925",0.0966666666666667
"3926",0.0966666666666667
"3927",0.0983333333333333
"3928",0.0966666666666667
"3929",0.0966666666666667
"3930",0.0966666666666667
"3931",0.0966666666666667
"3932",0.0966666666666667
"3933",0.0966666666666667
"3934",0.0966666666666667
"3935",0.0966666666666667
"3936",0.0966666666666667
"3937",0.0966666666666667
"3938",0.0966666666666667
"3939",0.0966666666666667
"3940",0.0966666666666667
"3941",0.0966666666666667
"3942",0.0966666666666667
"3943",0.0966666666666667
"3944",0.0983333333333333
"3945",0.0983333333333333
"3946",0.0966666666666667
"3947",0.0966666666666667
"3948",0.0966666666666667
"3949",0.0966666666666667
"3950",0.0966666666666667
"3951",0.0983333333333333
"3952",0.1
"3953",0.0983333333333333
"3954",0.0983333333333333
"3955",0.1
"3956",0.0983333333333333
"3957",0.0983333333333333
"3958",0.0983333333333333
"3959",0.0983333333333333
"3960",0.0983333333333333
"3961",0.0983333333333333
"3962",0.0983333333333333
"3963",0.0983333333333333
"3964",0.0983333333333333
"3965",0.0983333333333333
"3966",0.0983333333333333
"3967",0.0983333333333333
"3968",0.0983333333333333
"3969",0.0983333333333333
"3970",0.0966666666666667
"3971",0.0983333333333333
"3972",0.1
"3973",0.0983333333333333
"3974",0.0983333333333333
"3975",0.0983333333333333
"3976",0.0983333333333333
"3977",0.1
"3978",0.0983333333333333
"3979",0.0983333333333333
"3980",0.0983333333333333
"3981",0.0983333333333333
"3982",0.0983333333333333
"3983",0.0983333333333333
"3984",0.0983333333333333
"3985",0.0983333333333333
"3986",0.0983333333333333
"3987",0.0983333333333333
"3988",0.0983333333333333
"3989",0.0983333333333333
"3990",0.0983333333333333
"3991",0.0983333333333333
"3992",0.0983333333333333
"3993",0.0983333333333333
"3994",0.1
"3995",0.1
"3996",0.0983333333333333
"3997",0.0983333333333333
"3998",0.0983333333333333
"3999",0.0983333333333333
"4000",0.0983333333333333
"4001",0.103333333333333
"4002",0.105
"4003",0.103333333333333
"4004",0.103333333333333
"4005",0.105
"4006",0.103333333333333
"4007",0.103333333333333
"4008",0.103333333333333
"4009",0.103333333333333
"4010",0.103333333333333
"4011",0.103333333333333
"4012",0.103333333333333
"4013",0.103333333333333
"4014",0.103333333333333
"4015",0.103333333333333
"4016",0.103333333333333
"4017",0.103333333333333
"4018",0.103333333333333
"4019",0.103333333333333
"4020",0.101666666666667
"4021",0.103333333333333
"4022",0.105
"4023",0.103333333333333
"4024",0.103333333333333
"4025",0.103333333333333
"4026",0.103333333333333
"4027",0.105
"4028",0.103333333333333
"4029",0.103333333333333
"4030",0.103333333333333
"4031",0.103333333333333
"4032",0.103333333333333
"4033",0.103333333333333
"4034",0.103333333333333
"4035",0.103333333333333
"4036",0.103333333333333
"4037",0.103333333333333
"4038",0.103333333333333
"4039",0.103333333333333
"4040",0.103333333333333
"4041",0.103333333333333
"4042",0.103333333333333
"4043",0.103333333333333
"4044",0.105
"4045",0.105
"4046",0.103333333333333
"4047",0.103333333333333
"4048",0.103333333333333
"4049",0.103333333333333
"4050",0.103333333333333
"4051",0.101666666666667
"4052",0.103333333333333
"4053",0.101666666666667
"4054",0.101666666666667
"4055",0.103333333333333
"4056",0.101666666666667
"4057",0.101666666666667
"4058",0.101666666666667
"4059",0.101666666666667
"4060",0.101666666666667
"4061",0.101666666666667
"4062",0.101666666666667
"4063",0.101666666666667
"4064",0.101666666666667
"4065",0.101666666666667
"4066",0.101666666666667
"4067",0.101666666666667
"4068",0.101666666666667
"4069",0.101666666666667
"4070",0.1
"4071",0.101666666666667
"4072",0.103333333333333
"4073",0.101666666666667
"4074",0.101666666666667
"4075",0.101666666666667
"4076",0.101666666666667
"4077",0.103333333333333
"4078",0.101666666666667
"4079",0.101666666666667
"4080",0.101666666666667
"4081",0.101666666666667
"4082",0.101666666666667
"4083",0.101666666666667
"4084",0.101666666666667
"4085",0.101666666666667
"4086",0.101666666666667
"4087",0.101666666666667
"4088",0.101666666666667
"4089",0.101666666666667
"4090",0.101666666666667
"4091",0.101666666666667
"4092",0.101666666666667
"4093",0.101666666666667
"4094",0.103333333333333
"4095",0.103333333333333
"4096",0.101666666666667
"4097",0.101666666666667
"4098",0.101666666666667
"4099",0.101666666666667
"4100",0.101666666666667
"4101",0.1
"4102",0.101666666666667
"4103",0.1
"4104",0.1
"4105",0.101666666666667
"4106",0.1
"4107",0.1
"4108",0.1
"4109",0.1
"4110",0.1
"4111",0.1
"4112",0.1
"4113",0.1
"4114",0.1
"4115",0.1
"4116",0.1
"4117",0.1
"4118",0.1
"4119",0.1
"4120",0.0983333333333333
"4121",0.1
"4122",0.101666666666667
"4123",0.1
"4124",0.1
"4125",0.1
"4126",0.1
"4127",0.101666666666667
"4128",0.1
"4129",0.1
"4130",0.1
"4131",0.1
"4132",0.1
"4133",0.1
"4134",0.1
"4135",0.1
"4136",0.1
"4137",0.1
"4138",0.1
"4139",0.1
"4140",0.1
"4141",0.1
"4142",0.1
"4143",0.1
"4144",0.101666666666667
"4145",0.101666666666667
"4146",0.1
"4147",0.1
"4148",0.1
"4149",0.1
"4150",0.1
"4151",0.0983333333333333
"4152",0.1
"4153",0.0983333333333333
"4154",0.0983333333333333
"4155",0.1
"4156",0.0983333333333333
"4157",0.0983333333333333
"4158",0.0983333333333333
"4159",0.0983333333333333
"4160",0.0983333333333333
"4161",0.0983333333333333
"4162",0.0983333333333333
"4163",0.0983333333333333
"4164",0.0983333333333333
"4165",0.0983333333333333
"4166",0.0983333333333333
"4167",0.0983333333333333
"4168",0.0983333333333333
"4169",0.0983333333333333
"4170",0.0966666666666667
"4171",0.0983333333333333
"4172",0.1
"4173",0.0983333333333333
"4174",0.0983333333333333
"4175",0.0983333333333333
"4176",0.0983333333333333
"4177",0.1
"4178",0.0983333333333333
"4179",0.0983333333333333
"4180",0.0983333333333333
"4181",0.0983333333333333
"4182",0.0983333333333333
"4183",0.0983333333333333
"4184",0.0983333333333333
"4185",0.0983333333333333
"4186",0.0983333333333333
"4187",0.0983333333333333
"4188",0.0983333333333333
"4189",0.0983333333333333
"4190",0.0983333333333333
"4191",0.0983333333333333
"4192",0.0983333333333333
"4193",0.0983333333333333
"4194",0.1
"4195",0.1
"4196",0.0983333333333333
"4197",0.0983333333333333
"4198",0.0983333333333333
"4199",0.0983333333333333
"4200",0.0983333333333333
"4201",0.0966666666666667
"4202",0.0983333333333333
"4203",0.0966666666666667
"4204",0.0966666666666667
"4205",0.0983333333333333
"4206",0.0966666666666667
"4207",0.0966666666666667
"4208",0.0966666666666667
"4209",0.0966666666666667
"4210",0.0966666666666667
"4211",0.0966666666666667
"4212",0.0966666666666667
"4213",0.0966666666666667
"4214",0.0966666666666667
"4215",0.0966666666666667
"4216",0.0966666666666667
"4217",0.0966666666666667
"4218",0.0966666666666667
"4219",0.0966666666666667
"4220",0.095
"4221",0.0966666666666667
"4222",0.0983333333333333
"4223",0.0966666666666667
"4224",0.0966666666666667
"4225",0.0966666666666667
"4226",0.0966666666666667
"4227",0.0983333333333333
"4228",0.0966666666666667
"4229",0.0966666666666667
"4230",0.0966666666666667
"4231",0.0966666666666667
"4232",0.0966666666666667
"4233",0.0966666666666667
"4234",0.0966666666666667
"4235",0.0966666666666667
"4236",0.0966666666666667
"4237",0.0966666666666667
"4238",0.0966666666666667
"4239",0.0966666666666667
"4240",0.0966666666666667
"4241",0.0966666666666667
"4242",0.0966666666666667
"4243",0.0966666666666667
"4244",0.0983333333333333
"4245",0.0983333333333333
"4246",0.0966666666666667
"4247",0.0966666666666667
"4248",0.0966666666666667
"4249",0.0966666666666667
"4250",0.0966666666666667
"4251",0.0983333333333333
"4252",0.1
"4253",0.0983333333333333
"4254",0.0983333333333333
"4255",0.1
"4256",0.0983333333333333
"4257",0.0983333333333333
"4258",0.0983333333333333
"4259",0.0983333333333333
"4260",0.0983333333333333
"4261",0.0983333333333333
"4262",0.0983333333333333
"4263",0.0983333333333333
"4264",0.0983333333333333
"4265",0.0983333333333333
"4266",0.0983333333333333
"4267",0.0983333333333333
"4268",0.0983333333333333
"4269",0.0983333333333333
"4270",0.0966666666666667
"4271",0.0983333333333333
"4272",0.1
"4273",0.0983333333333333
"4274",0.0983333333333333
"4275",0.0983333333333333
"4276",0.0983333333333333
"4277",0.1
"4278",0.0983333333333333
"4279",0.0983333333333333
"4280",0.0983333333333333
"4281",0.0983333333333333
"4282",0.0983333333333333
"4283",0.0983333333333333
"4284",0.0983333333333333
"4285",0.0983333333333333
"4286",0.0983333333333333
"4287",0.0983333333333333
"4288",0.0983333333333333
"4289",0.0983333333333333
"4290",0.0983333333333333
"4291",0.0983333333333333
"4292",0.0983333333333333
"4293",0.0983333333333333
"4294",0.1
"4295",0.1
"4296",0.0983333333333333
"4297",0.0983333333333333
"4298",0.0983333333333333
"4299",0.0983333333333333
"4300",0.0983333333333333
"4301",0.0983333333333333
"4302",0.1
"4303",0.0983333333333333
"4304",0.0983333333333333
"4305",0.1
"4306",0.0983333333333333
"4307",0.0983333333333333
"4308",0.0983333333333333
"4309",0.0983333333333333
"4310",0.0983333333333333
"4311",0.0983333333333333
"4312",0.0983333333333333
"4313",0.0983333333333333
"4314",0.0983333333333333
"4315",0.0983333333333333
"4316",0.0983333333333333
"4317",0.0983333333333333
"4318",0.0983333333333333
"4319",0.0983333333333333
"4320",0.0966666666666667
"4321",0.0983333333333333
"4322",0.1
"4323",0.0983333333333333
"4324",0.0983333333333333
"4325",0.0983333333333333
"4326",0.0983333333333333
"4327",0.1
"4328",0.0983333333333333
"4329",0.0983333333333333
"4330",0.0983333333333333
"4331",0.0983333333333333
"4332",0.0983333333333333
"4333",0.0983333333333333
"4334",0.0983333333333333
"4335",0.0983333333333333
"4336",0.0983333333333333
"4337",0.0983333333333333
"4338",0.0983333333333333
"4339",0.0983333333333333
"4340",0.0983333333333333
"4341",0.0983333333333333
"4342",0.0983333333333333
"4343",0.0983333333333333
"4344",0.1
"4345",0.1
"4346",0.0983333333333333
"4347",0.0983333333333333
"4348",0.0983333333333333
"4349",0.0983333333333333
"4350",0.0983333333333333
"4351",0.101666666666667
"4352",0.103333333333333
"4353",0.101666666666667
"4354",0.101666666666667
"4355",0.103333333333333
"4356",0.101666666666667
"4357",0.101666666666667
"4358",0.101666666666667
"4359",0.101666666666667
"4360",0.101666666666667
"4361",0.101666666666667
"4362",0.101666666666667
"4363",0.101666666666667
"4364",0.101666666666667
"4365",0.101666666666667
"4366",0.101666666666667
"4367",0.101666666666667
"4368",0.101666666666667
"4369",0.101666666666667
"4370",0.1
"4371",0.101666666666667
"4372",0.103333333333333
"4373",0.101666666666667
"4374",0.101666666666667
"4375",0.101666666666667
"4376",0.101666666666667
"4377",0.103333333333333
"4378",0.101666666666667
"4379",0.101666666666667
"4380",0.101666666666667
"4381",0.101666666666667
"4382",0.101666666666667
"4383",0.101666666666667
"4384",0.101666666666667
"4385",0.101666666666667
"4386",0.101666666666667
"4387",0.101666666666667
"4388",0.101666666666667
"4389",0.101666666666667
"4390",0.101666666666667
"4391",0.101666666666667
"4392",0.101666666666667
"4393",0.101666666666667
"4394",0.103333333333333
"4395",0.103333333333333
"4396",0.101666666666667
"4397",0.101666666666667
"4398",0.101666666666667
"4399",0.101666666666667
"4400",0.101666666666667
"4401",0.0966666666666667
"4402",0.0983333333333333
"4403",0.0966666666666667
"4404",0.0966666666666667
"4405",0.0983333333333333
"4406",0.0966666666666667
"4407",0.0966666666666667
"4408",0.0966666666666667
"4409",0.0966666666666667
"4410",0.0966666666666667
"4411",0.0966666666666667
"4412",0.0966666666666667
"4413",0.0966666666666667
"4414",0.0966666666666667
"4415",0.0966666666666667
"4416",0.0966666666666667
"4417",0.0966666666666667
"4418",0.0966666666666667
"4419",0.0966666666666667
"4420",0.095
"4421",0.0966666666666667
"4422",0.0983333333333333
"4423",0.0966666666666667
"4424",0.0966666666666667
"4425",0.0966666666666667
"4426",0.0966666666666667
"4427",0.0983333333333333
"4428",0.0966666666666667
"4429",0.0966666666666667
"4430",0.0966666666666667
"4431",0.0966666666666667
"4432",0.0966666666666667
"4433",0.0966666666666667
"4434",0.0966666666666667
"4435",0.0966666666666667
"4436",0.0966666666666667
"4437",0.0966666666666667
"4438",0.0966666666666667
"4439",0.0966666666666667
"4440",0.0966666666666667
"4441",0.0966666666666667
"4442",0.0966666666666667
"4443",0.0966666666666667
"4444",0.0983333333333333
"4445",0.0983333333333333
"4446",0.0966666666666667
"4447",0.0966666666666667
"4448",0.0966666666666667
"4449",0.0966666666666667
"4450",0.0966666666666667
"4451",0.0966666666666667
"4452",0.0983333333333333
"4453",0.0966666666666667
"4454",0.0966666666666667
"4455",0.0983333333333333
"4456",0.0966666666666667
"4457",0.0966666666666667
"4458",0.0966666666666667
"4459",0.0966666666666667
"4460",0.0966666666666667
"4461",0.0966666666666667
"4462",0.0966666666666667
"4463",0.0966666666666667
"4464",0.0966666666666667
"4465",0.0966666666666667
"4466",0.0966666666666667
"4467",0.0966666666666667
"4468",0.0966666666666667
"4469",0.0966666666666667
"4470",0.095
"4471",0.0966666666666667
"4472",0.0983333333333333
"4473",0.0966666666666667
"4474",0.0966666666666667
"4475",0.0966666666666667
"4476",0.0966666666666667
"4477",0.0983333333333333
"4478",0.0966666666666667
"4479",0.0966666666666667
"4480",0.0966666666666667
"4481",0.0966666666666667
"4482",0.0966666666666667
"4483",0.0966666666666667
"4484",0.0966666666666667
"4485",0.0966666666666667
"4486",0.0966666666666667
"4487",0.0966666666666667
"4488",0.0966666666666667
"4489",0.0966666666666667
"4490",0.0966666666666667
"4491",0.0966666666666667
"4492",0.0966666666666667
"4493",0.0966666666666667
"4494",0.0983333333333333
"4495",0.0983333333333333
"4496",0.0966666666666667
"4497",0.0966666666666667
"4498",0.0966666666666667
"4499",0.0966666666666667
"4500",0.0966666666666667
"4501",0.101666666666667
"4502",0.103333333333333
"4503",0.101666666666667
"4504",0.101666666666667
"4505",0.103333333333333
"4506",0.101666666666667
"4507",0.101666666666667
"4508",0.101666666666667
"4509",0.101666666666667
"4510",0.101666666666667
"4511",0.101666666666667
"4512",0.101666666666667
"4513",0.101666666666667
"4514",0.101666666666667
"4515",0.101666666666667
"4516",0.101666666666667
"4517",0.101666666666667
"4518",0.101666666666667
"4519",0.101666666666667
"4520",0.1
"4521",0.101666666666667
"4522",0.103333333333333
"4523",0.101666666666667
"4524",0.101666666666667
"4525",0.101666666666667
"4526",0.101666666666667
"4527",0.103333333333333
"4528",0.101666666666667
"4529",0.101666666666667
"4530",0.101666666666667
"4531",0.101666666666667
"4532",0.101666666666667
"4533",0.101666666666667
"4534",0.101666666666667
"4535",0.101666666666667
"4536",0.101666666666667
"4537",0.101666666666667
"4538",0.101666666666667
"4539",0.101666666666667
"4540",0.101666666666667
"4541",0.101666666666667
"4542",0.101666666666667
"4543",0.101666666666667
"4544",0.103333333333333
"4545",0.103333333333333
"4546",0.101666666666667
"4547",0.101666666666667
"4548",0.101666666666667
"4549",0.101666666666667
"4550",0.101666666666667
"4551",0.0966666666666667
"4552",0.0983333333333333
"4553",0.0966666666666667
"4554",0.0966666666666667
"4555",0.0983333333333333
"4556",0.0966666666666667
"4557",0.0966666666666667
"4558",0.0966666666666667
"4559",0.0966666666666667
"4560",0.0966666666666667
"4561",0.0966666666666667
"4562",0.0966666666666667
"4563",0.0966666666666667
"4564",0.0966666666666667
"4565",0.0966666666666667
"4566",0.0966666666666667
"4567",0.0966666666666667
"4568",0.0966666666666667
"4569",0.0966666666666667
"4570",0.095
"4571",0.0966666666666667
"4572",0.0983333333333333
"4573",0.0966666666666667
"4574",0.0966666666666667
"4575",0.0966666666666667
"4576",0.0966666666666667
"4577",0.0983333333333333
"4578",0.0966666666666667
"4579",0.0966666666666667
"4580",0.0966666666666667
"4581",0.0966666666666667
"4582",0.0966666666666667
"4583",0.0966666666666667
"4584",0.0966666666666667
"4585",0.0966666666666667
"4586",0.0966666666666667
"4587",0.0966666666666667
"4588",0.0966666666666667
"4589",0.0966666666666667
"4590",0.0966666666666667
"4591",0.0966666666666667
"4592",0.0966666666666667
"4593",0.0966666666666667
"4594",0.0983333333333333
"4595",0.0983333333333333
"4596",0.0966666666666667
"4597",0.0966666666666667
"4598",0.0966666666666667
"4599",0.0966666666666667
"4600",0.0966666666666667
"4601",0.0983333333333333
"4602",0.1
"4603",0.0983333333333333
"4604",0.0983333333333333
"4605",0.1
"4606",0.0983333333333333
"4607",0.0983333333333333
"4608",0.0983333333333333
"4609",0.0983333333333333
"4610",0.0983333333333333
"4611",0.0983333333333333
"4612",0.0983333333333333
"4613",0.0983333333333333
"4614",0.0983333333333333
"4615",0.0983333333333333
"4616",0.0983333333333333
"4617",0.0983333333333333
"4618",0.0983333333333333
"4619",0.0983333333333333
"4620",0.0966666666666667
"4621",0.0983333333333333
"4622",0.1
"4623",0.0983333333333333
"4624",0.0983333333333333
"4625",0.0983333333333333
"4626",0.0983333333333333
"4627",0.1
"4628",0.0983333333333333
"4629",0.0983333333333333
"4630",0.0983333333333333
"4631",0.0983333333333333
"4632",0.0983333333333333
"4633",0.0983333333333333
"4634",0.0983333333333333
"4635",0.0983333333333333
"4636",0.0983333333333333
"4637",0.0983333333333333
"4638",0.0983333333333333
"4639",0.0983333333333333
"4640",0.0983333333333333
"4641",0.0983333333333333
"4642",0.0983333333333333
"4643",0.0983333333333333
"4644",0.1
"4645",0.1
"4646",0.0983333333333333
"4647",0.0983333333333333
"4648",0.0983333333333333
"4649",0.0983333333333333
"4650",0.0983333333333333
"4651",0.101666666666667
"4652",0.103333333333333
"4653",0.101666666666667
"4654",0.101666666666667
"4655",0.103333333333333
"4656",0.101666666666667
"4657",0.101666666666667
"4658",0.101666666666667
"4659",0.101666666666667
"4660",0.101666666666667
"4661",0.101666666666667
"4662",0.101666666666667
"4663",0.101666666666667
"4664",0.101666666666667
"4665",0.101666666666667
"4666",0.101666666666667
"4667",0.101666666666667
"4668",0.101666666666667
"4669",0.101666666666667
"4670",0.1
"4671",0.101666666666667
"4672",0.103333333333333
"4673",0.101666666666667
"4674",0.101666666666667
"4675",0.101666666666667
"4676",0.101666666666667
"4677",0.103333333333333
"4678",0.101666666666667
"4679",0.101666666666667
"4680",0.101666666666667
"4681",0.101666666666667
"4682",0.101666666666667
"4683",0.101666666666667
"4684",0.101666666666667
"4685",0.101666666666667
"4686",0.101666666666667
"4687",0.101666666666667
"4688",0.101666666666667
"4689",0.101666666666667
"4690",0.101666666666667
"4691",0.101666666666667
"4692",0.101666666666667
"4693",0.101666666666667
"4694",0.103333333333333
"4695",0.103333333333333
"4696",0.101666666666667
"4697",0.101666666666667
"4698",0.101666666666667
"4699",0.101666666666667
"4700",0.101666666666667
"4701",0.105
"4702",0.106666666666667
"4703",0.105
"4704",0.105
"4705",0.106666666666667
"4706",0.105
"4707",0.105
"4708",0.105
"4709",0.105
"4710",0.105
"4711",0.105
"4712",0.105
"4713",0.105
"4714",0.105
"4715",0.105
"4716",0.105
"4717",0.105
"4718",0.105
"4719",0.105
"4720",0.103333333333333
"4721",0.105
"4722",0.106666666666667
"4723",0.105
"4724",0.105
"4725",0.105
"4726",0.105
"4727",0.106666666666667
"4728",0.105
"4729",0.105
"4730",0.105
"4731",0.105
"4732",0.105
"4733",0.105
"4734",0.105
"4735",0.105
"4736",0.105
"4737",0.105
"4738",0.105
"4739",0.105
"4740",0.105
"4741",0.105
"4742",0.105
"4743",0.105
"4744",0.106666666666667
"4745",0.106666666666667
"4746",0.105
"4747",0.105
"4748",0.105
"4749",0.105
"4750",0.105
"4751",0.105
"4752",0.106666666666667
"4753",0.105
"4754",0.105
"4755",0.106666666666667
"4756",0.105
"4757",0.105
"4758",0.105
"4759",0.105
"4760",0.105
"4761",0.105
"4762",0.105
"4763",0.105
"4764",0.105
"4765",0.105
"4766",0.105
"4767",0.105
"4768",0.105
"4769",0.105
"4770",0.103333333333333
"4771",0.105
"4772",0.106666666666667
"4773",0.105
"4774",0.105
"4775",0.105
"4776",0.105
"4777",0.106666666666667
"4778",0.105
"4779",0.105
"4780",0.105
"4781",0.105
"4782",0.105
"4783",0.105
"4784",0.105
"4785",0.105
"4786",0.105
"4787",0.105
"4788",0.105
"4789",0.105
"4790",0.105
"4791",0.105
"4792",0.105
"4793",0.105
"4794",0.106666666666667
"4795",0.106666666666667
"4796",0.105
"4797",0.105
"4798",0.105
"4799",0.105
"4800",0.105
"4801",0.105
"4802",0.106666666666667
"4803",0.105
"4804",0.105
"4805",0.106666666666667
"4806",0.105
"4807",0.105
"4808",0.105
"4809",0.105
"4810",0.105
"4811",0.105
"4812",0.105
"4813",0.105
"4814",0.105
"4815",0.105
"4816",0.105
"4817",0.105
"4818",0.105
"4819",0.105
"4820",0.103333333333333
"4821",0.105
"4822",0.106666666666667
"4823",0.105
"4824",0.105
"4825",0.105
"4826",0.105
"4827",0.106666666666667
"4828",0.105
"4829",0.105
"4830",0.105
"4831",0.105
"4832",0.105
"4833",0.105
"4834",0.105
"4835",0.105
"4836",0.105
"4837",0.105
"4838",0.105
"4839",0.105
"4840",0.105
"4841",0.105
"4842",0.105
"4843",0.105
"4844",0.106666666666667
"4845",0.106666666666667
"4846",0.105
"4847",0.105
"4848",0.105
"4849",0.105
"4850",0.105
"4851",0.103333333333333
"4852",0.105
"4853",0.103333333333333
"4854",0.101666666666667
"4855",0.105
"4856",0.103333333333333
"4857",0.103333333333333
"4858",0.103333333333333
"4859",0.103333333333333
"4860",0.101666666666667
"4861",0.103333333333333
"4862",0.103333333333333
"4863",0.103333333333333
"4864",0.103333333333333
"4865",0.103333333333333
"4866",0.103333333333333
"4867",0.101666666666667
"4868",0.103333333333333
"4869",0.103333333333333
"4870",0.101666666666667
"4871",0.103333333333333
"4872",0.105
"4873",0.103333333333333
"4874",0.103333333333333
"4875",0.103333333333333
"4876",0.105
"4877",0.103333333333333
"4878",0.103333333333333
"4879",0.103333333333333
"4880",0.105
"4881",0.103333333333333
"4882",0.103333333333333
"4883",0.103333333333333
"4884",0.103333333333333
"4885",0.101666666666667
"4886",0.105
"4887",0.103333333333333
"4888",0.103333333333333
"4889",0.103333333333333
"4890",0.103333333333333
"4891",0.103333333333333
"4892",0.103333333333333
"4893",0.103333333333333
"4894",0.105
"4895",0.101666666666667
"4896",0.103333333333333
"4897",0.105
"4898",0.103333333333333
"4899",0.103333333333333
"4900",0.103333333333333
"4901",0.106666666666667
"4902",0.108333333333333
"4903",0.106666666666667
"4904",0.105
"4905",0.108333333333333
"4906",0.106666666666667
"4907",0.106666666666667
"4908",0.106666666666667
"4909",0.106666666666667
"4910",0.105
"4911",0.106666666666667
"4912",0.106666666666667
"4913",0.106666666666667
"4914",0.106666666666667
"4915",0.106666666666667
"4916",0.106666666666667
"4917",0.105
"4918",0.106666666666667
"4919",0.106666666666667
"4920",0.105
"4921",0.106666666666667
"4922",0.108333333333333
"4923",0.106666666666667
"4924",0.106666666666667
"4925",0.106666666666667
"4926",0.108333333333333
"4927",0.108333333333333
"4928",0.106666666666667
"4929",0.106666666666667
"4930",0.108333333333333
"4931",0.106666666666667
"4932",0.106666666666667
"4933",0.106666666666667
"4934",0.106666666666667
"4935",0.105
"4936",0.108333333333333
"4937",0.106666666666667
"4938",0.106666666666667
"4939",0.106666666666667
"4940",0.106666666666667
"4941",0.106666666666667
"4942",0.106666666666667
"4943",0.106666666666667
"4944",0.108333333333333
"4945",0.108333333333333
"4946",0.106666666666667
"4947",0.108333333333333
"4948",0.106666666666667
"4949",0.106666666666667
"4950",0.106666666666667
"4951",0.103333333333333
"4952",0.105
"4953",0.103333333333333
"4954",0.101666666666667
"4955",0.105
"4956",0.103333333333333
"4957",0.103333333333333
"4958",0.103333333333333
"4959",0.103333333333333
"4960",0.101666666666667
"4961",0.103333333333333
"4962",0.103333333333333
"4963",0.103333333333333
"4964",0.103333333333333
"4965",0.103333333333333
"4966",0.103333333333333
"4967",0.101666666666667
"4968",0.103333333333333
"4969",0.103333333333333
"4970",0.101666666666667
"4971",0.103333333333333
"4972",0.105
"4973",0.103333333333333
"4974",0.103333333333333
"4975",0.103333333333333
"4976",0.105
"4977",0.105
"4978",0.103333333333333
"4979",0.103333333333333
"4980",0.105
"4981",0.103333333333333
"4982",0.103333333333333
"4983",0.103333333333333
"4984",0.103333333333333
"4985",0.101666666666667
"4986",0.105
"4987",0.103333333333333
"4988",0.103333333333333
"4989",0.103333333333333
"4990",0.103333333333333
"4991",0.103333333333333
"4992",0.103333333333333
"4993",0.103333333333333
"4994",0.105
"4995",0.105
"4996",0.103333333333333
"4997",0.105
"4998",0.103333333333333
"4999",0.103333333333333
"5000",0.103333333333333
"5001",0.106666666666667
"5002",0.108333333333333
"5003",0.106666666666667
"5004",0.105
"5005",0.108333333333333
"5006",0.106666666666667
"5007",0.106666666666667
"5008",0.106666666666667
"5009",0.106666666666667
"5010",0.105
"5011",0.106666666666667
"5012",0.106666666666667
"5013",0.106666666666667
"5014",0.106666666666667
"5015",0.106666666666667
"5016",0.106666666666667
"5017",0.105
"5018",0.106666666666667
"5019",0.106666666666667
"5020",0.105
"5021",0.106666666666667
"5022",0.108333333333333
"5023",0.106666666666667
"5024",0.106666666666667
"5025",0.106666666666667
"5026",0.108333333333333
"5027",0.108333333333333
"5028",0.106666666666667
"5029",0.106666666666667
"5030",0.108333333333333
"5031",0.106666666666667
"5032",0.106666666666667
"5033",0.106666666666667
"5034",0.106666666666667
"5035",0.105
"5036",0.108333333333333
"5037",0.106666666666667
"5038",0.106666666666667
"5039",0.106666666666667
"5040",0.106666666666667
"5041",0.106666666666667
"5042",0.106666666666667
"5043",0.106666666666667
"5044",0.108333333333333
"5045",0.108333333333333
"5046",0.106666666666667
"5047",0.108333333333333
"5048",0.106666666666667
"5049",0.106666666666667
"5050",0.106666666666667
"5051",0.1
"5052",0.101666666666667
"5053",0.1
"5054",0.101666666666667
"5055",0.101666666666667
"5056",0.1
"5057",0.1
"5058",0.1
"5059",0.1
"5060",0.101666666666667
"5061",0.1
"5062",0.1
"5063",0.1
"5064",0.1
"5065",0.1
"5066",0.1
"5067",0.101666666666667
"5068",0.1
"5069",0.1
"5070",0.0983333333333333
"5071",0.1
"5072",0.101666666666667
"5073",0.1
"5074",0.1
"5075",0.1
"5076",0.101666666666667
"5077",0.101666666666667
"5078",0.1
"5079",0.1
"5080",0.101666666666667
"5081",0.1
"5082",0.1
"5083",0.1
"5084",0.1
"5085",0.101666666666667
"5086",0.101666666666667
"5087",0.1
"5088",0.1
"5089",0.1
"5090",0.1
"5091",0.1
"5092",0.1
"5093",0.1
"5094",0.101666666666667
"5095",0.101666666666667
"5096",0.1
"5097",0.101666666666667
"5098",0.1
"5099",0.1
"5100",0.1
"5101",0.105
"5102",0.106666666666667
"5103",0.105
"5104",0.103333333333333
"5105",0.106666666666667
"5106",0.105
"5107",0.105
"5108",0.105
"5109",0.105
"5110",0.103333333333333
"5111",0.105
"5112",0.105
"5113",0.105
"5114",0.105
"5115",0.105
"5116",0.105
"5117",0.103333333333333
"5118",0.105
"5119",0.105
"5120",0.103333333333333
"5121",0.105
"5122",0.106666666666667
"5123",0.105
"5124",0.105
"5125",0.105
"5126",0.106666666666667
"5127",0.105
"5128",0.105
"5129",0.105
"5130",0.106666666666667
"5131",0.105
"5132",0.105
"5133",0.105
"5134",0.105
"5135",0.103333333333333
"5136",0.106666666666667
"5137",0.105
"5138",0.105
"5139",0.105
"5140",0.105
"5141",0.105
"5142",0.105
"5143",0.105
"5144",0.106666666666667
"5145",0.103333333333333
"5146",0.105
"5147",0.106666666666667
"5148",0.105
"5149",0.105
"5150",0.105
"5151",0.108333333333333
"5152",0.11
"5153",0.108333333333333
"5154",0.106666666666667
"5155",0.11
"5156",0.108333333333333
"5157",0.108333333333333
"5158",0.108333333333333
"5159",0.108333333333333
"5160",0.106666666666667
"5161",0.108333333333333
"5162",0.108333333333333
"5163",0.108333333333333
"5164",0.108333333333333
"5165",0.108333333333333
"5166",0.108333333333333
"5167",0.106666666666667
"5168",0.108333333333333
"5169",0.108333333333333
"5170",0.106666666666667
"5171",0.108333333333333
"5172",0.11
"5173",0.108333333333333
"5174",0.108333333333333
"5175",0.108333333333333
"5176",0.11
"5177",0.108333333333333
"5178",0.108333333333333
"5179",0.108333333333333
"5180",0.11
"5181",0.108333333333333
"5182",0.108333333333333
"5183",0.108333333333333
"5184",0.108333333333333
"5185",0.106666666666667
"5186",0.11
"5187",0.108333333333333
"5188",0.108333333333333
"5189",0.108333333333333
"5190",0.108333333333333
"5191",0.108333333333333
"5192",0.108333333333333
"5193",0.108333333333333
"5194",0.11
"5195",0.106666666666667
"5196",0.108333333333333
"5197",0.11
"5198",0.108333333333333
"5199",0.108333333333333
"5200",0.108333333333333
"5201",0.095
"5202",0.095
"5203",0.0933333333333333
"5204",0.095
"5205",0.095
"5206",0.0933333333333333
"5207",0.0933333333333333
"5208",0.0933333333333333
"5209",0.0933333333333333
"5210",0.095
"5211",0.0933333333333333
"5212",0.0933333333333333
"5213",0.0933333333333333
"5214",0.0933333333333333
"5215",0.0933333333333333
"5216",0.0933333333333333
"5217",0.095
"5218",0.0933333333333333
"5219",0.0933333333333333
"5220",0.0916666666666667
"5221",0.095
"5222",0.0933333333333333
"5223",0.0933333333333333
"5224",0.0933333333333333
"5225",0.0933333333333333
"5226",0.0933333333333333
"5227",0.0916666666666667
"5228",0.0933333333333333
"5229",0.0933333333333333
"5230",0.095
"5231",0.0933333333333333
"5232",0.0933333333333333
"5233",0.0933333333333333
"5234",0.0933333333333333
"5235",0.095
"5236",0.095
"5237",0.0933333333333333
"5238",0.0933333333333333
"5239",0.0933333333333333
"5240",0.0933333333333333
"5241",0.0933333333333333
"5242",0.0933333333333333
"5243",0.0933333333333333
"5244",0.095
"5245",0.0933333333333333
"5246",0.0933333333333333
"5247",0.095
"5248",0.0933333333333333
"5249",0.0933333333333333
"5250",0.0933333333333333
"5251",0.095
"5252",0.095
"5253",0.0933333333333333
"5254",0.095
"5255",0.095
"5256",0.0933333333333333
"5257",0.0933333333333333
"5258",0.0933333333333333
"5259",0.0933333333333333
"5260",0.095
"5261",0.0933333333333333
"5262",0.0933333333333333
"5263",0.0933333333333333
"5264",0.0933333333333333
"5265",0.0933333333333333
"5266",0.0933333333333333
"5267",0.095
"5268",0.0933333333333333
"5269",0.0933333333333333
"5270",0.0916666666666667
"5271",0.095
"5272",0.0933333333333333
"5273",0.0933333333333333
"5274",0.0933333333333333
"5275",0.0933333333333333
"5276",0.0933333333333333
"5277",0.0916666666666667
"5278",0.0933333333333333
"5279",0.0933333333333333
"5280",0.095
"5281",0.0933333333333333
"5282",0.0933333333333333
"5283",0.0933333333333333
"5284",0.0933333333333333
"5285",0.095
"5286",0.095
"5287",0.0933333333333333
"5288",0.0933333333333333
"5289",0.0933333333333333
"5290",0.0933333333333333
"5291",0.0933333333333333
"5292",0.0933333333333333
"5293",0.0933333333333333
"5294",0.095
"5295",0.0933333333333333
"5296",0.0933333333333333
"5297",0.095
"5298",0.0933333333333333
"5299",0.0933333333333333
"5300",0.0933333333333333
"5301",0.09
"5302",0.0933333333333333
"5303",0.0916666666666667
"5304",0.0933333333333333
"5305",0.0933333333333333
"5306",0.0916666666666667
"5307",0.0916666666666667
"5308",0.0916666666666667
"5309",0.0916666666666667
"5310",0.0933333333333333
"5311",0.0916666666666667
"5312",0.0916666666666667
"5313",0.0916666666666667
"5314",0.0916666666666667
"5315",0.0916666666666667
"5316",0.0916666666666667
"5317",0.0933333333333333
"5318",0.0916666666666667
"5319",0.0916666666666667
"5320",0.09
"5321",0.09
"5322",0.0916666666666667
"5323",0.0916666666666667
"5324",0.0916666666666667
"5325",0.0916666666666667
"5326",0.0916666666666667
"5327",0.09
"5328",0.0916666666666667
"5329",0.0916666666666667
"5330",0.0933333333333333
"5331",0.0916666666666667
"5332",0.0916666666666667
"5333",0.0916666666666667
"5334",0.0916666666666667
"5335",0.0933333333333333
"5336",0.0933333333333333
"5337",0.0916666666666667
"5338",0.0916666666666667
"5339",0.0916666666666667
"5340",0.0916666666666667
"5341",0.0916666666666667
"5342",0.0916666666666667
"5343",0.0916666666666667
"5344",0.0933333333333333
"5345",0.0916666666666667
"5346",0.0916666666666667
"5347",0.0933333333333333
"5348",0.0916666666666667
"5349",0.0916666666666667
"5350",0.0916666666666667
"5351",0.0883333333333333
"5352",0.0916666666666667
"5353",0.09
"5354",0.0916666666666667
"5355",0.0916666666666667
"5356",0.09
"5357",0.09
"5358",0.09
"5359",0.09
"5360",0.0916666666666667
"5361",0.09
"5362",0.09
"5363",0.09
"5364",0.09
"5365",0.09
"5366",0.09
"5367",0.0916666666666667
"5368",0.09
"5369",0.09
"5370",0.0883333333333333
"5371",0.0883333333333333
"5372",0.09
"5373",0.09
"5374",0.09
"5375",0.09
"5376",0.09
"5377",0.0883333333333333
"5378",0.09
"5379",0.09
"5380",0.0916666666666667
"5381",0.09
"5382",0.09
"5383",0.09
"5384",0.09
"5385",0.0916666666666667
"5386",0.0916666666666667
"5387",0.09
"5388",0.09
"5389",0.09
"5390",0.09
"5391",0.09
"5392",0.09
"5393",0.09
"5394",0.0916666666666667
"5395",0.09
"5396",0.09
"5397",0.0916666666666667
"5398",0.09
"5399",0.09
"5400",0.09
"5401",0.095
"5402",0.095
"5403",0.0933333333333333
"5404",0.095
"5405",0.095
"5406",0.0933333333333333
"5407",0.0933333333333333
"5408",0.0933333333333333
"5409",0.0933333333333333
"5410",0.095
"5411",0.0933333333333333
"5412",0.0933333333333333
"5413",0.0933333333333333
"5414",0.0933333333333333
"5415",0.0933333333333333
"5416",0.0933333333333333
"5417",0.095
"5418",0.0933333333333333
"5419",0.0933333333333333
"5420",0.0916666666666667
"5421",0.095
"5422",0.0933333333333333
"5423",0.0933333333333333
"5424",0.0933333333333333
"5425",0.0933333333333333
"5426",0.0933333333333333
"5427",0.0916666666666667
"5428",0.0933333333333333
"5429",0.0933333333333333
"5430",0.095
"5431",0.0933333333333333
"5432",0.0933333333333333
"5433",0.0933333333333333
"5434",0.0933333333333333
"5435",0.095
"5436",0.095
"5437",0.0933333333333333
"5438",0.0933333333333333
"5439",0.0933333333333333
"5440",0.0933333333333333
"5441",0.0933333333333333
"5442",0.0933333333333333
"5443",0.0933333333333333
"5444",0.095
"5445",0.0933333333333333
"5446",0.0933333333333333
"5447",0.095
"5448",0.0933333333333333
"5449",0.0933333333333333
"5450",0.0933333333333333
"5451",0.0966666666666667
"5452",0.0966666666666667
"5453",0.095
"5454",0.0966666666666667
"5455",0.0966666666666667
"5456",0.095
"5457",0.095
"5458",0.095
"5459",0.095
"5460",0.0966666666666667
"5461",0.095
"5462",0.095
"5463",0.095
"5464",0.095
"5465",0.095
"5466",0.095
"5467",0.0966666666666667
"5468",0.095
"5469",0.095
"5470",0.0933333333333333
"5471",0.0966666666666667
"5472",0.095
"5473",0.095
"5474",0.095
"5475",0.095
"5476",0.095
"5477",0.0933333333333333
"5478",0.095
"5479",0.095
"5480",0.0966666666666667
"5481",0.095
"5482",0.095
"5483",0.095
"5484",0.095
"5485",0.0966666666666667
"5486",0.0966666666666667
"5487",0.095
"5488",0.095
"5489",0.095
"5490",0.095
"5491",0.095
"5492",0.095
"5493",0.095
"5494",0.0966666666666667
"5495",0.095
"5496",0.095
"5497",0.0966666666666667
"5498",0.095
"5499",0.095
"5500",0.095
"5501",0.136666666666667
"5502",0.138333333333333
"5503",0.136666666666667
"5504",0.138333333333333
"5505",0.138333333333333
"5506",0.135
"5507",0.136666666666667
"5508",0.136666666666667
"5509",0.136666666666667
"5510",0.138333333333333
"5511",0.136666666666667
"5512",0.136666666666667
"5513",0.136666666666667
"5514",0.136666666666667
"5515",0.136666666666667
"5516",0.136666666666667
"5517",0.138333333333333
"5518",0.136666666666667
"5519",0.136666666666667
"5520",0.135
"5521",0.136666666666667
"5522",0.136666666666667
"5523",0.136666666666667
"5524",0.136666666666667
"5525",0.136666666666667
"5526",0.138333333333333
"5527",0.136666666666667
"5528",0.136666666666667
"5529",0.136666666666667
"5530",0.136666666666667
"5531",0.136666666666667
"5532",0.136666666666667
"5533",0.136666666666667
"5534",0.136666666666667
"5535",0.138333333333333
"5536",0.136666666666667
"5537",0.136666666666667
"5538",0.136666666666667
"5539",0.136666666666667
"5540",0.136666666666667
"5541",0.136666666666667
"5542",0.136666666666667
"5543",0.136666666666667
"5544",0.138333333333333
"5545",0.135
"5546",0.136666666666667
"5547",0.136666666666667
"5548",0.136666666666667
"5549",0.136666666666667
"5550",0.136666666666667
"5551",0.136666666666667
"5552",0.138333333333333
"5553",0.136666666666667
"5554",0.138333333333333
"5555",0.138333333333333
"5556",0.135
"5557",0.136666666666667
"5558",0.136666666666667
"5559",0.136666666666667
"5560",0.138333333333333
"5561",0.136666666666667
"5562",0.136666666666667
"5563",0.136666666666667
"5564",0.136666666666667
"5565",0.136666666666667
"5566",0.136666666666667
"5567",0.138333333333333
"5568",0.136666666666667
"5569",0.136666666666667
"5570",0.135
"5571",0.136666666666667
"5572",0.136666666666667
"5573",0.136666666666667
"5574",0.136666666666667
"5575",0.136666666666667
"5576",0.138333333333333
"5577",0.136666666666667
"5578",0.136666666666667
"5579",0.136666666666667
"5580",0.136666666666667
"5581",0.136666666666667
"5582",0.136666666666667
"5583",0.136666666666667
"5584",0.136666666666667
"5585",0.138333333333333
"5586",0.136666666666667
"5587",0.136666666666667
"5588",0.136666666666667
"5589",0.136666666666667
"5590",0.136666666666667
"5591",0.136666666666667
"5592",0.136666666666667
"5593",0.136666666666667
"5594",0.138333333333333
"5595",0.135
"5596",0.136666666666667
"5597",0.136666666666667
"5598",0.136666666666667
"5599",0.136666666666667
"5600",0.136666666666667
"5601",0.136666666666667
"5602",0.138333333333333
"5603",0.136666666666667
"5604",0.138333333333333
"5605",0.138333333333333
"5606",0.135
"5607",0.136666666666667
"5608",0.136666666666667
"5609",0.136666666666667
"5610",0.138333333333333
"5611",0.136666666666667
"5612",0.136666666666667
"5613",0.136666666666667
"5614",0.136666666666667
"5615",0.136666666666667
"5616",0.136666666666667
"5617",0.138333333333333
"5618",0.136666666666667
"5619",0.136666666666667
"5620",0.135
"5621",0.136666666666667
"5622",0.136666666666667
"5623",0.136666666666667
"5624",0.136666666666667
"5625",0.136666666666667
"5626",0.138333333333333
"5627",0.136666666666667
"5628",0.136666666666667
"5629",0.136666666666667
"5630",0.136666666666667
"5631",0.136666666666667
"5632",0.136666666666667
"5633",0.136666666666667
"5634",0.136666666666667
"5635",0.138333333333333
"5636",0.136666666666667
"5637",0.136666666666667
"5638",0.136666666666667
"5639",0.136666666666667
"5640",0.136666666666667
"5641",0.136666666666667
"5642",0.136666666666667
"5643",0.136666666666667
"5644",0.138333333333333
"5645",0.135
"5646",0.136666666666667
"5647",0.136666666666667
"5648",0.136666666666667
"5649",0.136666666666667
"5650",0.136666666666667
"5651",0.136666666666667
"5652",0.138333333333333
"5653",0.136666666666667
"5654",0.138333333333333
"5655",0.138333333333333
"5656",0.135
"5657",0.136666666666667
"5658",0.136666666666667
"5659",0.136666666666667
"5660",0.138333333333333
"5661",0.136666666666667
"5662",0.136666666666667
"5663",0.136666666666667
"5664",0.136666666666667
"5665",0.136666666666667
"5666",0.136666666666667
"5667",0.138333333333333
"5668",0.136666666666667
"5669",0.136666666666667
"5670",0.135
"5671",0.136666666666667
"5672",0.136666666666667
"5673",0.136666666666667
"5674",0.136666666666667
"5675",0.136666666666667
"5676",0.138333333333333
"5677",0.136666666666667
"5678",0.136666666666667
"5679",0.136666666666667
"5680",0.136666666666667
"5681",0.136666666666667
"5682",0.136666666666667
"5683",0.136666666666667
"5684",0.136666666666667
"5685",0.138333333333333
"5686",0.136666666666667
"5687",0.136666666666667
"5688",0.136666666666667
"5689",0.136666666666667
"5690",0.136666666666667
"5691",0.136666666666667
"5692",0.136666666666667
"5693",0.136666666666667
"5694",0.138333333333333
"5695",0.135
"5696",0.136666666666667
"5697",0.136666666666667
"5698",0.136666666666667
"5699",0.136666666666667
"5700",0.136666666666667
"5701",0.143333333333333
"5702",0.145
"5703",0.143333333333333
"5704",0.145
"5705",0.145
"5706",0.145
"5707",0.143333333333333
"5708",0.143333333333333
"5709",0.143333333333333
"5710",0.145
"5711",0.143333333333333
"5712",0.143333333333333
"5713",0.143333333333333
"5714",0.143333333333333
"5715",0.143333333333333
"5716",0.143333333333333
"5717",0.145
"5718",0.143333333333333
"5719",0.143333333333333
"5720",0.141666666666667
"5721",0.143333333333333
"5722",0.143333333333333
"5723",0.143333333333333
"5724",0.143333333333333
"5725",0.143333333333333
"5726",0.143333333333333
"5727",0.143333333333333
"5728",0.143333333333333
"5729",0.143333333333333
"5730",0.145
"5731",0.143333333333333
"5732",0.143333333333333
"5733",0.143333333333333
"5734",0.143333333333333
"5735",0.145
"5736",0.145
"5737",0.143333333333333
"5738",0.143333333333333
"5739",0.143333333333333
"5740",0.143333333333333
"5741",0.143333333333333
"5742",0.143333333333333
"5743",0.143333333333333
"5744",0.145
"5745",0.143333333333333
"5746",0.143333333333333
"5747",0.145
"5748",0.143333333333333
"5749",0.143333333333333
"5750",0.143333333333333
"5751",0.143333333333333
"5752",0.145
"5753",0.143333333333333
"5754",0.145
"5755",0.145
"5756",0.145
"5757",0.143333333333333
"5758",0.143333333333333
"5759",0.143333333333333
"5760",0.145
"5761",0.143333333333333
"5762",0.143333333333333
"5763",0.143333333333333
"5764",0.143333333333333
"5765",0.143333333333333
"5766",0.143333333333333
"5767",0.145
"5768",0.143333333333333
"5769",0.143333333333333
"5770",0.141666666666667
"5771",0.143333333333333
"5772",0.143333333333333
"5773",0.143333333333333
"5774",0.143333333333333
"5775",0.143333333333333
"5776",0.143333333333333
"5777",0.143333333333333
"5778",0.143333333333333
"5779",0.143333333333333
"5780",0.145
"5781",0.143333333333333
"5782",0.143333333333333
"5783",0.143333333333333
"5784",0.143333333333333
"5785",0.145
"5786",0.145
"5787",0.143333333333333
"5788",0.143333333333333
"5789",0.143333333333333
"5790",0.143333333333333
"5791",0.143333333333333
"5792",0.143333333333333
"5793",0.143333333333333
"5794",0.145
"5795",0.143333333333333
"5796",0.143333333333333
"5797",0.145
"5798",0.143333333333333
"5799",0.143333333333333
"5800",0.143333333333333
"5801",0.143333333333333
"5802",0.145
"5803",0.143333333333333
"5804",0.145
"5805",0.145
"5806",0.145
"5807",0.143333333333333
"5808",0.143333333333333
"5809",0.143333333333333
"5810",0.145
"5811",0.143333333333333
"5812",0.143333333333333
"5813",0.143333333333333
"5814",0.143333333333333
"5815",0.143333333333333
"5816",0.143333333333333
"5817",0.145
"5818",0.143333333333333
"5819",0.143333333333333
"5820",0.141666666666667
"5821",0.143333333333333
"5822",0.143333333333333
"5823",0.143333333333333
"5824",0.143333333333333
"5825",0.143333333333333
"5826",0.143333333333333
"5827",0.143333333333333
"5828",0.143333333333333
"5829",0.143333333333333
"5830",0.145
"5831",0.143333333333333
"5832",0.143333333333333
"5833",0.143333333333333
"5834",0.143333333333333
"5835",0.145
"5836",0.145
"5837",0.143333333333333
"5838",0.143333333333333
"5839",0.143333333333333
"5840",0.143333333333333
"5841",0.143333333333333
"5842",0.143333333333333
"5843",0.143333333333333
"5844",0.145
"5845",0.143333333333333
"5846",0.143333333333333
"5847",0.145
"5848",0.143333333333333
"5849",0.143333333333333
"5850",0.143333333333333
"5851",0.143333333333333
"5852",0.145
"5853",0.143333333333333
"5854",0.145
"5855",0.145
"5856",0.145
"5857",0.143333333333333
"5858",0.143333333333333
"5859",0.143333333333333
"5860",0.145
"5861",0.143333333333333
"5862",0.143333333333333
"5863",0.143333333333333
"5864",0.143333333333333
"5865",0.143333333333333
"5866",0.143333333333333
"5867",0.145
"5868",0.143333333333333
"5869",0.143333333333333
"5870",0.141666666666667
"5871",0.143333333333333
"5872",0.143333333333333
"5873",0.143333333333333
"5874",0.143333333333333
"5875",0.143333333333333
"5876",0.143333333333333
"5877",0.143333333333333
"5878",0.143333333333333
"5879",0.143333333333333
"5880",0.145
"5881",0.143333333333333
"5882",0.143333333333333
"5883",0.143333333333333
"5884",0.143333333333333
"5885",0.145
"5886",0.145
"5887",0.143333333333333
"5888",0.143333333333333
"5889",0.143333333333333
"5890",0.143333333333333
"5891",0.143333333333333
"5892",0.143333333333333
"5893",0.143333333333333
"5894",0.145
"5895",0.143333333333333
"5896",0.143333333333333
"5897",0.145
"5898",0.143333333333333
"5899",0.143333333333333
"5900",0.143333333333333
"5901",0.146666666666667
"5902",0.148333333333333
"5903",0.146666666666667
"5904",0.148333333333333
"5905",0.148333333333333
"5906",0.148333333333333
"5907",0.146666666666667
"5908",0.146666666666667
"5909",0.146666666666667
"5910",0.148333333333333
"5911",0.146666666666667
"5912",0.146666666666667
"5913",0.146666666666667
"5914",0.146666666666667
"5915",0.146666666666667
"5916",0.146666666666667
"5917",0.148333333333333
"5918",0.146666666666667
"5919",0.146666666666667
"5920",0.145
"5921",0.146666666666667
"5922",0.146666666666667
"5923",0.146666666666667
"5924",0.146666666666667
"5925",0.146666666666667
"5926",0.146666666666667
"5927",0.146666666666667
"5928",0.146666666666667
"5929",0.146666666666667
"5930",0.148333333333333
"5931",0.146666666666667
"5932",0.146666666666667
"5933",0.146666666666667
"5934",0.146666666666667
"5935",0.148333333333333
"5936",0.148333333333333
"5937",0.146666666666667
"5938",0.146666666666667
"5939",0.146666666666667
"5940",0.146666666666667
"5941",0.146666666666667
"5942",0.146666666666667
"5943",0.146666666666667
"5944",0.148333333333333
"5945",0.146666666666667
"5946",0.146666666666667
"5947",0.148333333333333
"5948",0.146666666666667
"5949",0.146666666666667
"5950",0.146666666666667
"5951",0.143333333333333
"5952",0.145
"5953",0.143333333333333
"5954",0.145
"5955",0.145
"5956",0.145
"5957",0.143333333333333
"5958",0.143333333333333
"5959",0.143333333333333
"5960",0.145
"5961",0.143333333333333
"5962",0.143333333333333
"5963",0.143333333333333
"5964",0.143333333333333
"5965",0.143333333333333
"5966",0.143333333333333
"5967",0.145
"5968",0.143333333333333
"5969",0.143333333333333
"5970",0.141666666666667
"5971",0.143333333333333
"5972",0.143333333333333
"5973",0.143333333333333
"5974",0.143333333333333
"5975",0.143333333333333
"5976",0.143333333333333
"5977",0.143333333333333
"5978",0.143333333333333
"5979",0.143333333333333
"5980",0.145
"5981",0.143333333333333
"5982",0.143333333333333
"5983",0.143333333333333
"5984",0.143333333333333
"5985",0.145
"5986",0.145
"5987",0.143333333333333
"5988",0.143333333333333
"5989",0.143333333333333
"5990",0.143333333333333
"5991",0.143333333333333
"5992",0.143333333333333
"5993",0.143333333333333
"5994",0.145
"5995",0.143333333333333
"5996",0.143333333333333
"5997",0.145
"5998",0.143333333333333
"5999",0.143333333333333
"6000",0.143333333333333
"6001",0.143333333333333
"6002",0.145
"6003",0.143333333333333
"6004",0.145
"6005",0.145
"6006",0.145
"6007",0.143333333333333
"6008",0.143333333333333
"6009",0.143333333333333
"6010",0.145
"6011",0.143333333333333
"6012",0.143333333333333
"6013",0.143333333333333
"6014",0.143333333333333
"6015",0.143333333333333
"6016",0.143333333333333
"6017",0.145
"6018",0.143333333333333
"6019",0.143333333333333
"6020",0.141666666666667
"6021",0.143333333333333
"6022",0.143333333333333
"6023",0.143333333333333
"6024",0.143333333333333
"6025",0.143333333333333
"6026",0.143333333333333
"6027",0.143333333333333
"6028",0.143333333333333
"6029",0.143333333333333
"6030",0.145
"6031",0.143333333333333
"6032",0.143333333333333
"6033",0.143333333333333
"6034",0.143333333333333
"6035",0.145
"6036",0.145
"6037",0.143333333333333
"6038",0.143333333333333
"6039",0.143333333333333
"6040",0.143333333333333
"6041",0.143333333333333
"6042",0.143333333333333
"6043",0.143333333333333
"6044",0.145
"6045",0.143333333333333
"6046",0.143333333333333
"6047",0.145
"6048",0.143333333333333
"6049",0.143333333333333
"6050",0.143333333333333
"6051",0.143333333333333
"6052",0.145
"6053",0.143333333333333
"6054",0.145
"6055",0.145
"6056",0.145
"6057",0.143333333333333
"6058",0.143333333333333
"6059",0.143333333333333
"6060",0.145
"6061",0.143333333333333
"6062",0.143333333333333
"6063",0.143333333333333
"6064",0.143333333333333
"6065",0.143333333333333
"6066",0.143333333333333
"6067",0.145
"6068",0.143333333333333
"6069",0.143333333333333
"6070",0.141666666666667
"6071",0.143333333333333
"6072",0.143333333333333
"6073",0.143333333333333
"6074",0.143333333333333
"6075",0.143333333333333
"6076",0.143333333333333
"6077",0.143333333333333
"6078",0.143333333333333
"6079",0.143333333333333
"6080",0.145
"6081",0.143333333333333
"6082",0.143333333333333
"6083",0.143333333333333
"6084",0.143333333333333
"6085",0.145
"6086",0.145
"6087",0.143333333333333
"6088",0.143333333333333
"6089",0.143333333333333
"6090",0.143333333333333
"6091",0.143333333333333
"6092",0.143333333333333
"6093",0.143333333333333
"6094",0.145
"6095",0.143333333333333
"6096",0.143333333333333
"6097",0.145
"6098",0.143333333333333
"6099",0.143333333333333
"6100",0.143333333333333
"6101",0.143333333333333
"6102",0.145
"6103",0.143333333333333
"6104",0.145
"6105",0.145
"6106",0.145
"6107",0.143333333333333
"6108",0.143333333333333
"6109",0.143333333333333
"6110",0.145
"6111",0.143333333333333
"6112",0.143333333333333
"6113",0.143333333333333
"6114",0.143333333333333
"6115",0.143333333333333
"6116",0.143333333333333
"6117",0.145
"6118",0.143333333333333
"6119",0.143333333333333
"6120",0.141666666666667
"6121",0.143333333333333
"6122",0.143333333333333
"6123",0.143333333333333
"6124",0.143333333333333
"6125",0.143333333333333
"6126",0.143333333333333
"6127",0.143333333333333
"6128",0.143333333333333
"6129",0.143333333333333
"6130",0.145
"6131",0.143333333333333
"6132",0.143333333333333
"6133",0.143333333333333
"6134",0.143333333333333
"6135",0.145
"6136",0.145
"6137",0.143333333333333
"6138",0.143333333333333
"6139",0.143333333333333
"6140",0.143333333333333
"6141",0.143333333333333
"6142",0.143333333333333
"6143",0.143333333333333
"6144",0.145
"6145",0.143333333333333
"6146",0.143333333333333
"6147",0.145
"6148",0.143333333333333
"6149",0.143333333333333
"6150",0.143333333333333
"6151",0.143333333333333
"6152",0.145
"6153",0.143333333333333
"6154",0.145
"6155",0.145
"6156",0.145
"6157",0.143333333333333
"6158",0.143333333333333
"6159",0.143333333333333
"6160",0.145
"6161",0.143333333333333
"6162",0.143333333333333
"6163",0.143333333333333
"6164",0.143333333333333
"6165",0.143333333333333
"6166",0.143333333333333
"6167",0.145
"6168",0.143333333333333
"6169",0.143333333333333
"6170",0.141666666666667
"6171",0.143333333333333
"6172",0.143333333333333
"6173",0.143333333333333
"6174",0.143333333333333
"6175",0.143333333333333
"6176",0.143333333333333
"6177",0.143333333333333
"6178",0.143333333333333
"6179",0.143333333333333
"6180",0.145
"6181",0.143333333333333
"6182",0.143333333333333
"6183",0.143333333333333
"6184",0.143333333333333
"6185",0.145
"6186",0.145
"6187",0.143333333333333
"6188",0.143333333333333
"6189",0.143333333333333
"6190",0.143333333333333
"6191",0.143333333333333
"6192",0.143333333333333
"6193",0.143333333333333
"6194",0.145
"6195",0.143333333333333
"6196",0.143333333333333
"6197",0.145
"6198",0.143333333333333
"6199",0.143333333333333
"6200",0.143333333333333
"6201",0.143333333333333
"6202",0.145
"6203",0.143333333333333
"6204",0.145
"6205",0.145
"6206",0.145
"6207",0.143333333333333
"6208",0.143333333333333
"6209",0.143333333333333
"6210",0.145
"6211",0.143333333333333
"6212",0.143333333333333
"6213",0.143333333333333
"6214",0.143333333333333
"6215",0.143333333333333
"6216",0.143333333333333
"6217",0.145
"6218",0.143333333333333
"6219",0.143333333333333
"6220",0.141666666666667
"6221",0.143333333333333
"6222",0.143333333333333
"6223",0.143333333333333
"6224",0.143333333333333
"6225",0.143333333333333
"6226",0.143333333333333
"6227",0.143333333333333
"6228",0.143333333333333
"6229",0.143333333333333
"6230",0.145
"6231",0.143333333333333
"6232",0.143333333333333
"6233",0.143333333333333
"6234",0.143333333333333
"6235",0.145
"6236",0.145
"6237",0.143333333333333
"6238",0.143333333333333
"6239",0.143333333333333
"6240",0.143333333333333
"6241",0.143333333333333
"6242",0.143333333333333
"6243",0.143333333333333
"6244",0.145
"6245",0.143333333333333
"6246",0.143333333333333
"6247",0.145
"6248",0.143333333333333
"6249",0.143333333333333
"6250",0.143333333333333
"6251",0.143333333333333
"6252",0.145
"6253",0.143333333333333
"6254",0.145
"6255",0.145
"6256",0.145
"6257",0.143333333333333
"6258",0.143333333333333
"6259",0.143333333333333
"6260",0.145
"6261",0.143333333333333
"6262",0.143333333333333
"6263",0.143333333333333
"6264",0.143333333333333
"6265",0.143333333333333
"6266",0.143333333333333
"6267",0.145
"6268",0.143333333333333
"6269",0.143333333333333
"6270",0.141666666666667
"6271",0.143333333333333
"6272",0.143333333333333
"6273",0.143333333333333
"6274",0.143333333333333
"6275",0.143333333333333
"6276",0.143333333333333
"6277",0.143333333333333
"6278",0.143333333333333
"6279",0.143333333333333
"6280",0.145
"6281",0.143333333333333
"6282",0.143333333333333
"6283",0.143333333333333
"6284",0.143333333333333
"6285",0.145
"6286",0.145
"6287",0.143333333333333
"6288",0.143333333333333
"6289",0.143333333333333
"6290",0.143333333333333
"6291",0.143333333333333
"6292",0.143333333333333
"6293",0.143333333333333
"6294",0.145
"6295",0.143333333333333
"6296",0.143333333333333
"6297",0.145
"6298",0.143333333333333
"6299",0.143333333333333
"6300",0.143333333333333
"6301",0.143333333333333
"6302",0.145
"6303",0.143333333333333
"6304",0.145
"6305",0.145
"6306",0.145
"6307",0.143333333333333
"6308",0.143333333333333
"6309",0.143333333333333
"6310",0.145
"6311",0.143333333333333
"6312",0.143333333333333
"6313",0.143333333333333
"6314",0.143333333333333
"6315",0.143333333333333
"6316",0.143333333333333
"6317",0.145
"6318",0.143333333333333
"6319",0.143333333333333
"6320",0.141666666666667
"6321",0.143333333333333
"6322",0.143333333333333
"6323",0.143333333333333
"6324",0.143333333333333
"6325",0.143333333333333
"6326",0.143333333333333
"6327",0.143333333333333
"6328",0.143333333333333
"6329",0.143333333333333
"6330",0.145
"6331",0.143333333333333
"6332",0.143333333333333
"6333",0.143333333333333
"6334",0.143333333333333
"6335",0.145
"6336",0.145
"6337",0.143333333333333
"6338",0.143333333333333
"6339",0.143333333333333
"6340",0.143333333333333
"6341",0.143333333333333
"6342",0.143333333333333
"6343",0.143333333333333
"6344",0.145
"6345",0.143333333333333
"6346",0.143333333333333
"6347",0.145
"6348",0.143333333333333
"6349",0.143333333333333
"6350",0.143333333333333
"6351",0.143333333333333
"6352",0.145
"6353",0.143333333333333
"6354",0.145
"6355",0.145
"6356",0.145
"6357",0.143333333333333
"6358",0.143333333333333
"6359",0.143333333333333
"6360",0.145
"6361",0.143333333333333
"6362",0.143333333333333
"6363",0.143333333333333
"6364",0.143333333333333
"6365",0.143333333333333
"6366",0.143333333333333
"6367",0.145
"6368",0.143333333333333
"6369",0.143333333333333
"6370",0.141666666666667
"6371",0.143333333333333
"6372",0.143333333333333
"6373",0.143333333333333
"6374",0.143333333333333
"6375",0.143333333333333
"6376",0.143333333333333
"6377",0.143333333333333
"6378",0.143333333333333
"6379",0.143333333333333
"6380",0.145
"6381",0.143333333333333
"6382",0.143333333333333
"6383",0.143333333333333
"6384",0.143333333333333
"6385",0.145
"6386",0.145
"6387",0.143333333333333
"6388",0.143333333333333
"6389",0.143333333333333
"6390",0.143333333333333
"6391",0.143333333333333
"6392",0.143333333333333
"6393",0.143333333333333
"6394",0.145
"6395",0.143333333333333
"6396",0.143333333333333
"6397",0.145
"6398",0.143333333333333
"6399",0.143333333333333
"6400",0.143333333333333
"6401",0.143333333333333
"6402",0.145
"6403",0.143333333333333
"6404",0.145
"6405",0.145
"6406",0.145
"6407",0.143333333333333
"6408",0.143333333333333
"6409",0.143333333333333
"6410",0.145
"6411",0.143333333333333
"6412",0.143333333333333
"6413",0.143333333333333
"6414",0.143333333333333
"6415",0.143333333333333
"6416",0.143333333333333
"6417",0.145
"6418",0.143333333333333
"6419",0.143333333333333
"6420",0.141666666666667
"6421",0.143333333333333
"6422",0.143333333333333
"6423",0.143333333333333
"6424",0.143333333333333
"6425",0.143333333333333
"6426",0.143333333333333
"6427",0.143333333333333
"6428",0.143333333333333
"6429",0.143333333333333
"6430",0.145
"6431",0.143333333333333
"6432",0.143333333333333
"6433",0.143333333333333
"6434",0.143333333333333
"6435",0.145
"6436",0.145
"6437",0.143333333333333
"6438",0.143333333333333
"6439",0.143333333333333
"6440",0.143333333333333
"6441",0.143333333333333
"6442",0.143333333333333
"6443",0.143333333333333
"6444",0.145
"6445",0.143333333333333
"6446",0.143333333333333
"6447",0.145
"6448",0.143333333333333
"6449",0.143333333333333
"6450",0.143333333333333
"6451",0.143333333333333
"6452",0.145
"6453",0.143333333333333
"6454",0.145
"6455",0.145
"6456",0.145
"6457",0.143333333333333
"6458",0.143333333333333
"6459",0.143333333333333
"6460",0.145
"6461",0.143333333333333
"6462",0.143333333333333
"6463",0.143333333333333
"6464",0.143333333333333
"6465",0.143333333333333
"6466",0.143333333333333
"6467",0.145
"6468",0.143333333333333
"6469",0.143333333333333
"6470",0.141666666666667
"6471",0.143333333333333
"6472",0.143333333333333
"6473",0.143333333333333
"6474",0.143333333333333
"6475",0.143333333333333
"6476",0.143333333333333
"6477",0.143333333333333
"6478",0.143333333333333
"6479",0.143333333333333
"6480",0.145
"6481",0.143333333333333
"6482",0.143333333333333
"6483",0.143333333333333
"6484",0.143333333333333
"6485",0.145
"6486",0.145
"6487",0.143333333333333
"6488",0.143333333333333
"6489",0.143333333333333
"6490",0.143333333333333
"6491",0.143333333333333
"6492",0.143333333333333
"6493",0.143333333333333
"6494",0.145
"6495",0.143333333333333
"6496",0.143333333333333
"6497",0.145
"6498",0.143333333333333
"6499",0.143333333333333
"6500",0.143333333333333
"6501",0.143333333333333
"6502",0.145
"6503",0.143333333333333
"6504",0.145
"6505",0.145
"6506",0.145
"6507",0.143333333333333
"6508",0.143333333333333
"6509",0.143333333333333
"6510",0.145
"6511",0.143333333333333
"6512",0.143333333333333
"6513",0.143333333333333
"6514",0.143333333333333
"6515",0.143333333333333
"6516",0.143333333333333
"6517",0.145
"6518",0.143333333333333
"6519",0.143333333333333
"6520",0.141666666666667
"6521",0.143333333333333
"6522",0.143333333333333
"6523",0.143333333333333
"6524",0.143333333333333
"6525",0.143333333333333
"6526",0.143333333333333
"6527",0.143333333333333
"6528",0.143333333333333
"6529",0.143333333333333
"6530",0.145
"6531",0.143333333333333
"6532",0.143333333333333
"6533",0.143333333333333
"6534",0.143333333333333
"6535",0.145
"6536",0.145
"6537",0.143333333333333
"6538",0.143333333333333
"6539",0.143333333333333
"6540",0.143333333333333
"6541",0.143333333333333
"6542",0.143333333333333
"6543",0.143333333333333
"6544",0.145
"6545",0.143333333333333
"6546",0.143333333333333
"6547",0.145
"6548",0.143333333333333
"6549",0.143333333333333
"6550",0.143333333333333
"6551",0.143333333333333
"6552",0.145
"6553",0.143333333333333
"6554",0.145
"6555",0.145
"6556",0.145
"6557",0.143333333333333
"6558",0.143333333333333
"6559",0.143333333333333
"6560",0.145
"6561",0.143333333333333
"6562",0.143333333333333
"6563",0.143333333333333
"6564",0.143333333333333
"6565",0.143333333333333
"6566",0.143333333333333
"6567",0.145
"6568",0.143333333333333
"6569",0.143333333333333
"6570",0.141666666666667
"6571",0.143333333333333
"6572",0.143333333333333
"6573",0.143333333333333
"6574",0.143333333333333
"6575",0.143333333333333
"6576",0.143333333333333
"6577",0.143333333333333
"6578",0.143333333333333
"6579",0.143333333333333
"6580",0.145
"6581",0.143333333333333
"6582",0.143333333333333
"6583",0.143333333333333
"6584",0.143333333333333
"6585",0.145
"6586",0.145
"6587",0.143333333333333
"6588",0.143333333333333
"6589",0.143333333333333
"6590",0.143333333333333
"6591",0.143333333333333
"6592",0.143333333333333
"6593",0.143333333333333
"6594",0.145
"6595",0.143333333333333
"6596",0.143333333333333
"6597",0.145
"6598",0.143333333333333
"6599",0.143333333333333
"6600",0.143333333333333
"6601",0.143333333333333
"6602",0.145
"6603",0.143333333333333
"6604",0.145
"6605",0.145
"6606",0.145
"6607",0.143333333333333
"6608",0.143333333333333
"6609",0.143333333333333
"6610",0.145
"6611",0.143333333333333
"6612",0.143333333333333
"6613",0.143333333333333
"6614",0.143333333333333
"6615",0.143333333333333
"6616",0.143333333333333
"6617",0.145
"6618",0.143333333333333
"6619",0.143333333333333
"6620",0.141666666666667
"6621",0.143333333333333
"6622",0.143333333333333
"6623",0.143333333333333
"6624",0.143333333333333
"6625",0.143333333333333
"6626",0.143333333333333
"6627",0.143333333333333
"6628",0.143333333333333
"6629",0.143333333333333
"6630",0.145
"6631",0.143333333333333
"6632",0.143333333333333
"6633",0.143333333333333
"6634",0.143333333333333
"6635",0.145
"6636",0.145
"6637",0.143333333333333
"6638",0.143333333333333
"6639",0.143333333333333
"6640",0.143333333333333
"6641",0.143333333333333
"6642",0.143333333333333
"6643",0.143333333333333
"6644",0.145
"6645",0.143333333333333
"6646",0.143333333333333
"6647",0.145
"6648",0.143333333333333
"6649",0.143333333333333
"6650",0.143333333333333
"6651",0.146666666666667
"6652",0.143333333333333
"6653",0.145
"6654",0.146666666666667
"6655",0.146666666666667
"6656",0.145
"6657",0.145
"6658",0.145
"6659",0.145
"6660",0.146666666666667
"6661",0.145
"6662",0.145
"6663",0.145
"6664",0.145
"6665",0.145
"6666",0.145
"6667",0.146666666666667
"6668",0.145
"6669",0.145
"6670",0.143333333333333
"6671",0.146666666666667
"6672",0.145
"6673",0.145
"6674",0.145
"6675",0.145
"6676",0.145
"6677",0.146666666666667
"6678",0.145
"6679",0.145
"6680",0.145
"6681",0.145
"6682",0.145
"6683",0.145
"6684",0.145
"6685",0.146666666666667
"6686",0.145
"6687",0.145
"6688",0.145
"6689",0.145
"6690",0.145
"6691",0.145
"6692",0.145
"6693",0.145
"6694",0.146666666666667
"6695",0.146666666666667
"6696",0.145
"6697",0.145
"6698",0.145
"6699",0.145
"6700",0.145
"6701",0.146666666666667
"6702",0.143333333333333
"6703",0.145
"6704",0.146666666666667
"6705",0.146666666666667
"6706",0.145
"6707",0.145
"6708",0.145
"6709",0.145
"6710",0.146666666666667
"6711",0.145
"6712",0.145
"6713",0.145
"6714",0.145
"6715",0.145
"6716",0.145
"6717",0.146666666666667
"6718",0.145
"6719",0.145
"6720",0.143333333333333
"6721",0.146666666666667
"6722",0.145
"6723",0.145
"6724",0.145
"6725",0.145
"6726",0.145
"6727",0.146666666666667
"6728",0.145
"6729",0.145
"6730",0.145
"6731",0.145
"6732",0.145
"6733",0.145
"6734",0.145
"6735",0.146666666666667
"6736",0.145
"6737",0.145
"6738",0.145
"6739",0.145
"6740",0.145
"6741",0.145
"6742",0.145
"6743",0.145
"6744",0.146666666666667
"6745",0.146666666666667
"6746",0.145
"6747",0.145
"6748",0.145
"6749",0.145
"6750",0.145
"6751",0.138333333333333
"6752",0.138333333333333
"6753",0.14
"6754",0.141666666666667
"6755",0.141666666666667
"6756",0.14
"6757",0.14
"6758",0.14
"6759",0.14
"6760",0.141666666666667
"6761",0.14
"6762",0.14
"6763",0.14
"6764",0.14
"6765",0.14
"6766",0.14
"6767",0.141666666666667
"6768",0.14
"6769",0.14
"6770",0.138333333333333
"6771",0.138333333333333
"6772",0.141666666666667
"6773",0.14
"6774",0.14
"6775",0.14
"6776",0.14
"6777",0.141666666666667
"6778",0.14
"6779",0.14
"6780",0.141666666666667
"6781",0.14
"6782",0.14
"6783",0.14
"6784",0.14
"6785",0.141666666666667
"6786",0.141666666666667
"6787",0.14
"6788",0.14
"6789",0.14
"6790",0.14
"6791",0.14
"6792",0.14
"6793",0.14
"6794",0.138333333333333
"6795",0.141666666666667
"6796",0.14
"6797",0.141666666666667
"6798",0.14
"6799",0.14
"6800",0.14
"6801",0.143333333333333
"6802",0.143333333333333
"6803",0.145
"6804",0.146666666666667
"6805",0.146666666666667
"6806",0.145
"6807",0.145
"6808",0.145
"6809",0.145
"6810",0.146666666666667
"6811",0.145
"6812",0.145
"6813",0.145
"6814",0.145
"6815",0.145
"6816",0.145
"6817",0.146666666666667
"6818",0.145
"6819",0.145
"6820",0.143333333333333
"6821",0.143333333333333
"6822",0.146666666666667
"6823",0.145
"6824",0.145
"6825",0.145
"6826",0.145
"6827",0.143333333333333
"6828",0.145
"6829",0.145
"6830",0.146666666666667
"6831",0.145
"6832",0.145
"6833",0.145
"6834",0.145
"6835",0.146666666666667
"6836",0.146666666666667
"6837",0.145
"6838",0.145
"6839",0.145
"6840",0.145
"6841",0.145
"6842",0.145
"6843",0.145
"6844",0.143333333333333
"6845",0.145
"6846",0.145
"6847",0.146666666666667
"6848",0.145
"6849",0.145
"6850",0.145
"6851",0.141666666666667
"6852",0.141666666666667
"6853",0.143333333333333
"6854",0.145
"6855",0.145
"6856",0.143333333333333
"6857",0.143333333333333
"6858",0.143333333333333
"6859",0.143333333333333
"6860",0.145
"6861",0.143333333333333
"6862",0.143333333333333
"6863",0.143333333333333
"6864",0.143333333333333
"6865",0.143333333333333
"6866",0.143333333333333
"6867",0.145
"6868",0.143333333333333
"6869",0.143333333333333
"6870",0.141666666666667
"6871",0.141666666666667
"6872",0.145
"6873",0.143333333333333
"6874",0.143333333333333
"6875",0.143333333333333
"6876",0.143333333333333
"6877",0.141666666666667
"6878",0.143333333333333
"6879",0.143333333333333
"6880",0.145
"6881",0.143333333333333
"6882",0.143333333333333
"6883",0.143333333333333
"6884",0.143333333333333
"6885",0.145
"6886",0.145
"6887",0.143333333333333
"6888",0.143333333333333
"6889",0.143333333333333
"6890",0.143333333333333
"6891",0.143333333333333
"6892",0.143333333333333
"6893",0.143333333333333
"6894",0.141666666666667
"6895",0.143333333333333
"6896",0.143333333333333
"6897",0.145
"6898",0.143333333333333
"6899",0.143333333333333
"6900",0.143333333333333
"6901",0.138333333333333
"6902",0.138333333333333
"6903",0.14
"6904",0.141666666666667
"6905",0.141666666666667
"6906",0.14
"6907",0.14
"6908",0.14
"6909",0.14
"6910",0.141666666666667
"6911",0.14
"6912",0.14
"6913",0.14
"6914",0.14
"6915",0.14
"6916",0.14
"6917",0.141666666666667
"6918",0.14
"6919",0.14
"6920",0.138333333333333
"6921",0.138333333333333
"6922",0.141666666666667
"6923",0.14
"6924",0.14
"6925",0.14
"6926",0.14
"6927",0.141666666666667
"6928",0.14
"6929",0.14
"6930",0.141666666666667
"6931",0.14
"6932",0.14
"6933",0.14
"6934",0.14
"6935",0.141666666666667
"6936",0.141666666666667
"6937",0.14
"6938",0.14
"6939",0.14
"6940",0.14
"6941",0.14
"6942",0.14
"6943",0.14
"6944",0.138333333333333
"6945",0.141666666666667
"6946",0.14
"6947",0.141666666666667
"6948",0.14
"6949",0.14
"6950",0.14
"6951",0.138333333333333
"6952",0.138333333333333
"6953",0.14
"6954",0.141666666666667
"6955",0.141666666666667
"6956",0.14
"6957",0.14
"6958",0.14
"6959",0.14
"6960",0.141666666666667
"6961",0.14
"6962",0.14
"6963",0.14
"6964",0.14
"6965",0.14
"6966",0.14
"6967",0.141666666666667
"6968",0.14
"6969",0.14
"6970",0.138333333333333
"6971",0.138333333333333
"6972",0.141666666666667
"6973",0.14
"6974",0.14
"6975",0.14
"6976",0.14
"6977",0.141666666666667
"6978",0.14
"6979",0.14
"6980",0.141666666666667
"6981",0.14
"6982",0.14
"6983",0.14
"6984",0.14
"6985",0.141666666666667
"6986",0.141666666666667
"6987",0.14
"6988",0.14
"6989",0.14
"6990",0.14
"6991",0.14
"6992",0.14
"6993",0.14
"6994",0.138333333333333
"6995",0.141666666666667
"6996",0.14
"6997",0.141666666666667
"6998",0.14
"6999",0.14
"7000",0.14
"7001",0.14
"7002",0.14
"7003",0.141666666666667
"7004",0.143333333333333
"7005",0.143333333333333
"7006",0.141666666666667
"7007",0.141666666666667
"7008",0.141666666666667
"7009",0.141666666666667
"7010",0.143333333333333
"7011",0.141666666666667
"7012",0.141666666666667
"7013",0.141666666666667
"7014",0.141666666666667
"7015",0.141666666666667
"7016",0.141666666666667
"7017",0.143333333333333
"7018",0.141666666666667
"7019",0.141666666666667
"7020",0.14
"7021",0.14
"7022",0.143333333333333
"7023",0.141666666666667
"7024",0.141666666666667
"7025",0.141666666666667
"7026",0.141666666666667
"7027",0.14
"7028",0.141666666666667
"7029",0.141666666666667
"7030",0.143333333333333
"7031",0.141666666666667
"7032",0.141666666666667
"7033",0.141666666666667
"7034",0.141666666666667
"7035",0.143333333333333
"7036",0.143333333333333
"7037",0.141666666666667
"7038",0.141666666666667
"7039",0.141666666666667
"7040",0.141666666666667
"7041",0.141666666666667
"7042",0.141666666666667
"7043",0.141666666666667
"7044",0.14
"7045",0.141666666666667
"7046",0.141666666666667
"7047",0.143333333333333
"7048",0.141666666666667
"7049",0.141666666666667
"7050",0.141666666666667
"7051",0.141666666666667
"7052",0.141666666666667
"7053",0.143333333333333
"7054",0.145
"7055",0.145
"7056",0.143333333333333
"7057",0.143333333333333
"7058",0.143333333333333
"7059",0.143333333333333
"7060",0.145
"7061",0.143333333333333
"7062",0.143333333333333
"7063",0.143333333333333
"7064",0.143333333333333
"7065",0.143333333333333
"7066",0.143333333333333
"7067",0.145
"7068",0.143333333333333
"7069",0.143333333333333
"7070",0.141666666666667
"7071",0.141666666666667
"7072",0.145
"7073",0.143333333333333
"7074",0.143333333333333
"7075",0.143333333333333
"7076",0.143333333333333
"7077",0.141666666666667
"7078",0.143333333333333
"7079",0.143333333333333
"7080",0.145
"7081",0.143333333333333
"7082",0.143333333333333
"7083",0.143333333333333
"7084",0.143333333333333
"7085",0.145
"7086",0.145
"7087",0.143333333333333
"7088",0.143333333333333
"7089",0.143333333333333
"7090",0.143333333333333
"7091",0.143333333333333
"7092",0.143333333333333
"7093",0.143333333333333
"7094",0.141666666666667
"7095",0.143333333333333
"7096",0.143333333333333
"7097",0.145
"7098",0.143333333333333
"7099",0.143333333333333
"7100",0.143333333333333
"7101",0.141666666666667
"7102",0.141666666666667
"7103",0.143333333333333
"7104",0.145
"7105",0.145
"7106",0.143333333333333
"7107",0.143333333333333
"7108",0.143333333333333
"7109",0.143333333333333
"7110",0.145
"7111",0.143333333333333
"7112",0.143333333333333
"7113",0.143333333333333
"7114",0.143333333333333
"7115",0.143333333333333
"7116",0.143333333333333
"7117",0.145
"7118",0.143333333333333
"7119",0.143333333333333
"7120",0.141666666666667
"7121",0.141666666666667
"7122",0.145
"7123",0.143333333333333
"7124",0.143333333333333
"7125",0.143333333333333
"7126",0.143333333333333
"7127",0.141666666666667
"7128",0.143333333333333
"7129",0.143333333333333
"7130",0.145
"7131",0.143333333333333
"7132",0.143333333333333
"7133",0.143333333333333
"7134",0.143333333333333
"7135",0.145
"7136",0.145
"7137",0.143333333333333
"7138",0.143333333333333
"7139",0.143333333333333
"7140",0.143333333333333
"7141",0.143333333333333
"7142",0.143333333333333
"7143",0.143333333333333
"7144",0.141666666666667
"7145",0.143333333333333
"7146",0.143333333333333
"7147",0.145
"7148",0.143333333333333
"7149",0.143333333333333
"7150",0.143333333333333
"7151",0.135
"7152",0.136666666666667
"7153",0.135
"7154",0.136666666666667
"7155",0.136666666666667
"7156",0.135
"7157",0.135
"7158",0.135
"7159",0.135
"7160",0.136666666666667
"7161",0.135
"7162",0.135
"7163",0.135
"7164",0.135
"7165",0.135
"7166",0.135
"7167",0.136666666666667
"7168",0.135
"7169",0.135
"7170",0.133333333333333
"7171",0.135
"7172",0.133333333333333
"7173",0.135
"7174",0.135
"7175",0.135
"7176",0.135
"7177",0.136666666666667
"7178",0.135
"7179",0.135
"7180",0.136666666666667
"7181",0.135
"7182",0.135
"7183",0.135
"7184",0.135
"7185",0.136666666666667
"7186",0.136666666666667
"7187",0.135
"7188",0.135
"7189",0.135
"7190",0.135
"7191",0.135
"7192",0.135
"7193",0.135
"7194",0.135
"7195",0.136666666666667
"7196",0.135
"7197",0.136666666666667
"7198",0.135
"7199",0.135
"7200",0.135
"7201",0.135
"7202",0.136666666666667
"7203",0.135
"7204",0.136666666666667
"7205",0.136666666666667
"7206",0.135
"7207",0.135
"7208",0.135
"7209",0.135
"7210",0.136666666666667
"7211",0.135
"7212",0.135
"7213",0.135
"7214",0.135
"7215",0.135
"7216",0.135
"7217",0.136666666666667
"7218",0.135
"7219",0.135
"7220",0.133333333333333
"7221",0.135
"7222",0.133333333333333
"7223",0.135
"7224",0.135
"7225",0.135
"7226",0.135
"7227",0.136666666666667
"7228",0.135
"7229",0.135
"7230",0.136666666666667
"7231",0.135
"7232",0.135
"7233",0.135
"7234",0.135
"7235",0.136666666666667
"7236",0.136666666666667
"7237",0.135
"7238",0.135
"7239",0.135
"7240",0.135
"7241",0.135
"7242",0.135
"7243",0.135
"7244",0.135
"7245",0.136666666666667
"7246",0.135
"7247",0.136666666666667
"7248",0.135
"7249",0.135
"7250",0.135
"7251",0.135
"7252",0.136666666666667
"7253",0.135
"7254",0.136666666666667
"7255",0.136666666666667
"7256",0.135
"7257",0.135
"7258",0.135
"7259",0.135
"7260",0.136666666666667
"7261",0.135
"7262",0.135
"7263",0.135
"7264",0.135
"7265",0.135
"7266",0.135
"7267",0.136666666666667
"7268",0.135
"7269",0.135
"7270",0.133333333333333
"7271",0.135
"7272",0.133333333333333
"7273",0.135
"7274",0.135
"7275",0.135
"7276",0.135
"7277",0.136666666666667
"7278",0.135
"7279",0.135
"7280",0.136666666666667
"7281",0.135
"7282",0.135
"7283",0.135
"7284",0.135
"7285",0.136666666666667
"7286",0.136666666666667
"7287",0.135
"7288",0.135
"7289",0.135
"7290",0.135
"7291",0.135
"7292",0.135
"7293",0.135
"7294",0.135
"7295",0.136666666666667
"7296",0.135
"7297",0.136666666666667
"7298",0.135
"7299",0.135
"7300",0.135
"7301",0.133333333333333
"7302",0.135
"7303",0.133333333333333
"7304",0.135
"7305",0.135
"7306",0.133333333333333
"7307",0.133333333333333
"7308",0.133333333333333
"7309",0.133333333333333
"7310",0.135
"7311",0.133333333333333
"7312",0.133333333333333
"7313",0.133333333333333
"7314",0.133333333333333
"7315",0.133333333333333
"7316",0.133333333333333
"7317",0.135
"7318",0.133333333333333
"7319",0.133333333333333
"7320",0.131666666666667
"7321",0.133333333333333
"7322",0.131666666666667
"7323",0.133333333333333
"7324",0.133333333333333
"7325",0.133333333333333
"7326",0.133333333333333
"7327",0.135
"7328",0.133333333333333
"7329",0.133333333333333
"7330",0.135
"7331",0.133333333333333
"7332",0.133333333333333
"7333",0.133333333333333
"7334",0.133333333333333
"7335",0.135
"7336",0.135
"7337",0.133333333333333
"7338",0.133333333333333
"7339",0.133333333333333
"7340",0.133333333333333
"7341",0.133333333333333
"7342",0.133333333333333
"7343",0.133333333333333
"7344",0.133333333333333
"7345",0.135
"7346",0.133333333333333
"7347",0.135
"7348",0.133333333333333
"7349",0.133333333333333
"7350",0.133333333333333
"7351",0.135
"7352",0.136666666666667
"7353",0.135
"7354",0.136666666666667
"7355",0.136666666666667
"7356",0.135
"7357",0.135
"7358",0.135
"7359",0.135
"7360",0.136666666666667
"7361",0.135
"7362",0.135
"7363",0.135
"7364",0.135
"7365",0.135
"7366",0.135
"7367",0.136666666666667
"7368",0.135
"7369",0.135
"7370",0.133333333333333
"7371",0.135
"7372",0.133333333333333
"7373",0.135
"7374",0.135
"7375",0.135
"7376",0.135
"7377",0.136666666666667
"7378",0.135
"7379",0.135
"7380",0.136666666666667
"7381",0.135
"7382",0.135
"7383",0.135
"7384",0.135
"7385",0.136666666666667
"7386",0.136666666666667
"7387",0.135
"7388",0.135
"7389",0.135
"7390",0.135
"7391",0.135
"7392",0.135
"7393",0.135
"7394",0.135
"7395",0.136666666666667
"7396",0.135
"7397",0.136666666666667
"7398",0.135
"7399",0.135
"7400",0.135
"7401",0.135
"7402",0.136666666666667
"7403",0.135
"7404",0.136666666666667
"7405",0.136666666666667
"7406",0.135
"7407",0.135
"7408",0.135
"7409",0.135
"7410",0.136666666666667
"7411",0.135
"7412",0.135
"7413",0.135
"7414",0.135
"7415",0.135
"7416",0.135
"7417",0.136666666666667
"7418",0.135
"7419",0.135
"7420",0.133333333333333
"7421",0.135
"7422",0.133333333333333
"7423",0.135
"7424",0.135
"7425",0.135
"7426",0.135
"7427",0.136666666666667
"7428",0.135
"7429",0.135
"7430",0.136666666666667
"7431",0.135
"7432",0.135
"7433",0.135
"7434",0.135
"7435",0.136666666666667
"7436",0.136666666666667
"7437",0.135
"7438",0.135
"7439",0.135
"7440",0.135
"7441",0.135
"7442",0.135
"7443",0.135
"7444",0.135
"7445",0.136666666666667
"7446",0.135
"7447",0.136666666666667
"7448",0.135
"7449",0.135
"7450",0.135
"7451",0.135
"7452",0.136666666666667
"7453",0.135
"7454",0.136666666666667
"7455",0.136666666666667
"7456",0.135
"7457",0.135
"7458",0.135
"7459",0.135
"7460",0.136666666666667
"7461",0.135
"7462",0.135
"7463",0.135
"7464",0.135
"7465",0.135
"7466",0.135
"7467",0.136666666666667
"7468",0.135
"7469",0.135
"7470",0.133333333333333
"7471",0.135
"7472",0.133333333333333
"7473",0.135
"7474",0.135
"7475",0.135
"7476",0.135
"7477",0.136666666666667
"7478",0.135
"7479",0.135
"7480",0.136666666666667
"7481",0.135
"7482",0.135
"7483",0.135
"7484",0.135
"7485",0.136666666666667
"7486",0.136666666666667
"7487",0.135
"7488",0.135
"7489",0.135
"7490",0.135
"7491",0.135
"7492",0.135
"7493",0.135
"7494",0.135
"7495",0.136666666666667
"7496",0.135
"7497",0.136666666666667
"7498",0.135
"7499",0.135
"7500",0.135
"7501",0.0933333333333333
"7502",0.0933333333333333
"7503",0.0916666666666667
"7504",0.0933333333333333
"7505",0.0933333333333333
"7506",0.0916666666666667
"7507",0.0916666666666667
"7508",0.0916666666666667
"7509",0.0916666666666667
"7510",0.0933333333333333
"7511",0.0916666666666667
"7512",0.0916666666666667
"7513",0.0916666666666667
"7514",0.0916666666666667
"7515",0.0916666666666667
"7516",0.0916666666666667
"7517",0.0933333333333333
"7518",0.0916666666666667
"7519",0.0916666666666667
"7520",0.09
"7521",0.0933333333333333
"7522",0.0916666666666667
"7523",0.0916666666666667
"7524",0.0916666666666667
"7525",0.0916666666666667
"7526",0.0916666666666667
"7527",0.09
"7528",0.0916666666666667
"7529",0.0916666666666667
"7530",0.0933333333333333
"7531",0.0916666666666667
"7532",0.0916666666666667
"7533",0.0916666666666667
"7534",0.0916666666666667
"7535",0.0933333333333333
"7536",0.0933333333333333
"7537",0.0916666666666667
"7538",0.0916666666666667
"7539",0.0916666666666667
"7540",0.0916666666666667
"7541",0.0916666666666667
"7542",0.0916666666666667
"7543",0.0916666666666667
"7544",0.0933333333333333
"7545",0.0916666666666667
"7546",0.0916666666666667
"7547",0.0933333333333333
"7548",0.0916666666666667
"7549",0.0916666666666667
"7550",0.0916666666666667
"7551",0.0933333333333333
"7552",0.0933333333333333
"7553",0.0916666666666667
"7554",0.0933333333333333
"7555",0.0933333333333333
"7556",0.0916666666666667
"7557",0.0916666666666667
"7558",0.0916666666666667
"7559",0.0916666666666667
"7560",0.0933333333333333
"7561",0.0916666666666667
"7562",0.0916666666666667
"7563",0.0916666666666667
"7564",0.0916666666666667
"7565",0.0916666666666667
"7566",0.0916666666666667
"7567",0.0933333333333333
"7568",0.0916666666666667
"7569",0.0916666666666667
"7570",0.09
"7571",0.0933333333333333
"7572",0.0916666666666667
"7573",0.0916666666666667
"7574",0.0916666666666667
"7575",0.0916666666666667
"7576",0.0916666666666667
"7577",0.09
"7578",0.0916666666666667
"7579",0.0916666666666667
"7580",0.0933333333333333
"7581",0.0916666666666667
"7582",0.0916666666666667
"7583",0.0916666666666667
"7584",0.0916666666666667
"7585",0.0933333333333333
"7586",0.0933333333333333
"7587",0.0916666666666667
"7588",0.0916666666666667
"7589",0.0916666666666667
"7590",0.0916666666666667
"7591",0.0916666666666667
"7592",0.0916666666666667
"7593",0.0916666666666667
"7594",0.0933333333333333
"7595",0.0916666666666667
"7596",0.0916666666666667
"7597",0.0933333333333333
"7598",0.0916666666666667
"7599",0.0916666666666667
"7600",0.0916666666666667
"7601",0.095
"7602",0.095
"7603",0.0933333333333333
"7604",0.095
"7605",0.095
"7606",0.0933333333333333
"7607",0.0933333333333333
"7608",0.0933333333333333
"7609",0.0933333333333333
"7610",0.095
"7611",0.0933333333333333
"7612",0.0933333333333333
"7613",0.0933333333333333
"7614",0.0933333333333333
"7615",0.0933333333333333
"7616",0.0933333333333333
"7617",0.095
"7618",0.0933333333333333
"7619",0.0933333333333333
"7620",0.0916666666666667
"7621",0.095
"7622",0.0933333333333333
"7623",0.0933333333333333
"7624",0.0933333333333333
"7625",0.0933333333333333
"7626",0.0933333333333333
"7627",0.0916666666666667
"7628",0.0933333333333333
"7629",0.0933333333333333
"7630",0.095
"7631",0.0933333333333333
"7632",0.0933333333333333
"7633",0.0933333333333333
"7634",0.0933333333333333
"7635",0.095
"7636",0.095
"7637",0.0933333333333333
"7638",0.0933333333333333
"7639",0.0933333333333333
"7640",0.0933333333333333
"7641",0.0933333333333333
"7642",0.0933333333333333
"7643",0.0933333333333333
"7644",0.0916666666666667
"7645",0.0933333333333333
"7646",0.0933333333333333
"7647",0.095
"7648",0.0933333333333333
"7649",0.0933333333333333
"7650",0.0933333333333333
"7651",0.138333333333333
"7652",0.138333333333333
"7653",0.138333333333333
"7654",0.14
"7655",0.14
"7656",0.136666666666667
"7657",0.138333333333333
"7658",0.138333333333333
"7659",0.138333333333333
"7660",0.14
"7661",0.138333333333333
"7662",0.138333333333333
"7663",0.138333333333333
"7664",0.138333333333333
"7665",0.138333333333333
"7666",0.138333333333333
"7667",0.14
"7668",0.138333333333333
"7669",0.138333333333333
"7670",0.136666666666667
"7671",0.138333333333333
"7672",0.138333333333333
"7673",0.138333333333333
"7674",0.138333333333333
"7675",0.138333333333333
"7676",0.138333333333333
"7677",0.14
"7678",0.138333333333333
"7679",0.138333333333333
"7680",0.138333333333333
"7681",0.138333333333333
"7682",0.138333333333333
"7683",0.138333333333333
"7684",0.138333333333333
"7685",0.14
"7686",0.138333333333333
"7687",0.138333333333333
"7688",0.138333333333333
"7689",0.138333333333333
"7690",0.138333333333333
"7691",0.138333333333333
"7692",0.138333333333333
"7693",0.138333333333333
"7694",0.136666666666667
"7695",0.14
"7696",0.138333333333333
"7697",0.138333333333333
"7698",0.138333333333333
"7699",0.138333333333333
"7700",0.138333333333333
"7701",0.138333333333333
"7702",0.138333333333333
"7703",0.138333333333333
"7704",0.14
"7705",0.14
"7706",0.136666666666667
"7707",0.138333333333333
"7708",0.138333333333333
"7709",0.138333333333333
"7710",0.14
"7711",0.138333333333333
"7712",0.138333333333333
"7713",0.138333333333333
"7714",0.138333333333333
"7715",0.138333333333333
"7716",0.138333333333333
"7717",0.14
"7718",0.138333333333333
"7719",0.138333333333333
"7720",0.136666666666667
"7721",0.138333333333333
"7722",0.138333333333333
"7723",0.138333333333333
"7724",0.138333333333333
"7725",0.138333333333333
"7726",0.138333333333333
"7727",0.14
"7728",0.138333333333333
"7729",0.138333333333333
"7730",0.138333333333333
"7731",0.138333333333333
"7732",0.138333333333333
"7733",0.138333333333333
"7734",0.138333333333333
"7735",0.14
"7736",0.138333333333333
"7737",0.138333333333333
"7738",0.138333333333333
"7739",0.138333333333333
"7740",0.138333333333333
"7741",0.138333333333333
"7742",0.138333333333333
"7743",0.138333333333333
"7744",0.136666666666667
"7745",0.14
"7746",0.138333333333333
"7747",0.138333333333333
"7748",0.138333333333333
"7749",0.138333333333333
"7750",0.138333333333333
"7751",0.136666666666667
"7752",0.136666666666667
"7753",0.136666666666667
"7754",0.138333333333333
"7755",0.138333333333333
"7756",0.135
"7757",0.136666666666667
"7758",0.136666666666667
"7759",0.136666666666667
"7760",0.138333333333333
"7761",0.136666666666667
"7762",0.136666666666667
"7763",0.136666666666667
"7764",0.136666666666667
"7765",0.136666666666667
"7766",0.136666666666667
"7767",0.138333333333333
"7768",0.136666666666667
"7769",0.136666666666667
"7770",0.135
"7771",0.136666666666667
"7772",0.136666666666667
"7773",0.136666666666667
"7774",0.136666666666667
"7775",0.136666666666667
"7776",0.136666666666667
"7777",0.138333333333333
"7778",0.136666666666667
"7779",0.136666666666667
"7780",0.136666666666667
"7781",0.136666666666667
"7782",0.136666666666667
"7783",0.136666666666667
"7784",0.136666666666667
"7785",0.138333333333333
"7786",0.136666666666667
"7787",0.136666666666667
"7788",0.136666666666667
"7789",0.136666666666667
"7790",0.136666666666667
"7791",0.136666666666667
"7792",0.136666666666667
"7793",0.136666666666667
"7794",0.135
"7795",0.138333333333333
"7796",0.136666666666667
"7797",0.136666666666667
"7798",0.136666666666667
"7799",0.136666666666667
"7800",0.136666666666667
"7801",0.136666666666667
"7802",0.136666666666667
"7803",0.136666666666667
"7804",0.138333333333333
"7805",0.138333333333333
"7806",0.135
"7807",0.136666666666667
"7808",0.136666666666667
"7809",0.136666666666667
"7810",0.138333333333333
"7811",0.136666666666667
"7812",0.136666666666667
"7813",0.136666666666667
"7814",0.136666666666667
"7815",0.136666666666667
"7816",0.136666666666667
"7817",0.138333333333333
"7818",0.136666666666667
"7819",0.136666666666667
"7820",0.135
"7821",0.136666666666667
"7822",0.136666666666667
"7823",0.136666666666667
"7824",0.136666666666667
"7825",0.136666666666667
"7826",0.136666666666667
"7827",0.138333333333333
"7828",0.136666666666667
"7829",0.136666666666667
"7830",0.136666666666667
"7831",0.136666666666667
"7832",0.136666666666667
"7833",0.136666666666667
"7834",0.136666666666667
"7835",0.138333333333333
"7836",0.136666666666667
"7837",0.136666666666667
"7838",0.136666666666667
"7839",0.136666666666667
"7840",0.136666666666667
"7841",0.136666666666667
"7842",0.136666666666667
"7843",0.136666666666667
"7844",0.135
"7845",0.138333333333333
"7846",0.136666666666667
"7847",0.136666666666667
"7848",0.136666666666667
"7849",0.136666666666667
"7850",0.136666666666667
"7851",0.138333333333333
"7852",0.138333333333333
"7853",0.138333333333333
"7854",0.14
"7855",0.14
"7856",0.136666666666667
"7857",0.138333333333333
"7858",0.138333333333333
"7859",0.138333333333333
"7860",0.14
"7861",0.138333333333333
"7862",0.138333333333333
"7863",0.138333333333333
"7864",0.138333333333333
"7865",0.138333333333333
"7866",0.138333333333333
"7867",0.14
"7868",0.138333333333333
"7869",0.138333333333333
"7870",0.136666666666667
"7871",0.138333333333333
"7872",0.138333333333333
"7873",0.138333333333333
"7874",0.138333333333333
"7875",0.138333333333333
"7876",0.138333333333333
"7877",0.14
"7878",0.138333333333333
"7879",0.138333333333333
"7880",0.138333333333333
"7881",0.138333333333333
"7882",0.138333333333333
"7883",0.138333333333333
"7884",0.138333333333333
"7885",0.14
"7886",0.138333333333333
"7887",0.138333333333333
"7888",0.138333333333333
"7889",0.138333333333333
"7890",0.138333333333333
"7891",0.138333333333333
"7892",0.138333333333333
"7893",0.138333333333333
"7894",0.14
"7895",0.14
"7896",0.138333333333333
"7897",0.138333333333333
"7898",0.138333333333333
"7899",0.138333333333333
"7900",0.138333333333333
"7901",0.138333333333333
"7902",0.138333333333333
"7903",0.138333333333333
"7904",0.14
"7905",0.14
"7906",0.136666666666667
"7907",0.138333333333333
"7908",0.138333333333333
"7909",0.138333333333333
"7910",0.14
"7911",0.138333333333333
"7912",0.138333333333333
"7913",0.138333333333333
"7914",0.138333333333333
"7915",0.138333333333333
"7916",0.138333333333333
"7917",0.14
"7918",0.138333333333333
"7919",0.138333333333333
"7920",0.136666666666667
"7921",0.138333333333333
"7922",0.138333333333333
"7923",0.138333333333333
"7924",0.138333333333333
"7925",0.138333333333333
"7926",0.138333333333333
"7927",0.14
"7928",0.138333333333333
"7929",0.138333333333333
"7930",0.138333333333333
"7931",0.138333333333333
"7932",0.138333333333333
"7933",0.138333333333333
"7934",0.138333333333333
"7935",0.14
"7936",0.138333333333333
"7937",0.138333333333333
"7938",0.138333333333333
"7939",0.138333333333333
"7940",0.138333333333333
"7941",0.138333333333333
"7942",0.138333333333333
"7943",0.138333333333333
"7944",0.136666666666667
"7945",0.14
"7946",0.138333333333333
"7947",0.138333333333333
"7948",0.138333333333333
"7949",0.138333333333333
"7950",0.138333333333333
"7951",0.138333333333333
"7952",0.138333333333333
"7953",0.138333333333333
"7954",0.14
"7955",0.14
"7956",0.136666666666667
"7957",0.138333333333333
"7958",0.138333333333333
"7959",0.138333333333333
"7960",0.14
"7961",0.138333333333333
"7962",0.138333333333333
"7963",0.138333333333333
"7964",0.138333333333333
"7965",0.138333333333333
"7966",0.138333333333333
"7967",0.14
"7968",0.138333333333333
"7969",0.138333333333333
"7970",0.136666666666667
"7971",0.138333333333333
"7972",0.138333333333333
"7973",0.138333333333333
"7974",0.138333333333333
"7975",0.138333333333333
"7976",0.138333333333333
"7977",0.14
"7978",0.138333333333333
"7979",0.138333333333333
"7980",0.138333333333333
"7981",0.138333333333333
"7982",0.138333333333333
"7983",0.138333333333333
"7984",0.138333333333333
"7985",0.14
"7986",0.138333333333333
"7987",0.138333333333333
"7988",0.138333333333333
"7989",0.138333333333333
"7990",0.138333333333333
"7991",0.138333333333333
"7992",0.138333333333333
"7993",0.138333333333333
"7994",0.136666666666667
"7995",0.14
"7996",0.138333333333333
"7997",0.138333333333333
"7998",0.138333333333333
"7999",0.138333333333333
"8000",0.138333333333333
"8001",0.136666666666667
"8002",0.136666666666667
"8003",0.136666666666667
"8004",0.138333333333333
"8005",0.138333333333333
"8006",0.135
"8007",0.136666666666667
"8008",0.136666666666667
"8009",0.136666666666667
"8010",0.138333333333333
"8011",0.136666666666667
"8012",0.136666666666667
"8013",0.136666666666667
"8014",0.136666666666667
"8015",0.136666666666667
"8016",0.136666666666667
"8017",0.138333333333333
"8018",0.136666666666667
"8019",0.136666666666667
"8020",0.135
"8021",0.136666666666667
"8022",0.136666666666667
"8023",0.136666666666667
"8024",0.136666666666667
"8025",0.136666666666667
"8026",0.136666666666667
"8027",0.138333333333333
"8028",0.136666666666667
"8029",0.136666666666667
"8030",0.136666666666667
"8031",0.136666666666667
"8032",0.136666666666667
"8033",0.136666666666667
"8034",0.136666666666667
"8035",0.138333333333333
"8036",0.136666666666667
"8037",0.136666666666667
"8038",0.136666666666667
"8039",0.136666666666667
"8040",0.136666666666667
"8041",0.136666666666667
"8042",0.136666666666667
"8043",0.136666666666667
"8044",0.135
"8045",0.138333333333333
"8046",0.136666666666667
"8047",0.136666666666667
"8048",0.136666666666667
"8049",0.136666666666667
"8050",0.136666666666667
"8051",0.138333333333333
"8052",0.138333333333333
"8053",0.138333333333333
"8054",0.14
"8055",0.14
"8056",0.136666666666667
"8057",0.138333333333333
"8058",0.138333333333333
"8059",0.138333333333333
"8060",0.14
"8061",0.138333333333333
"8062",0.138333333333333
"8063",0.138333333333333
"8064",0.138333333333333
"8065",0.138333333333333
"8066",0.138333333333333
"8067",0.14
"8068",0.138333333333333
"8069",0.138333333333333
"8070",0.136666666666667
"8071",0.138333333333333
"8072",0.138333333333333
"8073",0.138333333333333
"8074",0.138333333333333
"8075",0.138333333333333
"8076",0.138333333333333
"8077",0.14
"8078",0.138333333333333
"8079",0.138333333333333
"8080",0.138333333333333
"8081",0.138333333333333
"8082",0.138333333333333
"8083",0.138333333333333
"8084",0.138333333333333
"8085",0.14
"8086",0.138333333333333
"8087",0.138333333333333
"8088",0.138333333333333
"8089",0.138333333333333
"8090",0.138333333333333
"8091",0.138333333333333
"8092",0.138333333333333
"8093",0.138333333333333
"8094",0.136666666666667
"8095",0.14
"8096",0.138333333333333
"8097",0.138333333333333
"8098",0.138333333333333
"8099",0.138333333333333
"8100",0.138333333333333
"8101",0.138333333333333
"8102",0.138333333333333
"8103",0.138333333333333
"8104",0.14
"8105",0.14
"8106",0.136666666666667
"8107",0.138333333333333
"8108",0.138333333333333
"8109",0.138333333333333
"8110",0.14
"8111",0.138333333333333
"8112",0.138333333333333
"8113",0.138333333333333
"8114",0.138333333333333
"8115",0.138333333333333
"8116",0.138333333333333
"8117",0.14
"8118",0.138333333333333
"8119",0.138333333333333
"8120",0.136666666666667
"8121",0.138333333333333
"8122",0.138333333333333
"8123",0.138333333333333
"8124",0.138333333333333
"8125",0.138333333333333
"8126",0.138333333333333
"8127",0.14
"8128",0.138333333333333
"8129",0.138333333333333
"8130",0.138333333333333
"8131",0.138333333333333
"8132",0.138333333333333
"8133",0.138333333333333
"8134",0.138333333333333
"8135",0.14
"8136",0.138333333333333
"8137",0.138333333333333
"8138",0.138333333333333
"8139",0.138333333333333
"8140",0.138333333333333
"8141",0.138333333333333
"8142",0.138333333333333
"8143",0.138333333333333
"8144",0.14
"8145",0.14
"8146",0.138333333333333
"8147",0.138333333333333
"8148",0.138333333333333
"8149",0.138333333333333
"8150",0.138333333333333
"8151",0.136666666666667
"8152",0.136666666666667
"8153",0.136666666666667
"8154",0.138333333333333
"8155",0.138333333333333
"8156",0.135
"8157",0.136666666666667
"8158",0.136666666666667
"8159",0.136666666666667
"8160",0.138333333333333
"8161",0.136666666666667
"8162",0.136666666666667
"8163",0.136666666666667
"8164",0.136666666666667
"8165",0.136666666666667
"8166",0.136666666666667
"8167",0.138333333333333
"8168",0.136666666666667
"8169",0.136666666666667
"8170",0.135
"8171",0.136666666666667
"8172",0.136666666666667
"8173",0.136666666666667
"8174",0.136666666666667
"8175",0.136666666666667
"8176",0.136666666666667
"8177",0.138333333333333
"8178",0.136666666666667
"8179",0.136666666666667
"8180",0.136666666666667
"8181",0.136666666666667
"8182",0.136666666666667
"8183",0.136666666666667
"8184",0.136666666666667
"8185",0.138333333333333
"8186",0.136666666666667
"8187",0.136666666666667
"8188",0.136666666666667
"8189",0.136666666666667
"8190",0.136666666666667
"8191",0.136666666666667
"8192",0.136666666666667
"8193",0.136666666666667
"8194",0.135
"8195",0.138333333333333
"8196",0.136666666666667
"8197",0.136666666666667
"8198",0.136666666666667
"8199",0.136666666666667
"8200",0.136666666666667
"8201",0.136666666666667
"8202",0.136666666666667
"8203",0.136666666666667
"8204",0.138333333333333
"8205",0.138333333333333
"8206",0.135
"8207",0.136666666666667
"8208",0.136666666666667
"8209",0.136666666666667
"8210",0.138333333333333
"8211",0.136666666666667
"8212",0.136666666666667
"8213",0.136666666666667
"8214",0.136666666666667
"8215",0.136666666666667
"8216",0.136666666666667
"8217",0.138333333333333
"8218",0.136666666666667
"8219",0.136666666666667
"8220",0.135
"8221",0.136666666666667
"8222",0.136666666666667
"8223",0.136666666666667
"8224",0.136666666666667
"8225",0.136666666666667
"8226",0.136666666666667
"8227",0.138333333333333
"8228",0.136666666666667
"8229",0.136666666666667
"8230",0.136666666666667
"8231",0.136666666666667
"8232",0.136666666666667
"8233",0.136666666666667
"8234",0.136666666666667
"8235",0.138333333333333
"8236",0.136666666666667
"8237",0.136666666666667
"8238",0.136666666666667
"8239",0.136666666666667
"8240",0.136666666666667
"8241",0.136666666666667
"8242",0.136666666666667
"8243",0.136666666666667
"8244",0.135
"8245",0.138333333333333
"8246",0.136666666666667
"8247",0.136666666666667
"8248",0.136666666666667
"8249",0.136666666666667
"8250",0.136666666666667
"8251",0.138333333333333
"8252",0.138333333333333
"8253",0.138333333333333
"8254",0.14
"8255",0.14
"8256",0.136666666666667
"8257",0.138333333333333
"8258",0.138333333333333
"8259",0.138333333333333
"8260",0.14
"8261",0.138333333333333
"8262",0.138333333333333
"8263",0.138333333333333
"8264",0.138333333333333
"8265",0.138333333333333
"8266",0.138333333333333
"8267",0.14
"8268",0.138333333333333
"8269",0.138333333333333
"8270",0.136666666666667
"8271",0.138333333333333
"8272",0.138333333333333
"8273",0.138333333333333
"8274",0.138333333333333
"8275",0.138333333333333
"8276",0.138333333333333
"8277",0.14
"8278",0.138333333333333
"8279",0.138333333333333
"8280",0.138333333333333
"8281",0.138333333333333
"8282",0.138333333333333
"8283",0.138333333333333
"8284",0.138333333333333
"8285",0.14
"8286",0.138333333333333
"8287",0.138333333333333
"8288",0.138333333333333
"8289",0.138333333333333
"8290",0.138333333333333
"8291",0.138333333333333
"8292",0.138333333333333
"8293",0.138333333333333
"8294",0.136666666666667
"8295",0.14
"8296",0.138333333333333
"8297",0.138333333333333
"8298",0.138333333333333
"8299",0.138333333333333
"8300",0.138333333333333
"8301",0.138333333333333
"8302",0.138333333333333
"8303",0.138333333333333
"8304",0.14
"8305",0.14
"8306",0.136666666666667
"8307",0.138333333333333
"8308",0.138333333333333
"8309",0.138333333333333
"8310",0.14
"8311",0.138333333333333
"8312",0.138333333333333
"8313",0.138333333333333
"8314",0.138333333333333
"8315",0.138333333333333
"8316",0.138333333333333
"8317",0.14
"8318",0.138333333333333
"8319",0.138333333333333
"8320",0.136666666666667
"8321",0.138333333333333
"8322",0.138333333333333
"8323",0.138333333333333
"8324",0.138333333333333
"8325",0.138333333333333
"8326",0.138333333333333
"8327",0.14
"8328",0.138333333333333
"8329",0.138333333333333
"8330",0.138333333333333
"8331",0.138333333333333
"8332",0.138333333333333
"8333",0.138333333333333
"8334",0.138333333333333
"8335",0.14
"8336",0.138333333333333
"8337",0.138333333333333
"8338",0.138333333333333
"8339",0.138333333333333
"8340",0.138333333333333
"8341",0.138333333333333
"8342",0.138333333333333
"8343",0.138333333333333
"8344",0.136666666666667
"8345",0.14
"8346",0.138333333333333
"8347",0.138333333333333
"8348",0.138333333333333
"8349",0.138333333333333
"8350",0.138333333333333
"8351",0.136666666666667
"8352",0.136666666666667
"8353",0.136666666666667
"8354",0.138333333333333
"8355",0.138333333333333
"8356",0.135
"8357",0.136666666666667
"8358",0.136666666666667
"8359",0.136666666666667
"8360",0.138333333333333
"8361",0.136666666666667
"8362",0.136666666666667
"8363",0.136666666666667
"8364",0.136666666666667
"8365",0.136666666666667
"8366",0.136666666666667
"8367",0.138333333333333
"8368",0.136666666666667
"8369",0.136666666666667
"8370",0.135
"8371",0.136666666666667
"8372",0.136666666666667
"8373",0.136666666666667
"8374",0.136666666666667
"8375",0.136666666666667
"8376",0.136666666666667
"8377",0.138333333333333
"8378",0.136666666666667
"8379",0.136666666666667
"8380",0.136666666666667
"8381",0.136666666666667
"8382",0.136666666666667
"8383",0.136666666666667
"8384",0.136666666666667
"8385",0.138333333333333
"8386",0.136666666666667
"8387",0.136666666666667
"8388",0.136666666666667
"8389",0.136666666666667
"8390",0.136666666666667
"8391",0.136666666666667
"8392",0.136666666666667
"8393",0.136666666666667
"8394",0.135
"8395",0.138333333333333
"8396",0.136666666666667
"8397",0.136666666666667
"8398",0.136666666666667
"8399",0.136666666666667
"8400",0.136666666666667
"8401",0.138333333333333
"8402",0.138333333333333
"8403",0.138333333333333
"8404",0.14
"8405",0.14
"8406",0.136666666666667
"8407",0.138333333333333
"8408",0.138333333333333
"8409",0.138333333333333
"8410",0.14
"8411",0.138333333333333
"8412",0.138333333333333
"8413",0.138333333333333
"8414",0.138333333333333
"8415",0.138333333333333
"8416",0.138333333333333
"8417",0.14
"8418",0.138333333333333
"8419",0.138333333333333
"8420",0.136666666666667
"8421",0.138333333333333
"8422",0.138333333333333
"8423",0.138333333333333
"8424",0.138333333333333
"8425",0.138333333333333
"8426",0.138333333333333
"8427",0.14
"8428",0.138333333333333
"8429",0.138333333333333
"8430",0.138333333333333
"8431",0.138333333333333
"8432",0.138333333333333
"8433",0.138333333333333
"8434",0.138333333333333
"8435",0.14
"8436",0.138333333333333
"8437",0.138333333333333
"8438",0.138333333333333
"8439",0.138333333333333
"8440",0.138333333333333
"8441",0.138333333333333
"8442",0.138333333333333
"8443",0.138333333333333
"8444",0.14
"8445",0.14
"8446",0.138333333333333
"8447",0.138333333333333
"8448",0.138333333333333
"8449",0.138333333333333
"8450",0.138333333333333
"8451",0.138333333333333
"8452",0.138333333333333
"8453",0.138333333333333
"8454",0.14
"8455",0.14
"8456",0.136666666666667
"8457",0.138333333333333
"8458",0.138333333333333
"8459",0.138333333333333
"8460",0.14
"8461",0.138333333333333
"8462",0.138333333333333
"8463",0.138333333333333
"8464",0.138333333333333
"8465",0.138333333333333
"8466",0.138333333333333
"8467",0.14
"8468",0.138333333333333
"8469",0.138333333333333
"8470",0.136666666666667
"8471",0.138333333333333
"8472",0.138333333333333
"8473",0.138333333333333
"8474",0.138333333333333
"8475",0.138333333333333
"8476",0.138333333333333
"8477",0.14
"8478",0.138333333333333
"8479",0.138333333333333
"8480",0.138333333333333
"8481",0.138333333333333
"8482",0.138333333333333
"8483",0.138333333333333
"8484",0.138333333333333
"8485",0.14
"8486",0.138333333333333
"8487",0.138333333333333
"8488",0.138333333333333
"8489",0.138333333333333
"8490",0.138333333333333
"8491",0.138333333333333
"8492",0.138333333333333
"8493",0.138333333333333
"8494",0.136666666666667
"8495",0.14
"8496",0.138333333333333
"8497",0.138333333333333
"8498",0.138333333333333
"8499",0.138333333333333
"8500",0.138333333333333
"8501",0.138333333333333
"8502",0.138333333333333
"8503",0.138333333333333
"8504",0.14
"8505",0.14
"8506",0.136666666666667
"8507",0.138333333333333
"8508",0.138333333333333
"8509",0.138333333333333
"8510",0.14
"8511",0.138333333333333
"8512",0.138333333333333
"8513",0.138333333333333
"8514",0.138333333333333
"8515",0.138333333333333
"8516",0.138333333333333
"8517",0.14
"8518",0.138333333333333
"8519",0.138333333333333
"8520",0.136666666666667
"8521",0.138333333333333
"8522",0.138333333333333
"8523",0.138333333333333
"8524",0.138333333333333
"8525",0.138333333333333
"8526",0.138333333333333
"8527",0.14
"8528",0.138333333333333
"8529",0.138333333333333
"8530",0.138333333333333
"8531",0.138333333333333
"8532",0.138333333333333
"8533",0.138333333333333
"8534",0.138333333333333
"8535",0.14
"8536",0.138333333333333
"8537",0.138333333333333
"8538",0.138333333333333
"8539",0.138333333333333
"8540",0.138333333333333
"8541",0.138333333333333
"8542",0.138333333333333
"8543",0.138333333333333
"8544",0.14
"8545",0.14
"8546",0.138333333333333
"8547",0.138333333333333
"8548",0.138333333333333
"8549",0.138333333333333
"8550",0.138333333333333
"8551",0.138333333333333
"8552",0.138333333333333
"8553",0.138333333333333
"8554",0.14
"8555",0.14
"8556",0.136666666666667
"8557",0.138333333333333
"8558",0.138333333333333
"8559",0.138333333333333
"8560",0.14
"8561",0.138333333333333
"8562",0.138333333333333
"8563",0.138333333333333
"8564",0.138333333333333
"8565",0.138333333333333
"8566",0.138333333333333
"8567",0.14
"8568",0.138333333333333
"8569",0.138333333333333
"8570",0.136666666666667
"8571",0.138333333333333
"8572",0.138333333333333
"8573",0.138333333333333
"8574",0.138333333333333
"8575",0.138333333333333
"8576",0.138333333333333
"8577",0.14
"8578",0.138333333333333
"8579",0.138333333333333
"8580",0.138333333333333
"8581",0.138333333333333
"8582",0.138333333333333
"8583",0.138333333333333
"8584",0.138333333333333
"8585",0.14
"8586",0.138333333333333
"8587",0.138333333333333
"8588",0.138333333333333
"8589",0.138333333333333
"8590",0.138333333333333
"8591",0.138333333333333
"8592",0.138333333333333
"8593",0.138333333333333
"8594",0.14
"8595",0.14
"8596",0.138333333333333
"8597",0.138333333333333
"8598",0.138333333333333
"8599",0.138333333333333
"8600",0.138333333333333
"8601",0.136666666666667
"8602",0.136666666666667
"8603",0.136666666666667
"8604",0.138333333333333
"8605",0.138333333333333
"8606",0.135
"8607",0.136666666666667
"8608",0.136666666666667
"8609",0.136666666666667
"8610",0.138333333333333
"8611",0.136666666666667
"8612",0.136666666666667
"8613",0.136666666666667
"8614",0.136666666666667
"8615",0.136666666666667
"8616",0.136666666666667
"8617",0.138333333333333
"8618",0.136666666666667
"8619",0.136666666666667
"8620",0.135
"8621",0.136666666666667
"8622",0.136666666666667
"8623",0.136666666666667
"8624",0.136666666666667
"8625",0.136666666666667
"8626",0.136666666666667
"8627",0.138333333333333
"8628",0.136666666666667
"8629",0.136666666666667
"8630",0.136666666666667
"8631",0.136666666666667
"8632",0.136666666666667
"8633",0.136666666666667
"8634",0.136666666666667
"8635",0.138333333333333
"8636",0.136666666666667
"8637",0.136666666666667
"8638",0.136666666666667
"8639",0.136666666666667
"8640",0.136666666666667
"8641",0.136666666666667
"8642",0.136666666666667
"8643",0.136666666666667
"8644",0.135
"8645",0.138333333333333
"8646",0.136666666666667
"8647",0.136666666666667
"8648",0.136666666666667
"8649",0.136666666666667
"8650",0.136666666666667
"8651",0.138333333333333
"8652",0.138333333333333
"8653",0.138333333333333
"8654",0.14
"8655",0.14
"8656",0.136666666666667
"8657",0.138333333333333
"8658",0.138333333333333
"8659",0.138333333333333
"8660",0.14
"8661",0.138333333333333
"8662",0.138333333333333
"8663",0.138333333333333
"8664",0.138333333333333
"8665",0.138333333333333
"8666",0.138333333333333
"8667",0.14
"8668",0.138333333333333
"8669",0.138333333333333
"8670",0.136666666666667
"8671",0.138333333333333
"8672",0.138333333333333
"8673",0.138333333333333
"8674",0.138333333333333
"8675",0.138333333333333
"8676",0.138333333333333
"8677",0.14
"8678",0.138333333333333
"8679",0.138333333333333
"8680",0.138333333333333
"8681",0.138333333333333
"8682",0.138333333333333
"8683",0.138333333333333
"8684",0.138333333333333
"8685",0.14
"8686",0.138333333333333
"8687",0.138333333333333
"8688",0.138333333333333
"8689",0.138333333333333
"8690",0.138333333333333
"8691",0.138333333333333
"8692",0.138333333333333
"8693",0.138333333333333
"8694",0.136666666666667
"8695",0.14
"8696",0.138333333333333
"8697",0.138333333333333
"8698",0.138333333333333
"8699",0.138333333333333
"8700",0.138333333333333
"8701",0.138333333333333
"8702",0.138333333333333
"8703",0.138333333333333
"8704",0.14
"8705",0.14
"8706",0.136666666666667
"8707",0.138333333333333
"8708",0.138333333333333
"8709",0.138333333333333
"8710",0.14
"8711",0.138333333333333
"8712",0.138333333333333
"8713",0.138333333333333
"8714",0.138333333333333
"8715",0.138333333333333
"8716",0.138333333333333
"8717",0.14
"8718",0.138333333333333
"8719",0.138333333333333
"8720",0.136666666666667
"8721",0.138333333333333
"8722",0.138333333333333
"8723",0.138333333333333
"8724",0.138333333333333
"8725",0.138333333333333
"8726",0.138333333333333
"8727",0.14
"8728",0.138333333333333
"8729",0.138333333333333
"8730",0.138333333333333
"8731",0.138333333333333
"8732",0.138333333333333
"8733",0.138333333333333
"8734",0.138333333333333
"8735",0.14
"8736",0.138333333333333
"8737",0.138333333333333
"8738",0.138333333333333
"8739",0.138333333333333
"8740",0.138333333333333
"8741",0.138333333333333
"8742",0.138333333333333
"8743",0.138333333333333
"8744",0.14
"8745",0.14
"8746",0.138333333333333
"8747",0.138333333333333
"8748",0.138333333333333
"8749",0.138333333333333
"8750",0.138333333333333
"8751",0.136666666666667
"8752",0.136666666666667
"8753",0.136666666666667
"8754",0.138333333333333
"8755",0.138333333333333
"8756",0.135
"8757",0.136666666666667
"8758",0.136666666666667
"8759",0.136666666666667
"8760",0.138333333333333
"8761",0.136666666666667
"8762",0.136666666666667
"8763",0.136666666666667
"8764",0.136666666666667
"8765",0.136666666666667
"8766",0.136666666666667
"8767",0.138333333333333
"8768",0.136666666666667
"8769",0.136666666666667
"8770",0.135
"8771",0.136666666666667
"8772",0.136666666666667
"8773",0.136666666666667
"8774",0.136666666666667
"8775",0.136666666666667
"8776",0.136666666666667
"8777",0.138333333333333
"8778",0.136666666666667
"8779",0.136666666666667
"8780",0.136666666666667
"8781",0.136666666666667
"8782",0.136666666666667
"8783",0.136666666666667
"8784",0.136666666666667
"8785",0.138333333333333
"8786",0.136666666666667
"8787",0.136666666666667
"8788",0.136666666666667
"8789",0.136666666666667
"8790",0.136666666666667
"8791",0.136666666666667
"8792",0.136666666666667
"8793",0.136666666666667
"8794",0.135
"8795",0.138333333333333
"8796",0.136666666666667
"8797",0.136666666666667
"8798",0.136666666666667
"8799",0.136666666666667
"8800",0.136666666666667
"8801",0.136666666666667
"8802",0.136666666666667
"8803",0.136666666666667
"8804",0.138333333333333
"8805",0.138333333333333
"8806",0.135
"8807",0.136666666666667
"8808",0.136666666666667
"8809",0.136666666666667
"8810",0.138333333333333
"8811",0.136666666666667
"8812",0.136666666666667
"8813",0.136666666666667
"8814",0.136666666666667
"8815",0.136666666666667
"8816",0.136666666666667
"8817",0.138333333333333
"8818",0.136666666666667
"8819",0.136666666666667
"8820",0.135
"8821",0.136666666666667
"8822",0.136666666666667
"8823",0.136666666666667
"8824",0.136666666666667
"8825",0.136666666666667
"8826",0.136666666666667
"8827",0.138333333333333
"8828",0.136666666666667
"8829",0.136666666666667
"8830",0.136666666666667
"8831",0.136666666666667
"8832",0.136666666666667
"8833",0.136666666666667
"8834",0.136666666666667
"8835",0.138333333333333
"8836",0.136666666666667
"8837",0.136666666666667
"8838",0.136666666666667
"8839",0.136666666666667
"8840",0.136666666666667
"8841",0.136666666666667
"8842",0.136666666666667
"8843",0.136666666666667
"8844",0.135
"8845",0.138333333333333
"8846",0.136666666666667
"8847",0.136666666666667
"8848",0.136666666666667
"8849",0.136666666666667
"8850",0.136666666666667
"8851",0.136666666666667
"8852",0.136666666666667
"8853",0.136666666666667
"8854",0.138333333333333
"8855",0.138333333333333
"8856",0.135
"8857",0.136666666666667
"8858",0.136666666666667
"8859",0.136666666666667
"8860",0.138333333333333
"8861",0.136666666666667
"8862",0.136666666666667
"8863",0.136666666666667
"8864",0.136666666666667
"8865",0.136666666666667
"8866",0.136666666666667
"8867",0.138333333333333
"8868",0.136666666666667
"8869",0.136666666666667
"8870",0.135
"8871",0.136666666666667
"8872",0.136666666666667
"8873",0.136666666666667
"8874",0.136666666666667
"8875",0.136666666666667
"8876",0.136666666666667
"8877",0.138333333333333
"8878",0.136666666666667
"8879",0.136666666666667
"8880",0.136666666666667
"8881",0.136666666666667
"8882",0.136666666666667
"8883",0.136666666666667
"8884",0.136666666666667
"8885",0.138333333333333
"8886",0.136666666666667
"8887",0.136666666666667
"8888",0.136666666666667
"8889",0.136666666666667
"8890",0.136666666666667
"8891",0.136666666666667
"8892",0.136666666666667
"8893",0.136666666666667
"8894",0.135
"8895",0.138333333333333
"8896",0.136666666666667
"8897",0.136666666666667
"8898",0.136666666666667
"8899",0.136666666666667
"8900",0.136666666666667
"8901",0.095
"8902",0.0966666666666667
"8903",0.095
"8904",0.0966666666666667
"8905",0.0966666666666667
"8906",0.0966666666666667
"8907",0.095
"8908",0.095
"8909",0.095
"8910",0.0966666666666667
"8911",0.095
"8912",0.095
"8913",0.095
"8914",0.095
"8915",0.095
"8916",0.095
"8917",0.0966666666666667
"8918",0.095
"8919",0.095
"8920",0.0933333333333333
"8921",0.095
"8922",0.0966666666666667
"8923",0.095
"8924",0.095
"8925",0.095
"8926",0.0966666666666667
"8927",0.0966666666666667
"8928",0.095
"8929",0.095
"8930",0.0966666666666667
"8931",0.095
"8932",0.095
"8933",0.095
"8934",0.095
"8935",0.0966666666666667
"8936",0.0966666666666667
"8937",0.095
"8938",0.095
"8939",0.095
"8940",0.095
"8941",0.095
"8942",0.095
"8943",0.095
"8944",0.0966666666666667
"8945",0.0966666666666667
"8946",0.095
"8947",0.0966666666666667
"8948",0.095
"8949",0.095
"8950",0.095
"8951",0.0916666666666667
"8952",0.095
"8953",0.0933333333333333
"8954",0.095
"8955",0.095
"8956",0.0933333333333333
"8957",0.0933333333333333
"8958",0.0933333333333333
"8959",0.0933333333333333
"8960",0.095
"8961",0.0933333333333333
"8962",0.0933333333333333
"8963",0.0933333333333333
"8964",0.0933333333333333
"8965",0.0933333333333333
"8966",0.0933333333333333
"8967",0.095
"8968",0.0933333333333333
"8969",0.0933333333333333
"8970",0.0916666666666667
"8971",0.0916666666666667
"8972",0.0933333333333333
"8973",0.0933333333333333
"8974",0.0933333333333333
"8975",0.0933333333333333
"8976",0.0933333333333333
"8977",0.0916666666666667
"8978",0.0933333333333333
"8979",0.0933333333333333
"8980",0.095
"8981",0.0933333333333333
"8982",0.0933333333333333
"8983",0.0933333333333333
"8984",0.0933333333333333
"8985",0.095
"8986",0.095
"8987",0.0933333333333333
"8988",0.0933333333333333
"8989",0.0933333333333333
"8990",0.0933333333333333
"8991",0.0933333333333333
"8992",0.0933333333333333
"8993",0.0933333333333333
"8994",0.095
"8995",0.0933333333333333
"8996",0.0933333333333333
"8997",0.095
"8998",0.0933333333333333
"8999",0.0933333333333333
"9000",0.0933333333333333
"9001",0.0933333333333333
"9002",0.0966666666666667
"9003",0.095
"9004",0.0966666666666667
"9005",0.0966666666666667
"9006",0.095
"9007",0.095
"9008",0.095
"9009",0.095
"9010",0.0966666666666667
"9011",0.095
"9012",0.095
"9013",0.095
"9014",0.095
"9015",0.095
"9016",0.095
"9017",0.0966666666666667
"9018",0.095
"9019",0.095
"9020",0.0933333333333333
"9021",0.0933333333333333
"9022",0.095
"9023",0.095
"9024",0.095
"9025",0.095
"9026",0.095
"9027",0.095
"9028",0.095
"9029",0.095
"9030",0.0966666666666667
"9031",0.095
"9032",0.095
"9033",0.095
"9034",0.095
"9035",0.0966666666666667
"9036",0.0966666666666667
"9037",0.095
"9038",0.095
"9039",0.095
"9040",0.095
"9041",0.095
"9042",0.095
"9043",0.095
"9044",0.0966666666666667
"9045",0.0933333333333333
"9046",0.095
"9047",0.0966666666666667
"9048",0.095
"9049",0.095
"9050",0.095
"9051",0.095
"9052",0.0983333333333333
"9053",0.0966666666666667
"9054",0.0983333333333333
"9055",0.0983333333333333
"9056",0.0966666666666667
"9057",0.0966666666666667
"9058",0.0966666666666667
"9059",0.0966666666666667
"9060",0.0983333333333333
"9061",0.0966666666666667
"9062",0.0966666666666667
"9063",0.0966666666666667
"9064",0.0966666666666667
"9065",0.0966666666666667
"9066",0.0966666666666667
"9067",0.0983333333333333
"9068",0.0966666666666667
"9069",0.0966666666666667
"9070",0.095
"9071",0.095
"9072",0.0966666666666667
"9073",0.0966666666666667
"9074",0.0966666666666667
"9075",0.0966666666666667
"9076",0.0966666666666667
"9077",0.0966666666666667
"9078",0.0966666666666667
"9079",0.0966666666666667
"9080",0.0983333333333333
"9081",0.0966666666666667
"9082",0.0966666666666667
"9083",0.0966666666666667
"9084",0.0966666666666667
"9085",0.0983333333333333
"9086",0.0983333333333333
"9087",0.0966666666666667
"9088",0.0966666666666667
"9089",0.0966666666666667
"9090",0.0966666666666667
"9091",0.0966666666666667
"9092",0.0966666666666667
"9093",0.0966666666666667
"9094",0.0983333333333333
"9095",0.095
"9096",0.0966666666666667
"9097",0.0983333333333333
"9098",0.0966666666666667
"9099",0.0966666666666667
"9100",0.0966666666666667
"9101",0.0933333333333333
"9102",0.0966666666666667
"9103",0.095
"9104",0.0966666666666667
"9105",0.0966666666666667
"9106",0.095
"9107",0.095
"9108",0.095
"9109",0.095
"9110",0.0966666666666667
"9111",0.095
"9112",0.095
"9113",0.095
"9114",0.095
"9115",0.095
"9116",0.095
"9117",0.0966666666666667
"9118",0.095
"9119",0.095
"9120",0.0933333333333333
"9121",0.0933333333333333
"9122",0.095
"9123",0.095
"9124",0.095
"9125",0.095
"9126",0.095
"9127",0.0933333333333333
"9128",0.095
"9129",0.095
"9130",0.0966666666666667
"9131",0.095
"9132",0.095
"9133",0.095
"9134",0.095
"9135",0.0966666666666667
"9136",0.0966666666666667
"9137",0.095
"9138",0.095
"9139",0.095
"9140",0.095
"9141",0.095
"9142",0.095
"9143",0.095
"9144",0.0966666666666667
"9145",0.095
"9146",0.095
"9147",0.0966666666666667
"9148",0.095
"9149",0.095
"9150",0.095
"9151",0.095
"9152",0.0983333333333333
"9153",0.0966666666666667
"9154",0.0983333333333333
"9155",0.0983333333333333
"9156",0.0966666666666667
"9157",0.0966666666666667
"9158",0.0966666666666667
"9159",0.0966666666666667
"9160",0.0983333333333333
"9161",0.0966666666666667
"9162",0.0966666666666667
"9163",0.0966666666666667
"9164",0.0966666666666667
"9165",0.0966666666666667
"9166",0.0966666666666667
"9167",0.0983333333333333
"9168",0.0966666666666667
"9169",0.0966666666666667
"9170",0.095
"9171",0.095
"9172",0.0966666666666667
"9173",0.0966666666666667
"9174",0.0966666666666667
"9175",0.0966666666666667
"9176",0.0966666666666667
"9177",0.095
"9178",0.0966666666666667
"9179",0.0966666666666667
"9180",0.0983333333333333
"9181",0.0966666666666667
"9182",0.0966666666666667
"9183",0.0966666666666667
"9184",0.0966666666666667
"9185",0.0983333333333333
"9186",0.0983333333333333
"9187",0.0966666666666667
"9188",0.0966666666666667
"9189",0.0966666666666667
"9190",0.0966666666666667
"9191",0.0966666666666667
"9192",0.0966666666666667
"9193",0.0966666666666667
"9194",0.0983333333333333
"9195",0.0966666666666667
"9196",0.0966666666666667
"9197",0.0983333333333333
"9198",0.0966666666666667
"9199",0.0966666666666667
"9200",0.0966666666666667
"9201",0.095
"9202",0.0983333333333333
"9203",0.0966666666666667
"9204",0.0983333333333333
"9205",0.0983333333333333
"9206",0.0966666666666667
"9207",0.0966666666666667
"9208",0.0966666666666667
"9209",0.0966666666666667
"9210",0.0983333333333333
"9211",0.0966666666666667
"9212",0.0966666666666667
"9213",0.0966666666666667
"9214",0.0966666666666667
"9215",0.0966666666666667
"9216",0.0966666666666667
"9217",0.0983333333333333
"9218",0.0966666666666667
"9219",0.0966666666666667
"9220",0.095
"9221",0.095
"9222",0.0966666666666667
"9223",0.0966666666666667
"9224",0.0966666666666667
"9225",0.0966666666666667
"9226",0.0966666666666667
"9227",0.095
"9228",0.0966666666666667
"9229",0.0966666666666667
"9230",0.0983333333333333
"9231",0.0966666666666667
"9232",0.0966666666666667
"9233",0.0966666666666667
"9234",0.0966666666666667
"9235",0.0983333333333333
"9236",0.0983333333333333
"9237",0.0966666666666667
"9238",0.0966666666666667
"9239",0.0966666666666667
"9240",0.0966666666666667
"9241",0.0966666666666667
"9242",0.0966666666666667
"9243",0.0966666666666667
"9244",0.0983333333333333
"9245",0.0966666666666667
"9246",0.0966666666666667
"9247",0.0983333333333333
"9248",0.0966666666666667
"9249",0.0966666666666667
"9250",0.0966666666666667
"9251",0.0933333333333333
"9252",0.0966666666666667
"9253",0.095
"9254",0.0966666666666667
"9255",0.0966666666666667
"9256",0.095
"9257",0.095
"9258",0.095
"9259",0.095
"9260",0.0966666666666667
"9261",0.095
"9262",0.095
"9263",0.095
"9264",0.095
"9265",0.095
"9266",0.095
"9267",0.0966666666666667
"9268",0.095
"9269",0.095
"9270",0.0933333333333333
"9271",0.0933333333333333
"9272",0.095
"9273",0.095
"9274",0.095
"9275",0.095
"9276",0.095
"9277",0.0933333333333333
"9278",0.095
"9279",0.095
"9280",0.0966666666666667
"9281",0.095
"9282",0.095
"9283",0.095
"9284",0.095
"9285",0.0966666666666667
"9286",0.0966666666666667
"9287",0.095
"9288",0.095
"9289",0.095
"9290",0.095
"9291",0.095
"9292",0.095
"9293",0.095
"9294",0.0966666666666667
"9295",0.095
"9296",0.095
"9297",0.0966666666666667
"9298",0.095
"9299",0.095
"9300",0.095
"9301",0.0933333333333333
"9302",0.0966666666666667
"9303",0.095
"9304",0.0966666666666667
"9305",0.0966666666666667
"9306",0.095
"9307",0.095
"9308",0.095
"9309",0.095
"9310",0.0966666666666667
"9311",0.095
"9312",0.095
"9313",0.095
"9314",0.095
"9315",0.095
"9316",0.095
"9317",0.0966666666666667
"9318",0.095
"9319",0.095
"9320",0.0933333333333333
"9321",0.0933333333333333
"9322",0.095
"9323",0.095
"9324",0.095
"9325",0.095
"9326",0.095
"9327",0.0933333333333333
"9328",0.095
"9329",0.095
"9330",0.0966666666666667
"9331",0.095
"9332",0.095
"9333",0.095
"9334",0.095
"9335",0.0966666666666667
"9336",0.0966666666666667
"9337",0.095
"9338",0.095
"9339",0.095
"9340",0.095
"9341",0.095
"9342",0.095
"9343",0.095
"9344",0.0966666666666667
"9345",0.095
"9346",0.095
"9347",0.0966666666666667
"9348",0.095
"9349",0.095
"9350",0.095
"9351",0.095
"9352",0.0983333333333333
"9353",0.0966666666666667
"9354",0.0983333333333333
"9355",0.0983333333333333
"9356",0.0966666666666667
"9357",0.0966666666666667
"9358",0.0966666666666667
"9359",0.0966666666666667
"9360",0.0983333333333333
"9361",0.0966666666666667
"9362",0.0966666666666667
"9363",0.0966666666666667
"9364",0.0966666666666667
"9365",0.0966666666666667
"9366",0.0966666666666667
"9367",0.0983333333333333
"9368",0.0966666666666667
"9369",0.0966666666666667
"9370",0.095
"9371",0.095
"9372",0.0966666666666667
"9373",0.0966666666666667
"9374",0.0966666666666667
"9375",0.0966666666666667
"9376",0.0966666666666667
"9377",0.095
"9378",0.0966666666666667
"9379",0.0966666666666667
"9380",0.0983333333333333
"9381",0.0966666666666667
"9382",0.0966666666666667
"9383",0.0966666666666667
"9384",0.0966666666666667
"9385",0.0983333333333333
"9386",0.0983333333333333
"9387",0.0966666666666667
"9388",0.0966666666666667
"9389",0.0966666666666667
"9390",0.0966666666666667
"9391",0.0966666666666667
"9392",0.0966666666666667
"9393",0.0966666666666667
"9394",0.0983333333333333
"9395",0.0966666666666667
"9396",0.0966666666666667
"9397",0.0983333333333333
"9398",0.0966666666666667
"9399",0.0966666666666667
"9400",0.0966666666666667
"9401",0.0916666666666667
"9402",0.095
"9403",0.0933333333333333
"9404",0.095
"9405",0.095
"9406",0.0933333333333333
"9407",0.0933333333333333
"9408",0.0933333333333333
"9409",0.0933333333333333
"9410",0.095
"9411",0.0933333333333333
"9412",0.0933333333333333
"9413",0.0933333333333333
"9414",0.0933333333333333
"9415",0.0933333333333333
"9416",0.0933333333333333
"9417",0.095
"9418",0.0933333333333333
"9419",0.0933333333333333
"9420",0.0916666666666667
"9421",0.0916666666666667
"9422",0.0933333333333333
"9423",0.0933333333333333
"9424",0.0933333333333333
"9425",0.0933333333333333
"9426",0.0933333333333333
"9427",0.0916666666666667
"9428",0.0933333333333333
"9429",0.0933333333333333
"9430",0.095
"9431",0.0933333333333333
"9432",0.0933333333333333
"9433",0.0933333333333333
"9434",0.0933333333333333
"9435",0.095
"9436",0.095
"9437",0.0933333333333333
"9438",0.0933333333333333
"9439",0.0933333333333333
"9440",0.0933333333333333
"9441",0.0933333333333333
"9442",0.0933333333333333
"9443",0.0933333333333333
"9444",0.095
"9445",0.0933333333333333
"9446",0.0933333333333333
"9447",0.095
"9448",0.0933333333333333
"9449",0.0933333333333333
"9450",0.0933333333333333
"9451",0.0916666666666667
"9452",0.095
"9453",0.0933333333333333
"9454",0.095
"9455",0.095
"9456",0.0933333333333333
"9457",0.0933333333333333
"9458",0.0933333333333333
"9459",0.0933333333333333
"9460",0.095
"9461",0.0933333333333333
"9462",0.0933333333333333
"9463",0.0933333333333333
"9464",0.0933333333333333
"9465",0.0933333333333333
"9466",0.0933333333333333
"9467",0.095
"9468",0.0933333333333333
"9469",0.0933333333333333
"9470",0.0916666666666667
"9471",0.0916666666666667
"9472",0.0933333333333333
"9473",0.0933333333333333
"9474",0.0933333333333333
"9475",0.0933333333333333
"9476",0.0933333333333333
"9477",0.0933333333333333
"9478",0.0933333333333333
"9479",0.0933333333333333
"9480",0.095
"9481",0.0933333333333333
"9482",0.0933333333333333
"9483",0.0933333333333333
"9484",0.0933333333333333
"9485",0.095
"9486",0.095
"9487",0.0933333333333333
"9488",0.0933333333333333
"9489",0.0933333333333333
"9490",0.0933333333333333
"9491",0.0933333333333333
"9492",0.0933333333333333
"9493",0.0933333333333333
"9494",0.095
"9495",0.0916666666666667
"9496",0.0933333333333333
"9497",0.095
"9498",0.0933333333333333
"9499",0.0933333333333333
"9500",0.0933333333333333
"9501",0.0916666666666667
"9502",0.095
"9503",0.0933333333333333
"9504",0.095
"9505",0.095
"9506",0.0933333333333333
"9507",0.0933333333333333
"9508",0.0933333333333333
"9509",0.0933333333333333
"9510",0.095
"9511",0.0933333333333333
"9512",0.0933333333333333
"9513",0.0933333333333333
"9514",0.0933333333333333
"9515",0.0933333333333333
"9516",0.0933333333333333
"9517",0.095
"9518",0.0933333333333333
"9519",0.0933333333333333
"9520",0.0916666666666667
"9521",0.0916666666666667
"9522",0.0933333333333333
"9523",0.0933333333333333
"9524",0.0933333333333333
"9525",0.0933333333333333
"9526",0.0933333333333333
"9527",0.0933333333333333
"9528",0.0933333333333333
"9529",0.0933333333333333
"9530",0.095
"9531",0.0933333333333333
"9532",0.0933333333333333
"9533",0.0933333333333333
"9534",0.0933333333333333
"9535",0.095
"9536",0.095
"9537",0.0933333333333333
"9538",0.0933333333333333
"9539",0.0933333333333333
"9540",0.0933333333333333
"9541",0.0933333333333333
"9542",0.0933333333333333
"9543",0.0933333333333333
"9544",0.095
"9545",0.0916666666666667
"9546",0.0933333333333333
"9547",0.095
"9548",0.0933333333333333
"9549",0.0933333333333333
"9550",0.0933333333333333
"9551",0.12
"9552",0.121666666666667
"9553",0.12
"9554",0.121666666666667
"9555",0.121666666666667
"9556",0.12
"9557",0.12
"9558",0.12
"9559",0.12
"9560",0.121666666666667
"9561",0.12
"9562",0.12
"9563",0.12
"9564",0.12
"9565",0.12
"9566",0.12
"9567",0.121666666666667
"9568",0.12
"9569",0.12
"9570",0.118333333333333
"9571",0.12
"9572",0.121666666666667
"9573",0.12
"9574",0.12
"9575",0.12
"9576",0.121666666666667
"9577",0.121666666666667
"9578",0.12
"9579",0.12
"9580",0.121666666666667
"9581",0.12
"9582",0.12
"9583",0.12
"9584",0.12
"9585",0.121666666666667
"9586",0.121666666666667
"9587",0.12
"9588",0.12
"9589",0.12
"9590",0.12
"9591",0.12
"9592",0.12
"9593",0.12
"9594",0.121666666666667
"9595",0.121666666666667
"9596",0.12
"9597",0.121666666666667
"9598",0.12
"9599",0.12
"9600",0.12
"9601",0.12
"9602",0.121666666666667
"9603",0.12
"9604",0.121666666666667
"9605",0.121666666666667
"9606",0.12
"9607",0.12
"9608",0.12
"9609",0.12
"9610",0.121666666666667
"9611",0.12
"9612",0.12
"9613",0.12
"9614",0.12
"9615",0.12
"9616",0.12
"9617",0.121666666666667
"9618",0.12
"9619",0.12
"9620",0.118333333333333
"9621",0.12
"9622",0.121666666666667
"9623",0.12
"9624",0.12
"9625",0.12
"9626",0.121666666666667
"9627",0.121666666666667
"9628",0.12
"9629",0.12
"9630",0.121666666666667
"9631",0.12
"9632",0.12
"9633",0.12
"9634",0.12
"9635",0.121666666666667
"9636",0.121666666666667
"9637",0.12
"9638",0.12
"9639",0.12
"9640",0.12
"9641",0.12
"9642",0.12
"9643",0.12
"9644",0.121666666666667
"9645",0.121666666666667
"9646",0.12
"9647",0.121666666666667
"9648",0.12
"9649",0.12
"9650",0.12
"9651",0.12
"9652",0.121666666666667
"9653",0.12
"9654",0.121666666666667
"9655",0.121666666666667
"9656",0.12
"9657",0.12
"9658",0.12
"9659",0.12
"9660",0.121666666666667
"9661",0.12
"9662",0.12
"9663",0.12
"9664",0.12
"9665",0.12
"9666",0.12
"9667",0.121666666666667
"9668",0.12
"9669",0.12
"9670",0.118333333333333
"9671",0.12
"9672",0.121666666666667
"9673",0.12
"9674",0.12
"9675",0.12
"9676",0.121666666666667
"9677",0.121666666666667
"9678",0.12
"9679",0.12
"9680",0.121666666666667
"9681",0.12
"9682",0.12
"9683",0.12
"9684",0.12
"9685",0.121666666666667
"9686",0.121666666666667
"9687",0.12
"9688",0.12
"9689",0.12
"9690",0.12
"9691",0.12
"9692",0.12
"9693",0.12
"9694",0.121666666666667
"9695",0.121666666666667
"9696",0.12
"9697",0.121666666666667
"9698",0.12
"9699",0.12
"9700",0.12
"9701",0.135
"9702",0.136666666666667
"9703",0.135
"9704",0.136666666666667
"9705",0.136666666666667
"9706",0.135
"9707",0.135
"9708",0.135
"9709",0.135
"9710",0.136666666666667
"9711",0.135
"9712",0.135
"9713",0.135
"9714",0.135
"9715",0.135
"9716",0.135
"9717",0.136666666666667
"9718",0.135
"9719",0.135
"9720",0.133333333333333
"9721",0.135
"9722",0.136666666666667
"9723",0.135
"9724",0.135
"9725",0.135
"9726",0.135
"9727",0.136666666666667
"9728",0.135
"9729",0.135
"9730",0.136666666666667
"9731",0.135
"9732",0.135
"9733",0.135
"9734",0.135
"9735",0.136666666666667
"9736",0.136666666666667
"9737",0.135
"9738",0.135
"9739",0.135
"9740",0.135
"9741",0.135
"9742",0.135
"9743",0.135
"9744",0.135
"9745",0.136666666666667
"9746",0.135
"9747",0.136666666666667
"9748",0.135
"9749",0.135
"9750",0.135
"9751",0.135
"9752",0.136666666666667
"9753",0.135
"9754",0.133333333333333
"9755",0.136666666666667
"9756",0.135
"9757",0.135
"9758",0.135
"9759",0.135
"9760",0.133333333333333
"9761",0.135
"9762",0.135
"9763",0.135
"9764",0.135
"9765",0.135
"9766",0.135
"9767",0.133333333333333
"9768",0.135
"9769",0.135
"9770",0.133333333333333
"9771",0.135
"9772",0.136666666666667
"9773",0.135
"9774",0.135
"9775",0.135
"9776",0.135
"9777",0.136666666666667
"9778",0.135
"9779",0.135
"9780",0.136666666666667
"9781",0.135
"9782",0.135
"9783",0.135
"9784",0.135
"9785",0.133333333333333
"9786",0.136666666666667
"9787",0.135
"9788",0.135
"9789",0.135
"9790",0.135
"9791",0.135
"9792",0.135
"9793",0.135
"9794",0.135
"9795",0.136666666666667
"9796",0.135
"9797",0.136666666666667
"9798",0.135
"9799",0.135
"9800",0.135
"9801",0.135
"9802",0.136666666666667
"9803",0.135
"9804",0.136666666666667
"9805",0.136666666666667
"9806",0.135
"9807",0.135
"9808",0.135
"9809",0.135
"9810",0.136666666666667
"9811",0.135
"9812",0.135
"9813",0.135
"9814",0.135
"9815",0.135
"9816",0.135
"9817",0.136666666666667
"9818",0.135
"9819",0.135
"9820",0.133333333333333
"9821",0.135
"9822",0.136666666666667
"9823",0.135
"9824",0.135
"9825",0.135
"9826",0.135
"9827",0.136666666666667
"9828",0.135
"9829",0.135
"9830",0.136666666666667
"9831",0.135
"9832",0.135
"9833",0.135
"9834",0.135
"9835",0.136666666666667
"9836",0.136666666666667
"9837",0.135
"9838",0.135
"9839",0.135
"9840",0.135
"9841",0.135
"9842",0.135
"9843",0.135
"9844",0.135
"9845",0.136666666666667
"9846",0.135
"9847",0.136666666666667
"9848",0.135
"9849",0.135
"9850",0.135
"9851",0.13
"9852",0.131666666666667
"9853",0.13
"9854",0.128333333333333
"9855",0.131666666666667
"9856",0.13
"9857",0.13
"9858",0.13
"9859",0.13
"9860",0.128333333333333
"9861",0.13
"9862",0.13
"9863",0.13
"9864",0.13
"9865",0.13
"9866",0.13
"9867",0.128333333333333
"9868",0.13
"9869",0.13
"9870",0.128333333333333
"9871",0.13
"9872",0.131666666666667
"9873",0.13
"9874",0.13
"9875",0.13
"9876",0.13
"9877",0.131666666666667
"9878",0.13
"9879",0.13
"9880",0.13
"9881",0.13
"9882",0.13
"9883",0.13
"9884",0.13
"9885",0.128333333333333
"9886",0.13
"9887",0.13
"9888",0.13
"9889",0.13
"9890",0.13
"9891",0.13
"9892",0.13
"9893",0.13
"9894",0.131666666666667
"9895",0.131666666666667
"9896",0.13
"9897",0.13
"9898",0.13
"9899",0.13
"9900",0.13
"9901",0.133333333333333
"9902",0.135
"9903",0.133333333333333
"9904",0.131666666666667
"9905",0.135
"9906",0.133333333333333
"9907",0.133333333333333
"9908",0.133333333333333
"9909",0.133333333333333
"9910",0.131666666666667
"9911",0.133333333333333
"9912",0.133333333333333
"9913",0.133333333333333
"9914",0.133333333333333
"9915",0.133333333333333
"9916",0.133333333333333
"9917",0.131666666666667
"9918",0.133333333333333
"9919",0.133333333333333
"9920",0.131666666666667
"9921",0.133333333333333
"9922",0.135
"9923",0.133333333333333
"9924",0.133333333333333
"9925",0.133333333333333
"9926",0.133333333333333
"9927",0.135
"9928",0.133333333333333
"9929",0.133333333333333
"9930",0.133333333333333
"9931",0.133333333333333
"9932",0.133333333333333
"9933",0.133333333333333
"9934",0.133333333333333
"9935",0.131666666666667
"9936",0.133333333333333
"9937",0.133333333333333
"9938",0.133333333333333
"9939",0.133333333333333
"9940",0.133333333333333
"9941",0.133333333333333
"9942",0.133333333333333
"9943",0.133333333333333
"9944",0.135
"9945",0.135
"9946",0.133333333333333
"9947",0.133333333333333
"9948",0.133333333333333
"9949",0.133333333333333
"9950",0.133333333333333
"9951",0.13
"9952",0.131666666666667
"9953",0.13
"9954",0.128333333333333
"9955",0.131666666666667
"9956",0.13
"9957",0.13
"9958",0.13
"9959",0.13
"9960",0.128333333333333
"9961",0.13
"9962",0.13
"9963",0.13
"9964",0.13
"9965",0.13
"9966",0.13
"9967",0.128333333333333
"9968",0.13
"9969",0.13
"9970",0.128333333333333
"9971",0.13
"9972",0.131666666666667
"9973",0.13
"9974",0.13
"9975",0.13
"9976",0.13
"9977",0.131666666666667
"9978",0.13
"9979",0.13
"9980",0.13
"9981",0.13
"9982",0.13
"9983",0.13
"9984",0.13
"9985",0.128333333333333
"9986",0.13
"9987",0.13
"9988",0.13
"9989",0.13
"9990",0.13
"9991",0.13
"9992",0.13
"9993",0.13
"9994",0.131666666666667
"9995",0.131666666666667
"9996",0.13
"9997",0.13
"9998",0.13
"9999",0.13
"10000",0.13
"10001",0.095
"10002",0.0966666666666667
"10003",0.095
"10004",0.0966666666666667
"10005",0.0966666666666667
"10006",0.0933333333333333
"10007",0.095
"10008",0.095
"10009",0.095
"10010",0.0966666666666667
"10011",0.095
"10012",0.095
"10013",0.095
"10014",0.095
"10015",0.095
"10016",0.095
"10017",0.0966666666666667
"10018",0.095
"10019",0.095
"10020",0.0933333333333333
"10021",0.095
"10022",0.0966666666666667
"10023",0.095
"10024",0.095
"10025",0.095
"10026",0.0966666666666667
"10027",0.0966666666666667
"10028",0.095
"10029",0.095
"10030",0.0966666666666667
"10031",0.095
"10032",0.095
"10033",0.095
"10034",0.095
"10035",0.0966666666666667
"10036",0.0966666666666667
"10037",0.095
"10038",0.095
"10039",0.095
"10040",0.095
"10041",0.095
"10042",0.095
"10043",0.095
"10044",0.0966666666666667
"10045",0.0966666666666667
"10046",0.095
"10047",0.0966666666666667
"10048",0.095
"10049",0.095
"10050",0.095
"10051",0.095
"10052",0.0966666666666667
"10053",0.095
"10054",0.0966666666666667
"10055",0.0966666666666667
"10056",0.0933333333333333
"10057",0.095
"10058",0.095
"10059",0.095
"10060",0.0966666666666667
"10061",0.095
"10062",0.095
"10063",0.095
"10064",0.095
"10065",0.095
"10066",0.095
"10067",0.0966666666666667
"10068",0.095
"10069",0.095
"10070",0.0933333333333333
"10071",0.095
"10072",0.0966666666666667
"10073",0.095
"10074",0.095
"10075",0.095
"10076",0.0966666666666667
"10077",0.0966666666666667
"10078",0.095
"10079",0.095
"10080",0.0966666666666667
"10081",0.095
"10082",0.095
"10083",0.095
"10084",0.095
"10085",0.0966666666666667
"10086",0.0966666666666667
"10087",0.095
"10088",0.095
"10089",0.095
"10090",0.095
"10091",0.095
"10092",0.095
"10093",0.095
"10094",0.0966666666666667
"10095",0.0966666666666667
"10096",0.095
"10097",0.0966666666666667
"10098",0.095
"10099",0.095
"10100",0.095
"10101",0.145
"10102",0.141666666666667
"10103",0.143333333333333
"10104",0.143333333333333
"10105",0.145
"10106",0.143333333333333
"10107",0.143333333333333
"10108",0.143333333333333
"10109",0.143333333333333
"10110",0.143333333333333
"10111",0.143333333333333
"10112",0.143333333333333
"10113",0.143333333333333
"10114",0.143333333333333
"10115",0.143333333333333
"10116",0.143333333333333
"10117",0.143333333333333
"10118",0.143333333333333
"10119",0.143333333333333
"10120",0.145
"10121",0.145
"10122",0.145
"10123",0.143333333333333
"10124",0.143333333333333
"10125",0.143333333333333
"10126",0.143333333333333
"10127",0.143333333333333
"10128",0.143333333333333
"10129",0.143333333333333
"10130",0.145
"10131",0.143333333333333
"10132",0.143333333333333
"10133",0.143333333333333
"10134",0.143333333333333
"10135",0.143333333333333
"10136",0.145
"10137",0.143333333333333
"10138",0.143333333333333
"10139",0.143333333333333
"10140",0.143333333333333
"10141",0.143333333333333
"10142",0.143333333333333
"10143",0.143333333333333
"10144",0.143333333333333
"10145",0.141666666666667
"10146",0.143333333333333
"10147",0.145
"10148",0.143333333333333
"10149",0.143333333333333
"10150",0.143333333333333
"10151",0.146666666666667
"10152",0.143333333333333
"10153",0.145
"10154",0.145
"10155",0.146666666666667
"10156",0.145
"10157",0.145
"10158",0.145
"10159",0.145
"10160",0.145
"10161",0.145
"10162",0.145
"10163",0.145
"10164",0.145
"10165",0.145
"10166",0.145
"10167",0.145
"10168",0.145
"10169",0.145
"10170",0.146666666666667
"10171",0.146666666666667
"10172",0.146666666666667
"10173",0.145
"10174",0.145
"10175",0.145
"10176",0.145
"10177",0.146666666666667
"10178",0.145
"10179",0.145
"10180",0.146666666666667
"10181",0.145
"10182",0.145
"10183",0.145
"10184",0.145
"10185",0.145
"10186",0.146666666666667
"10187",0.145
"10188",0.145
"10189",0.145
"10190",0.145
"10191",0.145
"10192",0.145
"10193",0.145
"10194",0.145
"10195",0.146666666666667
"10196",0.145
"10197",0.146666666666667
"10198",0.145
"10199",0.145
"10200",0.145
"10201",0.145
"10202",0.141666666666667
"10203",0.143333333333333
"10204",0.143333333333333
"10205",0.145
"10206",0.143333333333333
"10207",0.143333333333333
"10208",0.143333333333333
"10209",0.143333333333333
"10210",0.143333333333333
"10211",0.143333333333333
"10212",0.143333333333333
"10213",0.143333333333333
"10214",0.143333333333333
"10215",0.143333333333333
"10216",0.143333333333333
"10217",0.143333333333333
"10218",0.143333333333333
"10219",0.143333333333333
"10220",0.145
"10221",0.145
"10222",0.145
"10223",0.143333333333333
"10224",0.143333333333333
"10225",0.143333333333333
"10226",0.143333333333333
"10227",0.143333333333333
"10228",0.143333333333333
"10229",0.143333333333333
"10230",0.145
"10231",0.143333333333333
"10232",0.143333333333333
"10233",0.143333333333333
"10234",0.143333333333333
"10235",0.143333333333333
"10236",0.145
"10237",0.143333333333333
"10238",0.143333333333333
"10239",0.143333333333333
"10240",0.143333333333333
"10241",0.143333333333333
"10242",0.143333333333333
"10243",0.143333333333333
"10244",0.143333333333333
"10245",0.141666666666667
"10246",0.143333333333333
"10247",0.145
"10248",0.143333333333333
"10249",0.143333333333333
"10250",0.143333333333333
"10251",0.145
"10252",0.141666666666667
"10253",0.143333333333333
"10254",0.143333333333333
"10255",0.145
"10256",0.143333333333333
"10257",0.143333333333333
"10258",0.143333333333333
"10259",0.143333333333333
"10260",0.143333333333333
"10261",0.143333333333333
"10262",0.143333333333333
"10263",0.143333333333333
"10264",0.143333333333333
"10265",0.143333333333333
"10266",0.143333333333333
"10267",0.143333333333333
"10268",0.143333333333333
"10269",0.143333333333333
"10270",0.145
"10271",0.145
"10272",0.145
"10273",0.143333333333333
"10274",0.143333333333333
"10275",0.143333333333333
"10276",0.143333333333333
"10277",0.143333333333333
"10278",0.143333333333333
"10279",0.143333333333333
"10280",0.145
"10281",0.143333333333333
"10282",0.143333333333333
"10283",0.143333333333333
"10284",0.143333333333333
"10285",0.143333333333333
"10286",0.145
"10287",0.143333333333333
"10288",0.143333333333333
"10289",0.143333333333333
"10290",0.143333333333333
"10291",0.143333333333333
"10292",0.143333333333333
"10293",0.143333333333333
"10294",0.143333333333333
"10295",0.141666666666667
"10296",0.143333333333333
"10297",0.145
"10298",0.143333333333333
"10299",0.143333333333333
"10300",0.143333333333333
"10301",0.11
"10302",0.111666666666667
"10303",0.11
"10304",0.111666666666667
"10305",0.111666666666667
"10306",0.11
"10307",0.11
"10308",0.11
"10309",0.11
"10310",0.111666666666667
"10311",0.11
"10312",0.11
"10313",0.11
"10314",0.11
"10315",0.11
"10316",0.11
"10317",0.111666666666667
"10318",0.11
"10319",0.11
"10320",0.108333333333333
"10321",0.11
"10322",0.11
"10323",0.11
"10324",0.11
"10325",0.11
"10326",0.11
"10327",0.11
"10328",0.11
"10329",0.11
"10330",0.111666666666667
"10331",0.11
"10332",0.11
"10333",0.11
"10334",0.11
"10335",0.111666666666667
"10336",0.111666666666667
"10337",0.11
"10338",0.11
"10339",0.11
"10340",0.11
"10341",0.11
"10342",0.11
"10343",0.11
"10344",0.111666666666667
"10345",0.108333333333333
"10346",0.11
"10347",0.111666666666667
"10348",0.11
"10349",0.11
"10350",0.11
"10351",0.111666666666667
"10352",0.113333333333333
"10353",0.111666666666667
"10354",0.113333333333333
"10355",0.113333333333333
"10356",0.111666666666667
"10357",0.111666666666667
"10358",0.111666666666667
"10359",0.111666666666667
"10360",0.113333333333333
"10361",0.111666666666667
"10362",0.111666666666667
"10363",0.111666666666667
"10364",0.111666666666667
"10365",0.111666666666667
"10366",0.111666666666667
"10367",0.113333333333333
"10368",0.111666666666667
"10369",0.111666666666667
"10370",0.11
"10371",0.111666666666667
"10372",0.111666666666667
"10373",0.111666666666667
"10374",0.111666666666667
"10375",0.111666666666667
"10376",0.111666666666667
"10377",0.111666666666667
"10378",0.111666666666667
"10379",0.111666666666667
"10380",0.113333333333333
"10381",0.111666666666667
"10382",0.111666666666667
"10383",0.111666666666667
"10384",0.111666666666667
"10385",0.113333333333333
"10386",0.113333333333333
"10387",0.111666666666667
"10388",0.111666666666667
"10389",0.111666666666667
"10390",0.111666666666667
"10391",0.111666666666667
"10392",0.111666666666667
"10393",0.111666666666667
"10394",0.11
"10395",0.11
"10396",0.111666666666667
"10397",0.113333333333333
"10398",0.111666666666667
"10399",0.111666666666667
"10400",0.111666666666667
"10401",0.135
"10402",0.136666666666667
"10403",0.135
"10404",0.136666666666667
"10405",0.136666666666667
"10406",0.133333333333333
"10407",0.135
"10408",0.135
"10409",0.135
"10410",0.136666666666667
"10411",0.135
"10412",0.135
"10413",0.135
"10414",0.135
"10415",0.135
"10416",0.135
"10417",0.136666666666667
"10418",0.135
"10419",0.135
"10420",0.133333333333333
"10421",0.135
"10422",0.135
"10423",0.135
"10424",0.135
"10425",0.135
"10426",0.135
"10427",0.135
"10428",0.135
"10429",0.135
"10430",0.135
"10431",0.135
"10432",0.135
"10433",0.135
"10434",0.135
"10435",0.136666666666667
"10436",0.135
"10437",0.135
"10438",0.135
"10439",0.135
"10440",0.135
"10441",0.135
"10442",0.135
"10443",0.135
"10444",0.133333333333333
"10445",0.133333333333333
"10446",0.135
"10447",0.135
"10448",0.135
"10449",0.135
"10450",0.135
"10451",0.133333333333333
"10452",0.135
"10453",0.133333333333333
"10454",0.135
"10455",0.135
"10456",0.131666666666667
"10457",0.133333333333333
"10458",0.133333333333333
"10459",0.133333333333333
"10460",0.135
"10461",0.133333333333333
"10462",0.133333333333333
"10463",0.133333333333333
"10464",0.133333333333333
"10465",0.133333333333333
"10466",0.133333333333333
"10467",0.135
"10468",0.133333333333333
"10469",0.133333333333333
"10470",0.131666666666667
"10471",0.133333333333333
"10472",0.133333333333333
"10473",0.133333333333333
"10474",0.133333333333333
"10475",0.133333333333333
"10476",0.133333333333333
"10477",0.133333333333333
"10478",0.133333333333333
"10479",0.133333333333333
"10480",0.133333333333333
"10481",0.133333333333333
"10482",0.133333333333333
"10483",0.133333333333333
"10484",0.133333333333333
"10485",0.135
"10486",0.133333333333333
"10487",0.133333333333333
"10488",0.133333333333333
"10489",0.133333333333333
"10490",0.133333333333333
"10491",0.133333333333333
"10492",0.133333333333333
"10493",0.133333333333333
"10494",0.131666666666667
"10495",0.131666666666667
"10496",0.133333333333333
"10497",0.133333333333333
"10498",0.133333333333333
"10499",0.133333333333333
"10500",0.133333333333333
"10501",0.135
"10502",0.136666666666667
"10503",0.135
"10504",0.136666666666667
"10505",0.136666666666667
"10506",0.133333333333333
"10507",0.135
"10508",0.135
"10509",0.135
"10510",0.136666666666667
"10511",0.135
"10512",0.135
"10513",0.135
"10514",0.135
"10515",0.135
"10516",0.135
"10517",0.136666666666667
"10518",0.135
"10519",0.135
"10520",0.133333333333333
"10521",0.135
"10522",0.135
"10523",0.135
"10524",0.135
"10525",0.135
"10526",0.135
"10527",0.135
"10528",0.135
"10529",0.135
"10530",0.135
"10531",0.135
"10532",0.135
"10533",0.135
"10534",0.135
"10535",0.136666666666667
"10536",0.135
"10537",0.135
"10538",0.135
"10539",0.135
"10540",0.135
"10541",0.135
"10542",0.135
"10543",0.135
"10544",0.133333333333333
"10545",0.133333333333333
"10546",0.135
"10547",0.135
"10548",0.135
"10549",0.135
"10550",0.135
"10551",0.135
"10552",0.136666666666667
"10553",0.135
"10554",0.136666666666667
"10555",0.136666666666667
"10556",0.133333333333333
"10557",0.135
"10558",0.135
"10559",0.135
"10560",0.136666666666667
"10561",0.135
"10562",0.135
"10563",0.135
"10564",0.135
"10565",0.135
"10566",0.135
"10567",0.136666666666667
"10568",0.135
"10569",0.135
"10570",0.133333333333333
"10571",0.135
"10572",0.135
"10573",0.135
"10574",0.135
"10575",0.135
"10576",0.135
"10577",0.135
"10578",0.135
"10579",0.135
"10580",0.135
"10581",0.135
"10582",0.135
"10583",0.135
"10584",0.135
"10585",0.136666666666667
"10586",0.135
"10587",0.135
"10588",0.135
"10589",0.135
"10590",0.135
"10591",0.135
"10592",0.135
"10593",0.135
"10594",0.133333333333333
"10595",0.133333333333333
"10596",0.135
"10597",0.135
"10598",0.135
"10599",0.135
"10600",0.135
"10601",0.133333333333333
"10602",0.135
"10603",0.133333333333333
"10604",0.135
"10605",0.135
"10606",0.131666666666667
"10607",0.133333333333333
"10608",0.133333333333333
"10609",0.133333333333333
"10610",0.135
"10611",0.133333333333333
"10612",0.133333333333333
"10613",0.133333333333333
"10614",0.133333333333333
"10615",0.133333333333333
"10616",0.133333333333333
"10617",0.135
"10618",0.133333333333333
"10619",0.133333333333333
"10620",0.131666666666667
"10621",0.133333333333333
"10622",0.133333333333333
"10623",0.133333333333333
"10624",0.133333333333333
"10625",0.133333333333333
"10626",0.133333333333333
"10627",0.133333333333333
"10628",0.133333333333333
"10629",0.133333333333333
"10630",0.133333333333333
"10631",0.133333333333333
"10632",0.133333333333333
"10633",0.133333333333333
"10634",0.133333333333333
"10635",0.135
"10636",0.133333333333333
"10637",0.133333333333333
"10638",0.133333333333333
"10639",0.133333333333333
"10640",0.133333333333333
"10641",0.133333333333333
"10642",0.133333333333333
"10643",0.133333333333333
"10644",0.131666666666667
"10645",0.131666666666667
"10646",0.133333333333333
"10647",0.133333333333333
"10648",0.133333333333333
"10649",0.133333333333333
"10650",0.133333333333333
"10651",0.135
"10652",0.136666666666667
"10653",0.135
"10654",0.136666666666667
"10655",0.136666666666667
"10656",0.133333333333333
"10657",0.135
"10658",0.135
"10659",0.135
"10660",0.136666666666667
"10661",0.135
"10662",0.135
"10663",0.135
"10664",0.135
"10665",0.135
"10666",0.135
"10667",0.136666666666667
"10668",0.135
"10669",0.135
"10670",0.133333333333333
"10671",0.135
"10672",0.135
"10673",0.135
"10674",0.135
"10675",0.135
"10676",0.135
"10677",0.135
"10678",0.135
"10679",0.135
"10680",0.135
"10681",0.135
"10682",0.135
"10683",0.135
"10684",0.135
"10685",0.136666666666667
"10686",0.135
"10687",0.135
"10688",0.135
"10689",0.135
"10690",0.135
"10691",0.135
"10692",0.135
"10693",0.135
"10694",0.133333333333333
"10695",0.133333333333333
"10696",0.135
"10697",0.135
"10698",0.135
"10699",0.135
"10700",0.135
"10701",0.133333333333333
"10702",0.135
"10703",0.133333333333333
"10704",0.135
"10705",0.135
"10706",0.131666666666667
"10707",0.133333333333333
"10708",0.133333333333333
"10709",0.133333333333333
"10710",0.135
"10711",0.133333333333333
"10712",0.133333333333333
"10713",0.133333333333333
"10714",0.133333333333333
"10715",0.133333333333333
"10716",0.133333333333333
"10717",0.135
"10718",0.133333333333333
"10719",0.133333333333333
"10720",0.131666666666667
"10721",0.133333333333333
"10722",0.133333333333333
"10723",0.133333333333333
"10724",0.133333333333333
"10725",0.133333333333333
"10726",0.133333333333333
"10727",0.133333333333333
"10728",0.133333333333333
"10729",0.133333333333333
"10730",0.133333333333333
"10731",0.133333333333333
"10732",0.133333333333333
"10733",0.133333333333333
"10734",0.133333333333333
"10735",0.135
"10736",0.133333333333333
"10737",0.133333333333333
"10738",0.133333333333333
"10739",0.133333333333333
"10740",0.133333333333333
"10741",0.133333333333333
"10742",0.133333333333333
"10743",0.133333333333333
"10744",0.131666666666667
"10745",0.131666666666667
"10746",0.133333333333333
"10747",0.133333333333333
"10748",0.133333333333333
"10749",0.133333333333333
"10750",0.133333333333333
"10751",0.133333333333333
"10752",0.135
"10753",0.133333333333333
"10754",0.135
"10755",0.135
"10756",0.131666666666667
"10757",0.133333333333333
"10758",0.133333333333333
"10759",0.133333333333333
"10760",0.135
"10761",0.133333333333333
"10762",0.133333333333333
"10763",0.133333333333333
"10764",0.133333333333333
"10765",0.133333333333333
"10766",0.133333333333333
"10767",0.135
"10768",0.133333333333333
"10769",0.133333333333333
"10770",0.131666666666667
"10771",0.133333333333333
"10772",0.133333333333333
"10773",0.133333333333333
"10774",0.133333333333333
"10775",0.133333333333333
"10776",0.133333333333333
"10777",0.133333333333333
"10778",0.133333333333333
"10779",0.133333333333333
"10780",0.133333333333333
"10781",0.133333333333333
"10782",0.133333333333333
"10783",0.133333333333333
"10784",0.133333333333333
"10785",0.135
"10786",0.133333333333333
"10787",0.133333333333333
"10788",0.133333333333333
"10789",0.133333333333333
"10790",0.133333333333333
"10791",0.133333333333333
"10792",0.133333333333333
"10793",0.133333333333333
"10794",0.131666666666667
"10795",0.131666666666667
"10796",0.133333333333333
"10797",0.133333333333333
"10798",0.133333333333333
"10799",0.133333333333333
"10800",0.133333333333333
"10801",0.133333333333333
"10802",0.135
"10803",0.133333333333333
"10804",0.133333333333333
"10805",0.135
"10806",0.131666666666667
"10807",0.133333333333333
"10808",0.133333333333333
"10809",0.133333333333333
"10810",0.133333333333333
"10811",0.133333333333333
"10812",0.133333333333333
"10813",0.133333333333333
"10814",0.133333333333333
"10815",0.133333333333333
"10816",0.133333333333333
"10817",0.133333333333333
"10818",0.133333333333333
"10819",0.133333333333333
"10820",0.131666666666667
"10821",0.133333333333333
"10822",0.133333333333333
"10823",0.133333333333333
"10824",0.133333333333333
"10825",0.133333333333333
"10826",0.135
"10827",0.135
"10828",0.133333333333333
"10829",0.133333333333333
"10830",0.133333333333333
"10831",0.133333333333333
"10832",0.133333333333333
"10833",0.133333333333333
"10834",0.133333333333333
"10835",0.133333333333333
"10836",0.133333333333333
"10837",0.133333333333333
"10838",0.133333333333333
"10839",0.133333333333333
"10840",0.133333333333333
"10841",0.133333333333333
"10842",0.133333333333333
"10843",0.133333333333333
"10844",0.135
"10845",0.135
"10846",0.133333333333333
"10847",0.133333333333333
"10848",0.133333333333333
"10849",0.133333333333333
"10850",0.133333333333333
"10851",0.131666666666667
"10852",0.133333333333333
"10853",0.131666666666667
"10854",0.13
"10855",0.133333333333333
"10856",0.133333333333333
"10857",0.131666666666667
"10858",0.131666666666667
"10859",0.131666666666667
"10860",0.13
"10861",0.131666666666667
"10862",0.131666666666667
"10863",0.131666666666667
"10864",0.131666666666667
"10865",0.131666666666667
"10866",0.131666666666667
"10867",0.13
"10868",0.131666666666667
"10869",0.131666666666667
"10870",0.13
"10871",0.131666666666667
"10872",0.131666666666667
"10873",0.131666666666667
"10874",0.131666666666667
"10875",0.131666666666667
"10876",0.133333333333333
"10877",0.133333333333333
"10878",0.131666666666667
"10879",0.131666666666667
"10880",0.131666666666667
"10881",0.131666666666667
"10882",0.131666666666667
"10883",0.131666666666667
"10884",0.131666666666667
"10885",0.13
"10886",0.131666666666667
"10887",0.131666666666667
"10888",0.131666666666667
"10889",0.131666666666667
"10890",0.131666666666667
"10891",0.131666666666667
"10892",0.131666666666667
"10893",0.131666666666667
"10894",0.133333333333333
"10895",0.133333333333333
"10896",0.131666666666667
"10897",0.131666666666667
"10898",0.131666666666667
"10899",0.131666666666667
"10900",0.131666666666667
"10901",0.131666666666667
"10902",0.133333333333333
"10903",0.131666666666667
"10904",0.13
"10905",0.133333333333333
"10906",0.133333333333333
"10907",0.131666666666667
"10908",0.131666666666667
"10909",0.131666666666667
"10910",0.13
"10911",0.131666666666667
"10912",0.131666666666667
"10913",0.131666666666667
"10914",0.131666666666667
"10915",0.131666666666667
"10916",0.131666666666667
"10917",0.13
"10918",0.131666666666667
"10919",0.131666666666667
"10920",0.13
"10921",0.131666666666667
"10922",0.131666666666667
"10923",0.131666666666667
"10924",0.131666666666667
"10925",0.131666666666667
"10926",0.133333333333333
"10927",0.133333333333333
"10928",0.131666666666667
"10929",0.131666666666667
"10930",0.131666666666667
"10931",0.131666666666667
"10932",0.131666666666667
"10933",0.131666666666667
"10934",0.131666666666667
"10935",0.13
"10936",0.131666666666667
"10937",0.131666666666667
"10938",0.131666666666667
"10939",0.131666666666667
"10940",0.131666666666667
"10941",0.131666666666667
"10942",0.131666666666667
"10943",0.131666666666667
"10944",0.133333333333333
"10945",0.133333333333333
"10946",0.131666666666667
"10947",0.131666666666667
"10948",0.131666666666667
"10949",0.131666666666667
"10950",0.131666666666667
"10951",0.0766666666666667
"10952",0.08
"10953",0.0783333333333333
"10954",0.08
"10955",0.08
"10956",0.0766666666666667
"10957",0.0783333333333333
"10958",0.0783333333333333
"10959",0.0783333333333333
"10960",0.08
"10961",0.0783333333333333
"10962",0.0783333333333333
"10963",0.0783333333333333
"10964",0.0783333333333333
"10965",0.0783333333333333
"10966",0.0783333333333333
"10967",0.08
"10968",0.0783333333333333
"10969",0.0783333333333333
"10970",0.0766666666666667
"10971",0.0766666666666667
"10972",0.08
"10973",0.0783333333333333
"10974",0.0783333333333333
"10975",0.0783333333333333
"10976",0.08
"10977",0.08
"10978",0.0783333333333333
"10979",0.0783333333333333
"10980",0.08
"10981",0.0783333333333333
"10982",0.0783333333333333
"10983",0.0783333333333333
"10984",0.0783333333333333
"10985",0.08
"10986",0.08
"10987",0.0783333333333333
"10988",0.0783333333333333
"10989",0.0783333333333333
"10990",0.0783333333333333
"10991",0.0783333333333333
"10992",0.0783333333333333
"10993",0.0783333333333333
"10994",0.08
"10995",0.08
"10996",0.0783333333333333
"10997",0.08
"10998",0.0783333333333333
"10999",0.0783333333333333
"11000",0.0783333333333333
"11001",0.0766666666666667
"11002",0.08
"11003",0.0783333333333333
"11004",0.08
"11005",0.08
"11006",0.0766666666666667
"11007",0.0783333333333333
"11008",0.0783333333333333
"11009",0.0783333333333333
"11010",0.08
"11011",0.0783333333333333
"11012",0.0783333333333333
"11013",0.0783333333333333
"11014",0.0783333333333333
"11015",0.0783333333333333
"11016",0.0783333333333333
"11017",0.08
"11018",0.0783333333333333
"11019",0.0783333333333333
"11020",0.0766666666666667
"11021",0.0766666666666667
"11022",0.08
"11023",0.0783333333333333
"11024",0.0783333333333333
"11025",0.0783333333333333
"11026",0.08
"11027",0.08
"11028",0.0783333333333333
"11029",0.0783333333333333
"11030",0.08
"11031",0.0783333333333333
"11032",0.0783333333333333
"11033",0.0783333333333333
"11034",0.0783333333333333
"11035",0.08
"11036",0.08
"11037",0.0783333333333333
"11038",0.0783333333333333
"11039",0.0783333333333333
"11040",0.0783333333333333
"11041",0.0783333333333333
"11042",0.0783333333333333
"11043",0.0783333333333333
"11044",0.08
"11045",0.08
"11046",0.0783333333333333
"11047",0.08
"11048",0.0783333333333333
"11049",0.0783333333333333
"11050",0.0783333333333333
"11051",0.0766666666666667
"11052",0.08
"11053",0.0783333333333333
"11054",0.08
"11055",0.08
"11056",0.0766666666666667
"11057",0.0783333333333333
"11058",0.0783333333333333
"11059",0.0783333333333333
"11060",0.08
"11061",0.0783333333333333
"11062",0.0783333333333333
"11063",0.0783333333333333
"11064",0.0783333333333333
"11065",0.0783333333333333
"11066",0.0783333333333333
"11067",0.08
"11068",0.0783333333333333
"11069",0.0783333333333333
"11070",0.0766666666666667
"11071",0.0766666666666667
"11072",0.08
"11073",0.0783333333333333
"11074",0.0783333333333333
"11075",0.0783333333333333
"11076",0.08
"11077",0.08
"11078",0.0783333333333333
"11079",0.0783333333333333
"11080",0.08
"11081",0.0783333333333333
"11082",0.0783333333333333
"11083",0.0783333333333333
"11084",0.0783333333333333
"11085",0.08
"11086",0.08
"11087",0.0783333333333333
"11088",0.0783333333333333
"11089",0.0783333333333333
"11090",0.0783333333333333
"11091",0.0783333333333333
"11092",0.0783333333333333
"11093",0.0783333333333333
"11094",0.08
"11095",0.08
"11096",0.0783333333333333
"11097",0.08
"11098",0.0783333333333333
"11099",0.0783333333333333
"11100",0.0783333333333333
"11101",0.08
"11102",0.0833333333333333
"11103",0.0816666666666667
"11104",0.0833333333333333
"11105",0.0833333333333333
"11106",0.08
"11107",0.0816666666666667
"11108",0.0816666666666667
"11109",0.0816666666666667
"11110",0.0833333333333333
"11111",0.0816666666666667
"11112",0.0816666666666667
"11113",0.0816666666666667
"11114",0.0816666666666667
"11115",0.0816666666666667
"11116",0.0816666666666667
"11117",0.0833333333333333
"11118",0.0816666666666667
"11119",0.0816666666666667
"11120",0.08
"11121",0.08
"11122",0.0833333333333333
"11123",0.0816666666666667
"11124",0.0816666666666667
"11125",0.0816666666666667
"11126",0.0833333333333333
"11127",0.0833333333333333
"11128",0.0816666666666667
"11129",0.0816666666666667
"11130",0.0833333333333333
"11131",0.0816666666666667
"11132",0.0816666666666667
"11133",0.0816666666666667
"11134",0.0816666666666667
"11135",0.0833333333333333
"11136",0.0833333333333333
"11137",0.0816666666666667
"11138",0.0816666666666667
"11139",0.0816666666666667
"11140",0.0816666666666667
"11141",0.0816666666666667
"11142",0.0816666666666667
"11143",0.0816666666666667
"11144",0.0833333333333333
"11145",0.0833333333333333
"11146",0.0816666666666667
"11147",0.0833333333333333
"11148",0.0816666666666667
"11149",0.0816666666666667
"11150",0.0816666666666667
"11151",0.0766666666666667
"11152",0.08
"11153",0.0783333333333333
"11154",0.08
"11155",0.08
"11156",0.0766666666666667
"11157",0.0783333333333333
"11158",0.0783333333333333
"11159",0.0783333333333333
"11160",0.08
"11161",0.0783333333333333
"11162",0.0783333333333333
"11163",0.0783333333333333
"11164",0.0783333333333333
"11165",0.0783333333333333
"11166",0.0783333333333333
"11167",0.08
"11168",0.0783333333333333
"11169",0.0783333333333333
"11170",0.0766666666666667
"11171",0.0766666666666667
"11172",0.08
"11173",0.0783333333333333
"11174",0.0783333333333333
"11175",0.0783333333333333
"11176",0.08
"11177",0.08
"11178",0.0783333333333333
"11179",0.0783333333333333
"11180",0.08
"11181",0.0783333333333333
"11182",0.0783333333333333
"11183",0.0783333333333333
"11184",0.0783333333333333
"11185",0.08
"11186",0.08
"11187",0.0783333333333333
"11188",0.0783333333333333
"11189",0.0783333333333333
"11190",0.0783333333333333
"11191",0.0783333333333333
"11192",0.0783333333333333
"11193",0.0783333333333333
"11194",0.08
"11195",0.08
"11196",0.0783333333333333
"11197",0.08
"11198",0.0783333333333333
"11199",0.0783333333333333
"11200",0.0783333333333333
"11201",0.08
"11202",0.0833333333333333
"11203",0.0816666666666667
"11204",0.0833333333333333
"11205",0.0833333333333333
"11206",0.08
"11207",0.0816666666666667
"11208",0.0816666666666667
"11209",0.0816666666666667
"11210",0.0833333333333333
"11211",0.0816666666666667
"11212",0.0816666666666667
"11213",0.0816666666666667
"11214",0.0816666666666667
"11215",0.0816666666666667
"11216",0.0816666666666667
"11217",0.0833333333333333
"11218",0.0816666666666667
"11219",0.0816666666666667
"11220",0.08
"11221",0.08
"11222",0.0833333333333333
"11223",0.0816666666666667
"11224",0.0816666666666667
"11225",0.0816666666666667
"11226",0.0833333333333333
"11227",0.0833333333333333
"11228",0.0816666666666667
"11229",0.0816666666666667
"11230",0.0833333333333333
"11231",0.0816666666666667
"11232",0.0816666666666667
"11233",0.0816666666666667
"11234",0.0816666666666667
"11235",0.0833333333333333
"11236",0.0833333333333333
"11237",0.0816666666666667
"11238",0.0816666666666667
"11239",0.0816666666666667
"11240",0.0816666666666667
"11241",0.0816666666666667
"11242",0.0816666666666667
"11243",0.0816666666666667
"11244",0.0833333333333333
"11245",0.0833333333333333
"11246",0.0816666666666667
"11247",0.0833333333333333
"11248",0.0816666666666667
"11249",0.0816666666666667
"11250",0.0816666666666667
"11251",0.0816666666666667
"11252",0.085
"11253",0.0833333333333333
"11254",0.085
"11255",0.085
"11256",0.0816666666666667
"11257",0.0833333333333333
"11258",0.0833333333333333
"11259",0.0833333333333333
"11260",0.085
"11261",0.0833333333333333
"11262",0.0833333333333333
"11263",0.0833333333333333
"11264",0.0833333333333333
"11265",0.0833333333333333
"11266",0.0833333333333333
"11267",0.085
"11268",0.0833333333333333
"11269",0.0833333333333333
"11270",0.0816666666666667
"11271",0.0816666666666667
"11272",0.0816666666666667
"11273",0.0833333333333333
"11274",0.0833333333333333
"11275",0.0833333333333333
"11276",0.085
"11277",0.085
"11278",0.0833333333333333
"11279",0.0833333333333333
"11280",0.085
"11281",0.0833333333333333
"11282",0.0833333333333333
"11283",0.0833333333333333
"11284",0.0833333333333333
"11285",0.085
"11286",0.085
"11287",0.0833333333333333
"11288",0.0833333333333333
"11289",0.0833333333333333
"11290",0.0833333333333333
"11291",0.0833333333333333
"11292",0.0833333333333333
"11293",0.0833333333333333
"11294",0.0816666666666667
"11295",0.085
"11296",0.0833333333333333
"11297",0.085
"11298",0.0833333333333333
"11299",0.0833333333333333
"11300",0.0833333333333333
"11301",0.0766666666666667
"11302",0.08
"11303",0.0783333333333333
"11304",0.08
"11305",0.08
"11306",0.0766666666666667
"11307",0.0783333333333333
"11308",0.0783333333333333
"11309",0.0783333333333333
"11310",0.08
"11311",0.0783333333333333
"11312",0.0783333333333333
"11313",0.0783333333333333
"11314",0.0783333333333333
"11315",0.0783333333333333
"11316",0.0783333333333333
"11317",0.08
"11318",0.0783333333333333
"11319",0.0783333333333333
"11320",0.0766666666666667
"11321",0.0766666666666667
"11322",0.08
"11323",0.0783333333333333
"11324",0.0783333333333333
"11325",0.0783333333333333
"11326",0.08
"11327",0.08
"11328",0.0783333333333333
"11329",0.0783333333333333
"11330",0.08
"11331",0.0783333333333333
"11332",0.0783333333333333
"11333",0.0783333333333333
"11334",0.0783333333333333
"11335",0.08
"11336",0.08
"11337",0.0783333333333333
"11338",0.0783333333333333
"11339",0.0783333333333333
"11340",0.0783333333333333
"11341",0.0783333333333333
"11342",0.0783333333333333
"11343",0.0783333333333333
"11344",0.08
"11345",0.08
"11346",0.0783333333333333
"11347",0.08
"11348",0.0783333333333333
"11349",0.0783333333333333
"11350",0.0783333333333333
"11351",0.0766666666666667
"11352",0.08
"11353",0.0783333333333333
"11354",0.08
"11355",0.08
"11356",0.0766666666666667
"11357",0.0783333333333333
"11358",0.0783333333333333
"11359",0.0783333333333333
"11360",0.08
"11361",0.0783333333333333
"11362",0.0783333333333333
"11363",0.0783333333333333
"11364",0.0783333333333333
"11365",0.0783333333333333
"11366",0.0783333333333333
"11367",0.08
"11368",0.0783333333333333
"11369",0.0783333333333333
"11370",0.0766666666666667
"11371",0.0766666666666667
"11372",0.08
"11373",0.0783333333333333
"11374",0.0783333333333333
"11375",0.0783333333333333
"11376",0.08
"11377",0.08
"11378",0.0783333333333333
"11379",0.0783333333333333
"11380",0.08
"11381",0.0783333333333333
"11382",0.0783333333333333
"11383",0.0783333333333333
"11384",0.0783333333333333
"11385",0.08
"11386",0.08
"11387",0.0783333333333333
"11388",0.0783333333333333
"11389",0.0783333333333333
"11390",0.0783333333333333
"11391",0.0783333333333333
"11392",0.0783333333333333
"11393",0.0783333333333333
"11394",0.08
"11395",0.08
"11396",0.0783333333333333
"11397",0.08
"11398",0.0783333333333333
"11399",0.0783333333333333
"11400",0.0783333333333333
"11401",0.0766666666666667
"11402",0.08
"11403",0.0783333333333333
"11404",0.08
"11405",0.08
"11406",0.0766666666666667
"11407",0.0783333333333333
"11408",0.0783333333333333
"11409",0.0783333333333333
"11410",0.08
"11411",0.0783333333333333
"11412",0.0783333333333333
"11413",0.0783333333333333
"11414",0.0783333333333333
"11415",0.0783333333333333
"11416",0.0783333333333333
"11417",0.08
"11418",0.0783333333333333
"11419",0.0783333333333333
"11420",0.0766666666666667
"11421",0.0766666666666667
"11422",0.08
"11423",0.0783333333333333
"11424",0.0783333333333333
"11425",0.0783333333333333
"11426",0.08
"11427",0.08
"11428",0.0783333333333333
"11429",0.0783333333333333
"11430",0.08
"11431",0.0783333333333333
"11432",0.0783333333333333
"11433",0.0783333333333333
"11434",0.0783333333333333
"11435",0.08
"11436",0.08
"11437",0.0783333333333333
"11438",0.0783333333333333
"11439",0.0783333333333333
"11440",0.0783333333333333
"11441",0.0783333333333333
"11442",0.0783333333333333
"11443",0.0783333333333333
"11444",0.08
"11445",0.08
"11446",0.0783333333333333
"11447",0.08
"11448",0.0783333333333333
"11449",0.0783333333333333
"11450",0.0783333333333333
"11451",0.0783333333333333
"11452",0.0816666666666667
"11453",0.08
"11454",0.0816666666666667
"11455",0.0816666666666667
"11456",0.0783333333333333
"11457",0.08
"11458",0.08
"11459",0.08
"11460",0.0816666666666667
"11461",0.08
"11462",0.08
"11463",0.08
"11464",0.08
"11465",0.08
"11466",0.08
"11467",0.0816666666666667
"11468",0.08
"11469",0.08
"11470",0.0783333333333333
"11471",0.0783333333333333
"11472",0.0816666666666667
"11473",0.08
"11474",0.08
"11475",0.08
"11476",0.0816666666666667
"11477",0.0816666666666667
"11478",0.08
"11479",0.08
"11480",0.0816666666666667
"11481",0.08
"11482",0.08
"11483",0.08
"11484",0.08
"11485",0.0816666666666667
"11486",0.0816666666666667
"11487",0.08
"11488",0.08
"11489",0.08
"11490",0.08
"11491",0.08
"11492",0.08
"11493",0.08
"11494",0.0816666666666667
"11495",0.0816666666666667
"11496",0.08
"11497",0.0816666666666667
"11498",0.08
"11499",0.08
"11500",0.08
"11501",0.0816666666666667
"11502",0.085
"11503",0.0833333333333333
"11504",0.085
"11505",0.085
"11506",0.0816666666666667
"11507",0.0833333333333333
"11508",0.0833333333333333
"11509",0.0833333333333333
"11510",0.085
"11511",0.0833333333333333
"11512",0.0833333333333333
"11513",0.0833333333333333
"11514",0.0833333333333333
"11515",0.0833333333333333
"11516",0.0833333333333333
"11517",0.085
"11518",0.0833333333333333
"11519",0.0833333333333333
"11520",0.0816666666666667
"11521",0.0816666666666667
"11522",0.0816666666666667
"11523",0.0833333333333333
"11524",0.0833333333333333
"11525",0.0833333333333333
"11526",0.085
"11527",0.085
"11528",0.0833333333333333
"11529",0.0833333333333333
"11530",0.085
"11531",0.0833333333333333
"11532",0.0833333333333333
"11533",0.0833333333333333
"11534",0.0833333333333333
"11535",0.085
"11536",0.085
"11537",0.0833333333333333
"11538",0.0833333333333333
"11539",0.0833333333333333
"11540",0.0833333333333333
"11541",0.0833333333333333
"11542",0.0833333333333333
"11543",0.0833333333333333
"11544",0.0816666666666667
"11545",0.085
"11546",0.0833333333333333
"11547",0.085
"11548",0.0833333333333333
"11549",0.0833333333333333
"11550",0.0833333333333333
"11551",0.0816666666666667
"11552",0.085
"11553",0.0833333333333333
"11554",0.085
"11555",0.085
"11556",0.0816666666666667
"11557",0.0833333333333333
"11558",0.0833333333333333
"11559",0.0833333333333333
"11560",0.085
"11561",0.0833333333333333
"11562",0.0833333333333333
"11563",0.0833333333333333
"11564",0.0833333333333333
"11565",0.0833333333333333
"11566",0.0833333333333333
"11567",0.085
"11568",0.0833333333333333
"11569",0.0833333333333333
"11570",0.0816666666666667
"11571",0.0816666666666667
"11572",0.0816666666666667
"11573",0.0833333333333333
"11574",0.0833333333333333
"11575",0.0833333333333333
"11576",0.085
"11577",0.085
"11578",0.0833333333333333
"11579",0.0833333333333333
"11580",0.085
"11581",0.0833333333333333
"11582",0.0833333333333333
"11583",0.0833333333333333
"11584",0.0833333333333333
"11585",0.085
"11586",0.085
"11587",0.0833333333333333
"11588",0.0833333333333333
"11589",0.0833333333333333
"11590",0.0833333333333333
"11591",0.0833333333333333
"11592",0.0833333333333333
"11593",0.0833333333333333
"11594",0.0816666666666667
"11595",0.085
"11596",0.0833333333333333
"11597",0.085
"11598",0.0833333333333333
"11599",0.0833333333333333
"11600",0.0833333333333333
"11601",0.0783333333333333
"11602",0.0783333333333333
"11603",0.0766666666666667
"11604",0.0783333333333333
"11605",0.0783333333333333
"11606",0.075
"11607",0.0766666666666667
"11608",0.0766666666666667
"11609",0.0766666666666667
"11610",0.0783333333333333
"11611",0.0766666666666667
"11612",0.0766666666666667
"11613",0.0766666666666667
"11614",0.0766666666666667
"11615",0.0766666666666667
"11616",0.0766666666666667
"11617",0.0783333333333333
"11618",0.0766666666666667
"11619",0.0766666666666667
"11620",0.075
"11621",0.0783333333333333
"11622",0.0783333333333333
"11623",0.0766666666666667
"11624",0.0766666666666667
"11625",0.0766666666666667
"11626",0.0783333333333333
"11627",0.0783333333333333
"11628",0.0766666666666667
"11629",0.0766666666666667
"11630",0.0783333333333333
"11631",0.0766666666666667
"11632",0.0766666666666667
"11633",0.0766666666666667
"11634",0.0766666666666667
"11635",0.0783333333333333
"11636",0.0783333333333333
"11637",0.0766666666666667
"11638",0.0766666666666667
"11639",0.0766666666666667
"11640",0.0766666666666667
"11641",0.0766666666666667
"11642",0.0766666666666667
"11643",0.0766666666666667
"11644",0.0783333333333333
"11645",0.0783333333333333
"11646",0.0766666666666667
"11647",0.0783333333333333
"11648",0.0766666666666667
"11649",0.0766666666666667
"11650",0.0766666666666667
"11651",0.0766666666666667
"11652",0.08
"11653",0.0783333333333333
"11654",0.08
"11655",0.08
"11656",0.0766666666666667
"11657",0.0783333333333333
"11658",0.0783333333333333
"11659",0.0783333333333333
"11660",0.08
"11661",0.0783333333333333
"11662",0.0783333333333333
"11663",0.0783333333333333
"11664",0.0783333333333333
"11665",0.0783333333333333
"11666",0.0783333333333333
"11667",0.08
"11668",0.0783333333333333
"11669",0.0783333333333333
"11670",0.0766666666666667
"11671",0.0766666666666667
"11672",0.08
"11673",0.0783333333333333
"11674",0.0783333333333333
"11675",0.0783333333333333
"11676",0.08
"11677",0.08
"11678",0.0783333333333333
"11679",0.0783333333333333
"11680",0.08
"11681",0.0783333333333333
"11682",0.0783333333333333
"11683",0.0783333333333333
"11684",0.0783333333333333
"11685",0.08
"11686",0.08
"11687",0.0783333333333333
"11688",0.0783333333333333
"11689",0.0783333333333333
"11690",0.0783333333333333
"11691",0.0783333333333333
"11692",0.0783333333333333
"11693",0.0783333333333333
"11694",0.08
"11695",0.08
"11696",0.0783333333333333
"11697",0.08
"11698",0.0783333333333333
"11699",0.0783333333333333
"11700",0.0783333333333333
"11701",0.075
"11702",0.0783333333333333
"11703",0.0766666666666667
"11704",0.0783333333333333
"11705",0.0783333333333333
"11706",0.075
"11707",0.0766666666666667
"11708",0.0766666666666667
"11709",0.0766666666666667
"11710",0.0783333333333333
"11711",0.0766666666666667
"11712",0.0766666666666667
"11713",0.0766666666666667
"11714",0.0766666666666667
"11715",0.0766666666666667
"11716",0.0766666666666667
"11717",0.0783333333333333
"11718",0.0766666666666667
"11719",0.0766666666666667
"11720",0.075
"11721",0.075
"11722",0.0783333333333333
"11723",0.0766666666666667
"11724",0.0766666666666667
"11725",0.0766666666666667
"11726",0.0783333333333333
"11727",0.0783333333333333
"11728",0.0766666666666667
"11729",0.0766666666666667
"11730",0.0783333333333333
"11731",0.0766666666666667
"11732",0.0766666666666667
"11733",0.0766666666666667
"11734",0.0766666666666667
"11735",0.0783333333333333
"11736",0.0783333333333333
"11737",0.0766666666666667
"11738",0.0766666666666667
"11739",0.0766666666666667
"11740",0.0766666666666667
"11741",0.0766666666666667
"11742",0.0766666666666667
"11743",0.0766666666666667
"11744",0.0783333333333333
"11745",0.0783333333333333
"11746",0.0766666666666667
"11747",0.0783333333333333
"11748",0.0766666666666667
"11749",0.0766666666666667
"11750",0.0766666666666667
"11751",0.0766666666666667
"11752",0.08
"11753",0.0783333333333333
"11754",0.08
"11755",0.08
"11756",0.0766666666666667
"11757",0.0783333333333333
"11758",0.0783333333333333
"11759",0.0783333333333333
"11760",0.08
"11761",0.0783333333333333
"11762",0.0783333333333333
"11763",0.0783333333333333
"11764",0.0783333333333333
"11765",0.0783333333333333
"11766",0.0783333333333333
"11767",0.08
"11768",0.0783333333333333
"11769",0.0783333333333333
"11770",0.0766666666666667
"11771",0.0766666666666667
"11772",0.08
"11773",0.0783333333333333
"11774",0.0783333333333333
"11775",0.0783333333333333
"11776",0.08
"11777",0.08
"11778",0.0783333333333333
"11779",0.0783333333333333
"11780",0.08
"11781",0.0783333333333333
"11782",0.0783333333333333
"11783",0.0783333333333333
"11784",0.0783333333333333
"11785",0.08
"11786",0.08
"11787",0.0783333333333333
"11788",0.0783333333333333
"11789",0.0783333333333333
"11790",0.0783333333333333
"11791",0.0783333333333333
"11792",0.0783333333333333
"11793",0.0783333333333333
"11794",0.08
"11795",0.08
"11796",0.0783333333333333
"11797",0.08
"11798",0.0783333333333333
"11799",0.0783333333333333
"11800",0.0783333333333333
"11801",0.08
"11802",0.0833333333333333
"11803",0.0816666666666667
"11804",0.0833333333333333
"11805",0.0833333333333333
"11806",0.08
"11807",0.0816666666666667
"11808",0.0816666666666667
"11809",0.0816666666666667
"11810",0.0833333333333333
"11811",0.0816666666666667
"11812",0.0816666666666667
"11813",0.0816666666666667
"11814",0.0816666666666667
"11815",0.0816666666666667
"11816",0.0816666666666667
"11817",0.0833333333333333
"11818",0.0816666666666667
"11819",0.0816666666666667
"11820",0.08
"11821",0.08
"11822",0.0833333333333333
"11823",0.0816666666666667
"11824",0.0816666666666667
"11825",0.0816666666666667
"11826",0.0833333333333333
"11827",0.0833333333333333
"11828",0.0816666666666667
"11829",0.0816666666666667
"11830",0.0833333333333333
"11831",0.0816666666666667
"11832",0.0816666666666667
"11833",0.0816666666666667
"11834",0.0816666666666667
"11835",0.0833333333333333
"11836",0.0833333333333333
"11837",0.0816666666666667
"11838",0.0816666666666667
"11839",0.0816666666666667
"11840",0.0816666666666667
"11841",0.0816666666666667
"11842",0.0816666666666667
"11843",0.0816666666666667
"11844",0.08
"11845",0.0833333333333333
"11846",0.0816666666666667
"11847",0.0833333333333333
"11848",0.0816666666666667
"11849",0.0816666666666667
"11850",0.0816666666666667
"11851",0.0766666666666667
"11852",0.08
"11853",0.0783333333333333
"11854",0.08
"11855",0.08
"11856",0.0766666666666667
"11857",0.0783333333333333
"11858",0.0783333333333333
"11859",0.0783333333333333
"11860",0.08
"11861",0.0783333333333333
"11862",0.0783333333333333
"11863",0.0783333333333333
"11864",0.0783333333333333
"11865",0.0783333333333333
"11866",0.0783333333333333
"11867",0.08
"11868",0.0783333333333333
"11869",0.0783333333333333
"11870",0.0766666666666667
"11871",0.0766666666666667
"11872",0.08
"11873",0.0783333333333333
"11874",0.0783333333333333
"11875",0.0783333333333333
"11876",0.08
"11877",0.08
"11878",0.0783333333333333
"11879",0.0783333333333333
"11880",0.08
"11881",0.0783333333333333
"11882",0.0783333333333333
"11883",0.0783333333333333
"11884",0.0783333333333333
"11885",0.08
"11886",0.08
"11887",0.0783333333333333
"11888",0.0783333333333333
"11889",0.0783333333333333
"11890",0.0783333333333333
"11891",0.0783333333333333
"11892",0.0783333333333333
"11893",0.0783333333333333
"11894",0.08
"11895",0.08
"11896",0.0783333333333333
"11897",0.08
"11898",0.0783333333333333
"11899",0.0783333333333333
"11900",0.0783333333333333
"11901",0.0816666666666667
"11902",0.085
"11903",0.0833333333333333
"11904",0.085
"11905",0.085
"11906",0.0816666666666667
"11907",0.0833333333333333
"11908",0.0833333333333333
"11909",0.0833333333333333
"11910",0.085
"11911",0.0833333333333333
"11912",0.0833333333333333
"11913",0.0833333333333333
"11914",0.0833333333333333
"11915",0.0833333333333333
"11916",0.0833333333333333
"11917",0.085
"11918",0.0833333333333333
"11919",0.0833333333333333
"11920",0.0816666666666667
"11921",0.0816666666666667
"11922",0.0816666666666667
"11923",0.0833333333333333
"11924",0.0833333333333333
"11925",0.0833333333333333
"11926",0.085
"11927",0.085
"11928",0.0833333333333333
"11929",0.0833333333333333
"11930",0.085
"11931",0.0833333333333333
"11932",0.0833333333333333
"11933",0.0833333333333333
"11934",0.0833333333333333
"11935",0.085
"11936",0.085
"11937",0.0833333333333333
"11938",0.0833333333333333
"11939",0.0833333333333333
"11940",0.0833333333333333
"11941",0.0833333333333333
"11942",0.0833333333333333
"11943",0.0833333333333333
"11944",0.0816666666666667
"11945",0.085
"11946",0.0833333333333333
"11947",0.085
"11948",0.0833333333333333
"11949",0.0833333333333333
"11950",0.0833333333333333
"11951",0.0766666666666667
"11952",0.08
"11953",0.0783333333333333
"11954",0.08
"11955",0.08
"11956",0.0766666666666667
"11957",0.0783333333333333
"11958",0.0783333333333333
"11959",0.0783333333333333
"11960",0.08
"11961",0.0783333333333333
"11962",0.0783333333333333
"11963",0.0783333333333333
"11964",0.0783333333333333
"11965",0.0783333333333333
"11966",0.0783333333333333
"11967",0.08
"11968",0.0783333333333333
"11969",0.0783333333333333
"11970",0.0766666666666667
"11971",0.0766666666666667
"11972",0.08
"11973",0.0783333333333333
"11974",0.0783333333333333
"11975",0.0783333333333333
"11976",0.08
"11977",0.08
"11978",0.0783333333333333
"11979",0.0783333333333333
"11980",0.08
"11981",0.0783333333333333
"11982",0.0783333333333333
"11983",0.0783333333333333
"11984",0.0783333333333333
"11985",0.08
"11986",0.08
"11987",0.0783333333333333
"11988",0.0783333333333333
"11989",0.0783333333333333
"11990",0.0783333333333333
"11991",0.0783333333333333
"11992",0.0783333333333333
"11993",0.0783333333333333
"11994",0.08
"11995",0.08
"11996",0.0783333333333333
"11997",0.08
"11998",0.0783333333333333
"11999",0.0783333333333333
"12000",0.0783333333333333
"12001",0.08
"12002",0.08
"12003",0.0783333333333333
"12004",0.08
"12005",0.08
"12006",0.0766666666666667
"12007",0.0783333333333333
"12008",0.0783333333333333
"12009",0.0783333333333333
"12010",0.08
"12011",0.0783333333333333
"12012",0.0783333333333333
"12013",0.0783333333333333
"12014",0.0783333333333333
"12015",0.0783333333333333
"12016",0.0783333333333333
"12017",0.08
"12018",0.0783333333333333
"12019",0.0783333333333333
"12020",0.0766666666666667
"12021",0.08
"12022",0.08
"12023",0.0783333333333333
"12024",0.0783333333333333
"12025",0.0783333333333333
"12026",0.08
"12027",0.08
"12028",0.0783333333333333
"12029",0.0783333333333333
"12030",0.08
"12031",0.0783333333333333
"12032",0.0783333333333333
"12033",0.0783333333333333
"12034",0.0783333333333333
"12035",0.08
"12036",0.08
"12037",0.0783333333333333
"12038",0.0783333333333333
"12039",0.0783333333333333
"12040",0.0783333333333333
"12041",0.0783333333333333
"12042",0.0783333333333333
"12043",0.0783333333333333
"12044",0.0766666666666667
"12045",0.08
"12046",0.0783333333333333
"12047",0.08
"12048",0.0783333333333333
"12049",0.0783333333333333
"12050",0.0783333333333333
"12051",0.0766666666666667
"12052",0.08
"12053",0.0783333333333333
"12054",0.08
"12055",0.08
"12056",0.0766666666666667
"12057",0.0783333333333333
"12058",0.0783333333333333
"12059",0.0783333333333333
"12060",0.08
"12061",0.0783333333333333
"12062",0.0783333333333333
"12063",0.0783333333333333
"12064",0.0783333333333333
"12065",0.0783333333333333
"12066",0.0783333333333333
"12067",0.08
"12068",0.0783333333333333
"12069",0.0783333333333333
"12070",0.0766666666666667
"12071",0.0766666666666667
"12072",0.08
"12073",0.0783333333333333
"12074",0.0783333333333333
"12075",0.0783333333333333
"12076",0.08
"12077",0.08
"12078",0.0783333333333333
"12079",0.0783333333333333
"12080",0.08
"12081",0.0783333333333333
"12082",0.0783333333333333
"12083",0.0783333333333333
"12084",0.0783333333333333
"12085",0.08
"12086",0.08
"12087",0.0783333333333333
"12088",0.0783333333333333
"12089",0.0783333333333333
"12090",0.0783333333333333
"12091",0.0783333333333333
"12092",0.0783333333333333
"12093",0.0783333333333333
"12094",0.08
"12095",0.08
"12096",0.0783333333333333
"12097",0.08
"12098",0.0783333333333333
"12099",0.0783333333333333
"12100",0.0783333333333333
"12101",0.0783333333333333
"12102",0.0816666666666667
"12103",0.08
"12104",0.0816666666666667
"12105",0.0816666666666667
"12106",0.0783333333333333
"12107",0.08
"12108",0.08
"12109",0.08
"12110",0.0816666666666667
"12111",0.08
"12112",0.08
"12113",0.08
"12114",0.08
"12115",0.08
"12116",0.08
"12117",0.0816666666666667
"12118",0.08
"12119",0.08
"12120",0.0783333333333333
"12121",0.0783333333333333
"12122",0.0816666666666667
"12123",0.08
"12124",0.08
"12125",0.08
"12126",0.0816666666666667
"12127",0.0816666666666667
"12128",0.08
"12129",0.08
"12130",0.0816666666666667
"12131",0.08
"12132",0.08
"12133",0.08
"12134",0.08
"12135",0.0816666666666667
"12136",0.0816666666666667
"12137",0.08
"12138",0.08
"12139",0.08
"12140",0.08
"12141",0.08
"12142",0.08
"12143",0.08
"12144",0.0816666666666667
"12145",0.0816666666666667
"12146",0.08
"12147",0.0816666666666667
"12148",0.08
"12149",0.08
"12150",0.08
"12151",0.0766666666666667
"12152",0.08
"12153",0.0783333333333333
"12154",0.08
"12155",0.08
"12156",0.0766666666666667
"12157",0.0783333333333333
"12158",0.0783333333333333
"12159",0.0783333333333333
"12160",0.08
"12161",0.0783333333333333
"12162",0.0783333333333333
"12163",0.0783333333333333
"12164",0.0783333333333333
"12165",0.0783333333333333
"12166",0.0783333333333333
"12167",0.08
"12168",0.0783333333333333
"12169",0.0783333333333333
"12170",0.0766666666666667
"12171",0.0766666666666667
"12172",0.08
"12173",0.0783333333333333
"12174",0.0783333333333333
"12175",0.0783333333333333
"12176",0.08
"12177",0.08
"12178",0.0783333333333333
"12179",0.0783333333333333
"12180",0.08
"12181",0.0783333333333333
"12182",0.0783333333333333
"12183",0.0783333333333333
"12184",0.0783333333333333
"12185",0.08
"12186",0.08
"12187",0.0783333333333333
"12188",0.0783333333333333
"12189",0.0783333333333333
"12190",0.0783333333333333
"12191",0.0783333333333333
"12192",0.0783333333333333
"12193",0.0783333333333333
"12194",0.08
"12195",0.08
"12196",0.0783333333333333
"12197",0.08
"12198",0.0783333333333333
"12199",0.0783333333333333
"12200",0.0783333333333333
"12201",0.0816666666666667
"12202",0.085
"12203",0.0833333333333333
"12204",0.085
"12205",0.085
"12206",0.0816666666666667
"12207",0.0833333333333333
"12208",0.0833333333333333
"12209",0.0833333333333333
"12210",0.085
"12211",0.0833333333333333
"12212",0.0833333333333333
"12213",0.0833333333333333
"12214",0.0833333333333333
"12215",0.0833333333333333
"12216",0.0833333333333333
"12217",0.085
"12218",0.0833333333333333
"12219",0.0833333333333333
"12220",0.0816666666666667
"12221",0.0816666666666667
"12222",0.0816666666666667
"12223",0.0833333333333333
"12224",0.0833333333333333
"12225",0.0833333333333333
"12226",0.085
"12227",0.085
"12228",0.0833333333333333
"12229",0.0833333333333333
"12230",0.085
"12231",0.0833333333333333
"12232",0.0833333333333333
"12233",0.0833333333333333
"12234",0.0833333333333333
"12235",0.085
"12236",0.085
"12237",0.0833333333333333
"12238",0.0833333333333333
"12239",0.0833333333333333
"12240",0.0833333333333333
"12241",0.0833333333333333
"12242",0.0833333333333333
"12243",0.0833333333333333
"12244",0.0816666666666667
"12245",0.085
"12246",0.0833333333333333
"12247",0.085
"12248",0.0833333333333333
"12249",0.0833333333333333
"12250",0.0833333333333333
"12251",0.0783333333333333
"12252",0.0816666666666667
"12253",0.08
"12254",0.0816666666666667
"12255",0.0816666666666667
"12256",0.0783333333333333
"12257",0.08
"12258",0.08
"12259",0.08
"12260",0.0816666666666667
"12261",0.08
"12262",0.08
"12263",0.08
"12264",0.08
"12265",0.08
"12266",0.08
"12267",0.0816666666666667
"12268",0.08
"12269",0.08
"12270",0.0783333333333333
"12271",0.0783333333333333
"12272",0.0816666666666667
"12273",0.08
"12274",0.08
"12275",0.08
"12276",0.0816666666666667
"12277",0.0816666666666667
"12278",0.08
"12279",0.08
"12280",0.0816666666666667
"12281",0.08
"12282",0.08
"12283",0.08
"12284",0.08
"12285",0.0816666666666667
"12286",0.0816666666666667
"12287",0.08
"12288",0.08
"12289",0.08
"12290",0.08
"12291",0.08
"12292",0.08
"12293",0.08
"12294",0.0816666666666667
"12295",0.0816666666666667
"12296",0.08
"12297",0.0816666666666667
"12298",0.08
"12299",0.08
"12300",0.08
"12301",0.0783333333333333
"12302",0.0816666666666667
"12303",0.08
"12304",0.0816666666666667
"12305",0.0816666666666667
"12306",0.0783333333333333
"12307",0.08
"12308",0.08
"12309",0.08
"12310",0.0816666666666667
"12311",0.08
"12312",0.08
"12313",0.08
"12314",0.08
"12315",0.08
"12316",0.08
"12317",0.0816666666666667
"12318",0.08
"12319",0.08
"12320",0.0783333333333333
"12321",0.0783333333333333
"12322",0.0816666666666667
"12323",0.08
"12324",0.08
"12325",0.08
"12326",0.0816666666666667
"12327",0.0816666666666667
"12328",0.08
"12329",0.08
"12330",0.0816666666666667
"12331",0.08
"12332",0.08
"12333",0.08
"12334",0.08
"12335",0.0816666666666667
"12336",0.0816666666666667
"12337",0.08
"12338",0.08
"12339",0.08
"12340",0.08
"12341",0.08
"12342",0.08
"12343",0.08
"12344",0.0816666666666667
"12345",0.0816666666666667
"12346",0.08
"12347",0.0816666666666667
"12348",0.08
"12349",0.08
"12350",0.08
"12351",0.0783333333333333
"12352",0.0816666666666667
"12353",0.08
"12354",0.0816666666666667
"12355",0.0816666666666667
"12356",0.0783333333333333
"12357",0.08
"12358",0.08
"12359",0.08
"12360",0.0816666666666667
"12361",0.08
"12362",0.08
"12363",0.08
"12364",0.08
"12365",0.08
"12366",0.08
"12367",0.0816666666666667
"12368",0.08
"12369",0.08
"12370",0.0783333333333333
"12371",0.0783333333333333
"12372",0.0816666666666667
"12373",0.08
"12374",0.08
"12375",0.08
"12376",0.0816666666666667
"12377",0.0816666666666667
"12378",0.08
"12379",0.08
"12380",0.0816666666666667
"12381",0.08
"12382",0.08
"12383",0.08
"12384",0.08
"12385",0.0816666666666667
"12386",0.0816666666666667
"12387",0.08
"12388",0.08
"12389",0.08
"12390",0.08
"12391",0.08
"12392",0.08
"12393",0.08
"12394",0.0816666666666667
"12395",0.0816666666666667
"12396",0.08
"12397",0.0816666666666667
"12398",0.08
"12399",0.08
"12400",0.08
"12401",0.0783333333333333
"12402",0.0816666666666667
"12403",0.08
"12404",0.0816666666666667
"12405",0.0816666666666667
"12406",0.0783333333333333
"12407",0.08
"12408",0.08
"12409",0.08
"12410",0.0816666666666667
"12411",0.08
"12412",0.08
"12413",0.08
"12414",0.08
"12415",0.08
"12416",0.08
"12417",0.0816666666666667
"12418",0.08
"12419",0.08
"12420",0.0783333333333333
"12421",0.0783333333333333
"12422",0.0816666666666667
"12423",0.08
"12424",0.08
"12425",0.08
"12426",0.0816666666666667
"12427",0.0816666666666667
"12428",0.08
"12429",0.08
"12430",0.0816666666666667
"12431",0.08
"12432",0.08
"12433",0.08
"12434",0.08
"12435",0.0816666666666667
"12436",0.0816666666666667
"12437",0.08
"12438",0.08
"12439",0.08
"12440",0.08
"12441",0.08
"12442",0.08
"12443",0.08
"12444",0.0816666666666667
"12445",0.0816666666666667
"12446",0.08
"12447",0.0816666666666667
"12448",0.08
"12449",0.08
"12450",0.08
"12451",0.08
"12452",0.0833333333333333
"12453",0.0816666666666667
"12454",0.0833333333333333
"12455",0.0833333333333333
"12456",0.08
"12457",0.0816666666666667
"12458",0.0816666666666667
"12459",0.0816666666666667
"12460",0.0833333333333333
"12461",0.0816666666666667
"12462",0.0816666666666667
"12463",0.0816666666666667
"12464",0.0816666666666667
"12465",0.0816666666666667
"12466",0.0816666666666667
"12467",0.0833333333333333
"12468",0.0816666666666667
"12469",0.0816666666666667
"12470",0.08
"12471",0.08
"12472",0.0833333333333333
"12473",0.0816666666666667
"12474",0.0816666666666667
"12475",0.0816666666666667
"12476",0.0833333333333333
"12477",0.0833333333333333
"12478",0.0816666666666667
"12479",0.0816666666666667
"12480",0.0833333333333333
"12481",0.0816666666666667
"12482",0.0816666666666667
"12483",0.0816666666666667
"12484",0.0816666666666667
"12485",0.0833333333333333
"12486",0.0833333333333333
"12487",0.0816666666666667
"12488",0.0816666666666667
"12489",0.0816666666666667
"12490",0.0816666666666667
"12491",0.0816666666666667
"12492",0.0816666666666667
"12493",0.0816666666666667
"12494",0.08
"12495",0.0833333333333333
"12496",0.0816666666666667
"12497",0.0833333333333333
"12498",0.0816666666666667
"12499",0.0816666666666667
"12500",0.0816666666666667
"12501",0.0766666666666667
"12502",0.08
"12503",0.0783333333333333
"12504",0.08
"12505",0.08
"12506",0.0766666666666667
"12507",0.0783333333333333
"12508",0.0783333333333333
"12509",0.0783333333333333
"12510",0.08
"12511",0.0783333333333333
"12512",0.0783333333333333
"12513",0.0783333333333333
"12514",0.0783333333333333
"12515",0.0783333333333333
"12516",0.0783333333333333
"12517",0.08
"12518",0.0783333333333333
"12519",0.0783333333333333
"12520",0.0766666666666667
"12521",0.0766666666666667
"12522",0.08
"12523",0.0783333333333333
"12524",0.0783333333333333
"12525",0.0783333333333333
"12526",0.08
"12527",0.08
"12528",0.0783333333333333
"12529",0.0783333333333333
"12530",0.08
"12531",0.0783333333333333
"12532",0.0783333333333333
"12533",0.0783333333333333
"12534",0.0783333333333333
"12535",0.08
"12536",0.08
"12537",0.0783333333333333
"12538",0.0783333333333333
"12539",0.0783333333333333
"12540",0.0783333333333333
"12541",0.0783333333333333
"12542",0.0783333333333333
"12543",0.0783333333333333
"12544",0.08
"12545",0.08
"12546",0.0783333333333333
"12547",0.08
"12548",0.0783333333333333
"12549",0.0783333333333333
"12550",0.0783333333333333
"12551",0.0816666666666667
"12552",0.085
"12553",0.0833333333333333
"12554",0.085
"12555",0.085
"12556",0.0816666666666667
"12557",0.0833333333333333
"12558",0.0833333333333333
"12559",0.0833333333333333
"12560",0.085
"12561",0.0833333333333333
"12562",0.0833333333333333
"12563",0.0833333333333333
"12564",0.0833333333333333
"12565",0.0833333333333333
"12566",0.0833333333333333
"12567",0.085
"12568",0.0833333333333333
"12569",0.0833333333333333
"12570",0.0816666666666667
"12571",0.0816666666666667
"12572",0.0816666666666667
"12573",0.0833333333333333
"12574",0.0833333333333333
"12575",0.0833333333333333
"12576",0.085
"12577",0.085
"12578",0.0833333333333333
"12579",0.0833333333333333
"12580",0.085
"12581",0.0833333333333333
"12582",0.0833333333333333
"12583",0.0833333333333333
"12584",0.0833333333333333
"12585",0.085
"12586",0.085
"12587",0.0833333333333333
"12588",0.0833333333333333
"12589",0.0833333333333333
"12590",0.0833333333333333
"12591",0.0833333333333333
"12592",0.0833333333333333
"12593",0.0833333333333333
"12594",0.0816666666666667
"12595",0.085
"12596",0.0833333333333333
"12597",0.085
"12598",0.0833333333333333
"12599",0.0833333333333333
"12600",0.0833333333333333
"12601",0.08
"12602",0.0833333333333333
"12603",0.0816666666666667
"12604",0.0833333333333333
"12605",0.0833333333333333
"12606",0.08
"12607",0.0816666666666667
"12608",0.0816666666666667
"12609",0.0816666666666667
"12610",0.0833333333333333
"12611",0.0816666666666667
"12612",0.0816666666666667
"12613",0.0816666666666667
"12614",0.0816666666666667
"12615",0.0816666666666667
"12616",0.0816666666666667
"12617",0.0833333333333333
"12618",0.0816666666666667
"12619",0.0816666666666667
"12620",0.08
"12621",0.08
"12622",0.08
"12623",0.0816666666666667
"12624",0.0816666666666667
"12625",0.0816666666666667
"12626",0.0833333333333333
"12627",0.0833333333333333
"12628",0.0816666666666667
"12629",0.0816666666666667
"12630",0.0833333333333333
"12631",0.0816666666666667
"12632",0.0816666666666667
"12633",0.0816666666666667
"12634",0.0816666666666667
"12635",0.0833333333333333
"12636",0.0833333333333333
"12637",0.0816666666666667
"12638",0.0816666666666667
"12639",0.0816666666666667
"12640",0.0816666666666667
"12641",0.0816666666666667
"12642",0.0816666666666667
"12643",0.0816666666666667
"12644",0.08
"12645",0.0833333333333333
"12646",0.0816666666666667
"12647",0.0833333333333333
"12648",0.0816666666666667
"12649",0.0816666666666667
"12650",0.0816666666666667
"12651",0.0766666666666667
"12652",0.08
"12653",0.0783333333333333
"12654",0.08
"12655",0.08
"12656",0.0766666666666667
"12657",0.0783333333333333
"12658",0.0783333333333333
"12659",0.0783333333333333
"12660",0.08
"12661",0.0783333333333333
"12662",0.0783333333333333
"12663",0.0783333333333333
"12664",0.0783333333333333
"12665",0.0783333333333333
"12666",0.0783333333333333
"12667",0.08
"12668",0.0783333333333333
"12669",0.0783333333333333
"12670",0.0766666666666667
"12671",0.0766666666666667
"12672",0.08
"12673",0.0783333333333333
"12674",0.0783333333333333
"12675",0.0783333333333333
"12676",0.08
"12677",0.08
"12678",0.0783333333333333
"12679",0.0783333333333333
"12680",0.08
"12681",0.0783333333333333
"12682",0.0783333333333333
"12683",0.0783333333333333
"12684",0.0783333333333333
"12685",0.08
"12686",0.08
"12687",0.0783333333333333
"12688",0.0783333333333333
"12689",0.0783333333333333
"12690",0.0783333333333333
"12691",0.0783333333333333
"12692",0.0783333333333333
"12693",0.0783333333333333
"12694",0.08
"12695",0.08
"12696",0.0783333333333333
"12697",0.08
"12698",0.0783333333333333
"12699",0.0783333333333333
"12700",0.0783333333333333
"12701",0.0766666666666667
"12702",0.08
"12703",0.0783333333333333
"12704",0.08
"12705",0.08
"12706",0.0766666666666667
"12707",0.0783333333333333
"12708",0.0783333333333333
"12709",0.0783333333333333
"12710",0.08
"12711",0.0783333333333333
"12712",0.0783333333333333
"12713",0.0783333333333333
"12714",0.0783333333333333
"12715",0.0783333333333333
"12716",0.0783333333333333
"12717",0.08
"12718",0.0783333333333333
"12719",0.0783333333333333
"12720",0.0766666666666667
"12721",0.0766666666666667
"12722",0.08
"12723",0.0783333333333333
"12724",0.0783333333333333
"12725",0.0783333333333333
"12726",0.08
"12727",0.08
"12728",0.0783333333333333
"12729",0.0783333333333333
"12730",0.08
"12731",0.0783333333333333
"12732",0.0783333333333333
"12733",0.0783333333333333
"12734",0.0783333333333333
"12735",0.08
"12736",0.08
"12737",0.0783333333333333
"12738",0.0783333333333333
"12739",0.0783333333333333
"12740",0.0783333333333333
"12741",0.0783333333333333
"12742",0.0783333333333333
"12743",0.0783333333333333
"12744",0.08
"12745",0.08
"12746",0.0783333333333333
"12747",0.08
"12748",0.0783333333333333
"12749",0.0783333333333333
"12750",0.0783333333333333
"12751",0.075
"12752",0.0783333333333333
"12753",0.0766666666666667
"12754",0.0783333333333333
"12755",0.0783333333333333
"12756",0.075
"12757",0.0766666666666667
"12758",0.0766666666666667
"12759",0.0766666666666667
"12760",0.0783333333333333
"12761",0.0766666666666667
"12762",0.0766666666666667
"12763",0.0766666666666667
"12764",0.0766666666666667
"12765",0.0766666666666667
"12766",0.0766666666666667
"12767",0.0783333333333333
"12768",0.0766666666666667
"12769",0.0766666666666667
"12770",0.075
"12771",0.075
"12772",0.0783333333333333
"12773",0.0766666666666667
"12774",0.0766666666666667
"12775",0.0766666666666667
"12776",0.0783333333333333
"12777",0.0783333333333333
"12778",0.0766666666666667
"12779",0.0766666666666667
"12780",0.0783333333333333
"12781",0.0766666666666667
"12782",0.0766666666666667
"12783",0.0766666666666667
"12784",0.0766666666666667
"12785",0.0783333333333333
"12786",0.0783333333333333
"12787",0.0766666666666667
"12788",0.0766666666666667
"12789",0.0766666666666667
"12790",0.0766666666666667
"12791",0.0766666666666667
"12792",0.0766666666666667
"12793",0.0766666666666667
"12794",0.0783333333333333
"12795",0.0783333333333333
"12796",0.0766666666666667
"12797",0.0783333333333333
"12798",0.0766666666666667
"12799",0.0766666666666667
"12800",0.0766666666666667
"12801",0.0766666666666667
"12802",0.08
"12803",0.0783333333333333
"12804",0.08
"12805",0.08
"12806",0.0766666666666667
"12807",0.0783333333333333
"12808",0.0783333333333333
"12809",0.0783333333333333
"12810",0.08
"12811",0.0783333333333333
"12812",0.0783333333333333
"12813",0.0783333333333333
"12814",0.0783333333333333
"12815",0.0783333333333333
"12816",0.0783333333333333
"12817",0.08
"12818",0.0783333333333333
"12819",0.0783333333333333
"12820",0.0766666666666667
"12821",0.0766666666666667
"12822",0.08
"12823",0.0783333333333333
"12824",0.0783333333333333
"12825",0.0783333333333333
"12826",0.08
"12827",0.08
"12828",0.0783333333333333
"12829",0.0783333333333333
"12830",0.08
"12831",0.0783333333333333
"12832",0.0783333333333333
"12833",0.0783333333333333
"12834",0.0783333333333333
"12835",0.08
"12836",0.08
"12837",0.0783333333333333
"12838",0.0783333333333333
"12839",0.0783333333333333
"12840",0.0783333333333333
"12841",0.0783333333333333
"12842",0.0783333333333333
"12843",0.0783333333333333
"12844",0.08
"12845",0.08
"12846",0.0783333333333333
"12847",0.08
"12848",0.0783333333333333
"12849",0.0783333333333333
"12850",0.0783333333333333
"12851",0.0766666666666667
"12852",0.08
"12853",0.0783333333333333
"12854",0.08
"12855",0.08
"12856",0.0766666666666667
"12857",0.0783333333333333
"12858",0.0783333333333333
"12859",0.0783333333333333
"12860",0.08
"12861",0.0783333333333333
"12862",0.0783333333333333
"12863",0.0783333333333333
"12864",0.0783333333333333
"12865",0.0783333333333333
"12866",0.0783333333333333
"12867",0.08
"12868",0.0783333333333333
"12869",0.0783333333333333
"12870",0.0766666666666667
"12871",0.0766666666666667
"12872",0.08
"12873",0.0783333333333333
"12874",0.0783333333333333
"12875",0.0783333333333333
"12876",0.08
"12877",0.08
"12878",0.0783333333333333
"12879",0.0783333333333333
"12880",0.08
"12881",0.0783333333333333
"12882",0.0783333333333333
"12883",0.0783333333333333
"12884",0.0783333333333333
"12885",0.08
"12886",0.08
"12887",0.0783333333333333
"12888",0.0783333333333333
"12889",0.0783333333333333
"12890",0.0783333333333333
"12891",0.0783333333333333
"12892",0.0783333333333333
"12893",0.0783333333333333
"12894",0.08
"12895",0.08
"12896",0.0783333333333333
"12897",0.08
"12898",0.0783333333333333
"12899",0.0783333333333333
"12900",0.0783333333333333
"12901",0.0766666666666667
"12902",0.08
"12903",0.0783333333333333
"12904",0.08
"12905",0.08
"12906",0.0766666666666667
"12907",0.0783333333333333
"12908",0.0783333333333333
"12909",0.0783333333333333
"12910",0.08
"12911",0.0783333333333333
"12912",0.0783333333333333
"12913",0.0783333333333333
"12914",0.0783333333333333
"12915",0.0783333333333333
"12916",0.0783333333333333
"12917",0.08
"12918",0.0783333333333333
"12919",0.0783333333333333
"12920",0.0766666666666667
"12921",0.0766666666666667
"12922",0.08
"12923",0.0783333333333333
"12924",0.0783333333333333
"12925",0.0783333333333333
"12926",0.08
"12927",0.08
"12928",0.0783333333333333
"12929",0.0783333333333333
"12930",0.08
"12931",0.0783333333333333
"12932",0.0783333333333333
"12933",0.0783333333333333
"12934",0.0783333333333333
"12935",0.08
"12936",0.08
"12937",0.0783333333333333
"12938",0.0783333333333333
"12939",0.0783333333333333
"12940",0.0783333333333333
"12941",0.0783333333333333
"12942",0.0783333333333333
"12943",0.0783333333333333
"12944",0.08
"12945",0.08
"12946",0.0783333333333333
"12947",0.08
"12948",0.0783333333333333
"12949",0.0783333333333333
"12950",0.0783333333333333
"12951",0.0766666666666667
"12952",0.08
"12953",0.0783333333333333
"12954",0.08
"12955",0.08
"12956",0.0766666666666667
"12957",0.0783333333333333
"12958",0.0783333333333333
"12959",0.0783333333333333
"12960",0.08
"12961",0.0783333333333333
"12962",0.0783333333333333
"12963",0.0783333333333333
"12964",0.0783333333333333
"12965",0.0783333333333333
"12966",0.0783333333333333
"12967",0.08
"12968",0.0783333333333333
"12969",0.0783333333333333
"12970",0.0766666666666667
"12971",0.0766666666666667
"12972",0.08
"12973",0.0783333333333333
"12974",0.0783333333333333
"12975",0.0783333333333333
"12976",0.08
"12977",0.08
"12978",0.0783333333333333
"12979",0.0783333333333333
"12980",0.08
"12981",0.0783333333333333
"12982",0.0783333333333333
"12983",0.0783333333333333
"12984",0.0783333333333333
"12985",0.08
"12986",0.08
"12987",0.0783333333333333
"12988",0.0783333333333333
"12989",0.0783333333333333
"12990",0.0783333333333333
"12991",0.0783333333333333
"12992",0.0783333333333333
"12993",0.0783333333333333
"12994",0.08
"12995",0.08
"12996",0.0783333333333333
"12997",0.08
"12998",0.0783333333333333
"12999",0.0783333333333333
"13000",0.0783333333333333
"13001",0.0783333333333333
"13002",0.0816666666666667
"13003",0.08
"13004",0.0816666666666667
"13005",0.0816666666666667
"13006",0.0783333333333333
"13007",0.08
"13008",0.08
"13009",0.08
"13010",0.0816666666666667
"13011",0.08
"13012",0.08
"13013",0.08
"13014",0.08
"13015",0.08
"13016",0.08
"13017",0.0816666666666667
"13018",0.08
"13019",0.08
"13020",0.0783333333333333
"13021",0.0783333333333333
"13022",0.0816666666666667
"13023",0.08
"13024",0.08
"13025",0.08
"13026",0.0816666666666667
"13027",0.0816666666666667
"13028",0.08
"13029",0.08
"13030",0.0816666666666667
"13031",0.08
"13032",0.08
"13033",0.08
"13034",0.08
"13035",0.0816666666666667
"13036",0.0816666666666667
"13037",0.08
"13038",0.08
"13039",0.08
"13040",0.08
"13041",0.08
"13042",0.08
"13043",0.08
"13044",0.0816666666666667
"13045",0.0816666666666667
"13046",0.08
"13047",0.0816666666666667
"13048",0.08
"13049",0.08
"13050",0.08
"13051",0.08
"13052",0.0833333333333333
"13053",0.0816666666666667
"13054",0.0833333333333333
"13055",0.0833333333333333
"13056",0.08
"13057",0.0816666666666667
"13058",0.0816666666666667
"13059",0.0816666666666667
"13060",0.0833333333333333
"13061",0.0816666666666667
"13062",0.0816666666666667
"13063",0.0816666666666667
"13064",0.0816666666666667
"13065",0.0816666666666667
"13066",0.0816666666666667
"13067",0.0833333333333333
"13068",0.0816666666666667
"13069",0.0816666666666667
"13070",0.08
"13071",0.08
"13072",0.0833333333333333
"13073",0.0816666666666667
"13074",0.0816666666666667
"13075",0.0816666666666667
"13076",0.0833333333333333
"13077",0.0833333333333333
"13078",0.0816666666666667
"13079",0.0816666666666667
"13080",0.0833333333333333
"13081",0.0816666666666667
"13082",0.0816666666666667
"13083",0.0816666666666667
"13084",0.0816666666666667
"13085",0.0833333333333333
"13086",0.0833333333333333
"13087",0.0816666666666667
"13088",0.0816666666666667
"13089",0.0816666666666667
"13090",0.0816666666666667
"13091",0.0816666666666667
"13092",0.0816666666666667
"13093",0.0816666666666667
"13094",0.08
"13095",0.0833333333333333
"13096",0.0816666666666667
"13097",0.0833333333333333
"13098",0.0816666666666667
"13099",0.0816666666666667
"13100",0.0816666666666667
"13101",0.0783333333333333
"13102",0.0816666666666667
"13103",0.08
"13104",0.0816666666666667
"13105",0.0816666666666667
"13106",0.0783333333333333
"13107",0.08
"13108",0.08
"13109",0.08
"13110",0.0816666666666667
"13111",0.08
"13112",0.08
"13113",0.08
"13114",0.08
"13115",0.08
"13116",0.08
"13117",0.0816666666666667
"13118",0.08
"13119",0.08
"13120",0.0783333333333333
"13121",0.0783333333333333
"13122",0.0816666666666667
"13123",0.08
"13124",0.08
"13125",0.08
"13126",0.0816666666666667
"13127",0.0816666666666667
"13128",0.08
"13129",0.08
"13130",0.0816666666666667
"13131",0.08
"13132",0.08
"13133",0.08
"13134",0.08
"13135",0.0816666666666667
"13136",0.0816666666666667
"13137",0.08
"13138",0.08
"13139",0.08
"13140",0.08
"13141",0.08
"13142",0.08
"13143",0.08
"13144",0.0816666666666667
"13145",0.0816666666666667
"13146",0.08
"13147",0.0816666666666667
"13148",0.08
"13149",0.08
"13150",0.08
"13151",0.0766666666666667
"13152",0.08
"13153",0.0783333333333333
"13154",0.08
"13155",0.08
"13156",0.0766666666666667
"13157",0.0783333333333333
"13158",0.0783333333333333
"13159",0.0783333333333333
"13160",0.08
"13161",0.0783333333333333
"13162",0.0783333333333333
"13163",0.0783333333333333
"13164",0.0783333333333333
"13165",0.0783333333333333
"13166",0.0783333333333333
"13167",0.08
"13168",0.0783333333333333
"13169",0.0783333333333333
"13170",0.0766666666666667
"13171",0.0766666666666667
"13172",0.08
"13173",0.0783333333333333
"13174",0.0783333333333333
"13175",0.0783333333333333
"13176",0.08
"13177",0.08
"13178",0.0783333333333333
"13179",0.0783333333333333
"13180",0.08
"13181",0.0783333333333333
"13182",0.0783333333333333
"13183",0.0783333333333333
"13184",0.0783333333333333
"13185",0.08
"13186",0.08
"13187",0.0783333333333333
"13188",0.0783333333333333
"13189",0.0783333333333333
"13190",0.0783333333333333
"13191",0.0783333333333333
"13192",0.0783333333333333
"13193",0.0783333333333333
"13194",0.08
"13195",0.08
"13196",0.0783333333333333
"13197",0.08
"13198",0.0783333333333333
"13199",0.0783333333333333
"13200",0.0783333333333333
"13201",0.0783333333333333
"13202",0.0783333333333333
"13203",0.0766666666666667
"13204",0.0783333333333333
"13205",0.0783333333333333
"13206",0.075
"13207",0.0766666666666667
"13208",0.0766666666666667
"13209",0.0766666666666667
"13210",0.0783333333333333
"13211",0.0766666666666667
"13212",0.0766666666666667
"13213",0.0766666666666667
"13214",0.0766666666666667
"13215",0.0766666666666667
"13216",0.0766666666666667
"13217",0.0783333333333333
"13218",0.0766666666666667
"13219",0.0766666666666667
"13220",0.075
"13221",0.0783333333333333
"13222",0.0783333333333333
"13223",0.0766666666666667
"13224",0.0766666666666667
"13225",0.0766666666666667
"13226",0.0783333333333333
"13227",0.0783333333333333
"13228",0.0766666666666667
"13229",0.0766666666666667
"13230",0.0783333333333333
"13231",0.0766666666666667
"13232",0.0766666666666667
"13233",0.0766666666666667
"13234",0.0766666666666667
"13235",0.0783333333333333
"13236",0.0783333333333333
"13237",0.0766666666666667
"13238",0.0766666666666667
"13239",0.0766666666666667
"13240",0.0766666666666667
"13241",0.0766666666666667
"13242",0.0766666666666667
"13243",0.0766666666666667
"13244",0.0783333333333333
"13245",0.0783333333333333
"13246",0.0766666666666667
"13247",0.0783333333333333
"13248",0.0766666666666667
"13249",0.0766666666666667
"13250",0.0766666666666667
"13251",0.08
"13252",0.0833333333333333
"13253",0.0816666666666667
"13254",0.0833333333333333
"13255",0.0833333333333333
"13256",0.08
"13257",0.0816666666666667
"13258",0.0816666666666667
"13259",0.0816666666666667
"13260",0.0833333333333333
"13261",0.0816666666666667
"13262",0.0816666666666667
"13263",0.0816666666666667
"13264",0.0816666666666667
"13265",0.0816666666666667
"13266",0.0816666666666667
"13267",0.0833333333333333
"13268",0.0816666666666667
"13269",0.0816666666666667
"13270",0.08
"13271",0.08
"13272",0.0833333333333333
"13273",0.0816666666666667
"13274",0.0816666666666667
"13275",0.0816666666666667
"13276",0.0833333333333333
"13277",0.0833333333333333
"13278",0.0816666666666667
"13279",0.0816666666666667
"13280",0.0833333333333333
"13281",0.0816666666666667
"13282",0.0816666666666667
"13283",0.0816666666666667
"13284",0.0816666666666667
"13285",0.0833333333333333
"13286",0.0833333333333333
"13287",0.0816666666666667
"13288",0.0816666666666667
"13289",0.0816666666666667
"13290",0.0816666666666667
"13291",0.0816666666666667
"13292",0.0816666666666667
"13293",0.0816666666666667
"13294",0.08
"13295",0.0833333333333333
"13296",0.0816666666666667
"13297",0.0833333333333333
"13298",0.0816666666666667
"13299",0.0816666666666667
"13300",0.0816666666666667
"13301",0.0816666666666667
"13302",0.085
"13303",0.0833333333333333
"13304",0.085
"13305",0.085
"13306",0.0816666666666667
"13307",0.0833333333333333
"13308",0.0833333333333333
"13309",0.0833333333333333
"13310",0.085
"13311",0.0833333333333333
"13312",0.0833333333333333
"13313",0.0833333333333333
"13314",0.0833333333333333
"13315",0.0833333333333333
"13316",0.0833333333333333
"13317",0.085
"13318",0.0833333333333333
"13319",0.0833333333333333
"13320",0.0816666666666667
"13321",0.0816666666666667
"13322",0.0816666666666667
"13323",0.0833333333333333
"13324",0.0833333333333333
"13325",0.0833333333333333
"13326",0.085
"13327",0.085
"13328",0.0833333333333333
"13329",0.0833333333333333
"13330",0.085
"13331",0.0833333333333333
"13332",0.0833333333333333
"13333",0.0833333333333333
"13334",0.0833333333333333
"13335",0.085
"13336",0.085
"13337",0.0833333333333333
"13338",0.0833333333333333
"13339",0.0833333333333333
"13340",0.0833333333333333
"13341",0.0833333333333333
"13342",0.0833333333333333
"13343",0.0833333333333333
"13344",0.0816666666666667
"13345",0.085
"13346",0.0833333333333333
"13347",0.085
"13348",0.0833333333333333
"13349",0.0833333333333333
"13350",0.0833333333333333
"13351",0.075
"13352",0.0783333333333333
"13353",0.0766666666666667
"13354",0.0783333333333333
"13355",0.0783333333333333
"13356",0.075
"13357",0.0766666666666667
"13358",0.0766666666666667
"13359",0.0766666666666667
"13360",0.0783333333333333
"13361",0.0766666666666667
"13362",0.0766666666666667
"13363",0.0766666666666667
"13364",0.0766666666666667
"13365",0.0766666666666667
"13366",0.0766666666666667
"13367",0.0783333333333333
"13368",0.0766666666666667
"13369",0.0766666666666667
"13370",0.075
"13371",0.075
"13372",0.0783333333333333
"13373",0.0766666666666667
"13374",0.0766666666666667
"13375",0.0766666666666667
"13376",0.0783333333333333
"13377",0.0783333333333333
"13378",0.0766666666666667
"13379",0.0766666666666667
"13380",0.0783333333333333
"13381",0.0766666666666667
"13382",0.0766666666666667
"13383",0.0766666666666667
"13384",0.0766666666666667
"13385",0.0783333333333333
"13386",0.0783333333333333
"13387",0.0766666666666667
"13388",0.0766666666666667
"13389",0.0766666666666667
"13390",0.0766666666666667
"13391",0.0766666666666667
"13392",0.0766666666666667
"13393",0.0766666666666667
"13394",0.0783333333333333
"13395",0.0783333333333333
"13396",0.0766666666666667
"13397",0.0783333333333333
"13398",0.0766666666666667
"13399",0.0766666666666667
"13400",0.0766666666666667
"13401",0.0766666666666667
"13402",0.08
"13403",0.0783333333333333
"13404",0.08
"13405",0.08
"13406",0.0766666666666667
"13407",0.0783333333333333
"13408",0.0783333333333333
"13409",0.0783333333333333
"13410",0.08
"13411",0.0783333333333333
"13412",0.0783333333333333
"13413",0.0783333333333333
"13414",0.0783333333333333
"13415",0.0783333333333333
"13416",0.0783333333333333
"13417",0.08
"13418",0.0783333333333333
"13419",0.0783333333333333
"13420",0.0766666666666667
"13421",0.0766666666666667
"13422",0.08
"13423",0.0783333333333333
"13424",0.0783333333333333
"13425",0.0783333333333333
"13426",0.08
"13427",0.08
"13428",0.0783333333333333
"13429",0.0783333333333333
"13430",0.08
"13431",0.0783333333333333
"13432",0.0783333333333333
"13433",0.0783333333333333
"13434",0.0783333333333333
"13435",0.08
"13436",0.08
"13437",0.0783333333333333
"13438",0.0783333333333333
"13439",0.0783333333333333
"13440",0.0783333333333333
"13441",0.0783333333333333
"13442",0.0783333333333333
"13443",0.0783333333333333
"13444",0.08
"13445",0.08
"13446",0.0783333333333333
"13447",0.08
"13448",0.0783333333333333
"13449",0.0783333333333333
"13450",0.0783333333333333
"13451",0.0766666666666667
"13452",0.08
"13453",0.0783333333333333
"13454",0.08
"13455",0.08
"13456",0.0766666666666667
"13457",0.0783333333333333
"13458",0.0783333333333333
"13459",0.0783333333333333
"13460",0.08
"13461",0.0783333333333333
"13462",0.0783333333333333
"13463",0.0783333333333333
"13464",0.0783333333333333
"13465",0.0783333333333333
"13466",0.0783333333333333
"13467",0.08
"13468",0.0783333333333333
"13469",0.0783333333333333
"13470",0.0766666666666667
"13471",0.0766666666666667
"13472",0.08
"13473",0.0783333333333333
"13474",0.0783333333333333
"13475",0.0783333333333333
"13476",0.08
"13477",0.08
"13478",0.0783333333333333
"13479",0.0783333333333333
"13480",0.08
"13481",0.0783333333333333
"13482",0.0783333333333333
"13483",0.0783333333333333
"13484",0.0783333333333333
"13485",0.08
"13486",0.08
"13487",0.0783333333333333
"13488",0.0783333333333333
"13489",0.0783333333333333
"13490",0.0783333333333333
"13491",0.0783333333333333
"13492",0.0783333333333333
"13493",0.0783333333333333
"13494",0.08
"13495",0.08
"13496",0.0783333333333333
"13497",0.08
"13498",0.0783333333333333
"13499",0.0783333333333333
"13500",0.0783333333333333
"13501",0.0816666666666667
"13502",0.085
"13503",0.0833333333333333
"13504",0.085
"13505",0.085
"13506",0.0816666666666667
"13507",0.0833333333333333
"13508",0.0833333333333333
"13509",0.0833333333333333
"13510",0.085
"13511",0.0833333333333333
"13512",0.0833333333333333
"13513",0.0833333333333333
"13514",0.0833333333333333
"13515",0.0833333333333333
"13516",0.0833333333333333
"13517",0.085
"13518",0.0833333333333333
"13519",0.0833333333333333
"13520",0.0816666666666667
"13521",0.0816666666666667
"13522",0.0816666666666667
"13523",0.0833333333333333
"13524",0.0833333333333333
"13525",0.0833333333333333
"13526",0.085
"13527",0.085
"13528",0.0833333333333333
"13529",0.0833333333333333
"13530",0.085
"13531",0.0833333333333333
"13532",0.0833333333333333
"13533",0.0833333333333333
"13534",0.0833333333333333
"13535",0.085
"13536",0.085
"13537",0.0833333333333333
"13538",0.0833333333333333
"13539",0.0833333333333333
"13540",0.0833333333333333
"13541",0.0833333333333333
"13542",0.0833333333333333
"13543",0.0833333333333333
"13544",0.0816666666666667
"13545",0.085
"13546",0.0833333333333333
"13547",0.085
"13548",0.0833333333333333
"13549",0.0833333333333333
"13550",0.0833333333333333
"13551",0.0766666666666667
"13552",0.08
"13553",0.0783333333333333
"13554",0.08
"13555",0.08
"13556",0.0766666666666667
"13557",0.0783333333333333
"13558",0.0783333333333333
"13559",0.0783333333333333
"13560",0.08
"13561",0.0783333333333333
"13562",0.0783333333333333
"13563",0.0783333333333333
"13564",0.0783333333333333
"13565",0.0783333333333333
"13566",0.0783333333333333
"13567",0.08
"13568",0.0783333333333333
"13569",0.0783333333333333
"13570",0.0766666666666667
"13571",0.0766666666666667
"13572",0.08
"13573",0.0783333333333333
"13574",0.0783333333333333
"13575",0.0783333333333333
"13576",0.08
"13577",0.08
"13578",0.0783333333333333
"13579",0.0783333333333333
"13580",0.08
"13581",0.0783333333333333
"13582",0.0783333333333333
"13583",0.0783333333333333
"13584",0.0783333333333333
"13585",0.08
"13586",0.08
"13587",0.0783333333333333
"13588",0.0783333333333333
"13589",0.0783333333333333
"13590",0.0783333333333333
"13591",0.0783333333333333
"13592",0.0783333333333333
"13593",0.0783333333333333
"13594",0.08
"13595",0.08
"13596",0.0783333333333333
"13597",0.08
"13598",0.0783333333333333
"13599",0.0783333333333333
"13600",0.0783333333333333
"13601",0.0766666666666667
"13602",0.08
"13603",0.0783333333333333
"13604",0.08
"13605",0.08
"13606",0.0766666666666667
"13607",0.0783333333333333
"13608",0.0783333333333333
"13609",0.0783333333333333
"13610",0.08
"13611",0.0783333333333333
"13612",0.0783333333333333
"13613",0.0783333333333333
"13614",0.0783333333333333
"13615",0.0783333333333333
"13616",0.0783333333333333
"13617",0.08
"13618",0.0783333333333333
"13619",0.0783333333333333
"13620",0.0766666666666667
"13621",0.0766666666666667
"13622",0.08
"13623",0.0783333333333333
"13624",0.0783333333333333
"13625",0.0783333333333333
"13626",0.08
"13627",0.08
"13628",0.0783333333333333
"13629",0.0783333333333333
"13630",0.08
"13631",0.0783333333333333
"13632",0.0783333333333333
"13633",0.0783333333333333
"13634",0.0783333333333333
"13635",0.08
"13636",0.08
"13637",0.0783333333333333
"13638",0.0783333333333333
"13639",0.0783333333333333
"13640",0.0783333333333333
"13641",0.0783333333333333
"13642",0.0783333333333333
"13643",0.0783333333333333
"13644",0.08
"13645",0.08
"13646",0.0783333333333333
"13647",0.08
"13648",0.0783333333333333
"13649",0.0783333333333333
"13650",0.0783333333333333
"13651",0.0783333333333333
"13652",0.0783333333333333
"13653",0.0766666666666667
"13654",0.0783333333333333
"13655",0.0783333333333333
"13656",0.075
"13657",0.0766666666666667
"13658",0.0766666666666667
"13659",0.0766666666666667
"13660",0.0783333333333333
"13661",0.0766666666666667
"13662",0.0766666666666667
"13663",0.0766666666666667
"13664",0.0766666666666667
"13665",0.0766666666666667
"13666",0.0766666666666667
"13667",0.0783333333333333
"13668",0.0766666666666667
"13669",0.0766666666666667
"13670",0.075
"13671",0.0783333333333333
"13672",0.0783333333333333
"13673",0.0766666666666667
"13674",0.0766666666666667
"13675",0.0766666666666667
"13676",0.0783333333333333
"13677",0.0783333333333333
"13678",0.0766666666666667
"13679",0.0766666666666667
"13680",0.0783333333333333
"13681",0.0766666666666667
"13682",0.0766666666666667
"13683",0.0766666666666667
"13684",0.0766666666666667
"13685",0.0783333333333333
"13686",0.0783333333333333
"13687",0.0766666666666667
"13688",0.0766666666666667
"13689",0.0766666666666667
"13690",0.0766666666666667
"13691",0.0766666666666667
"13692",0.0766666666666667
"13693",0.0766666666666667
"13694",0.0783333333333333
"13695",0.0783333333333333
"13696",0.0766666666666667
"13697",0.0783333333333333
"13698",0.0766666666666667
"13699",0.0766666666666667
"13700",0.0766666666666667
"13701",0.0783333333333333
"13702",0.0783333333333333
"13703",0.0766666666666667
"13704",0.0783333333333333
"13705",0.0783333333333333
"13706",0.075
"13707",0.0766666666666667
"13708",0.0766666666666667
"13709",0.0766666666666667
"13710",0.0783333333333333
"13711",0.0766666666666667
"13712",0.0766666666666667
"13713",0.0766666666666667
"13714",0.0766666666666667
"13715",0.0766666666666667
"13716",0.0766666666666667
"13717",0.0783333333333333
"13718",0.0766666666666667
"13719",0.0766666666666667
"13720",0.075
"13721",0.0783333333333333
"13722",0.0783333333333333
"13723",0.0766666666666667
"13724",0.0766666666666667
"13725",0.0766666666666667
"13726",0.0783333333333333
"13727",0.0783333333333333
"13728",0.0766666666666667
"13729",0.0766666666666667
"13730",0.0783333333333333
"13731",0.0766666666666667
"13732",0.0766666666666667
"13733",0.0766666666666667
"13734",0.0766666666666667
"13735",0.0783333333333333
"13736",0.0783333333333333
"13737",0.0766666666666667
"13738",0.0766666666666667
"13739",0.0766666666666667
"13740",0.0766666666666667
"13741",0.0766666666666667
"13742",0.0766666666666667
"13743",0.0766666666666667
"13744",0.0783333333333333
"13745",0.0783333333333333
"13746",0.0766666666666667
"13747",0.0783333333333333
"13748",0.0766666666666667
"13749",0.0766666666666667
"13750",0.0766666666666667
"13751",0.075
"13752",0.0783333333333333
"13753",0.0766666666666667
"13754",0.0783333333333333
"13755",0.0783333333333333
"13756",0.075
"13757",0.0766666666666667
"13758",0.0766666666666667
"13759",0.0766666666666667
"13760",0.0783333333333333
"13761",0.0766666666666667
"13762",0.0766666666666667
"13763",0.0766666666666667
"13764",0.0766666666666667
"13765",0.0766666666666667
"13766",0.0766666666666667
"13767",0.0783333333333333
"13768",0.0766666666666667
"13769",0.0766666666666667
"13770",0.075
"13771",0.075
"13772",0.0783333333333333
"13773",0.0766666666666667
"13774",0.0766666666666667
"13775",0.0766666666666667
"13776",0.0783333333333333
"13777",0.0783333333333333
"13778",0.0766666666666667
"13779",0.0766666666666667
"13780",0.0783333333333333
"13781",0.0766666666666667
"13782",0.0766666666666667
"13783",0.0766666666666667
"13784",0.0766666666666667
"13785",0.0783333333333333
"13786",0.0783333333333333
"13787",0.0766666666666667
"13788",0.0766666666666667
"13789",0.0766666666666667
"13790",0.0766666666666667
"13791",0.0766666666666667
"13792",0.0766666666666667
"13793",0.0766666666666667
"13794",0.0783333333333333
"13795",0.0783333333333333
"13796",0.0766666666666667
"13797",0.0783333333333333
"13798",0.0766666666666667
"13799",0.0766666666666667
"13800",0.0766666666666667
"13801",0.0766666666666667
"13802",0.08
"13803",0.0783333333333333
"13804",0.08
"13805",0.08
"13806",0.0766666666666667
"13807",0.0783333333333333
"13808",0.0783333333333333
"13809",0.0783333333333333
"13810",0.08
"13811",0.0783333333333333
"13812",0.0783333333333333
"13813",0.0783333333333333
"13814",0.0783333333333333
"13815",0.0783333333333333
"13816",0.0783333333333333
"13817",0.08
"13818",0.0783333333333333
"13819",0.0783333333333333
"13820",0.0766666666666667
"13821",0.0766666666666667
"13822",0.08
"13823",0.0783333333333333
"13824",0.0783333333333333
"13825",0.0783333333333333
"13826",0.08
"13827",0.08
"13828",0.0783333333333333
"13829",0.0783333333333333
"13830",0.08
"13831",0.0783333333333333
"13832",0.0783333333333333
"13833",0.0783333333333333
"13834",0.0783333333333333
"13835",0.08
"13836",0.08
"13837",0.0783333333333333
"13838",0.0783333333333333
"13839",0.0783333333333333
"13840",0.0783333333333333
"13841",0.0783333333333333
"13842",0.0783333333333333
"13843",0.0783333333333333
"13844",0.08
"13845",0.08
"13846",0.0783333333333333
"13847",0.08
"13848",0.0783333333333333
"13849",0.0783333333333333
"13850",0.0783333333333333
"13851",0.0766666666666667
"13852",0.08
"13853",0.0783333333333333
"13854",0.08
"13855",0.08
"13856",0.0766666666666667
"13857",0.0783333333333333
"13858",0.0783333333333333
"13859",0.0783333333333333
"13860",0.08
"13861",0.0783333333333333
"13862",0.0783333333333333
"13863",0.0783333333333333
"13864",0.0783333333333333
"13865",0.0783333333333333
"13866",0.0783333333333333
"13867",0.08
"13868",0.0783333333333333
"13869",0.0783333333333333
"13870",0.0766666666666667
"13871",0.0766666666666667
"13872",0.08
"13873",0.0783333333333333
"13874",0.0783333333333333
"13875",0.0783333333333333
"13876",0.08
"13877",0.08
"13878",0.0783333333333333
"13879",0.0783333333333333
"13880",0.08
"13881",0.0783333333333333
"13882",0.0783333333333333
"13883",0.0783333333333333
"13884",0.0783333333333333
"13885",0.08
"13886",0.08
"13887",0.0783333333333333
"13888",0.0783333333333333
"13889",0.0783333333333333
"13890",0.0783333333333333
"13891",0.0783333333333333
"13892",0.0783333333333333
"13893",0.0783333333333333
"13894",0.08
"13895",0.08
"13896",0.0783333333333333
"13897",0.08
"13898",0.0783333333333333
"13899",0.0783333333333333
"13900",0.0783333333333333
"13901",0.0783333333333333
"13902",0.0816666666666667
"13903",0.08
"13904",0.0816666666666667
"13905",0.0816666666666667
"13906",0.0783333333333333
"13907",0.08
"13908",0.08
"13909",0.08
"13910",0.0816666666666667
"13911",0.08
"13912",0.08
"13913",0.08
"13914",0.08
"13915",0.08
"13916",0.08
"13917",0.0816666666666667
"13918",0.08
"13919",0.08
"13920",0.0783333333333333
"13921",0.0783333333333333
"13922",0.0816666666666667
"13923",0.08
"13924",0.08
"13925",0.08
"13926",0.0816666666666667
"13927",0.0816666666666667
"13928",0.08
"13929",0.08
"13930",0.0816666666666667
"13931",0.08
"13932",0.08
"13933",0.08
"13934",0.08
"13935",0.0816666666666667
"13936",0.0816666666666667
"13937",0.08
"13938",0.08
"13939",0.08
"13940",0.08
"13941",0.08
"13942",0.08
"13943",0.08
"13944",0.0816666666666667
"13945",0.0816666666666667
"13946",0.08
"13947",0.0816666666666667
"13948",0.08
"13949",0.08
"13950",0.08
"13951",0.0766666666666667
"13952",0.08
"13953",0.0783333333333333
"13954",0.08
"13955",0.08
"13956",0.0766666666666667
"13957",0.0783333333333333
"13958",0.0783333333333333
"13959",0.0783333333333333
"13960",0.08
"13961",0.0783333333333333
"13962",0.0783333333333333
"13963",0.0783333333333333
"13964",0.0783333333333333
"13965",0.0783333333333333
"13966",0.0783333333333333
"13967",0.08
"13968",0.0783333333333333
"13969",0.0783333333333333
"13970",0.0766666666666667
"13971",0.0766666666666667
"13972",0.08
"13973",0.0783333333333333
"13974",0.0783333333333333
"13975",0.0783333333333333
"13976",0.08
"13977",0.08
"13978",0.0783333333333333
"13979",0.0783333333333333
"13980",0.08
"13981",0.0783333333333333
"13982",0.0783333333333333
"13983",0.0783333333333333
"13984",0.0783333333333333
"13985",0.08
"13986",0.08
"13987",0.0783333333333333
"13988",0.0783333333333333
"13989",0.0783333333333333
"13990",0.0783333333333333
"13991",0.0783333333333333
"13992",0.0783333333333333
"13993",0.0783333333333333
"13994",0.08
"13995",0.08
"13996",0.0783333333333333
"13997",0.08
"13998",0.0783333333333333
"13999",0.0783333333333333
"14000",0.0783333333333333
"14001",0.0783333333333333
"14002",0.0816666666666667
"14003",0.08
"14004",0.0816666666666667
"14005",0.0816666666666667
"14006",0.0783333333333333
"14007",0.08
"14008",0.08
"14009",0.08
"14010",0.0816666666666667
"14011",0.08
"14012",0.08
"14013",0.08
"14014",0.08
"14015",0.08
"14016",0.08
"14017",0.0816666666666667
"14018",0.08
"14019",0.08
"14020",0.0783333333333333
"14021",0.0783333333333333
"14022",0.0816666666666667
"14023",0.08
"14024",0.08
"14025",0.08
"14026",0.0816666666666667
"14027",0.0816666666666667
"14028",0.08
"14029",0.08
"14030",0.0816666666666667
"14031",0.08
"14032",0.08
"14033",0.08
"14034",0.08
"14035",0.0816666666666667
"14036",0.0816666666666667
"14037",0.08
"14038",0.08
"14039",0.08
"14040",0.08
"14041",0.08
"14042",0.08
"14043",0.08
"14044",0.0816666666666667
"14045",0.0816666666666667
"14046",0.08
"14047",0.0816666666666667
"14048",0.08
"14049",0.08
"14050",0.08
"14051",0.08
"14052",0.0833333333333333
"14053",0.0816666666666667
"14054",0.0833333333333333
"14055",0.0833333333333333
"14056",0.08
"14057",0.0816666666666667
"14058",0.0816666666666667
"14059",0.0816666666666667
"14060",0.0833333333333333
"14061",0.0816666666666667
"14062",0.0816666666666667
"14063",0.0816666666666667
"14064",0.0816666666666667
"14065",0.0816666666666667
"14066",0.0816666666666667
"14067",0.0833333333333333
"14068",0.0816666666666667
"14069",0.0816666666666667
"14070",0.08
"14071",0.08
"14072",0.0833333333333333
"14073",0.0816666666666667
"14074",0.0816666666666667
"14075",0.0816666666666667
"14076",0.0833333333333333
"14077",0.0833333333333333
"14078",0.0816666666666667
"14079",0.0816666666666667
"14080",0.0833333333333333
"14081",0.0816666666666667
"14082",0.0816666666666667
"14083",0.0816666666666667
"14084",0.0816666666666667
"14085",0.0833333333333333
"14086",0.0833333333333333
"14087",0.0816666666666667
"14088",0.0816666666666667
"14089",0.0816666666666667
"14090",0.0816666666666667
"14091",0.0816666666666667
"14092",0.0816666666666667
"14093",0.0816666666666667
"14094",0.08
"14095",0.0833333333333333
"14096",0.0816666666666667
"14097",0.0833333333333333
"14098",0.0816666666666667
"14099",0.0816666666666667
"14100",0.0816666666666667
"14101",0.08
"14102",0.0833333333333333
"14103",0.0816666666666667
"14104",0.0833333333333333
"14105",0.0833333333333333
"14106",0.08
"14107",0.0816666666666667
"14108",0.0816666666666667
"14109",0.0816666666666667
"14110",0.0833333333333333
"14111",0.0816666666666667
"14112",0.0816666666666667
"14113",0.0816666666666667
"14114",0.0816666666666667
"14115",0.0816666666666667
"14116",0.0816666666666667
"14117",0.0833333333333333
"14118",0.0816666666666667
"14119",0.0816666666666667
"14120",0.08
"14121",0.08
"14122",0.0833333333333333
"14123",0.0816666666666667
"14124",0.0816666666666667
"14125",0.0816666666666667
"14126",0.0833333333333333
"14127",0.0833333333333333
"14128",0.0816666666666667
"14129",0.0816666666666667
"14130",0.0833333333333333
"14131",0.0816666666666667
"14132",0.0816666666666667
"14133",0.0816666666666667
"14134",0.0816666666666667
"14135",0.0833333333333333
"14136",0.0833333333333333
"14137",0.0816666666666667
"14138",0.0816666666666667
"14139",0.0816666666666667
"14140",0.0816666666666667
"14141",0.0816666666666667
"14142",0.0816666666666667
"14143",0.0816666666666667
"14144",0.08
"14145",0.0833333333333333
"14146",0.0816666666666667
"14147",0.0833333333333333
"14148",0.0816666666666667
"14149",0.0816666666666667
"14150",0.0816666666666667
"14151",0.0766666666666667
"14152",0.08
"14153",0.0783333333333333
"14154",0.08
"14155",0.08
"14156",0.0766666666666667
"14157",0.0783333333333333
"14158",0.0783333333333333
"14159",0.0783333333333333
"14160",0.08
"14161",0.0783333333333333
"14162",0.0783333333333333
"14163",0.0783333333333333
"14164",0.0783333333333333
"14165",0.0783333333333333
"14166",0.0783333333333333
"14167",0.08
"14168",0.0783333333333333
"14169",0.0783333333333333
"14170",0.0766666666666667
"14171",0.0766666666666667
"14172",0.08
"14173",0.0783333333333333
"14174",0.0783333333333333
"14175",0.0783333333333333
"14176",0.08
"14177",0.08
"14178",0.0783333333333333
"14179",0.0783333333333333
"14180",0.08
"14181",0.0783333333333333
"14182",0.0783333333333333
"14183",0.0783333333333333
"14184",0.0783333333333333
"14185",0.08
"14186",0.08
"14187",0.0783333333333333
"14188",0.0783333333333333
"14189",0.0783333333333333
"14190",0.0783333333333333
"14191",0.0783333333333333
"14192",0.0783333333333333
"14193",0.0783333333333333
"14194",0.08
"14195",0.08
"14196",0.0783333333333333
"14197",0.08
"14198",0.0783333333333333
"14199",0.0783333333333333
"14200",0.0783333333333333
"14201",0.0783333333333333
"14202",0.0783333333333333
"14203",0.0766666666666667
"14204",0.0783333333333333
"14205",0.0783333333333333
"14206",0.075
"14207",0.0766666666666667
"14208",0.0766666666666667
"14209",0.0766666666666667
"14210",0.0783333333333333
"14211",0.0766666666666667
"14212",0.0766666666666667
"14213",0.0766666666666667
"14214",0.0766666666666667
"14215",0.0766666666666667
"14216",0.0766666666666667
"14217",0.0783333333333333
"14218",0.0766666666666667
"14219",0.0766666666666667
"14220",0.075
"14221",0.0783333333333333
"14222",0.0783333333333333
"14223",0.0766666666666667
"14224",0.0766666666666667
"14225",0.0766666666666667
"14226",0.0783333333333333
"14227",0.0783333333333333
"14228",0.0766666666666667
"14229",0.0766666666666667
"14230",0.0783333333333333
"14231",0.0766666666666667
"14232",0.0766666666666667
"14233",0.0766666666666667
"14234",0.0766666666666667
"14235",0.0783333333333333
"14236",0.0783333333333333
"14237",0.0766666666666667
"14238",0.0766666666666667
"14239",0.0766666666666667
"14240",0.0766666666666667
"14241",0.0766666666666667
"14242",0.0766666666666667
"14243",0.0766666666666667
"14244",0.0783333333333333
"14245",0.0783333333333333
"14246",0.0766666666666667
"14247",0.0783333333333333
"14248",0.0766666666666667
"14249",0.0766666666666667
"14250",0.0766666666666667
"14251",0.0766666666666667
"14252",0.08
"14253",0.0783333333333333
"14254",0.08
"14255",0.08
"14256",0.0766666666666667
"14257",0.0783333333333333
"14258",0.0783333333333333
"14259",0.0783333333333333
"14260",0.08
"14261",0.0783333333333333
"14262",0.0783333333333333
"14263",0.0783333333333333
"14264",0.0783333333333333
"14265",0.0783333333333333
"14266",0.0783333333333333
"14267",0.08
"14268",0.0783333333333333
"14269",0.0783333333333333
"14270",0.0766666666666667
"14271",0.0766666666666667
"14272",0.08
"14273",0.0783333333333333
"14274",0.0783333333333333
"14275",0.0783333333333333
"14276",0.08
"14277",0.08
"14278",0.0783333333333333
"14279",0.0783333333333333
"14280",0.08
"14281",0.0783333333333333
"14282",0.0783333333333333
"14283",0.0783333333333333
"14284",0.0783333333333333
"14285",0.08
"14286",0.08
"14287",0.0783333333333333
"14288",0.0783333333333333
"14289",0.0783333333333333
"14290",0.0783333333333333
"14291",0.0783333333333333
"14292",0.0783333333333333
"14293",0.0783333333333333
"14294",0.08
"14295",0.08
"14296",0.0783333333333333
"14297",0.08
"14298",0.0783333333333333
"14299",0.0783333333333333
"14300",0.0783333333333333
"14301",0.0766666666666667
"14302",0.08
"14303",0.0783333333333333
"14304",0.08
"14305",0.08
"14306",0.0766666666666667
"14307",0.0783333333333333
"14308",0.0783333333333333
"14309",0.0783333333333333
"14310",0.08
"14311",0.0783333333333333
"14312",0.0783333333333333
"14313",0.0783333333333333
"14314",0.0783333333333333
"14315",0.0783333333333333
"14316",0.0783333333333333
"14317",0.08
"14318",0.0783333333333333
"14319",0.0783333333333333
"14320",0.0766666666666667
"14321",0.0766666666666667
"14322",0.08
"14323",0.0783333333333333
"14324",0.0783333333333333
"14325",0.0783333333333333
"14326",0.08
"14327",0.08
"14328",0.0783333333333333
"14329",0.0783333333333333
"14330",0.08
"14331",0.0783333333333333
"14332",0.0783333333333333
"14333",0.0783333333333333
"14334",0.0783333333333333
"14335",0.08
"14336",0.08
"14337",0.0783333333333333
"14338",0.0783333333333333
"14339",0.0783333333333333
"14340",0.0783333333333333
"14341",0.0783333333333333
"14342",0.0783333333333333
"14343",0.0783333333333333
"14344",0.08
"14345",0.08
"14346",0.0783333333333333
"14347",0.08
"14348",0.0783333333333333
"14349",0.0783333333333333
"14350",0.0783333333333333
"14351",0.08
"14352",0.0833333333333333
"14353",0.0816666666666667
"14354",0.0833333333333333
"14355",0.0833333333333333
"14356",0.08
"14357",0.0816666666666667
"14358",0.0816666666666667
"14359",0.0816666666666667
"14360",0.0833333333333333
"14361",0.0816666666666667
"14362",0.0816666666666667
"14363",0.0816666666666667
"14364",0.0816666666666667
"14365",0.0816666666666667
"14366",0.0816666666666667
"14367",0.0833333333333333
"14368",0.0816666666666667
"14369",0.0816666666666667
"14370",0.08
"14371",0.08
"14372",0.0833333333333333
"14373",0.0816666666666667
"14374",0.0816666666666667
"14375",0.0816666666666667
"14376",0.0833333333333333
"14377",0.0833333333333333
"14378",0.0816666666666667
"14379",0.0816666666666667
"14380",0.0833333333333333
"14381",0.0816666666666667
"14382",0.0816666666666667
"14383",0.0816666666666667
"14384",0.0816666666666667
"14385",0.0833333333333333
"14386",0.0833333333333333
"14387",0.0816666666666667
"14388",0.0816666666666667
"14389",0.0816666666666667
"14390",0.0816666666666667
"14391",0.0816666666666667
"14392",0.0816666666666667
"14393",0.0816666666666667
"14394",0.08
"14395",0.0833333333333333
"14396",0.0816666666666667
"14397",0.0833333333333333
"14398",0.0816666666666667
"14399",0.0816666666666667
"14400",0.0816666666666667
"14401",0.0783333333333333
"14402",0.0816666666666667
"14403",0.08
"14404",0.0816666666666667
"14405",0.0816666666666667
"14406",0.0783333333333333
"14407",0.08
"14408",0.08
"14409",0.08
"14410",0.0816666666666667
"14411",0.08
"14412",0.08
"14413",0.08
"14414",0.08
"14415",0.08
"14416",0.08
"14417",0.0816666666666667
"14418",0.08
"14419",0.08
"14420",0.0783333333333333
"14421",0.0783333333333333
"14422",0.0816666666666667
"14423",0.08
"14424",0.08
"14425",0.08
"14426",0.0816666666666667
"14427",0.0816666666666667
"14428",0.08
"14429",0.08
"14430",0.0816666666666667
"14431",0.08
"14432",0.08
"14433",0.08
"14434",0.08
"14435",0.0816666666666667
"14436",0.0816666666666667
"14437",0.08
"14438",0.08
"14439",0.08
"14440",0.08
"14441",0.08
"14442",0.08
"14443",0.08
"14444",0.0816666666666667
"14445",0.0816666666666667
"14446",0.08
"14447",0.0816666666666667
"14448",0.08
"14449",0.08
"14450",0.08
"14451",0.0766666666666667
"14452",0.08
"14453",0.0783333333333333
"14454",0.08
"14455",0.08
"14456",0.0766666666666667
"14457",0.0783333333333333
"14458",0.0783333333333333
"14459",0.0783333333333333
"14460",0.08
"14461",0.0783333333333333
"14462",0.0783333333333333
"14463",0.0783333333333333
"14464",0.0783333333333333
"14465",0.0783333333333333
"14466",0.0783333333333333
"14467",0.08
"14468",0.0783333333333333
"14469",0.0783333333333333
"14470",0.0766666666666667
"14471",0.0766666666666667
"14472",0.08
"14473",0.0783333333333333
"14474",0.0783333333333333
"14475",0.0783333333333333
"14476",0.08
"14477",0.08
"14478",0.0783333333333333
"14479",0.0783333333333333
"14480",0.08
"14481",0.0783333333333333
"14482",0.0783333333333333
"14483",0.0783333333333333
"14484",0.0783333333333333
"14485",0.08
"14486",0.08
"14487",0.0783333333333333
"14488",0.0783333333333333
"14489",0.0783333333333333
"14490",0.0783333333333333
"14491",0.0783333333333333
"14492",0.0783333333333333
"14493",0.0783333333333333
"14494",0.08
"14495",0.08
"14496",0.0783333333333333
"14497",0.08
"14498",0.0783333333333333
"14499",0.0783333333333333
"14500",0.0783333333333333
"14501",0.0766666666666667
"14502",0.08
"14503",0.0783333333333333
"14504",0.08
"14505",0.08
"14506",0.0766666666666667
"14507",0.0783333333333333
"14508",0.0783333333333333
"14509",0.0783333333333333
"14510",0.08
"14511",0.0783333333333333
"14512",0.0783333333333333
"14513",0.0783333333333333
"14514",0.0783333333333333
"14515",0.0783333333333333
"14516",0.0783333333333333
"14517",0.08
"14518",0.0783333333333333
"14519",0.0783333333333333
"14520",0.0766666666666667
"14521",0.0766666666666667
"14522",0.08
"14523",0.0783333333333333
"14524",0.0783333333333333
"14525",0.0783333333333333
"14526",0.08
"14527",0.08
"14528",0.0783333333333333
"14529",0.0783333333333333
"14530",0.08
"14531",0.0783333333333333
"14532",0.0783333333333333
"14533",0.0783333333333333
"14534",0.0783333333333333
"14535",0.08
"14536",0.08
"14537",0.0783333333333333
"14538",0.0783333333333333
"14539",0.0783333333333333
"14540",0.0783333333333333
"14541",0.0783333333333333
"14542",0.0783333333333333
"14543",0.0783333333333333
"14544",0.08
"14545",0.08
"14546",0.0783333333333333
"14547",0.08
"14548",0.0783333333333333
"14549",0.0783333333333333
"14550",0.0783333333333333
"14551",0.0783333333333333
"14552",0.0816666666666667
"14553",0.08
"14554",0.0816666666666667
"14555",0.0816666666666667
"14556",0.0783333333333333
"14557",0.08
"14558",0.08
"14559",0.08
"14560",0.0816666666666667
"14561",0.08
"14562",0.08
"14563",0.08
"14564",0.08
"14565",0.08
"14566",0.08
"14567",0.0816666666666667
"14568",0.08
"14569",0.08
"14570",0.0783333333333333
"14571",0.0783333333333333
"14572",0.0816666666666667
"14573",0.08
"14574",0.08
"14575",0.08
"14576",0.0816666666666667
"14577",0.0816666666666667
"14578",0.08
"14579",0.08
"14580",0.0816666666666667
"14581",0.08
"14582",0.08
"14583",0.08
"14584",0.08
"14585",0.0816666666666667
"14586",0.0816666666666667
"14587",0.08
"14588",0.08
"14589",0.08
"14590",0.08
"14591",0.08
"14592",0.08
"14593",0.08
"14594",0.0816666666666667
"14595",0.0816666666666667
"14596",0.08
"14597",0.0816666666666667
"14598",0.08
"14599",0.08
"14600",0.08
"14601",0.0816666666666667
"14602",0.085
"14603",0.0833333333333333
"14604",0.085
"14605",0.085
"14606",0.0816666666666667
"14607",0.0833333333333333
"14608",0.0833333333333333
"14609",0.0833333333333333
"14610",0.085
"14611",0.0833333333333333
"14612",0.0833333333333333
"14613",0.0833333333333333
"14614",0.0833333333333333
"14615",0.0833333333333333
"14616",0.0833333333333333
"14617",0.085
"14618",0.0833333333333333
"14619",0.0833333333333333
"14620",0.0816666666666667
"14621",0.0816666666666667
"14622",0.0816666666666667
"14623",0.0833333333333333
"14624",0.0833333333333333
"14625",0.0833333333333333
"14626",0.085
"14627",0.085
"14628",0.0833333333333333
"14629",0.0833333333333333
"14630",0.085
"14631",0.0833333333333333
"14632",0.0833333333333333
"14633",0.0833333333333333
"14634",0.0833333333333333
"14635",0.085
"14636",0.085
"14637",0.0833333333333333
"14638",0.0833333333333333
"14639",0.0833333333333333
"14640",0.0833333333333333
"14641",0.0833333333333333
"14642",0.0833333333333333
"14643",0.0833333333333333
"14644",0.0816666666666667
"14645",0.085
"14646",0.0833333333333333
"14647",0.085
"14648",0.0833333333333333
"14649",0.0833333333333333
"14650",0.0833333333333333
"14651",0.0766666666666667
"14652",0.08
"14653",0.0783333333333333
"14654",0.08
"14655",0.08
"14656",0.0766666666666667
"14657",0.0783333333333333
"14658",0.0783333333333333
"14659",0.0783333333333333
"14660",0.08
"14661",0.0783333333333333
"14662",0.0783333333333333
"14663",0.0783333333333333
"14664",0.0783333333333333
"14665",0.0783333333333333
"14666",0.0783333333333333
"14667",0.08
"14668",0.0783333333333333
"14669",0.0783333333333333
"14670",0.0766666666666667
"14671",0.0766666666666667
"14672",0.08
"14673",0.0783333333333333
"14674",0.0783333333333333
"14675",0.0783333333333333
"14676",0.08
"14677",0.08
"14678",0.0783333333333333
"14679",0.0783333333333333
"14680",0.08
"14681",0.0783333333333333
"14682",0.0783333333333333
"14683",0.0783333333333333
"14684",0.0783333333333333
"14685",0.08
"14686",0.08
"14687",0.0783333333333333
"14688",0.0783333333333333
"14689",0.0783333333333333
"14690",0.0783333333333333
"14691",0.0783333333333333
"14692",0.0783333333333333
"14693",0.0783333333333333
"14694",0.08
"14695",0.08
"14696",0.0783333333333333
"14697",0.08
"14698",0.0783333333333333
"14699",0.0783333333333333
"14700",0.0783333333333333
"14701",0.0766666666666667
"14702",0.08
"14703",0.0783333333333333
"14704",0.08
"14705",0.08
"14706",0.0766666666666667
"14707",0.0783333333333333
"14708",0.0783333333333333
"14709",0.0783333333333333
"14710",0.08
"14711",0.0783333333333333
"14712",0.0783333333333333
"14713",0.0783333333333333
"14714",0.0783333333333333
"14715",0.0783333333333333
"14716",0.0783333333333333
"14717",0.08
"14718",0.0783333333333333
"14719",0.0783333333333333
"14720",0.0766666666666667
"14721",0.0766666666666667
"14722",0.08
"14723",0.0783333333333333
"14724",0.0783333333333333
"14725",0.0783333333333333
"14726",0.08
"14727",0.08
"14728",0.0783333333333333
"14729",0.0783333333333333
"14730",0.08
"14731",0.0783333333333333
"14732",0.0783333333333333
"14733",0.0783333333333333
"14734",0.0783333333333333
"14735",0.08
"14736",0.08
"14737",0.0783333333333333
"14738",0.0783333333333333
"14739",0.0783333333333333
"14740",0.0783333333333333
"14741",0.0783333333333333
"14742",0.0783333333333333
"14743",0.0783333333333333
"14744",0.08
"14745",0.08
"14746",0.0783333333333333
"14747",0.08
"14748",0.0783333333333333
"14749",0.0783333333333333
"14750",0.0783333333333333
"14751",0.0766666666666667
"14752",0.08
"14753",0.0783333333333333
"14754",0.08
"14755",0.08
"14756",0.0766666666666667
"14757",0.0783333333333333
"14758",0.0783333333333333
"14759",0.0783333333333333
"14760",0.08
"14761",0.0783333333333333
"14762",0.0783333333333333
"14763",0.0783333333333333
"14764",0.0783333333333333
"14765",0.0783333333333333
"14766",0.0783333333333333
"14767",0.08
"14768",0.0783333333333333
"14769",0.0783333333333333
"14770",0.0766666666666667
"14771",0.0766666666666667
"14772",0.08
"14773",0.0783333333333333
"14774",0.0783333333333333
"14775",0.0783333333333333
"14776",0.08
"14777",0.08
"14778",0.0783333333333333
"14779",0.0783333333333333
"14780",0.08
"14781",0.0783333333333333
"14782",0.0783333333333333
"14783",0.0783333333333333
"14784",0.0783333333333333
"14785",0.08
"14786",0.08
"14787",0.0783333333333333
"14788",0.0783333333333333
"14789",0.0783333333333333
"14790",0.0783333333333333
"14791",0.0783333333333333
"14792",0.0783333333333333
"14793",0.0783333333333333
"14794",0.08
"14795",0.08
"14796",0.0783333333333333
"14797",0.08
"14798",0.0783333333333333
"14799",0.0783333333333333
"14800",0.0783333333333333
"14801",0.08
"14802",0.0833333333333333
"14803",0.0816666666666667
"14804",0.0833333333333333
"14805",0.0833333333333333
"14806",0.08
"14807",0.0816666666666667
"14808",0.0816666666666667
"14809",0.0816666666666667
"14810",0.0833333333333333
"14811",0.0816666666666667
"14812",0.0816666666666667
"14813",0.0816666666666667
"14814",0.0816666666666667
"14815",0.0816666666666667
"14816",0.0816666666666667
"14817",0.0833333333333333
"14818",0.0816666666666667
"14819",0.0816666666666667
"14820",0.08
"14821",0.08
"14822",0.0833333333333333
"14823",0.0816666666666667
"14824",0.0816666666666667
"14825",0.0816666666666667
"14826",0.0833333333333333
"14827",0.0833333333333333
"14828",0.0816666666666667
"14829",0.0816666666666667
"14830",0.0833333333333333
"14831",0.0816666666666667
"14832",0.0816666666666667
"14833",0.0816666666666667
"14834",0.0816666666666667
"14835",0.0833333333333333
"14836",0.0833333333333333
"14837",0.0816666666666667
"14838",0.0816666666666667
"14839",0.0816666666666667
"14840",0.0816666666666667
"14841",0.0816666666666667
"14842",0.0816666666666667
"14843",0.0816666666666667
"14844",0.0833333333333333
"14845",0.0833333333333333
"14846",0.0816666666666667
"14847",0.0833333333333333
"14848",0.0816666666666667
"14849",0.0816666666666667
"14850",0.0816666666666667
"14851",0.0766666666666667
"14852",0.08
"14853",0.0783333333333333
"14854",0.08
"14855",0.08
"14856",0.0766666666666667
"14857",0.0783333333333333
"14858",0.0783333333333333
"14859",0.0783333333333333
"14860",0.08
"14861",0.0783333333333333
"14862",0.0783333333333333
"14863",0.0783333333333333
"14864",0.0783333333333333
"14865",0.0783333333333333
"14866",0.0783333333333333
"14867",0.08
"14868",0.0783333333333333
"14869",0.0783333333333333
"14870",0.0766666666666667
"14871",0.0766666666666667
"14872",0.08
"14873",0.0783333333333333
"14874",0.0783333333333333
"14875",0.0783333333333333
"14876",0.08
"14877",0.08
"14878",0.0783333333333333
"14879",0.0783333333333333
"14880",0.08
"14881",0.0783333333333333
"14882",0.0783333333333333
"14883",0.0783333333333333
"14884",0.0783333333333333
"14885",0.08
"14886",0.08
"14887",0.0783333333333333
"14888",0.0783333333333333
"14889",0.0783333333333333
"14890",0.0783333333333333
"14891",0.0783333333333333
"14892",0.0783333333333333
"14893",0.0783333333333333
"14894",0.08
"14895",0.08
"14896",0.0783333333333333
"14897",0.08
"14898",0.0783333333333333
"14899",0.0783333333333333
"14900",0.0783333333333333
"14901",0.0783333333333333
"14902",0.0783333333333333
"14903",0.0766666666666667
"14904",0.0783333333333333
"14905",0.0783333333333333
"14906",0.075
"14907",0.0766666666666667
"14908",0.0766666666666667
"14909",0.0766666666666667
"14910",0.0783333333333333
"14911",0.0766666666666667
"14912",0.0766666666666667
"14913",0.0766666666666667
"14914",0.0766666666666667
"14915",0.0766666666666667
"14916",0.0766666666666667
"14917",0.0783333333333333
"14918",0.0766666666666667
"14919",0.0766666666666667
"14920",0.075
"14921",0.0783333333333333
"14922",0.0783333333333333
"14923",0.0766666666666667
"14924",0.0766666666666667
"14925",0.0766666666666667
"14926",0.0783333333333333
"14927",0.0783333333333333
"14928",0.0766666666666667
"14929",0.0766666666666667
"14930",0.0783333333333333
"14931",0.0766666666666667
"14932",0.0766666666666667
"14933",0.0766666666666667
"14934",0.0766666666666667
"14935",0.0783333333333333
"14936",0.0783333333333333
"14937",0.0766666666666667
"14938",0.0766666666666667
"14939",0.0766666666666667
"14940",0.0766666666666667
"14941",0.0766666666666667
"14942",0.0766666666666667
"14943",0.0766666666666667
"14944",0.0783333333333333
"14945",0.0783333333333333
"14946",0.0766666666666667
"14947",0.0783333333333333
"14948",0.0766666666666667
"14949",0.0766666666666667
"14950",0.0766666666666667
"14951",0.0766666666666667
"14952",0.08
"14953",0.0783333333333333
"14954",0.08
"14955",0.08
"14956",0.0766666666666667
"14957",0.0783333333333333
"14958",0.0783333333333333
"14959",0.0783333333333333
"14960",0.08
"14961",0.0783333333333333
"14962",0.0783333333333333
"14963",0.0783333333333333
"14964",0.0783333333333333
"14965",0.0783333333333333
"14966",0.0783333333333333
"14967",0.08
"14968",0.0783333333333333
"14969",0.0783333333333333
"14970",0.0766666666666667
"14971",0.0766666666666667
"14972",0.08
"14973",0.0783333333333333
"14974",0.0783333333333333
"14975",0.0783333333333333
"14976",0.08
"14977",0.08
"14978",0.0783333333333333
"14979",0.0783333333333333
"14980",0.08
"14981",0.0783333333333333
"14982",0.0783333333333333
"14983",0.0783333333333333
"14984",0.0783333333333333
"14985",0.08
"14986",0.08
"14987",0.0783333333333333
"14988",0.0783333333333333
"14989",0.0783333333333333
"14990",0.0783333333333333
"14991",0.0783333333333333
"14992",0.0783333333333333
"14993",0.0783333333333333
"14994",0.08
"14995",0.08
"14996",0.0783333333333333
"14997",0.08
"14998",0.0783333333333333
"14999",0.0783333333333333
"15000",0.0783333333333333
"15001",0.0766666666666667
"15002",0.08
"15003",0.0783333333333333
"15004",0.08
"15005",0.08
"15006",0.0766666666666667
"15007",0.0783333333333333
"15008",0.0783333333333333
"15009",0.0783333333333333
"15010",0.08
"15011",0.0783333333333333
"15012",0.0783333333333333
"15013",0.0783333333333333
"15014",0.0783333333333333
"15015",0.0783333333333333
"15016",0.0783333333333333
"15017",0.08
"15018",0.0783333333333333
"15019",0.0783333333333333
"15020",0.0766666666666667
"15021",0.0766666666666667
"15022",0.08
"15023",0.0783333333333333
"15024",0.0783333333333333
"15025",0.0783333333333333
"15026",0.08
"15027",0.08
"15028",0.0783333333333333
"15029",0.0783333333333333
"15030",0.08
"15031",0.0783333333333333
"15032",0.0783333333333333
"15033",0.0783333333333333
"15034",0.0783333333333333
"15035",0.08
"15036",0.08
"15037",0.0783333333333333
"15038",0.0783333333333333
"15039",0.0783333333333333
"15040",0.0783333333333333
"15041",0.0783333333333333
"15042",0.0783333333333333
"15043",0.0783333333333333
"15044",0.08
"15045",0.08
"15046",0.0783333333333333
"15047",0.08
"15048",0.0783333333333333
"15049",0.0783333333333333
"15050",0.0783333333333333
"15051",0.075
"15052",0.0783333333333333
"15053",0.0766666666666667
"15054",0.0783333333333333
"15055",0.0783333333333333
"15056",0.075
"15057",0.0766666666666667
"15058",0.0766666666666667
"15059",0.0766666666666667
"15060",0.0783333333333333
"15061",0.0766666666666667
"15062",0.0766666666666667
"15063",0.0766666666666667
"15064",0.0766666666666667
"15065",0.0766666666666667
"15066",0.0766666666666667
"15067",0.0783333333333333
"15068",0.0766666666666667
"15069",0.0766666666666667
"15070",0.075
"15071",0.075
"15072",0.0783333333333333
"15073",0.0766666666666667
"15074",0.0766666666666667
"15075",0.0766666666666667
"15076",0.0783333333333333
"15077",0.0783333333333333
"15078",0.0766666666666667
"15079",0.0766666666666667
"15080",0.0783333333333333
"15081",0.0766666666666667
"15082",0.0766666666666667
"15083",0.0766666666666667
"15084",0.0766666666666667
"15085",0.0783333333333333
"15086",0.0783333333333333
"15087",0.0766666666666667
"15088",0.0766666666666667
"15089",0.0766666666666667
"15090",0.0766666666666667
"15091",0.0766666666666667
"15092",0.0766666666666667
"15093",0.0766666666666667
"15094",0.0783333333333333
"15095",0.0783333333333333
"15096",0.0766666666666667
"15097",0.0783333333333333
"15098",0.0766666666666667
"15099",0.0766666666666667
"15100",0.0766666666666667
"15101",0.0783333333333333
"15102",0.0816666666666667
"15103",0.08
"15104",0.0816666666666667
"15105",0.0816666666666667
"15106",0.0783333333333333
"15107",0.08
"15108",0.08
"15109",0.08
"15110",0.0816666666666667
"15111",0.08
"15112",0.08
"15113",0.08
"15114",0.08
"15115",0.08
"15116",0.08
"15117",0.0816666666666667
"15118",0.08
"15119",0.08
"15120",0.0783333333333333
"15121",0.0783333333333333
"15122",0.0816666666666667
"15123",0.08
"15124",0.08
"15125",0.08
"15126",0.0816666666666667
"15127",0.0816666666666667
"15128",0.08
"15129",0.08
"15130",0.0816666666666667
"15131",0.08
"15132",0.08
"15133",0.08
"15134",0.08
"15135",0.0816666666666667
"15136",0.0816666666666667
"15137",0.08
"15138",0.08
"15139",0.08
"15140",0.08
"15141",0.08
"15142",0.08
"15143",0.08
"15144",0.0816666666666667
"15145",0.0816666666666667
"15146",0.08
"15147",0.0816666666666667
"15148",0.08
"15149",0.08
"15150",0.08
"15151",0.0783333333333333
"15152",0.0816666666666667
"15153",0.08
"15154",0.0816666666666667
"15155",0.0816666666666667
"15156",0.0783333333333333
"15157",0.08
"15158",0.08
"15159",0.08
"15160",0.0816666666666667
"15161",0.08
"15162",0.08
"15163",0.08
"15164",0.08
"15165",0.08
"15166",0.08
"15167",0.0816666666666667
"15168",0.08
"15169",0.08
"15170",0.0783333333333333
"15171",0.0783333333333333
"15172",0.0816666666666667
"15173",0.08
"15174",0.08
"15175",0.08
"15176",0.0816666666666667
"15177",0.0816666666666667
"15178",0.08
"15179",0.08
"15180",0.0816666666666667
"15181",0.08
"15182",0.08
"15183",0.08
"15184",0.08
"15185",0.0816666666666667
"15186",0.0816666666666667
"15187",0.08
"15188",0.08
"15189",0.08
"15190",0.08
"15191",0.08
"15192",0.08
"15193",0.08
"15194",0.0816666666666667
"15195",0.0816666666666667
"15196",0.08
"15197",0.0816666666666667
"15198",0.08
"15199",0.08
"15200",0.08
"15201",0.075
"15202",0.0783333333333333
"15203",0.0766666666666667
"15204",0.0783333333333333
"15205",0.0783333333333333
"15206",0.075
"15207",0.0766666666666667
"15208",0.0766666666666667
"15209",0.0766666666666667
"15210",0.0783333333333333
"15211",0.0766666666666667
"15212",0.0766666666666667
"15213",0.0766666666666667
"15214",0.0766666666666667
"15215",0.0766666666666667
"15216",0.0766666666666667
"15217",0.0783333333333333
"15218",0.0766666666666667
"15219",0.0766666666666667
"15220",0.075
"15221",0.075
"15222",0.0783333333333333
"15223",0.0766666666666667
"15224",0.0766666666666667
"15225",0.0766666666666667
"15226",0.0783333333333333
"15227",0.0783333333333333
"15228",0.0766666666666667
"15229",0.0766666666666667
"15230",0.0783333333333333
"15231",0.0766666666666667
"15232",0.0766666666666667
"15233",0.0766666666666667
"15234",0.0766666666666667
"15235",0.0783333333333333
"15236",0.0783333333333333
"15237",0.0766666666666667
"15238",0.0766666666666667
"15239",0.0766666666666667
"15240",0.0766666666666667
"15241",0.0766666666666667
"15242",0.0766666666666667
"15243",0.0766666666666667
"15244",0.0783333333333333
"15245",0.0783333333333333
"15246",0.0766666666666667
"15247",0.0783333333333333
"15248",0.0766666666666667
"15249",0.0766666666666667
"15250",0.0766666666666667
"15251",0.08
"15252",0.0833333333333333
"15253",0.0816666666666667
"15254",0.0833333333333333
"15255",0.0833333333333333
"15256",0.08
"15257",0.0816666666666667
"15258",0.0816666666666667
"15259",0.0816666666666667
"15260",0.0833333333333333
"15261",0.0816666666666667
"15262",0.0816666666666667
"15263",0.0816666666666667
"15264",0.0816666666666667
"15265",0.0816666666666667
"15266",0.0816666666666667
"15267",0.0833333333333333
"15268",0.0816666666666667
"15269",0.0816666666666667
"15270",0.08
"15271",0.08
"15272",0.0833333333333333
"15273",0.0816666666666667
"15274",0.0816666666666667
"15275",0.0816666666666667
"15276",0.0833333333333333
"15277",0.0833333333333333
"15278",0.0816666666666667
"15279",0.0816666666666667
"15280",0.0833333333333333
"15281",0.0816666666666667
"15282",0.0816666666666667
"15283",0.0816666666666667
"15284",0.0816666666666667
"15285",0.0833333333333333
"15286",0.0833333333333333
"15287",0.0816666666666667
"15288",0.0816666666666667
"15289",0.0816666666666667
"15290",0.0816666666666667
"15291",0.0816666666666667
"15292",0.0816666666666667
"15293",0.0816666666666667
"15294",0.08
"15295",0.0833333333333333
"15296",0.0816666666666667
"15297",0.0833333333333333
"15298",0.0816666666666667
"15299",0.0816666666666667
"15300",0.0816666666666667
"15301",0.095
"15302",0.0966666666666667
"15303",0.095
"15304",0.0966666666666667
"15305",0.0966666666666667
"15306",0.0933333333333333
"15307",0.095
"15308",0.095
"15309",0.095
"15310",0.0966666666666667
"15311",0.095
"15312",0.095
"15313",0.095
"15314",0.095
"15315",0.095
"15316",0.095
"15317",0.0966666666666667
"15318",0.095
"15319",0.095
"15320",0.0933333333333333
"15321",0.095
"15322",0.0966666666666667
"15323",0.095
"15324",0.095
"15325",0.095
"15326",0.0966666666666667
"15327",0.0966666666666667
"15328",0.095
"15329",0.095
"15330",0.0966666666666667
"15331",0.095
"15332",0.095
"15333",0.095
"15334",0.095
"15335",0.0966666666666667
"15336",0.0966666666666667
"15337",0.095
"15338",0.095
"15339",0.095
"15340",0.095
"15341",0.095
"15342",0.095
"15343",0.095
"15344",0.0966666666666667
"15345",0.0966666666666667
"15346",0.095
"15347",0.0966666666666667
"15348",0.095
"15349",0.095
"15350",0.095
"15351",0.1
"15352",0.1
"15353",0.0983333333333333
"15354",0.0966666666666667
"15355",0.1
"15356",0.0983333333333333
"15357",0.0983333333333333
"15358",0.0983333333333333
"15359",0.0983333333333333
"15360",0.0966666666666667
"15361",0.0983333333333333
"15362",0.0983333333333333
"15363",0.0983333333333333
"15364",0.0983333333333333
"15365",0.0983333333333333
"15366",0.0983333333333333
"15367",0.0966666666666667
"15368",0.0983333333333333
"15369",0.0983333333333333
"15370",0.0966666666666667
"15371",0.1
"15372",0.1
"15373",0.0983333333333333
"15374",0.0983333333333333
"15375",0.0983333333333333
"15376",0.1
"15377",0.1
"15378",0.0983333333333333
"15379",0.0983333333333333
"15380",0.0966666666666667
"15381",0.0983333333333333
"15382",0.0983333333333333
"15383",0.0983333333333333
"15384",0.0983333333333333
"15385",0.0966666666666667
"15386",0.0966666666666667
"15387",0.0983333333333333
"15388",0.0983333333333333
"15389",0.0983333333333333
"15390",0.0983333333333333
"15391",0.0983333333333333
"15392",0.0983333333333333
"15393",0.0983333333333333
"15394",0.0966666666666667
"15395",0.1
"15396",0.0983333333333333
"15397",0.0966666666666667
"15398",0.0983333333333333
"15399",0.0983333333333333
"15400",0.0983333333333333
"15401",0.101666666666667
"15402",0.101666666666667
"15403",0.1
"15404",0.101666666666667
"15405",0.101666666666667
"15406",0.1
"15407",0.1
"15408",0.1
"15409",0.1
"15410",0.101666666666667
"15411",0.1
"15412",0.1
"15413",0.1
"15414",0.1
"15415",0.1
"15416",0.1
"15417",0.101666666666667
"15418",0.1
"15419",0.1
"15420",0.0983333333333333
"15421",0.101666666666667
"15422",0.101666666666667
"15423",0.1
"15424",0.1
"15425",0.1
"15426",0.101666666666667
"15427",0.101666666666667
"15428",0.1
"15429",0.1
"15430",0.0983333333333333
"15431",0.1
"15432",0.1
"15433",0.1
"15434",0.1
"15435",0.101666666666667
"15436",0.0983333333333333
"15437",0.1
"15438",0.1
"15439",0.1
"15440",0.1
"15441",0.1
"15442",0.1
"15443",0.1
"15444",0.0983333333333333
"15445",0.101666666666667
"15446",0.1
"15447",0.0983333333333333
"15448",0.1
"15449",0.1
"15450",0.1
"15451",0.1
"15452",0.1
"15453",0.0983333333333333
"15454",0.0966666666666667
"15455",0.1
"15456",0.0983333333333333
"15457",0.0983333333333333
"15458",0.0983333333333333
"15459",0.0983333333333333
"15460",0.0966666666666667
"15461",0.0983333333333333
"15462",0.0983333333333333
"15463",0.0983333333333333
"15464",0.0983333333333333
"15465",0.0983333333333333
"15466",0.0983333333333333
"15467",0.0966666666666667
"15468",0.0983333333333333
"15469",0.0983333333333333
"15470",0.0966666666666667
"15471",0.1
"15472",0.1
"15473",0.0983333333333333
"15474",0.0983333333333333
"15475",0.0983333333333333
"15476",0.1
"15477",0.1
"15478",0.0983333333333333
"15479",0.0983333333333333
"15480",0.0966666666666667
"15481",0.0983333333333333
"15482",0.0983333333333333
"15483",0.0983333333333333
"15484",0.0983333333333333
"15485",0.0966666666666667
"15486",0.0966666666666667
"15487",0.0983333333333333
"15488",0.0983333333333333
"15489",0.0983333333333333
"15490",0.0983333333333333
"15491",0.0983333333333333
"15492",0.0983333333333333
"15493",0.0983333333333333
"15494",0.0966666666666667
"15495",0.1
"15496",0.0983333333333333
"15497",0.0966666666666667
"15498",0.0983333333333333
"15499",0.0983333333333333
"15500",0.0983333333333333
"15501",0.13
"15502",0.131666666666667
"15503",0.13
"15504",0.131666666666667
"15505",0.131666666666667
"15506",0.13
"15507",0.13
"15508",0.13
"15509",0.13
"15510",0.131666666666667
"15511",0.13
"15512",0.13
"15513",0.13
"15514",0.13
"15515",0.13
"15516",0.13
"15517",0.131666666666667
"15518",0.13
"15519",0.13
"15520",0.128333333333333
"15521",0.13
"15522",0.13
"15523",0.13
"15524",0.13
"15525",0.13
"15526",0.131666666666667
"15527",0.131666666666667
"15528",0.13
"15529",0.13
"15530",0.131666666666667
"15531",0.13
"15532",0.13
"15533",0.13
"15534",0.13
"15535",0.131666666666667
"15536",0.131666666666667
"15537",0.13
"15538",0.13
"15539",0.13
"15540",0.13
"15541",0.13
"15542",0.13
"15543",0.13
"15544",0.128333333333333
"15545",0.131666666666667
"15546",0.13
"15547",0.131666666666667
"15548",0.13
"15549",0.13
"15550",0.13
"15551",0.131666666666667
"15552",0.133333333333333
"15553",0.131666666666667
"15554",0.133333333333333
"15555",0.133333333333333
"15556",0.131666666666667
"15557",0.131666666666667
"15558",0.131666666666667
"15559",0.131666666666667
"15560",0.133333333333333
"15561",0.131666666666667
"15562",0.131666666666667
"15563",0.131666666666667
"15564",0.131666666666667
"15565",0.131666666666667
"15566",0.131666666666667
"15567",0.133333333333333
"15568",0.131666666666667
"15569",0.131666666666667
"15570",0.13
"15571",0.131666666666667
"15572",0.131666666666667
"15573",0.131666666666667
"15574",0.131666666666667
"15575",0.131666666666667
"15576",0.133333333333333
"15577",0.133333333333333
"15578",0.131666666666667
"15579",0.131666666666667
"15580",0.133333333333333
"15581",0.131666666666667
"15582",0.131666666666667
"15583",0.131666666666667
"15584",0.131666666666667
"15585",0.133333333333333
"15586",0.133333333333333
"15587",0.131666666666667
"15588",0.131666666666667
"15589",0.131666666666667
"15590",0.131666666666667
"15591",0.131666666666667
"15592",0.131666666666667
"15593",0.131666666666667
"15594",0.13
"15595",0.133333333333333
"15596",0.131666666666667
"15597",0.133333333333333
"15598",0.131666666666667
"15599",0.131666666666667
"15600",0.131666666666667
"15601",0.128333333333333
"15602",0.13
"15603",0.128333333333333
"15604",0.13
"15605",0.13
"15606",0.128333333333333
"15607",0.128333333333333
"15608",0.128333333333333
"15609",0.128333333333333
"15610",0.13
"15611",0.128333333333333
"15612",0.128333333333333
"15613",0.128333333333333
"15614",0.128333333333333
"15615",0.128333333333333
"15616",0.128333333333333
"15617",0.13
"15618",0.128333333333333
"15619",0.128333333333333
"15620",0.126666666666667
"15621",0.128333333333333
"15622",0.128333333333333
"15623",0.128333333333333
"15624",0.128333333333333
"15625",0.128333333333333
"15626",0.13
"15627",0.13
"15628",0.128333333333333
"15629",0.128333333333333
"15630",0.13
"15631",0.128333333333333
"15632",0.128333333333333
"15633",0.128333333333333
"15634",0.128333333333333
"15635",0.13
"15636",0.13
"15637",0.128333333333333
"15638",0.128333333333333
"15639",0.128333333333333
"15640",0.128333333333333
"15641",0.128333333333333
"15642",0.128333333333333
"15643",0.128333333333333
"15644",0.126666666666667
"15645",0.13
"15646",0.128333333333333
"15647",0.13
"15648",0.128333333333333
"15649",0.128333333333333
"15650",0.128333333333333
"15651",0.095
"15652",0.0983333333333333
"15653",0.0966666666666667
"15654",0.0983333333333333
"15655",0.0983333333333333
"15656",0.0966666666666667
"15657",0.0966666666666667
"15658",0.0966666666666667
"15659",0.0966666666666667
"15660",0.0983333333333333
"15661",0.0966666666666667
"15662",0.0966666666666667
"15663",0.0966666666666667
"15664",0.0966666666666667
"15665",0.0966666666666667
"15666",0.0966666666666667
"15667",0.0983333333333333
"15668",0.0966666666666667
"15669",0.0966666666666667
"15670",0.095
"15671",0.095
"15672",0.0966666666666667
"15673",0.0966666666666667
"15674",0.0966666666666667
"15675",0.0966666666666667
"15676",0.0966666666666667
"15677",0.095
"15678",0.0966666666666667
"15679",0.0966666666666667
"15680",0.0983333333333333
"15681",0.0966666666666667
"15682",0.0966666666666667
"15683",0.0966666666666667
"15684",0.0966666666666667
"15685",0.0983333333333333
"15686",0.0983333333333333
"15687",0.0966666666666667
"15688",0.0966666666666667
"15689",0.0966666666666667
"15690",0.0966666666666667
"15691",0.0966666666666667
"15692",0.0966666666666667
"15693",0.0966666666666667
"15694",0.0983333333333333
"15695",0.0966666666666667
"15696",0.0966666666666667
"15697",0.0983333333333333
"15698",0.0966666666666667
"15699",0.0966666666666667
"15700",0.0966666666666667
"15701",0.0916666666666667
"15702",0.095
"15703",0.0933333333333333
"15704",0.095
"15705",0.095
"15706",0.0933333333333333
"15707",0.0933333333333333
"15708",0.0933333333333333
"15709",0.0933333333333333
"15710",0.095
"15711",0.0933333333333333
"15712",0.0933333333333333
"15713",0.0933333333333333
"15714",0.0933333333333333
"15715",0.0933333333333333
"15716",0.0933333333333333
"15717",0.095
"15718",0.0933333333333333
"15719",0.0933333333333333
"15720",0.0916666666666667
"15721",0.0916666666666667
"15722",0.0933333333333333
"15723",0.0933333333333333
"15724",0.0933333333333333
"15725",0.0933333333333333
"15726",0.0933333333333333
"15727",0.0916666666666667
"15728",0.0933333333333333
"15729",0.0933333333333333
"15730",0.095
"15731",0.0933333333333333
"15732",0.0933333333333333
"15733",0.0933333333333333
"15734",0.0933333333333333
"15735",0.095
"15736",0.095
"15737",0.0933333333333333
"15738",0.0933333333333333
"15739",0.0933333333333333
"15740",0.0933333333333333
"15741",0.0933333333333333
"15742",0.0933333333333333
"15743",0.0933333333333333
"15744",0.095
"15745",0.0933333333333333
"15746",0.0933333333333333
"15747",0.095
"15748",0.0933333333333333
"15749",0.0933333333333333
"15750",0.0933333333333333
"15751",0.0916666666666667
"15752",0.095
"15753",0.0933333333333333
"15754",0.095
"15755",0.095
"15756",0.0933333333333333
"15757",0.0933333333333333
"15758",0.0933333333333333
"15759",0.0933333333333333
"15760",0.095
"15761",0.0933333333333333
"15762",0.0933333333333333
"15763",0.0933333333333333
"15764",0.0933333333333333
"15765",0.0933333333333333
"15766",0.0933333333333333
"15767",0.095
"15768",0.0933333333333333
"15769",0.0933333333333333
"15770",0.0916666666666667
"15771",0.0916666666666667
"15772",0.0933333333333333
"15773",0.0933333333333333
"15774",0.0933333333333333
"15775",0.0933333333333333
"15776",0.0933333333333333
"15777",0.0933333333333333
"15778",0.0933333333333333
"15779",0.0933333333333333
"15780",0.095
"15781",0.0933333333333333
"15782",0.0933333333333333
"15783",0.0933333333333333
"15784",0.0933333333333333
"15785",0.095
"15786",0.095
"15787",0.0933333333333333
"15788",0.0933333333333333
"15789",0.0933333333333333
"15790",0.0933333333333333
"15791",0.0933333333333333
"15792",0.0933333333333333
"15793",0.0933333333333333
"15794",0.095
"15795",0.0916666666666667
"15796",0.0933333333333333
"15797",0.095
"15798",0.0933333333333333
"15799",0.0933333333333333
"15800",0.0933333333333333
"15801",0.0933333333333333
"15802",0.0966666666666667
"15803",0.095
"15804",0.0966666666666667
"15805",0.0966666666666667
"15806",0.095
"15807",0.095
"15808",0.095
"15809",0.095
"15810",0.0966666666666667
"15811",0.095
"15812",0.095
"15813",0.095
"15814",0.095
"15815",0.095
"15816",0.095
"15817",0.0966666666666667
"15818",0.095
"15819",0.095
"15820",0.0933333333333333
"15821",0.0933333333333333
"15822",0.095
"15823",0.095
"15824",0.095
"15825",0.095
"15826",0.095
"15827",0.0933333333333333
"15828",0.095
"15829",0.095
"15830",0.0966666666666667
"15831",0.095
"15832",0.095
"15833",0.095
"15834",0.095
"15835",0.0966666666666667
"15836",0.0966666666666667
"15837",0.095
"15838",0.095
"15839",0.095
"15840",0.095
"15841",0.095
"15842",0.095
"15843",0.095
"15844",0.0966666666666667
"15845",0.095
"15846",0.095
"15847",0.0966666666666667
"15848",0.095
"15849",0.095
"15850",0.095
"15851",0.0933333333333333
"15852",0.0966666666666667
"15853",0.095
"15854",0.0966666666666667
"15855",0.0966666666666667
"15856",0.095
"15857",0.095
"15858",0.095
"15859",0.095
"15860",0.0966666666666667
"15861",0.095
"15862",0.095
"15863",0.095
"15864",0.095
"15865",0.095
"15866",0.095
"15867",0.0966666666666667
"15868",0.095
"15869",0.095
"15870",0.0933333333333333
"15871",0.0933333333333333
"15872",0.095
"15873",0.095
"15874",0.095
"15875",0.095
"15876",0.095
"15877",0.0933333333333333
"15878",0.095
"15879",0.095
"15880",0.0966666666666667
"15881",0.095
"15882",0.095
"15883",0.095
"15884",0.095
"15885",0.0966666666666667
"15886",0.0966666666666667
"15887",0.095
"15888",0.095
"15889",0.095
"15890",0.095
"15891",0.095
"15892",0.095
"15893",0.095
"15894",0.0966666666666667
"15895",0.095
"15896",0.095
"15897",0.0966666666666667
"15898",0.095
"15899",0.095
"15900",0.095
"15901",0.135
"15902",0.136666666666667
"15903",0.135
"15904",0.133333333333333
"15905",0.136666666666667
"15906",0.133333333333333
"15907",0.135
"15908",0.135
"15909",0.135
"15910",0.133333333333333
"15911",0.135
"15912",0.135
"15913",0.135
"15914",0.135
"15915",0.135
"15916",0.135
"15917",0.133333333333333
"15918",0.135
"15919",0.135
"15920",0.133333333333333
"15921",0.135
"15922",0.135
"15923",0.135
"15924",0.135
"15925",0.135
"15926",0.135
"15927",0.133333333333333
"15928",0.135
"15929",0.135
"15930",0.136666666666667
"15931",0.135
"15932",0.135
"15933",0.135
"15934",0.135
"15935",0.133333333333333
"15936",0.136666666666667
"15937",0.135
"15938",0.135
"15939",0.135
"15940",0.135
"15941",0.135
"15942",0.135
"15943",0.135
"15944",0.133333333333333
"15945",0.135
"15946",0.135
"15947",0.136666666666667
"15948",0.135
"15949",0.135
"15950",0.135
"15951",0.133333333333333
"15952",0.135
"15953",0.133333333333333
"15954",0.131666666666667
"15955",0.135
"15956",0.131666666666667
"15957",0.133333333333333
"15958",0.133333333333333
"15959",0.133333333333333
"15960",0.131666666666667
"15961",0.133333333333333
"15962",0.133333333333333
"15963",0.133333333333333
"15964",0.133333333333333
"15965",0.133333333333333
"15966",0.133333333333333
"15967",0.131666666666667
"15968",0.133333333333333
"15969",0.133333333333333
"15970",0.131666666666667
"15971",0.133333333333333
"15972",0.133333333333333
"15973",0.133333333333333
"15974",0.133333333333333
"15975",0.133333333333333
"15976",0.133333333333333
"15977",0.131666666666667
"15978",0.133333333333333
"15979",0.133333333333333
"15980",0.135
"15981",0.133333333333333
"15982",0.133333333333333
"15983",0.133333333333333
"15984",0.133333333333333
"15985",0.131666666666667
"15986",0.135
"15987",0.133333333333333
"15988",0.133333333333333
"15989",0.133333333333333
"15990",0.133333333333333
"15991",0.133333333333333
"15992",0.133333333333333
"15993",0.133333333333333
"15994",0.131666666666667
"15995",0.133333333333333
"15996",0.133333333333333
"15997",0.135
"15998",0.133333333333333
"15999",0.133333333333333
"16000",0.133333333333333
"16001",0.133333333333333
"16002",0.135
"16003",0.133333333333333
"16004",0.131666666666667
"16005",0.135
"16006",0.133333333333333
"16007",0.133333333333333
"16008",0.133333333333333
"16009",0.133333333333333
"16010",0.131666666666667
"16011",0.133333333333333
"16012",0.133333333333333
"16013",0.133333333333333
"16014",0.133333333333333
"16015",0.133333333333333
"16016",0.133333333333333
"16017",0.131666666666667
"16018",0.133333333333333
"16019",0.133333333333333
"16020",0.131666666666667
"16021",0.133333333333333
"16022",0.133333333333333
"16023",0.133333333333333
"16024",0.133333333333333
"16025",0.133333333333333
"16026",0.133333333333333
"16027",0.131666666666667
"16028",0.133333333333333
"16029",0.133333333333333
"16030",0.135
"16031",0.133333333333333
"16032",0.133333333333333
"16033",0.133333333333333
"16034",0.133333333333333
"16035",0.131666666666667
"16036",0.135
"16037",0.133333333333333
"16038",0.133333333333333
"16039",0.133333333333333
"16040",0.133333333333333
"16041",0.133333333333333
"16042",0.133333333333333
"16043",0.133333333333333
"16044",0.131666666666667
"16045",0.133333333333333
"16046",0.133333333333333
"16047",0.135
"16048",0.133333333333333
"16049",0.133333333333333
"16050",0.133333333333333
"16051",0.135
"16052",0.136666666666667
"16053",0.135
"16054",0.133333333333333
"16055",0.136666666666667
"16056",0.133333333333333
"16057",0.135
"16058",0.135
"16059",0.135
"16060",0.133333333333333
"16061",0.135
"16062",0.135
"16063",0.135
"16064",0.135
"16065",0.135
"16066",0.135
"16067",0.133333333333333
"16068",0.135
"16069",0.135
"16070",0.133333333333333
"16071",0.135
"16072",0.135
"16073",0.135
"16074",0.135
"16075",0.135
"16076",0.135
"16077",0.133333333333333
"16078",0.135
"16079",0.135
"16080",0.136666666666667
"16081",0.135
"16082",0.135
"16083",0.135
"16084",0.135
"16085",0.133333333333333
"16086",0.136666666666667
"16087",0.135
"16088",0.135
"16089",0.135
"16090",0.135
"16091",0.135
"16092",0.135
"16093",0.135
"16094",0.133333333333333
"16095",0.135
"16096",0.135
"16097",0.136666666666667
"16098",0.135
"16099",0.135
"16100",0.135
"16101",0.133333333333333
"16102",0.135
"16103",0.133333333333333
"16104",0.131666666666667
"16105",0.135
"16106",0.133333333333333
"16107",0.133333333333333
"16108",0.133333333333333
"16109",0.133333333333333
"16110",0.131666666666667
"16111",0.133333333333333
"16112",0.133333333333333
"16113",0.133333333333333
"16114",0.133333333333333
"16115",0.133333333333333
"16116",0.133333333333333
"16117",0.131666666666667
"16118",0.133333333333333
"16119",0.133333333333333
"16120",0.131666666666667
"16121",0.133333333333333
"16122",0.133333333333333
"16123",0.133333333333333
"16124",0.133333333333333
"16125",0.133333333333333
"16126",0.133333333333333
"16127",0.131666666666667
"16128",0.133333333333333
"16129",0.133333333333333
"16130",0.135
"16131",0.133333333333333
"16132",0.133333333333333
"16133",0.133333333333333
"16134",0.133333333333333
"16135",0.131666666666667
"16136",0.135
"16137",0.133333333333333
"16138",0.133333333333333
"16139",0.133333333333333
"16140",0.133333333333333
"16141",0.133333333333333
"16142",0.133333333333333
"16143",0.133333333333333
"16144",0.131666666666667
"16145",0.133333333333333
"16146",0.133333333333333
"16147",0.135
"16148",0.133333333333333
"16149",0.133333333333333
"16150",0.133333333333333
"16151",0.135
"16152",0.136666666666667
"16153",0.135
"16154",0.133333333333333
"16155",0.136666666666667
"16156",0.133333333333333
"16157",0.135
"16158",0.135
"16159",0.135
"16160",0.133333333333333
"16161",0.135
"16162",0.135
"16163",0.135
"16164",0.135
"16165",0.135
"16166",0.135
"16167",0.133333333333333
"16168",0.135
"16169",0.135
"16170",0.133333333333333
"16171",0.135
"16172",0.135
"16173",0.135
"16174",0.135
"16175",0.135
"16176",0.135
"16177",0.133333333333333
"16178",0.135
"16179",0.135
"16180",0.136666666666667
"16181",0.135
"16182",0.135
"16183",0.135
"16184",0.135
"16185",0.133333333333333
"16186",0.136666666666667
"16187",0.135
"16188",0.135
"16189",0.135
"16190",0.135
"16191",0.135
"16192",0.135
"16193",0.135
"16194",0.133333333333333
"16195",0.135
"16196",0.135
"16197",0.136666666666667
"16198",0.135
"16199",0.135
"16200",0.135
"16201",0.133333333333333
"16202",0.135
"16203",0.133333333333333
"16204",0.131666666666667
"16205",0.135
"16206",0.133333333333333
"16207",0.133333333333333
"16208",0.133333333333333
"16209",0.133333333333333
"16210",0.131666666666667
"16211",0.133333333333333
"16212",0.133333333333333
"16213",0.133333333333333
"16214",0.133333333333333
"16215",0.133333333333333
"16216",0.133333333333333
"16217",0.131666666666667
"16218",0.133333333333333
"16219",0.133333333333333
"16220",0.131666666666667
"16221",0.133333333333333
"16222",0.133333333333333
"16223",0.133333333333333
"16224",0.133333333333333
"16225",0.133333333333333
"16226",0.133333333333333
"16227",0.131666666666667
"16228",0.133333333333333
"16229",0.133333333333333
"16230",0.135
"16231",0.133333333333333
"16232",0.133333333333333
"16233",0.133333333333333
"16234",0.133333333333333
"16235",0.131666666666667
"16236",0.135
"16237",0.133333333333333
"16238",0.133333333333333
"16239",0.133333333333333
"16240",0.133333333333333
"16241",0.133333333333333
"16242",0.133333333333333
"16243",0.133333333333333
"16244",0.131666666666667
"16245",0.133333333333333
"16246",0.133333333333333
"16247",0.135
"16248",0.133333333333333
"16249",0.133333333333333
"16250",0.133333333333333
"16251",0.135
"16252",0.136666666666667
"16253",0.135
"16254",0.133333333333333
"16255",0.136666666666667
"16256",0.133333333333333
"16257",0.135
"16258",0.135
"16259",0.135
"16260",0.133333333333333
"16261",0.135
"16262",0.135
"16263",0.135
"16264",0.135
"16265",0.135
"16266",0.135
"16267",0.133333333333333
"16268",0.135
"16269",0.135
"16270",0.133333333333333
"16271",0.135
"16272",0.135
"16273",0.135
"16274",0.135
"16275",0.135
"16276",0.135
"16277",0.133333333333333
"16278",0.135
"16279",0.135
"16280",0.136666666666667
"16281",0.135
"16282",0.135
"16283",0.135
"16284",0.135
"16285",0.133333333333333
"16286",0.136666666666667
"16287",0.135
"16288",0.135
"16289",0.135
"16290",0.135
"16291",0.135
"16292",0.135
"16293",0.135
"16294",0.133333333333333
"16295",0.135
"16296",0.135
"16297",0.136666666666667
"16298",0.135
"16299",0.135
"16300",0.135
"16301",0.133333333333333
"16302",0.135
"16303",0.133333333333333
"16304",0.131666666666667
"16305",0.135
"16306",0.133333333333333
"16307",0.133333333333333
"16308",0.133333333333333
"16309",0.133333333333333
"16310",0.131666666666667
"16311",0.133333333333333
"16312",0.133333333333333
"16313",0.133333333333333
"16314",0.133333333333333
"16315",0.133333333333333
"16316",0.133333333333333
"16317",0.131666666666667
"16318",0.133333333333333
"16319",0.133333333333333
"16320",0.131666666666667
"16321",0.133333333333333
"16322",0.133333333333333
"16323",0.133333333333333
"16324",0.133333333333333
"16325",0.133333333333333
"16326",0.133333333333333
"16327",0.131666666666667
"16328",0.133333333333333
"16329",0.133333333333333
"16330",0.135
"16331",0.133333333333333
"16332",0.133333333333333
"16333",0.133333333333333
"16334",0.133333333333333
"16335",0.131666666666667
"16336",0.135
"16337",0.133333333333333
"16338",0.133333333333333
"16339",0.133333333333333
"16340",0.133333333333333
"16341",0.133333333333333
"16342",0.133333333333333
"16343",0.133333333333333
"16344",0.131666666666667
"16345",0.133333333333333
"16346",0.133333333333333
"16347",0.135
"16348",0.133333333333333
"16349",0.133333333333333
"16350",0.133333333333333
"16351",0.133333333333333
"16352",0.135
"16353",0.133333333333333
"16354",0.131666666666667
"16355",0.135
"16356",0.133333333333333
"16357",0.133333333333333
"16358",0.133333333333333
"16359",0.133333333333333
"16360",0.131666666666667
"16361",0.133333333333333
"16362",0.133333333333333
"16363",0.133333333333333
"16364",0.133333333333333
"16365",0.133333333333333
"16366",0.133333333333333
"16367",0.131666666666667
"16368",0.133333333333333
"16369",0.133333333333333
"16370",0.131666666666667
"16371",0.133333333333333
"16372",0.133333333333333
"16373",0.133333333333333
"16374",0.133333333333333
"16375",0.133333333333333
"16376",0.133333333333333
"16377",0.131666666666667
"16378",0.133333333333333
"16379",0.133333333333333
"16380",0.135
"16381",0.133333333333333
"16382",0.133333333333333
"16383",0.133333333333333
"16384",0.133333333333333
"16385",0.131666666666667
"16386",0.135
"16387",0.133333333333333
"16388",0.133333333333333
"16389",0.133333333333333
"16390",0.133333333333333
"16391",0.133333333333333
"16392",0.133333333333333
"16393",0.133333333333333
"16394",0.131666666666667
"16395",0.133333333333333
"16396",0.133333333333333
"16397",0.135
"16398",0.133333333333333
"16399",0.133333333333333
"16400",0.133333333333333
"16401",0.133333333333333
"16402",0.135
"16403",0.133333333333333
"16404",0.131666666666667
"16405",0.135
"16406",0.133333333333333
"16407",0.133333333333333
"16408",0.133333333333333
"16409",0.133333333333333
"16410",0.131666666666667
"16411",0.133333333333333
"16412",0.133333333333333
"16413",0.133333333333333
"16414",0.133333333333333
"16415",0.133333333333333
"16416",0.133333333333333
"16417",0.131666666666667
"16418",0.133333333333333
"16419",0.133333333333333
"16420",0.131666666666667
"16421",0.133333333333333
"16422",0.133333333333333
"16423",0.133333333333333
"16424",0.133333333333333
"16425",0.133333333333333
"16426",0.133333333333333
"16427",0.131666666666667
"16428",0.133333333333333
"16429",0.133333333333333
"16430",0.135
"16431",0.133333333333333
"16432",0.133333333333333
"16433",0.133333333333333
"16434",0.133333333333333
"16435",0.131666666666667
"16436",0.135
"16437",0.133333333333333
"16438",0.133333333333333
"16439",0.133333333333333
"16440",0.133333333333333
"16441",0.133333333333333
"16442",0.133333333333333
"16443",0.133333333333333
"16444",0.131666666666667
"16445",0.133333333333333
"16446",0.133333333333333
"16447",0.135
"16448",0.133333333333333
"16449",0.133333333333333
"16450",0.133333333333333
"16451",0.135
"16452",0.136666666666667
"16453",0.135
"16454",0.133333333333333
"16455",0.136666666666667
"16456",0.133333333333333
"16457",0.135
"16458",0.135
"16459",0.135
"16460",0.133333333333333
"16461",0.135
"16462",0.135
"16463",0.135
"16464",0.135
"16465",0.135
"16466",0.135
"16467",0.133333333333333
"16468",0.135
"16469",0.135
"16470",0.133333333333333
"16471",0.135
"16472",0.135
"16473",0.135
"16474",0.135
"16475",0.135
"16476",0.135
"16477",0.133333333333333
"16478",0.135
"16479",0.135
"16480",0.136666666666667
"16481",0.135
"16482",0.135
"16483",0.135
"16484",0.135
"16485",0.133333333333333
"16486",0.136666666666667
"16487",0.135
"16488",0.135
"16489",0.135
"16490",0.135
"16491",0.135
"16492",0.135
"16493",0.135
"16494",0.133333333333333
"16495",0.135
"16496",0.135
"16497",0.136666666666667
"16498",0.135
"16499",0.135
"16500",0.135
"16501",0.0933333333333333
"16502",0.0966666666666667
"16503",0.095
"16504",0.0966666666666667
"16505",0.0966666666666667
"16506",0.095
"16507",0.095
"16508",0.095
"16509",0.095
"16510",0.0966666666666667
"16511",0.095
"16512",0.095
"16513",0.095
"16514",0.095
"16515",0.095
"16516",0.095
"16517",0.0966666666666667
"16518",0.095
"16519",0.095
"16520",0.0933333333333333
"16521",0.0933333333333333
"16522",0.095
"16523",0.095
"16524",0.095
"16525",0.095
"16526",0.095
"16527",0.0933333333333333
"16528",0.095
"16529",0.095
"16530",0.0966666666666667
"16531",0.095
"16532",0.095
"16533",0.095
"16534",0.095
"16535",0.0966666666666667
"16536",0.0966666666666667
"16537",0.095
"16538",0.095
"16539",0.095
"16540",0.095
"16541",0.095
"16542",0.095
"16543",0.095
"16544",0.0966666666666667
"16545",0.095
"16546",0.095
"16547",0.0966666666666667
"16548",0.095
"16549",0.095
"16550",0.095
"16551",0.0933333333333333
"16552",0.0966666666666667
"16553",0.095
"16554",0.0966666666666667
"16555",0.0966666666666667
"16556",0.095
"16557",0.095
"16558",0.095
"16559",0.095
"16560",0.0966666666666667
"16561",0.095
"16562",0.095
"16563",0.095
"16564",0.095
"16565",0.095
"16566",0.095
"16567",0.0966666666666667
"16568",0.095
"16569",0.095
"16570",0.0933333333333333
"16571",0.0933333333333333
"16572",0.095
"16573",0.095
"16574",0.095
"16575",0.095
"16576",0.095
"16577",0.0933333333333333
"16578",0.095
"16579",0.095
"16580",0.0966666666666667
"16581",0.095
"16582",0.095
"16583",0.095
"16584",0.095
"16585",0.0966666666666667
"16586",0.0966666666666667
"16587",0.095
"16588",0.095
"16589",0.095
"16590",0.095
"16591",0.095
"16592",0.095
"16593",0.095
"16594",0.0966666666666667
"16595",0.095
"16596",0.095
"16597",0.0966666666666667
"16598",0.095
"16599",0.095
"16600",0.095
"16601",0.095
"16602",0.0983333333333333
"16603",0.0966666666666667
"16604",0.0983333333333333
"16605",0.0983333333333333
"16606",0.0966666666666667
"16607",0.0966666666666667
"16608",0.0966666666666667
"16609",0.0966666666666667
"16610",0.0983333333333333
"16611",0.0966666666666667
"16612",0.0966666666666667
"16613",0.0966666666666667
"16614",0.0966666666666667
"16615",0.0966666666666667
"16616",0.0966666666666667
"16617",0.0983333333333333
"16618",0.0966666666666667
"16619",0.0966666666666667
"16620",0.095
"16621",0.095
"16622",0.0966666666666667
"16623",0.0966666666666667
"16624",0.0966666666666667
"16625",0.0966666666666667
"16626",0.0966666666666667
"16627",0.095
"16628",0.0966666666666667
"16629",0.0966666666666667
"16630",0.0983333333333333
"16631",0.0966666666666667
"16632",0.0966666666666667
"16633",0.0966666666666667
"16634",0.0966666666666667
"16635",0.0983333333333333
"16636",0.0983333333333333
"16637",0.0966666666666667
"16638",0.0966666666666667
"16639",0.0966666666666667
"16640",0.0966666666666667
"16641",0.0966666666666667
"16642",0.0966666666666667
"16643",0.0966666666666667
"16644",0.0983333333333333
"16645",0.0966666666666667
"16646",0.0966666666666667
"16647",0.0983333333333333
"16648",0.0966666666666667
"16649",0.0966666666666667
"16650",0.0966666666666667
"16651",0.0933333333333333
"16652",0.0966666666666667
"16653",0.095
"16654",0.0966666666666667
"16655",0.0966666666666667
"16656",0.095
"16657",0.095
"16658",0.095
"16659",0.095
"16660",0.0966666666666667
"16661",0.095
"16662",0.095
"16663",0.095
"16664",0.095
"16665",0.095
"16666",0.095
"16667",0.0966666666666667
"16668",0.095
"16669",0.095
"16670",0.0933333333333333
"16671",0.0933333333333333
"16672",0.095
"16673",0.095
"16674",0.095
"16675",0.095
"16676",0.095
"16677",0.0933333333333333
"16678",0.095
"16679",0.095
"16680",0.0966666666666667
"16681",0.095
"16682",0.095
"16683",0.095
"16684",0.095
"16685",0.0966666666666667
"16686",0.0966666666666667
"16687",0.095
"16688",0.095
"16689",0.095
"16690",0.095
"16691",0.095
"16692",0.095
"16693",0.095
"16694",0.0966666666666667
"16695",0.095
"16696",0.095
"16697",0.0966666666666667
"16698",0.095
"16699",0.095
"16700",0.095
"16701",0.13
"16702",0.131666666666667
"16703",0.13
"16704",0.131666666666667
"16705",0.131666666666667
"16706",0.13
"16707",0.13
"16708",0.13
"16709",0.13
"16710",0.131666666666667
"16711",0.13
"16712",0.13
"16713",0.13
"16714",0.13
"16715",0.13
"16716",0.13
"16717",0.131666666666667
"16718",0.13
"16719",0.13
"16720",0.128333333333333
"16721",0.13
"16722",0.131666666666667
"16723",0.13
"16724",0.13
"16725",0.13
"16726",0.131666666666667
"16727",0.128333333333333
"16728",0.13
"16729",0.13
"16730",0.13
"16731",0.13
"16732",0.13
"16733",0.13
"16734",0.13
"16735",0.131666666666667
"16736",0.13
"16737",0.13
"16738",0.13
"16739",0.13
"16740",0.13
"16741",0.13
"16742",0.13
"16743",0.13
"16744",0.131666666666667
"16745",0.13
"16746",0.13
"16747",0.13
"16748",0.13
"16749",0.13
"16750",0.13
"16751",0.133333333333333
"16752",0.135
"16753",0.133333333333333
"16754",0.135
"16755",0.135
"16756",0.133333333333333
"16757",0.133333333333333
"16758",0.133333333333333
"16759",0.133333333333333
"16760",0.135
"16761",0.133333333333333
"16762",0.133333333333333
"16763",0.133333333333333
"16764",0.133333333333333
"16765",0.133333333333333
"16766",0.133333333333333
"16767",0.135
"16768",0.133333333333333
"16769",0.133333333333333
"16770",0.131666666666667
"16771",0.133333333333333
"16772",0.135
"16773",0.133333333333333
"16774",0.133333333333333
"16775",0.133333333333333
"16776",0.135
"16777",0.131666666666667
"16778",0.133333333333333
"16779",0.133333333333333
"16780",0.133333333333333
"16781",0.133333333333333
"16782",0.133333333333333
"16783",0.133333333333333
"16784",0.133333333333333
"16785",0.135
"16786",0.133333333333333
"16787",0.133333333333333
"16788",0.133333333333333
"16789",0.133333333333333
"16790",0.133333333333333
"16791",0.133333333333333
"16792",0.133333333333333
"16793",0.133333333333333
"16794",0.135
"16795",0.133333333333333
"16796",0.133333333333333
"16797",0.133333333333333
"16798",0.133333333333333
"16799",0.133333333333333
"16800",0.133333333333333
"16801",0.13
"16802",0.131666666666667
"16803",0.13
"16804",0.131666666666667
"16805",0.131666666666667
"16806",0.13
"16807",0.13
"16808",0.13
"16809",0.13
"16810",0.131666666666667
"16811",0.13
"16812",0.13
"16813",0.13
"16814",0.13
"16815",0.13
"16816",0.13
"16817",0.131666666666667
"16818",0.13
"16819",0.13
"16820",0.128333333333333
"16821",0.13
"16822",0.131666666666667
"16823",0.13
"16824",0.13
"16825",0.13
"16826",0.131666666666667
"16827",0.128333333333333
"16828",0.13
"16829",0.13
"16830",0.13
"16831",0.13
"16832",0.13
"16833",0.13
"16834",0.13
"16835",0.131666666666667
"16836",0.13
"16837",0.13
"16838",0.13
"16839",0.13
"16840",0.13
"16841",0.13
"16842",0.13
"16843",0.13
"16844",0.131666666666667
"16845",0.13
"16846",0.13
"16847",0.13
"16848",0.13
"16849",0.13
"16850",0.13
"16851",0.13
"16852",0.131666666666667
"16853",0.13
"16854",0.131666666666667
"16855",0.131666666666667
"16856",0.13
"16857",0.13
"16858",0.13
"16859",0.13
"16860",0.131666666666667
"16861",0.13
"16862",0.13
"16863",0.13
"16864",0.13
"16865",0.13
"16866",0.13
"16867",0.131666666666667
"16868",0.13
"16869",0.13
"16870",0.128333333333333
"16871",0.13
"16872",0.131666666666667
"16873",0.13
"16874",0.13
"16875",0.13
"16876",0.131666666666667
"16877",0.128333333333333
"16878",0.13
"16879",0.13
"16880",0.13
"16881",0.13
"16882",0.13
"16883",0.13
"16884",0.13
"16885",0.131666666666667
"16886",0.13
"16887",0.13
"16888",0.13
"16889",0.13
"16890",0.13
"16891",0.13
"16892",0.13
"16893",0.13
"16894",0.131666666666667
"16895",0.13
"16896",0.13
"16897",0.13
"16898",0.13
"16899",0.13
"16900",0.13
"16901",0.135
"16902",0.136666666666667
"16903",0.135
"16904",0.136666666666667
"16905",0.136666666666667
"16906",0.135
"16907",0.135
"16908",0.135
"16909",0.135
"16910",0.136666666666667
"16911",0.135
"16912",0.135
"16913",0.135
"16914",0.135
"16915",0.135
"16916",0.135
"16917",0.136666666666667
"16918",0.135
"16919",0.135
"16920",0.133333333333333
"16921",0.135
"16922",0.136666666666667
"16923",0.135
"16924",0.135
"16925",0.135
"16926",0.136666666666667
"16927",0.133333333333333
"16928",0.135
"16929",0.135
"16930",0.135
"16931",0.135
"16932",0.135
"16933",0.135
"16934",0.135
"16935",0.136666666666667
"16936",0.135
"16937",0.135
"16938",0.135
"16939",0.135
"16940",0.135
"16941",0.135
"16942",0.135
"16943",0.135
"16944",0.133333333333333
"16945",0.135
"16946",0.135
"16947",0.135
"16948",0.135
"16949",0.135
"16950",0.135
"16951",0.13
"16952",0.131666666666667
"16953",0.13
"16954",0.131666666666667
"16955",0.131666666666667
"16956",0.13
"16957",0.13
"16958",0.13
"16959",0.13
"16960",0.131666666666667
"16961",0.13
"16962",0.13
"16963",0.13
"16964",0.13
"16965",0.13
"16966",0.13
"16967",0.131666666666667
"16968",0.13
"16969",0.13
"16970",0.128333333333333
"16971",0.13
"16972",0.131666666666667
"16973",0.13
"16974",0.13
"16975",0.13
"16976",0.131666666666667
"16977",0.128333333333333
"16978",0.13
"16979",0.13
"16980",0.13
"16981",0.13
"16982",0.13
"16983",0.13
"16984",0.13
"16985",0.131666666666667
"16986",0.13
"16987",0.13
"16988",0.13
"16989",0.13
"16990",0.13
"16991",0.13
"16992",0.13
"16993",0.13
"16994",0.131666666666667
"16995",0.13
"16996",0.13
"16997",0.13
"16998",0.13
"16999",0.13
"17000",0.13
"17001",0.131666666666667
"17002",0.133333333333333
"17003",0.131666666666667
"17004",0.133333333333333
"17005",0.133333333333333
"17006",0.131666666666667
"17007",0.131666666666667
"17008",0.131666666666667
"17009",0.131666666666667
"17010",0.133333333333333
"17011",0.131666666666667
"17012",0.131666666666667
"17013",0.131666666666667
"17014",0.131666666666667
"17015",0.131666666666667
"17016",0.131666666666667
"17017",0.133333333333333
"17018",0.131666666666667
"17019",0.131666666666667
"17020",0.13
"17021",0.131666666666667
"17022",0.133333333333333
"17023",0.131666666666667
"17024",0.131666666666667
"17025",0.131666666666667
"17026",0.133333333333333
"17027",0.13
"17028",0.131666666666667
"17029",0.131666666666667
"17030",0.131666666666667
"17031",0.131666666666667
"17032",0.131666666666667
"17033",0.131666666666667
"17034",0.131666666666667
"17035",0.133333333333333
"17036",0.131666666666667
"17037",0.131666666666667
"17038",0.131666666666667
"17039",0.131666666666667
"17040",0.131666666666667
"17041",0.131666666666667
"17042",0.131666666666667
"17043",0.131666666666667
"17044",0.133333333333333
"17045",0.131666666666667
"17046",0.131666666666667
"17047",0.131666666666667
"17048",0.131666666666667
"17049",0.131666666666667
"17050",0.131666666666667
"17051",0.135
"17052",0.136666666666667
"17053",0.135
"17054",0.136666666666667
"17055",0.136666666666667
"17056",0.135
"17057",0.135
"17058",0.135
"17059",0.135
"17060",0.136666666666667
"17061",0.135
"17062",0.135
"17063",0.135
"17064",0.135
"17065",0.135
"17066",0.135
"17067",0.136666666666667
"17068",0.135
"17069",0.135
"17070",0.133333333333333
"17071",0.135
"17072",0.136666666666667
"17073",0.135
"17074",0.135
"17075",0.135
"17076",0.136666666666667
"17077",0.133333333333333
"17078",0.135
"17079",0.135
"17080",0.135
"17081",0.135
"17082",0.135
"17083",0.135
"17084",0.135
"17085",0.136666666666667
"17086",0.135
"17087",0.135
"17088",0.135
"17089",0.135
"17090",0.135
"17091",0.135
"17092",0.135
"17093",0.135
"17094",0.136666666666667
"17095",0.135
"17096",0.135
"17097",0.135
"17098",0.135
"17099",0.135
"17100",0.135
"17101",0.133333333333333
"17102",0.135
"17103",0.133333333333333
"17104",0.135
"17105",0.135
"17106",0.133333333333333
"17107",0.133333333333333
"17108",0.133333333333333
"17109",0.133333333333333
"17110",0.135
"17111",0.133333333333333
"17112",0.133333333333333
"17113",0.133333333333333
"17114",0.133333333333333
"17115",0.133333333333333
"17116",0.133333333333333
"17117",0.135
"17118",0.133333333333333
"17119",0.133333333333333
"17120",0.131666666666667
"17121",0.133333333333333
"17122",0.135
"17123",0.133333333333333
"17124",0.133333333333333
"17125",0.133333333333333
"17126",0.135
"17127",0.131666666666667
"17128",0.133333333333333
"17129",0.133333333333333
"17130",0.133333333333333
"17131",0.133333333333333
"17132",0.133333333333333
"17133",0.133333333333333
"17134",0.133333333333333
"17135",0.135
"17136",0.133333333333333
"17137",0.133333333333333
"17138",0.133333333333333
"17139",0.133333333333333
"17140",0.133333333333333
"17141",0.133333333333333
"17142",0.133333333333333
"17143",0.133333333333333
"17144",0.135
"17145",0.133333333333333
"17146",0.133333333333333
"17147",0.133333333333333
"17148",0.133333333333333
"17149",0.133333333333333
"17150",0.133333333333333
"17151",0.133333333333333
"17152",0.135
"17153",0.133333333333333
"17154",0.135
"17155",0.135
"17156",0.133333333333333
"17157",0.133333333333333
"17158",0.133333333333333
"17159",0.133333333333333
"17160",0.135
"17161",0.133333333333333
"17162",0.133333333333333
"17163",0.133333333333333
"17164",0.133333333333333
"17165",0.133333333333333
"17166",0.133333333333333
"17167",0.135
"17168",0.133333333333333
"17169",0.133333333333333
"17170",0.131666666666667
"17171",0.133333333333333
"17172",0.135
"17173",0.133333333333333
"17174",0.133333333333333
"17175",0.133333333333333
"17176",0.135
"17177",0.131666666666667
"17178",0.133333333333333
"17179",0.133333333333333
"17180",0.133333333333333
"17181",0.133333333333333
"17182",0.133333333333333
"17183",0.133333333333333
"17184",0.133333333333333
"17185",0.135
"17186",0.133333333333333
"17187",0.133333333333333
"17188",0.133333333333333
"17189",0.133333333333333
"17190",0.133333333333333
"17191",0.133333333333333
"17192",0.133333333333333
"17193",0.133333333333333
"17194",0.135
"17195",0.133333333333333
"17196",0.133333333333333
"17197",0.133333333333333
"17198",0.133333333333333
"17199",0.133333333333333
"17200",0.133333333333333
"17201",0.121666666666667
"17202",0.123333333333333
"17203",0.121666666666667
"17204",0.123333333333333
"17205",0.123333333333333
"17206",0.121666666666667
"17207",0.121666666666667
"17208",0.121666666666667
"17209",0.121666666666667
"17210",0.123333333333333
"17211",0.121666666666667
"17212",0.121666666666667
"17213",0.121666666666667
"17214",0.121666666666667
"17215",0.121666666666667
"17216",0.121666666666667
"17217",0.123333333333333
"17218",0.121666666666667
"17219",0.121666666666667
"17220",0.123333333333333
"17221",0.121666666666667
"17222",0.121666666666667
"17223",0.121666666666667
"17224",0.121666666666667
"17225",0.121666666666667
"17226",0.123333333333333
"17227",0.123333333333333
"17228",0.121666666666667
"17229",0.121666666666667
"17230",0.123333333333333
"17231",0.121666666666667
"17232",0.121666666666667
"17233",0.121666666666667
"17234",0.121666666666667
"17235",0.123333333333333
"17236",0.123333333333333
"17237",0.121666666666667
"17238",0.121666666666667
"17239",0.121666666666667
"17240",0.121666666666667
"17241",0.121666666666667
"17242",0.121666666666667
"17243",0.121666666666667
"17244",0.12
"17245",0.123333333333333
"17246",0.121666666666667
"17247",0.123333333333333
"17248",0.121666666666667
"17249",0.121666666666667
"17250",0.121666666666667
"17251",0.121666666666667
"17252",0.123333333333333
"17253",0.121666666666667
"17254",0.123333333333333
"17255",0.123333333333333
"17256",0.121666666666667
"17257",0.121666666666667
"17258",0.121666666666667
"17259",0.121666666666667
"17260",0.123333333333333
"17261",0.121666666666667
"17262",0.121666666666667
"17263",0.121666666666667
"17264",0.121666666666667
"17265",0.121666666666667
"17266",0.121666666666667
"17267",0.123333333333333
"17268",0.121666666666667
"17269",0.121666666666667
"17270",0.123333333333333
"17271",0.121666666666667
"17272",0.121666666666667
"17273",0.121666666666667
"17274",0.121666666666667
"17275",0.121666666666667
"17276",0.123333333333333
"17277",0.123333333333333
"17278",0.121666666666667
"17279",0.121666666666667
"17280",0.123333333333333
"17281",0.121666666666667
"17282",0.121666666666667
"17283",0.121666666666667
"17284",0.121666666666667
"17285",0.123333333333333
"17286",0.123333333333333
"17287",0.121666666666667
"17288",0.121666666666667
"17289",0.121666666666667
"17290",0.121666666666667
"17291",0.121666666666667
"17292",0.121666666666667
"17293",0.121666666666667
"17294",0.12
"17295",0.123333333333333
"17296",0.121666666666667
"17297",0.123333333333333
"17298",0.121666666666667
"17299",0.121666666666667
"17300",0.121666666666667
"17301",0.121666666666667
"17302",0.123333333333333
"17303",0.121666666666667
"17304",0.123333333333333
"17305",0.123333333333333
"17306",0.121666666666667
"17307",0.121666666666667
"17308",0.121666666666667
"17309",0.121666666666667
"17310",0.123333333333333
"17311",0.121666666666667
"17312",0.121666666666667
"17313",0.121666666666667
"17314",0.121666666666667
"17315",0.121666666666667
"17316",0.121666666666667
"17317",0.123333333333333
"17318",0.121666666666667
"17319",0.121666666666667
"17320",0.123333333333333
"17321",0.121666666666667
"17322",0.121666666666667
"17323",0.121666666666667
"17324",0.121666666666667
"17325",0.121666666666667
"17326",0.123333333333333
"17327",0.123333333333333
"17328",0.121666666666667
"17329",0.121666666666667
"17330",0.123333333333333
"17331",0.121666666666667
"17332",0.121666666666667
"17333",0.121666666666667
"17334",0.121666666666667
"17335",0.123333333333333
"17336",0.123333333333333
"17337",0.121666666666667
"17338",0.121666666666667
"17339",0.121666666666667
"17340",0.121666666666667
"17341",0.121666666666667
"17342",0.121666666666667
"17343",0.121666666666667
"17344",0.12
"17345",0.123333333333333
"17346",0.121666666666667
"17347",0.123333333333333
"17348",0.121666666666667
"17349",0.121666666666667
"17350",0.121666666666667
"17351",0.133333333333333
"17352",0.135
"17353",0.133333333333333
"17354",0.131666666666667
"17355",0.135
"17356",0.135
"17357",0.133333333333333
"17358",0.133333333333333
"17359",0.133333333333333
"17360",0.131666666666667
"17361",0.133333333333333
"17362",0.133333333333333
"17363",0.133333333333333
"17364",0.133333333333333
"17365",0.133333333333333
"17366",0.133333333333333
"17367",0.131666666666667
"17368",0.133333333333333
"17369",0.133333333333333
"17370",0.131666666666667
"17371",0.133333333333333
"17372",0.133333333333333
"17373",0.133333333333333
"17374",0.133333333333333
"17375",0.133333333333333
"17376",0.133333333333333
"17377",0.135
"17378",0.133333333333333
"17379",0.133333333333333
"17380",0.133333333333333
"17381",0.133333333333333
"17382",0.133333333333333
"17383",0.133333333333333
"17384",0.133333333333333
"17385",0.131666666666667
"17386",0.133333333333333
"17387",0.133333333333333
"17388",0.133333333333333
"17389",0.133333333333333
"17390",0.133333333333333
"17391",0.133333333333333
"17392",0.133333333333333
"17393",0.133333333333333
"17394",0.135
"17395",0.135
"17396",0.133333333333333
"17397",0.133333333333333
"17398",0.133333333333333
"17399",0.133333333333333
"17400",0.133333333333333
"17401",0.133333333333333
"17402",0.135
"17403",0.133333333333333
"17404",0.131666666666667
"17405",0.135
"17406",0.135
"17407",0.133333333333333
"17408",0.133333333333333
"17409",0.133333333333333
"17410",0.131666666666667
"17411",0.133333333333333
"17412",0.133333333333333
"17413",0.133333333333333
"17414",0.133333333333333
"17415",0.133333333333333
"17416",0.133333333333333
"17417",0.131666666666667
"17418",0.133333333333333
"17419",0.133333333333333
"17420",0.131666666666667
"17421",0.133333333333333
"17422",0.133333333333333
"17423",0.133333333333333
"17424",0.133333333333333
"17425",0.133333333333333
"17426",0.133333333333333
"17427",0.135
"17428",0.133333333333333
"17429",0.133333333333333
"17430",0.133333333333333
"17431",0.133333333333333
"17432",0.133333333333333
"17433",0.133333333333333
"17434",0.133333333333333
"17435",0.131666666666667
"17436",0.133333333333333
"17437",0.133333333333333
"17438",0.133333333333333
"17439",0.133333333333333
"17440",0.133333333333333
"17441",0.133333333333333
"17442",0.133333333333333
"17443",0.133333333333333
"17444",0.135
"17445",0.135
"17446",0.133333333333333
"17447",0.133333333333333
"17448",0.133333333333333
"17449",0.133333333333333
"17450",0.133333333333333
"17451",0.14
"17452",0.141666666666667
"17453",0.14
"17454",0.138333333333333
"17455",0.141666666666667
"17456",0.138333333333333
"17457",0.14
"17458",0.14
"17459",0.14
"17460",0.138333333333333
"17461",0.14
"17462",0.14
"17463",0.14
"17464",0.14
"17465",0.14
"17466",0.14
"17467",0.138333333333333
"17468",0.14
"17469",0.14
"17470",0.138333333333333
"17471",0.14
"17472",0.14
"17473",0.14
"17474",0.14
"17475",0.14
"17476",0.14
"17477",0.141666666666667
"17478",0.14
"17479",0.14
"17480",0.14
"17481",0.14
"17482",0.14
"17483",0.14
"17484",0.14
"17485",0.138333333333333
"17486",0.14
"17487",0.14
"17488",0.14
"17489",0.14
"17490",0.14
"17491",0.14
"17492",0.14
"17493",0.14
"17494",0.138333333333333
"17495",0.141666666666667
"17496",0.14
"17497",0.14
"17498",0.14
"17499",0.14
"17500",0.14
"17501",0.14
"17502",0.141666666666667
"17503",0.14
"17504",0.138333333333333
"17505",0.141666666666667
"17506",0.138333333333333
"17507",0.14
"17508",0.14
"17509",0.14
"17510",0.138333333333333
"17511",0.14
"17512",0.14
"17513",0.14
"17514",0.14
"17515",0.14
"17516",0.14
"17517",0.138333333333333
"17518",0.14
"17519",0.14
"17520",0.138333333333333
"17521",0.14
"17522",0.14
"17523",0.14
"17524",0.14
"17525",0.14
"17526",0.14
"17527",0.141666666666667
"17528",0.14
"17529",0.14
"17530",0.14
"17531",0.14
"17532",0.14
"17533",0.14
"17534",0.14
"17535",0.138333333333333
"17536",0.14
"17537",0.14
"17538",0.14
"17539",0.14
"17540",0.14
"17541",0.14
"17542",0.14
"17543",0.14
"17544",0.138333333333333
"17545",0.141666666666667
"17546",0.14
"17547",0.14
"17548",0.14
"17549",0.14
"17550",0.14
"17551",0.0933333333333333
"17552",0.095
"17553",0.0933333333333333
"17554",0.095
"17555",0.095
"17556",0.0916666666666667
"17557",0.0933333333333333
"17558",0.0933333333333333
"17559",0.0933333333333333
"17560",0.095
"17561",0.0933333333333333
"17562",0.0933333333333333
"17563",0.0933333333333333
"17564",0.0933333333333333
"17565",0.0933333333333333
"17566",0.0933333333333333
"17567",0.095
"17568",0.0933333333333333
"17569",0.0933333333333333
"17570",0.0916666666666667
"17571",0.0933333333333333
"17572",0.095
"17573",0.0933333333333333
"17574",0.0933333333333333
"17575",0.0933333333333333
"17576",0.095
"17577",0.095
"17578",0.0933333333333333
"17579",0.0933333333333333
"17580",0.095
"17581",0.0933333333333333
"17582",0.0933333333333333
"17583",0.0933333333333333
"17584",0.0933333333333333
"17585",0.095
"17586",0.095
"17587",0.0933333333333333
"17588",0.0933333333333333
"17589",0.0933333333333333
"17590",0.0933333333333333
"17591",0.0933333333333333
"17592",0.0933333333333333
"17593",0.0933333333333333
"17594",0.0916666666666667
"17595",0.095
"17596",0.0933333333333333
"17597",0.095
"17598",0.0933333333333333
"17599",0.0933333333333333
"17600",0.0933333333333333
"17601",0.106666666666667
"17602",0.108333333333333
"17603",0.106666666666667
"17604",0.105
"17605",0.108333333333333
"17606",0.105
"17607",0.106666666666667
"17608",0.106666666666667
"17609",0.106666666666667
"17610",0.105
"17611",0.106666666666667
"17612",0.106666666666667
"17613",0.106666666666667
"17614",0.106666666666667
"17615",0.106666666666667
"17616",0.106666666666667
"17617",0.105
"17618",0.106666666666667
"17619",0.106666666666667
"17620",0.105
"17621",0.106666666666667
"17622",0.108333333333333
"17623",0.106666666666667
"17624",0.106666666666667
"17625",0.106666666666667
"17626",0.108333333333333
"17627",0.108333333333333
"17628",0.106666666666667
"17629",0.106666666666667
"17630",0.108333333333333
"17631",0.106666666666667
"17632",0.106666666666667
"17633",0.106666666666667
"17634",0.106666666666667
"17635",0.105
"17636",0.108333333333333
"17637",0.106666666666667
"17638",0.106666666666667
"17639",0.106666666666667
"17640",0.106666666666667
"17641",0.106666666666667
"17642",0.106666666666667
"17643",0.106666666666667
"17644",0.105
"17645",0.108333333333333
"17646",0.106666666666667
"17647",0.108333333333333
"17648",0.106666666666667
"17649",0.106666666666667
"17650",0.106666666666667
"17651",0.095
"17652",0.0966666666666667
"17653",0.095
"17654",0.0966666666666667
"17655",0.0966666666666667
"17656",0.0933333333333333
"17657",0.095
"17658",0.095
"17659",0.095
"17660",0.0966666666666667
"17661",0.095
"17662",0.095
"17663",0.095
"17664",0.095
"17665",0.095
"17666",0.095
"17667",0.0966666666666667
"17668",0.095
"17669",0.095
"17670",0.0933333333333333
"17671",0.095
"17672",0.0966666666666667
"17673",0.095
"17674",0.095
"17675",0.095
"17676",0.0966666666666667
"17677",0.0966666666666667
"17678",0.095
"17679",0.095
"17680",0.0966666666666667
"17681",0.095
"17682",0.095
"17683",0.095
"17684",0.095
"17685",0.0966666666666667
"17686",0.0966666666666667
"17687",0.095
"17688",0.095
"17689",0.095
"17690",0.095
"17691",0.095
"17692",0.095
"17693",0.095
"17694",0.0933333333333333
"17695",0.0966666666666667
"17696",0.095
"17697",0.0966666666666667
"17698",0.095
"17699",0.095
"17700",0.095
"17701",0.095
"17702",0.0966666666666667
"17703",0.095
"17704",0.0966666666666667
"17705",0.0966666666666667
"17706",0.0933333333333333
"17707",0.095
"17708",0.095
"17709",0.095
"17710",0.0966666666666667
"17711",0.095
"17712",0.095
"17713",0.095
"17714",0.095
"17715",0.095
"17716",0.095
"17717",0.0966666666666667
"17718",0.095
"17719",0.095
"17720",0.0933333333333333
"17721",0.095
"17722",0.0966666666666667
"17723",0.095
"17724",0.095
"17725",0.095
"17726",0.0966666666666667
"17727",0.0966666666666667
"17728",0.095
"17729",0.095
"17730",0.0966666666666667
"17731",0.095
"17732",0.095
"17733",0.095
"17734",0.095
"17735",0.0966666666666667
"17736",0.0966666666666667
"17737",0.095
"17738",0.095
"17739",0.095
"17740",0.095
"17741",0.095
"17742",0.095
"17743",0.095
"17744",0.0933333333333333
"17745",0.0966666666666667
"17746",0.095
"17747",0.0966666666666667
"17748",0.095
"17749",0.095
"17750",0.095
"17751",0.105
"17752",0.106666666666667
"17753",0.105
"17754",0.103333333333333
"17755",0.106666666666667
"17756",0.103333333333333
"17757",0.105
"17758",0.105
"17759",0.105
"17760",0.103333333333333
"17761",0.105
"17762",0.105
"17763",0.105
"17764",0.105
"17765",0.105
"17766",0.105
"17767",0.103333333333333
"17768",0.105
"17769",0.105
"17770",0.103333333333333
"17771",0.105
"17772",0.106666666666667
"17773",0.105
"17774",0.105
"17775",0.105
"17776",0.106666666666667
"17777",0.106666666666667
"17778",0.105
"17779",0.105
"17780",0.106666666666667
"17781",0.105
"17782",0.105
"17783",0.105
"17784",0.105
"17785",0.103333333333333
"17786",0.106666666666667
"17787",0.105
"17788",0.105
"17789",0.105
"17790",0.105
"17791",0.105
"17792",0.105
"17793",0.105
"17794",0.103333333333333
"17795",0.106666666666667
"17796",0.105
"17797",0.106666666666667
"17798",0.105
"17799",0.105
"17800",0.105
"17801",0.0933333333333333
"17802",0.095
"17803",0.0933333333333333
"17804",0.095
"17805",0.095
"17806",0.0916666666666667
"17807",0.0933333333333333
"17808",0.0933333333333333
"17809",0.0933333333333333
"17810",0.095
"17811",0.0933333333333333
"17812",0.0933333333333333
"17813",0.0933333333333333
"17814",0.0933333333333333
"17815",0.0933333333333333
"17816",0.0933333333333333
"17817",0.095
"17818",0.0933333333333333
"17819",0.0933333333333333
"17820",0.0916666666666667
"17821",0.0933333333333333
"17822",0.095
"17823",0.0933333333333333
"17824",0.0933333333333333
"17825",0.0933333333333333
"17826",0.095
"17827",0.095
"17828",0.0933333333333333
"17829",0.0933333333333333
"17830",0.095
"17831",0.0933333333333333
"17832",0.0933333333333333
"17833",0.0933333333333333
"17834",0.0933333333333333
"17835",0.095
"17836",0.095
"17837",0.0933333333333333
"17838",0.0933333333333333
"17839",0.0933333333333333
"17840",0.0933333333333333
"17841",0.0933333333333333
"17842",0.0933333333333333
"17843",0.0933333333333333
"17844",0.095
"17845",0.095
"17846",0.0933333333333333
"17847",0.095
"17848",0.0933333333333333
"17849",0.0933333333333333
"17850",0.0933333333333333
"17851",0.0933333333333333
"17852",0.095
"17853",0.0933333333333333
"17854",0.095
"17855",0.095
"17856",0.0916666666666667
"17857",0.0933333333333333
"17858",0.0933333333333333
"17859",0.0933333333333333
"17860",0.095
"17861",0.0933333333333333
"17862",0.0933333333333333
"17863",0.0933333333333333
"17864",0.0933333333333333
"17865",0.0933333333333333
"17866",0.0933333333333333
"17867",0.095
"17868",0.0933333333333333
"17869",0.0933333333333333
"17870",0.0916666666666667
"17871",0.0933333333333333
"17872",0.095
"17873",0.0933333333333333
"17874",0.0933333333333333
"17875",0.0933333333333333
"17876",0.095
"17877",0.095
"17878",0.0933333333333333
"17879",0.0933333333333333
"17880",0.095
"17881",0.0933333333333333
"17882",0.0933333333333333
"17883",0.0933333333333333
"17884",0.0933333333333333
"17885",0.095
"17886",0.095
"17887",0.0933333333333333
"17888",0.0933333333333333
"17889",0.0933333333333333
"17890",0.0933333333333333
"17891",0.0933333333333333
"17892",0.0933333333333333
"17893",0.0933333333333333
"17894",0.095
"17895",0.095
"17896",0.0933333333333333
"17897",0.095
"17898",0.0933333333333333
"17899",0.0933333333333333
"17900",0.0933333333333333
"17901",0.105
"17902",0.106666666666667
"17903",0.105
"17904",0.103333333333333
"17905",0.106666666666667
"17906",0.103333333333333
"17907",0.105
"17908",0.105
"17909",0.105
"17910",0.103333333333333
"17911",0.105
"17912",0.105
"17913",0.105
"17914",0.105
"17915",0.105
"17916",0.105
"17917",0.103333333333333
"17918",0.105
"17919",0.105
"17920",0.103333333333333
"17921",0.105
"17922",0.106666666666667
"17923",0.105
"17924",0.105
"17925",0.105
"17926",0.106666666666667
"17927",0.106666666666667
"17928",0.105
"17929",0.105
"17930",0.106666666666667
"17931",0.105
"17932",0.105
"17933",0.105
"17934",0.105
"17935",0.103333333333333
"17936",0.106666666666667
"17937",0.105
"17938",0.105
"17939",0.105
"17940",0.105
"17941",0.105
"17942",0.105
"17943",0.105
"17944",0.103333333333333
"17945",0.106666666666667
"17946",0.105
"17947",0.106666666666667
"17948",0.105
"17949",0.105
"17950",0.105
"17951",0.095
"17952",0.0966666666666667
"17953",0.095
"17954",0.0933333333333333
"17955",0.0966666666666667
"17956",0.0933333333333333
"17957",0.095
"17958",0.095
"17959",0.095
"17960",0.0933333333333333
"17961",0.095
"17962",0.095
"17963",0.095
"17964",0.095
"17965",0.095
"17966",0.095
"17967",0.0933333333333333
"17968",0.095
"17969",0.095
"17970",0.0933333333333333
"17971",0.095
"17972",0.0966666666666667
"17973",0.095
"17974",0.095
"17975",0.095
"17976",0.0966666666666667
"17977",0.0966666666666667
"17978",0.095
"17979",0.095
"17980",0.0966666666666667
"17981",0.095
"17982",0.095
"17983",0.095
"17984",0.095
"17985",0.0933333333333333
"17986",0.0966666666666667
"17987",0.095
"17988",0.095
"17989",0.095
"17990",0.095
"17991",0.095
"17992",0.095
"17993",0.095
"17994",0.0966666666666667
"17995",0.0966666666666667
"17996",0.095
"17997",0.0966666666666667
"17998",0.095
"17999",0.095
"18000",0.095
"18001",0.0933333333333333
"18002",0.095
"18003",0.0933333333333333
"18004",0.095
"18005",0.095
"18006",0.0916666666666667
"18007",0.0933333333333333
"18008",0.0933333333333333
"18009",0.0933333333333333
"18010",0.095
"18011",0.0933333333333333
"18012",0.0933333333333333
"18013",0.0933333333333333
"18014",0.0933333333333333
"18015",0.0933333333333333
"18016",0.0933333333333333
"18017",0.095
"18018",0.0933333333333333
"18019",0.0933333333333333
"18020",0.0916666666666667
"18021",0.0933333333333333
"18022",0.095
"18023",0.0933333333333333
"18024",0.0933333333333333
"18025",0.0933333333333333
"18026",0.095
"18027",0.095
"18028",0.0933333333333333
"18029",0.0933333333333333
"18030",0.095
"18031",0.0933333333333333
"18032",0.0933333333333333
"18033",0.0933333333333333
"18034",0.0933333333333333
"18035",0.095
"18036",0.095
"18037",0.0933333333333333
"18038",0.0933333333333333
"18039",0.0933333333333333
"18040",0.0933333333333333
"18041",0.0933333333333333
"18042",0.0933333333333333
"18043",0.0933333333333333
"18044",0.095
"18045",0.095
"18046",0.0933333333333333
"18047",0.095
"18048",0.0933333333333333
"18049",0.0933333333333333
"18050",0.0933333333333333
"18051",0.0933333333333333
"18052",0.095
"18053",0.0933333333333333
"18054",0.095
"18055",0.095
"18056",0.0916666666666667
"18057",0.0933333333333333
"18058",0.0933333333333333
"18059",0.0933333333333333
"18060",0.095
"18061",0.0933333333333333
"18062",0.0933333333333333
"18063",0.0933333333333333
"18064",0.0933333333333333
"18065",0.0933333333333333
"18066",0.0933333333333333
"18067",0.095
"18068",0.0933333333333333
"18069",0.0933333333333333
"18070",0.0916666666666667
"18071",0.0933333333333333
"18072",0.095
"18073",0.0933333333333333
"18074",0.0933333333333333
"18075",0.0933333333333333
"18076",0.095
"18077",0.095
"18078",0.0933333333333333
"18079",0.0933333333333333
"18080",0.095
"18081",0.0933333333333333
"18082",0.0933333333333333
"18083",0.0933333333333333
"18084",0.0933333333333333
"18085",0.095
"18086",0.095
"18087",0.0933333333333333
"18088",0.0933333333333333
"18089",0.0933333333333333
"18090",0.0933333333333333
"18091",0.0933333333333333
"18092",0.0933333333333333
"18093",0.0933333333333333
"18094",0.0916666666666667
"18095",0.095
"18096",0.0933333333333333
"18097",0.095
"18098",0.0933333333333333
"18099",0.0933333333333333
"18100",0.0933333333333333
"18101",0.0933333333333333
"18102",0.095
"18103",0.0933333333333333
"18104",0.095
"18105",0.095
"18106",0.0916666666666667
"18107",0.0933333333333333
"18108",0.0933333333333333
"18109",0.0933333333333333
"18110",0.095
"18111",0.0933333333333333
"18112",0.0933333333333333
"18113",0.0933333333333333
"18114",0.0933333333333333
"18115",0.0933333333333333
"18116",0.0933333333333333
"18117",0.095
"18118",0.0933333333333333
"18119",0.0933333333333333
"18120",0.0916666666666667
"18121",0.0933333333333333
"18122",0.095
"18123",0.0933333333333333
"18124",0.0933333333333333
"18125",0.0933333333333333
"18126",0.095
"18127",0.095
"18128",0.0933333333333333
"18129",0.0933333333333333
"18130",0.095
"18131",0.0933333333333333
"18132",0.0933333333333333
"18133",0.0933333333333333
"18134",0.0933333333333333
"18135",0.095
"18136",0.095
"18137",0.0933333333333333
"18138",0.0933333333333333
"18139",0.0933333333333333
"18140",0.0933333333333333
"18141",0.0933333333333333
"18142",0.0933333333333333
"18143",0.0933333333333333
"18144",0.095
"18145",0.095
"18146",0.0933333333333333
"18147",0.095
"18148",0.0933333333333333
"18149",0.0933333333333333
"18150",0.0933333333333333
"18151",0.1
"18152",0.101666666666667
"18153",0.1
"18154",0.101666666666667
"18155",0.101666666666667
"18156",0.0983333333333333
"18157",0.1
"18158",0.1
"18159",0.1
"18160",0.101666666666667
"18161",0.1
"18162",0.1
"18163",0.1
"18164",0.1
"18165",0.1
"18166",0.1
"18167",0.101666666666667
"18168",0.1
"18169",0.1
"18170",0.0983333333333333
"18171",0.1
"18172",0.101666666666667
"18173",0.1
"18174",0.1
"18175",0.1
"18176",0.101666666666667
"18177",0.101666666666667
"18178",0.1
"18179",0.1
"18180",0.101666666666667
"18181",0.1
"18182",0.1
"18183",0.1
"18184",0.1
"18185",0.101666666666667
"18186",0.101666666666667
"18187",0.1
"18188",0.1
"18189",0.1
"18190",0.1
"18191",0.1
"18192",0.1
"18193",0.1
"18194",0.101666666666667
"18195",0.101666666666667
"18196",0.1
"18197",0.101666666666667
"18198",0.1
"18199",0.1
"18200",0.1
"18201",0.101666666666667
"18202",0.103333333333333
"18203",0.101666666666667
"18204",0.1
"18205",0.103333333333333
"18206",0.1
"18207",0.101666666666667
"18208",0.101666666666667
"18209",0.101666666666667
"18210",0.1
"18211",0.101666666666667
"18212",0.101666666666667
"18213",0.101666666666667
"18214",0.101666666666667
"18215",0.101666666666667
"18216",0.101666666666667
"18217",0.1
"18218",0.101666666666667
"18219",0.101666666666667
"18220",0.1
"18221",0.101666666666667
"18222",0.103333333333333
"18223",0.101666666666667
"18224",0.101666666666667
"18225",0.101666666666667
"18226",0.103333333333333
"18227",0.103333333333333
"18228",0.101666666666667
"18229",0.101666666666667
"18230",0.103333333333333
"18231",0.101666666666667
"18232",0.101666666666667
"18233",0.101666666666667
"18234",0.101666666666667
"18235",0.1
"18236",0.103333333333333
"18237",0.101666666666667
"18238",0.101666666666667
"18239",0.101666666666667
"18240",0.101666666666667
"18241",0.101666666666667
"18242",0.101666666666667
"18243",0.101666666666667
"18244",0.103333333333333
"18245",0.103333333333333
"18246",0.101666666666667
"18247",0.103333333333333
"18248",0.101666666666667
"18249",0.101666666666667
"18250",0.101666666666667
"18251",0.095
"18252",0.0966666666666667
"18253",0.095
"18254",0.0966666666666667
"18255",0.0966666666666667
"18256",0.0933333333333333
"18257",0.095
"18258",0.095
"18259",0.095
"18260",0.0966666666666667
"18261",0.095
"18262",0.095
"18263",0.095
"18264",0.095
"18265",0.095
"18266",0.095
"18267",0.0966666666666667
"18268",0.095
"18269",0.095
"18270",0.0933333333333333
"18271",0.095
"18272",0.0966666666666667
"18273",0.095
"18274",0.095
"18275",0.095
"18276",0.0966666666666667
"18277",0.0966666666666667
"18278",0.095
"18279",0.095
"18280",0.0966666666666667
"18281",0.095
"18282",0.095
"18283",0.095
"18284",0.095
"18285",0.0966666666666667
"18286",0.0966666666666667
"18287",0.095
"18288",0.095
"18289",0.095
"18290",0.095
"18291",0.095
"18292",0.095
"18293",0.095
"18294",0.0933333333333333
"18295",0.0966666666666667
"18296",0.095
"18297",0.0966666666666667
"18298",0.095
"18299",0.095
"18300",0.095
"18301",0.0933333333333333
"18302",0.095
"18303",0.0933333333333333
"18304",0.095
"18305",0.095
"18306",0.0916666666666667
"18307",0.0933333333333333
"18308",0.0933333333333333
"18309",0.0933333333333333
"18310",0.095
"18311",0.0933333333333333
"18312",0.0933333333333333
"18313",0.0933333333333333
"18314",0.0933333333333333
"18315",0.0933333333333333
"18316",0.0933333333333333
"18317",0.095
"18318",0.0933333333333333
"18319",0.0933333333333333
"18320",0.0916666666666667
"18321",0.0933333333333333
"18322",0.095
"18323",0.0933333333333333
"18324",0.0933333333333333
"18325",0.0933333333333333
"18326",0.095
"18327",0.095
"18328",0.0933333333333333
"18329",0.0933333333333333
"18330",0.095
"18331",0.0933333333333333
"18332",0.0933333333333333
"18333",0.0933333333333333
"18334",0.0933333333333333
"18335",0.095
"18336",0.095
"18337",0.0933333333333333
"18338",0.0933333333333333
"18339",0.0933333333333333
"18340",0.0933333333333333
"18341",0.0933333333333333
"18342",0.0933333333333333
"18343",0.0933333333333333
"18344",0.095
"18345",0.095
"18346",0.0933333333333333
"18347",0.095
"18348",0.0933333333333333
"18349",0.0933333333333333
"18350",0.0933333333333333
"18351",0.095
"18352",0.0966666666666667
"18353",0.095
"18354",0.0933333333333333
"18355",0.0966666666666667
"18356",0.0933333333333333
"18357",0.095
"18358",0.095
"18359",0.095
"18360",0.0933333333333333
"18361",0.095
"18362",0.095
"18363",0.095
"18364",0.095
"18365",0.095
"18366",0.095
"18367",0.0933333333333333
"18368",0.095
"18369",0.095
"18370",0.0933333333333333
"18371",0.095
"18372",0.0966666666666667
"18373",0.095
"18374",0.095
"18375",0.095
"18376",0.0966666666666667
"18377",0.0966666666666667
"18378",0.095
"18379",0.095
"18380",0.0966666666666667
"18381",0.095
"18382",0.095
"18383",0.095
"18384",0.095
"18385",0.0933333333333333
"18386",0.0966666666666667
"18387",0.095
"18388",0.095
"18389",0.095
"18390",0.095
"18391",0.095
"18392",0.095
"18393",0.095
"18394",0.0966666666666667
"18395",0.0966666666666667
"18396",0.095
"18397",0.0966666666666667
"18398",0.095
"18399",0.095
"18400",0.095
"18401",0.095
"18402",0.0966666666666667
"18403",0.095
"18404",0.0966666666666667
"18405",0.0966666666666667
"18406",0.0933333333333333
"18407",0.095
"18408",0.095
"18409",0.095
"18410",0.0966666666666667
"18411",0.095
"18412",0.095
"18413",0.095
"18414",0.095
"18415",0.095
"18416",0.095
"18417",0.0966666666666667
"18418",0.095
"18419",0.095
"18420",0.0933333333333333
"18421",0.095
"18422",0.0966666666666667
"18423",0.095
"18424",0.095
"18425",0.095
"18426",0.0966666666666667
"18427",0.0966666666666667
"18428",0.095
"18429",0.095
"18430",0.0966666666666667
"18431",0.095
"18432",0.095
"18433",0.095
"18434",0.095
"18435",0.0966666666666667
"18436",0.0966666666666667
"18437",0.095
"18438",0.095
"18439",0.095
"18440",0.095
"18441",0.095
"18442",0.095
"18443",0.095
"18444",0.0966666666666667
"18445",0.0966666666666667
"18446",0.095
"18447",0.0966666666666667
"18448",0.095
"18449",0.095
"18450",0.095
"18451",0.101666666666667
"18452",0.103333333333333
"18453",0.101666666666667
"18454",0.103333333333333
"18455",0.103333333333333
"18456",0.1
"18457",0.101666666666667
"18458",0.101666666666667
"18459",0.101666666666667
"18460",0.103333333333333
"18461",0.101666666666667
"18462",0.101666666666667
"18463",0.101666666666667
"18464",0.101666666666667
"18465",0.101666666666667
"18466",0.101666666666667
"18467",0.103333333333333
"18468",0.101666666666667
"18469",0.101666666666667
"18470",0.1
"18471",0.101666666666667
"18472",0.103333333333333
"18473",0.101666666666667
"18474",0.101666666666667
"18475",0.101666666666667
"18476",0.103333333333333
"18477",0.103333333333333
"18478",0.101666666666667
"18479",0.101666666666667
"18480",0.103333333333333
"18481",0.101666666666667
"18482",0.101666666666667
"18483",0.101666666666667
"18484",0.101666666666667
"18485",0.103333333333333
"18486",0.103333333333333
"18487",0.101666666666667
"18488",0.101666666666667
"18489",0.101666666666667
"18490",0.101666666666667
"18491",0.101666666666667
"18492",0.101666666666667
"18493",0.101666666666667
"18494",0.103333333333333
"18495",0.103333333333333
"18496",0.101666666666667
"18497",0.103333333333333
"18498",0.101666666666667
"18499",0.101666666666667
"18500",0.101666666666667
"18501",0.095
"18502",0.0966666666666667
"18503",0.095
"18504",0.0966666666666667
"18505",0.0966666666666667
"18506",0.0933333333333333
"18507",0.095
"18508",0.095
"18509",0.095
"18510",0.0966666666666667
"18511",0.095
"18512",0.095
"18513",0.095
"18514",0.095
"18515",0.095
"18516",0.095
"18517",0.0966666666666667
"18518",0.095
"18519",0.095
"18520",0.0933333333333333
"18521",0.095
"18522",0.0966666666666667
"18523",0.095
"18524",0.095
"18525",0.095
"18526",0.0966666666666667
"18527",0.0966666666666667
"18528",0.095
"18529",0.095
"18530",0.0966666666666667
"18531",0.095
"18532",0.095
"18533",0.095
"18534",0.095
"18535",0.0966666666666667
"18536",0.0966666666666667
"18537",0.095
"18538",0.095
"18539",0.095
"18540",0.095
"18541",0.095
"18542",0.095
"18543",0.095
"18544",0.0966666666666667
"18545",0.0966666666666667
"18546",0.095
"18547",0.0966666666666667
"18548",0.095
"18549",0.095
"18550",0.095
"18551",0.095
"18552",0.0966666666666667
"18553",0.095
"18554",0.0966666666666667
"18555",0.0966666666666667
"18556",0.0933333333333333
"18557",0.095
"18558",0.095
"18559",0.095
"18560",0.0966666666666667
"18561",0.095
"18562",0.095
"18563",0.095
"18564",0.095
"18565",0.095
"18566",0.095
"18567",0.0966666666666667
"18568",0.095
"18569",0.095
"18570",0.0933333333333333
"18571",0.095
"18572",0.0966666666666667
"18573",0.095
"18574",0.095
"18575",0.095
"18576",0.0966666666666667
"18577",0.0966666666666667
"18578",0.095
"18579",0.095
"18580",0.0966666666666667
"18581",0.095
"18582",0.095
"18583",0.095
"18584",0.095
"18585",0.0966666666666667
"18586",0.0966666666666667
"18587",0.095
"18588",0.095
"18589",0.095
"18590",0.095
"18591",0.095
"18592",0.095
"18593",0.095
"18594",0.0966666666666667
"18595",0.0966666666666667
"18596",0.095
"18597",0.0966666666666667
"18598",0.095
"18599",0.095
"18600",0.095
"18601",0.0966666666666667
"18602",0.0983333333333333
"18603",0.0966666666666667
"18604",0.0983333333333333
"18605",0.0983333333333333
"18606",0.095
"18607",0.0966666666666667
"18608",0.0966666666666667
"18609",0.0966666666666667
"18610",0.0983333333333333
"18611",0.0966666666666667
"18612",0.0966666666666667
"18613",0.0966666666666667
"18614",0.0966666666666667
"18615",0.0966666666666667
"18616",0.0966666666666667
"18617",0.0983333333333333
"18618",0.0966666666666667
"18619",0.0966666666666667
"18620",0.095
"18621",0.0966666666666667
"18622",0.0983333333333333
"18623",0.0966666666666667
"18624",0.0966666666666667
"18625",0.0966666666666667
"18626",0.0983333333333333
"18627",0.0983333333333333
"18628",0.0966666666666667
"18629",0.0966666666666667
"18630",0.0983333333333333
"18631",0.0966666666666667
"18632",0.0966666666666667
"18633",0.0966666666666667
"18634",0.0966666666666667
"18635",0.0983333333333333
"18636",0.0983333333333333
"18637",0.0966666666666667
"18638",0.0966666666666667
"18639",0.0966666666666667
"18640",0.0966666666666667
"18641",0.0966666666666667
"18642",0.0966666666666667
"18643",0.0966666666666667
"18644",0.0983333333333333
"18645",0.0983333333333333
"18646",0.0966666666666667
"18647",0.0983333333333333
"18648",0.0966666666666667
"18649",0.0966666666666667
"18650",0.0966666666666667
"18651",0.1
"18652",0.101666666666667
"18653",0.1
"18654",0.101666666666667
"18655",0.101666666666667
"18656",0.0983333333333333
"18657",0.1
"18658",0.1
"18659",0.1
"18660",0.101666666666667
"18661",0.1
"18662",0.1
"18663",0.1
"18664",0.1
"18665",0.1
"18666",0.1
"18667",0.101666666666667
"18668",0.1
"18669",0.1
"18670",0.0983333333333333
"18671",0.1
"18672",0.101666666666667
"18673",0.1
"18674",0.1
"18675",0.1
"18676",0.101666666666667
"18677",0.101666666666667
"18678",0.1
"18679",0.1
"18680",0.101666666666667
"18681",0.1
"18682",0.1
"18683",0.1
"18684",0.1
"18685",0.101666666666667
"18686",0.101666666666667
"18687",0.1
"18688",0.1
"18689",0.1
"18690",0.1
"18691",0.1
"18692",0.1
"18693",0.1
"18694",0.101666666666667
"18695",0.101666666666667
"18696",0.1
"18697",0.101666666666667
"18698",0.1
"18699",0.1
"18700",0.1
"18701",0.0933333333333333
"18702",0.095
"18703",0.0933333333333333
"18704",0.095
"18705",0.095
"18706",0.0916666666666667
"18707",0.0933333333333333
"18708",0.0933333333333333
"18709",0.0933333333333333
"18710",0.095
"18711",0.0933333333333333
"18712",0.0933333333333333
"18713",0.0933333333333333
"18714",0.0933333333333333
"18715",0.0933333333333333
"18716",0.0933333333333333
"18717",0.095
"18718",0.0933333333333333
"18719",0.0933333333333333
"18720",0.0916666666666667
"18721",0.0933333333333333
"18722",0.095
"18723",0.0933333333333333
"18724",0.0933333333333333
"18725",0.0933333333333333
"18726",0.095
"18727",0.095
"18728",0.0933333333333333
"18729",0.0933333333333333
"18730",0.095
"18731",0.0933333333333333
"18732",0.0933333333333333
"18733",0.0933333333333333
"18734",0.0933333333333333
"18735",0.095
"18736",0.095
"18737",0.0933333333333333
"18738",0.0933333333333333
"18739",0.0933333333333333
"18740",0.0933333333333333
"18741",0.0933333333333333
"18742",0.0933333333333333
"18743",0.0933333333333333
"18744",0.0916666666666667
"18745",0.095
"18746",0.0933333333333333
"18747",0.095
"18748",0.0933333333333333
"18749",0.0933333333333333
"18750",0.0933333333333333
"18751",0.095
"18752",0.0966666666666667
"18753",0.095
"18754",0.0933333333333333
"18755",0.0966666666666667
"18756",0.0933333333333333
"18757",0.095
"18758",0.095
"18759",0.095
"18760",0.0933333333333333
"18761",0.095
"18762",0.095
"18763",0.095
"18764",0.095
"18765",0.095
"18766",0.095
"18767",0.0933333333333333
"18768",0.095
"18769",0.095
"18770",0.0933333333333333
"18771",0.095
"18772",0.0966666666666667
"18773",0.095
"18774",0.095
"18775",0.095
"18776",0.0966666666666667
"18777",0.0966666666666667
"18778",0.095
"18779",0.095
"18780",0.0966666666666667
"18781",0.095
"18782",0.095
"18783",0.095
"18784",0.095
"18785",0.0933333333333333
"18786",0.0966666666666667
"18787",0.095
"18788",0.095
"18789",0.095
"18790",0.095
"18791",0.095
"18792",0.095
"18793",0.095
"18794",0.0966666666666667
"18795",0.0966666666666667
"18796",0.095
"18797",0.0966666666666667
"18798",0.095
"18799",0.095
"18800",0.095
"18801",0.095
"18802",0.0966666666666667
"18803",0.095
"18804",0.0933333333333333
"18805",0.0966666666666667
"18806",0.0933333333333333
"18807",0.095
"18808",0.095
"18809",0.095
"18810",0.0933333333333333
"18811",0.095
"18812",0.095
"18813",0.095
"18814",0.095
"18815",0.095
"18816",0.095
"18817",0.0933333333333333
"18818",0.095
"18819",0.095
"18820",0.0933333333333333
"18821",0.095
"18822",0.0966666666666667
"18823",0.095
"18824",0.095
"18825",0.095
"18826",0.0966666666666667
"18827",0.0966666666666667
"18828",0.095
"18829",0.095
"18830",0.0966666666666667
"18831",0.095
"18832",0.095
"18833",0.095
"18834",0.095
"18835",0.0933333333333333
"18836",0.0966666666666667
"18837",0.095
"18838",0.095
"18839",0.095
"18840",0.095
"18841",0.095
"18842",0.095
"18843",0.095
"18844",0.0966666666666667
"18845",0.0966666666666667
"18846",0.095
"18847",0.0966666666666667
"18848",0.095
"18849",0.095
"18850",0.095
"18851",0.0933333333333333
"18852",0.095
"18853",0.0933333333333333
"18854",0.095
"18855",0.095
"18856",0.0916666666666667
"18857",0.0933333333333333
"18858",0.0933333333333333
"18859",0.0933333333333333
"18860",0.095
"18861",0.0933333333333333
"18862",0.0933333333333333
"18863",0.0933333333333333
"18864",0.0933333333333333
"18865",0.0933333333333333
"18866",0.0933333333333333
"18867",0.095
"18868",0.0933333333333333
"18869",0.0933333333333333
"18870",0.0916666666666667
"18871",0.0933333333333333
"18872",0.095
"18873",0.0933333333333333
"18874",0.0933333333333333
"18875",0.0933333333333333
"18876",0.095
"18877",0.095
"18878",0.0933333333333333
"18879",0.0933333333333333
"18880",0.095
"18881",0.0933333333333333
"18882",0.0933333333333333
"18883",0.0933333333333333
"18884",0.0933333333333333
"18885",0.095
"18886",0.095
"18887",0.0933333333333333
"18888",0.0933333333333333
"18889",0.0933333333333333
"18890",0.0933333333333333
"18891",0.0933333333333333
"18892",0.0933333333333333
"18893",0.0933333333333333
"18894",0.095
"18895",0.095
"18896",0.0933333333333333
"18897",0.095
"18898",0.0933333333333333
"18899",0.0933333333333333
"18900",0.0933333333333333
"18901",0.138333333333333
"18902",0.14
"18903",0.138333333333333
"18904",0.136666666666667
"18905",0.14
"18906",0.136666666666667
"18907",0.138333333333333
"18908",0.138333333333333
"18909",0.138333333333333
"18910",0.136666666666667
"18911",0.138333333333333
"18912",0.138333333333333
"18913",0.138333333333333
"18914",0.138333333333333
"18915",0.138333333333333
"18916",0.138333333333333
"18917",0.136666666666667
"18918",0.138333333333333
"18919",0.138333333333333
"18920",0.136666666666667
"18921",0.138333333333333
"18922",0.138333333333333
"18923",0.138333333333333
"18924",0.138333333333333
"18925",0.138333333333333
"18926",0.14
"18927",0.14
"18928",0.138333333333333
"18929",0.138333333333333
"18930",0.138333333333333
"18931",0.138333333333333
"18932",0.138333333333333
"18933",0.138333333333333
"18934",0.138333333333333
"18935",0.136666666666667
"18936",0.138333333333333
"18937",0.138333333333333
"18938",0.138333333333333
"18939",0.138333333333333
"18940",0.138333333333333
"18941",0.138333333333333
"18942",0.138333333333333
"18943",0.138333333333333
"18944",0.136666666666667
"18945",0.14
"18946",0.138333333333333
"18947",0.138333333333333
"18948",0.138333333333333
"18949",0.138333333333333
"18950",0.138333333333333
"18951",0.136666666666667
"18952",0.138333333333333
"18953",0.136666666666667
"18954",0.138333333333333
"18955",0.138333333333333
"18956",0.136666666666667
"18957",0.136666666666667
"18958",0.136666666666667
"18959",0.136666666666667
"18960",0.138333333333333
"18961",0.136666666666667
"18962",0.136666666666667
"18963",0.136666666666667
"18964",0.136666666666667
"18965",0.136666666666667
"18966",0.136666666666667
"18967",0.138333333333333
"18968",0.136666666666667
"18969",0.136666666666667
"18970",0.135
"18971",0.136666666666667
"18972",0.135
"18973",0.136666666666667
"18974",0.136666666666667
"18975",0.136666666666667
"18976",0.136666666666667
"18977",0.138333333333333
"18978",0.136666666666667
"18979",0.136666666666667
"18980",0.138333333333333
"18981",0.136666666666667
"18982",0.136666666666667
"18983",0.136666666666667
"18984",0.136666666666667
"18985",0.138333333333333
"18986",0.138333333333333
"18987",0.136666666666667
"18988",0.136666666666667
"18989",0.136666666666667
"18990",0.136666666666667
"18991",0.136666666666667
"18992",0.136666666666667
"18993",0.136666666666667
"18994",0.136666666666667
"18995",0.138333333333333
"18996",0.136666666666667
"18997",0.138333333333333
"18998",0.136666666666667
"18999",0.136666666666667
"19000",0.136666666666667
"19001",0.136666666666667
"19002",0.138333333333333
"19003",0.136666666666667
"19004",0.138333333333333
"19005",0.138333333333333
"19006",0.136666666666667
"19007",0.136666666666667
"19008",0.136666666666667
"19009",0.136666666666667
"19010",0.138333333333333
"19011",0.136666666666667
"19012",0.136666666666667
"19013",0.136666666666667
"19014",0.136666666666667
"19015",0.136666666666667
"19016",0.136666666666667
"19017",0.138333333333333
"19018",0.136666666666667
"19019",0.136666666666667
"19020",0.135
"19021",0.136666666666667
"19022",0.135
"19023",0.136666666666667
"19024",0.136666666666667
"19025",0.136666666666667
"19026",0.136666666666667
"19027",0.136666666666667
"19028",0.136666666666667
"19029",0.136666666666667
"19030",0.138333333333333
"19031",0.136666666666667
"19032",0.136666666666667
"19033",0.136666666666667
"19034",0.136666666666667
"19035",0.138333333333333
"19036",0.138333333333333
"19037",0.136666666666667
"19038",0.136666666666667
"19039",0.136666666666667
"19040",0.136666666666667
"19041",0.136666666666667
"19042",0.136666666666667
"19043",0.136666666666667
"19044",0.136666666666667
"19045",0.135
"19046",0.136666666666667
"19047",0.138333333333333
"19048",0.136666666666667
"19049",0.136666666666667
"19050",0.136666666666667
"19051",0.133333333333333
"19052",0.135
"19053",0.133333333333333
"19054",0.135
"19055",0.135
"19056",0.133333333333333
"19057",0.133333333333333
"19058",0.133333333333333
"19059",0.133333333333333
"19060",0.135
"19061",0.133333333333333
"19062",0.133333333333333
"19063",0.133333333333333
"19064",0.133333333333333
"19065",0.133333333333333
"19066",0.133333333333333
"19067",0.135
"19068",0.133333333333333
"19069",0.133333333333333
"19070",0.131666666666667
"19071",0.133333333333333
"19072",0.131666666666667
"19073",0.133333333333333
"19074",0.133333333333333
"19075",0.133333333333333
"19076",0.133333333333333
"19077",0.135
"19078",0.133333333333333
"19079",0.133333333333333
"19080",0.135
"19081",0.133333333333333
"19082",0.133333333333333
"19083",0.133333333333333
"19084",0.133333333333333
"19085",0.135
"19086",0.135
"19087",0.133333333333333
"19088",0.133333333333333
"19089",0.133333333333333
"19090",0.133333333333333
"19091",0.133333333333333
"19092",0.133333333333333
"19093",0.133333333333333
"19094",0.133333333333333
"19095",0.135
"19096",0.133333333333333
"19097",0.135
"19098",0.133333333333333
"19099",0.133333333333333
"19100",0.133333333333333
"19101",0.0933333333333333
"19102",0.0966666666666667
"19103",0.095
"19104",0.0966666666666667
"19105",0.0966666666666667
"19106",0.095
"19107",0.095
"19108",0.095
"19109",0.095
"19110",0.0966666666666667
"19111",0.095
"19112",0.095
"19113",0.095
"19114",0.095
"19115",0.095
"19116",0.095
"19117",0.0966666666666667
"19118",0.095
"19119",0.095
"19120",0.0933333333333333
"19121",0.0933333333333333
"19122",0.095
"19123",0.095
"19124",0.095
"19125",0.095
"19126",0.095
"19127",0.0933333333333333
"19128",0.095
"19129",0.095
"19130",0.0966666666666667
"19131",0.095
"19132",0.095
"19133",0.095
"19134",0.095
"19135",0.0966666666666667
"19136",0.0966666666666667
"19137",0.095
"19138",0.095
"19139",0.095
"19140",0.095
"19141",0.095
"19142",0.095
"19143",0.095
"19144",0.0933333333333333
"19145",0.095
"19146",0.095
"19147",0.0966666666666667
"19148",0.095
"19149",0.095
"19150",0.095
"19151",0.0933333333333333
"19152",0.0966666666666667
"19153",0.095
"19154",0.0966666666666667
"19155",0.0966666666666667
"19156",0.095
"19157",0.095
"19158",0.095
"19159",0.095
"19160",0.0966666666666667
"19161",0.095
"19162",0.095
"19163",0.095
"19164",0.095
"19165",0.095
"19166",0.095
"19167",0.0966666666666667
"19168",0.095
"19169",0.095
"19170",0.0933333333333333
"19171",0.0933333333333333
"19172",0.095
"19173",0.095
"19174",0.095
"19175",0.095
"19176",0.095
"19177",0.0933333333333333
"19178",0.095
"19179",0.095
"19180",0.0966666666666667
"19181",0.095
"19182",0.095
"19183",0.095
"19184",0.095
"19185",0.0966666666666667
"19186",0.0966666666666667
"19187",0.095
"19188",0.095
"19189",0.095
"19190",0.095
"19191",0.095
"19192",0.095
"19193",0.095
"19194",0.0933333333333333
"19195",0.095
"19196",0.095
"19197",0.0966666666666667
"19198",0.095
"19199",0.095
"19200",0.095
"19201",0.0933333333333333
"19202",0.0966666666666667
"19203",0.095
"19204",0.0966666666666667
"19205",0.0966666666666667
"19206",0.095
"19207",0.095
"19208",0.095
"19209",0.095
"19210",0.0966666666666667
"19211",0.095
"19212",0.095
"19213",0.095
"19214",0.095
"19215",0.095
"19216",0.095
"19217",0.0966666666666667
"19218",0.095
"19219",0.095
"19220",0.0933333333333333
"19221",0.0933333333333333
"19222",0.095
"19223",0.095
"19224",0.095
"19225",0.095
"19226",0.095
"19227",0.0933333333333333
"19228",0.095
"19229",0.095
"19230",0.0966666666666667
"19231",0.095
"19232",0.095
"19233",0.095
"19234",0.095
"19235",0.0966666666666667
"19236",0.0966666666666667
"19237",0.095
"19238",0.095
"19239",0.095
"19240",0.095
"19241",0.095
"19242",0.095
"19243",0.095
"19244",0.0933333333333333
"19245",0.095
"19246",0.095
"19247",0.0966666666666667
"19248",0.095
"19249",0.095
"19250",0.095
"19251",0.1
"19252",0.101666666666667
"19253",0.1
"19254",0.101666666666667
"19255",0.101666666666667
"19256",0.101666666666667
"19257",0.1
"19258",0.1
"19259",0.1
"19260",0.101666666666667
"19261",0.1
"19262",0.1
"19263",0.1
"19264",0.1
"19265",0.1
"19266",0.1
"19267",0.101666666666667
"19268",0.1
"19269",0.1
"19270",0.0983333333333333
"19271",0.1
"19272",0.101666666666667
"19273",0.1
"19274",0.1
"19275",0.1
"19276",0.1
"19277",0.101666666666667
"19278",0.1
"19279",0.1
"19280",0.1
"19281",0.1
"19282",0.1
"19283",0.1
"19284",0.1
"19285",0.101666666666667
"19286",0.1
"19287",0.1
"19288",0.1
"19289",0.1
"19290",0.1
"19291",0.1
"19292",0.1
"19293",0.1
"19294",0.101666666666667
"19295",0.101666666666667
"19296",0.1
"19297",0.1
"19298",0.1
"19299",0.1
"19300",0.1
"19301",0.0983333333333333
"19302",0.1
"19303",0.0983333333333333
"19304",0.1
"19305",0.1
"19306",0.1
"19307",0.0983333333333333
"19308",0.0983333333333333
"19309",0.0983333333333333
"19310",0.1
"19311",0.0983333333333333
"19312",0.0983333333333333
"19313",0.0983333333333333
"19314",0.0983333333333333
"19315",0.0983333333333333
"19316",0.0983333333333333
"19317",0.1
"19318",0.0983333333333333
"19319",0.0983333333333333
"19320",0.0966666666666667
"19321",0.0983333333333333
"19322",0.1
"19323",0.0983333333333333
"19324",0.0983333333333333
"19325",0.0983333333333333
"19326",0.0983333333333333
"19327",0.1
"19328",0.0983333333333333
"19329",0.0983333333333333
"19330",0.0983333333333333
"19331",0.0983333333333333
"19332",0.0983333333333333
"19333",0.0983333333333333
"19334",0.0983333333333333
"19335",0.1
"19336",0.0983333333333333
"19337",0.0983333333333333
"19338",0.0983333333333333
"19339",0.0983333333333333
"19340",0.0983333333333333
"19341",0.0983333333333333
"19342",0.0983333333333333
"19343",0.0983333333333333
"19344",0.1
"19345",0.1
"19346",0.0983333333333333
"19347",0.0983333333333333
"19348",0.0983333333333333
"19349",0.0983333333333333
"19350",0.0983333333333333
"19351",0.0983333333333333
"19352",0.1
"19353",0.0983333333333333
"19354",0.1
"19355",0.1
"19356",0.1
"19357",0.0983333333333333
"19358",0.0983333333333333
"19359",0.0983333333333333
"19360",0.1
"19361",0.0983333333333333
"19362",0.0983333333333333
"19363",0.0983333333333333
"19364",0.0983333333333333
"19365",0.0983333333333333
"19366",0.0983333333333333
"19367",0.1
"19368",0.0983333333333333
"19369",0.0983333333333333
"19370",0.0966666666666667
"19371",0.0983333333333333
"19372",0.1
"19373",0.0983333333333333
"19374",0.0983333333333333
"19375",0.0983333333333333
"19376",0.0983333333333333
"19377",0.1
"19378",0.0983333333333333
"19379",0.0983333333333333
"19380",0.0983333333333333
"19381",0.0983333333333333
"19382",0.0983333333333333
"19383",0.0983333333333333
"19384",0.0983333333333333
"19385",0.1
"19386",0.0983333333333333
"19387",0.0983333333333333
"19388",0.0983333333333333
"19389",0.0983333333333333
"19390",0.0983333333333333
"19391",0.0983333333333333
"19392",0.0983333333333333
"19393",0.0983333333333333
"19394",0.1
"19395",0.1
"19396",0.0983333333333333
"19397",0.0983333333333333
"19398",0.0983333333333333
"19399",0.0983333333333333
"19400",0.0983333333333333
"19401",0.1
"19402",0.101666666666667
"19403",0.1
"19404",0.101666666666667
"19405",0.101666666666667
"19406",0.101666666666667
"19407",0.1
"19408",0.1
"19409",0.1
"19410",0.101666666666667
"19411",0.1
"19412",0.1
"19413",0.1
"19414",0.1
"19415",0.1
"19416",0.1
"19417",0.101666666666667
"19418",0.1
"19419",0.1
"19420",0.0983333333333333
"19421",0.1
"19422",0.101666666666667
"19423",0.1
"19424",0.1
"19425",0.1
"19426",0.1
"19427",0.101666666666667
"19428",0.1
"19429",0.1
"19430",0.1
"19431",0.1
"19432",0.1
"19433",0.1
"19434",0.1
"19435",0.101666666666667
"19436",0.1
"19437",0.1
"19438",0.1
"19439",0.1
"19440",0.1
"19441",0.1
"19442",0.1
"19443",0.1
"19444",0.101666666666667
"19445",0.101666666666667
"19446",0.1
"19447",0.1
"19448",0.1
"19449",0.1
"19450",0.1
"19451",0.0983333333333333
"19452",0.1
"19453",0.0983333333333333
"19454",0.1
"19455",0.1
"19456",0.1
"19457",0.0983333333333333
"19458",0.0983333333333333
"19459",0.0983333333333333
"19460",0.1
"19461",0.0983333333333333
"19462",0.0983333333333333
"19463",0.0983333333333333
"19464",0.0983333333333333
"19465",0.0983333333333333
"19466",0.0983333333333333
"19467",0.1
"19468",0.0983333333333333
"19469",0.0983333333333333
"19470",0.0966666666666667
"19471",0.0983333333333333
"19472",0.1
"19473",0.0983333333333333
"19474",0.0983333333333333
"19475",0.0983333333333333
"19476",0.0983333333333333
"19477",0.1
"19478",0.0983333333333333
"19479",0.0983333333333333
"19480",0.0983333333333333
"19481",0.0983333333333333
"19482",0.0983333333333333
"19483",0.0983333333333333
"19484",0.0983333333333333
"19485",0.1
"19486",0.0983333333333333
"19487",0.0983333333333333
"19488",0.0983333333333333
"19489",0.0983333333333333
"19490",0.0983333333333333
"19491",0.0983333333333333
"19492",0.0983333333333333
"19493",0.0983333333333333
"19494",0.1
"19495",0.1
"19496",0.0983333333333333
"19497",0.0983333333333333
"19498",0.0983333333333333
"19499",0.0983333333333333
"19500",0.0983333333333333
"19501",0.0983333333333333
"19502",0.1
"19503",0.0983333333333333
"19504",0.1
"19505",0.1
"19506",0.1
"19507",0.0983333333333333
"19508",0.0983333333333333
"19509",0.0983333333333333
"19510",0.1
"19511",0.0983333333333333
"19512",0.0983333333333333
"19513",0.0983333333333333
"19514",0.0983333333333333
"19515",0.0983333333333333
"19516",0.0983333333333333
"19517",0.1
"19518",0.0983333333333333
"19519",0.0983333333333333
"19520",0.0966666666666667
"19521",0.0983333333333333
"19522",0.1
"19523",0.0983333333333333
"19524",0.0983333333333333
"19525",0.0983333333333333
"19526",0.0983333333333333
"19527",0.1
"19528",0.0983333333333333
"19529",0.0983333333333333
"19530",0.0983333333333333
"19531",0.0983333333333333
"19532",0.0983333333333333
"19533",0.0983333333333333
"19534",0.0983333333333333
"19535",0.1
"19536",0.0983333333333333
"19537",0.0983333333333333
"19538",0.0983333333333333
"19539",0.0983333333333333
"19540",0.0983333333333333
"19541",0.0983333333333333
"19542",0.0983333333333333
"19543",0.0983333333333333
"19544",0.1
"19545",0.1
"19546",0.0983333333333333
"19547",0.0983333333333333
"19548",0.0983333333333333
"19549",0.0983333333333333
"19550",0.0983333333333333
"19551",0.1
"19552",0.101666666666667
"19553",0.1
"19554",0.101666666666667
"19555",0.101666666666667
"19556",0.101666666666667
"19557",0.1
"19558",0.1
"19559",0.1
"19560",0.101666666666667
"19561",0.1
"19562",0.1
"19563",0.1
"19564",0.1
"19565",0.1
"19566",0.1
"19567",0.101666666666667
"19568",0.1
"19569",0.1
"19570",0.0983333333333333
"19571",0.1
"19572",0.101666666666667
"19573",0.1
"19574",0.1
"19575",0.1
"19576",0.1
"19577",0.101666666666667
"19578",0.1
"19579",0.1
"19580",0.1
"19581",0.1
"19582",0.1
"19583",0.1
"19584",0.1
"19585",0.101666666666667
"19586",0.1
"19587",0.1
"19588",0.1
"19589",0.1
"19590",0.1
"19591",0.1
"19592",0.1
"19593",0.1
"19594",0.101666666666667
"19595",0.101666666666667
"19596",0.1
"19597",0.1
"19598",0.1
"19599",0.1
"19600",0.1
"19601",0.1
"19602",0.101666666666667
"19603",0.1
"19604",0.101666666666667
"19605",0.101666666666667
"19606",0.101666666666667
"19607",0.1
"19608",0.1
"19609",0.1
"19610",0.101666666666667
"19611",0.1
"19612",0.1
"19613",0.1
"19614",0.1
"19615",0.1
"19616",0.1
"19617",0.101666666666667
"19618",0.1
"19619",0.1
"19620",0.0983333333333333
"19621",0.1
"19622",0.101666666666667
"19623",0.1
"19624",0.1
"19625",0.1
"19626",0.1
"19627",0.101666666666667
"19628",0.1
"19629",0.1
"19630",0.1
"19631",0.1
"19632",0.1
"19633",0.1
"19634",0.1
"19635",0.101666666666667
"19636",0.1
"19637",0.1
"19638",0.1
"19639",0.1
"19640",0.1
"19641",0.1
"19642",0.1
"19643",0.1
"19644",0.101666666666667
"19645",0.101666666666667
"19646",0.1
"19647",0.1
"19648",0.1
"19649",0.1
"19650",0.1
"19651",0.1
"19652",0.101666666666667
"19653",0.1
"19654",0.101666666666667
"19655",0.101666666666667
"19656",0.101666666666667
"19657",0.1
"19658",0.1
"19659",0.1
"19660",0.101666666666667
"19661",0.1
"19662",0.1
"19663",0.1
"19664",0.1
"19665",0.1
"19666",0.1
"19667",0.101666666666667
"19668",0.1
"19669",0.1
"19670",0.0983333333333333
"19671",0.1
"19672",0.101666666666667
"19673",0.1
"19674",0.1
"19675",0.1
"19676",0.1
"19677",0.101666666666667
"19678",0.1
"19679",0.1
"19680",0.1
"19681",0.1
"19682",0.1
"19683",0.1
"19684",0.1
"19685",0.101666666666667
"19686",0.1
"19687",0.1
"19688",0.1
"19689",0.1
"19690",0.1
"19691",0.1
"19692",0.1
"19693",0.1
"19694",0.101666666666667
"19695",0.101666666666667
"19696",0.1
"19697",0.1
"19698",0.1
"19699",0.1
"19700",0.1
"19701",0.1
"19702",0.101666666666667
"19703",0.1
"19704",0.101666666666667
"19705",0.101666666666667
"19706",0.101666666666667
"19707",0.1
"19708",0.1
"19709",0.1
"19710",0.101666666666667
"19711",0.1
"19712",0.1
"19713",0.1
"19714",0.1
"19715",0.1
"19716",0.1
"19717",0.101666666666667
"19718",0.1
"19719",0.1
"19720",0.0983333333333333
"19721",0.1
"19722",0.101666666666667
"19723",0.1
"19724",0.1
"19725",0.1
"19726",0.1
"19727",0.101666666666667
"19728",0.1
"19729",0.1
"19730",0.1
"19731",0.1
"19732",0.1
"19733",0.1
"19734",0.1
"19735",0.101666666666667
"19736",0.1
"19737",0.1
"19738",0.1
"19739",0.1
"19740",0.1
"19741",0.1
"19742",0.1
"19743",0.1
"19744",0.101666666666667
"19745",0.101666666666667
"19746",0.1
"19747",0.1
"19748",0.1
"19749",0.1
"19750",0.1
"19751",0.1
"19752",0.101666666666667
"19753",0.1
"19754",0.101666666666667
"19755",0.101666666666667
"19756",0.101666666666667
"19757",0.1
"19758",0.1
"19759",0.1
"19760",0.101666666666667
"19761",0.1
"19762",0.1
"19763",0.1
"19764",0.1
"19765",0.1
"19766",0.1
"19767",0.101666666666667
"19768",0.1
"19769",0.1
"19770",0.0983333333333333
"19771",0.1
"19772",0.101666666666667
"19773",0.1
"19774",0.1
"19775",0.1
"19776",0.1
"19777",0.101666666666667
"19778",0.1
"19779",0.1
"19780",0.1
"19781",0.1
"19782",0.1
"19783",0.1
"19784",0.1
"19785",0.101666666666667
"19786",0.1
"19787",0.1
"19788",0.1
"19789",0.1
"19790",0.1
"19791",0.1
"19792",0.1
"19793",0.1
"19794",0.101666666666667
"19795",0.101666666666667
"19796",0.1
"19797",0.1
"19798",0.1
"19799",0.1
"19800",0.1
"19801",0.0983333333333333
"19802",0.1
"19803",0.0983333333333333
"19804",0.1
"19805",0.1
"19806",0.1
"19807",0.0983333333333333
"19808",0.0983333333333333
"19809",0.0983333333333333
"19810",0.1
"19811",0.0983333333333333
"19812",0.0983333333333333
"19813",0.0983333333333333
"19814",0.0983333333333333
"19815",0.0983333333333333
"19816",0.0983333333333333
"19817",0.1
"19818",0.0983333333333333
"19819",0.0983333333333333
"19820",0.0966666666666667
"19821",0.0983333333333333
"19822",0.1
"19823",0.0983333333333333
"19824",0.0983333333333333
"19825",0.0983333333333333
"19826",0.0983333333333333
"19827",0.1
"19828",0.0983333333333333
"19829",0.0983333333333333
"19830",0.0983333333333333
"19831",0.0983333333333333
"19832",0.0983333333333333
"19833",0.0983333333333333
"19834",0.0983333333333333
"19835",0.1
"19836",0.0983333333333333
"19837",0.0983333333333333
"19838",0.0983333333333333
"19839",0.0983333333333333
"19840",0.0983333333333333
"19841",0.0983333333333333
"19842",0.0983333333333333
"19843",0.0983333333333333
"19844",0.1
"19845",0.1
"19846",0.0983333333333333
"19847",0.0983333333333333
"19848",0.0983333333333333
"19849",0.0983333333333333
"19850",0.0983333333333333
"19851",0.1
"19852",0.101666666666667
"19853",0.1
"19854",0.101666666666667
"19855",0.101666666666667
"19856",0.101666666666667
"19857",0.1
"19858",0.1
"19859",0.1
"19860",0.101666666666667
"19861",0.1
"19862",0.1
"19863",0.1
"19864",0.1
"19865",0.1
"19866",0.1
"19867",0.101666666666667
"19868",0.1
"19869",0.1
"19870",0.0983333333333333
"19871",0.1
"19872",0.101666666666667
"19873",0.1
"19874",0.1
"19875",0.1
"19876",0.1
"19877",0.101666666666667
"19878",0.1
"19879",0.1
"19880",0.1
"19881",0.1
"19882",0.1
"19883",0.1
"19884",0.1
"19885",0.101666666666667
"19886",0.1
"19887",0.1
"19888",0.1
"19889",0.1
"19890",0.1
"19891",0.1
"19892",0.1
"19893",0.1
"19894",0.101666666666667
"19895",0.101666666666667
"19896",0.1
"19897",0.1
"19898",0.1
"19899",0.1
"19900",0.1
"19901",0.1
"19902",0.101666666666667
"19903",0.1
"19904",0.101666666666667
"19905",0.101666666666667
"19906",0.101666666666667
"19907",0.1
"19908",0.1
"19909",0.1
"19910",0.101666666666667
"19911",0.1
"19912",0.1
"19913",0.1
"19914",0.1
"19915",0.1
"19916",0.1
"19917",0.101666666666667
"19918",0.1
"19919",0.1
"19920",0.0983333333333333
"19921",0.1
"19922",0.101666666666667
"19923",0.1
"19924",0.1
"19925",0.1
"19926",0.1
"19927",0.101666666666667
"19928",0.1
"19929",0.1
"19930",0.1
"19931",0.1
"19932",0.1
"19933",0.1
"19934",0.1
"19935",0.101666666666667
"19936",0.1
"19937",0.1
"19938",0.1
"19939",0.1
"19940",0.1
"19941",0.1
"19942",0.1
"19943",0.1
"19944",0.101666666666667
"19945",0.101666666666667
"19946",0.1
"19947",0.1
"19948",0.1
"19949",0.1
"19950",0.1
"19951",0.1
"19952",0.101666666666667
"19953",0.1
"19954",0.101666666666667
"19955",0.101666666666667
"19956",0.101666666666667
"19957",0.1
"19958",0.1
"19959",0.1
"19960",0.101666666666667
"19961",0.1
"19962",0.1
"19963",0.1
"19964",0.1
"19965",0.1
"19966",0.1
"19967",0.101666666666667
"19968",0.1
"19969",0.1
"19970",0.0983333333333333
"19971",0.1
"19972",0.101666666666667
"19973",0.1
"19974",0.1
"19975",0.1
"19976",0.1
"19977",0.101666666666667
"19978",0.1
"19979",0.1
"19980",0.1
"19981",0.1
"19982",0.1
"19983",0.1
"19984",0.1
"19985",0.101666666666667
"19986",0.1
"19987",0.1
"19988",0.1
"19989",0.1
"19990",0.1
"19991",0.1
"19992",0.1
"19993",0.1
"19994",0.101666666666667
"19995",0.101666666666667
"19996",0.1
"19997",0.1
"19998",0.1
"19999",0.1
"20000",0.1
"20001",0.1
"20002",0.101666666666667
"20003",0.1
"20004",0.101666666666667
"20005",0.101666666666667
"20006",0.101666666666667
"20007",0.1
"20008",0.1
"20009",0.1
"20010",0.101666666666667
"20011",0.1
"20012",0.1
"20013",0.1
"20014",0.1
"20015",0.1
"20016",0.1
"20017",0.101666666666667
"20018",0.1
"20019",0.1
"20020",0.0983333333333333
"20021",0.1
"20022",0.101666666666667
"20023",0.1
"20024",0.1
"20025",0.1
"20026",0.1
"20027",0.101666666666667
"20028",0.1
"20029",0.1
"20030",0.1
"20031",0.1
"20032",0.1
"20033",0.1
"20034",0.1
"20035",0.101666666666667
"20036",0.1
"20037",0.1
"20038",0.1
"20039",0.1
"20040",0.1
"20041",0.1
"20042",0.1
"20043",0.1
"20044",0.101666666666667
"20045",0.101666666666667
"20046",0.1
"20047",0.1
"20048",0.1
"20049",0.1
"20050",0.1
"20051",0.0916666666666667
"20052",0.095
"20053",0.0933333333333333
"20054",0.095
"20055",0.095
"20056",0.0933333333333333
"20057",0.0933333333333333
"20058",0.0933333333333333
"20059",0.0933333333333333
"20060",0.095
"20061",0.0933333333333333
"20062",0.0933333333333333
"20063",0.0933333333333333
"20064",0.0933333333333333
"20065",0.0933333333333333
"20066",0.0933333333333333
"20067",0.095
"20068",0.0933333333333333
"20069",0.0933333333333333
"20070",0.0916666666666667
"20071",0.0916666666666667
"20072",0.0933333333333333
"20073",0.0933333333333333
"20074",0.0933333333333333
"20075",0.0933333333333333
"20076",0.0933333333333333
"20077",0.0933333333333333
"20078",0.0933333333333333
"20079",0.0933333333333333
"20080",0.095
"20081",0.0933333333333333
"20082",0.0933333333333333
"20083",0.0933333333333333
"20084",0.0933333333333333
"20085",0.095
"20086",0.095
"20087",0.0933333333333333
"20088",0.0933333333333333
"20089",0.0933333333333333
"20090",0.0933333333333333
"20091",0.0933333333333333
"20092",0.0933333333333333
"20093",0.0933333333333333
"20094",0.095
"20095",0.0916666666666667
"20096",0.0933333333333333
"20097",0.095
"20098",0.0933333333333333
"20099",0.0933333333333333
"20100",0.0933333333333333
"20101",0.0916666666666667
"20102",0.095
"20103",0.0933333333333333
"20104",0.095
"20105",0.095
"20106",0.0933333333333333
"20107",0.0933333333333333
"20108",0.0933333333333333
"20109",0.0933333333333333
"20110",0.095
"20111",0.0933333333333333
"20112",0.0933333333333333
"20113",0.0933333333333333
"20114",0.0933333333333333
"20115",0.0933333333333333
"20116",0.0933333333333333
"20117",0.095
"20118",0.0933333333333333
"20119",0.0933333333333333
"20120",0.0916666666666667
"20121",0.0916666666666667
"20122",0.0933333333333333
"20123",0.0933333333333333
"20124",0.0933333333333333
"20125",0.0933333333333333
"20126",0.0933333333333333
"20127",0.095
"20128",0.0933333333333333
"20129",0.0933333333333333
"20130",0.095
"20131",0.0933333333333333
"20132",0.0933333333333333
"20133",0.0933333333333333
"20134",0.0933333333333333
"20135",0.095
"20136",0.095
"20137",0.0933333333333333
"20138",0.0933333333333333
"20139",0.0933333333333333
"20140",0.0933333333333333
"20141",0.0933333333333333
"20142",0.0933333333333333
"20143",0.0933333333333333
"20144",0.095
"20145",0.095
"20146",0.0933333333333333
"20147",0.095
"20148",0.0933333333333333
"20149",0.0933333333333333
"20150",0.0933333333333333
"20151",0.0933333333333333
"20152",0.0966666666666667
"20153",0.095
"20154",0.0966666666666667
"20155",0.0966666666666667
"20156",0.095
"20157",0.095
"20158",0.095
"20159",0.095
"20160",0.0966666666666667
"20161",0.095
"20162",0.095
"20163",0.095
"20164",0.095
"20165",0.095
"20166",0.095
"20167",0.0966666666666667
"20168",0.095
"20169",0.095
"20170",0.0933333333333333
"20171",0.0933333333333333
"20172",0.095
"20173",0.095
"20174",0.095
"20175",0.095
"20176",0.095
"20177",0.095
"20178",0.095
"20179",0.095
"20180",0.0966666666666667
"20181",0.095
"20182",0.095
"20183",0.095
"20184",0.095
"20185",0.0966666666666667
"20186",0.0966666666666667
"20187",0.095
"20188",0.095
"20189",0.095
"20190",0.095
"20191",0.095
"20192",0.095
"20193",0.095
"20194",0.0966666666666667
"20195",0.0933333333333333
"20196",0.095
"20197",0.0966666666666667
"20198",0.095
"20199",0.095
"20200",0.095
"20201",0.0933333333333333
"20202",0.095
"20203",0.0933333333333333
"20204",0.095
"20205",0.095
"20206",0.0916666666666667
"20207",0.0933333333333333
"20208",0.0933333333333333
"20209",0.0933333333333333
"20210",0.095
"20211",0.0933333333333333
"20212",0.0933333333333333
"20213",0.0933333333333333
"20214",0.0933333333333333
"20215",0.0933333333333333
"20216",0.0933333333333333
"20217",0.095
"20218",0.0933333333333333
"20219",0.0933333333333333
"20220",0.0916666666666667
"20221",0.0933333333333333
"20222",0.095
"20223",0.0933333333333333
"20224",0.0933333333333333
"20225",0.0933333333333333
"20226",0.095
"20227",0.095
"20228",0.0933333333333333
"20229",0.0933333333333333
"20230",0.095
"20231",0.0933333333333333
"20232",0.0933333333333333
"20233",0.0933333333333333
"20234",0.0933333333333333
"20235",0.095
"20236",0.095
"20237",0.0933333333333333
"20238",0.0933333333333333
"20239",0.0933333333333333
"20240",0.0933333333333333
"20241",0.0933333333333333
"20242",0.0933333333333333
"20243",0.0933333333333333
"20244",0.095
"20245",0.095
"20246",0.0933333333333333
"20247",0.095
"20248",0.0933333333333333
"20249",0.0933333333333333
"20250",0.0933333333333333
"20251",0.0933333333333333
"20252",0.095
"20253",0.0933333333333333
"20254",0.095
"20255",0.095
"20256",0.0916666666666667
"20257",0.0933333333333333
"20258",0.0933333333333333
"20259",0.0933333333333333
"20260",0.095
"20261",0.0933333333333333
"20262",0.0933333333333333
"20263",0.0933333333333333
"20264",0.0933333333333333
"20265",0.0933333333333333
"20266",0.0933333333333333
"20267",0.095
"20268",0.0933333333333333
"20269",0.0933333333333333
"20270",0.0916666666666667
"20271",0.0933333333333333
"20272",0.095
"20273",0.0933333333333333
"20274",0.0933333333333333
"20275",0.0933333333333333
"20276",0.095
"20277",0.095
"20278",0.0933333333333333
"20279",0.0933333333333333
"20280",0.095
"20281",0.0933333333333333
"20282",0.0933333333333333
"20283",0.0933333333333333
"20284",0.0933333333333333
"20285",0.095
"20286",0.095
"20287",0.0933333333333333
"20288",0.0933333333333333
"20289",0.0933333333333333
"20290",0.0933333333333333
"20291",0.0933333333333333
"20292",0.0933333333333333
"20293",0.0933333333333333
"20294",0.095
"20295",0.095
"20296",0.0933333333333333
"20297",0.095
"20298",0.0933333333333333
"20299",0.0933333333333333
"20300",0.0933333333333333
"20301",0.0933333333333333
"20302",0.095
"20303",0.0933333333333333
"20304",0.095
"20305",0.095
"20306",0.0916666666666667
"20307",0.0933333333333333
"20308",0.0933333333333333
"20309",0.0933333333333333
"20310",0.095
"20311",0.0933333333333333
"20312",0.0933333333333333
"20313",0.0933333333333333
"20314",0.0933333333333333
"20315",0.0933333333333333
"20316",0.0933333333333333
"20317",0.095
"20318",0.0933333333333333
"20319",0.0933333333333333
"20320",0.0916666666666667
"20321",0.0933333333333333
"20322",0.095
"20323",0.0933333333333333
"20324",0.0933333333333333
"20325",0.0933333333333333
"20326",0.095
"20327",0.095
"20328",0.0933333333333333
"20329",0.0933333333333333
"20330",0.095
"20331",0.0933333333333333
"20332",0.0933333333333333
"20333",0.0933333333333333
"20334",0.0933333333333333
"20335",0.095
"20336",0.095
"20337",0.0933333333333333
"20338",0.0933333333333333
"20339",0.0933333333333333
"20340",0.0933333333333333
"20341",0.0933333333333333
"20342",0.0933333333333333
"20343",0.0933333333333333
"20344",0.095
"20345",0.095
"20346",0.0933333333333333
"20347",0.095
"20348",0.0933333333333333
"20349",0.0933333333333333
"20350",0.0933333333333333
"20351",0.13
"20352",0.131666666666667
"20353",0.13
"20354",0.128333333333333
"20355",0.131666666666667
"20356",0.128333333333333
"20357",0.13
"20358",0.13
"20359",0.13
"20360",0.128333333333333
"20361",0.13
"20362",0.13
"20363",0.13
"20364",0.13
"20365",0.13
"20366",0.13
"20367",0.128333333333333
"20368",0.13
"20369",0.13
"20370",0.128333333333333
"20371",0.13
"20372",0.13
"20373",0.13
"20374",0.13
"20375",0.13
"20376",0.131666666666667
"20377",0.131666666666667
"20378",0.13
"20379",0.13
"20380",0.131666666666667
"20381",0.13
"20382",0.13
"20383",0.13
"20384",0.13
"20385",0.128333333333333
"20386",0.131666666666667
"20387",0.13
"20388",0.13
"20389",0.13
"20390",0.13
"20391",0.13
"20392",0.13
"20393",0.13
"20394",0.128333333333333
"20395",0.131666666666667
"20396",0.13
"20397",0.131666666666667
"20398",0.13
"20399",0.13
"20400",0.13
"20401",0.126666666666667
"20402",0.128333333333333
"20403",0.126666666666667
"20404",0.125
"20405",0.128333333333333
"20406",0.128333333333333
"20407",0.126666666666667
"20408",0.126666666666667
"20409",0.126666666666667
"20410",0.125
"20411",0.126666666666667
"20412",0.126666666666667
"20413",0.126666666666667
"20414",0.126666666666667
"20415",0.126666666666667
"20416",0.126666666666667
"20417",0.125
"20418",0.126666666666667
"20419",0.126666666666667
"20420",0.125
"20421",0.126666666666667
"20422",0.126666666666667
"20423",0.126666666666667
"20424",0.126666666666667
"20425",0.126666666666667
"20426",0.128333333333333
"20427",0.128333333333333
"20428",0.126666666666667
"20429",0.126666666666667
"20430",0.128333333333333
"20431",0.126666666666667
"20432",0.126666666666667
"20433",0.126666666666667
"20434",0.126666666666667
"20435",0.125
"20436",0.128333333333333
"20437",0.126666666666667
"20438",0.126666666666667
"20439",0.126666666666667
"20440",0.126666666666667
"20441",0.126666666666667
"20442",0.126666666666667
"20443",0.126666666666667
"20444",0.125
"20445",0.128333333333333
"20446",0.126666666666667
"20447",0.128333333333333
"20448",0.126666666666667
"20449",0.126666666666667
"20450",0.126666666666667
"20451",0.126666666666667
"20452",0.128333333333333
"20453",0.126666666666667
"20454",0.125
"20455",0.128333333333333
"20456",0.128333333333333
"20457",0.126666666666667
"20458",0.126666666666667
"20459",0.126666666666667
"20460",0.125
"20461",0.126666666666667
"20462",0.126666666666667
"20463",0.126666666666667
"20464",0.126666666666667
"20465",0.126666666666667
"20466",0.126666666666667
"20467",0.125
"20468",0.126666666666667
"20469",0.126666666666667
"20470",0.125
"20471",0.126666666666667
"20472",0.126666666666667
"20473",0.126666666666667
"20474",0.126666666666667
"20475",0.126666666666667
"20476",0.128333333333333
"20477",0.128333333333333
"20478",0.126666666666667
"20479",0.126666666666667
"20480",0.128333333333333
"20481",0.126666666666667
"20482",0.126666666666667
"20483",0.126666666666667
"20484",0.126666666666667
"20485",0.125
"20486",0.128333333333333
"20487",0.126666666666667
"20488",0.126666666666667
"20489",0.126666666666667
"20490",0.126666666666667
"20491",0.126666666666667
"20492",0.126666666666667
"20493",0.126666666666667
"20494",0.125
"20495",0.128333333333333
"20496",0.126666666666667
"20497",0.128333333333333
"20498",0.126666666666667
"20499",0.126666666666667
"20500",0.126666666666667
"20501",0.133333333333333
"20502",0.135
"20503",0.133333333333333
"20504",0.131666666666667
"20505",0.135
"20506",0.133333333333333
"20507",0.133333333333333
"20508",0.133333333333333
"20509",0.133333333333333
"20510",0.131666666666667
"20511",0.133333333333333
"20512",0.133333333333333
"20513",0.133333333333333
"20514",0.133333333333333
"20515",0.133333333333333
"20516",0.133333333333333
"20517",0.131666666666667
"20518",0.133333333333333
"20519",0.133333333333333
"20520",0.131666666666667
"20521",0.133333333333333
"20522",0.133333333333333
"20523",0.133333333333333
"20524",0.133333333333333
"20525",0.133333333333333
"20526",0.135
"20527",0.133333333333333
"20528",0.133333333333333
"20529",0.133333333333333
"20530",0.135
"20531",0.133333333333333
"20532",0.133333333333333
"20533",0.133333333333333
"20534",0.133333333333333
"20535",0.131666666666667
"20536",0.135
"20537",0.133333333333333
"20538",0.133333333333333
"20539",0.133333333333333
"20540",0.133333333333333
"20541",0.133333333333333
"20542",0.133333333333333
"20543",0.133333333333333
"20544",0.135
"20545",0.131666666666667
"20546",0.133333333333333
"20547",0.135
"20548",0.133333333333333
"20549",0.133333333333333
"20550",0.133333333333333
"20551",0.126666666666667
"20552",0.128333333333333
"20553",0.126666666666667
"20554",0.125
"20555",0.128333333333333
"20556",0.128333333333333
"20557",0.126666666666667
"20558",0.126666666666667
"20559",0.126666666666667
"20560",0.125
"20561",0.126666666666667
"20562",0.126666666666667
"20563",0.126666666666667
"20564",0.126666666666667
"20565",0.126666666666667
"20566",0.126666666666667
"20567",0.125
"20568",0.126666666666667
"20569",0.126666666666667
"20570",0.125
"20571",0.126666666666667
"20572",0.126666666666667
"20573",0.126666666666667
"20574",0.126666666666667
"20575",0.126666666666667
"20576",0.128333333333333
"20577",0.128333333333333
"20578",0.126666666666667
"20579",0.126666666666667
"20580",0.128333333333333
"20581",0.126666666666667
"20582",0.126666666666667
"20583",0.126666666666667
"20584",0.126666666666667
"20585",0.125
"20586",0.128333333333333
"20587",0.126666666666667
"20588",0.126666666666667
"20589",0.126666666666667
"20590",0.126666666666667
"20591",0.126666666666667
"20592",0.126666666666667
"20593",0.126666666666667
"20594",0.125
"20595",0.128333333333333
"20596",0.126666666666667
"20597",0.128333333333333
"20598",0.126666666666667
"20599",0.126666666666667
"20600",0.126666666666667
"20601",0.126666666666667
"20602",0.128333333333333
"20603",0.126666666666667
"20604",0.125
"20605",0.128333333333333
"20606",0.128333333333333
"20607",0.126666666666667
"20608",0.126666666666667
"20609",0.126666666666667
"20610",0.125
"20611",0.126666666666667
"20612",0.126666666666667
"20613",0.126666666666667
"20614",0.126666666666667
"20615",0.126666666666667
"20616",0.126666666666667
"20617",0.125
"20618",0.126666666666667
"20619",0.126666666666667
"20620",0.125
"20621",0.126666666666667
"20622",0.126666666666667
"20623",0.126666666666667
"20624",0.126666666666667
"20625",0.126666666666667
"20626",0.128333333333333
"20627",0.128333333333333
"20628",0.126666666666667
"20629",0.126666666666667
"20630",0.128333333333333
"20631",0.126666666666667
"20632",0.126666666666667
"20633",0.126666666666667
"20634",0.126666666666667
"20635",0.125
"20636",0.128333333333333
"20637",0.126666666666667
"20638",0.126666666666667
"20639",0.126666666666667
"20640",0.126666666666667
"20641",0.126666666666667
"20642",0.126666666666667
"20643",0.126666666666667
"20644",0.125
"20645",0.128333333333333
"20646",0.126666666666667
"20647",0.128333333333333
"20648",0.126666666666667
"20649",0.126666666666667
"20650",0.126666666666667
"20651",0.126666666666667
"20652",0.128333333333333
"20653",0.126666666666667
"20654",0.125
"20655",0.128333333333333
"20656",0.128333333333333
"20657",0.126666666666667
"20658",0.126666666666667
"20659",0.126666666666667
"20660",0.125
"20661",0.126666666666667
"20662",0.126666666666667
"20663",0.126666666666667
"20664",0.126666666666667
"20665",0.126666666666667
"20666",0.126666666666667
"20667",0.125
"20668",0.126666666666667
"20669",0.126666666666667
"20670",0.125
"20671",0.126666666666667
"20672",0.126666666666667
"20673",0.126666666666667
"20674",0.126666666666667
"20675",0.126666666666667
"20676",0.128333333333333
"20677",0.128333333333333
"20678",0.126666666666667
"20679",0.126666666666667
"20680",0.128333333333333
"20681",0.126666666666667
"20682",0.126666666666667
"20683",0.126666666666667
"20684",0.126666666666667
"20685",0.125
"20686",0.128333333333333
"20687",0.126666666666667
"20688",0.126666666666667
"20689",0.126666666666667
"20690",0.126666666666667
"20691",0.126666666666667
"20692",0.126666666666667
"20693",0.126666666666667
"20694",0.125
"20695",0.128333333333333
"20696",0.126666666666667
"20697",0.128333333333333
"20698",0.126666666666667
"20699",0.126666666666667
"20700",0.126666666666667
"20701",0.126666666666667
"20702",0.128333333333333
"20703",0.126666666666667
"20704",0.125
"20705",0.128333333333333
"20706",0.128333333333333
"20707",0.126666666666667
"20708",0.126666666666667
"20709",0.126666666666667
"20710",0.125
"20711",0.126666666666667
"20712",0.126666666666667
"20713",0.126666666666667
"20714",0.126666666666667
"20715",0.126666666666667
"20716",0.126666666666667
"20717",0.125
"20718",0.126666666666667
"20719",0.126666666666667
"20720",0.125
"20721",0.126666666666667
"20722",0.126666666666667
"20723",0.126666666666667
"20724",0.126666666666667
"20725",0.126666666666667
"20726",0.128333333333333
"20727",0.128333333333333
"20728",0.126666666666667
"20729",0.126666666666667
"20730",0.128333333333333
"20731",0.126666666666667
"20732",0.126666666666667
"20733",0.126666666666667
"20734",0.126666666666667
"20735",0.125
"20736",0.128333333333333
"20737",0.126666666666667
"20738",0.126666666666667
"20739",0.126666666666667
"20740",0.126666666666667
"20741",0.126666666666667
"20742",0.126666666666667
"20743",0.126666666666667
"20744",0.125
"20745",0.128333333333333
"20746",0.126666666666667
"20747",0.128333333333333
"20748",0.126666666666667
"20749",0.126666666666667
"20750",0.126666666666667
"20751",0.126666666666667
"20752",0.128333333333333
"20753",0.126666666666667
"20754",0.125
"20755",0.128333333333333
"20756",0.128333333333333
"20757",0.126666666666667
"20758",0.126666666666667
"20759",0.126666666666667
"20760",0.125
"20761",0.126666666666667
"20762",0.126666666666667
"20763",0.126666666666667
"20764",0.126666666666667
"20765",0.126666666666667
"20766",0.126666666666667
"20767",0.125
"20768",0.126666666666667
"20769",0.126666666666667
"20770",0.125
"20771",0.126666666666667
"20772",0.126666666666667
"20773",0.126666666666667
"20774",0.126666666666667
"20775",0.126666666666667
"20776",0.128333333333333
"20777",0.128333333333333
"20778",0.126666666666667
"20779",0.126666666666667
"20780",0.128333333333333
"20781",0.126666666666667
"20782",0.126666666666667
"20783",0.126666666666667
"20784",0.126666666666667
"20785",0.125
"20786",0.128333333333333
"20787",0.126666666666667
"20788",0.126666666666667
"20789",0.126666666666667
"20790",0.126666666666667
"20791",0.126666666666667
"20792",0.126666666666667
"20793",0.126666666666667
"20794",0.125
"20795",0.128333333333333
"20796",0.126666666666667
"20797",0.128333333333333
"20798",0.126666666666667
"20799",0.126666666666667
"20800",0.126666666666667
"20801",0.136666666666667
"20802",0.138333333333333
"20803",0.136666666666667
"20804",0.135
"20805",0.138333333333333
"20806",0.138333333333333
"20807",0.136666666666667
"20808",0.136666666666667
"20809",0.136666666666667
"20810",0.135
"20811",0.136666666666667
"20812",0.136666666666667
"20813",0.136666666666667
"20814",0.136666666666667
"20815",0.136666666666667
"20816",0.136666666666667
"20817",0.135
"20818",0.136666666666667
"20819",0.136666666666667
"20820",0.135
"20821",0.136666666666667
"20822",0.138333333333333
"20823",0.136666666666667
"20824",0.136666666666667
"20825",0.136666666666667
"20826",0.136666666666667
"20827",0.138333333333333
"20828",0.136666666666667
"20829",0.136666666666667
"20830",0.138333333333333
"20831",0.136666666666667
"20832",0.136666666666667
"20833",0.136666666666667
"20834",0.136666666666667
"20835",0.135
"20836",0.138333333333333
"20837",0.136666666666667
"20838",0.136666666666667
"20839",0.136666666666667
"20840",0.136666666666667
"20841",0.136666666666667
"20842",0.136666666666667
"20843",0.136666666666667
"20844",0.135
"20845",0.138333333333333
"20846",0.136666666666667
"20847",0.138333333333333
"20848",0.136666666666667
"20849",0.136666666666667
"20850",0.136666666666667
"20851",0.136666666666667
"20852",0.138333333333333
"20853",0.136666666666667
"20854",0.135
"20855",0.138333333333333
"20856",0.138333333333333
"20857",0.136666666666667
"20858",0.136666666666667
"20859",0.136666666666667
"20860",0.135
"20861",0.136666666666667
"20862",0.136666666666667
"20863",0.136666666666667
"20864",0.136666666666667
"20865",0.136666666666667
"20866",0.136666666666667
"20867",0.135
"20868",0.136666666666667
"20869",0.136666666666667
"20870",0.135
"20871",0.136666666666667
"20872",0.138333333333333
"20873",0.136666666666667
"20874",0.136666666666667
"20875",0.136666666666667
"20876",0.136666666666667
"20877",0.138333333333333
"20878",0.136666666666667
"20879",0.136666666666667
"20880",0.138333333333333
"20881",0.136666666666667
"20882",0.136666666666667
"20883",0.136666666666667
"20884",0.136666666666667
"20885",0.135
"20886",0.138333333333333
"20887",0.136666666666667
"20888",0.136666666666667
"20889",0.136666666666667
"20890",0.136666666666667
"20891",0.136666666666667
"20892",0.136666666666667
"20893",0.136666666666667
"20894",0.138333333333333
"20895",0.138333333333333
"20896",0.136666666666667
"20897",0.138333333333333
"20898",0.136666666666667
"20899",0.136666666666667
"20900",0.136666666666667
"20901",0.138333333333333
"20902",0.14
"20903",0.138333333333333
"20904",0.136666666666667
"20905",0.14
"20906",0.14
"20907",0.138333333333333
"20908",0.138333333333333
"20909",0.138333333333333
"20910",0.136666666666667
"20911",0.138333333333333
"20912",0.138333333333333
"20913",0.138333333333333
"20914",0.138333333333333
"20915",0.138333333333333
"20916",0.138333333333333
"20917",0.136666666666667
"20918",0.138333333333333
"20919",0.138333333333333
"20920",0.136666666666667
"20921",0.138333333333333
"20922",0.14
"20923",0.138333333333333
"20924",0.138333333333333
"20925",0.138333333333333
"20926",0.138333333333333
"20927",0.14
"20928",0.138333333333333
"20929",0.138333333333333
"20930",0.14
"20931",0.138333333333333
"20932",0.138333333333333
"20933",0.138333333333333
"20934",0.138333333333333
"20935",0.136666666666667
"20936",0.14
"20937",0.138333333333333
"20938",0.138333333333333
"20939",0.138333333333333
"20940",0.138333333333333
"20941",0.138333333333333
"20942",0.138333333333333
"20943",0.138333333333333
"20944",0.136666666666667
"20945",0.14
"20946",0.138333333333333
"20947",0.14
"20948",0.138333333333333
"20949",0.138333333333333
"20950",0.138333333333333
"20951",0.138333333333333
"20952",0.14
"20953",0.138333333333333
"20954",0.136666666666667
"20955",0.14
"20956",0.14
"20957",0.138333333333333
"20958",0.138333333333333
"20959",0.138333333333333
"20960",0.136666666666667
"20961",0.138333333333333
"20962",0.138333333333333
"20963",0.138333333333333
"20964",0.138333333333333
"20965",0.138333333333333
"20966",0.138333333333333
"20967",0.136666666666667
"20968",0.138333333333333
"20969",0.138333333333333
"20970",0.136666666666667
"20971",0.138333333333333
"20972",0.14
"20973",0.138333333333333
"20974",0.138333333333333
"20975",0.138333333333333
"20976",0.138333333333333
"20977",0.14
"20978",0.138333333333333
"20979",0.138333333333333
"20980",0.14
"20981",0.138333333333333
"20982",0.138333333333333
"20983",0.138333333333333
"20984",0.138333333333333
"20985",0.136666666666667
"20986",0.14
"20987",0.138333333333333
"20988",0.138333333333333
"20989",0.138333333333333
"20990",0.138333333333333
"20991",0.138333333333333
"20992",0.138333333333333
"20993",0.138333333333333
"20994",0.136666666666667
"20995",0.14
"20996",0.138333333333333
"20997",0.14
"20998",0.138333333333333
"20999",0.138333333333333
"21000",0.138333333333333
"21001",0.136666666666667
"21002",0.138333333333333
"21003",0.136666666666667
"21004",0.135
"21005",0.138333333333333
"21006",0.138333333333333
"21007",0.136666666666667
"21008",0.136666666666667
"21009",0.136666666666667
"21010",0.135
"21011",0.136666666666667
"21012",0.136666666666667
"21013",0.136666666666667
"21014",0.136666666666667
"21015",0.136666666666667
"21016",0.136666666666667
"21017",0.135
"21018",0.136666666666667
"21019",0.136666666666667
"21020",0.135
"21021",0.136666666666667
"21022",0.138333333333333
"21023",0.136666666666667
"21024",0.136666666666667
"21025",0.136666666666667
"21026",0.136666666666667
"21027",0.138333333333333
"21028",0.136666666666667
"21029",0.136666666666667
"21030",0.138333333333333
"21031",0.136666666666667
"21032",0.136666666666667
"21033",0.136666666666667
"21034",0.136666666666667
"21035",0.135
"21036",0.138333333333333
"21037",0.136666666666667
"21038",0.136666666666667
"21039",0.136666666666667
"21040",0.136666666666667
"21041",0.136666666666667
"21042",0.136666666666667
"21043",0.136666666666667
"21044",0.138333333333333
"21045",0.138333333333333
"21046",0.136666666666667
"21047",0.138333333333333
"21048",0.136666666666667
"21049",0.136666666666667
"21050",0.136666666666667
"21051",0.138333333333333
"21052",0.14
"21053",0.138333333333333
"21054",0.136666666666667
"21055",0.14
"21056",0.14
"21057",0.138333333333333
"21058",0.138333333333333
"21059",0.138333333333333
"21060",0.136666666666667
"21061",0.138333333333333
"21062",0.138333333333333
"21063",0.138333333333333
"21064",0.138333333333333
"21065",0.138333333333333
"21066",0.138333333333333
"21067",0.136666666666667
"21068",0.138333333333333
"21069",0.138333333333333
"21070",0.136666666666667
"21071",0.138333333333333
"21072",0.14
"21073",0.138333333333333
"21074",0.138333333333333
"21075",0.138333333333333
"21076",0.138333333333333
"21077",0.14
"21078",0.138333333333333
"21079",0.138333333333333
"21080",0.14
"21081",0.138333333333333
"21082",0.138333333333333
"21083",0.138333333333333
"21084",0.138333333333333
"21085",0.136666666666667
"21086",0.14
"21087",0.138333333333333
"21088",0.138333333333333
"21089",0.138333333333333
"21090",0.138333333333333
"21091",0.138333333333333
"21092",0.138333333333333
"21093",0.138333333333333
"21094",0.136666666666667
"21095",0.14
"21096",0.138333333333333
"21097",0.14
"21098",0.138333333333333
"21099",0.138333333333333
"21100",0.138333333333333
"21101",0.14
"21102",0.141666666666667
"21103",0.14
"21104",0.138333333333333
"21105",0.141666666666667
"21106",0.141666666666667
"21107",0.14
"21108",0.14
"21109",0.14
"21110",0.138333333333333
"21111",0.14
"21112",0.14
"21113",0.14
"21114",0.14
"21115",0.14
"21116",0.14
"21117",0.138333333333333
"21118",0.14
"21119",0.14
"21120",0.138333333333333
"21121",0.14
"21122",0.141666666666667
"21123",0.14
"21124",0.14
"21125",0.14
"21126",0.14
"21127",0.141666666666667
"21128",0.14
"21129",0.14
"21130",0.141666666666667
"21131",0.14
"21132",0.14
"21133",0.14
"21134",0.14
"21135",0.138333333333333
"21136",0.141666666666667
"21137",0.14
"21138",0.14
"21139",0.14
"21140",0.14
"21141",0.14
"21142",0.14
"21143",0.14
"21144",0.138333333333333
"21145",0.141666666666667
"21146",0.14
"21147",0.141666666666667
"21148",0.14
"21149",0.14
"21150",0.14
"21151",0.14
"21152",0.141666666666667
"21153",0.14
"21154",0.138333333333333
"21155",0.141666666666667
"21156",0.141666666666667
"21157",0.14
"21158",0.14
"21159",0.14
"21160",0.138333333333333
"21161",0.14
"21162",0.14
"21163",0.14
"21164",0.14
"21165",0.14
"21166",0.14
"21167",0.138333333333333
"21168",0.14
"21169",0.14
"21170",0.138333333333333
"21171",0.14
"21172",0.141666666666667
"21173",0.14
"21174",0.14
"21175",0.14
"21176",0.14
"21177",0.141666666666667
"21178",0.14
"21179",0.14
"21180",0.141666666666667
"21181",0.14
"21182",0.14
"21183",0.14
"21184",0.14
"21185",0.138333333333333
"21186",0.141666666666667
"21187",0.14
"21188",0.14
"21189",0.14
"21190",0.14
"21191",0.14
"21192",0.14
"21193",0.14
"21194",0.138333333333333
"21195",0.141666666666667
"21196",0.14
"21197",0.141666666666667
"21198",0.14
"21199",0.14
"21200",0.14
"21201",0.133333333333333
"21202",0.135
"21203",0.133333333333333
"21204",0.131666666666667
"21205",0.135
"21206",0.135
"21207",0.133333333333333
"21208",0.133333333333333
"21209",0.133333333333333
"21210",0.131666666666667
"21211",0.133333333333333
"21212",0.133333333333333
"21213",0.133333333333333
"21214",0.133333333333333
"21215",0.133333333333333
"21216",0.133333333333333
"21217",0.131666666666667
"21218",0.133333333333333
"21219",0.133333333333333
"21220",0.131666666666667
"21221",0.133333333333333
"21222",0.135
"21223",0.133333333333333
"21224",0.133333333333333
"21225",0.133333333333333
"21226",0.133333333333333
"21227",0.135
"21228",0.133333333333333
"21229",0.133333333333333
"21230",0.135
"21231",0.133333333333333
"21232",0.133333333333333
"21233",0.133333333333333
"21234",0.133333333333333
"21235",0.131666666666667
"21236",0.135
"21237",0.133333333333333
"21238",0.133333333333333
"21239",0.133333333333333
"21240",0.133333333333333
"21241",0.133333333333333
"21242",0.133333333333333
"21243",0.133333333333333
"21244",0.131666666666667
"21245",0.135
"21246",0.133333333333333
"21247",0.135
"21248",0.133333333333333
"21249",0.133333333333333
"21250",0.133333333333333
"21251",0.135
"21252",0.136666666666667
"21253",0.135
"21254",0.133333333333333
"21255",0.136666666666667
"21256",0.136666666666667
"21257",0.135
"21258",0.135
"21259",0.135
"21260",0.133333333333333
"21261",0.135
"21262",0.135
"21263",0.135
"21264",0.135
"21265",0.135
"21266",0.135
"21267",0.133333333333333
"21268",0.135
"21269",0.135
"21270",0.133333333333333
"21271",0.135
"21272",0.136666666666667
"21273",0.135
"21274",0.135
"21275",0.135
"21276",0.135
"21277",0.136666666666667
"21278",0.135
"21279",0.135
"21280",0.136666666666667
"21281",0.135
"21282",0.135
"21283",0.135
"21284",0.135
"21285",0.133333333333333
"21286",0.136666666666667
"21287",0.135
"21288",0.135
"21289",0.135
"21290",0.135
"21291",0.135
"21292",0.135
"21293",0.135
"21294",0.133333333333333
"21295",0.136666666666667
"21296",0.135
"21297",0.136666666666667
"21298",0.135
"21299",0.135
"21300",0.135
"21301",0.136666666666667
"21302",0.138333333333333
"21303",0.136666666666667
"21304",0.135
"21305",0.138333333333333
"21306",0.138333333333333
"21307",0.136666666666667
"21308",0.136666666666667
"21309",0.136666666666667
"21310",0.135
"21311",0.136666666666667
"21312",0.136666666666667
"21313",0.136666666666667
"21314",0.136666666666667
"21315",0.136666666666667
"21316",0.136666666666667
"21317",0.135
"21318",0.136666666666667
"21319",0.136666666666667
"21320",0.135
"21321",0.136666666666667
"21322",0.138333333333333
"21323",0.136666666666667
"21324",0.136666666666667
"21325",0.136666666666667
"21326",0.136666666666667
"21327",0.138333333333333
"21328",0.136666666666667
"21329",0.136666666666667
"21330",0.138333333333333
"21331",0.136666666666667
"21332",0.136666666666667
"21333",0.136666666666667
"21334",0.136666666666667
"21335",0.135
"21336",0.138333333333333
"21337",0.136666666666667
"21338",0.136666666666667
"21339",0.136666666666667
"21340",0.136666666666667
"21341",0.136666666666667
"21342",0.136666666666667
"21343",0.136666666666667
"21344",0.135
"21345",0.138333333333333
"21346",0.136666666666667
"21347",0.138333333333333
"21348",0.136666666666667
"21349",0.136666666666667
"21350",0.136666666666667
"21351",0.136666666666667
"21352",0.138333333333333
"21353",0.136666666666667
"21354",0.135
"21355",0.138333333333333
"21356",0.138333333333333
"21357",0.136666666666667
"21358",0.136666666666667
"21359",0.136666666666667
"21360",0.135
"21361",0.136666666666667
"21362",0.136666666666667
"21363",0.136666666666667
"21364",0.136666666666667
"21365",0.136666666666667
"21366",0.136666666666667
"21367",0.135
"21368",0.136666666666667
"21369",0.136666666666667
"21370",0.135
"21371",0.136666666666667
"21372",0.138333333333333
"21373",0.136666666666667
"21374",0.136666666666667
"21375",0.136666666666667
"21376",0.136666666666667
"21377",0.138333333333333
"21378",0.136666666666667
"21379",0.136666666666667
"21380",0.138333333333333
"21381",0.136666666666667
"21382",0.136666666666667
"21383",0.136666666666667
"21384",0.136666666666667
"21385",0.135
"21386",0.138333333333333
"21387",0.136666666666667
"21388",0.136666666666667
"21389",0.136666666666667
"21390",0.136666666666667
"21391",0.136666666666667
"21392",0.136666666666667
"21393",0.136666666666667
"21394",0.138333333333333
"21395",0.138333333333333
"21396",0.136666666666667
"21397",0.138333333333333
"21398",0.136666666666667
"21399",0.136666666666667
"21400",0.136666666666667
"21401",0.136666666666667
"21402",0.138333333333333
"21403",0.136666666666667
"21404",0.135
"21405",0.138333333333333
"21406",0.138333333333333
"21407",0.136666666666667
"21408",0.136666666666667
"21409",0.136666666666667
"21410",0.135
"21411",0.136666666666667
"21412",0.136666666666667
"21413",0.136666666666667
"21414",0.136666666666667
"21415",0.136666666666667
"21416",0.136666666666667
"21417",0.135
"21418",0.136666666666667
"21419",0.136666666666667
"21420",0.135
"21421",0.136666666666667
"21422",0.138333333333333
"21423",0.136666666666667
"21424",0.136666666666667
"21425",0.136666666666667
"21426",0.136666666666667
"21427",0.138333333333333
"21428",0.136666666666667
"21429",0.136666666666667
"21430",0.138333333333333
"21431",0.136666666666667
"21432",0.136666666666667
"21433",0.136666666666667
"21434",0.136666666666667
"21435",0.135
"21436",0.138333333333333
"21437",0.136666666666667
"21438",0.136666666666667
"21439",0.136666666666667
"21440",0.136666666666667
"21441",0.136666666666667
"21442",0.136666666666667
"21443",0.136666666666667
"21444",0.135
"21445",0.138333333333333
"21446",0.136666666666667
"21447",0.138333333333333
"21448",0.136666666666667
"21449",0.136666666666667
"21450",0.136666666666667
"21451",0.14
"21452",0.141666666666667
"21453",0.14
"21454",0.141666666666667
"21455",0.141666666666667
"21456",0.14
"21457",0.14
"21458",0.14
"21459",0.14
"21460",0.141666666666667
"21461",0.14
"21462",0.14
"21463",0.14
"21464",0.14
"21465",0.14
"21466",0.14
"21467",0.141666666666667
"21468",0.14
"21469",0.14
"21470",0.138333333333333
"21471",0.14
"21472",0.141666666666667
"21473",0.14
"21474",0.14
"21475",0.14
"21476",0.14
"21477",0.14
"21478",0.14
"21479",0.14
"21480",0.141666666666667
"21481",0.14
"21482",0.14
"21483",0.14
"21484",0.14
"21485",0.141666666666667
"21486",0.141666666666667
"21487",0.14
"21488",0.14
"21489",0.14
"21490",0.14
"21491",0.14
"21492",0.14
"21493",0.14
"21494",0.138333333333333
"21495",0.138333333333333
"21496",0.14
"21497",0.141666666666667
"21498",0.14
"21499",0.14
"21500",0.14
"21501",0.141666666666667
"21502",0.143333333333333
"21503",0.141666666666667
"21504",0.143333333333333
"21505",0.143333333333333
"21506",0.141666666666667
"21507",0.141666666666667
"21508",0.141666666666667
"21509",0.141666666666667
"21510",0.143333333333333
"21511",0.141666666666667
"21512",0.141666666666667
"21513",0.141666666666667
"21514",0.141666666666667
"21515",0.141666666666667
"21516",0.141666666666667
"21517",0.143333333333333
"21518",0.141666666666667
"21519",0.141666666666667
"21520",0.14
"21521",0.141666666666667
"21522",0.143333333333333
"21523",0.141666666666667
"21524",0.141666666666667
"21525",0.141666666666667
"21526",0.141666666666667
"21527",0.141666666666667
"21528",0.141666666666667
"21529",0.141666666666667
"21530",0.143333333333333
"21531",0.141666666666667
"21532",0.141666666666667
"21533",0.141666666666667
"21534",0.141666666666667
"21535",0.143333333333333
"21536",0.143333333333333
"21537",0.141666666666667
"21538",0.141666666666667
"21539",0.141666666666667
"21540",0.141666666666667
"21541",0.141666666666667
"21542",0.141666666666667
"21543",0.141666666666667
"21544",0.14
"21545",0.14
"21546",0.141666666666667
"21547",0.143333333333333
"21548",0.141666666666667
"21549",0.141666666666667
"21550",0.141666666666667
"21551",0.141666666666667
"21552",0.143333333333333
"21553",0.141666666666667
"21554",0.143333333333333
"21555",0.143333333333333
"21556",0.141666666666667
"21557",0.141666666666667
"21558",0.141666666666667
"21559",0.141666666666667
"21560",0.143333333333333
"21561",0.141666666666667
"21562",0.141666666666667
"21563",0.141666666666667
"21564",0.141666666666667
"21565",0.141666666666667
"21566",0.141666666666667
"21567",0.143333333333333
"21568",0.141666666666667
"21569",0.141666666666667
"21570",0.14
"21571",0.141666666666667
"21572",0.143333333333333
"21573",0.141666666666667
"21574",0.141666666666667
"21575",0.141666666666667
"21576",0.141666666666667
"21577",0.141666666666667
"21578",0.141666666666667
"21579",0.141666666666667
"21580",0.143333333333333
"21581",0.141666666666667
"21582",0.141666666666667
"21583",0.141666666666667
"21584",0.141666666666667
"21585",0.143333333333333
"21586",0.143333333333333
"21587",0.141666666666667
"21588",0.141666666666667
"21589",0.141666666666667
"21590",0.141666666666667
"21591",0.141666666666667
"21592",0.141666666666667
"21593",0.141666666666667
"21594",0.14
"21595",0.14
"21596",0.141666666666667
"21597",0.143333333333333
"21598",0.141666666666667
"21599",0.141666666666667
"21600",0.141666666666667
"21601",0.14
"21602",0.141666666666667
"21603",0.14
"21604",0.141666666666667
"21605",0.141666666666667
"21606",0.14
"21607",0.14
"21608",0.14
"21609",0.14
"21610",0.141666666666667
"21611",0.14
"21612",0.14
"21613",0.14
"21614",0.14
"21615",0.14
"21616",0.14
"21617",0.141666666666667
"21618",0.14
"21619",0.14
"21620",0.138333333333333
"21621",0.14
"21622",0.141666666666667
"21623",0.14
"21624",0.14
"21625",0.14
"21626",0.14
"21627",0.14
"21628",0.14
"21629",0.14
"21630",0.141666666666667
"21631",0.14
"21632",0.14
"21633",0.14
"21634",0.14
"21635",0.141666666666667
"21636",0.141666666666667
"21637",0.14
"21638",0.14
"21639",0.14
"21640",0.14
"21641",0.14
"21642",0.14
"21643",0.14
"21644",0.138333333333333
"21645",0.138333333333333
"21646",0.14
"21647",0.141666666666667
"21648",0.14
"21649",0.14
"21650",0.14
"21651",0.138333333333333
"21652",0.14
"21653",0.138333333333333
"21654",0.14
"21655",0.14
"21656",0.138333333333333
"21657",0.138333333333333
"21658",0.138333333333333
"21659",0.138333333333333
"21660",0.14
"21661",0.138333333333333
"21662",0.138333333333333
"21663",0.138333333333333
"21664",0.138333333333333
"21665",0.138333333333333
"21666",0.138333333333333
"21667",0.14
"21668",0.138333333333333
"21669",0.138333333333333
"21670",0.136666666666667
"21671",0.138333333333333
"21672",0.14
"21673",0.138333333333333
"21674",0.138333333333333
"21675",0.138333333333333
"21676",0.138333333333333
"21677",0.138333333333333
"21678",0.138333333333333
"21679",0.138333333333333
"21680",0.14
"21681",0.138333333333333
"21682",0.138333333333333
"21683",0.138333333333333
"21684",0.138333333333333
"21685",0.14
"21686",0.14
"21687",0.138333333333333
"21688",0.138333333333333
"21689",0.138333333333333
"21690",0.138333333333333
"21691",0.138333333333333
"21692",0.138333333333333
"21693",0.138333333333333
"21694",0.14
"21695",0.136666666666667
"21696",0.138333333333333
"21697",0.14
"21698",0.138333333333333
"21699",0.138333333333333
"21700",0.138333333333333
"21701",0.138333333333333
"21702",0.14
"21703",0.138333333333333
"21704",0.14
"21705",0.14
"21706",0.138333333333333
"21707",0.138333333333333
"21708",0.138333333333333
"21709",0.138333333333333
"21710",0.14
"21711",0.138333333333333
"21712",0.138333333333333
"21713",0.138333333333333
"21714",0.138333333333333
"21715",0.138333333333333
"21716",0.138333333333333
"21717",0.14
"21718",0.138333333333333
"21719",0.138333333333333
"21720",0.136666666666667
"21721",0.138333333333333
"21722",0.14
"21723",0.138333333333333
"21724",0.138333333333333
"21725",0.138333333333333
"21726",0.138333333333333
"21727",0.138333333333333
"21728",0.138333333333333
"21729",0.138333333333333
"21730",0.14
"21731",0.138333333333333
"21732",0.138333333333333
"21733",0.138333333333333
"21734",0.138333333333333
"21735",0.14
"21736",0.14
"21737",0.138333333333333
"21738",0.138333333333333
"21739",0.138333333333333
"21740",0.138333333333333
"21741",0.138333333333333
"21742",0.138333333333333
"21743",0.138333333333333
"21744",0.136666666666667
"21745",0.136666666666667
"21746",0.138333333333333
"21747",0.14
"21748",0.138333333333333
"21749",0.138333333333333
"21750",0.138333333333333
"21751",0.14
"21752",0.141666666666667
"21753",0.14
"21754",0.141666666666667
"21755",0.141666666666667
"21756",0.14
"21757",0.14
"21758",0.14
"21759",0.14
"21760",0.141666666666667
"21761",0.14
"21762",0.14
"21763",0.14
"21764",0.14
"21765",0.14
"21766",0.14
"21767",0.141666666666667
"21768",0.14
"21769",0.14
"21770",0.138333333333333
"21771",0.14
"21772",0.141666666666667
"21773",0.14
"21774",0.14
"21775",0.14
"21776",0.14
"21777",0.14
"21778",0.14
"21779",0.14
"21780",0.141666666666667
"21781",0.14
"21782",0.14
"21783",0.14
"21784",0.14
"21785",0.141666666666667
"21786",0.141666666666667
"21787",0.14
"21788",0.14
"21789",0.14
"21790",0.14
"21791",0.14
"21792",0.14
"21793",0.14
"21794",0.138333333333333
"21795",0.138333333333333
"21796",0.14
"21797",0.141666666666667
"21798",0.14
"21799",0.14
"21800",0.14
"21801",0.14
"21802",0.141666666666667
"21803",0.14
"21804",0.141666666666667
"21805",0.141666666666667
"21806",0.14
"21807",0.14
"21808",0.14
"21809",0.14
"21810",0.141666666666667
"21811",0.14
"21812",0.14
"21813",0.14
"21814",0.14
"21815",0.14
"21816",0.14
"21817",0.141666666666667
"21818",0.14
"21819",0.14
"21820",0.138333333333333
"21821",0.14
"21822",0.141666666666667
"21823",0.14
"21824",0.14
"21825",0.14
"21826",0.14
"21827",0.14
"21828",0.14
"21829",0.14
"21830",0.141666666666667
"21831",0.14
"21832",0.14
"21833",0.14
"21834",0.14
"21835",0.141666666666667
"21836",0.141666666666667
"21837",0.14
"21838",0.14
"21839",0.14
"21840",0.14
"21841",0.14
"21842",0.14
"21843",0.14
"21844",0.138333333333333
"21845",0.138333333333333
"21846",0.14
"21847",0.141666666666667
"21848",0.14
"21849",0.14
"21850",0.14
"21851",0.138333333333333
"21852",0.14
"21853",0.138333333333333
"21854",0.14
"21855",0.14
"21856",0.138333333333333
"21857",0.138333333333333
"21858",0.138333333333333
"21859",0.138333333333333
"21860",0.14
"21861",0.138333333333333
"21862",0.138333333333333
"21863",0.138333333333333
"21864",0.138333333333333
"21865",0.138333333333333
"21866",0.138333333333333
"21867",0.14
"21868",0.138333333333333
"21869",0.138333333333333
"21870",0.136666666666667
"21871",0.138333333333333
"21872",0.14
"21873",0.138333333333333
"21874",0.138333333333333
"21875",0.138333333333333
"21876",0.138333333333333
"21877",0.14
"21878",0.138333333333333
"21879",0.138333333333333
"21880",0.14
"21881",0.138333333333333
"21882",0.138333333333333
"21883",0.138333333333333
"21884",0.138333333333333
"21885",0.14
"21886",0.14
"21887",0.138333333333333
"21888",0.138333333333333
"21889",0.138333333333333
"21890",0.138333333333333
"21891",0.138333333333333
"21892",0.138333333333333
"21893",0.138333333333333
"21894",0.14
"21895",0.14
"21896",0.138333333333333
"21897",0.14
"21898",0.138333333333333
"21899",0.138333333333333
"21900",0.138333333333333
"21901",0.14
"21902",0.141666666666667
"21903",0.14
"21904",0.141666666666667
"21905",0.141666666666667
"21906",0.14
"21907",0.14
"21908",0.14
"21909",0.14
"21910",0.141666666666667
"21911",0.14
"21912",0.14
"21913",0.14
"21914",0.14
"21915",0.14
"21916",0.14
"21917",0.141666666666667
"21918",0.14
"21919",0.14
"21920",0.138333333333333
"21921",0.14
"21922",0.141666666666667
"21923",0.14
"21924",0.14
"21925",0.14
"21926",0.14
"21927",0.141666666666667
"21928",0.14
"21929",0.14
"21930",0.141666666666667
"21931",0.14
"21932",0.14
"21933",0.14
"21934",0.14
"21935",0.141666666666667
"21936",0.141666666666667
"21937",0.14
"21938",0.14
"21939",0.14
"21940",0.14
"21941",0.14
"21942",0.14
"21943",0.14
"21944",0.138333333333333
"21945",0.141666666666667
"21946",0.14
"21947",0.141666666666667
"21948",0.14
"21949",0.14
"21950",0.14
"21951",0.14
"21952",0.141666666666667
"21953",0.14
"21954",0.141666666666667
"21955",0.141666666666667
"21956",0.14
"21957",0.14
"21958",0.14
"21959",0.14
"21960",0.141666666666667
"21961",0.14
"21962",0.14
"21963",0.14
"21964",0.14
"21965",0.14
"21966",0.14
"21967",0.141666666666667
"21968",0.14
"21969",0.14
"21970",0.138333333333333
"21971",0.14
"21972",0.141666666666667
"21973",0.14
"21974",0.14
"21975",0.14
"21976",0.14
"21977",0.14
"21978",0.14
"21979",0.14
"21980",0.141666666666667
"21981",0.14
"21982",0.14
"21983",0.14
"21984",0.14
"21985",0.141666666666667
"21986",0.141666666666667
"21987",0.14
"21988",0.14
"21989",0.14
"21990",0.14
"21991",0.14
"21992",0.14
"21993",0.14
"21994",0.138333333333333
"21995",0.138333333333333
"21996",0.14
"21997",0.141666666666667
"21998",0.14
"21999",0.14
"22000",0.14
"22001",0.138333333333333
"22002",0.14
"22003",0.138333333333333
"22004",0.14
"22005",0.14
"22006",0.138333333333333
"22007",0.138333333333333
"22008",0.138333333333333
"22009",0.138333333333333
"22010",0.14
"22011",0.138333333333333
"22012",0.138333333333333
"22013",0.138333333333333
"22014",0.138333333333333
"22015",0.138333333333333
"22016",0.138333333333333
"22017",0.14
"22018",0.138333333333333
"22019",0.138333333333333
"22020",0.136666666666667
"22021",0.138333333333333
"22022",0.14
"22023",0.138333333333333
"22024",0.138333333333333
"22025",0.138333333333333
"22026",0.138333333333333
"22027",0.14
"22028",0.138333333333333
"22029",0.138333333333333
"22030",0.14
"22031",0.138333333333333
"22032",0.138333333333333
"22033",0.138333333333333
"22034",0.138333333333333
"22035",0.14
"22036",0.14
"22037",0.138333333333333
"22038",0.138333333333333
"22039",0.138333333333333
"22040",0.138333333333333
"22041",0.138333333333333
"22042",0.138333333333333
"22043",0.138333333333333
"22044",0.136666666666667
"22045",0.14
"22046",0.138333333333333
"22047",0.14
"22048",0.138333333333333
"22049",0.138333333333333
"22050",0.138333333333333
"22051",0.115
"22052",0.116666666666667
"22053",0.115
"22054",0.116666666666667
"22055",0.116666666666667
"22056",0.116666666666667
"22057",0.115
"22058",0.115
"22059",0.115
"22060",0.116666666666667
"22061",0.115
"22062",0.115
"22063",0.115
"22064",0.115
"22065",0.115
"22066",0.115
"22067",0.116666666666667
"22068",0.115
"22069",0.115
"22070",0.113333333333333
"22071",0.115
"22072",0.116666666666667
"22073",0.115
"22074",0.115
"22075",0.115
"22076",0.116666666666667
"22077",0.116666666666667
"22078",0.115
"22079",0.115
"22080",0.116666666666667
"22081",0.115
"22082",0.115
"22083",0.115
"22084",0.115
"22085",0.116666666666667
"22086",0.116666666666667
"22087",0.115
"22088",0.115
"22089",0.115
"22090",0.115
"22091",0.115
"22092",0.115
"22093",0.115
"22094",0.113333333333333
"22095",0.116666666666667
"22096",0.115
"22097",0.116666666666667
"22098",0.115
"22099",0.115
"22100",0.115
"22101",0.111666666666667
"22102",0.113333333333333
"22103",0.111666666666667
"22104",0.113333333333333
"22105",0.113333333333333
"22106",0.113333333333333
"22107",0.111666666666667
"22108",0.111666666666667
"22109",0.111666666666667
"22110",0.113333333333333
"22111",0.111666666666667
"22112",0.111666666666667
"22113",0.111666666666667
"22114",0.111666666666667
"22115",0.111666666666667
"22116",0.111666666666667
"22117",0.113333333333333
"22118",0.111666666666667
"22119",0.111666666666667
"22120",0.11
"22121",0.111666666666667
"22122",0.113333333333333
"22123",0.111666666666667
"22124",0.111666666666667
"22125",0.111666666666667
"22126",0.113333333333333
"22127",0.113333333333333
"22128",0.111666666666667
"22129",0.111666666666667
"22130",0.113333333333333
"22131",0.111666666666667
"22132",0.111666666666667
"22133",0.111666666666667
"22134",0.111666666666667
"22135",0.113333333333333
"22136",0.113333333333333
"22137",0.111666666666667
"22138",0.111666666666667
"22139",0.111666666666667
"22140",0.111666666666667
"22141",0.111666666666667
"22142",0.111666666666667
"22143",0.111666666666667
"22144",0.11
"22145",0.113333333333333
"22146",0.111666666666667
"22147",0.113333333333333
"22148",0.111666666666667
"22149",0.111666666666667
"22150",0.111666666666667
"22151",0.113333333333333
"22152",0.115
"22153",0.113333333333333
"22154",0.115
"22155",0.115
"22156",0.115
"22157",0.113333333333333
"22158",0.113333333333333
"22159",0.113333333333333
"22160",0.115
"22161",0.113333333333333
"22162",0.113333333333333
"22163",0.113333333333333
"22164",0.113333333333333
"22165",0.113333333333333
"22166",0.113333333333333
"22167",0.115
"22168",0.113333333333333
"22169",0.113333333333333
"22170",0.111666666666667
"22171",0.113333333333333
"22172",0.115
"22173",0.113333333333333
"22174",0.113333333333333
"22175",0.113333333333333
"22176",0.115
"22177",0.115
"22178",0.113333333333333
"22179",0.113333333333333
"22180",0.115
"22181",0.113333333333333
"22182",0.113333333333333
"22183",0.113333333333333
"22184",0.113333333333333
"22185",0.115
"22186",0.115
"22187",0.113333333333333
"22188",0.113333333333333
"22189",0.113333333333333
"22190",0.113333333333333
"22191",0.113333333333333
"22192",0.113333333333333
"22193",0.113333333333333
"22194",0.111666666666667
"22195",0.115
"22196",0.113333333333333
"22197",0.115
"22198",0.113333333333333
"22199",0.113333333333333
"22200",0.113333333333333
"22201",0.115
"22202",0.116666666666667
"22203",0.115
"22204",0.116666666666667
"22205",0.116666666666667
"22206",0.116666666666667
"22207",0.115
"22208",0.115
"22209",0.115
"22210",0.116666666666667
"22211",0.115
"22212",0.115
"22213",0.115
"22214",0.115
"22215",0.115
"22216",0.115
"22217",0.116666666666667
"22218",0.115
"22219",0.115
"22220",0.113333333333333
"22221",0.115
"22222",0.116666666666667
"22223",0.115
"22224",0.115
"22225",0.115
"22226",0.116666666666667
"22227",0.116666666666667
"22228",0.115
"22229",0.115
"22230",0.116666666666667
"22231",0.115
"22232",0.115
"22233",0.115
"22234",0.115
"22235",0.116666666666667
"22236",0.116666666666667
"22237",0.115
"22238",0.115
"22239",0.115
"22240",0.115
"22241",0.115
"22242",0.115
"22243",0.115
"22244",0.113333333333333
"22245",0.116666666666667
"22246",0.115
"22247",0.116666666666667
"22248",0.115
"22249",0.115
"22250",0.115
"22251",0.111666666666667
"22252",0.113333333333333
"22253",0.111666666666667
"22254",0.113333333333333
"22255",0.113333333333333
"22256",0.113333333333333
"22257",0.111666666666667
"22258",0.111666666666667
"22259",0.111666666666667
"22260",0.113333333333333
"22261",0.111666666666667
"22262",0.111666666666667
"22263",0.111666666666667
"22264",0.111666666666667
"22265",0.111666666666667
"22266",0.111666666666667
"22267",0.113333333333333
"22268",0.111666666666667
"22269",0.111666666666667
"22270",0.11
"22271",0.111666666666667
"22272",0.113333333333333
"22273",0.111666666666667
"22274",0.111666666666667
"22275",0.111666666666667
"22276",0.113333333333333
"22277",0.113333333333333
"22278",0.111666666666667
"22279",0.111666666666667
"22280",0.113333333333333
"22281",0.111666666666667
"22282",0.111666666666667
"22283",0.111666666666667
"22284",0.111666666666667
"22285",0.113333333333333
"22286",0.113333333333333
"22287",0.111666666666667
"22288",0.111666666666667
"22289",0.111666666666667
"22290",0.111666666666667
"22291",0.111666666666667
"22292",0.111666666666667
"22293",0.111666666666667
"22294",0.11
"22295",0.113333333333333
"22296",0.111666666666667
"22297",0.113333333333333
"22298",0.111666666666667
"22299",0.111666666666667
"22300",0.111666666666667
"22301",0.113333333333333
"22302",0.115
"22303",0.113333333333333
"22304",0.115
"22305",0.115
"22306",0.115
"22307",0.113333333333333
"22308",0.113333333333333
"22309",0.113333333333333
"22310",0.115
"22311",0.113333333333333
"22312",0.113333333333333
"22313",0.113333333333333
"22314",0.113333333333333
"22315",0.113333333333333
"22316",0.113333333333333
"22317",0.115
"22318",0.113333333333333
"22319",0.113333333333333
"22320",0.111666666666667
"22321",0.113333333333333
"22322",0.115
"22323",0.113333333333333
"22324",0.113333333333333
"22325",0.113333333333333
"22326",0.115
"22327",0.115
"22328",0.113333333333333
"22329",0.113333333333333
"22330",0.115
"22331",0.113333333333333
"22332",0.113333333333333
"22333",0.113333333333333
"22334",0.113333333333333
"22335",0.115
"22336",0.115
"22337",0.113333333333333
"22338",0.113333333333333
"22339",0.113333333333333
"22340",0.113333333333333
"22341",0.113333333333333
"22342",0.113333333333333
"22343",0.113333333333333
"22344",0.111666666666667
"22345",0.115
"22346",0.113333333333333
"22347",0.115
"22348",0.113333333333333
"22349",0.113333333333333
"22350",0.113333333333333
"22351",0.115
"22352",0.116666666666667
"22353",0.115
"22354",0.116666666666667
"22355",0.116666666666667
"22356",0.116666666666667
"22357",0.115
"22358",0.115
"22359",0.115
"22360",0.116666666666667
"22361",0.115
"22362",0.115
"22363",0.115
"22364",0.115
"22365",0.115
"22366",0.115
"22367",0.116666666666667
"22368",0.115
"22369",0.115
"22370",0.113333333333333
"22371",0.115
"22372",0.116666666666667
"22373",0.115
"22374",0.115
"22375",0.115
"22376",0.116666666666667
"22377",0.116666666666667
"22378",0.115
"22379",0.115
"22380",0.116666666666667
"22381",0.115
"22382",0.115
"22383",0.115
"22384",0.115
"22385",0.116666666666667
"22386",0.116666666666667
"22387",0.115
"22388",0.115
"22389",0.115
"22390",0.115
"22391",0.115
"22392",0.115
"22393",0.115
"22394",0.113333333333333
"22395",0.116666666666667
"22396",0.115
"22397",0.116666666666667
"22398",0.115
"22399",0.115
"22400",0.115
"22401",0.115
"22402",0.116666666666667
"22403",0.115
"22404",0.116666666666667
"22405",0.116666666666667
"22406",0.116666666666667
"22407",0.115
"22408",0.115
"22409",0.115
"22410",0.116666666666667
"22411",0.115
"22412",0.115
"22413",0.115
"22414",0.115
"22415",0.115
"22416",0.115
"22417",0.116666666666667
"22418",0.115
"22419",0.115
"22420",0.113333333333333
"22421",0.115
"22422",0.116666666666667
"22423",0.115
"22424",0.115
"22425",0.115
"22426",0.116666666666667
"22427",0.116666666666667
"22428",0.115
"22429",0.115
"22430",0.116666666666667
"22431",0.115
"22432",0.115
"22433",0.115
"22434",0.115
"22435",0.116666666666667
"22436",0.116666666666667
"22437",0.115
"22438",0.115
"22439",0.115
"22440",0.115
"22441",0.115
"22442",0.115
"22443",0.115
"22444",0.113333333333333
"22445",0.116666666666667
"22446",0.115
"22447",0.116666666666667
"22448",0.115
"22449",0.115
"22450",0.115
"22451",0.136666666666667
"22452",0.14
"22453",0.138333333333333
"22454",0.14
"22455",0.14
"22456",0.138333333333333
"22457",0.138333333333333
"22458",0.138333333333333
"22459",0.138333333333333
"22460",0.14
"22461",0.138333333333333
"22462",0.138333333333333
"22463",0.138333333333333
"22464",0.138333333333333
"22465",0.138333333333333
"22466",0.138333333333333
"22467",0.14
"22468",0.138333333333333
"22469",0.138333333333333
"22470",0.136666666666667
"22471",0.136666666666667
"22472",0.14
"22473",0.138333333333333
"22474",0.138333333333333
"22475",0.138333333333333
"22476",0.138333333333333
"22477",0.136666666666667
"22478",0.138333333333333
"22479",0.138333333333333
"22480",0.14
"22481",0.138333333333333
"22482",0.138333333333333
"22483",0.138333333333333
"22484",0.138333333333333
"22485",0.14
"22486",0.14
"22487",0.138333333333333
"22488",0.138333333333333
"22489",0.138333333333333
"22490",0.138333333333333
"22491",0.138333333333333
"22492",0.138333333333333
"22493",0.138333333333333
"22494",0.138333333333333
"22495",0.138333333333333
"22496",0.138333333333333
"22497",0.14
"22498",0.138333333333333
"22499",0.138333333333333
"22500",0.138333333333333
"22501",0.1
"22502",0.101666666666667
"22503",0.1
"22504",0.1
"22505",0.101666666666667
"22506",0.1
"22507",0.1
"22508",0.1
"22509",0.1
"22510",0.1
"22511",0.1
"22512",0.1
"22513",0.1
"22514",0.1
"22515",0.1
"22516",0.1
"22517",0.1
"22518",0.1
"22519",0.1
"22520",0.0983333333333333
"22521",0.1
"22522",0.101666666666667
"22523",0.1
"22524",0.1
"22525",0.1
"22526",0.1
"22527",0.101666666666667
"22528",0.1
"22529",0.1
"22530",0.1
"22531",0.1
"22532",0.1
"22533",0.1
"22534",0.1
"22535",0.1
"22536",0.1
"22537",0.1
"22538",0.1
"22539",0.1
"22540",0.1
"22541",0.1
"22542",0.1
"22543",0.1
"22544",0.101666666666667
"22545",0.101666666666667
"22546",0.1
"22547",0.1
"22548",0.1
"22549",0.1
"22550",0.1
"22551",0.106666666666667
"22552",0.108333333333333
"22553",0.106666666666667
"22554",0.106666666666667
"22555",0.108333333333333
"22556",0.106666666666667
"22557",0.106666666666667
"22558",0.106666666666667
"22559",0.106666666666667
"22560",0.106666666666667
"22561",0.106666666666667
"22562",0.106666666666667
"22563",0.106666666666667
"22564",0.106666666666667
"22565",0.106666666666667
"22566",0.106666666666667
"22567",0.106666666666667
"22568",0.106666666666667
"22569",0.106666666666667
"22570",0.105
"22571",0.106666666666667
"22572",0.108333333333333
"22573",0.106666666666667
"22574",0.106666666666667
"22575",0.106666666666667
"22576",0.106666666666667
"22577",0.108333333333333
"22578",0.106666666666667
"22579",0.106666666666667
"22580",0.106666666666667
"22581",0.106666666666667
"22582",0.106666666666667
"22583",0.106666666666667
"22584",0.106666666666667
"22585",0.106666666666667
"22586",0.106666666666667
"22587",0.106666666666667
"22588",0.106666666666667
"22589",0.106666666666667
"22590",0.106666666666667
"22591",0.106666666666667
"22592",0.106666666666667
"22593",0.106666666666667
"22594",0.108333333333333
"22595",0.108333333333333
"22596",0.106666666666667
"22597",0.106666666666667
"22598",0.106666666666667
"22599",0.106666666666667
"22600",0.106666666666667
"22601",0.116666666666667
"22602",0.116666666666667
"22603",0.115
"22604",0.116666666666667
"22605",0.116666666666667
"22606",0.116666666666667
"22607",0.115
"22608",0.115
"22609",0.115
"22610",0.116666666666667
"22611",0.115
"22612",0.115
"22613",0.115
"22614",0.115
"22615",0.115
"22616",0.115
"22617",0.116666666666667
"22618",0.115
"22619",0.115
"22620",0.113333333333333
"22621",0.116666666666667
"22622",0.115
"22623",0.115
"22624",0.115
"22625",0.115
"22626",0.115
"22627",0.115
"22628",0.115
"22629",0.115
"22630",0.116666666666667
"22631",0.115
"22632",0.115
"22633",0.115
"22634",0.115
"22635",0.116666666666667
"22636",0.116666666666667
"22637",0.115
"22638",0.115
"22639",0.115
"22640",0.115
"22641",0.115
"22642",0.115
"22643",0.115
"22644",0.116666666666667
"22645",0.113333333333333
"22646",0.115
"22647",0.116666666666667
"22648",0.115
"22649",0.115
"22650",0.115
"22651",0.116666666666667
"22652",0.116666666666667
"22653",0.115
"22654",0.116666666666667
"22655",0.116666666666667
"22656",0.116666666666667
"22657",0.115
"22658",0.115
"22659",0.115
"22660",0.116666666666667
"22661",0.115
"22662",0.115
"22663",0.115
"22664",0.115
"22665",0.115
"22666",0.115
"22667",0.116666666666667
"22668",0.115
"22669",0.115
"22670",0.113333333333333
"22671",0.116666666666667
"22672",0.115
"22673",0.115
"22674",0.115
"22675",0.115
"22676",0.115
"22677",0.115
"22678",0.115
"22679",0.115
"22680",0.116666666666667
"22681",0.115
"22682",0.115
"22683",0.115
"22684",0.115
"22685",0.116666666666667
"22686",0.116666666666667
"22687",0.115
"22688",0.115
"22689",0.115
"22690",0.115
"22691",0.115
"22692",0.115
"22693",0.115
"22694",0.116666666666667
"22695",0.113333333333333
"22696",0.115
"22697",0.116666666666667
"22698",0.115
"22699",0.115
"22700",0.115
"22701",0.143333333333333
"22702",0.145
"22703",0.143333333333333
"22704",0.145
"22705",0.145
"22706",0.145
"22707",0.143333333333333
"22708",0.143333333333333
"22709",0.143333333333333
"22710",0.145
"22711",0.143333333333333
"22712",0.143333333333333
"22713",0.143333333333333
"22714",0.143333333333333
"22715",0.143333333333333
"22716",0.143333333333333
"22717",0.145
"22718",0.143333333333333
"22719",0.143333333333333
"22720",0.141666666666667
"22721",0.143333333333333
"22722",0.143333333333333
"22723",0.143333333333333
"22724",0.143333333333333
"22725",0.143333333333333
"22726",0.143333333333333
"22727",0.143333333333333
"22728",0.143333333333333
"22729",0.143333333333333
"22730",0.145
"22731",0.143333333333333
"22732",0.143333333333333
"22733",0.143333333333333
"22734",0.143333333333333
"22735",0.145
"22736",0.145
"22737",0.143333333333333
"22738",0.143333333333333
"22739",0.143333333333333
"22740",0.143333333333333
"22741",0.143333333333333
"22742",0.143333333333333
"22743",0.143333333333333
"22744",0.145
"22745",0.143333333333333
"22746",0.143333333333333
"22747",0.145
"22748",0.143333333333333
"22749",0.143333333333333
"22750",0.143333333333333
"22751",0.143333333333333
"22752",0.145
"22753",0.143333333333333
"22754",0.145
"22755",0.145
"22756",0.145
"22757",0.143333333333333
"22758",0.143333333333333
"22759",0.143333333333333
"22760",0.145
"22761",0.143333333333333
"22762",0.143333333333333
"22763",0.143333333333333
"22764",0.143333333333333
"22765",0.143333333333333
"22766",0.143333333333333
"22767",0.145
"22768",0.143333333333333
"22769",0.143333333333333
"22770",0.141666666666667
"22771",0.143333333333333
"22772",0.143333333333333
"22773",0.143333333333333
"22774",0.143333333333333
"22775",0.143333333333333
"22776",0.143333333333333
"22777",0.143333333333333
"22778",0.143333333333333
"22779",0.143333333333333
"22780",0.145
"22781",0.143333333333333
"22782",0.143333333333333
"22783",0.143333333333333
"22784",0.143333333333333
"22785",0.145
"22786",0.145
"22787",0.143333333333333
"22788",0.143333333333333
"22789",0.143333333333333
"22790",0.143333333333333
"22791",0.143333333333333
"22792",0.143333333333333
"22793",0.143333333333333
"22794",0.145
"22795",0.143333333333333
"22796",0.143333333333333
"22797",0.145
"22798",0.143333333333333
"22799",0.143333333333333
"22800",0.143333333333333
"22801",0.143333333333333
"22802",0.145
"22803",0.143333333333333
"22804",0.145
"22805",0.145
"22806",0.145
"22807",0.143333333333333
"22808",0.143333333333333
"22809",0.143333333333333
"22810",0.145
"22811",0.143333333333333
"22812",0.143333333333333
"22813",0.143333333333333
"22814",0.143333333333333
"22815",0.143333333333333
"22816",0.143333333333333
"22817",0.145
"22818",0.143333333333333
"22819",0.143333333333333
"22820",0.141666666666667
"22821",0.143333333333333
"22822",0.143333333333333
"22823",0.143333333333333
"22824",0.143333333333333
"22825",0.143333333333333
"22826",0.143333333333333
"22827",0.143333333333333
"22828",0.143333333333333
"22829",0.143333333333333
"22830",0.145
"22831",0.143333333333333
"22832",0.143333333333333
"22833",0.143333333333333
"22834",0.143333333333333
"22835",0.145
"22836",0.145
"22837",0.143333333333333
"22838",0.143333333333333
"22839",0.143333333333333
"22840",0.143333333333333
"22841",0.143333333333333
"22842",0.143333333333333
"22843",0.143333333333333
"22844",0.145
"22845",0.143333333333333
"22846",0.143333333333333
"22847",0.145
"22848",0.143333333333333
"22849",0.143333333333333
"22850",0.143333333333333
"22851",0.143333333333333
"22852",0.145
"22853",0.143333333333333
"22854",0.145
"22855",0.145
"22856",0.145
"22857",0.143333333333333
"22858",0.143333333333333
"22859",0.143333333333333
"22860",0.145
"22861",0.143333333333333
"22862",0.143333333333333
"22863",0.143333333333333
"22864",0.143333333333333
"22865",0.143333333333333
"22866",0.143333333333333
"22867",0.145
"22868",0.143333333333333
"22869",0.143333333333333
"22870",0.141666666666667
"22871",0.143333333333333
"22872",0.143333333333333
"22873",0.143333333333333
"22874",0.143333333333333
"22875",0.143333333333333
"22876",0.143333333333333
"22877",0.143333333333333
"22878",0.143333333333333
"22879",0.143333333333333
"22880",0.145
"22881",0.143333333333333
"22882",0.143333333333333
"22883",0.143333333333333
"22884",0.143333333333333
"22885",0.145
"22886",0.145
"22887",0.143333333333333
"22888",0.143333333333333
"22889",0.143333333333333
"22890",0.143333333333333
"22891",0.143333333333333
"22892",0.143333333333333
"22893",0.143333333333333
"22894",0.145
"22895",0.143333333333333
"22896",0.143333333333333
"22897",0.145
"22898",0.143333333333333
"22899",0.143333333333333
"22900",0.143333333333333
"22901",0.143333333333333
"22902",0.145
"22903",0.143333333333333
"22904",0.145
"22905",0.145
"22906",0.145
"22907",0.143333333333333
"22908",0.143333333333333
"22909",0.143333333333333
"22910",0.145
"22911",0.143333333333333
"22912",0.143333333333333
"22913",0.143333333333333
"22914",0.143333333333333
"22915",0.143333333333333
"22916",0.143333333333333
"22917",0.145
"22918",0.143333333333333
"22919",0.143333333333333
"22920",0.141666666666667
"22921",0.143333333333333
"22922",0.143333333333333
"22923",0.143333333333333
"22924",0.143333333333333
"22925",0.143333333333333
"22926",0.143333333333333
"22927",0.143333333333333
"22928",0.143333333333333
"22929",0.143333333333333
"22930",0.145
"22931",0.143333333333333
"22932",0.143333333333333
"22933",0.143333333333333
"22934",0.143333333333333
"22935",0.145
"22936",0.145
"22937",0.143333333333333
"22938",0.143333333333333
"22939",0.143333333333333
"22940",0.143333333333333
"22941",0.143333333333333
"22942",0.143333333333333
"22943",0.143333333333333
"22944",0.145
"22945",0.143333333333333
"22946",0.143333333333333
"22947",0.145
"22948",0.143333333333333
"22949",0.143333333333333
"22950",0.143333333333333
"22951",0.143333333333333
"22952",0.145
"22953",0.143333333333333
"22954",0.145
"22955",0.145
"22956",0.145
"22957",0.143333333333333
"22958",0.143333333333333
"22959",0.143333333333333
"22960",0.145
"22961",0.143333333333333
"22962",0.143333333333333
"22963",0.143333333333333
"22964",0.143333333333333
"22965",0.143333333333333
"22966",0.143333333333333
"22967",0.145
"22968",0.143333333333333
"22969",0.143333333333333
"22970",0.141666666666667
"22971",0.143333333333333
"22972",0.143333333333333
"22973",0.143333333333333
"22974",0.143333333333333
"22975",0.143333333333333
"22976",0.143333333333333
"22977",0.143333333333333
"22978",0.143333333333333
"22979",0.143333333333333
"22980",0.145
"22981",0.143333333333333
"22982",0.143333333333333
"22983",0.143333333333333
"22984",0.143333333333333
"22985",0.145
"22986",0.145
"22987",0.143333333333333
"22988",0.143333333333333
"22989",0.143333333333333
"22990",0.143333333333333
"22991",0.143333333333333
"22992",0.143333333333333
"22993",0.143333333333333
"22994",0.145
"22995",0.143333333333333
"22996",0.143333333333333
"22997",0.145
"22998",0.143333333333333
"22999",0.143333333333333
"23000",0.143333333333333
"23001",0.143333333333333
"23002",0.145
"23003",0.143333333333333
"23004",0.145
"23005",0.145
"23006",0.145
"23007",0.143333333333333
"23008",0.143333333333333
"23009",0.143333333333333
"23010",0.145
"23011",0.143333333333333
"23012",0.143333333333333
"23013",0.143333333333333
"23014",0.143333333333333
"23015",0.143333333333333
"23016",0.143333333333333
"23017",0.145
"23018",0.143333333333333
"23019",0.143333333333333
"23020",0.141666666666667
"23021",0.143333333333333
"23022",0.143333333333333
"23023",0.143333333333333
"23024",0.143333333333333
"23025",0.143333333333333
"23026",0.143333333333333
"23027",0.143333333333333
"23028",0.143333333333333
"23029",0.143333333333333
"23030",0.145
"23031",0.143333333333333
"23032",0.143333333333333
"23033",0.143333333333333
"23034",0.143333333333333
"23035",0.145
"23036",0.145
"23037",0.143333333333333
"23038",0.143333333333333
"23039",0.143333333333333
"23040",0.143333333333333
"23041",0.143333333333333
"23042",0.143333333333333
"23043",0.143333333333333
"23044",0.145
"23045",0.143333333333333
"23046",0.143333333333333
"23047",0.145
"23048",0.143333333333333
"23049",0.143333333333333
"23050",0.143333333333333
"23051",0.143333333333333
"23052",0.145
"23053",0.143333333333333
"23054",0.145
"23055",0.145
"23056",0.145
"23057",0.143333333333333
"23058",0.143333333333333
"23059",0.143333333333333
"23060",0.145
"23061",0.143333333333333
"23062",0.143333333333333
"23063",0.143333333333333
"23064",0.143333333333333
"23065",0.143333333333333
"23066",0.143333333333333
"23067",0.145
"23068",0.143333333333333
"23069",0.143333333333333
"23070",0.141666666666667
"23071",0.143333333333333
"23072",0.143333333333333
"23073",0.143333333333333
"23074",0.143333333333333
"23075",0.143333333333333
"23076",0.143333333333333
"23077",0.143333333333333
"23078",0.143333333333333
"23079",0.143333333333333
"23080",0.145
"23081",0.143333333333333
"23082",0.143333333333333
"23083",0.143333333333333
"23084",0.143333333333333
"23085",0.145
"23086",0.145
"23087",0.143333333333333
"23088",0.143333333333333
"23089",0.143333333333333
"23090",0.143333333333333
"23091",0.143333333333333
"23092",0.143333333333333
"23093",0.143333333333333
"23094",0.145
"23095",0.143333333333333
"23096",0.143333333333333
"23097",0.145
"23098",0.143333333333333
"23099",0.143333333333333
"23100",0.143333333333333
"23101",0.143333333333333
"23102",0.145
"23103",0.143333333333333
"23104",0.145
"23105",0.145
"23106",0.145
"23107",0.143333333333333
"23108",0.143333333333333
"23109",0.143333333333333
"23110",0.145
"23111",0.143333333333333
"23112",0.143333333333333
"23113",0.143333333333333
"23114",0.143333333333333
"23115",0.143333333333333
"23116",0.143333333333333
"23117",0.145
"23118",0.143333333333333
"23119",0.143333333333333
"23120",0.141666666666667
"23121",0.143333333333333
"23122",0.143333333333333
"23123",0.143333333333333
"23124",0.143333333333333
"23125",0.143333333333333
"23126",0.143333333333333
"23127",0.143333333333333
"23128",0.143333333333333
"23129",0.143333333333333
"23130",0.145
"23131",0.143333333333333
"23132",0.143333333333333
"23133",0.143333333333333
"23134",0.143333333333333
"23135",0.145
"23136",0.145
"23137",0.143333333333333
"23138",0.143333333333333
"23139",0.143333333333333
"23140",0.143333333333333
"23141",0.143333333333333
"23142",0.143333333333333
"23143",0.143333333333333
"23144",0.145
"23145",0.143333333333333
"23146",0.143333333333333
"23147",0.145
"23148",0.143333333333333
"23149",0.143333333333333
"23150",0.143333333333333
"23151",0.141666666666667
"23152",0.143333333333333
"23153",0.141666666666667
"23154",0.143333333333333
"23155",0.143333333333333
"23156",0.143333333333333
"23157",0.141666666666667
"23158",0.141666666666667
"23159",0.141666666666667
"23160",0.143333333333333
"23161",0.141666666666667
"23162",0.141666666666667
"23163",0.141666666666667
"23164",0.141666666666667
"23165",0.141666666666667
"23166",0.141666666666667
"23167",0.143333333333333
"23168",0.141666666666667
"23169",0.141666666666667
"23170",0.14
"23171",0.141666666666667
"23172",0.141666666666667
"23173",0.141666666666667
"23174",0.141666666666667
"23175",0.141666666666667
"23176",0.141666666666667
"23177",0.141666666666667
"23178",0.141666666666667
"23179",0.141666666666667
"23180",0.143333333333333
"23181",0.141666666666667
"23182",0.141666666666667
"23183",0.141666666666667
"23184",0.141666666666667
"23185",0.143333333333333
"23186",0.143333333333333
"23187",0.141666666666667
"23188",0.141666666666667
"23189",0.141666666666667
"23190",0.141666666666667
"23191",0.141666666666667
"23192",0.141666666666667
"23193",0.141666666666667
"23194",0.143333333333333
"23195",0.141666666666667
"23196",0.141666666666667
"23197",0.143333333333333
"23198",0.141666666666667
"23199",0.141666666666667
"23200",0.141666666666667
"23201",0.143333333333333
"23202",0.145
"23203",0.143333333333333
"23204",0.145
"23205",0.145
"23206",0.145
"23207",0.143333333333333
"23208",0.143333333333333
"23209",0.143333333333333
"23210",0.145
"23211",0.143333333333333
"23212",0.143333333333333
"23213",0.143333333333333
"23214",0.143333333333333
"23215",0.143333333333333
"23216",0.143333333333333
"23217",0.145
"23218",0.143333333333333
"23219",0.143333333333333
"23220",0.141666666666667
"23221",0.143333333333333
"23222",0.143333333333333
"23223",0.143333333333333
"23224",0.143333333333333
"23225",0.143333333333333
"23226",0.143333333333333
"23227",0.143333333333333
"23228",0.143333333333333
"23229",0.143333333333333
"23230",0.145
"23231",0.143333333333333
"23232",0.143333333333333
"23233",0.143333333333333
"23234",0.143333333333333
"23235",0.145
"23236",0.145
"23237",0.143333333333333
"23238",0.143333333333333
"23239",0.143333333333333
"23240",0.143333333333333
"23241",0.143333333333333
"23242",0.143333333333333
"23243",0.143333333333333
"23244",0.145
"23245",0.143333333333333
"23246",0.143333333333333
"23247",0.145
"23248",0.143333333333333
"23249",0.143333333333333
"23250",0.143333333333333
"23251",0.143333333333333
"23252",0.145
"23253",0.143333333333333
"23254",0.145
"23255",0.145
"23256",0.145
"23257",0.143333333333333
"23258",0.143333333333333
"23259",0.143333333333333
"23260",0.145
"23261",0.143333333333333
"23262",0.143333333333333
"23263",0.143333333333333
"23264",0.143333333333333
"23265",0.143333333333333
"23266",0.143333333333333
"23267",0.145
"23268",0.143333333333333
"23269",0.143333333333333
"23270",0.141666666666667
"23271",0.143333333333333
"23272",0.143333333333333
"23273",0.143333333333333
"23274",0.143333333333333
"23275",0.143333333333333
"23276",0.143333333333333
"23277",0.143333333333333
"23278",0.143333333333333
"23279",0.143333333333333
"23280",0.145
"23281",0.143333333333333
"23282",0.143333333333333
"23283",0.143333333333333
"23284",0.143333333333333
"23285",0.145
"23286",0.145
"23287",0.143333333333333
"23288",0.143333333333333
"23289",0.143333333333333
"23290",0.143333333333333
"23291",0.143333333333333
"23292",0.143333333333333
"23293",0.143333333333333
"23294",0.145
"23295",0.143333333333333
"23296",0.143333333333333
"23297",0.145
"23298",0.143333333333333
"23299",0.143333333333333
"23300",0.143333333333333
"23301",0.0933333333333333
"23302",0.0966666666666667
"23303",0.095
"23304",0.0966666666666667
"23305",0.0966666666666667
"23306",0.095
"23307",0.095
"23308",0.095
"23309",0.095
"23310",0.0966666666666667
"23311",0.095
"23312",0.095
"23313",0.095
"23314",0.095
"23315",0.095
"23316",0.095
"23317",0.0966666666666667
"23318",0.095
"23319",0.095
"23320",0.0933333333333333
"23321",0.0933333333333333
"23322",0.095
"23323",0.095
"23324",0.095
"23325",0.095
"23326",0.095
"23327",0.0933333333333333
"23328",0.095
"23329",0.095
"23330",0.0966666666666667
"23331",0.095
"23332",0.095
"23333",0.095
"23334",0.095
"23335",0.0966666666666667
"23336",0.0966666666666667
"23337",0.095
"23338",0.095
"23339",0.095
"23340",0.095
"23341",0.095
"23342",0.095
"23343",0.095
"23344",0.0966666666666667
"23345",0.095
"23346",0.095
"23347",0.0966666666666667
"23348",0.095
"23349",0.095
"23350",0.095
"23351",0.128333333333333
"23352",0.131666666666667
"23353",0.13
"23354",0.131666666666667
"23355",0.131666666666667
"23356",0.13
"23357",0.13
"23358",0.13
"23359",0.13
"23360",0.131666666666667
"23361",0.13
"23362",0.13
"23363",0.13
"23364",0.13
"23365",0.13
"23366",0.13
"23367",0.131666666666667
"23368",0.13
"23369",0.13
"23370",0.128333333333333
"23371",0.128333333333333
"23372",0.128333333333333
"23373",0.13
"23374",0.13
"23375",0.13
"23376",0.13
"23377",0.131666666666667
"23378",0.13
"23379",0.13
"23380",0.128333333333333
"23381",0.13
"23382",0.13
"23383",0.13
"23384",0.13
"23385",0.131666666666667
"23386",0.128333333333333
"23387",0.13
"23388",0.13
"23389",0.13
"23390",0.13
"23391",0.13
"23392",0.13
"23393",0.13
"23394",0.131666666666667
"23395",0.131666666666667
"23396",0.13
"23397",0.128333333333333
"23398",0.13
"23399",0.13
"23400",0.13
"23401",0.101666666666667
"23402",0.103333333333333
"23403",0.101666666666667
"23404",0.103333333333333
"23405",0.103333333333333
"23406",0.1
"23407",0.101666666666667
"23408",0.101666666666667
"23409",0.101666666666667
"23410",0.103333333333333
"23411",0.101666666666667
"23412",0.101666666666667
"23413",0.101666666666667
"23414",0.101666666666667
"23415",0.101666666666667
"23416",0.101666666666667
"23417",0.103333333333333
"23418",0.101666666666667
"23419",0.101666666666667
"23420",0.1
"23421",0.101666666666667
"23422",0.103333333333333
"23423",0.101666666666667
"23424",0.101666666666667
"23425",0.101666666666667
"23426",0.103333333333333
"23427",0.103333333333333
"23428",0.101666666666667
"23429",0.101666666666667
"23430",0.103333333333333
"23431",0.101666666666667
"23432",0.101666666666667
"23433",0.101666666666667
"23434",0.101666666666667
"23435",0.103333333333333
"23436",0.103333333333333
"23437",0.101666666666667
"23438",0.101666666666667
"23439",0.101666666666667
"23440",0.101666666666667
"23441",0.101666666666667
"23442",0.101666666666667
"23443",0.101666666666667
"23444",0.103333333333333
"23445",0.103333333333333
"23446",0.101666666666667
"23447",0.103333333333333
"23448",0.101666666666667
"23449",0.101666666666667
"23450",0.101666666666667
"23451",0.101666666666667
"23452",0.103333333333333
"23453",0.101666666666667
"23454",0.103333333333333
"23455",0.103333333333333
"23456",0.1
"23457",0.101666666666667
"23458",0.101666666666667
"23459",0.101666666666667
"23460",0.103333333333333
"23461",0.101666666666667
"23462",0.101666666666667
"23463",0.101666666666667
"23464",0.101666666666667
"23465",0.101666666666667
"23466",0.101666666666667
"23467",0.103333333333333
"23468",0.101666666666667
"23469",0.101666666666667
"23470",0.1
"23471",0.101666666666667
"23472",0.103333333333333
"23473",0.101666666666667
"23474",0.101666666666667
"23475",0.101666666666667
"23476",0.103333333333333
"23477",0.103333333333333
"23478",0.101666666666667
"23479",0.101666666666667
"23480",0.103333333333333
"23481",0.101666666666667
"23482",0.101666666666667
"23483",0.101666666666667
"23484",0.101666666666667
"23485",0.103333333333333
"23486",0.103333333333333
"23487",0.101666666666667
"23488",0.101666666666667
"23489",0.101666666666667
"23490",0.101666666666667
"23491",0.101666666666667
"23492",0.101666666666667
"23493",0.101666666666667
"23494",0.103333333333333
"23495",0.103333333333333
"23496",0.101666666666667
"23497",0.103333333333333
"23498",0.101666666666667
"23499",0.101666666666667
"23500",0.101666666666667
"23501",0.13
"23502",0.133333333333333
"23503",0.131666666666667
"23504",0.13
"23505",0.133333333333333
"23506",0.131666666666667
"23507",0.131666666666667
"23508",0.131666666666667
"23509",0.131666666666667
"23510",0.13
"23511",0.131666666666667
"23512",0.131666666666667
"23513",0.131666666666667
"23514",0.131666666666667
"23515",0.131666666666667
"23516",0.131666666666667
"23517",0.13
"23518",0.131666666666667
"23519",0.131666666666667
"23520",0.13
"23521",0.13
"23522",0.13
"23523",0.131666666666667
"23524",0.131666666666667
"23525",0.131666666666667
"23526",0.131666666666667
"23527",0.133333333333333
"23528",0.131666666666667
"23529",0.131666666666667
"23530",0.13
"23531",0.131666666666667
"23532",0.131666666666667
"23533",0.131666666666667
"23534",0.131666666666667
"23535",0.13
"23536",0.13
"23537",0.131666666666667
"23538",0.131666666666667
"23539",0.131666666666667
"23540",0.131666666666667
"23541",0.131666666666667
"23542",0.131666666666667
"23543",0.131666666666667
"23544",0.133333333333333
"23545",0.133333333333333
"23546",0.131666666666667
"23547",0.13
"23548",0.131666666666667
"23549",0.131666666666667
"23550",0.131666666666667
"23551",0.0933333333333333
"23552",0.0966666666666667
"23553",0.095
"23554",0.0966666666666667
"23555",0.0966666666666667
"23556",0.095
"23557",0.095
"23558",0.095
"23559",0.095
"23560",0.0966666666666667
"23561",0.095
"23562",0.095
"23563",0.095
"23564",0.095
"23565",0.095
"23566",0.095
"23567",0.0966666666666667
"23568",0.095
"23569",0.095
"23570",0.0933333333333333
"23571",0.0933333333333333
"23572",0.095
"23573",0.095
"23574",0.095
"23575",0.095
"23576",0.095
"23577",0.0933333333333333
"23578",0.095
"23579",0.095
"23580",0.0966666666666667
"23581",0.095
"23582",0.095
"23583",0.095
"23584",0.095
"23585",0.0966666666666667
"23586",0.0966666666666667
"23587",0.095
"23588",0.095
"23589",0.095
"23590",0.095
"23591",0.095
"23592",0.095
"23593",0.095
"23594",0.0966666666666667
"23595",0.095
"23596",0.095
"23597",0.0966666666666667
"23598",0.095
"23599",0.095
"23600",0.095
"23601",0.133333333333333
"23602",0.135
"23603",0.133333333333333
"23604",0.135
"23605",0.135
"23606",0.133333333333333
"23607",0.133333333333333
"23608",0.133333333333333
"23609",0.133333333333333
"23610",0.135
"23611",0.133333333333333
"23612",0.133333333333333
"23613",0.133333333333333
"23614",0.133333333333333
"23615",0.133333333333333
"23616",0.133333333333333
"23617",0.135
"23618",0.133333333333333
"23619",0.133333333333333
"23620",0.131666666666667
"23621",0.133333333333333
"23622",0.135
"23623",0.133333333333333
"23624",0.133333333333333
"23625",0.133333333333333
"23626",0.135
"23627",0.131666666666667
"23628",0.133333333333333
"23629",0.133333333333333
"23630",0.133333333333333
"23631",0.133333333333333
"23632",0.133333333333333
"23633",0.133333333333333
"23634",0.133333333333333
"23635",0.135
"23636",0.133333333333333
"23637",0.133333333333333
"23638",0.133333333333333
"23639",0.133333333333333
"23640",0.133333333333333
"23641",0.133333333333333
"23642",0.133333333333333
"23643",0.133333333333333
"23644",0.135
"23645",0.133333333333333
"23646",0.133333333333333
"23647",0.133333333333333
"23648",0.133333333333333
"23649",0.133333333333333
"23650",0.133333333333333
"23651",0.136666666666667
"23652",0.138333333333333
"23653",0.136666666666667
"23654",0.138333333333333
"23655",0.138333333333333
"23656",0.136666666666667
"23657",0.136666666666667
"23658",0.136666666666667
"23659",0.136666666666667
"23660",0.138333333333333
"23661",0.136666666666667
"23662",0.136666666666667
"23663",0.136666666666667
"23664",0.136666666666667
"23665",0.136666666666667
"23666",0.136666666666667
"23667",0.138333333333333
"23668",0.136666666666667
"23669",0.136666666666667
"23670",0.135
"23671",0.136666666666667
"23672",0.136666666666667
"23673",0.136666666666667
"23674",0.136666666666667
"23675",0.136666666666667
"23676",0.136666666666667
"23677",0.138333333333333
"23678",0.136666666666667
"23679",0.136666666666667
"23680",0.138333333333333
"23681",0.136666666666667
"23682",0.136666666666667
"23683",0.136666666666667
"23684",0.136666666666667
"23685",0.138333333333333
"23686",0.138333333333333
"23687",0.136666666666667
"23688",0.136666666666667
"23689",0.136666666666667
"23690",0.136666666666667
"23691",0.136666666666667
"23692",0.136666666666667
"23693",0.136666666666667
"23694",0.136666666666667
"23695",0.138333333333333
"23696",0.136666666666667
"23697",0.138333333333333
"23698",0.136666666666667
"23699",0.136666666666667
"23700",0.136666666666667
"23701",0.133333333333333
"23702",0.135
"23703",0.133333333333333
"23704",0.135
"23705",0.135
"23706",0.133333333333333
"23707",0.133333333333333
"23708",0.133333333333333
"23709",0.133333333333333
"23710",0.135
"23711",0.133333333333333
"23712",0.133333333333333
"23713",0.133333333333333
"23714",0.133333333333333
"23715",0.133333333333333
"23716",0.133333333333333
"23717",0.135
"23718",0.133333333333333
"23719",0.133333333333333
"23720",0.131666666666667
"23721",0.133333333333333
"23722",0.131666666666667
"23723",0.133333333333333
"23724",0.133333333333333
"23725",0.133333333333333
"23726",0.133333333333333
"23727",0.135
"23728",0.133333333333333
"23729",0.133333333333333
"23730",0.135
"23731",0.133333333333333
"23732",0.133333333333333
"23733",0.133333333333333
"23734",0.133333333333333
"23735",0.135
"23736",0.135
"23737",0.133333333333333
"23738",0.133333333333333
"23739",0.133333333333333
"23740",0.133333333333333
"23741",0.133333333333333
"23742",0.133333333333333
"23743",0.133333333333333
"23744",0.133333333333333
"23745",0.135
"23746",0.133333333333333
"23747",0.135
"23748",0.133333333333333
"23749",0.133333333333333
"23750",0.133333333333333
"23751",0.133333333333333
"23752",0.135
"23753",0.133333333333333
"23754",0.135
"23755",0.135
"23756",0.133333333333333
"23757",0.133333333333333
"23758",0.133333333333333
"23759",0.133333333333333
"23760",0.135
"23761",0.133333333333333
"23762",0.133333333333333
"23763",0.133333333333333
"23764",0.133333333333333
"23765",0.133333333333333
"23766",0.133333333333333
"23767",0.135
"23768",0.133333333333333
"23769",0.133333333333333
"23770",0.131666666666667
"23771",0.133333333333333
"23772",0.131666666666667
"23773",0.133333333333333
"23774",0.133333333333333
"23775",0.133333333333333
"23776",0.133333333333333
"23777",0.135
"23778",0.133333333333333
"23779",0.133333333333333
"23780",0.135
"23781",0.133333333333333
"23782",0.133333333333333
"23783",0.133333333333333
"23784",0.133333333333333
"23785",0.135
"23786",0.135
"23787",0.133333333333333
"23788",0.133333333333333
"23789",0.133333333333333
"23790",0.133333333333333
"23791",0.133333333333333
"23792",0.133333333333333
"23793",0.133333333333333
"23794",0.133333333333333
"23795",0.135
"23796",0.133333333333333
"23797",0.135
"23798",0.133333333333333
"23799",0.133333333333333
"23800",0.133333333333333
"23801",0.136666666666667
"23802",0.138333333333333
"23803",0.136666666666667
"23804",0.138333333333333
"23805",0.138333333333333
"23806",0.136666666666667
"23807",0.136666666666667
"23808",0.136666666666667
"23809",0.136666666666667
"23810",0.138333333333333
"23811",0.136666666666667
"23812",0.136666666666667
"23813",0.136666666666667
"23814",0.136666666666667
"23815",0.136666666666667
"23816",0.136666666666667
"23817",0.138333333333333
"23818",0.136666666666667
"23819",0.136666666666667
"23820",0.135
"23821",0.136666666666667
"23822",0.135
"23823",0.136666666666667
"23824",0.136666666666667
"23825",0.136666666666667
"23826",0.136666666666667
"23827",0.136666666666667
"23828",0.136666666666667
"23829",0.136666666666667
"23830",0.138333333333333
"23831",0.136666666666667
"23832",0.136666666666667
"23833",0.136666666666667
"23834",0.136666666666667
"23835",0.138333333333333
"23836",0.138333333333333
"23837",0.136666666666667
"23838",0.136666666666667
"23839",0.136666666666667
"23840",0.136666666666667
"23841",0.136666666666667
"23842",0.136666666666667
"23843",0.136666666666667
"23844",0.136666666666667
"23845",0.135
"23846",0.136666666666667
"23847",0.138333333333333
"23848",0.136666666666667
"23849",0.136666666666667
"23850",0.136666666666667
"23851",0.135
"23852",0.136666666666667
"23853",0.135
"23854",0.136666666666667
"23855",0.136666666666667
"23856",0.135
"23857",0.135
"23858",0.135
"23859",0.135
"23860",0.136666666666667
"23861",0.135
"23862",0.135
"23863",0.135
"23864",0.135
"23865",0.135
"23866",0.135
"23867",0.136666666666667
"23868",0.135
"23869",0.135
"23870",0.133333333333333
"23871",0.135
"23872",0.133333333333333
"23873",0.135
"23874",0.135
"23875",0.135
"23876",0.135
"23877",0.136666666666667
"23878",0.135
"23879",0.135
"23880",0.136666666666667
"23881",0.135
"23882",0.135
"23883",0.135
"23884",0.135
"23885",0.136666666666667
"23886",0.136666666666667
"23887",0.135
"23888",0.135
"23889",0.135
"23890",0.135
"23891",0.135
"23892",0.135
"23893",0.135
"23894",0.135
"23895",0.136666666666667
"23896",0.135
"23897",0.136666666666667
"23898",0.135
"23899",0.135
"23900",0.135
"23901",0.1
"23902",0.101666666666667
"23903",0.1
"23904",0.101666666666667
"23905",0.101666666666667
"23906",0.101666666666667
"23907",0.1
"23908",0.1
"23909",0.1
"23910",0.101666666666667
"23911",0.1
"23912",0.1
"23913",0.1
"23914",0.1
"23915",0.1
"23916",0.1
"23917",0.101666666666667
"23918",0.1
"23919",0.1
"23920",0.0983333333333333
"23921",0.1
"23922",0.101666666666667
"23923",0.1
"23924",0.1
"23925",0.1
"23926",0.1
"23927",0.101666666666667
"23928",0.1
"23929",0.1
"23930",0.1
"23931",0.1
"23932",0.1
"23933",0.1
"23934",0.1
"23935",0.101666666666667
"23936",0.1
"23937",0.1
"23938",0.1
"23939",0.1
"23940",0.1
"23941",0.1
"23942",0.1
"23943",0.1
"23944",0.101666666666667
"23945",0.101666666666667
"23946",0.1
"23947",0.1
"23948",0.1
"23949",0.1
"23950",0.1
"23951",0.0983333333333333
"23952",0.1
"23953",0.0983333333333333
"23954",0.1
"23955",0.1
"23956",0.1
"23957",0.0983333333333333
"23958",0.0983333333333333
"23959",0.0983333333333333
"23960",0.1
"23961",0.0983333333333333
"23962",0.0983333333333333
"23963",0.0983333333333333
"23964",0.0983333333333333
"23965",0.0983333333333333
"23966",0.0983333333333333
"23967",0.1
"23968",0.0983333333333333
"23969",0.0983333333333333
"23970",0.0966666666666667
"23971",0.0983333333333333
"23972",0.1
"23973",0.0983333333333333
"23974",0.0983333333333333
"23975",0.0983333333333333
"23976",0.0983333333333333
"23977",0.1
"23978",0.0983333333333333
"23979",0.0983333333333333
"23980",0.0983333333333333
"23981",0.0983333333333333
"23982",0.0983333333333333
"23983",0.0983333333333333
"23984",0.0983333333333333
"23985",0.1
"23986",0.0983333333333333
"23987",0.0983333333333333
"23988",0.0983333333333333
"23989",0.0983333333333333
"23990",0.0983333333333333
"23991",0.0983333333333333
"23992",0.0983333333333333
"23993",0.0983333333333333
"23994",0.1
"23995",0.1
"23996",0.0983333333333333
"23997",0.0983333333333333
"23998",0.0983333333333333
"23999",0.0983333333333333
"24000",0.0983333333333333
"24001",0.1
"24002",0.101666666666667
"24003",0.1
"24004",0.101666666666667
"24005",0.101666666666667
"24006",0.101666666666667
"24007",0.1
"24008",0.1
"24009",0.1
"24010",0.101666666666667
"24011",0.1
"24012",0.1
"24013",0.1
"24014",0.1
"24015",0.1
"24016",0.1
"24017",0.101666666666667
"24018",0.1
"24019",0.1
"24020",0.0983333333333333
"24021",0.1
"24022",0.101666666666667
"24023",0.1
"24024",0.1
"24025",0.1
"24026",0.1
"24027",0.101666666666667
"24028",0.1
"24029",0.1
"24030",0.1
"24031",0.1
"24032",0.1
"24033",0.1
"24034",0.1
"24035",0.101666666666667
"24036",0.1
"24037",0.1
"24038",0.1
"24039",0.1
"24040",0.1
"24041",0.1
"24042",0.1
"24043",0.1
"24044",0.101666666666667
"24045",0.101666666666667
"24046",0.1
"24047",0.1
"24048",0.1
"24049",0.1
"24050",0.1
"24051",0.1
"24052",0.101666666666667
"24053",0.1
"24054",0.101666666666667
"24055",0.101666666666667
"24056",0.101666666666667
"24057",0.1
"24058",0.1
"24059",0.1
"24060",0.101666666666667
"24061",0.1
"24062",0.1
"24063",0.1
"24064",0.1
"24065",0.1
"24066",0.1
"24067",0.101666666666667
"24068",0.1
"24069",0.1
"24070",0.0983333333333333
"24071",0.1
"24072",0.101666666666667
"24073",0.1
"24074",0.1
"24075",0.1
"24076",0.1
"24077",0.101666666666667
"24078",0.1
"24079",0.1
"24080",0.1
"24081",0.1
"24082",0.1
"24083",0.1
"24084",0.1
"24085",0.101666666666667
"24086",0.1
"24087",0.1
"24088",0.1
"24089",0.1
"24090",0.1
"24091",0.1
"24092",0.1
"24093",0.1
"24094",0.101666666666667
"24095",0.101666666666667
"24096",0.1
"24097",0.1
"24098",0.1
"24099",0.1
"24100",0.1
"24101",0.1
"24102",0.101666666666667
"24103",0.1
"24104",0.101666666666667
"24105",0.101666666666667
"24106",0.101666666666667
"24107",0.1
"24108",0.1
"24109",0.1
"24110",0.101666666666667
"24111",0.1
"24112",0.1
"24113",0.1
"24114",0.1
"24115",0.1
"24116",0.1
"24117",0.101666666666667
"24118",0.1
"24119",0.1
"24120",0.0983333333333333
"24121",0.1
"24122",0.101666666666667
"24123",0.1
"24124",0.1
"24125",0.1
"24126",0.1
"24127",0.101666666666667
"24128",0.1
"24129",0.1
"24130",0.1
"24131",0.1
"24132",0.1
"24133",0.1
"24134",0.1
"24135",0.101666666666667
"24136",0.1
"24137",0.1
"24138",0.1
"24139",0.1
"24140",0.1
"24141",0.1
"24142",0.1
"24143",0.1
"24144",0.101666666666667
"24145",0.101666666666667
"24146",0.1
"24147",0.1
"24148",0.1
"24149",0.1
"24150",0.1
"24151",0.0983333333333333
"24152",0.1
"24153",0.0983333333333333
"24154",0.1
"24155",0.1
"24156",0.1
"24157",0.0983333333333333
"24158",0.0983333333333333
"24159",0.0983333333333333
"24160",0.1
"24161",0.0983333333333333
"24162",0.0983333333333333
"24163",0.0983333333333333
"24164",0.0983333333333333
"24165",0.0983333333333333
"24166",0.0983333333333333
"24167",0.1
"24168",0.0983333333333333
"24169",0.0983333333333333
"24170",0.0966666666666667
"24171",0.0983333333333333
"24172",0.1
"24173",0.0983333333333333
"24174",0.0983333333333333
"24175",0.0983333333333333
"24176",0.0983333333333333
"24177",0.1
"24178",0.0983333333333333
"24179",0.0983333333333333
"24180",0.0983333333333333
"24181",0.0983333333333333
"24182",0.0983333333333333
"24183",0.0983333333333333
"24184",0.0983333333333333
"24185",0.1
"24186",0.0983333333333333
"24187",0.0983333333333333
"24188",0.0983333333333333
"24189",0.0983333333333333
"24190",0.0983333333333333
"24191",0.0983333333333333
"24192",0.0983333333333333
"24193",0.0983333333333333
"24194",0.1
"24195",0.1
"24196",0.0983333333333333
"24197",0.0983333333333333
"24198",0.0983333333333333
"24199",0.0983333333333333
"24200",0.0983333333333333
"24201",0.0933333333333333
"24202",0.0966666666666667
"24203",0.095
"24204",0.0966666666666667
"24205",0.0966666666666667
"24206",0.095
"24207",0.095
"24208",0.095
"24209",0.095
"24210",0.0966666666666667
"24211",0.095
"24212",0.095
"24213",0.095
"24214",0.095
"24215",0.095
"24216",0.095
"24217",0.0966666666666667
"24218",0.095
"24219",0.095
"24220",0.0933333333333333
"24221",0.0933333333333333
"24222",0.095
"24223",0.095
"24224",0.095
"24225",0.095
"24226",0.095
"24227",0.095
"24228",0.095
"24229",0.095
"24230",0.0966666666666667
"24231",0.095
"24232",0.095
"24233",0.095
"24234",0.095
"24235",0.0966666666666667
"24236",0.0966666666666667
"24237",0.095
"24238",0.095
"24239",0.095
"24240",0.095
"24241",0.095
"24242",0.095
"24243",0.095
"24244",0.0966666666666667
"24245",0.095
"24246",0.095
"24247",0.0966666666666667
"24248",0.095
"24249",0.095
"24250",0.095
"24251",0.0933333333333333
"24252",0.0966666666666667
"24253",0.095
"24254",0.0966666666666667
"24255",0.0966666666666667
"24256",0.095
"24257",0.095
"24258",0.095
"24259",0.095
"24260",0.0966666666666667
"24261",0.095
"24262",0.095
"24263",0.095
"24264",0.095
"24265",0.095
"24266",0.095
"24267",0.0966666666666667
"24268",0.095
"24269",0.095
"24270",0.0933333333333333
"24271",0.0933333333333333
"24272",0.095
"24273",0.095
"24274",0.095
"24275",0.095
"24276",0.095
"24277",0.095
"24278",0.095
"24279",0.095
"24280",0.0966666666666667
"24281",0.095
"24282",0.095
"24283",0.095
"24284",0.095
"24285",0.0966666666666667
"24286",0.0966666666666667
"24287",0.095
"24288",0.095
"24289",0.095
"24290",0.095
"24291",0.095
"24292",0.095
"24293",0.095
"24294",0.0966666666666667
"24295",0.095
"24296",0.095
"24297",0.0966666666666667
"24298",0.095
"24299",0.095
"24300",0.095
"24301",0.136666666666667
"24302",0.136666666666667
"24303",0.135
"24304",0.136666666666667
"24305",0.136666666666667
"24306",0.136666666666667
"24307",0.136666666666667
"24308",0.135
"24309",0.136666666666667
"24310",0.136666666666667
"24311",0.136666666666667
"24312",0.136666666666667
"24313",0.138333333333333
"24314",0.136666666666667
"24315",0.136666666666667
"24316",0.136666666666667
"24317",0.136666666666667
"24318",0.135
"24319",0.136666666666667
"24320",0.136666666666667
"24321",0.136666666666667
"24322",0.136666666666667
"24323",0.135
"24324",0.136666666666667
"24325",0.136666666666667
"24326",0.13
"24327",0.13
"24328",0.128333333333333
"24329",0.13
"24330",0.13
"24331",0.131666666666667
"24332",0.131666666666667
"24333",0.13
"24334",0.131666666666667
"24335",0.131666666666667
"24336",0.13
"24337",0.13
"24338",0.128333333333333
"24339",0.13
"24340",0.13
"24341",0.131666666666667
"24342",0.131666666666667
"24343",0.13
"24344",0.131666666666667
"24345",0.131666666666667
"24346",0.13
"24347",0.13
"24348",0.128333333333333
"24349",0.13
"24350",0.13
"24351",0.131666666666667
"24352",0.131666666666667
"24353",0.13
"24354",0.131666666666667
"24355",0.131666666666667
"24356",0.131666666666667
"24357",0.131666666666667
"24358",0.13
"24359",0.131666666666667
"24360",0.131666666666667
"24361",0.131666666666667
"24362",0.131666666666667
"24363",0.13
"24364",0.131666666666667
"24365",0.131666666666667
"24366",0.13
"24367",0.13
"24368",0.128333333333333
"24369",0.13
"24370",0.13
"24371",0.13
"24372",0.13
"24373",0.128333333333333
"24374",0.13
"24375",0.13
"24376",0.13
"24377",0.13
"24378",0.128333333333333
"24379",0.13
"24380",0.13
"24381",0.13
"24382",0.13
"24383",0.128333333333333
"24384",0.13
"24385",0.13
"24386",0.131666666666667
"24387",0.131666666666667
"24388",0.13
"24389",0.131666666666667
"24390",0.131666666666667
"24391",0.131666666666667
"24392",0.131666666666667
"24393",0.13
"24394",0.131666666666667
"24395",0.131666666666667
"24396",0.13
"24397",0.13
"24398",0.128333333333333
"24399",0.13
"24400",0.13
"24401",0.13
"24402",0.13
"24403",0.128333333333333
"24404",0.13
"24405",0.13
"24406",0.0933333333333333
"24407",0.0933333333333333
"24408",0.095
"24409",0.0933333333333333
"24410",0.0933333333333333
"24411",0.0966666666666667
"24412",0.0966666666666667
"24413",0.0983333333333333
"24414",0.0966666666666667
"24415",0.0966666666666667
"24416",0.095
"24417",0.095
"24418",0.0966666666666667
"24419",0.095
"24420",0.095
"24421",0.0966666666666667
"24422",0.0966666666666667
"24423",0.0983333333333333
"24424",0.0966666666666667
"24425",0.0966666666666667
"24426",0.0966666666666667
"24427",0.0966666666666667
"24428",0.0983333333333333
"24429",0.0966666666666667
"24430",0.0966666666666667
"24431",0.095
"24432",0.095
"24433",0.0966666666666667
"24434",0.095
"24435",0.095
"24436",0.095
"24437",0.095
"24438",0.0966666666666667
"24439",0.095
"24440",0.095
"24441",0.095
"24442",0.095
"24443",0.0966666666666667
"24444",0.095
"24445",0.095
"24446",0.095
"24447",0.095
"24448",0.0966666666666667
"24449",0.095
"24450",0.095
"24451",0.0966666666666667
"24452",0.0966666666666667
"24453",0.0983333333333333
"24454",0.0966666666666667
"24455",0.0966666666666667
"24456",0.095
"24457",0.095
"24458",0.0966666666666667
"24459",0.095
"24460",0.095
"24461",0.095
"24462",0.095
"24463",0.0966666666666667
"24464",0.095
"24465",0.095
"24466",0.095
"24467",0.095
"24468",0.0966666666666667
"24469",0.095
"24470",0.095
"24471",0.095
"24472",0.095
"24473",0.0966666666666667
"24474",0.095
"24475",0.095
"24476",0.095
"24477",0.095
"24478",0.0966666666666667
"24479",0.095
"24480",0.095
"24481",0.095
"24482",0.095
"24483",0.0966666666666667
"24484",0.095
"24485",0.095
"24486",0.0966666666666667
"24487",0.0966666666666667
"24488",0.0983333333333333
"24489",0.0966666666666667
"24490",0.0966666666666667
"24491",0.095
"24492",0.095
"24493",0.0966666666666667
"24494",0.095
"24495",0.095
"24496",0.095
"24497",0.095
"24498",0.0966666666666667
"24499",0.095
"24500",0.095
"24501",0.0933333333333333
"24502",0.0933333333333333
"24503",0.095
"24504",0.0933333333333333
"24505",0.0933333333333333
"24506",0.0933333333333333
"24507",0.0933333333333333
"24508",0.095
"24509",0.0933333333333333
"24510",0.0933333333333333
"24511",0.095
"24512",0.095
"24513",0.0966666666666667
"24514",0.095
"24515",0.095
"24516",0.095
"24517",0.095
"24518",0.0966666666666667
"24519",0.095
"24520",0.095
"24521",0.095
"24522",0.095
"24523",0.0966666666666667
"24524",0.095
"24525",0.095
"24526",0.095
"24527",0.095
"24528",0.0966666666666667
"24529",0.095
"24530",0.095
"24531",0.095
"24532",0.095
"24533",0.0966666666666667
"24534",0.095
"24535",0.095
"24536",0.0933333333333333
"24537",0.0933333333333333
"24538",0.095
"24539",0.0933333333333333
"24540",0.0933333333333333
"24541",0.095
"24542",0.095
"24543",0.0966666666666667
"24544",0.095
"24545",0.095
"24546",0.095
"24547",0.095
"24548",0.0966666666666667
"24549",0.095
"24550",0.095
"24551",0.0966666666666667
"24552",0.0966666666666667
"24553",0.0983333333333333
"24554",0.0966666666666667
"24555",0.0966666666666667
"24556",0.095
"24557",0.095
"24558",0.0966666666666667
"24559",0.095
"24560",0.095
"24561",0.095
"24562",0.095
"24563",0.0966666666666667
"24564",0.095
"24565",0.095
"24566",0.095
"24567",0.095
"24568",0.0966666666666667
"24569",0.095
"24570",0.095
"24571",0.095
"24572",0.095
"24573",0.0966666666666667
"24574",0.095
"24575",0.095
"24576",0.0966666666666667
"24577",0.0966666666666667
"24578",0.0983333333333333
"24579",0.0966666666666667
"24580",0.0966666666666667
"24581",0.0966666666666667
"24582",0.0966666666666667
"24583",0.0983333333333333
"24584",0.0966666666666667
"24585",0.0966666666666667
"24586",0.095
"24587",0.095
"24588",0.0966666666666667
"24589",0.095
"24590",0.095
"24591",0.095
"24592",0.095
"24593",0.0966666666666667
"24594",0.095
"24595",0.095
"24596",0.095
"24597",0.095
"24598",0.0966666666666667
"24599",0.095
"24600",0.095
"24601",0.095
"24602",0.095
"24603",0.0966666666666667
"24604",0.095
"24605",0.095
"24606",0.095
"24607",0.095
"24608",0.0966666666666667
"24609",0.095
"24610",0.095
"24611",0.095
"24612",0.095
"24613",0.0966666666666667
"24614",0.095
"24615",0.095
"24616",0.095
"24617",0.095
"24618",0.0966666666666667
"24619",0.095
"24620",0.095
"24621",0.0966666666666667
"24622",0.0966666666666667
"24623",0.0983333333333333
"24624",0.0966666666666667
"24625",0.0966666666666667
"24626",0.095
"24627",0.095
"24628",0.0966666666666667
"24629",0.095
"24630",0.095
"24631",0.095
"24632",0.095
"24633",0.0966666666666667
"24634",0.095
"24635",0.095
"24636",0.0966666666666667
"24637",0.0966666666666667
"24638",0.0983333333333333
"24639",0.0966666666666667
"24640",0.0966666666666667
"24641",0.095
"24642",0.095
"24643",0.0966666666666667
"24644",0.095
"24645",0.095
"24646",0.095
"24647",0.095
"24648",0.0966666666666667
"24649",0.095
"24650",0.095
"24651",0.095
"24652",0.095
"24653",0.0966666666666667
"24654",0.095
"24655",0.095
"24656",0.113333333333333
"24657",0.113333333333333
"24658",0.111666666666667
"24659",0.113333333333333
"24660",0.113333333333333
"24661",0.121666666666667
"24662",0.121666666666667
"24663",0.123333333333333
"24664",0.121666666666667
"24665",0.121666666666667
"24666",0.121666666666667
"24667",0.121666666666667
"24668",0.123333333333333
"24669",0.121666666666667
"24670",0.121666666666667
"24671",0.121666666666667
"24672",0.121666666666667
"24673",0.123333333333333
"24674",0.121666666666667
"24675",0.121666666666667
"24676",0.121666666666667
"24677",0.121666666666667
"24678",0.123333333333333
"24679",0.121666666666667
"24680",0.121666666666667
"24681",0.121666666666667
"24682",0.121666666666667
"24683",0.123333333333333
"24684",0.121666666666667
"24685",0.121666666666667
"24686",0.121666666666667
"24687",0.121666666666667
"24688",0.123333333333333
"24689",0.121666666666667
"24690",0.121666666666667
"24691",0.123333333333333
"24692",0.123333333333333
"24693",0.125
"24694",0.123333333333333
"24695",0.123333333333333
"24696",0.121666666666667
"24697",0.121666666666667
"24698",0.123333333333333
"24699",0.121666666666667
"24700",0.121666666666667
"24701",0.121666666666667
"24702",0.121666666666667
"24703",0.123333333333333
"24704",0.121666666666667
"24705",0.121666666666667
"24706",0.121666666666667
"24707",0.121666666666667
"24708",0.123333333333333
"24709",0.121666666666667
"24710",0.121666666666667
"24711",0.121666666666667
"24712",0.121666666666667
"24713",0.123333333333333
"24714",0.121666666666667
"24715",0.121666666666667
"24716",0.121666666666667
"24717",0.121666666666667
"24718",0.123333333333333
"24719",0.121666666666667
"24720",0.121666666666667
"24721",0.121666666666667
"24722",0.121666666666667
"24723",0.123333333333333
"24724",0.121666666666667
"24725",0.121666666666667
"24726",0.121666666666667
"24727",0.121666666666667
"24728",0.123333333333333
"24729",0.121666666666667
"24730",0.121666666666667
"24731",0.121666666666667
"24732",0.121666666666667
"24733",0.123333333333333
"24734",0.121666666666667
"24735",0.121666666666667
"24736",0.121666666666667
"24737",0.121666666666667
"24738",0.123333333333333
"24739",0.121666666666667
"24740",0.121666666666667
"24741",0.121666666666667
"24742",0.121666666666667
"24743",0.123333333333333
"24744",0.121666666666667
"24745",0.121666666666667
"24746",0.121666666666667
"24747",0.121666666666667
"24748",0.123333333333333
"24749",0.121666666666667
"24750",0.121666666666667
"24751",0.121666666666667
"24752",0.121666666666667
"24753",0.123333333333333
"24754",0.121666666666667
"24755",0.121666666666667
"24756",0.121666666666667
"24757",0.121666666666667
"24758",0.123333333333333
"24759",0.121666666666667
"24760",0.121666666666667
"24761",0.121666666666667
"24762",0.121666666666667
"24763",0.123333333333333
"24764",0.121666666666667
"24765",0.121666666666667
"24766",0.121666666666667
"24767",0.121666666666667
"24768",0.123333333333333
"24769",0.121666666666667
"24770",0.121666666666667
"24771",0.121666666666667
"24772",0.121666666666667
"24773",0.123333333333333
"24774",0.121666666666667
"24775",0.121666666666667
"24776",0.121666666666667
"24777",0.121666666666667
"24778",0.123333333333333
"24779",0.121666666666667
"24780",0.121666666666667
"24781",0.121666666666667
"24782",0.121666666666667
"24783",0.123333333333333
"24784",0.121666666666667
"24785",0.121666666666667
"24786",0.121666666666667
"24787",0.121666666666667
"24788",0.123333333333333
"24789",0.121666666666667
"24790",0.121666666666667
"24791",0.121666666666667
"24792",0.121666666666667
"24793",0.123333333333333
"24794",0.121666666666667
"24795",0.121666666666667
"24796",0.111666666666667
"24797",0.111666666666667
"24798",0.113333333333333
"24799",0.111666666666667
"24800",0.111666666666667
"24801",0.113333333333333
"24802",0.113333333333333
"24803",0.115
"24804",0.113333333333333
"24805",0.113333333333333
"24806",0.113333333333333
"24807",0.113333333333333
"24808",0.115
"24809",0.113333333333333
"24810",0.113333333333333
"24811",0.113333333333333
"24812",0.113333333333333
"24813",0.115
"24814",0.113333333333333
"24815",0.113333333333333
"24816",0.101666666666667
"24817",0.101666666666667
"24818",0.103333333333333
"24819",0.101666666666667
"24820",0.101666666666667
"24821",0.101666666666667
"24822",0.101666666666667
"24823",0.103333333333333
"24824",0.101666666666667
"24825",0.101666666666667
"24826",0.103333333333333
"24827",0.103333333333333
"24828",0.105
"24829",0.103333333333333
"24830",0.103333333333333
"24831",0.101666666666667
"24832",0.101666666666667
"24833",0.103333333333333
"24834",0.101666666666667
"24835",0.101666666666667
"24836",0.101666666666667
"24837",0.101666666666667
"24838",0.103333333333333
"24839",0.101666666666667
"24840",0.101666666666667
"24841",0.101666666666667
"24842",0.101666666666667
"24843",0.103333333333333
"24844",0.101666666666667
"24845",0.101666666666667
"24846",0.0983333333333333
"24847",0.0983333333333333
"24848",0.1
"24849",0.0983333333333333
"24850",0.0983333333333333
"24851",0.103333333333333
"24852",0.103333333333333
"24853",0.105
"24854",0.103333333333333
"24855",0.103333333333333
"24856",0.101666666666667
"24857",0.101666666666667
"24858",0.103333333333333
"24859",0.101666666666667
"24860",0.101666666666667
"24861",0.103333333333333
"24862",0.103333333333333
"24863",0.105
"24864",0.103333333333333
"24865",0.103333333333333
"24866",0.101666666666667
"24867",0.101666666666667
"24868",0.103333333333333
"24869",0.101666666666667
"24870",0.101666666666667
"24871",0.0983333333333333
"24872",0.0983333333333333
"24873",0.1
"24874",0.0983333333333333
"24875",0.0983333333333333
"24876",0.103333333333333
"24877",0.103333333333333
"24878",0.105
"24879",0.103333333333333
"24880",0.103333333333333
"24881",0.103333333333333
"24882",0.103333333333333
"24883",0.105
"24884",0.103333333333333
"24885",0.103333333333333
"24886",0.0983333333333333
"24887",0.0983333333333333
"24888",0.1
"24889",0.0983333333333333
"24890",0.0983333333333333
"24891",0.101666666666667
"24892",0.101666666666667
"24893",0.103333333333333
"24894",0.101666666666667
"24895",0.101666666666667
"24896",0.0983333333333333
"24897",0.0983333333333333
"24898",0.1
"24899",0.0983333333333333
"24900",0.0983333333333333
"24901",0.0983333333333333
"24902",0.0983333333333333
"24903",0.1
"24904",0.0983333333333333
"24905",0.0983333333333333
"24906",0.0983333333333333
"24907",0.0983333333333333
"24908",0.1
"24909",0.0983333333333333
"24910",0.0983333333333333
"24911",0.103333333333333
"24912",0.103333333333333
"24913",0.105
"24914",0.103333333333333
"24915",0.103333333333333
"24916",0.101666666666667
"24917",0.101666666666667
"24918",0.103333333333333
"24919",0.101666666666667
"24920",0.101666666666667
"24921",0.103333333333333
"24922",0.103333333333333
"24923",0.105
"24924",0.103333333333333
"24925",0.103333333333333
"24926",0.103333333333333
"24927",0.103333333333333
"24928",0.105
"24929",0.103333333333333
"24930",0.103333333333333
"24931",0.103333333333333
"24932",0.103333333333333
"24933",0.105
"24934",0.103333333333333
"24935",0.103333333333333
"24936",0.0983333333333333
"24937",0.0983333333333333
"24938",0.1
"24939",0.0983333333333333
"24940",0.0983333333333333
"24941",0.103333333333333
"24942",0.103333333333333
"24943",0.105
"24944",0.103333333333333
"24945",0.103333333333333
"24946",0.101666666666667
"24947",0.101666666666667
"24948",0.103333333333333
"24949",0.101666666666667
"24950",0.101666666666667
"24951",0.1
"24952",0.1
"24953",0.101666666666667
"24954",0.1
"24955",0.1
"24956",0.0983333333333333
"24957",0.0983333333333333
"24958",0.1
"24959",0.0983333333333333
"24960",0.0983333333333333
"24961",0.103333333333333
"24962",0.103333333333333
"24963",0.105
"24964",0.103333333333333
"24965",0.103333333333333
"24966",0.101666666666667
"24967",0.101666666666667
"24968",0.103333333333333
"24969",0.101666666666667
"24970",0.101666666666667
"24971",0.103333333333333
"24972",0.103333333333333
"24973",0.105
"24974",0.103333333333333
"24975",0.103333333333333
"24976",0.101666666666667
"24977",0.101666666666667
"24978",0.103333333333333
"24979",0.101666666666667
"24980",0.101666666666667
"24981",0.101666666666667
"24982",0.101666666666667
"24983",0.103333333333333
"24984",0.101666666666667
"24985",0.101666666666667
"24986",0.0983333333333333
"24987",0.0983333333333333
"24988",0.1
"24989",0.0983333333333333
"24990",0.0983333333333333
"24991",0.103333333333333
"24992",0.103333333333333
"24993",0.105
"24994",0.103333333333333
"24995",0.103333333333333
"24996",0.103333333333333
"24997",0.103333333333333
"24998",0.105
"24999",0.103333333333333
"25000",0.103333333333333
"25001",0.0983333333333333
"25002",0.0983333333333333
"25003",0.1
"25004",0.0983333333333333
"25005",0.0983333333333333
"25006",0.103333333333333
"25007",0.103333333333333
"25008",0.105
"25009",0.103333333333333
"25010",0.103333333333333
"25011",0.101666666666667
"25012",0.101666666666667
"25013",0.103333333333333
"25014",0.101666666666667
"25015",0.101666666666667
"25016",0.0983333333333333
"25017",0.0983333333333333
"25018",0.1
"25019",0.0983333333333333
"25020",0.0983333333333333
"25021",0.105
"25022",0.105
"25023",0.106666666666667
"25024",0.105
"25025",0.105
"25026",0.105
"25027",0.105
"25028",0.106666666666667
"25029",0.105
"25030",0.105
"25031",0.105
"25032",0.105
"25033",0.106666666666667
"25034",0.105
"25035",0.105
"25036",0.0966666666666667
"25037",0.0966666666666667
"25038",0.0983333333333333
"25039",0.0966666666666667
"25040",0.0966666666666667
"25041",0.101666666666667
"25042",0.101666666666667
"25043",0.103333333333333
"25044",0.101666666666667
"25045",0.101666666666667
"25046",0.1
"25047",0.1
"25048",0.101666666666667
"25049",0.1
"25050",0.1
"25051",0.0983333333333333
"25052",0.0983333333333333
"25053",0.1
"25054",0.0983333333333333
"25055",0.0983333333333333
"25056",0.095
"25057",0.095
"25058",0.0966666666666667
"25059",0.095
"25060",0.095
"25061",0.101666666666667
"25062",0.101666666666667
"25063",0.103333333333333
"25064",0.101666666666667
"25065",0.101666666666667
"25066",0.0983333333333333
"25067",0.0983333333333333
"25068",0.1
"25069",0.0983333333333333
"25070",0.0983333333333333
"25071",0.0166666666666667
"25072",0.0166666666666667
"25073",0.0183333333333333
"25074",0.0166666666666667
"25075",0.0166666666666667
"25076",0.0166666666666667
"25077",0.0166666666666667
"25078",0.0183333333333333
"25079",0.0166666666666667
"25080",0.0166666666666667
"25081",0.0166666666666667
"25082",0.0166666666666667
"25083",0.0183333333333333
"25084",0.0166666666666667
"25085",0.0166666666666667
"25086",0.0183333333333333
"25087",0.0183333333333333
"25088",0.02
"25089",0.0183333333333333
"25090",0.0183333333333333
"25091",0.0166666666666667
"25092",0.0166666666666667
"25093",0.0183333333333333
"25094",0.0166666666666667
"25095",0.0166666666666667
"25096",0.015
"25097",0.015
"25098",0.0166666666666667
"25099",0.015
"25100",0.015
"25101",0.13
"25102",0.13
"25103",0.128333333333333
"25104",0.13
"25105",0.13
"25106",0.13
"25107",0.13
"25108",0.128333333333333
"25109",0.13
"25110",0.13
"25111",0.13
"25112",0.13
"25113",0.128333333333333
"25114",0.13
"25115",0.13
"25116",0.13
"25117",0.13
"25118",0.128333333333333
"25119",0.13
"25120",0.13
"25121",0.128333333333333
"25122",0.128333333333333
"25123",0.126666666666667
"25124",0.128333333333333
"25125",0.128333333333333
"25126",0.128333333333333
"25127",0.128333333333333
"25128",0.126666666666667
"25129",0.128333333333333
"25130",0.128333333333333
"25131",0.128333333333333
"25132",0.128333333333333
"25133",0.126666666666667
"25134",0.128333333333333
"25135",0.128333333333333
"25136",0.128333333333333
"25137",0.128333333333333
"25138",0.126666666666667
"25139",0.128333333333333
"25140",0.128333333333333
"25141",0.131666666666667
"25142",0.131666666666667
"25143",0.13
"25144",0.131666666666667
"25145",0.131666666666667
"25146",0.128333333333333
"25147",0.128333333333333
"25148",0.126666666666667
"25149",0.128333333333333
"25150",0.128333333333333
"25151",0.128333333333333
"25152",0.128333333333333
"25153",0.126666666666667
"25154",0.128333333333333
"25155",0.128333333333333
"25156",0.128333333333333
"25157",0.128333333333333
"25158",0.126666666666667
"25159",0.128333333333333
"25160",0.128333333333333
"25161",0.128333333333333
"25162",0.128333333333333
"25163",0.126666666666667
"25164",0.128333333333333
"25165",0.128333333333333
"25166",0.128333333333333
"25167",0.128333333333333
"25168",0.126666666666667
"25169",0.128333333333333
"25170",0.128333333333333
"25171",0.128333333333333
"25172",0.128333333333333
"25173",0.126666666666667
"25174",0.128333333333333
"25175",0.128333333333333
"25176",0.128333333333333
"25177",0.128333333333333
"25178",0.126666666666667
"25179",0.128333333333333
"25180",0.128333333333333
"25181",0.128333333333333
"25182",0.128333333333333
"25183",0.126666666666667
"25184",0.128333333333333
"25185",0.128333333333333
"25186",0.128333333333333
"25187",0.128333333333333
"25188",0.126666666666667
"25189",0.128333333333333
"25190",0.128333333333333
"25191",0.128333333333333
"25192",0.128333333333333
"25193",0.126666666666667
"25194",0.128333333333333
"25195",0.128333333333333
"25196",0.128333333333333
"25197",0.128333333333333
"25198",0.126666666666667
"25199",0.128333333333333
"25200",0.128333333333333
"25201",0.128333333333333
"25202",0.128333333333333
"25203",0.126666666666667
"25204",0.128333333333333
"25205",0.128333333333333
"25206",0.128333333333333
"25207",0.128333333333333
"25208",0.126666666666667
"25209",0.128333333333333
"25210",0.128333333333333
"25211",0.128333333333333
"25212",0.128333333333333
"25213",0.126666666666667
"25214",0.128333333333333
"25215",0.128333333333333
"25216",0.15
"25217",0.15
"25218",0.148333333333333
"25219",0.15
"25220",0.15
"25221",0.15
"25222",0.15
"25223",0.148333333333333
"25224",0.15
"25225",0.15
"25226",0.146666666666667
"25227",0.146666666666667
"25228",0.145
"25229",0.146666666666667
"25230",0.146666666666667
"25231",0.145
"25232",0.145
"25233",0.146666666666667
"25234",0.145
"25235",0.145
"25236",0.143333333333333
"25237",0.143333333333333
"25238",0.145
"25239",0.143333333333333
"25240",0.143333333333333
"25241",0.146666666666667
"25242",0.146666666666667
"25243",0.145
"25244",0.146666666666667
"25245",0.146666666666667
"25246",0.146666666666667
"25247",0.146666666666667
"25248",0.145
"25249",0.146666666666667
"25250",0.146666666666667
"25251",0.141666666666667
"25252",0.141666666666667
"25253",0.143333333333333
"25254",0.141666666666667
"25255",0.141666666666667
"25256",0.143333333333333
"25257",0.143333333333333
"25258",0.145
"25259",0.143333333333333
"25260",0.143333333333333
"25261",0.143333333333333
"25262",0.143333333333333
"25263",0.141666666666667
"25264",0.143333333333333
"25265",0.143333333333333
"25266",0.121666666666667
"25267",0.121666666666667
"25268",0.12
"25269",0.121666666666667
"25270",0.121666666666667
"25271",0.121666666666667
"25272",0.121666666666667
"25273",0.12
"25274",0.121666666666667
"25275",0.121666666666667
"25276",0.121666666666667
"25277",0.121666666666667
"25278",0.12
"25279",0.121666666666667
"25280",0.121666666666667
"25281",0.121666666666667
"25282",0.121666666666667
"25283",0.12
"25284",0.121666666666667
"25285",0.121666666666667
"25286",0.121666666666667
"25287",0.121666666666667
"25288",0.12
"25289",0.121666666666667
"25290",0.121666666666667
"25291",0.121666666666667
"25292",0.121666666666667
"25293",0.12
"25294",0.121666666666667
"25295",0.121666666666667
"25296",0.121666666666667
"25297",0.121666666666667
"25298",0.12
"25299",0.121666666666667
"25300",0.121666666666667
"25301",0.0283333333333333
"25302",0.0283333333333333
"25303",0.0283333333333333
"25304",0.0283333333333333
"25305",0.0283333333333333
"25306",0.0283333333333333
"25307",0.0283333333333333
"25308",0.0283333333333333
"25309",0.0283333333333333
"25310",0.0283333333333333
"25311",0.03
"25312",0.03
"25313",0.03
"25314",0.03
"25315",0.03
"25316",0.136666666666667
"25317",0.136666666666667
"25318",0.135
"25319",0.136666666666667
"25320",0.136666666666667
"25321",0.14
"25322",0.14
"25323",0.138333333333333
"25324",0.14
"25325",0.14
"25326",0.138333333333333
"25327",0.138333333333333
"25328",0.136666666666667
"25329",0.138333333333333
"25330",0.138333333333333
"25331",0.138333333333333
"25332",0.138333333333333
"25333",0.136666666666667
"25334",0.138333333333333
"25335",0.138333333333333
"25336",0.136666666666667
"25337",0.136666666666667
"25338",0.135
"25339",0.136666666666667
"25340",0.136666666666667
"25341",0.136666666666667
"25342",0.136666666666667
"25343",0.135
"25344",0.136666666666667
"25345",0.136666666666667
"25346",0.136666666666667
"25347",0.136666666666667
"25348",0.135
"25349",0.136666666666667
"25350",0.136666666666667
"25351",0.138333333333333
"25352",0.138333333333333
"25353",0.136666666666667
"25354",0.138333333333333
"25355",0.138333333333333
"25356",0.136666666666667
"25357",0.136666666666667
"25358",0.135
"25359",0.136666666666667
"25360",0.136666666666667
"25361",0.136666666666667
"25362",0.136666666666667
"25363",0.135
"25364",0.136666666666667
"25365",0.136666666666667
"25366",0.138333333333333
"25367",0.138333333333333
"25368",0.136666666666667
"25369",0.138333333333333
"25370",0.138333333333333
"25371",0.138333333333333
"25372",0.138333333333333
"25373",0.136666666666667
"25374",0.138333333333333
"25375",0.138333333333333
"25376",0.136666666666667
"25377",0.136666666666667
"25378",0.135
"25379",0.136666666666667
"25380",0.136666666666667
"25381",0.14
"25382",0.14
"25383",0.138333333333333
"25384",0.14
"25385",0.14
"25386",0.138333333333333
"25387",0.138333333333333
"25388",0.136666666666667
"25389",0.138333333333333
"25390",0.138333333333333
"25391",0.136666666666667
"25392",0.136666666666667
"25393",0.135
"25394",0.136666666666667
"25395",0.136666666666667
"25396",0.14
"25397",0.14
"25398",0.138333333333333
"25399",0.14
"25400",0.14
"25401",0.136666666666667
"25402",0.136666666666667
"25403",0.135
"25404",0.136666666666667
"25405",0.136666666666667
"25406",0.136666666666667
"25407",0.136666666666667
"25408",0.135
"25409",0.136666666666667
"25410",0.136666666666667
"25411",0.138333333333333
"25412",0.138333333333333
"25413",0.136666666666667
"25414",0.138333333333333
"25415",0.138333333333333
"25416",0.14
"25417",0.14
"25418",0.138333333333333
"25419",0.14
"25420",0.14
"25421",0.136666666666667
"25422",0.136666666666667
"25423",0.135
"25424",0.136666666666667
"25425",0.136666666666667
"25426",0.138333333333333
"25427",0.138333333333333
"25428",0.136666666666667
"25429",0.138333333333333
"25430",0.138333333333333
"25431",0.138333333333333
"25432",0.138333333333333
"25433",0.136666666666667
"25434",0.138333333333333
"25435",0.138333333333333
"25436",0.138333333333333
"25437",0.138333333333333
"25438",0.136666666666667
"25439",0.138333333333333
"25440",0.138333333333333
"25441",0.095
"25442",0.095
"25443",0.0933333333333333
"25444",0.095
"25445",0.095
"25446",0.02
"25447",0.02
"25448",0.0216666666666667
"25449",0.02
"25450",0.02
"25451",0.0233333333333333
"25452",0.0233333333333333
"25453",0.0216666666666667
"25454",0.0233333333333333
"25455",0.0233333333333333
"25456",0.025
"25457",0.025
"25458",0.0266666666666667
"25459",0.025
"25460",0.025
"25461",0.0216666666666667
"25462",0.0216666666666667
"25463",0.0233333333333333
"25464",0.0216666666666667
"25465",0.0216666666666667
"25466",0.0233333333333333
"25467",0.0233333333333333
"25468",0.025
"25469",0.0233333333333333
"25470",0.0233333333333333
"25471",0.02
"25472",0.02
"25473",0.0216666666666667
"25474",0.02
"25475",0.02
"25476",0.0216666666666667
"25477",0.0216666666666667
"25478",0.0233333333333333
"25479",0.0216666666666667
"25480",0.0216666666666667
"25481",0.02
"25482",0.02
"25483",0.0216666666666667
"25484",0.02
"25485",0.02
"25486",0.0233333333333333
"25487",0.0233333333333333
"25488",0.025
"25489",0.0233333333333333
"25490",0.0233333333333333
"25491",0.02
"25492",0.02
"25493",0.0216666666666667
"25494",0.02
"25495",0.02
"25496",0.0216666666666667
"25497",0.0216666666666667
"25498",0.0233333333333333
"25499",0.0216666666666667
"25500",0.0216666666666667
"25501",0.0216666666666667
"25502",0.0216666666666667
"25503",0.0233333333333333
"25504",0.0216666666666667
"25505",0.0216666666666667
"25506",0.126666666666667
"25507",0.126666666666667
"25508",0.128333333333333
"25509",0.126666666666667
"25510",0.126666666666667
"25511",0.126666666666667
"25512",0.126666666666667
"25513",0.128333333333333
"25514",0.126666666666667
"25515",0.126666666666667
"25516",0.126666666666667
"25517",0.126666666666667
"25518",0.128333333333333
"25519",0.126666666666667
"25520",0.126666666666667
"25521",0.123333333333333
"25522",0.123333333333333
"25523",0.125
"25524",0.123333333333333
"25525",0.123333333333333
"25526",0.125
"25527",0.125
"25528",0.126666666666667
"25529",0.125
"25530",0.125
"25531",0.121666666666667
"25532",0.121666666666667
"25533",0.123333333333333
"25534",0.121666666666667
"25535",0.121666666666667
"25536",0.116666666666667
"25537",0.116666666666667
"25538",0.118333333333333
"25539",0.116666666666667
"25540",0.116666666666667
"25541",0.12
"25542",0.12
"25543",0.118333333333333
"25544",0.12
"25545",0.12
"25546",0.116666666666667
"25547",0.116666666666667
"25548",0.118333333333333
"25549",0.116666666666667
"25550",0.116666666666667
"25551",0.0966666666666667
"25552",0.0966666666666667
"25553",0.0983333333333333
"25554",0.0966666666666667
"25555",0.0966666666666667
"25556",0.0966666666666667
"25557",0.0966666666666667
"25558",0.0983333333333333
"25559",0.0966666666666667
"25560",0.0966666666666667
"25561",0.16
"25562",0.16
"25563",0.158333333333333
"25564",0.16
"25565",0.16
"25566",0.16
"25567",0.16
"25568",0.161666666666667
"25569",0.16
"25570",0.16
"25571",0.16
"25572",0.16
"25573",0.158333333333333
"25574",0.16
"25575",0.16
"25576",0.16
"25577",0.16
"25578",0.158333333333333
"25579",0.16
"25580",0.16
"25581",0.075
"25582",0.075
"25583",0.0733333333333333
"25584",0.075
"25585",0.075
"25586",0.0766666666666667
"25587",0.0766666666666667
"25588",0.075
"25589",0.0766666666666667
"25590",0.0766666666666667
"25591",0.123333333333333
"25592",0.123333333333333
"25593",0.121666666666667
"25594",0.123333333333333
"25595",0.123333333333333
"25596",0.125
"25597",0.125
"25598",0.123333333333333
"25599",0.125
"25600",0.125
"25601",0.123333333333333
"25602",0.123333333333333
"25603",0.121666666666667
"25604",0.123333333333333
"25605",0.123333333333333
"25606",0.123333333333333
"25607",0.123333333333333
"25608",0.121666666666667
"25609",0.123333333333333
"25610",0.123333333333333
"25611",0.125
"25612",0.125
"25613",0.123333333333333
"25614",0.125
"25615",0.125
"25616",0.123333333333333
"25617",0.123333333333333
"25618",0.121666666666667
"25619",0.123333333333333
"25620",0.123333333333333
"25621",0.125
"25622",0.125
"25623",0.123333333333333
"25624",0.125
"25625",0.125
"25626",0.125
"25627",0.125
"25628",0.123333333333333
"25629",0.125
"25630",0.125
"25631",0.131666666666667
"25632",0.131666666666667
"25633",0.131666666666667
"25634",0.131666666666667
"25635",0.131666666666667
"25636",0.126666666666667
"25637",0.126666666666667
"25638",0.125
"25639",0.126666666666667
"25640",0.126666666666667
"25641",0.126666666666667
"25642",0.126666666666667
"25643",0.125
"25644",0.126666666666667
"25645",0.126666666666667
"25646",0.0866666666666667
"25647",0.0866666666666667
"25648",0.085
"25649",0.0866666666666667
"25650",0.0866666666666667
"25651",0.0866666666666667
"25652",0.0866666666666667
"25653",0.085
"25654",0.0866666666666667
"25655",0.0866666666666667
"25656",0.0866666666666667
"25657",0.0866666666666667
"25658",0.085
"25659",0.0866666666666667
"25660",0.0866666666666667
"25661",0.09
"25662",0.09
"25663",0.0883333333333333
"25664",0.09
"25665",0.09
"25666",0.0866666666666667
"25667",0.0866666666666667
"25668",0.085
"25669",0.0866666666666667
"25670",0.0866666666666667
"25671",0.09
"25672",0.09
"25673",0.0883333333333333
"25674",0.09
"25675",0.09
"25676",0.09
"25677",0.09
"25678",0.0883333333333333
"25679",0.09
"25680",0.09
"25681",0.0866666666666667
"25682",0.0866666666666667
"25683",0.085
"25684",0.0866666666666667
"25685",0.0866666666666667
"25686",0.0866666666666667
"25687",0.0866666666666667
"25688",0.085
"25689",0.0866666666666667
"25690",0.0866666666666667
"25691",0.0866666666666667
"25692",0.0866666666666667
"25693",0.085
"25694",0.0866666666666667
"25695",0.0866666666666667
"25696",0.0883333333333333
"25697",0.0883333333333333
"25698",0.0866666666666667
"25699",0.0883333333333333
"25700",0.0883333333333333
"25701",0.09
"25702",0.09
"25703",0.0883333333333333
"25704",0.09
"25705",0.09
"25706",0.09
"25707",0.09
"25708",0.0883333333333333
"25709",0.09
"25710",0.09
"25711",0.0883333333333333
"25712",0.0883333333333333
"25713",0.0866666666666667
"25714",0.0883333333333333
"25715",0.0883333333333333
"25716",0.0866666666666667
"25717",0.0866666666666667
"25718",0.085
"25719",0.0866666666666667
"25720",0.0866666666666667
"25721",0.085
"25722",0.085
"25723",0.0866666666666667
"25724",0.085
"25725",0.085
"25726",0.0866666666666667
"25727",0.0866666666666667
"25728",0.085
"25729",0.0866666666666667
"25730",0.0866666666666667
"25731",0.09
"25732",0.09
"25733",0.0883333333333333
"25734",0.09
"25735",0.09
"25736",0.0866666666666667
"25737",0.0866666666666667
"25738",0.085
"25739",0.0866666666666667
"25740",0.0866666666666667
"25741",0.09
"25742",0.09
"25743",0.0883333333333333
"25744",0.09
"25745",0.09
"25746",0.0866666666666667
"25747",0.0866666666666667
"25748",0.085
"25749",0.0866666666666667
"25750",0.0866666666666667
"25751",0.0933333333333333
"25752",0.0933333333333333
"25753",0.0916666666666667
"25754",0.0933333333333333
"25755",0.0933333333333333
"25756",0.0866666666666667
"25757",0.0866666666666667
"25758",0.085
"25759",0.0866666666666667
"25760",0.0866666666666667
"25761",0.0883333333333333
"25762",0.0883333333333333
"25763",0.0866666666666667
"25764",0.0883333333333333
"25765",0.0883333333333333
"25766",0.0866666666666667
"25767",0.0866666666666667
"25768",0.085
"25769",0.0866666666666667
"25770",0.0866666666666667
"25771",0.09
"25772",0.09
"25773",0.0883333333333333
"25774",0.09
"25775",0.09
"25776",0.0883333333333333
"25777",0.0883333333333333
"25778",0.0866666666666667
"25779",0.0883333333333333
"25780",0.0883333333333333
"25781",0.0916666666666667
"25782",0.0916666666666667
"25783",0.09
"25784",0.0916666666666667
"25785",0.0916666666666667
"25786",0.0883333333333333
"25787",0.0883333333333333
"25788",0.0866666666666667
"25789",0.0883333333333333
"25790",0.0883333333333333
"25791",0.0883333333333333
"25792",0.0883333333333333
"25793",0.0866666666666667
"25794",0.0883333333333333
"25795",0.0883333333333333
"25796",0.09
"25797",0.09
"25798",0.0883333333333333
"25799",0.09
"25800",0.09
"25801",0.0866666666666667
"25802",0.0866666666666667
"25803",0.085
"25804",0.0866666666666667
"25805",0.0866666666666667
"25806",0.09
"25807",0.09
"25808",0.0883333333333333
"25809",0.09
"25810",0.09
"25811",0.0883333333333333
"25812",0.0883333333333333
"25813",0.0866666666666667
"25814",0.0883333333333333
"25815",0.0883333333333333
"25816",0.0866666666666667
"25817",0.0866666666666667
"25818",0.085
"25819",0.0866666666666667
"25820",0.0866666666666667
"25821",0.0866666666666667
"25822",0.0866666666666667
"25823",0.085
"25824",0.0866666666666667
"25825",0.0866666666666667
"25826",0.085
"25827",0.085
"25828",0.0833333333333333
"25829",0.085
"25830",0.085
"25831",0.0866666666666667
"25832",0.0866666666666667
"25833",0.085
"25834",0.0866666666666667
"25835",0.0866666666666667
"25836",0.0866666666666667
"25837",0.0866666666666667
"25838",0.085
"25839",0.0866666666666667
"25840",0.0866666666666667
"25841",0.0866666666666667
"25842",0.0866666666666667
"25843",0.085
"25844",0.0866666666666667
"25845",0.0866666666666667
"25846",0.0866666666666667
"25847",0.0866666666666667
"25848",0.085
"25849",0.0866666666666667
"25850",0.0866666666666667
"25851",0.0883333333333333
"25852",0.0883333333333333
"25853",0.0866666666666667
"25854",0.0883333333333333
"25855",0.0883333333333333
"25856",0.09
"25857",0.09
"25858",0.0883333333333333
"25859",0.09
"25860",0.09
"25861",0.0883333333333333
"25862",0.0883333333333333
"25863",0.0866666666666667
"25864",0.0883333333333333
"25865",0.0883333333333333
"25866",0.0866666666666667
"25867",0.0866666666666667
"25868",0.085
"25869",0.0866666666666667
"25870",0.0866666666666667
"25871",0.0883333333333333
"25872",0.0883333333333333
"25873",0.0866666666666667
"25874",0.0883333333333333
"25875",0.0883333333333333
"25876",0.09
"25877",0.09
"25878",0.0883333333333333
"25879",0.09
"25880",0.09
"25881",0.09
"25882",0.09
"25883",0.0883333333333333
"25884",0.09
"25885",0.09
"25886",0.085
"25887",0.085
"25888",0.0833333333333333
"25889",0.085
"25890",0.085
"25891",0.0866666666666667
"25892",0.0866666666666667
"25893",0.085
"25894",0.0866666666666667
"25895",0.0866666666666667
"25896",0.0866666666666667
"25897",0.0866666666666667
"25898",0.085
"25899",0.0866666666666667
"25900",0.0866666666666667
"25901",0.09
"25902",0.09
"25903",0.0883333333333333
"25904",0.09
"25905",0.09
"25906",0.0866666666666667
"25907",0.0866666666666667
"25908",0.085
"25909",0.0866666666666667
"25910",0.0866666666666667
"25911",0.0866666666666667
"25912",0.0866666666666667
"25913",0.085
"25914",0.0866666666666667
"25915",0.0866666666666667
"25916",0.0883333333333333
"25917",0.0883333333333333
"25918",0.0866666666666667
"25919",0.0883333333333333
"25920",0.0883333333333333
"25921",0.0883333333333333
"25922",0.0883333333333333
"25923",0.0866666666666667
"25924",0.0883333333333333
"25925",0.0883333333333333
"25926",0.085
"25927",0.085
"25928",0.0833333333333333
"25929",0.085
"25930",0.085
"25931",0.0866666666666667
"25932",0.0866666666666667
"25933",0.085
"25934",0.0866666666666667
"25935",0.0866666666666667
"25936",0.0866666666666667
"25937",0.0866666666666667
"25938",0.085
"25939",0.0866666666666667
"25940",0.0866666666666667
"25941",0.0883333333333333
"25942",0.0883333333333333
"25943",0.0866666666666667
"25944",0.0883333333333333
"25945",0.0883333333333333
"25946",0.0866666666666667
"25947",0.0866666666666667
"25948",0.085
"25949",0.0866666666666667
"25950",0.0866666666666667
"25951",0.0883333333333333
"25952",0.0883333333333333
"25953",0.0866666666666667
"25954",0.0883333333333333
"25955",0.0883333333333333
"25956",0.09
"25957",0.09
"25958",0.0883333333333333
"25959",0.09
"25960",0.09
"25961",0.09
"25962",0.09
"25963",0.0883333333333333
"25964",0.09
"25965",0.09
"25966",0.0866666666666667
"25967",0.0866666666666667
"25968",0.085
"25969",0.0866666666666667
"25970",0.0866666666666667
"25971",0.0883333333333333
"25972",0.0883333333333333
"25973",0.0866666666666667
"25974",0.0883333333333333
"25975",0.0883333333333333
"25976",0.0866666666666667
"25977",0.0866666666666667
"25978",0.085
"25979",0.0866666666666667
"25980",0.0866666666666667
"25981",0.0866666666666667
"25982",0.0866666666666667
"25983",0.085
"25984",0.0866666666666667
"25985",0.0866666666666667
"25986",0.09
"25987",0.09
"25988",0.0883333333333333
"25989",0.09
"25990",0.09
"25991",0.0883333333333333
"25992",0.0883333333333333
"25993",0.0866666666666667
"25994",0.0883333333333333
"25995",0.0883333333333333
"25996",0.0866666666666667
"25997",0.0866666666666667
"25998",0.085
"25999",0.0866666666666667
"26000",0.0866666666666667
"26001",0.0866666666666667
"26002",0.0866666666666667
"26003",0.085
"26004",0.0866666666666667
"26005",0.0866666666666667
"26006",0.0883333333333333
"26007",0.0883333333333333
"26008",0.0866666666666667
"26009",0.0883333333333333
"26010",0.0883333333333333
"26011",0.09
"26012",0.09
"26013",0.0883333333333333
"26014",0.09
"26015",0.09
"26016",0.0866666666666667
"26017",0.0866666666666667
"26018",0.085
"26019",0.0866666666666667
"26020",0.0866666666666667
"26021",0.0866666666666667
"26022",0.0866666666666667
"26023",0.085
"26024",0.0866666666666667
"26025",0.0866666666666667
"26026",0.0866666666666667
"26027",0.0866666666666667
"26028",0.085
"26029",0.0866666666666667
"26030",0.0866666666666667
"26031",0.09
"26032",0.09
"26033",0.0883333333333333
"26034",0.09
"26035",0.09
"26036",0.0866666666666667
"26037",0.0866666666666667
"26038",0.085
"26039",0.0866666666666667
"26040",0.0866666666666667
"26041",0.0883333333333333
"26042",0.0883333333333333
"26043",0.0866666666666667
"26044",0.0883333333333333
"26045",0.0883333333333333
"26046",0.0866666666666667
"26047",0.0866666666666667
"26048",0.085
"26049",0.0866666666666667
"26050",0.0866666666666667
"26051",0.0866666666666667
"26052",0.0866666666666667
"26053",0.085
"26054",0.0866666666666667
"26055",0.0866666666666667
"26056",0.085
"26057",0.085
"26058",0.0833333333333333
"26059",0.085
"26060",0.085
"26061",0.085
"26062",0.085
"26063",0.0833333333333333
"26064",0.085
"26065",0.085
"26066",0.0883333333333333
"26067",0.0883333333333333
"26068",0.0866666666666667
"26069",0.0883333333333333
"26070",0.0883333333333333
"26071",0.085
"26072",0.085
"26073",0.0866666666666667
"26074",0.085
"26075",0.085
"26076",0.09
"26077",0.09
"26078",0.0883333333333333
"26079",0.09
"26080",0.09
"26081",0.0883333333333333
"26082",0.0883333333333333
"26083",0.09
"26084",0.0883333333333333
"26085",0.0883333333333333
"26086",0.095
"26087",0.095
"26088",0.0933333333333333
"26089",0.095
"26090",0.095
"26091",0.0983333333333333
"26092",0.0983333333333333
"26093",0.1
"26094",0.0983333333333333
"26095",0.0983333333333333
"26096",0.095
"26097",0.095
"26098",0.0933333333333333
"26099",0.095
"26100",0.095
"26101",0.143333333333333
"26102",0.143333333333333
"26103",0.141666666666667
"26104",0.143333333333333
"26105",0.143333333333333
"26106",0.143333333333333
"26107",0.143333333333333
"26108",0.141666666666667
"26109",0.143333333333333
"26110",0.143333333333333
"26111",0.141666666666667
"26112",0.141666666666667
"26113",0.14
"26114",0.141666666666667
"26115",0.141666666666667
"26116",0.0216666666666667
"26117",0.0216666666666667
"26118",0.0233333333333333
"26119",0.0216666666666667
"26120",0.0216666666666667
"26121",0.0183333333333333
"26122",0.0183333333333333
"26123",0.02
"26124",0.0183333333333333
"26125",0.0183333333333333
"26126",0.0216666666666667
"26127",0.0216666666666667
"26128",0.0233333333333333
"26129",0.0216666666666667
"26130",0.0216666666666667
"26131",0.02
"26132",0.02
"26133",0.0216666666666667
"26134",0.02
"26135",0.02
"26136",0.02
"26137",0.02
"26138",0.0216666666666667
"26139",0.02
"26140",0.02
"26141",0.128333333333333
"26142",0.128333333333333
"26143",0.126666666666667
"26144",0.128333333333333
"26145",0.128333333333333
"26146",0.126666666666667
"26147",0.126666666666667
"26148",0.125
"26149",0.126666666666667
"26150",0.126666666666667
"26151",0.13
"26152",0.13
"26153",0.128333333333333
"26154",0.13
"26155",0.13
"26156",0.128333333333333
"26157",0.128333333333333
"26158",0.126666666666667
"26159",0.128333333333333
"26160",0.128333333333333
"26161",0.13
"26162",0.13
"26163",0.128333333333333
"26164",0.13
"26165",0.13
"26166",0.128333333333333
"26167",0.128333333333333
"26168",0.126666666666667
"26169",0.128333333333333
"26170",0.128333333333333
"26171",0.13
"26172",0.13
"26173",0.128333333333333
"26174",0.13
"26175",0.13
"26176",0.128333333333333
"26177",0.128333333333333
"26178",0.126666666666667
"26179",0.128333333333333
"26180",0.128333333333333
"26181",0.13
"26182",0.13
"26183",0.128333333333333
"26184",0.13
"26185",0.13
"26186",0.13
"26187",0.13
"26188",0.128333333333333
"26189",0.13
"26190",0.13
"26191",0.13
"26192",0.13
"26193",0.128333333333333
"26194",0.13
"26195",0.13
"26196",0.128333333333333
"26197",0.128333333333333
"26198",0.126666666666667
"26199",0.128333333333333
"26200",0.128333333333333
"26201",0.133333333333333
"26202",0.133333333333333
"26203",0.133333333333333
"26204",0.133333333333333
"26205",0.135
"26206",0.133333333333333
"26207",0.135
"26208",0.135
"26209",0.136666666666667
"26210",0.133333333333333
"26211",0.14
"26212",0.14
"26213",0.14
"26214",0.131666666666667
"26215",0.13
"26216",0.128333333333333
"26217",0.128333333333333
"26218",0.09
"26219",0.0966666666666667
"26220",0.0916666666666667
"26221",0.0916666666666667
"26222",0.0983333333333333
"26223",0.09
"26224",0.09
"26225",0.0983333333333333
"26226",0.095
"26227",0.09
"26228",0.09
"26229",0.09
"26230",0.095
"26231",0.0966666666666667
"26232",0.0916666666666667
"26233",0.09
"26234",0.095
"26235",0.0916666666666667
"26236",0.0966666666666667
"26237",0.0916666666666667
"26238",0.0916666666666667
"26239",0.0933333333333333
"26240",0.095
"26241",0.09
"26242",0.095
"26243",0.095
"26244",0.09
"26245",0.121666666666667
"26246",0.121666666666667
"26247",0.123333333333333
"26248",0.121666666666667
"26249",0.0283333333333333
"26250",0.0283333333333333
"26251",0.0283333333333333
"26252",0.1
"26253",0.0983333333333333
"26254",0.0983333333333333
"26255",0.1
"26256",0.0983333333333333
"26257",0.0983333333333333
"26258",0.1
"26259",0.1
"26260",0.1
"26261",0.1
"26262",0.1
"26263",0.0983333333333333
"26264",0.1
"26265",0.1
"26266",0.1
"26267",0.1
"26268",0.0216666666666667
"26269",0.0233333333333333
"26270",0.0233333333333333
"26271",0.09
"26272",0.09
"26273",0.09
"26274",0.126666666666667
"26275",0.125
"26276",0.125
"26277",0.125
"26278",0.125
"26279",0.125
"26280",0.125
"26281",0.125
"26282",0.125
"26283",0.136666666666667
"26284",0.136666666666667
"26285",0.138333333333333
"26286",0.138333333333333
"26287",0.136666666666667
"26288",0.138333333333333
"26289",0.14
"26290",0.138333333333333
"26291",0.138333333333333
"26292",0.136666666666667
"26293",0.136666666666667
"26294",0.136666666666667
"26295",0.136666666666667
"26296",0.128333333333333
"26297",0.13
"26298",0.13
"26299",0.128333333333333
"26300",0.126666666666667
"26301",0.126666666666667
"26302",0.128333333333333
"26303",0.128333333333333
"26304",0.128333333333333
"26305",0.13
"26306",0.128333333333333
"26307",0.128333333333333
"26308",0.126666666666667
"26309",0.128333333333333
"26310",0.128333333333333
"26311",0.126666666666667
"26312",0.128333333333333
"26313",0.13
"26314",0.126666666666667
"26315",0.126666666666667
"26316",0.121666666666667
"26317",0.0966666666666667
"26318",0.11
"26319",0.126666666666667
"26320",0.126666666666667
"26321",0.128333333333333
"26322",0.128333333333333
"26323",0.128333333333333
"26324",0.128333333333333
"26325",0.128333333333333
"26326",0.128333333333333
"26327",0.128333333333333
"26328",0.128333333333333
"26329",0.128333333333333
"26330",0.126666666666667
"26331",0.128333333333333
"26332",0.128333333333333
"26333",0.02
"26334",0.126666666666667
"26335",0.095
"26336",0.095
"26337",0.128333333333333
"26338",0.133333333333333
"26339",0.133333333333333
"26340",0.131666666666667
"26341",0.133333333333333
"26342",0.133333333333333
"26343",0.133333333333333
"26344",0.131666666666667
"26345",0.133333333333333
"26346",0.133333333333333
"26347",0.133333333333333
"26348",0.131666666666667
"26349",0.133333333333333
"26350",0.133333333333333
"26351",0.133333333333333
"26352",0.131666666666667
"26353",0.133333333333333
"26354",0.135
"26355",0.135
"26356",0.133333333333333
"26357",0.135
"26358",0.133333333333333
"26359",0.133333333333333
"26360",0.131666666666667
"26361",0.133333333333333
"26362",0.135
"26363",0.135
"26364",0.133333333333333
"26365",0.135
"26366",0.135
"26367",0.135
"26368",0.133333333333333
"26369",0.135
"26370",0.136666666666667
"26371",0.136666666666667
"26372",0.135
"26373",0.136666666666667
"26374",0.133333333333333
"26375",0.133333333333333
"26376",0.131666666666667
"26377",0.133333333333333
"26378",0.14
"26379",0.14
"26380",0.141666666666667
"26381",0.14
"26382",0.14
"26383",0.14
"26384",0.141666666666667
"26385",0.14
"26386",0.14
"26387",0.14
"26388",0.141666666666667
"26389",0.14
"26390",0.131666666666667
"26391",0.131666666666667
"26392",0.133333333333333
"26393",0.131666666666667
"26394",0.13
"26395",0.13
"26396",0.131666666666667
"26397",0.13
"26398",0.128333333333333
"26399",0.128333333333333
"26400",0.13
"26401",0.128333333333333
"26402",0.128333333333333
"26403",0.128333333333333
"26404",0.13
"26405",0.128333333333333
"26406",0.09
"26407",0.09
"26408",0.0916666666666667
"26409",0.09
"26410",0.0966666666666667
"26411",0.0966666666666667
"26412",0.0983333333333333
"26413",0.0966666666666667
"26414",0.0916666666666667
"26415",0.0916666666666667
"26416",0.0933333333333333
"26417",0.0916666666666667
"26418",0.0916666666666667
"26419",0.0916666666666667
"26420",0.0933333333333333
"26421",0.0916666666666667
"26422",0.0983333333333333
"26423",0.0983333333333333
"26424",0.1
"26425",0.0983333333333333
"26426",0.09
"26427",0.09
"26428",0.0916666666666667
"26429",0.09
"26430",0.09
"26431",0.09
"26432",0.0916666666666667
"26433",0.09
"26434",0.0983333333333333
"26435",0.0983333333333333
"26436",0.1
"26437",0.0983333333333333
"26438",0.095
"26439",0.095
"26440",0.0966666666666667
"26441",0.095
"26442",0.09
"26443",0.09
"26444",0.0916666666666667
"26445",0.09
"26446",0.09
"26447",0.09
"26448",0.0916666666666667
"26449",0.09
"26450",0.09
"26451",0.09
"26452",0.0916666666666667
"26453",0.09
"26454",0.095
"26455",0.095
"26456",0.0966666666666667
"26457",0.095
"26458",0.0966666666666667
"26459",0.0966666666666667
"26460",0.0983333333333333
"26461",0.0966666666666667
"26462",0.0916666666666667
"26463",0.0916666666666667
"26464",0.0933333333333333
"26465",0.0916666666666667
"26466",0.09
"26467",0.09
"26468",0.0916666666666667
"26469",0.09
"26470",0.095
"26471",0.095
"26472",0.0966666666666667
"26473",0.095
"26474",0.0916666666666667
"26475",0.0916666666666667
"26476",0.0933333333333333
"26477",0.0916666666666667
"26478",0.0966666666666667
"26479",0.0966666666666667
"26480",0.0983333333333333
"26481",0.0966666666666667
"26482",0.0916666666666667
"26483",0.0916666666666667
"26484",0.0933333333333333
"26485",0.0916666666666667
"26486",0.0916666666666667
"26487",0.0916666666666667
"26488",0.0933333333333333
"26489",0.0916666666666667
"26490",0.0933333333333333
"26491",0.0933333333333333
"26492",0.095
"26493",0.0933333333333333
"26494",0.095
"26495",0.095
"26496",0.0966666666666667
"26497",0.095
"26498",0.09
"26499",0.09
"26500",0.0916666666666667
"26501",0.09
"26502",0.095
"26503",0.095
"26504",0.0966666666666667
"26505",0.095
"26506",0.095
"26507",0.095
"26508",0.0966666666666667
"26509",0.095
"26510",0.09
"26511",0.09
"26512",0.0916666666666667
"26513",0.09
"26514",0.121666666666667
"26515",0.121666666666667
"26516",0.12
"26517",0.121666666666667
"26518",0.121666666666667
"26519",0.121666666666667
"26520",0.123333333333333
"26521",0.121666666666667
"26522",0.123333333333333
"26523",0.123333333333333
"26524",0.125
"26525",0.123333333333333
"26526",0.121666666666667
"26527",0.121666666666667
"26528",0.123333333333333
"26529",0.121666666666667
"26530",0.0283333333333333
"26531",0.0283333333333333
"26532",0.0283333333333333
"26533",0.0283333333333333
"26534",0.0283333333333333
"26535",0.0283333333333333
"26536",0.0283333333333333
"26537",0.0283333333333333
"26538",0.0283333333333333
"26539",0.0283333333333333
"26540",0.0283333333333333
"26541",0.0283333333333333
"26542",0.1
"26543",0.1
"26544",0.0983333333333333
"26545",0.1
"26546",0.0983333333333333
"26547",0.0983333333333333
"26548",0.0966666666666667
"26549",0.0983333333333333
"26550",0.0983333333333333
"26551",0.0983333333333333
"26552",0.0966666666666667
"26553",0.0983333333333333
"26554",0.1
"26555",0.1
"26556",0.0983333333333333
"26557",0.1
"26558",0.0983333333333333
"26559",0.0983333333333333
"26560",0.0966666666666667
"26561",0.0983333333333333
"26562",0.0983333333333333
"26563",0.0983333333333333
"26564",0.0966666666666667
"26565",0.0983333333333333
"26566",0.1
"26567",0.1
"26568",0.0983333333333333
"26569",0.1
"26570",0.1
"26571",0.1
"26572",0.0983333333333333
"26573",0.1
"26574",0.1
"26575",0.1
"26576",0.0983333333333333
"26577",0.1
"26578",0.1
"26579",0.1
"26580",0.0983333333333333
"26581",0.1
"26582",0.1
"26583",0.1
"26584",0.0983333333333333
"26585",0.1
"26586",0.0983333333333333
"26587",0.0983333333333333
"26588",0.0966666666666667
"26589",0.0983333333333333
"26590",0.1
"26591",0.1
"26592",0.0983333333333333
"26593",0.1
"26594",0.1
"26595",0.1
"26596",0.0983333333333333
"26597",0.1
"26598",0.1
"26599",0.1
"26600",0.0983333333333333
"26601",0.1
"26602",0.1
"26603",0.1
"26604",0.0983333333333333
"26605",0.1
"26606",0.0216666666666667
"26607",0.0216666666666667
"26608",0.0233333333333333
"26609",0.0216666666666667
"26610",0.0233333333333333
"26611",0.0233333333333333
"26612",0.025
"26613",0.0233333333333333
"26614",0.0233333333333333
"26615",0.0233333333333333
"26616",0.025
"26617",0.0233333333333333
"26618",0.09
"26619",0.09
"26620",0.0916666666666667
"26621",0.09
"26622",0.09
"26623",0.09
"26624",0.0916666666666667
"26625",0.09
"26626",0.09
"26627",0.09
"26628",0.0916666666666667
"26629",0.09
"26630",0.126666666666667
"26631",0.126666666666667
"26632",0.128333333333333
"26633",0.126666666666667
"26634",0.125
"26635",0.125
"26636",0.126666666666667
"26637",0.125
"26638",0.125
"26639",0.125
"26640",0.126666666666667
"26641",0.125
"26642",0.125
"26643",0.125
"26644",0.126666666666667
"26645",0.125
"26646",0.125
"26647",0.125
"26648",0.126666666666667
"26649",0.125
"26650",0.125
"26651",0.125
"26652",0.126666666666667
"26653",0.125
"26654",0.125
"26655",0.125
"26656",0.126666666666667
"26657",0.125
"26658",0.125
"26659",0.125
"26660",0.126666666666667
"26661",0.125
"26662",0.125
"26663",0.125
"26664",0.126666666666667
"26665",0.125
"26666",0.136666666666667
"26667",0.136666666666667
"26668",0.135
"26669",0.136666666666667
"26670",0.136666666666667
"26671",0.136666666666667
"26672",0.135
"26673",0.136666666666667
"26674",0.138333333333333
"26675",0.138333333333333
"26676",0.136666666666667
"26677",0.138333333333333
"26678",0.138333333333333
"26679",0.138333333333333
"26680",0.136666666666667
"26681",0.138333333333333
"26682",0.136666666666667
"26683",0.136666666666667
"26684",0.135
"26685",0.136666666666667
"26686",0.138333333333333
"26687",0.138333333333333
"26688",0.136666666666667
"26689",0.138333333333333
"26690",0.14
"26691",0.14
"26692",0.138333333333333
"26693",0.14
"26694",0.138333333333333
"26695",0.138333333333333
"26696",0.136666666666667
"26697",0.138333333333333
"26698",0.138333333333333
"26699",0.138333333333333
"26700",0.136666666666667
"26701",0.138333333333333
"26702",0.136666666666667
"26703",0.136666666666667
"26704",0.135
"26705",0.136666666666667
"26706",0.136666666666667
"26707",0.136666666666667
"26708",0.135
"26709",0.136666666666667
"26710",0.136666666666667
"26711",0.136666666666667
"26712",0.135
"26713",0.136666666666667
"26714",0.136666666666667
"26715",0.136666666666667
"26716",0.135
"26717",0.136666666666667
"26718",0.128333333333333
"26719",0.128333333333333
"26720",0.126666666666667
"26721",0.128333333333333
"26722",0.13
"26723",0.13
"26724",0.128333333333333
"26725",0.13
"26726",0.13
"26727",0.13
"26728",0.128333333333333
"26729",0.13
"26730",0.128333333333333
"26731",0.128333333333333
"26732",0.126666666666667
"26733",0.128333333333333
"26734",0.126666666666667
"26735",0.126666666666667
"26736",0.125
"26737",0.126666666666667
"26738",0.126666666666667
"26739",0.126666666666667
"26740",0.125
"26741",0.126666666666667
"26742",0.128333333333333
"26743",0.128333333333333
"26744",0.126666666666667
"26745",0.128333333333333
"26746",0.128333333333333
"26747",0.128333333333333
"26748",0.126666666666667
"26749",0.128333333333333
"26750",0.128333333333333
"26751",0.128333333333333
"26752",0.126666666666667
"26753",0.128333333333333
"26754",0.13
"26755",0.13
"26756",0.128333333333333
"26757",0.13
"26758",0.128333333333333
"26759",0.128333333333333
"26760",0.126666666666667
"26761",0.128333333333333
"26762",0.128333333333333
"26763",0.128333333333333
"26764",0.126666666666667
"26765",0.128333333333333
"26766",0.126666666666667
"26767",0.126666666666667
"26768",0.125
"26769",0.126666666666667
"26770",0.128333333333333
"26771",0.128333333333333
"26772",0.126666666666667
"26773",0.128333333333333
"26774",0.128333333333333
"26775",0.128333333333333
"26776",0.126666666666667
"26777",0.128333333333333
"26778",0.126666666666667
"26779",0.126666666666667
"26780",0.125
"26781",0.126666666666667
"26782",0.128333333333333
"26783",0.128333333333333
"26784",0.126666666666667
"26785",0.128333333333333
"26786",0.13
"26787",0.13
"26788",0.128333333333333
"26789",0.13
"26790",0.126666666666667
"26791",0.126666666666667
"26792",0.125
"26793",0.126666666666667
"26794",0.126666666666667
"26795",0.126666666666667
"26796",0.125
"26797",0.126666666666667
"26798",0.121666666666667
"26799",0.121666666666667
"26800",0.123333333333333
"26801",0.121666666666667
"26802",0.0966666666666667
"26803",0.0966666666666667
"26804",0.0983333333333333
"26805",0.0966666666666667
"26806",0.11
"26807",0.11
"26808",0.108333333333333
"26809",0.11
"26810",0.126666666666667
"26811",0.126666666666667
"26812",0.125
"26813",0.126666666666667
"26814",0.126666666666667
"26815",0.126666666666667
"26816",0.125
"26817",0.126666666666667
"26818",0.128333333333333
"26819",0.128333333333333
"26820",0.126666666666667
"26821",0.128333333333333
"26822",0.128333333333333
"26823",0.128333333333333
"26824",0.126666666666667
"26825",0.128333333333333
"26826",0.128333333333333
"26827",0.128333333333333
"26828",0.126666666666667
"26829",0.128333333333333
"26830",0.128333333333333
"26831",0.128333333333333
"26832",0.126666666666667
"26833",0.128333333333333
"26834",0.128333333333333
"26835",0.128333333333333
"26836",0.126666666666667
"26837",0.128333333333333
"26838",0.128333333333333
"26839",0.128333333333333
"26840",0.126666666666667
"26841",0.128333333333333
"26842",0.128333333333333
"26843",0.128333333333333
"26844",0.126666666666667
"26845",0.128333333333333
"26846",0.128333333333333
"26847",0.128333333333333
"26848",0.126666666666667
"26849",0.128333333333333
"26850",0.128333333333333
"26851",0.128333333333333
"26852",0.126666666666667
"26853",0.128333333333333
"26854",0.126666666666667
"26855",0.126666666666667
"26856",0.125
"26857",0.126666666666667
"26858",0.128333333333333
"26859",0.128333333333333
"26860",0.126666666666667
"26861",0.128333333333333
"26862",0.128333333333333
"26863",0.128333333333333
"26864",0.126666666666667
"26865",0.128333333333333
"26866",0.02
"26867",0.02
"26868",0.0216666666666667
"26869",0.02
"26870",0.126666666666667
"26871",0.126666666666667
"26872",0.125
"26873",0.126666666666667
"26874",0.095
"26875",0.095
"26876",0.0966666666666667
"26877",0.095
"26878",0.095
"26879",0.095
"26880",0.0966666666666667
"26881",0.095
"26882",0.128333333333333
"26883",0.128333333333333
"26884",0.126666666666667
"26885",0.128333333333333
"26886",0.133333333333333
"26887",0.133333333333333
"26888",0.131666666666667
"26889",0.133333333333333
"26890",0.133333333333333
"26891",0.123333333333333
"26892",0.123333333333333
"26893",0.125
"26894",0.123333333333333
"26895",0.123333333333333
"26896",0.121666666666667
"26897",0.121666666666667
"26898",0.123333333333333
"26899",0.121666666666667
"26900",0.121666666666667
"26901",0.121666666666667
"26902",0.121666666666667
"26903",0.123333333333333
"26904",0.121666666666667
"26905",0.121666666666667
"26906",0.123333333333333
"26907",0.123333333333333
"26908",0.125
"26909",0.123333333333333
"26910",0.123333333333333
"26911",0.123333333333333
"26912",0.123333333333333
"26913",0.125
"26914",0.123333333333333
"26915",0.123333333333333
"26916",0.1
"26917",0.1
"26918",0.0983333333333333
"26919",0.1
"26920",0.1
"26921",0.101666666666667
"26922",0.101666666666667
"26923",0.1
"26924",0.101666666666667
"26925",0.101666666666667
"26926",0.1
"26927",0.1
"26928",0.0983333333333333
"26929",0.1
"26930",0.1
"26931",0.1
"26932",0.1
"26933",0.0983333333333333
"26934",0.1
"26935",0.1
"26936",0.1
"26937",0.1
"26938",0.0983333333333333
"26939",0.1
"26940",0.1
"26941",0.0983333333333333
"26942",0.0983333333333333
"26943",0.0966666666666667
"26944",0.0983333333333333
"26945",0.0983333333333333
"26946",0.0216666666666667
"26947",0.0216666666666667
"26948",0.0233333333333333
"26949",0.0216666666666667
"26950",0.0216666666666667
"26951",0.0216666666666667
"26952",0.0216666666666667
"26953",0.0233333333333333
"26954",0.0216666666666667
"26955",0.0216666666666667
