"","x"
"1",0.125
"2",0.125
"3",0.125
"4",0.125
"5",0.126666666666667
"6",0.125
"7",0.126666666666667
"8",0.125
"9",0.125
"10",0.125
"11",0.125
"12",0.125
"13",0.125
"14",0.125
"15",0.125
"16",0.125
"17",0.125
"18",0.125
"19",0.125
"20",0.125
"21",0.125
"22",0.125
"23",0.125
"24",0.125
"25",0.125
"26",0.125
"27",0.125
"28",0.125
"29",0.125
"30",0.125
"31",0.125
"32",0.125
"33",0.126666666666667
"34",0.125
"35",0.126666666666667
"36",0.125
"37",0.125
"38",0.125
"39",0.125
"40",0.125
"41",0.125
"42",0.125
"43",0.125
"44",0.125
"45",0.125
"46",0.125
"47",0.125
"48",0.125
"49",0.125
"50",0.125
"51",0.125
"52",0.125
"53",0.125
"54",0.125
"55",0.125
"56",0.125
"57",0.126666666666667
"58",0.126666666666667
"59",0.126666666666667
"60",0.126666666666667
"61",0.128333333333333
"62",0.126666666666667
"63",0.128333333333333
"64",0.126666666666667
"65",0.126666666666667
"66",0.126666666666667
"67",0.126666666666667
"68",0.126666666666667
"69",0.126666666666667
"70",0.126666666666667
"71",0.126666666666667
"72",0.126666666666667
"73",0.126666666666667
"74",0.126666666666667
"75",0.126666666666667
"76",0.126666666666667
"77",0.126666666666667
"78",0.126666666666667
"79",0.126666666666667
"80",0.126666666666667
"81",0.126666666666667
"82",0.126666666666667
"83",0.126666666666667
"84",0.126666666666667
"85",0.125
"86",0.125
"87",0.125
"88",0.125
"89",0.126666666666667
"90",0.125
"91",0.126666666666667
"92",0.125
"93",0.125
"94",0.125
"95",0.125
"96",0.125
"97",0.125
"98",0.125
"99",0.125
"100",0.125
"101",0.125
"102",0.125
"103",0.125
"104",0.125
"105",0.125
"106",0.125
"107",0.125
"108",0.125
"109",0.125
"110",0.125
"111",0.125
"112",0.125
"113",0.125
"114",0.125
"115",0.125
"116",0.125
"117",0.126666666666667
"118",0.125
"119",0.126666666666667
"120",0.125
"121",0.125
"122",0.125
"123",0.125
"124",0.125
"125",0.125
"126",0.125
"127",0.125
"128",0.125
"129",0.125
"130",0.125
"131",0.125
"132",0.125
"133",0.125
"134",0.125
"135",0.125
"136",0.125
"137",0.125
"138",0.125
"139",0.125
"140",0.125
"141",0.105
"142",0.105
"143",0.105
"144",0.105
"145",0.106666666666667
"146",0.105
"147",0.106666666666667
"148",0.105
"149",0.105
"150",0.105
"151",0.105
"152",0.105
"153",0.105
"154",0.105
"155",0.105
"156",0.105
"157",0.105
"158",0.105
"159",0.105
"160",0.105
"161",0.105
"162",0.105
"163",0.105
"164",0.105
"165",0.105
"166",0.105
"167",0.105
"168",0.105
"169",0.105
"170",0.105
"171",0.105
"172",0.105
"173",0.106666666666667
"174",0.105
"175",0.106666666666667
"176",0.105
"177",0.105
"178",0.105
"179",0.105
"180",0.105
"181",0.105
"182",0.105
"183",0.105
"184",0.105
"185",0.105
"186",0.105
"187",0.105
"188",0.105
"189",0.105
"190",0.105
"191",0.105
"192",0.105
"193",0.105
"194",0.105
"195",0.105
"196",0.105
"197",0.105
"198",0.105
"199",0.105
"200",0.105
"201",0.106666666666667
"202",0.105
"203",0.106666666666667
"204",0.105
"205",0.105
"206",0.105
"207",0.105
"208",0.105
"209",0.105
"210",0.105
"211",0.105
"212",0.105
"213",0.105
"214",0.105
"215",0.105
"216",0.105
"217",0.105
"218",0.105
"219",0.105
"220",0.105
"221",0.105
"222",0.105
"223",0.105
"224",0.105
"225",0.106666666666667
"226",0.106666666666667
"227",0.106666666666667
"228",0.106666666666667
"229",0.108333333333333
"230",0.106666666666667
"231",0.108333333333333
"232",0.106666666666667
"233",0.106666666666667
"234",0.106666666666667
"235",0.106666666666667
"236",0.106666666666667
"237",0.106666666666667
"238",0.106666666666667
"239",0.106666666666667
"240",0.106666666666667
"241",0.106666666666667
"242",0.106666666666667
"243",0.106666666666667
"244",0.106666666666667
"245",0.106666666666667
"246",0.106666666666667
"247",0.106666666666667
"248",0.106666666666667
"249",0.106666666666667
"250",0.106666666666667
"251",0.106666666666667
"252",0.106666666666667
"253",0.105
"254",0.105
"255",0.105
"256",0.105
"257",0.106666666666667
"258",0.105
"259",0.106666666666667
"260",0.105
"261",0.105
"262",0.105
"263",0.105
"264",0.105
"265",0.105
"266",0.105
"267",0.105
"268",0.105
"269",0.105
"270",0.105
"271",0.105
"272",0.105
"273",0.105
"274",0.105
"275",0.105
"276",0.105
"277",0.105
"278",0.105
"279",0.105
"280",0.105
"281",0.106666666666667
"282",0.106666666666667
"283",0.106666666666667
"284",0.106666666666667
"285",0.108333333333333
"286",0.106666666666667
"287",0.108333333333333
"288",0.106666666666667
"289",0.106666666666667
"290",0.106666666666667
"291",0.106666666666667
"292",0.106666666666667
"293",0.106666666666667
"294",0.106666666666667
"295",0.106666666666667
"296",0.106666666666667
"297",0.106666666666667
"298",0.106666666666667
"299",0.106666666666667
"300",0.106666666666667
"301",0.106666666666667
"302",0.106666666666667
"303",0.106666666666667
"304",0.106666666666667
"305",0.106666666666667
"306",0.106666666666667
"307",0.106666666666667
"308",0.106666666666667
"309",0.106666666666667
"310",0.106666666666667
"311",0.106666666666667
"312",0.106666666666667
"313",0.108333333333333
"314",0.106666666666667
"315",0.108333333333333
"316",0.106666666666667
"317",0.106666666666667
"318",0.106666666666667
"319",0.106666666666667
"320",0.106666666666667
"321",0.106666666666667
"322",0.106666666666667
"323",0.106666666666667
"324",0.106666666666667
"325",0.106666666666667
"326",0.106666666666667
"327",0.106666666666667
"328",0.106666666666667
"329",0.106666666666667
"330",0.106666666666667
"331",0.106666666666667
"332",0.106666666666667
"333",0.106666666666667
"334",0.106666666666667
"335",0.106666666666667
"336",0.106666666666667
"337",0.106666666666667
"338",0.106666666666667
"339",0.106666666666667
"340",0.106666666666667
"341",0.108333333333333
"342",0.106666666666667
"343",0.108333333333333
"344",0.106666666666667
"345",0.106666666666667
"346",0.106666666666667
"347",0.106666666666667
"348",0.106666666666667
"349",0.106666666666667
"350",0.106666666666667
"351",0.106666666666667
"352",0.106666666666667
"353",0.106666666666667
"354",0.106666666666667
"355",0.106666666666667
"356",0.106666666666667
"357",0.106666666666667
"358",0.106666666666667
"359",0.106666666666667
"360",0.106666666666667
"361",0.106666666666667
"362",0.106666666666667
"363",0.106666666666667
"364",0.106666666666667
"365",0.105
"366",0.105
"367",0.105
"368",0.105
"369",0.106666666666667
"370",0.105
"371",0.106666666666667
"372",0.105
"373",0.105
"374",0.105
"375",0.105
"376",0.105
"377",0.105
"378",0.105
"379",0.105
"380",0.105
"381",0.105
"382",0.105
"383",0.105
"384",0.105
"385",0.105
"386",0.105
"387",0.105
"388",0.105
"389",0.105
"390",0.105
"391",0.105
"392",0.105
"393",0.105
"394",0.105
"395",0.105
"396",0.105
"397",0.106666666666667
"398",0.105
"399",0.106666666666667
"400",0.105
"401",0.105
"402",0.105
"403",0.105
"404",0.105
"405",0.105
"406",0.105
"407",0.105
"408",0.105
"409",0.105
"410",0.105
"411",0.105
"412",0.105
"413",0.105
"414",0.105
"415",0.105
"416",0.105
"417",0.105
"418",0.105
"419",0.105
"420",0.105
"421",0.105
"422",0.105
"423",0.105
"424",0.105
"425",0.106666666666667
"426",0.105
"427",0.106666666666667
"428",0.105
"429",0.105
"430",0.105
"431",0.105
"432",0.105
"433",0.105
"434",0.105
"435",0.105
"436",0.105
"437",0.105
"438",0.105
"439",0.105
"440",0.105
"441",0.105
"442",0.105
"443",0.105
"444",0.105
"445",0.105
"446",0.105
"447",0.105
"448",0.105
"449",0.105
"450",0.105
"451",0.105
"452",0.105
"453",0.106666666666667
"454",0.105
"455",0.106666666666667
"456",0.105
"457",0.105
"458",0.105
"459",0.105
"460",0.105
"461",0.105
"462",0.105
"463",0.105
"464",0.105
"465",0.105
"466",0.105
"467",0.105
"468",0.105
"469",0.105
"470",0.105
"471",0.105
"472",0.105
"473",0.105
"474",0.105
"475",0.105
"476",0.105
"477",0.106666666666667
"478",0.106666666666667
"479",0.106666666666667
"480",0.106666666666667
"481",0.108333333333333
"482",0.106666666666667
"483",0.108333333333333
"484",0.106666666666667
"485",0.106666666666667
"486",0.106666666666667
"487",0.106666666666667
"488",0.106666666666667
"489",0.106666666666667
"490",0.106666666666667
"491",0.106666666666667
"492",0.106666666666667
"493",0.106666666666667
"494",0.106666666666667
"495",0.106666666666667
"496",0.106666666666667
"497",0.106666666666667
"498",0.106666666666667
"499",0.106666666666667
"500",0.106666666666667
"501",0.106666666666667
"502",0.106666666666667
"503",0.106666666666667
"504",0.106666666666667
"505",0.106666666666667
"506",0.106666666666667
"507",0.106666666666667
"508",0.106666666666667
"509",0.108333333333333
"510",0.106666666666667
"511",0.108333333333333
"512",0.106666666666667
"513",0.106666666666667
"514",0.106666666666667
"515",0.106666666666667
"516",0.106666666666667
"517",0.106666666666667
"518",0.106666666666667
"519",0.106666666666667
"520",0.106666666666667
"521",0.106666666666667
"522",0.106666666666667
"523",0.106666666666667
"524",0.106666666666667
"525",0.106666666666667
"526",0.106666666666667
"527",0.106666666666667
"528",0.106666666666667
"529",0.106666666666667
"530",0.106666666666667
"531",0.106666666666667
"532",0.106666666666667
"533",0.105
"534",0.105
"535",0.105
"536",0.105
"537",0.106666666666667
"538",0.105
"539",0.106666666666667
"540",0.105
"541",0.105
"542",0.105
"543",0.105
"544",0.105
"545",0.105
"546",0.105
"547",0.105
"548",0.105
"549",0.105
"550",0.105
"551",0.105
"552",0.105
"553",0.105
"554",0.105
"555",0.105
"556",0.105
"557",0.105
"558",0.105
"559",0.105
"560",0.105
"561",0.105
"562",0.105
"563",0.105
"564",0.105
"565",0.106666666666667
"566",0.105
"567",0.106666666666667
"568",0.105
"569",0.105
"570",0.105
"571",0.105
"572",0.105
"573",0.105
"574",0.105
"575",0.105
"576",0.105
"577",0.105
"578",0.105
"579",0.105
"580",0.105
"581",0.105
"582",0.105
"583",0.105
"584",0.105
"585",0.105
"586",0.105
"587",0.105
"588",0.105
"589",0.136666666666667
"590",0.136666666666667
"591",0.136666666666667
"592",0.136666666666667
"593",0.138333333333333
"594",0.136666666666667
"595",0.138333333333333
"596",0.136666666666667
"597",0.136666666666667
"598",0.136666666666667
"599",0.136666666666667
"600",0.136666666666667
"601",0.136666666666667
"602",0.136666666666667
"603",0.136666666666667
"604",0.136666666666667
"605",0.136666666666667
"606",0.136666666666667
"607",0.136666666666667
"608",0.136666666666667
"609",0.136666666666667
"610",0.136666666666667
"611",0.136666666666667
"612",0.136666666666667
"613",0.136666666666667
"614",0.136666666666667
"615",0.136666666666667
"616",0.136666666666667
"617",0.14
"618",0.14
"619",0.14
"620",0.14
"621",0.141666666666667
"622",0.14
"623",0.141666666666667
"624",0.14
"625",0.14
"626",0.14
"627",0.14
"628",0.14
"629",0.14
"630",0.14
"631",0.14
"632",0.14
"633",0.14
"634",0.14
"635",0.14
"636",0.14
"637",0.14
"638",0.14
"639",0.14
"640",0.14
"641",0.14
"642",0.14
"643",0.14
"644",0.14
"645",0.138333333333333
"646",0.138333333333333
"647",0.138333333333333
"648",0.138333333333333
"649",0.14
"650",0.138333333333333
"651",0.14
"652",0.138333333333333
"653",0.138333333333333
"654",0.138333333333333
"655",0.138333333333333
"656",0.138333333333333
"657",0.138333333333333
"658",0.138333333333333
"659",0.138333333333333
"660",0.138333333333333
"661",0.138333333333333
"662",0.138333333333333
"663",0.138333333333333
"664",0.138333333333333
"665",0.138333333333333
"666",0.138333333333333
"667",0.138333333333333
"668",0.138333333333333
"669",0.138333333333333
"670",0.138333333333333
"671",0.138333333333333
"672",0.138333333333333
"673",0.14
"674",0.14
"675",0.14
"676",0.14
"677",0.141666666666667
"678",0.14
"679",0.141666666666667
"680",0.14
"681",0.14
"682",0.14
"683",0.14
"684",0.14
"685",0.14
"686",0.14
"687",0.14
"688",0.14
"689",0.14
"690",0.14
"691",0.14
"692",0.14
"693",0.14
"694",0.14
"695",0.14
"696",0.14
"697",0.14
"698",0.14
"699",0.14
"700",0.14
"701",0.14
"702",0.14
"703",0.14
"704",0.14
"705",0.141666666666667
"706",0.14
"707",0.141666666666667
"708",0.14
"709",0.14
"710",0.14
"711",0.14
"712",0.14
"713",0.14
"714",0.14
"715",0.14
"716",0.14
"717",0.14
"718",0.14
"719",0.14
"720",0.14
"721",0.14
"722",0.14
"723",0.14
"724",0.14
"725",0.14
"726",0.14
"727",0.14
"728",0.14
"729",0.138333333333333
"730",0.138333333333333
"731",0.138333333333333
"732",0.138333333333333
"733",0.14
"734",0.138333333333333
"735",0.14
"736",0.138333333333333
"737",0.138333333333333
"738",0.138333333333333
"739",0.138333333333333
"740",0.138333333333333
"741",0.138333333333333
"742",0.138333333333333
"743",0.138333333333333
"744",0.138333333333333
"745",0.138333333333333
"746",0.138333333333333
"747",0.138333333333333
"748",0.138333333333333
"749",0.138333333333333
"750",0.138333333333333
"751",0.138333333333333
"752",0.138333333333333
"753",0.138333333333333
"754",0.138333333333333
"755",0.138333333333333
"756",0.138333333333333
"757",0.138333333333333
"758",0.138333333333333
"759",0.138333333333333
"760",0.138333333333333
"761",0.14
"762",0.138333333333333
"763",0.14
"764",0.138333333333333
"765",0.138333333333333
"766",0.138333333333333
"767",0.138333333333333
"768",0.138333333333333
"769",0.138333333333333
"770",0.138333333333333
"771",0.138333333333333
"772",0.138333333333333
"773",0.138333333333333
"774",0.138333333333333
"775",0.138333333333333
"776",0.138333333333333
"777",0.138333333333333
"778",0.138333333333333
"779",0.138333333333333
"780",0.138333333333333
"781",0.138333333333333
"782",0.138333333333333
"783",0.138333333333333
"784",0.138333333333333
"785",0.138333333333333
"786",0.138333333333333
"787",0.138333333333333
"788",0.138333333333333
"789",0.14
"790",0.138333333333333
"791",0.14
"792",0.138333333333333
"793",0.138333333333333
"794",0.138333333333333
"795",0.138333333333333
"796",0.138333333333333
"797",0.138333333333333
"798",0.138333333333333
"799",0.138333333333333
"800",0.138333333333333
"801",0.138333333333333
"802",0.138333333333333
"803",0.138333333333333
"804",0.138333333333333
"805",0.138333333333333
"806",0.138333333333333
"807",0.138333333333333
"808",0.138333333333333
"809",0.138333333333333
"810",0.138333333333333
"811",0.138333333333333
"812",0.138333333333333
"813",0.138333333333333
"814",0.138333333333333
"815",0.138333333333333
"816",0.138333333333333
"817",0.14
"818",0.138333333333333
"819",0.14
"820",0.138333333333333
"821",0.138333333333333
"822",0.138333333333333
"823",0.138333333333333
"824",0.138333333333333
"825",0.138333333333333
"826",0.138333333333333
"827",0.138333333333333
"828",0.138333333333333
"829",0.138333333333333
"830",0.138333333333333
"831",0.138333333333333
"832",0.138333333333333
"833",0.138333333333333
"834",0.138333333333333
"835",0.138333333333333
"836",0.138333333333333
"837",0.138333333333333
"838",0.138333333333333
"839",0.138333333333333
"840",0.138333333333333
"841",0.14
"842",0.14
"843",0.14
"844",0.14
"845",0.141666666666667
"846",0.14
"847",0.141666666666667
"848",0.14
"849",0.14
"850",0.14
"851",0.14
"852",0.14
"853",0.14
"854",0.14
"855",0.14
"856",0.14
"857",0.14
"858",0.14
"859",0.14
"860",0.14
"861",0.14
"862",0.14
"863",0.14
"864",0.14
"865",0.14
"866",0.14
"867",0.14
"868",0.14
"869",0.138333333333333
"870",0.138333333333333
"871",0.138333333333333
"872",0.138333333333333
"873",0.14
"874",0.138333333333333
"875",0.14
"876",0.138333333333333
"877",0.138333333333333
"878",0.138333333333333
"879",0.138333333333333
"880",0.138333333333333
"881",0.138333333333333
"882",0.138333333333333
"883",0.138333333333333
"884",0.138333333333333
"885",0.138333333333333
"886",0.138333333333333
"887",0.138333333333333
"888",0.138333333333333
"889",0.138333333333333
"890",0.138333333333333
"891",0.138333333333333
"892",0.138333333333333
"893",0.138333333333333
"894",0.138333333333333
"895",0.138333333333333
"896",0.138333333333333
"897",0.138333333333333
"898",0.138333333333333
"899",0.138333333333333
"900",0.138333333333333
"901",0.14
"902",0.138333333333333
"903",0.14
"904",0.138333333333333
"905",0.138333333333333
"906",0.138333333333333
"907",0.138333333333333
"908",0.138333333333333
"909",0.138333333333333
"910",0.138333333333333
"911",0.138333333333333
"912",0.138333333333333
"913",0.138333333333333
"914",0.138333333333333
"915",0.138333333333333
"916",0.138333333333333
"917",0.138333333333333
"918",0.138333333333333
"919",0.138333333333333
"920",0.138333333333333
"921",0.138333333333333
"922",0.138333333333333
"923",0.138333333333333
"924",0.138333333333333
"925",0.138333333333333
"926",0.138333333333333
"927",0.138333333333333
"928",0.138333333333333
"929",0.14
"930",0.138333333333333
"931",0.14
"932",0.138333333333333
"933",0.138333333333333
"934",0.138333333333333
"935",0.138333333333333
"936",0.138333333333333
"937",0.138333333333333
"938",0.138333333333333
"939",0.138333333333333
"940",0.138333333333333
"941",0.138333333333333
"942",0.138333333333333
"943",0.138333333333333
"944",0.138333333333333
"945",0.138333333333333
"946",0.138333333333333
"947",0.138333333333333
"948",0.138333333333333
"949",0.138333333333333
"950",0.138333333333333
"951",0.138333333333333
"952",0.138333333333333
"953",0.138333333333333
"954",0.138333333333333
"955",0.138333333333333
"956",0.138333333333333
"957",0.14
"958",0.138333333333333
"959",0.14
"960",0.138333333333333
"961",0.138333333333333
"962",0.138333333333333
"963",0.138333333333333
"964",0.138333333333333
"965",0.138333333333333
"966",0.138333333333333
"967",0.138333333333333
"968",0.138333333333333
"969",0.138333333333333
"970",0.138333333333333
"971",0.138333333333333
"972",0.138333333333333
"973",0.138333333333333
"974",0.138333333333333
"975",0.138333333333333
"976",0.138333333333333
"977",0.138333333333333
"978",0.138333333333333
"979",0.138333333333333
"980",0.138333333333333
"981",0.138333333333333
"982",0.138333333333333
"983",0.138333333333333
"984",0.138333333333333
"985",0.14
"986",0.138333333333333
"987",0.14
"988",0.138333333333333
"989",0.138333333333333
"990",0.138333333333333
"991",0.138333333333333
"992",0.138333333333333
"993",0.138333333333333
"994",0.138333333333333
"995",0.138333333333333
"996",0.138333333333333
"997",0.138333333333333
"998",0.138333333333333
"999",0.138333333333333
"1000",0.138333333333333
"1001",0.138333333333333
"1002",0.138333333333333
"1003",0.138333333333333
"1004",0.138333333333333
"1005",0.138333333333333
"1006",0.138333333333333
"1007",0.138333333333333
"1008",0.138333333333333
"1009",0.138333333333333
"1010",0.138333333333333
"1011",0.138333333333333
"1012",0.138333333333333
"1013",0.14
"1014",0.138333333333333
"1015",0.14
"1016",0.138333333333333
"1017",0.138333333333333
"1018",0.138333333333333
"1019",0.138333333333333
"1020",0.138333333333333
"1021",0.138333333333333
"1022",0.138333333333333
"1023",0.138333333333333
"1024",0.138333333333333
"1025",0.138333333333333
"1026",0.138333333333333
"1027",0.138333333333333
"1028",0.138333333333333
"1029",0.138333333333333
"1030",0.138333333333333
"1031",0.138333333333333
"1032",0.138333333333333
"1033",0.138333333333333
"1034",0.138333333333333
"1035",0.138333333333333
"1036",0.138333333333333
"1037",0.14
"1038",0.14
"1039",0.14
"1040",0.14
"1041",0.141666666666667
"1042",0.14
"1043",0.141666666666667
"1044",0.14
"1045",0.14
"1046",0.14
"1047",0.14
"1048",0.14
"1049",0.14
"1050",0.14
"1051",0.14
"1052",0.14
"1053",0.14
"1054",0.14
"1055",0.14
"1056",0.14
"1057",0.14
"1058",0.14
"1059",0.14
"1060",0.14
"1061",0.14
"1062",0.14
"1063",0.14
"1064",0.14
"1065",0.138333333333333
"1066",0.138333333333333
"1067",0.138333333333333
"1068",0.138333333333333
"1069",0.14
"1070",0.138333333333333
"1071",0.14
"1072",0.138333333333333
"1073",0.138333333333333
"1074",0.138333333333333
"1075",0.138333333333333
"1076",0.138333333333333
"1077",0.138333333333333
"1078",0.138333333333333
"1079",0.138333333333333
"1080",0.138333333333333
"1081",0.138333333333333
"1082",0.138333333333333
"1083",0.138333333333333
"1084",0.138333333333333
"1085",0.138333333333333
"1086",0.138333333333333
"1087",0.138333333333333
"1088",0.138333333333333
"1089",0.138333333333333
"1090",0.138333333333333
"1091",0.138333333333333
"1092",0.138333333333333
"1093",0.138333333333333
"1094",0.138333333333333
"1095",0.138333333333333
"1096",0.138333333333333
"1097",0.14
"1098",0.138333333333333
"1099",0.14
"1100",0.138333333333333
"1101",0.138333333333333
"1102",0.138333333333333
"1103",0.138333333333333
"1104",0.138333333333333
"1105",0.138333333333333
"1106",0.138333333333333
"1107",0.138333333333333
"1108",0.138333333333333
"1109",0.138333333333333
"1110",0.138333333333333
"1111",0.138333333333333
"1112",0.138333333333333
"1113",0.138333333333333
"1114",0.138333333333333
"1115",0.138333333333333
"1116",0.138333333333333
"1117",0.138333333333333
"1118",0.138333333333333
"1119",0.138333333333333
"1120",0.138333333333333
"1121",0.136666666666667
"1122",0.136666666666667
"1123",0.136666666666667
"1124",0.136666666666667
"1125",0.138333333333333
"1126",0.136666666666667
"1127",0.138333333333333
"1128",0.136666666666667
"1129",0.136666666666667
"1130",0.136666666666667
"1131",0.136666666666667
"1132",0.136666666666667
"1133",0.136666666666667
"1134",0.136666666666667
"1135",0.136666666666667
"1136",0.136666666666667
"1137",0.136666666666667
"1138",0.136666666666667
"1139",0.136666666666667
"1140",0.136666666666667
"1141",0.136666666666667
"1142",0.136666666666667
"1143",0.136666666666667
"1144",0.136666666666667
"1145",0.136666666666667
"1146",0.136666666666667
"1147",0.136666666666667
"1148",0.136666666666667
"1149",0.136666666666667
"1150",0.136666666666667
"1151",0.136666666666667
"1152",0.136666666666667
"1153",0.138333333333333
"1154",0.136666666666667
"1155",0.138333333333333
"1156",0.136666666666667
"1157",0.136666666666667
"1158",0.136666666666667
"1159",0.136666666666667
"1160",0.136666666666667
"1161",0.136666666666667
"1162",0.136666666666667
"1163",0.136666666666667
"1164",0.136666666666667
"1165",0.136666666666667
"1166",0.136666666666667
"1167",0.136666666666667
"1168",0.136666666666667
"1169",0.136666666666667
"1170",0.136666666666667
"1171",0.136666666666667
"1172",0.136666666666667
"1173",0.136666666666667
"1174",0.136666666666667
"1175",0.136666666666667
"1176",0.136666666666667
"1177",0.14
"1178",0.14
"1179",0.14
"1180",0.14
"1181",0.141666666666667
"1182",0.14
"1183",0.141666666666667
"1184",0.14
"1185",0.14
"1186",0.14
"1187",0.14
"1188",0.14
"1189",0.14
"1190",0.14
"1191",0.14
"1192",0.14
"1193",0.14
"1194",0.14
"1195",0.14
"1196",0.14
"1197",0.14
"1198",0.14
"1199",0.14
"1200",0.14
"1201",0.14
"1202",0.14
"1203",0.14
"1204",0.14
"1205",0.138333333333333
"1206",0.138333333333333
"1207",0.138333333333333
"1208",0.138333333333333
"1209",0.14
"1210",0.138333333333333
"1211",0.14
"1212",0.138333333333333
"1213",0.138333333333333
"1214",0.138333333333333
"1215",0.138333333333333
"1216",0.138333333333333
"1217",0.138333333333333
"1218",0.138333333333333
"1219",0.138333333333333
"1220",0.138333333333333
"1221",0.138333333333333
"1222",0.138333333333333
"1223",0.138333333333333
"1224",0.138333333333333
"1225",0.138333333333333
"1226",0.138333333333333
"1227",0.138333333333333
"1228",0.138333333333333
"1229",0.138333333333333
"1230",0.138333333333333
"1231",0.138333333333333
"1232",0.138333333333333
"1233",0.138333333333333
"1234",0.138333333333333
"1235",0.138333333333333
"1236",0.138333333333333
"1237",0.14
"1238",0.138333333333333
"1239",0.14
"1240",0.138333333333333
"1241",0.138333333333333
"1242",0.138333333333333
"1243",0.138333333333333
"1244",0.138333333333333
"1245",0.138333333333333
"1246",0.138333333333333
"1247",0.138333333333333
"1248",0.138333333333333
"1249",0.138333333333333
"1250",0.138333333333333
"1251",0.138333333333333
"1252",0.138333333333333
"1253",0.138333333333333
"1254",0.138333333333333
"1255",0.138333333333333
"1256",0.138333333333333
"1257",0.138333333333333
"1258",0.138333333333333
"1259",0.138333333333333
"1260",0.138333333333333
"1261",0.138333333333333
"1262",0.138333333333333
"1263",0.138333333333333
"1264",0.138333333333333
"1265",0.14
"1266",0.138333333333333
"1267",0.14
"1268",0.138333333333333
"1269",0.138333333333333
"1270",0.138333333333333
"1271",0.138333333333333
"1272",0.138333333333333
"1273",0.138333333333333
"1274",0.138333333333333
"1275",0.138333333333333
"1276",0.138333333333333
"1277",0.138333333333333
"1278",0.138333333333333
"1279",0.138333333333333
"1280",0.138333333333333
"1281",0.138333333333333
"1282",0.138333333333333
"1283",0.138333333333333
"1284",0.138333333333333
"1285",0.138333333333333
"1286",0.138333333333333
"1287",0.138333333333333
"1288",0.138333333333333
"1289",0.138333333333333
"1290",0.138333333333333
"1291",0.138333333333333
"1292",0.138333333333333
"1293",0.14
"1294",0.138333333333333
"1295",0.14
"1296",0.138333333333333
"1297",0.138333333333333
"1298",0.138333333333333
"1299",0.138333333333333
"1300",0.138333333333333
"1301",0.138333333333333
"1302",0.138333333333333
"1303",0.138333333333333
"1304",0.138333333333333
"1305",0.138333333333333
"1306",0.138333333333333
"1307",0.138333333333333
"1308",0.138333333333333
"1309",0.138333333333333
"1310",0.138333333333333
"1311",0.138333333333333
"1312",0.138333333333333
"1313",0.138333333333333
"1314",0.138333333333333
"1315",0.138333333333333
"1316",0.138333333333333
"1317",0.136666666666667
"1318",0.136666666666667
"1319",0.136666666666667
"1320",0.136666666666667
"1321",0.138333333333333
"1322",0.136666666666667
"1323",0.138333333333333
"1324",0.136666666666667
"1325",0.136666666666667
"1326",0.136666666666667
"1327",0.136666666666667
"1328",0.136666666666667
"1329",0.136666666666667
"1330",0.136666666666667
"1331",0.136666666666667
"1332",0.136666666666667
"1333",0.136666666666667
"1334",0.136666666666667
"1335",0.136666666666667
"1336",0.136666666666667
"1337",0.136666666666667
"1338",0.136666666666667
"1339",0.136666666666667
"1340",0.136666666666667
"1341",0.136666666666667
"1342",0.136666666666667
"1343",0.136666666666667
"1344",0.136666666666667
"1345",0.138333333333333
"1346",0.138333333333333
"1347",0.138333333333333
"1348",0.138333333333333
"1349",0.14
"1350",0.138333333333333
"1351",0.14
"1352",0.138333333333333
"1353",0.138333333333333
"1354",0.138333333333333
"1355",0.138333333333333
"1356",0.138333333333333
"1357",0.138333333333333
"1358",0.138333333333333
"1359",0.138333333333333
"1360",0.138333333333333
"1361",0.138333333333333
"1362",0.138333333333333
"1363",0.138333333333333
"1364",0.138333333333333
"1365",0.138333333333333
"1366",0.138333333333333
"1367",0.138333333333333
"1368",0.138333333333333
"1369",0.138333333333333
"1370",0.138333333333333
"1371",0.138333333333333
"1372",0.138333333333333
"1373",0.138333333333333
"1374",0.138333333333333
"1375",0.138333333333333
"1376",0.138333333333333
"1377",0.14
"1378",0.138333333333333
"1379",0.14
"1380",0.138333333333333
"1381",0.138333333333333
"1382",0.138333333333333
"1383",0.138333333333333
"1384",0.138333333333333
"1385",0.138333333333333
"1386",0.138333333333333
"1387",0.138333333333333
"1388",0.138333333333333
"1389",0.138333333333333
"1390",0.138333333333333
"1391",0.138333333333333
"1392",0.138333333333333
"1393",0.138333333333333
"1394",0.138333333333333
"1395",0.138333333333333
"1396",0.138333333333333
"1397",0.138333333333333
"1398",0.138333333333333
"1399",0.138333333333333
"1400",0.138333333333333
"1401",0.14
"1402",0.14
"1403",0.14
"1404",0.14
"1405",0.141666666666667
"1406",0.14
"1407",0.141666666666667
"1408",0.14
"1409",0.14
"1410",0.14
"1411",0.14
"1412",0.14
"1413",0.14
"1414",0.14
"1415",0.14
"1416",0.14
"1417",0.14
"1418",0.14
"1419",0.14
"1420",0.14
"1421",0.14
"1422",0.14
"1423",0.14
"1424",0.14
"1425",0.14
"1426",0.14
"1427",0.14
"1428",0.14
"1429",0.138333333333333
"1430",0.138333333333333
"1431",0.138333333333333
"1432",0.138333333333333
"1433",0.14
"1434",0.138333333333333
"1435",0.14
"1436",0.138333333333333
"1437",0.138333333333333
"1438",0.138333333333333
"1439",0.138333333333333
"1440",0.138333333333333
"1441",0.138333333333333
"1442",0.138333333333333
"1443",0.138333333333333
"1444",0.138333333333333
"1445",0.138333333333333
"1446",0.138333333333333
"1447",0.138333333333333
"1448",0.138333333333333
"1449",0.138333333333333
"1450",0.138333333333333
"1451",0.138333333333333
"1452",0.138333333333333
"1453",0.138333333333333
"1454",0.138333333333333
"1455",0.138333333333333
"1456",0.138333333333333
"1457",0.138333333333333
"1458",0.138333333333333
"1459",0.138333333333333
"1460",0.138333333333333
"1461",0.14
"1462",0.138333333333333
"1463",0.14
"1464",0.138333333333333
"1465",0.138333333333333
"1466",0.138333333333333
"1467",0.138333333333333
"1468",0.138333333333333
"1469",0.138333333333333
"1470",0.138333333333333
"1471",0.138333333333333
"1472",0.138333333333333
"1473",0.138333333333333
"1474",0.138333333333333
"1475",0.138333333333333
"1476",0.138333333333333
"1477",0.138333333333333
"1478",0.138333333333333
"1479",0.138333333333333
"1480",0.138333333333333
"1481",0.138333333333333
"1482",0.138333333333333
"1483",0.138333333333333
"1484",0.138333333333333
"1485",0.138333333333333
"1486",0.138333333333333
"1487",0.138333333333333
"1488",0.138333333333333
"1489",0.14
"1490",0.138333333333333
"1491",0.14
"1492",0.138333333333333
"1493",0.138333333333333
"1494",0.138333333333333
"1495",0.138333333333333
"1496",0.138333333333333
"1497",0.138333333333333
"1498",0.138333333333333
"1499",0.138333333333333
"1500",0.138333333333333
"1501",0.138333333333333
"1502",0.138333333333333
"1503",0.138333333333333
"1504",0.138333333333333
"1505",0.138333333333333
"1506",0.138333333333333
"1507",0.138333333333333
"1508",0.138333333333333
"1509",0.138333333333333
"1510",0.138333333333333
"1511",0.138333333333333
"1512",0.138333333333333
"1513",0.138333333333333
"1514",0.138333333333333
"1515",0.138333333333333
"1516",0.138333333333333
"1517",0.14
"1518",0.138333333333333
"1519",0.14
"1520",0.138333333333333
"1521",0.138333333333333
"1522",0.138333333333333
"1523",0.138333333333333
"1524",0.138333333333333
"1525",0.138333333333333
"1526",0.138333333333333
"1527",0.138333333333333
"1528",0.138333333333333
"1529",0.138333333333333
"1530",0.138333333333333
"1531",0.138333333333333
"1532",0.138333333333333
"1533",0.138333333333333
"1534",0.138333333333333
"1535",0.138333333333333
"1536",0.138333333333333
"1537",0.138333333333333
"1538",0.138333333333333
"1539",0.138333333333333
"1540",0.138333333333333
"1541",0.14
"1542",0.14
"1543",0.14
"1544",0.14
"1545",0.141666666666667
"1546",0.14
"1547",0.141666666666667
"1548",0.14
"1549",0.14
"1550",0.14
"1551",0.14
"1552",0.14
"1553",0.14
"1554",0.14
"1555",0.14
"1556",0.14
"1557",0.14
"1558",0.14
"1559",0.14
"1560",0.14
"1561",0.14
"1562",0.14
"1563",0.14
"1564",0.14
"1565",0.14
"1566",0.14
"1567",0.14
"1568",0.14
"1569",0.14
"1570",0.14
"1571",0.14
"1572",0.14
"1573",0.141666666666667
"1574",0.14
"1575",0.141666666666667
"1576",0.14
"1577",0.14
"1578",0.14
"1579",0.14
"1580",0.14
"1581",0.14
"1582",0.14
"1583",0.14
"1584",0.14
"1585",0.14
"1586",0.14
"1587",0.14
"1588",0.14
"1589",0.14
"1590",0.14
"1591",0.14
"1592",0.14
"1593",0.14
"1594",0.14
"1595",0.14
"1596",0.14
"1597",0.138333333333333
"1598",0.138333333333333
"1599",0.138333333333333
"1600",0.138333333333333
"1601",0.14
"1602",0.138333333333333
"1603",0.14
"1604",0.138333333333333
"1605",0.138333333333333
"1606",0.138333333333333
"1607",0.138333333333333
"1608",0.138333333333333
"1609",0.138333333333333
"1610",0.138333333333333
"1611",0.138333333333333
"1612",0.138333333333333
"1613",0.138333333333333
"1614",0.138333333333333
"1615",0.138333333333333
"1616",0.138333333333333
"1617",0.138333333333333
"1618",0.138333333333333
"1619",0.138333333333333
"1620",0.138333333333333
"1621",0.138333333333333
"1622",0.138333333333333
"1623",0.138333333333333
"1624",0.138333333333333
"1625",0.138333333333333
"1626",0.138333333333333
"1627",0.138333333333333
"1628",0.138333333333333
"1629",0.14
"1630",0.138333333333333
"1631",0.14
"1632",0.138333333333333
"1633",0.138333333333333
"1634",0.138333333333333
"1635",0.138333333333333
"1636",0.138333333333333
"1637",0.138333333333333
"1638",0.138333333333333
"1639",0.138333333333333
"1640",0.138333333333333
"1641",0.138333333333333
"1642",0.138333333333333
"1643",0.138333333333333
"1644",0.138333333333333
"1645",0.138333333333333
"1646",0.138333333333333
"1647",0.138333333333333
"1648",0.138333333333333
"1649",0.138333333333333
"1650",0.138333333333333
"1651",0.138333333333333
"1652",0.138333333333333
"1653",0.138333333333333
"1654",0.138333333333333
"1655",0.138333333333333
"1656",0.138333333333333
"1657",0.14
"1658",0.138333333333333
"1659",0.14
"1660",0.138333333333333
"1661",0.138333333333333
"1662",0.138333333333333
"1663",0.138333333333333
"1664",0.138333333333333
"1665",0.138333333333333
"1666",0.138333333333333
"1667",0.138333333333333
"1668",0.138333333333333
"1669",0.138333333333333
"1670",0.138333333333333
"1671",0.138333333333333
"1672",0.138333333333333
"1673",0.138333333333333
"1674",0.138333333333333
"1675",0.138333333333333
"1676",0.138333333333333
"1677",0.138333333333333
"1678",0.138333333333333
"1679",0.138333333333333
"1680",0.138333333333333
"1681",0.138333333333333
"1682",0.138333333333333
"1683",0.138333333333333
"1684",0.138333333333333
"1685",0.14
"1686",0.138333333333333
"1687",0.14
"1688",0.138333333333333
"1689",0.138333333333333
"1690",0.138333333333333
"1691",0.138333333333333
"1692",0.138333333333333
"1693",0.138333333333333
"1694",0.138333333333333
"1695",0.138333333333333
"1696",0.138333333333333
"1697",0.138333333333333
"1698",0.138333333333333
"1699",0.138333333333333
"1700",0.138333333333333
"1701",0.138333333333333
"1702",0.138333333333333
"1703",0.138333333333333
"1704",0.138333333333333
"1705",0.138333333333333
"1706",0.138333333333333
"1707",0.138333333333333
"1708",0.138333333333333
"1709",0.138333333333333
"1710",0.138333333333333
"1711",0.138333333333333
"1712",0.138333333333333
"1713",0.14
"1714",0.138333333333333
"1715",0.14
"1716",0.138333333333333
"1717",0.138333333333333
"1718",0.138333333333333
"1719",0.138333333333333
"1720",0.138333333333333
"1721",0.138333333333333
"1722",0.138333333333333
"1723",0.138333333333333
"1724",0.138333333333333
"1725",0.138333333333333
"1726",0.138333333333333
"1727",0.138333333333333
"1728",0.138333333333333
"1729",0.138333333333333
"1730",0.138333333333333
"1731",0.138333333333333
"1732",0.138333333333333
"1733",0.138333333333333
"1734",0.138333333333333
"1735",0.138333333333333
"1736",0.138333333333333
"1737",0.138333333333333
"1738",0.138333333333333
"1739",0.138333333333333
"1740",0.138333333333333
"1741",0.14
"1742",0.138333333333333
"1743",0.14
"1744",0.138333333333333
"1745",0.138333333333333
"1746",0.138333333333333
"1747",0.138333333333333
"1748",0.138333333333333
"1749",0.138333333333333
"1750",0.138333333333333
"1751",0.138333333333333
"1752",0.138333333333333
"1753",0.138333333333333
"1754",0.138333333333333
"1755",0.138333333333333
"1756",0.138333333333333
"1757",0.138333333333333
"1758",0.138333333333333
"1759",0.138333333333333
"1760",0.138333333333333
"1761",0.138333333333333
"1762",0.138333333333333
"1763",0.138333333333333
"1764",0.138333333333333
"1765",0.138333333333333
"1766",0.138333333333333
"1767",0.138333333333333
"1768",0.138333333333333
"1769",0.14
"1770",0.138333333333333
"1771",0.14
"1772",0.138333333333333
"1773",0.138333333333333
"1774",0.138333333333333
"1775",0.138333333333333
"1776",0.138333333333333
"1777",0.138333333333333
"1778",0.138333333333333
"1779",0.138333333333333
"1780",0.138333333333333
"1781",0.138333333333333
"1782",0.138333333333333
"1783",0.138333333333333
"1784",0.138333333333333
"1785",0.138333333333333
"1786",0.138333333333333
"1787",0.138333333333333
"1788",0.138333333333333
"1789",0.138333333333333
"1790",0.138333333333333
"1791",0.138333333333333
"1792",0.138333333333333
"1793",0.138333333333333
"1794",0.138333333333333
"1795",0.138333333333333
"1796",0.138333333333333
"1797",0.14
"1798",0.138333333333333
"1799",0.14
"1800",0.138333333333333
"1801",0.138333333333333
"1802",0.138333333333333
"1803",0.138333333333333
"1804",0.138333333333333
"1805",0.138333333333333
"1806",0.138333333333333
"1807",0.138333333333333
"1808",0.138333333333333
"1809",0.138333333333333
"1810",0.138333333333333
"1811",0.138333333333333
"1812",0.138333333333333
"1813",0.138333333333333
"1814",0.138333333333333
"1815",0.138333333333333
"1816",0.138333333333333
"1817",0.138333333333333
"1818",0.138333333333333
"1819",0.138333333333333
"1820",0.138333333333333
"1821",0.138333333333333
"1822",0.138333333333333
"1823",0.138333333333333
"1824",0.138333333333333
"1825",0.14
"1826",0.138333333333333
"1827",0.14
"1828",0.138333333333333
"1829",0.138333333333333
"1830",0.138333333333333
"1831",0.138333333333333
"1832",0.138333333333333
"1833",0.138333333333333
"1834",0.138333333333333
"1835",0.138333333333333
"1836",0.138333333333333
"1837",0.138333333333333
"1838",0.138333333333333
"1839",0.138333333333333
"1840",0.138333333333333
"1841",0.138333333333333
"1842",0.138333333333333
"1843",0.138333333333333
"1844",0.138333333333333
"1845",0.138333333333333
"1846",0.138333333333333
"1847",0.138333333333333
"1848",0.138333333333333
"1849",0.138333333333333
"1850",0.138333333333333
"1851",0.138333333333333
"1852",0.138333333333333
"1853",0.14
"1854",0.138333333333333
"1855",0.14
"1856",0.138333333333333
"1857",0.138333333333333
"1858",0.138333333333333
"1859",0.138333333333333
"1860",0.138333333333333
"1861",0.138333333333333
"1862",0.138333333333333
"1863",0.138333333333333
"1864",0.138333333333333
"1865",0.138333333333333
"1866",0.138333333333333
"1867",0.138333333333333
"1868",0.138333333333333
"1869",0.138333333333333
"1870",0.138333333333333
"1871",0.138333333333333
"1872",0.138333333333333
"1873",0.138333333333333
"1874",0.138333333333333
"1875",0.138333333333333
"1876",0.138333333333333
"1877",0.14
"1878",0.14
"1879",0.14
"1880",0.14
"1881",0.141666666666667
"1882",0.14
"1883",0.141666666666667
"1884",0.14
"1885",0.14
"1886",0.14
"1887",0.14
"1888",0.14
"1889",0.14
"1890",0.14
"1891",0.14
"1892",0.14
"1893",0.14
"1894",0.14
"1895",0.14
"1896",0.14
"1897",0.14
"1898",0.14
"1899",0.14
"1900",0.14
"1901",0.14
"1902",0.14
"1903",0.14
"1904",0.14
"1905",0.138333333333333
"1906",0.138333333333333
"1907",0.138333333333333
"1908",0.138333333333333
"1909",0.14
"1910",0.138333333333333
"1911",0.14
"1912",0.138333333333333
"1913",0.138333333333333
"1914",0.138333333333333
"1915",0.138333333333333
"1916",0.138333333333333
"1917",0.138333333333333
"1918",0.138333333333333
"1919",0.138333333333333
"1920",0.138333333333333
"1921",0.138333333333333
"1922",0.138333333333333
"1923",0.138333333333333
"1924",0.138333333333333
"1925",0.138333333333333
"1926",0.138333333333333
"1927",0.138333333333333
"1928",0.138333333333333
"1929",0.138333333333333
"1930",0.138333333333333
"1931",0.138333333333333
"1932",0.138333333333333
"1933",0.138333333333333
"1934",0.138333333333333
"1935",0.138333333333333
"1936",0.138333333333333
"1937",0.14
"1938",0.138333333333333
"1939",0.14
"1940",0.138333333333333
"1941",0.138333333333333
"1942",0.138333333333333
"1943",0.138333333333333
"1944",0.138333333333333
"1945",0.138333333333333
"1946",0.138333333333333
"1947",0.138333333333333
"1948",0.138333333333333
"1949",0.138333333333333
"1950",0.138333333333333
"1951",0.138333333333333
"1952",0.138333333333333
"1953",0.138333333333333
"1954",0.138333333333333
"1955",0.138333333333333
"1956",0.138333333333333
"1957",0.138333333333333
"1958",0.138333333333333
"1959",0.138333333333333
"1960",0.138333333333333
"1961",0.138333333333333
"1962",0.138333333333333
"1963",0.138333333333333
"1964",0.138333333333333
"1965",0.14
"1966",0.138333333333333
"1967",0.14
"1968",0.138333333333333
"1969",0.138333333333333
"1970",0.138333333333333
"1971",0.138333333333333
"1972",0.138333333333333
"1973",0.138333333333333
"1974",0.138333333333333
"1975",0.138333333333333
"1976",0.138333333333333
"1977",0.138333333333333
"1978",0.138333333333333
"1979",0.138333333333333
"1980",0.138333333333333
"1981",0.138333333333333
"1982",0.138333333333333
"1983",0.138333333333333
"1984",0.138333333333333
"1985",0.138333333333333
"1986",0.138333333333333
"1987",0.138333333333333
"1988",0.138333333333333
"1989",0.121666666666667
"1990",0.121666666666667
"1991",0.121666666666667
"1992",0.121666666666667
"1993",0.123333333333333
"1994",0.121666666666667
"1995",0.123333333333333
"1996",0.121666666666667
"1997",0.121666666666667
"1998",0.121666666666667
"1999",0.121666666666667
"2000",0.121666666666667
"2001",0.121666666666667
"2002",0.121666666666667
"2003",0.121666666666667
"2004",0.121666666666667
"2005",0.121666666666667
"2006",0.121666666666667
"2007",0.121666666666667
"2008",0.121666666666667
"2009",0.121666666666667
"2010",0.121666666666667
"2011",0.121666666666667
"2012",0.121666666666667
"2013",0.121666666666667
"2014",0.121666666666667
"2015",0.121666666666667
"2016",0.121666666666667
"2017",0.14
"2018",0.145
"2019",0.143333333333333
"2020",0.143333333333333
"2021",0.118333333333333
"2022",0.118333333333333
"2023",0.116666666666667
"2024",0.118333333333333
"2025",0.118333333333333
"2026",0.118333333333333
"2027",0.116666666666667
"2028",0.118333333333333
"2029",0.118333333333333
"2030",0.118333333333333
"2031",0.118333333333333
"2032",0.116666666666667
"2033",0.118333333333333
"2034",0.116666666666667
"2035",0.116666666666667
"2036",0.118333333333333
"2037",0.116666666666667
"2038",0.116666666666667
"2039",0.116666666666667
"2040",0.118333333333333
"2041",0.118333333333333
"2042",0.118333333333333
"2043",0.118333333333333
"2044",0.118333333333333
"2045",0.116666666666667
"2046",0.118333333333333
"2047",0.118333333333333
"2048",0.115
"2049",0.116666666666667
"2050",0.116666666666667
"2051",0.118333333333333
"2052",0.118333333333333
"2053",0.118333333333333
"2054",0.118333333333333
"2055",0.116666666666667
"2056",0.118333333333333
"2057",0.118333333333333
"2058",0.116666666666667
"2059",0.118333333333333
"2060",0.118333333333333
"2061",0.116666666666667
"2062",0.116666666666667
"2063",0.12
"2064",0.12
"2065",0.125
"2066",0.131666666666667
"2067",0.128333333333333
"2068",0.13
"2069",0.123333333333333
"2070",0.128333333333333
"2071",0.13
"2072",0.128333333333333
"2073",0.128333333333333
"2074",0.125
"2075",0.125
"2076",0.128333333333333
"2077",0.128333333333333
"2078",0.126666666666667
"2079",0.126666666666667
"2080",0.126666666666667
"2081",0.126666666666667
"2082",0.106666666666667
"2083",0.106666666666667
"2084",0.106666666666667
"2085",0.106666666666667
"2086",0.11
"2087",0.106666666666667
"2088",0.106666666666667
"2089",0.106666666666667
"2090",0.106666666666667
"2091",0.106666666666667
"2092",0.106666666666667
"2093",0.106666666666667
"2094",0.106666666666667
"2095",0.106666666666667
"2096",0.106666666666667
"2097",0.106666666666667
"2098",0.106666666666667
"2099",0.106666666666667
"2100",0.106666666666667
"2101",0.13
"2102",0.13
"2103",0.125
"2104",0.121666666666667
"2105",0.12
"2106",0.125
"2107",0.125
"2108",0.118333333333333
"2109",0.12
"2110",0.12
"2111",0.0766666666666667
"2112",0.0783333333333333
"2113",0.0766666666666667
"2114",0.0766666666666667
"2115",0.0766666666666667
"2116",0.0766666666666667
"2117",0.0766666666666667
"2118",0.125
"2119",0.125
"2120",0.125
"2121",0.123333333333333
"2122",0.123333333333333
"2123",0.121666666666667
"2124",0.123333333333333
"2125",0.121666666666667
"2126",0.123333333333333
"2127",0.123333333333333
"2128",0.121666666666667
"2129",0.123333333333333
"2130",0.121666666666667
"2131",0.121666666666667
"2132",0.121666666666667
"2133",0.123333333333333
"2134",0.123333333333333
"2135",0.121666666666667
"2136",0.121666666666667
"2137",0.123333333333333
"2138",0.121666666666667
"2139",0.121666666666667
"2140",0.121666666666667
"2141",0.123333333333333
"2142",0.121666666666667
"2143",0.121666666666667
"2144",0.121666666666667
"2145",0.121666666666667
"2146",0.121666666666667
"2147",0.121666666666667
"2148",0.123333333333333
"2149",0.125
"2150",0.12
"2151",0.121666666666667
"2152",0.12
"2153",0.12
"2154",0.12
"2155",0.121666666666667
"2156",0.121666666666667
"2157",0.121666666666667
"2158",0.121666666666667
"2159",0.111666666666667
"2160",0.111666666666667
"2161",0.111666666666667
"2162",0.0733333333333333
"2163",0.075
"2164",0.0733333333333333
"2165",0.105
"2166",0.108333333333333
"2167",0.105
"2168",0.12
"2169",0.12
"2170",0.141666666666667
"2171",0.14
"2172",0.141666666666667
"2173",0.141666666666667
"2174",0.116666666666667
"2175",0.116666666666667
"2176",0.118333333333333
"2177",0.123333333333333
"2178",0.118333333333333
"2179",0.125
"2180",0.123333333333333
"2181",0.125
"2182",0.123333333333333
"2183",0.126666666666667
"2184",0.123333333333333
"2185",0.12
"2186",0.12
"2187",0.115
"2188",0.115
"2189",0.115
"2190",0.115
"2191",0.115
"2192",0.115
"2193",0.115
"2194",0.115
"2195",0.115
"2196",0.115
"2197",0.115
"2198",0.115
"2199",0.115
"2200",0.116666666666667
"2201",0.115
"2202",0.113333333333333
"2203",0.115
"2204",0.113333333333333
"2205",0.115
"2206",0.115
"2207",0.115
"2208",0.116666666666667
"2209",0.115
"2210",0.115
"2211",0.115
"2212",0.115
"2213",0.116666666666667
"2214",0.113333333333333
"2215",0.115
"2216",0.116666666666667
"2217",0.113333333333333
"2218",0.115
"2219",0.115
"2220",0.116666666666667
"2221",0.115
"2222",0.115
"2223",0.113333333333333
"2224",0.115
"2225",0.115
"2226",0.115
"2227",0.115
"2228",0.115
"2229",0.113333333333333
"2230",0.113333333333333
"2231",0.115
"2232",0.116666666666667
"2233",0.113333333333333
"2234",0.115
"2235",0.113333333333333
"2236",0.115
"2237",0.115
"2238",0.115
"2239",0.115
"2240",0.115
"2241",0.116666666666667
"2242",0.116666666666667
"2243",0.113333333333333
"2244",0.115
"2245",0.115
"2246",0.116666666666667
"2247",0.115
"2248",0.115
"2249",0.113333333333333
"2250",0.113333333333333
"2251",0.115
"2252",0.116666666666667
"2253",0.115
"2254",0.115
"2255",0.113333333333333
"2256",0.115
"2257",0.115
"2258",0.115
"2259",0.116666666666667
"2260",0.115
"2261",0.115
"2262",0.115
"2263",0.115
"2264",0.115
"2265",0.115
"2266",0.116666666666667
"2267",0.115
"2268",0.115
"2269",0.113333333333333
"2270",0.116666666666667
"2271",0.116666666666667
"2272",0.113333333333333
"2273",0.113333333333333
"2274",0.123333333333333
"2275",0.128333333333333
"2276",0.131666666666667
"2277",0.128333333333333
"2278",0.101666666666667
"2279",0.101666666666667
"2280",0.1
"2281",0.12
"2282",0.12
"2283",0.121666666666667
"2284",0.118333333333333
"2285",0.118333333333333
"2286",0.116666666666667
"2287",0.115
"2288",0.116666666666667
"2289",0.116666666666667
"2290",0.116666666666667
"2291",0.116666666666667
"2292",0.116666666666667
"2293",0.116666666666667
"2294",0.116666666666667
"2295",0.116666666666667
"2296",0.116666666666667
"2297",0.116666666666667
"2298",0.121666666666667
"2299",0.121666666666667
"2300",0.123333333333333
"2301",0.121666666666667
"2302",0.123333333333333
"2303",0.123333333333333
"2304",0.123333333333333
"2305",0.123333333333333
"2306",0.123333333333333
"2307",0.123333333333333
"2308",0.125
"2309",0.125
"2310",0.123333333333333
"2311",0.123333333333333
"2312",0.1
"2313",0.1
"2314",0.1
"2315",0.111666666666667
"2316",0.11
"2317",0.108333333333333
"2318",0.108333333333333
"2319",0.12
"2320",0.123333333333333
"2321",0.121666666666667
"2322",0.121666666666667
"2323",0.126666666666667
"2324",0.123333333333333
"2325",0.123333333333333
"2326",0.126666666666667
"2327",0.118333333333333
"2328",0.123333333333333
"2329",0.12
"2330",0.123333333333333
"2331",0.123333333333333
"2332",0.125
"2333",0.121666666666667
"2334",0.123333333333333
"2335",0.118333333333333
"2336",0.126666666666667
"2337",0.125
"2338",0.126666666666667
"2339",0.126666666666667
"2340",0.125
"2341",0.123333333333333
"2342",0.12
"2343",0.118333333333333
"2344",0.118333333333333
"2345",0.123333333333333
"2346",0.115
"2347",0.0733333333333333
"2348",0.0716666666666667
"2349",0.0716666666666667
"2350",0.123333333333333
"2351",0.123333333333333
"2352",0.123333333333333
"2353",0.118333333333333
"2354",0.116666666666667
"2355",0.116666666666667
"2356",0.118333333333333
"2357",0.116666666666667
"2358",0.116666666666667
"2359",0.118333333333333
"2360",0.118333333333333
"2361",0.118333333333333
"2362",0.118333333333333
"2363",0.118333333333333
"2364",0.116666666666667
"2365",0.118333333333333
"2366",0.118333333333333
"2367",0.118333333333333
"2368",0.118333333333333
"2369",0.121666666666667
"2370",0.123333333333333
"2371",0.123333333333333
"2372",0.121666666666667
"2373",0.121666666666667
"2374",0.121666666666667
"2375",0.108333333333333
"2376",0.106666666666667
"2377",0.106666666666667
"2378",0.11
"2379",0.106666666666667
"2380",0.106666666666667
"2381",0.106666666666667
"2382",0.106666666666667
"2383",0.106666666666667
"2384",0.101666666666667
"2385",0.103333333333333
"2386",0.103333333333333
"2387",0.103333333333333
"2388",0.103333333333333
"2389",0.103333333333333
"2390",0.103333333333333
"2391",0.106666666666667
"2392",0.103333333333333
"2393",0.101666666666667
"2394",0.101666666666667
"2395",0.103333333333333
"2396",0.101666666666667
"2397",0.0983333333333333
"2398",0.101666666666667
"2399",0.101666666666667
"2400",0.1
"2401",0.1
"2402",0.0983333333333333
"2403",0.1
"2404",0.1
"2405",0.105
"2406",0.105
"2407",0.1
"2408",0.1
"2409",0.11
"2410",0.108333333333333
"2411",0.11
"2412",0.11
"2413",0.108333333333333
"2414",0.11
"2415",0.11
"2416",0.11
"2417",0.14
"2418",0.14
"2419",0.14
"2420",0.14
"2421",0.138333333333333
"2422",0.14
"2423",0.141666666666667
"2424",0.14
"2425",0.14
"2426",0.14
"2427",0.14
"2428",0.14
"2429",0.14
"2430",0.14
"2431",0.14
"2432",0.14
"2433",0.14
"2434",0.14
"2435",0.14
"2436",0.14
"2437",0.14
"2438",0.14
"2439",0.14
"2440",0.14
"2441",0.14
"2442",0.14
"2443",0.14
"2444",0.145
"2445",0.145
"2446",0.145
"2447",0.145
"2448",0.143333333333333
"2449",0.145
"2450",0.146666666666667
"2451",0.145
"2452",0.145
"2453",0.145
"2454",0.145
"2455",0.145
"2456",0.145
"2457",0.145
"2458",0.145
"2459",0.145
"2460",0.145
"2461",0.145
"2462",0.145
"2463",0.145
"2464",0.145
"2465",0.145
"2466",0.145
"2467",0.145
"2468",0.145
"2469",0.145
"2470",0.145
"2471",0.143333333333333
"2472",0.143333333333333
"2473",0.143333333333333
"2474",0.143333333333333
"2475",0.141666666666667
"2476",0.143333333333333
"2477",0.145
"2478",0.143333333333333
"2479",0.143333333333333
"2480",0.143333333333333
"2481",0.143333333333333
"2482",0.143333333333333
"2483",0.143333333333333
"2484",0.143333333333333
"2485",0.143333333333333
"2486",0.143333333333333
"2487",0.143333333333333
"2488",0.143333333333333
"2489",0.143333333333333
"2490",0.143333333333333
"2491",0.143333333333333
"2492",0.143333333333333
"2493",0.143333333333333
"2494",0.143333333333333
"2495",0.143333333333333
"2496",0.143333333333333
"2497",0.143333333333333
"2498",0.143333333333333
"2499",0.143333333333333
"2500",0.143333333333333
"2501",0.143333333333333
"2502",0.141666666666667
"2503",0.143333333333333
"2504",0.145
"2505",0.143333333333333
"2506",0.143333333333333
"2507",0.143333333333333
"2508",0.143333333333333
"2509",0.143333333333333
"2510",0.143333333333333
"2511",0.143333333333333
"2512",0.143333333333333
"2513",0.143333333333333
"2514",0.143333333333333
"2515",0.143333333333333
"2516",0.143333333333333
"2517",0.143333333333333
"2518",0.143333333333333
"2519",0.143333333333333
"2520",0.143333333333333
"2521",0.143333333333333
"2522",0.143333333333333
"2523",0.143333333333333
"2524",0.143333333333333
"2525",0.118333333333333
"2526",0.118333333333333
"2527",0.118333333333333
"2528",0.118333333333333
"2529",0.12
"2530",0.118333333333333
"2531",0.12
"2532",0.118333333333333
"2533",0.118333333333333
"2534",0.118333333333333
"2535",0.118333333333333
"2536",0.118333333333333
"2537",0.118333333333333
"2538",0.118333333333333
"2539",0.118333333333333
"2540",0.118333333333333
"2541",0.118333333333333
"2542",0.118333333333333
"2543",0.118333333333333
"2544",0.118333333333333
"2545",0.118333333333333
"2546",0.118333333333333
"2547",0.118333333333333
"2548",0.118333333333333
"2549",0.118333333333333
"2550",0.118333333333333
"2551",0.118333333333333
"2552",0.118333333333333
"2553",0.118333333333333
"2554",0.118333333333333
"2555",0.118333333333333
"2556",0.12
"2557",0.118333333333333
"2558",0.12
"2559",0.118333333333333
"2560",0.118333333333333
"2561",0.118333333333333
"2562",0.118333333333333
"2563",0.118333333333333
"2564",0.118333333333333
"2565",0.118333333333333
"2566",0.118333333333333
"2567",0.118333333333333
"2568",0.118333333333333
"2569",0.118333333333333
"2570",0.118333333333333
"2571",0.118333333333333
"2572",0.118333333333333
"2573",0.118333333333333
"2574",0.118333333333333
"2575",0.118333333333333
"2576",0.118333333333333
"2577",0.118333333333333
"2578",0.118333333333333
"2579",0.116666666666667
"2580",0.116666666666667
"2581",0.116666666666667
"2582",0.116666666666667
"2583",0.118333333333333
"2584",0.116666666666667
"2585",0.118333333333333
"2586",0.116666666666667
"2587",0.116666666666667
"2588",0.116666666666667
"2589",0.116666666666667
"2590",0.116666666666667
"2591",0.116666666666667
"2592",0.116666666666667
"2593",0.116666666666667
"2594",0.116666666666667
"2595",0.116666666666667
"2596",0.116666666666667
"2597",0.116666666666667
"2598",0.116666666666667
"2599",0.116666666666667
"2600",0.116666666666667
"2601",0.116666666666667
"2602",0.116666666666667
"2603",0.116666666666667
"2604",0.116666666666667
"2605",0.116666666666667
"2606",0.118333333333333
"2607",0.118333333333333
"2608",0.118333333333333
"2609",0.118333333333333
"2610",0.12
"2611",0.118333333333333
"2612",0.12
"2613",0.118333333333333
"2614",0.118333333333333
"2615",0.118333333333333
"2616",0.118333333333333
"2617",0.118333333333333
"2618",0.118333333333333
"2619",0.118333333333333
"2620",0.118333333333333
"2621",0.118333333333333
"2622",0.118333333333333
"2623",0.118333333333333
"2624",0.118333333333333
"2625",0.118333333333333
"2626",0.118333333333333
"2627",0.118333333333333
"2628",0.118333333333333
"2629",0.118333333333333
"2630",0.118333333333333
"2631",0.118333333333333
"2632",0.118333333333333
"2633",0.118333333333333
"2634",0.118333333333333
"2635",0.118333333333333
"2636",0.118333333333333
"2637",0.12
"2638",0.118333333333333
"2639",0.12
"2640",0.118333333333333
"2641",0.118333333333333
"2642",0.118333333333333
"2643",0.118333333333333
"2644",0.118333333333333
"2645",0.118333333333333
"2646",0.118333333333333
"2647",0.118333333333333
"2648",0.118333333333333
"2649",0.118333333333333
"2650",0.118333333333333
"2651",0.118333333333333
"2652",0.118333333333333
"2653",0.118333333333333
"2654",0.118333333333333
"2655",0.118333333333333
"2656",0.118333333333333
"2657",0.118333333333333
"2658",0.118333333333333
"2659",0.118333333333333
"2660",0.118333333333333
"2661",0.118333333333333
"2662",0.118333333333333
"2663",0.118333333333333
"2664",0.12
"2665",0.118333333333333
"2666",0.12
"2667",0.118333333333333
"2668",0.118333333333333
"2669",0.118333333333333
"2670",0.118333333333333
"2671",0.118333333333333
"2672",0.118333333333333
"2673",0.118333333333333
"2674",0.118333333333333
"2675",0.118333333333333
"2676",0.118333333333333
"2677",0.118333333333333
"2678",0.118333333333333
"2679",0.118333333333333
"2680",0.118333333333333
"2681",0.118333333333333
"2682",0.118333333333333
"2683",0.118333333333333
"2684",0.118333333333333
"2685",0.118333333333333
"2686",0.118333333333333
"2687",0.116666666666667
"2688",0.116666666666667
"2689",0.116666666666667
"2690",0.116666666666667
"2691",0.115
"2692",0.116666666666667
"2693",0.118333333333333
"2694",0.116666666666667
"2695",0.116666666666667
"2696",0.116666666666667
"2697",0.116666666666667
"2698",0.116666666666667
"2699",0.116666666666667
"2700",0.116666666666667
"2701",0.116666666666667
"2702",0.116666666666667
"2703",0.116666666666667
"2704",0.116666666666667
"2705",0.116666666666667
"2706",0.116666666666667
"2707",0.116666666666667
"2708",0.116666666666667
"2709",0.116666666666667
"2710",0.116666666666667
"2711",0.116666666666667
"2712",0.116666666666667
"2713",0.116666666666667
"2714",0.118333333333333
"2715",0.118333333333333
"2716",0.118333333333333
"2717",0.118333333333333
"2718",0.12
"2719",0.118333333333333
"2720",0.12
"2721",0.118333333333333
"2722",0.118333333333333
"2723",0.118333333333333
"2724",0.118333333333333
"2725",0.118333333333333
"2726",0.118333333333333
"2727",0.118333333333333
"2728",0.118333333333333
"2729",0.118333333333333
"2730",0.118333333333333
"2731",0.118333333333333
"2732",0.118333333333333
"2733",0.118333333333333
"2734",0.118333333333333
"2735",0.118333333333333
"2736",0.118333333333333
"2737",0.118333333333333
"2738",0.118333333333333
"2739",0.118333333333333
"2740",0.118333333333333
"2741",0.118333333333333
"2742",0.118333333333333
"2743",0.118333333333333
"2744",0.118333333333333
"2745",0.12
"2746",0.118333333333333
"2747",0.12
"2748",0.118333333333333
"2749",0.118333333333333
"2750",0.118333333333333
"2751",0.118333333333333
"2752",0.118333333333333
"2753",0.118333333333333
"2754",0.118333333333333
"2755",0.118333333333333
"2756",0.118333333333333
"2757",0.118333333333333
"2758",0.118333333333333
"2759",0.118333333333333
"2760",0.118333333333333
"2761",0.118333333333333
"2762",0.118333333333333
"2763",0.118333333333333
"2764",0.118333333333333
"2765",0.118333333333333
"2766",0.118333333333333
"2767",0.118333333333333
"2768",0.118333333333333
"2769",0.118333333333333
"2770",0.118333333333333
"2771",0.118333333333333
"2772",0.12
"2773",0.118333333333333
"2774",0.12
"2775",0.118333333333333
"2776",0.118333333333333
"2777",0.118333333333333
"2778",0.118333333333333
"2779",0.118333333333333
"2780",0.118333333333333
"2781",0.118333333333333
"2782",0.118333333333333
"2783",0.118333333333333
"2784",0.118333333333333
"2785",0.118333333333333
"2786",0.118333333333333
"2787",0.118333333333333
"2788",0.118333333333333
"2789",0.118333333333333
"2790",0.118333333333333
"2791",0.118333333333333
"2792",0.118333333333333
"2793",0.118333333333333
"2794",0.118333333333333
"2795",0.118333333333333
"2796",0.118333333333333
"2797",0.118333333333333
"2798",0.118333333333333
"2799",0.12
"2800",0.118333333333333
"2801",0.12
"2802",0.118333333333333
"2803",0.118333333333333
"2804",0.118333333333333
"2805",0.118333333333333
"2806",0.118333333333333
"2807",0.118333333333333
"2808",0.118333333333333
"2809",0.118333333333333
"2810",0.118333333333333
"2811",0.118333333333333
"2812",0.118333333333333
"2813",0.118333333333333
"2814",0.118333333333333
"2815",0.118333333333333
"2816",0.118333333333333
"2817",0.118333333333333
"2818",0.118333333333333
"2819",0.118333333333333
"2820",0.118333333333333
"2821",0.118333333333333
"2822",0.116666666666667
"2823",0.116666666666667
"2824",0.116666666666667
"2825",0.116666666666667
"2826",0.115
"2827",0.116666666666667
"2828",0.118333333333333
"2829",0.116666666666667
"2830",0.116666666666667
"2831",0.116666666666667
"2832",0.116666666666667
"2833",0.116666666666667
"2834",0.116666666666667
"2835",0.116666666666667
"2836",0.116666666666667
"2837",0.116666666666667
"2838",0.116666666666667
"2839",0.116666666666667
"2840",0.116666666666667
"2841",0.116666666666667
"2842",0.116666666666667
"2843",0.116666666666667
"2844",0.116666666666667
"2845",0.116666666666667
"2846",0.116666666666667
"2847",0.116666666666667
"2848",0.116666666666667
"2849",0.118333333333333
"2850",0.118333333333333
"2851",0.118333333333333
"2852",0.118333333333333
"2853",0.12
"2854",0.118333333333333
"2855",0.12
"2856",0.118333333333333
"2857",0.118333333333333
"2858",0.118333333333333
"2859",0.118333333333333
"2860",0.118333333333333
"2861",0.118333333333333
"2862",0.118333333333333
"2863",0.118333333333333
"2864",0.118333333333333
"2865",0.118333333333333
"2866",0.118333333333333
"2867",0.118333333333333
"2868",0.118333333333333
"2869",0.118333333333333
"2870",0.118333333333333
"2871",0.118333333333333
"2872",0.118333333333333
"2873",0.118333333333333
"2874",0.118333333333333
"2875",0.118333333333333
"2876",0.116666666666667
"2877",0.116666666666667
"2878",0.116666666666667
"2879",0.116666666666667
"2880",0.118333333333333
"2881",0.116666666666667
"2882",0.118333333333333
"2883",0.116666666666667
"2884",0.116666666666667
"2885",0.116666666666667
"2886",0.116666666666667
"2887",0.116666666666667
"2888",0.116666666666667
"2889",0.116666666666667
"2890",0.116666666666667
"2891",0.116666666666667
"2892",0.116666666666667
"2893",0.116666666666667
"2894",0.116666666666667
"2895",0.116666666666667
"2896",0.116666666666667
"2897",0.116666666666667
"2898",0.116666666666667
"2899",0.116666666666667
"2900",0.116666666666667
"2901",0.116666666666667
"2902",0.116666666666667
"2903",0.116666666666667
"2904",0.116666666666667
"2905",0.116666666666667
"2906",0.116666666666667
"2907",0.115
"2908",0.116666666666667
"2909",0.118333333333333
"2910",0.116666666666667
"2911",0.116666666666667
"2912",0.116666666666667
"2913",0.116666666666667
"2914",0.116666666666667
"2915",0.116666666666667
"2916",0.116666666666667
"2917",0.116666666666667
"2918",0.116666666666667
"2919",0.116666666666667
"2920",0.116666666666667
"2921",0.116666666666667
"2922",0.116666666666667
"2923",0.116666666666667
"2924",0.116666666666667
"2925",0.116666666666667
"2926",0.116666666666667
"2927",0.116666666666667
"2928",0.116666666666667
"2929",0.116666666666667
"2930",0.118333333333333
"2931",0.118333333333333
"2932",0.118333333333333
"2933",0.118333333333333
"2934",0.12
"2935",0.118333333333333
"2936",0.12
"2937",0.118333333333333
"2938",0.118333333333333
"2939",0.118333333333333
"2940",0.118333333333333
"2941",0.118333333333333
"2942",0.118333333333333
"2943",0.118333333333333
"2944",0.118333333333333
"2945",0.118333333333333
"2946",0.118333333333333
"2947",0.118333333333333
"2948",0.118333333333333
"2949",0.118333333333333
"2950",0.118333333333333
"2951",0.118333333333333
"2952",0.118333333333333
"2953",0.118333333333333
"2954",0.118333333333333
"2955",0.118333333333333
"2956",0.118333333333333
"2957",0.116666666666667
"2958",0.116666666666667
"2959",0.116666666666667
"2960",0.116666666666667
"2961",0.115
"2962",0.116666666666667
"2963",0.118333333333333
"2964",0.116666666666667
"2965",0.116666666666667
"2966",0.116666666666667
"2967",0.116666666666667
"2968",0.116666666666667
"2969",0.116666666666667
"2970",0.116666666666667
"2971",0.116666666666667
"2972",0.116666666666667
"2973",0.116666666666667
"2974",0.116666666666667
"2975",0.116666666666667
"2976",0.116666666666667
"2977",0.116666666666667
"2978",0.116666666666667
"2979",0.116666666666667
"2980",0.116666666666667
"2981",0.116666666666667
"2982",0.116666666666667
"2983",0.116666666666667
"2984",0.116666666666667
"2985",0.116666666666667
"2986",0.116666666666667
"2987",0.116666666666667
"2988",0.115
"2989",0.116666666666667
"2990",0.118333333333333
"2991",0.116666666666667
"2992",0.116666666666667
"2993",0.116666666666667
"2994",0.116666666666667
"2995",0.116666666666667
"2996",0.116666666666667
"2997",0.116666666666667
"2998",0.116666666666667
"2999",0.116666666666667
"3000",0.116666666666667
"3001",0.116666666666667
"3002",0.116666666666667
"3003",0.116666666666667
"3004",0.116666666666667
"3005",0.116666666666667
"3006",0.116666666666667
"3007",0.116666666666667
"3008",0.116666666666667
"3009",0.116666666666667
"3010",0.116666666666667
"3011",0.116666666666667
"3012",0.116666666666667
"3013",0.116666666666667
"3014",0.116666666666667
"3015",0.115
"3016",0.116666666666667
"3017",0.118333333333333
"3018",0.116666666666667
"3019",0.116666666666667
"3020",0.116666666666667
"3021",0.116666666666667
"3022",0.116666666666667
"3023",0.116666666666667
"3024",0.116666666666667
"3025",0.116666666666667
"3026",0.116666666666667
"3027",0.116666666666667
"3028",0.116666666666667
"3029",0.116666666666667
"3030",0.116666666666667
"3031",0.116666666666667
"3032",0.116666666666667
"3033",0.116666666666667
"3034",0.116666666666667
"3035",0.116666666666667
"3036",0.116666666666667
"3037",0.116666666666667
"3038",0.118333333333333
"3039",0.118333333333333
"3040",0.118333333333333
"3041",0.118333333333333
"3042",0.12
"3043",0.118333333333333
"3044",0.12
"3045",0.118333333333333
"3046",0.118333333333333
"3047",0.118333333333333
"3048",0.118333333333333
"3049",0.118333333333333
"3050",0.118333333333333
"3051",0.118333333333333
"3052",0.118333333333333
"3053",0.118333333333333
"3054",0.118333333333333
"3055",0.118333333333333
"3056",0.118333333333333
"3057",0.118333333333333
"3058",0.118333333333333
"3059",0.118333333333333
"3060",0.118333333333333
"3061",0.118333333333333
"3062",0.118333333333333
"3063",0.118333333333333
"3064",0.118333333333333
"3065",0.118333333333333
"3066",0.118333333333333
"3067",0.118333333333333
"3068",0.118333333333333
"3069",0.12
"3070",0.118333333333333
"3071",0.12
"3072",0.118333333333333
"3073",0.118333333333333
"3074",0.118333333333333
"3075",0.118333333333333
"3076",0.118333333333333
"3077",0.118333333333333
"3078",0.118333333333333
"3079",0.118333333333333
"3080",0.118333333333333
"3081",0.118333333333333
"3082",0.118333333333333
"3083",0.118333333333333
"3084",0.118333333333333
"3085",0.118333333333333
"3086",0.118333333333333
"3087",0.118333333333333
"3088",0.118333333333333
"3089",0.118333333333333
"3090",0.118333333333333
"3091",0.118333333333333
"3092",0.118333333333333
"3093",0.118333333333333
"3094",0.118333333333333
"3095",0.118333333333333
"3096",0.12
"3097",0.118333333333333
"3098",0.12
"3099",0.118333333333333
"3100",0.118333333333333
"3101",0.118333333333333
"3102",0.118333333333333
"3103",0.118333333333333
"3104",0.118333333333333
"3105",0.118333333333333
"3106",0.118333333333333
"3107",0.118333333333333
"3108",0.118333333333333
"3109",0.118333333333333
"3110",0.118333333333333
"3111",0.118333333333333
"3112",0.118333333333333
"3113",0.118333333333333
"3114",0.118333333333333
"3115",0.118333333333333
"3116",0.118333333333333
"3117",0.118333333333333
"3118",0.118333333333333
"3119",0.118333333333333
"3120",0.118333333333333
"3121",0.118333333333333
"3122",0.118333333333333
"3123",0.12
"3124",0.118333333333333
"3125",0.12
"3126",0.118333333333333
"3127",0.118333333333333
"3128",0.118333333333333
"3129",0.118333333333333
"3130",0.118333333333333
"3131",0.118333333333333
"3132",0.118333333333333
"3133",0.118333333333333
"3134",0.118333333333333
"3135",0.118333333333333
"3136",0.118333333333333
"3137",0.118333333333333
"3138",0.118333333333333
"3139",0.118333333333333
"3140",0.118333333333333
"3141",0.118333333333333
"3142",0.118333333333333
"3143",0.118333333333333
"3144",0.118333333333333
"3145",0.118333333333333
"3146",0.118333333333333
"3147",0.118333333333333
"3148",0.118333333333333
"3149",0.118333333333333
"3150",0.12
"3151",0.118333333333333
"3152",0.12
"3153",0.118333333333333
"3154",0.118333333333333
"3155",0.118333333333333
"3156",0.118333333333333
"3157",0.118333333333333
"3158",0.118333333333333
"3159",0.118333333333333
"3160",0.118333333333333
"3161",0.118333333333333
"3162",0.118333333333333
"3163",0.118333333333333
"3164",0.118333333333333
"3165",0.118333333333333
"3166",0.118333333333333
"3167",0.118333333333333
"3168",0.118333333333333
"3169",0.118333333333333
"3170",0.118333333333333
"3171",0.118333333333333
"3172",0.118333333333333
"3173",0.116666666666667
"3174",0.116666666666667
"3175",0.116666666666667
"3176",0.116666666666667
"3177",0.115
"3178",0.116666666666667
"3179",0.118333333333333
"3180",0.116666666666667
"3181",0.116666666666667
"3182",0.116666666666667
"3183",0.116666666666667
"3184",0.116666666666667
"3185",0.116666666666667
"3186",0.116666666666667
"3187",0.116666666666667
"3188",0.116666666666667
"3189",0.116666666666667
"3190",0.116666666666667
"3191",0.116666666666667
"3192",0.116666666666667
"3193",0.116666666666667
"3194",0.116666666666667
"3195",0.116666666666667
"3196",0.116666666666667
"3197",0.116666666666667
"3198",0.116666666666667
"3199",0.116666666666667
"3200",0.118333333333333
"3201",0.118333333333333
"3202",0.118333333333333
"3203",0.118333333333333
"3204",0.12
"3205",0.118333333333333
"3206",0.12
"3207",0.118333333333333
"3208",0.118333333333333
"3209",0.118333333333333
"3210",0.118333333333333
"3211",0.118333333333333
"3212",0.118333333333333
"3213",0.118333333333333
"3214",0.118333333333333
"3215",0.118333333333333
"3216",0.118333333333333
"3217",0.118333333333333
"3218",0.118333333333333
"3219",0.118333333333333
"3220",0.118333333333333
"3221",0.118333333333333
"3222",0.118333333333333
"3223",0.118333333333333
"3224",0.118333333333333
"3225",0.118333333333333
"3226",0.118333333333333
"3227",0.118333333333333
"3228",0.118333333333333
"3229",0.118333333333333
"3230",0.118333333333333
"3231",0.12
"3232",0.118333333333333
"3233",0.12
"3234",0.118333333333333
"3235",0.118333333333333
"3236",0.118333333333333
"3237",0.118333333333333
"3238",0.118333333333333
"3239",0.118333333333333
"3240",0.118333333333333
"3241",0.118333333333333
"3242",0.118333333333333
"3243",0.118333333333333
"3244",0.118333333333333
"3245",0.118333333333333
"3246",0.118333333333333
"3247",0.118333333333333
"3248",0.118333333333333
"3249",0.118333333333333
"3250",0.118333333333333
"3251",0.118333333333333
"3252",0.118333333333333
"3253",0.118333333333333
"3254",0.115
"3255",0.115
"3256",0.115
"3257",0.115
"3258",0.113333333333333
"3259",0.115
"3260",0.116666666666667
"3261",0.115
"3262",0.115
"3263",0.115
"3264",0.115
"3265",0.115
"3266",0.115
"3267",0.115
"3268",0.115
"3269",0.115
"3270",0.115
"3271",0.115
"3272",0.115
"3273",0.115
"3274",0.115
"3275",0.115
"3276",0.115
"3277",0.115
"3278",0.115
"3279",0.115
"3280",0.115
"3281",0.116666666666667
"3282",0.116666666666667
"3283",0.116666666666667
"3284",0.116666666666667
"3285",0.115
"3286",0.116666666666667
"3287",0.118333333333333
"3288",0.116666666666667
"3289",0.116666666666667
"3290",0.116666666666667
"3291",0.116666666666667
"3292",0.116666666666667
"3293",0.116666666666667
"3294",0.116666666666667
"3295",0.116666666666667
"3296",0.116666666666667
"3297",0.116666666666667
"3298",0.116666666666667
"3299",0.116666666666667
"3300",0.116666666666667
"3301",0.116666666666667
"3302",0.116666666666667
"3303",0.116666666666667
"3304",0.116666666666667
"3305",0.116666666666667
"3306",0.116666666666667
"3307",0.116666666666667
"3308",0.116666666666667
"3309",0.116666666666667
"3310",0.116666666666667
"3311",0.116666666666667
"3312",0.118333333333333
"3313",0.116666666666667
"3314",0.118333333333333
"3315",0.116666666666667
"3316",0.116666666666667
"3317",0.116666666666667
"3318",0.116666666666667
"3319",0.116666666666667
"3320",0.116666666666667
"3321",0.116666666666667
"3322",0.116666666666667
"3323",0.116666666666667
"3324",0.116666666666667
"3325",0.116666666666667
"3326",0.116666666666667
"3327",0.116666666666667
"3328",0.116666666666667
"3329",0.116666666666667
"3330",0.116666666666667
"3331",0.116666666666667
"3332",0.116666666666667
"3333",0.116666666666667
"3334",0.116666666666667
"3335",0.118333333333333
"3336",0.118333333333333
"3337",0.118333333333333
"3338",0.118333333333333
"3339",0.12
"3340",0.118333333333333
"3341",0.12
"3342",0.118333333333333
"3343",0.118333333333333
"3344",0.118333333333333
"3345",0.118333333333333
"3346",0.118333333333333
"3347",0.118333333333333
"3348",0.118333333333333
"3349",0.118333333333333
"3350",0.118333333333333
"3351",0.118333333333333
"3352",0.118333333333333
"3353",0.118333333333333
"3354",0.118333333333333
"3355",0.118333333333333
"3356",0.118333333333333
"3357",0.118333333333333
"3358",0.118333333333333
"3359",0.118333333333333
"3360",0.118333333333333
"3361",0.118333333333333
"3362",0.118333333333333
"3363",0.118333333333333
"3364",0.118333333333333
"3365",0.118333333333333
"3366",0.12
"3367",0.118333333333333
"3368",0.12
"3369",0.118333333333333
"3370",0.118333333333333
"3371",0.118333333333333
"3372",0.118333333333333
"3373",0.118333333333333
"3374",0.118333333333333
"3375",0.118333333333333
"3376",0.118333333333333
"3377",0.118333333333333
"3378",0.118333333333333
"3379",0.118333333333333
"3380",0.118333333333333
"3381",0.118333333333333
"3382",0.118333333333333
"3383",0.118333333333333
"3384",0.118333333333333
"3385",0.118333333333333
"3386",0.118333333333333
"3387",0.118333333333333
"3388",0.118333333333333
"3389",0.118333333333333
"3390",0.118333333333333
"3391",0.118333333333333
"3392",0.118333333333333
"3393",0.12
"3394",0.118333333333333
"3395",0.12
"3396",0.118333333333333
"3397",0.118333333333333
"3398",0.118333333333333
"3399",0.118333333333333
"3400",0.118333333333333
"3401",0.118333333333333
"3402",0.118333333333333
"3403",0.118333333333333
"3404",0.118333333333333
"3405",0.118333333333333
"3406",0.118333333333333
"3407",0.118333333333333
"3408",0.118333333333333
"3409",0.118333333333333
"3410",0.118333333333333
"3411",0.118333333333333
"3412",0.118333333333333
"3413",0.118333333333333
"3414",0.118333333333333
"3415",0.118333333333333
"3416",0.118333333333333
"3417",0.118333333333333
"3418",0.118333333333333
"3419",0.118333333333333
"3420",0.12
"3421",0.118333333333333
"3422",0.12
"3423",0.118333333333333
"3424",0.118333333333333
"3425",0.118333333333333
"3426",0.118333333333333
"3427",0.118333333333333
"3428",0.118333333333333
"3429",0.118333333333333
"3430",0.118333333333333
"3431",0.118333333333333
"3432",0.118333333333333
"3433",0.118333333333333
"3434",0.118333333333333
"3435",0.118333333333333
"3436",0.118333333333333
"3437",0.118333333333333
"3438",0.118333333333333
"3439",0.118333333333333
"3440",0.118333333333333
"3441",0.118333333333333
"3442",0.118333333333333
"3443",0.116666666666667
"3444",0.116666666666667
"3445",0.116666666666667
"3446",0.116666666666667
"3447",0.115
"3448",0.116666666666667
"3449",0.118333333333333
"3450",0.116666666666667
"3451",0.116666666666667
"3452",0.116666666666667
"3453",0.116666666666667
"3454",0.116666666666667
"3455",0.116666666666667
"3456",0.116666666666667
"3457",0.116666666666667
"3458",0.116666666666667
"3459",0.116666666666667
"3460",0.116666666666667
"3461",0.116666666666667
"3462",0.116666666666667
"3463",0.116666666666667
"3464",0.116666666666667
"3465",0.116666666666667
"3466",0.116666666666667
"3467",0.116666666666667
"3468",0.116666666666667
"3469",0.116666666666667
"3470",0.118333333333333
"3471",0.118333333333333
"3472",0.118333333333333
"3473",0.118333333333333
"3474",0.12
"3475",0.118333333333333
"3476",0.12
"3477",0.118333333333333
"3478",0.118333333333333
"3479",0.118333333333333
"3480",0.118333333333333
"3481",0.118333333333333
"3482",0.118333333333333
"3483",0.118333333333333
"3484",0.118333333333333
"3485",0.118333333333333
"3486",0.118333333333333
"3487",0.118333333333333
"3488",0.118333333333333
"3489",0.118333333333333
"3490",0.118333333333333
"3491",0.118333333333333
"3492",0.118333333333333
"3493",0.118333333333333
"3494",0.118333333333333
"3495",0.118333333333333
"3496",0.118333333333333
"3497",0.118333333333333
"3498",0.118333333333333
"3499",0.118333333333333
"3500",0.118333333333333
"3501",0.12
"3502",0.118333333333333
"3503",0.12
"3504",0.118333333333333
"3505",0.118333333333333
"3506",0.118333333333333
"3507",0.118333333333333
"3508",0.118333333333333
"3509",0.118333333333333
"3510",0.118333333333333
"3511",0.118333333333333
"3512",0.118333333333333
"3513",0.118333333333333
"3514",0.118333333333333
"3515",0.118333333333333
"3516",0.118333333333333
"3517",0.118333333333333
"3518",0.118333333333333
"3519",0.118333333333333
"3520",0.118333333333333
"3521",0.118333333333333
"3522",0.118333333333333
"3523",0.118333333333333
"3524",0.116666666666667
"3525",0.116666666666667
"3526",0.116666666666667
"3527",0.116666666666667
"3528",0.115
"3529",0.116666666666667
"3530",0.118333333333333
"3531",0.116666666666667
"3532",0.116666666666667
"3533",0.116666666666667
"3534",0.116666666666667
"3535",0.116666666666667
"3536",0.116666666666667
"3537",0.116666666666667
"3538",0.116666666666667
"3539",0.116666666666667
"3540",0.116666666666667
"3541",0.116666666666667
"3542",0.116666666666667
"3543",0.116666666666667
"3544",0.116666666666667
"3545",0.116666666666667
"3546",0.116666666666667
"3547",0.116666666666667
"3548",0.116666666666667
"3549",0.116666666666667
"3550",0.116666666666667
"3551",0.118333333333333
"3552",0.118333333333333
"3553",0.118333333333333
"3554",0.118333333333333
"3555",0.12
"3556",0.118333333333333
"3557",0.12
"3558",0.118333333333333
"3559",0.118333333333333
"3560",0.118333333333333
"3561",0.118333333333333
"3562",0.118333333333333
"3563",0.118333333333333
"3564",0.118333333333333
"3565",0.118333333333333
"3566",0.118333333333333
"3567",0.118333333333333
"3568",0.118333333333333
"3569",0.118333333333333
"3570",0.118333333333333
"3571",0.118333333333333
"3572",0.118333333333333
"3573",0.118333333333333
"3574",0.118333333333333
"3575",0.118333333333333
"3576",0.118333333333333
"3577",0.118333333333333
"3578",0.118333333333333
"3579",0.118333333333333
"3580",0.118333333333333
"3581",0.118333333333333
"3582",0.12
"3583",0.118333333333333
"3584",0.12
"3585",0.118333333333333
"3586",0.118333333333333
"3587",0.118333333333333
"3588",0.118333333333333
"3589",0.118333333333333
"3590",0.118333333333333
"3591",0.118333333333333
"3592",0.118333333333333
"3593",0.118333333333333
"3594",0.118333333333333
"3595",0.118333333333333
"3596",0.118333333333333
"3597",0.118333333333333
"3598",0.118333333333333
"3599",0.118333333333333
"3600",0.118333333333333
"3601",0.118333333333333
"3602",0.118333333333333
"3603",0.118333333333333
"3604",0.118333333333333
"3605",0.116666666666667
"3606",0.116666666666667
"3607",0.116666666666667
"3608",0.116666666666667
"3609",0.115
"3610",0.116666666666667
"3611",0.118333333333333
"3612",0.116666666666667
"3613",0.116666666666667
"3614",0.116666666666667
"3615",0.116666666666667
"3616",0.116666666666667
"3617",0.116666666666667
"3618",0.116666666666667
"3619",0.116666666666667
"3620",0.116666666666667
"3621",0.116666666666667
"3622",0.116666666666667
"3623",0.116666666666667
"3624",0.116666666666667
"3625",0.116666666666667
"3626",0.116666666666667
"3627",0.116666666666667
"3628",0.116666666666667
"3629",0.116666666666667
"3630",0.116666666666667
"3631",0.116666666666667
"3632",0.116666666666667
"3633",0.116666666666667
"3634",0.116666666666667
"3635",0.116666666666667
"3636",0.115
"3637",0.116666666666667
"3638",0.118333333333333
"3639",0.116666666666667
"3640",0.116666666666667
"3641",0.116666666666667
"3642",0.116666666666667
"3643",0.116666666666667
"3644",0.116666666666667
"3645",0.116666666666667
"3646",0.116666666666667
"3647",0.116666666666667
"3648",0.116666666666667
"3649",0.116666666666667
"3650",0.116666666666667
"3651",0.116666666666667
"3652",0.116666666666667
"3653",0.116666666666667
"3654",0.116666666666667
"3655",0.116666666666667
"3656",0.116666666666667
"3657",0.116666666666667
"3658",0.116666666666667
"3659",0.12
"3660",0.12
"3661",0.12
"3662",0.12
"3663",0.118333333333333
"3664",0.12
"3665",0.121666666666667
"3666",0.12
"3667",0.12
"3668",0.12
"3669",0.12
"3670",0.12
"3671",0.12
"3672",0.12
"3673",0.12
"3674",0.12
"3675",0.12
"3676",0.12
"3677",0.12
"3678",0.12
"3679",0.12
"3680",0.12
"3681",0.12
"3682",0.12
"3683",0.12
"3684",0.12
"3685",0.12
"3686",0.12
"3687",0.12
"3688",0.12
"3689",0.12
"3690",0.118333333333333
"3691",0.12
"3692",0.121666666666667
"3693",0.12
"3694",0.12
"3695",0.12
"3696",0.12
"3697",0.12
"3698",0.12
"3699",0.12
"3700",0.12
"3701",0.12
"3702",0.12
"3703",0.12
"3704",0.12
"3705",0.12
"3706",0.12
"3707",0.12
"3708",0.12
"3709",0.12
"3710",0.12
"3711",0.12
"3712",0.12
"3713",0.125
"3714",0.125
"3715",0.125
"3716",0.125
"3717",0.126666666666667
"3718",0.125
"3719",0.126666666666667
"3720",0.125
"3721",0.125
"3722",0.125
"3723",0.125
"3724",0.125
"3725",0.125
"3726",0.125
"3727",0.125
"3728",0.125
"3729",0.125
"3730",0.125
"3731",0.125
"3732",0.125
"3733",0.125
"3734",0.125
"3735",0.125
"3736",0.125
"3737",0.125
"3738",0.125
"3739",0.125
"3740",0.131666666666667
"3741",0.131666666666667
"3742",0.131666666666667
"3743",0.131666666666667
"3744",0.133333333333333
"3745",0.131666666666667
"3746",0.133333333333333
"3747",0.131666666666667
"3748",0.131666666666667
"3749",0.131666666666667
"3750",0.131666666666667
"3751",0.131666666666667
"3752",0.131666666666667
"3753",0.131666666666667
"3754",0.131666666666667
"3755",0.131666666666667
"3756",0.131666666666667
"3757",0.131666666666667
"3758",0.131666666666667
"3759",0.131666666666667
"3760",0.131666666666667
"3761",0.131666666666667
"3762",0.131666666666667
"3763",0.131666666666667
"3764",0.131666666666667
"3765",0.131666666666667
"3766",0.131666666666667
"3767",0.128333333333333
"3768",0.128333333333333
"3769",0.128333333333333
"3770",0.128333333333333
"3771",0.13
"3772",0.128333333333333
"3773",0.13
"3774",0.128333333333333
"3775",0.128333333333333
"3776",0.128333333333333
"3777",0.128333333333333
"3778",0.128333333333333
"3779",0.128333333333333
"3780",0.128333333333333
"3781",0.128333333333333
"3782",0.128333333333333
"3783",0.128333333333333
"3784",0.128333333333333
"3785",0.128333333333333
"3786",0.128333333333333
"3787",0.128333333333333
"3788",0.128333333333333
"3789",0.128333333333333
"3790",0.128333333333333
"3791",0.128333333333333
"3792",0.128333333333333
"3793",0.128333333333333
"3794",0.13
"3795",0.13
"3796",0.13
"3797",0.13
"3798",0.131666666666667
"3799",0.13
"3800",0.131666666666667
"3801",0.13
"3802",0.13
"3803",0.13
"3804",0.13
"3805",0.13
"3806",0.13
"3807",0.13
"3808",0.13
"3809",0.13
"3810",0.13
"3811",0.13
"3812",0.13
"3813",0.13
"3814",0.13
"3815",0.13
"3816",0.13
"3817",0.13
"3818",0.13
"3819",0.13
"3820",0.13
"3821",0.123333333333333
"3822",0.123333333333333
"3823",0.123333333333333
"3824",0.123333333333333
"3825",0.125
"3826",0.123333333333333
"3827",0.125
"3828",0.123333333333333
"3829",0.123333333333333
"3830",0.123333333333333
"3831",0.123333333333333
"3832",0.123333333333333
"3833",0.123333333333333
"3834",0.123333333333333
"3835",0.123333333333333
"3836",0.123333333333333
"3837",0.123333333333333
"3838",0.123333333333333
"3839",0.123333333333333
"3840",0.123333333333333
"3841",0.123333333333333
"3842",0.123333333333333
"3843",0.123333333333333
"3844",0.123333333333333
"3845",0.123333333333333
"3846",0.123333333333333
"3847",0.123333333333333
"3848",0.128333333333333
"3849",0.128333333333333
"3850",0.128333333333333
"3851",0.128333333333333
"3852",0.13
"3853",0.128333333333333
"3854",0.13
"3855",0.128333333333333
"3856",0.128333333333333
"3857",0.128333333333333
"3858",0.128333333333333
"3859",0.128333333333333
"3860",0.128333333333333
"3861",0.128333333333333
"3862",0.128333333333333
"3863",0.128333333333333
"3864",0.128333333333333
"3865",0.128333333333333
"3866",0.128333333333333
"3867",0.128333333333333
"3868",0.128333333333333
"3869",0.128333333333333
"3870",0.128333333333333
"3871",0.128333333333333
"3872",0.128333333333333
"3873",0.128333333333333
"3874",0.128333333333333
"3875",0.13
"3876",0.13
"3877",0.13
"3878",0.13
"3879",0.131666666666667
"3880",0.13
"3881",0.131666666666667
"3882",0.13
"3883",0.13
"3884",0.13
"3885",0.13
"3886",0.13
"3887",0.13
"3888",0.13
"3889",0.13
"3890",0.13
"3891",0.13
"3892",0.13
"3893",0.13
"3894",0.13
"3895",0.13
"3896",0.13
"3897",0.13
"3898",0.13
"3899",0.13
"3900",0.13
"3901",0.13
"3902",0.128333333333333
"3903",0.128333333333333
"3904",0.128333333333333
"3905",0.128333333333333
"3906",0.126666666666667
"3907",0.128333333333333
"3908",0.13
"3909",0.128333333333333
"3910",0.128333333333333
"3911",0.128333333333333
"3912",0.128333333333333
"3913",0.128333333333333
"3914",0.128333333333333
"3915",0.128333333333333
"3916",0.128333333333333
"3917",0.128333333333333
"3918",0.128333333333333
"3919",0.128333333333333
"3920",0.128333333333333
"3921",0.128333333333333
"3922",0.128333333333333
"3923",0.128333333333333
"3924",0.128333333333333
"3925",0.128333333333333
"3926",0.128333333333333
"3927",0.128333333333333
"3928",0.128333333333333
"3929",0.128333333333333
"3930",0.128333333333333
"3931",0.128333333333333
"3932",0.128333333333333
"3933",0.126666666666667
"3934",0.128333333333333
"3935",0.13
"3936",0.128333333333333
"3937",0.128333333333333
"3938",0.128333333333333
"3939",0.128333333333333
"3940",0.128333333333333
"3941",0.128333333333333
"3942",0.128333333333333
"3943",0.128333333333333
"3944",0.128333333333333
"3945",0.128333333333333
"3946",0.128333333333333
"3947",0.128333333333333
"3948",0.128333333333333
"3949",0.128333333333333
"3950",0.128333333333333
"3951",0.128333333333333
"3952",0.128333333333333
"3953",0.128333333333333
"3954",0.128333333333333
"3955",0.128333333333333
"3956",0.125
"3957",0.125
"3958",0.125
"3959",0.125
"3960",0.123333333333333
"3961",0.125
"3962",0.126666666666667
"3963",0.125
"3964",0.125
"3965",0.125
"3966",0.125
"3967",0.125
"3968",0.125
"3969",0.125
"3970",0.125
"3971",0.125
"3972",0.125
"3973",0.125
"3974",0.125
"3975",0.125
"3976",0.125
"3977",0.125
"3978",0.125
"3979",0.125
"3980",0.125
"3981",0.125
"3982",0.125
"3983",0.125
"3984",0.125
"3985",0.125
"3986",0.125
"3987",0.123333333333333
"3988",0.125
"3989",0.126666666666667
"3990",0.125
"3991",0.125
"3992",0.125
"3993",0.125
"3994",0.125
"3995",0.125
"3996",0.125
"3997",0.125
"3998",0.125
"3999",0.125
"4000",0.125
"4001",0.125
"4002",0.125
"4003",0.125
"4004",0.125
"4005",0.125
"4006",0.125
"4007",0.125
"4008",0.125
"4009",0.125
"4010",0.128333333333333
"4011",0.128333333333333
"4012",0.128333333333333
"4013",0.128333333333333
"4014",0.126666666666667
"4015",0.128333333333333
"4016",0.13
"4017",0.128333333333333
"4018",0.128333333333333
"4019",0.128333333333333
"4020",0.128333333333333
"4021",0.128333333333333
"4022",0.128333333333333
"4023",0.128333333333333
"4024",0.128333333333333
"4025",0.128333333333333
"4026",0.128333333333333
"4027",0.128333333333333
"4028",0.128333333333333
"4029",0.128333333333333
"4030",0.128333333333333
"4031",0.128333333333333
"4032",0.128333333333333
"4033",0.128333333333333
"4034",0.128333333333333
"4035",0.128333333333333
"4036",0.128333333333333
"4037",0.128333333333333
"4038",0.128333333333333
"4039",0.128333333333333
"4040",0.128333333333333
"4041",0.126666666666667
"4042",0.128333333333333
"4043",0.13
"4044",0.128333333333333
"4045",0.128333333333333
"4046",0.128333333333333
"4047",0.128333333333333
"4048",0.128333333333333
"4049",0.128333333333333
"4050",0.128333333333333
"4051",0.128333333333333
"4052",0.128333333333333
"4053",0.128333333333333
"4054",0.128333333333333
"4055",0.128333333333333
"4056",0.128333333333333
"4057",0.128333333333333
"4058",0.128333333333333
"4059",0.128333333333333
"4060",0.128333333333333
"4061",0.128333333333333
"4062",0.128333333333333
"4063",0.128333333333333
"4064",0.126666666666667
"4065",0.126666666666667
"4066",0.126666666666667
"4067",0.126666666666667
"4068",0.128333333333333
"4069",0.126666666666667
"4070",0.128333333333333
"4071",0.126666666666667
"4072",0.126666666666667
"4073",0.126666666666667
"4074",0.126666666666667
"4075",0.126666666666667
"4076",0.126666666666667
"4077",0.126666666666667
"4078",0.126666666666667
"4079",0.126666666666667
"4080",0.126666666666667
"4081",0.126666666666667
"4082",0.126666666666667
"4083",0.126666666666667
"4084",0.126666666666667
"4085",0.126666666666667
"4086",0.126666666666667
"4087",0.126666666666667
"4088",0.126666666666667
"4089",0.126666666666667
"4090",0.126666666666667
"4091",0.126666666666667
"4092",0.126666666666667
"4093",0.126666666666667
"4094",0.126666666666667
"4095",0.128333333333333
"4096",0.126666666666667
"4097",0.128333333333333
"4098",0.126666666666667
"4099",0.126666666666667
"4100",0.126666666666667
"4101",0.126666666666667
"4102",0.126666666666667
"4103",0.126666666666667
"4104",0.126666666666667
"4105",0.126666666666667
"4106",0.126666666666667
"4107",0.126666666666667
"4108",0.126666666666667
"4109",0.126666666666667
"4110",0.126666666666667
"4111",0.126666666666667
"4112",0.126666666666667
"4113",0.126666666666667
"4114",0.126666666666667
"4115",0.126666666666667
"4116",0.126666666666667
"4117",0.126666666666667
"4118",0.126666666666667
"4119",0.126666666666667
"4120",0.126666666666667
"4121",0.126666666666667
"4122",0.128333333333333
"4123",0.126666666666667
"4124",0.128333333333333
"4125",0.126666666666667
"4126",0.126666666666667
"4127",0.126666666666667
"4128",0.126666666666667
"4129",0.126666666666667
"4130",0.126666666666667
"4131",0.126666666666667
"4132",0.126666666666667
"4133",0.126666666666667
"4134",0.126666666666667
"4135",0.126666666666667
"4136",0.126666666666667
"4137",0.126666666666667
"4138",0.126666666666667
"4139",0.126666666666667
"4140",0.126666666666667
"4141",0.126666666666667
"4142",0.126666666666667
"4143",0.126666666666667
"4144",0.126666666666667
"4145",0.126666666666667
"4146",0.126666666666667
"4147",0.126666666666667
"4148",0.126666666666667
"4149",0.128333333333333
"4150",0.126666666666667
"4151",0.128333333333333
"4152",0.126666666666667
"4153",0.126666666666667
"4154",0.126666666666667
"4155",0.126666666666667
"4156",0.126666666666667
"4157",0.126666666666667
"4158",0.126666666666667
"4159",0.126666666666667
"4160",0.126666666666667
"4161",0.126666666666667
"4162",0.126666666666667
"4163",0.126666666666667
"4164",0.126666666666667
"4165",0.126666666666667
"4166",0.126666666666667
"4167",0.126666666666667
"4168",0.126666666666667
"4169",0.126666666666667
"4170",0.126666666666667
"4171",0.126666666666667
"4172",0.106666666666667
"4173",0.106666666666667
"4174",0.106666666666667
"4175",0.106666666666667
"4176",0.108333333333333
"4177",0.106666666666667
"4178",0.108333333333333
"4179",0.106666666666667
"4180",0.106666666666667
"4181",0.106666666666667
"4182",0.106666666666667
"4183",0.106666666666667
"4184",0.106666666666667
"4185",0.106666666666667
"4186",0.106666666666667
"4187",0.106666666666667
"4188",0.106666666666667
"4189",0.106666666666667
"4190",0.106666666666667
"4191",0.106666666666667
"4192",0.106666666666667
"4193",0.106666666666667
"4194",0.106666666666667
"4195",0.106666666666667
"4196",0.106666666666667
"4197",0.106666666666667
"4198",0.106666666666667
"4199",0.106666666666667
"4200",0.106666666666667
"4201",0.106666666666667
"4202",0.106666666666667
"4203",0.108333333333333
"4204",0.106666666666667
"4205",0.108333333333333
"4206",0.106666666666667
"4207",0.106666666666667
"4208",0.106666666666667
"4209",0.106666666666667
"4210",0.106666666666667
"4211",0.106666666666667
"4212",0.106666666666667
"4213",0.106666666666667
"4214",0.106666666666667
"4215",0.106666666666667
"4216",0.106666666666667
"4217",0.106666666666667
"4218",0.106666666666667
"4219",0.106666666666667
"4220",0.106666666666667
"4221",0.106666666666667
"4222",0.106666666666667
"4223",0.106666666666667
"4224",0.106666666666667
"4225",0.106666666666667
"4226",0.106666666666667
"4227",0.106666666666667
"4228",0.106666666666667
"4229",0.106666666666667
"4230",0.108333333333333
"4231",0.106666666666667
"4232",0.108333333333333
"4233",0.106666666666667
"4234",0.106666666666667
"4235",0.106666666666667
"4236",0.106666666666667
"4237",0.106666666666667
"4238",0.106666666666667
"4239",0.106666666666667
"4240",0.106666666666667
"4241",0.106666666666667
"4242",0.106666666666667
"4243",0.106666666666667
"4244",0.106666666666667
"4245",0.106666666666667
"4246",0.106666666666667
"4247",0.106666666666667
"4248",0.106666666666667
"4249",0.106666666666667
"4250",0.106666666666667
"4251",0.106666666666667
"4252",0.106666666666667
"4253",0.106666666666667
"4254",0.106666666666667
"4255",0.106666666666667
"4256",0.106666666666667
"4257",0.108333333333333
"4258",0.106666666666667
"4259",0.108333333333333
"4260",0.106666666666667
"4261",0.106666666666667
"4262",0.106666666666667
"4263",0.106666666666667
"4264",0.106666666666667
"4265",0.106666666666667
"4266",0.106666666666667
"4267",0.106666666666667
"4268",0.106666666666667
"4269",0.106666666666667
"4270",0.106666666666667
"4271",0.106666666666667
"4272",0.106666666666667
"4273",0.106666666666667
"4274",0.106666666666667
"4275",0.106666666666667
"4276",0.106666666666667
"4277",0.106666666666667
"4278",0.106666666666667
"4279",0.106666666666667
"4280",0.11
"4281",0.11
"4282",0.11
"4283",0.11
"4284",0.111666666666667
"4285",0.11
"4286",0.111666666666667
"4287",0.11
"4288",0.11
"4289",0.11
"4290",0.11
"4291",0.11
"4292",0.11
"4293",0.11
"4294",0.11
"4295",0.11
"4296",0.11
"4297",0.11
"4298",0.11
"4299",0.11
"4300",0.11
"4301",0.11
"4302",0.11
"4303",0.11
"4304",0.11
"4305",0.11
"4306",0.11
"4307",0.106666666666667
"4308",0.106666666666667
"4309",0.106666666666667
"4310",0.106666666666667
"4311",0.108333333333333
"4312",0.106666666666667
"4313",0.108333333333333
"4314",0.106666666666667
"4315",0.106666666666667
"4316",0.106666666666667
"4317",0.106666666666667
"4318",0.106666666666667
"4319",0.106666666666667
"4320",0.106666666666667
"4321",0.106666666666667
"4322",0.106666666666667
"4323",0.106666666666667
"4324",0.106666666666667
"4325",0.106666666666667
"4326",0.106666666666667
"4327",0.106666666666667
"4328",0.106666666666667
"4329",0.106666666666667
"4330",0.106666666666667
"4331",0.106666666666667
"4332",0.106666666666667
"4333",0.106666666666667
"4334",0.106666666666667
"4335",0.106666666666667
"4336",0.106666666666667
"4337",0.106666666666667
"4338",0.108333333333333
"4339",0.106666666666667
"4340",0.108333333333333
"4341",0.106666666666667
"4342",0.106666666666667
"4343",0.106666666666667
"4344",0.106666666666667
"4345",0.106666666666667
"4346",0.106666666666667
"4347",0.106666666666667
"4348",0.106666666666667
"4349",0.106666666666667
"4350",0.106666666666667
"4351",0.106666666666667
"4352",0.106666666666667
"4353",0.106666666666667
"4354",0.106666666666667
"4355",0.106666666666667
"4356",0.106666666666667
"4357",0.106666666666667
"4358",0.106666666666667
"4359",0.106666666666667
"4360",0.106666666666667
"4361",0.106666666666667
"4362",0.106666666666667
"4363",0.106666666666667
"4364",0.106666666666667
"4365",0.108333333333333
"4366",0.106666666666667
"4367",0.108333333333333
"4368",0.106666666666667
"4369",0.106666666666667
"4370",0.106666666666667
"4371",0.106666666666667
"4372",0.106666666666667
"4373",0.106666666666667
"4374",0.106666666666667
"4375",0.106666666666667
"4376",0.106666666666667
"4377",0.106666666666667
"4378",0.106666666666667
"4379",0.106666666666667
"4380",0.106666666666667
"4381",0.106666666666667
"4382",0.106666666666667
"4383",0.106666666666667
"4384",0.106666666666667
"4385",0.106666666666667
"4386",0.106666666666667
"4387",0.106666666666667
"4388",0.106666666666667
"4389",0.106666666666667
"4390",0.106666666666667
"4391",0.106666666666667
"4392",0.108333333333333
"4393",0.106666666666667
"4394",0.108333333333333
"4395",0.106666666666667
"4396",0.106666666666667
"4397",0.106666666666667
"4398",0.106666666666667
"4399",0.106666666666667
"4400",0.106666666666667
"4401",0.106666666666667
"4402",0.106666666666667
"4403",0.106666666666667
"4404",0.106666666666667
"4405",0.106666666666667
"4406",0.106666666666667
"4407",0.106666666666667
"4408",0.106666666666667
"4409",0.106666666666667
"4410",0.106666666666667
"4411",0.106666666666667
"4412",0.106666666666667
"4413",0.106666666666667
"4414",0.106666666666667
"4415",0.106666666666667
"4416",0.106666666666667
"4417",0.106666666666667
"4418",0.106666666666667
"4419",0.108333333333333
"4420",0.106666666666667
"4421",0.108333333333333
"4422",0.106666666666667
"4423",0.106666666666667
"4424",0.106666666666667
"4425",0.106666666666667
"4426",0.106666666666667
"4427",0.106666666666667
"4428",0.106666666666667
"4429",0.106666666666667
"4430",0.106666666666667
"4431",0.106666666666667
"4432",0.106666666666667
"4433",0.106666666666667
"4434",0.106666666666667
"4435",0.106666666666667
"4436",0.106666666666667
"4437",0.106666666666667
"4438",0.106666666666667
"4439",0.106666666666667
"4440",0.106666666666667
"4441",0.106666666666667
"4442",0.106666666666667
"4443",0.106666666666667
"4444",0.106666666666667
"4445",0.106666666666667
"4446",0.108333333333333
"4447",0.106666666666667
"4448",0.108333333333333
"4449",0.106666666666667
"4450",0.106666666666667
"4451",0.106666666666667
"4452",0.106666666666667
"4453",0.106666666666667
"4454",0.106666666666667
"4455",0.106666666666667
"4456",0.106666666666667
"4457",0.106666666666667
"4458",0.106666666666667
"4459",0.106666666666667
"4460",0.106666666666667
"4461",0.106666666666667
"4462",0.106666666666667
"4463",0.106666666666667
"4464",0.106666666666667
"4465",0.106666666666667
"4466",0.106666666666667
"4467",0.106666666666667
"4468",0.106666666666667
"4469",0.106666666666667
"4470",0.106666666666667
"4471",0.106666666666667
"4472",0.106666666666667
"4473",0.108333333333333
"4474",0.106666666666667
"4475",0.108333333333333
"4476",0.106666666666667
"4477",0.106666666666667
"4478",0.106666666666667
"4479",0.106666666666667
"4480",0.106666666666667
"4481",0.106666666666667
"4482",0.106666666666667
"4483",0.106666666666667
"4484",0.106666666666667
"4485",0.106666666666667
"4486",0.106666666666667
"4487",0.106666666666667
"4488",0.106666666666667
"4489",0.106666666666667
"4490",0.106666666666667
"4491",0.106666666666667
"4492",0.106666666666667
"4493",0.106666666666667
"4494",0.106666666666667
"4495",0.106666666666667
"4496",0.106666666666667
"4497",0.106666666666667
"4498",0.106666666666667
"4499",0.106666666666667
"4500",0.108333333333333
"4501",0.106666666666667
"4502",0.108333333333333
"4503",0.106666666666667
"4504",0.106666666666667
"4505",0.106666666666667
"4506",0.106666666666667
"4507",0.106666666666667
"4508",0.106666666666667
"4509",0.106666666666667
"4510",0.106666666666667
"4511",0.106666666666667
"4512",0.106666666666667
"4513",0.106666666666667
"4514",0.106666666666667
"4515",0.106666666666667
"4516",0.106666666666667
"4517",0.106666666666667
"4518",0.106666666666667
"4519",0.106666666666667
"4520",0.106666666666667
"4521",0.106666666666667
"4522",0.106666666666667
"4523",0.106666666666667
"4524",0.106666666666667
"4525",0.106666666666667
"4526",0.106666666666667
"4527",0.108333333333333
"4528",0.106666666666667
"4529",0.108333333333333
"4530",0.106666666666667
"4531",0.106666666666667
"4532",0.106666666666667
"4533",0.106666666666667
"4534",0.106666666666667
"4535",0.106666666666667
"4536",0.106666666666667
"4537",0.106666666666667
"4538",0.106666666666667
"4539",0.106666666666667
"4540",0.106666666666667
"4541",0.106666666666667
"4542",0.106666666666667
"4543",0.106666666666667
"4544",0.106666666666667
"4545",0.106666666666667
"4546",0.106666666666667
"4547",0.106666666666667
"4548",0.106666666666667
"4549",0.106666666666667
"4550",0.106666666666667
"4551",0.106666666666667
"4552",0.106666666666667
"4553",0.106666666666667
"4554",0.108333333333333
"4555",0.106666666666667
"4556",0.108333333333333
"4557",0.106666666666667
"4558",0.106666666666667
"4559",0.106666666666667
"4560",0.106666666666667
"4561",0.106666666666667
"4562",0.106666666666667
"4563",0.106666666666667
"4564",0.106666666666667
"4565",0.106666666666667
"4566",0.106666666666667
"4567",0.106666666666667
"4568",0.106666666666667
"4569",0.106666666666667
"4570",0.106666666666667
"4571",0.106666666666667
"4572",0.106666666666667
"4573",0.106666666666667
"4574",0.106666666666667
"4575",0.106666666666667
"4576",0.106666666666667
"4577",0.106666666666667
"4578",0.106666666666667
"4579",0.106666666666667
"4580",0.106666666666667
"4581",0.108333333333333
"4582",0.106666666666667
"4583",0.108333333333333
"4584",0.106666666666667
"4585",0.106666666666667
"4586",0.106666666666667
"4587",0.106666666666667
"4588",0.106666666666667
"4589",0.106666666666667
"4590",0.106666666666667
"4591",0.106666666666667
"4592",0.106666666666667
"4593",0.106666666666667
"4594",0.106666666666667
"4595",0.106666666666667
"4596",0.106666666666667
"4597",0.106666666666667
"4598",0.106666666666667
"4599",0.106666666666667
"4600",0.106666666666667
"4601",0.106666666666667
"4602",0.106666666666667
"4603",0.106666666666667
"4604",0.106666666666667
"4605",0.106666666666667
"4606",0.106666666666667
"4607",0.106666666666667
"4608",0.108333333333333
"4609",0.106666666666667
"4610",0.108333333333333
"4611",0.106666666666667
"4612",0.106666666666667
"4613",0.106666666666667
"4614",0.106666666666667
"4615",0.106666666666667
"4616",0.106666666666667
"4617",0.106666666666667
"4618",0.106666666666667
"4619",0.106666666666667
"4620",0.106666666666667
"4621",0.106666666666667
"4622",0.106666666666667
"4623",0.106666666666667
"4624",0.106666666666667
"4625",0.106666666666667
"4626",0.106666666666667
"4627",0.106666666666667
"4628",0.106666666666667
"4629",0.106666666666667
"4630",0.106666666666667
"4631",0.106666666666667
"4632",0.106666666666667
"4633",0.106666666666667
"4634",0.106666666666667
"4635",0.108333333333333
"4636",0.106666666666667
"4637",0.108333333333333
"4638",0.106666666666667
"4639",0.106666666666667
"4640",0.106666666666667
"4641",0.106666666666667
"4642",0.106666666666667
"4643",0.106666666666667
"4644",0.106666666666667
"4645",0.106666666666667
"4646",0.106666666666667
"4647",0.106666666666667
"4648",0.106666666666667
"4649",0.106666666666667
"4650",0.106666666666667
"4651",0.106666666666667
"4652",0.106666666666667
"4653",0.106666666666667
"4654",0.106666666666667
"4655",0.106666666666667
"4656",0.106666666666667
"4657",0.106666666666667
"4658",0.106666666666667
"4659",0.106666666666667
"4660",0.106666666666667
"4661",0.106666666666667
"4662",0.108333333333333
"4663",0.106666666666667
"4664",0.108333333333333
"4665",0.106666666666667
"4666",0.106666666666667
"4667",0.106666666666667
"4668",0.106666666666667
"4669",0.106666666666667
"4670",0.106666666666667
"4671",0.106666666666667
"4672",0.106666666666667
"4673",0.106666666666667
"4674",0.106666666666667
"4675",0.106666666666667
"4676",0.106666666666667
"4677",0.106666666666667
"4678",0.106666666666667
"4679",0.106666666666667
"4680",0.106666666666667
"4681",0.106666666666667
"4682",0.106666666666667
"4683",0.106666666666667
"4684",0.106666666666667
"4685",0.13
"4686",0.13
"4687",0.13
"4688",0.13
"4689",0.131666666666667
"4690",0.13
"4691",0.131666666666667
"4692",0.13
"4693",0.13
"4694",0.13
"4695",0.13
"4696",0.13
"4697",0.13
"4698",0.13
"4699",0.13
"4700",0.13
"4701",0.13
"4702",0.13
"4703",0.13
"4704",0.13
"4705",0.13
"4706",0.13
"4707",0.13
"4708",0.13
"4709",0.13
"4710",0.13
"4711",0.13
"4712",0.13
"4713",0.13
"4714",0.13
"4715",0.13
"4716",0.131666666666667
"4717",0.13
"4718",0.131666666666667
"4719",0.13
"4720",0.13
"4721",0.13
"4722",0.13
"4723",0.13
"4724",0.13
"4725",0.13
"4726",0.13
"4727",0.13
"4728",0.13
"4729",0.13
"4730",0.13
"4731",0.13
"4732",0.13
"4733",0.13
"4734",0.13
"4735",0.13
"4736",0.13
"4737",0.13
"4738",0.13
"4739",0.125
"4740",0.125
"4741",0.125
"4742",0.125
"4743",0.126666666666667
"4744",0.125
"4745",0.126666666666667
"4746",0.125
"4747",0.125
"4748",0.125
"4749",0.125
"4750",0.125
"4751",0.125
"4752",0.125
"4753",0.125
"4754",0.125
"4755",0.125
"4756",0.125
"4757",0.125
"4758",0.125
"4759",0.125
"4760",0.125
"4761",0.125
"4762",0.125
"4763",0.125
"4764",0.125
"4765",0.125
"4766",0.121666666666667
"4767",0.121666666666667
"4768",0.121666666666667
"4769",0.121666666666667
"4770",0.123333333333333
"4771",0.121666666666667
"4772",0.123333333333333
"4773",0.121666666666667
"4774",0.121666666666667
"4775",0.121666666666667
"4776",0.121666666666667
"4777",0.121666666666667
"4778",0.121666666666667
"4779",0.121666666666667
"4780",0.121666666666667
"4781",0.121666666666667
"4782",0.121666666666667
"4783",0.121666666666667
"4784",0.121666666666667
"4785",0.121666666666667
"4786",0.121666666666667
"4787",0.121666666666667
"4788",0.121666666666667
"4789",0.121666666666667
"4790",0.121666666666667
"4791",0.121666666666667
"4792",0.121666666666667
"4793",0.12
"4794",0.12
"4795",0.12
"4796",0.12
"4797",0.121666666666667
"4798",0.12
"4799",0.121666666666667
"4800",0.12
"4801",0.12
"4802",0.12
"4803",0.12
"4804",0.12
"4805",0.12
"4806",0.12
"4807",0.12
"4808",0.12
"4809",0.12
"4810",0.12
"4811",0.12
"4812",0.12
"4813",0.12
"4814",0.12
"4815",0.12
"4816",0.12
"4817",0.12
"4818",0.12
"4819",0.12
"4820",0.125
"4821",0.125
"4822",0.125
"4823",0.125
"4824",0.126666666666667
"4825",0.125
"4826",0.126666666666667
"4827",0.125
"4828",0.125
"4829",0.125
"4830",0.125
"4831",0.125
"4832",0.125
"4833",0.125
"4834",0.125
"4835",0.125
"4836",0.125
"4837",0.125
"4838",0.125
"4839",0.125
"4840",0.125
"4841",0.125
"4842",0.125
"4843",0.125
"4844",0.125
"4845",0.125
"4846",0.125
"4847",0.125
"4848",0.125
"4849",0.125
"4850",0.125
"4851",0.126666666666667
"4852",0.125
"4853",0.126666666666667
"4854",0.125
"4855",0.125
"4856",0.125
"4857",0.125
"4858",0.125
"4859",0.125
"4860",0.125
"4861",0.125
"4862",0.125
"4863",0.125
"4864",0.125
"4865",0.125
"4866",0.125
"4867",0.125
"4868",0.125
"4869",0.125
"4870",0.125
"4871",0.125
"4872",0.125
"4873",0.125
"4874",0.118333333333333
"4875",0.118333333333333
"4876",0.118333333333333
"4877",0.118333333333333
"4878",0.12
"4879",0.118333333333333
"4880",0.12
"4881",0.118333333333333
"4882",0.118333333333333
"4883",0.118333333333333
"4884",0.118333333333333
"4885",0.118333333333333
"4886",0.118333333333333
"4887",0.118333333333333
"4888",0.118333333333333
"4889",0.118333333333333
"4890",0.118333333333333
"4891",0.118333333333333
"4892",0.118333333333333
"4893",0.118333333333333
"4894",0.118333333333333
"4895",0.118333333333333
"4896",0.118333333333333
"4897",0.118333333333333
"4898",0.118333333333333
"4899",0.118333333333333
"4900",0.118333333333333
"4901",0.12
"4902",0.12
"4903",0.12
"4904",0.12
"4905",0.121666666666667
"4906",0.12
"4907",0.121666666666667
"4908",0.12
"4909",0.12
"4910",0.12
"4911",0.12
"4912",0.12
"4913",0.12
"4914",0.12
"4915",0.12
"4916",0.12
"4917",0.12
"4918",0.12
"4919",0.12
"4920",0.12
"4921",0.12
"4922",0.12
"4923",0.12
"4924",0.12
"4925",0.12
"4926",0.12
"4927",0.12
"4928",0.12
"4929",0.12
"4930",0.12
"4931",0.12
"4932",0.121666666666667
"4933",0.12
"4934",0.121666666666667
"4935",0.12
"4936",0.12
"4937",0.12
"4938",0.12
"4939",0.12
"4940",0.12
"4941",0.12
"4942",0.12
"4943",0.12
"4944",0.12
"4945",0.12
"4946",0.12
"4947",0.12
"4948",0.12
"4949",0.12
"4950",0.12
"4951",0.12
"4952",0.12
"4953",0.12
"4954",0.12
"4955",0.0766666666666667
"4956",0.0766666666666667
"4957",0.0766666666666667
"4958",0.0766666666666667
"4959",0.075
"4960",0.0766666666666667
"4961",0.0783333333333333
"4962",0.0766666666666667
"4963",0.0766666666666667
"4964",0.0766666666666667
"4965",0.0766666666666667
"4966",0.0766666666666667
"4967",0.0766666666666667
"4968",0.0766666666666667
"4969",0.0766666666666667
"4970",0.0766666666666667
"4971",0.0766666666666667
"4972",0.0766666666666667
"4973",0.0766666666666667
"4974",0.0766666666666667
"4975",0.0766666666666667
"4976",0.0766666666666667
"4977",0.0766666666666667
"4978",0.0766666666666667
"4979",0.0766666666666667
"4980",0.0766666666666667
"4981",0.0766666666666667
"4982",0.0783333333333333
"4983",0.0783333333333333
"4984",0.0783333333333333
"4985",0.0783333333333333
"4986",0.0766666666666667
"4987",0.0783333333333333
"4988",0.08
"4989",0.0783333333333333
"4990",0.0783333333333333
"4991",0.0783333333333333
"4992",0.0783333333333333
"4993",0.0783333333333333
"4994",0.0783333333333333
"4995",0.0783333333333333
"4996",0.0783333333333333
"4997",0.0783333333333333
"4998",0.0783333333333333
"4999",0.0783333333333333
"5000",0.0783333333333333
"5001",0.0783333333333333
"5002",0.0783333333333333
"5003",0.0783333333333333
"5004",0.0783333333333333
"5005",0.0783333333333333
"5006",0.0783333333333333
"5007",0.0783333333333333
"5008",0.0783333333333333
"5009",0.0766666666666667
"5010",0.0766666666666667
"5011",0.0766666666666667
"5012",0.0766666666666667
"5013",0.075
"5014",0.0766666666666667
"5015",0.0783333333333333
"5016",0.0766666666666667
"5017",0.0766666666666667
"5018",0.0766666666666667
"5019",0.0766666666666667
"5020",0.0766666666666667
"5021",0.0766666666666667
"5022",0.0766666666666667
"5023",0.0766666666666667
"5024",0.0766666666666667
"5025",0.0766666666666667
"5026",0.0766666666666667
"5027",0.0766666666666667
"5028",0.0766666666666667
"5029",0.0766666666666667
"5030",0.0766666666666667
"5031",0.0766666666666667
"5032",0.0766666666666667
"5033",0.0766666666666667
"5034",0.0766666666666667
"5035",0.0766666666666667
"5036",0.0766666666666667
"5037",0.0766666666666667
"5038",0.0766666666666667
"5039",0.0766666666666667
"5040",0.075
"5041",0.0766666666666667
"5042",0.0783333333333333
"5043",0.0766666666666667
"5044",0.0766666666666667
"5045",0.0766666666666667
"5046",0.0766666666666667
"5047",0.0766666666666667
"5048",0.0766666666666667
"5049",0.0766666666666667
"5050",0.0766666666666667
"5051",0.0766666666666667
"5052",0.0766666666666667
"5053",0.0766666666666667
"5054",0.0766666666666667
"5055",0.0766666666666667
"5056",0.0766666666666667
"5057",0.0766666666666667
"5058",0.0766666666666667
"5059",0.0766666666666667
"5060",0.0766666666666667
"5061",0.0766666666666667
"5062",0.0766666666666667
"5063",0.0766666666666667
"5064",0.0766666666666667
"5065",0.0766666666666667
"5066",0.0766666666666667
"5067",0.075
"5068",0.0766666666666667
"5069",0.0783333333333333
"5070",0.0766666666666667
"5071",0.0766666666666667
"5072",0.0766666666666667
"5073",0.0766666666666667
"5074",0.0766666666666667
"5075",0.0766666666666667
"5076",0.0766666666666667
"5077",0.0766666666666667
"5078",0.0766666666666667
"5079",0.0766666666666667
"5080",0.0766666666666667
"5081",0.0766666666666667
"5082",0.0766666666666667
"5083",0.0766666666666667
"5084",0.0766666666666667
"5085",0.0766666666666667
"5086",0.0766666666666667
"5087",0.0766666666666667
"5088",0.0766666666666667
"5089",0.0766666666666667
"5090",0.0766666666666667
"5091",0.0766666666666667
"5092",0.0766666666666667
"5093",0.0766666666666667
"5094",0.075
"5095",0.0766666666666667
"5096",0.0783333333333333
"5097",0.0766666666666667
"5098",0.0766666666666667
"5099",0.0766666666666667
"5100",0.0766666666666667
"5101",0.0766666666666667
"5102",0.0766666666666667
"5103",0.0766666666666667
"5104",0.0766666666666667
"5105",0.0766666666666667
"5106",0.0766666666666667
"5107",0.0766666666666667
"5108",0.0766666666666667
"5109",0.0766666666666667
"5110",0.0766666666666667
"5111",0.0766666666666667
"5112",0.0766666666666667
"5113",0.0766666666666667
"5114",0.0766666666666667
"5115",0.0766666666666667
"5116",0.0766666666666667
"5117",0.0766666666666667
"5118",0.0766666666666667
"5119",0.0766666666666667
"5120",0.0766666666666667
"5121",0.075
"5122",0.0766666666666667
"5123",0.0783333333333333
"5124",0.0766666666666667
"5125",0.0766666666666667
"5126",0.0766666666666667
"5127",0.0766666666666667
"5128",0.0766666666666667
"5129",0.0766666666666667
"5130",0.0766666666666667
"5131",0.0766666666666667
"5132",0.0766666666666667
"5133",0.0766666666666667
"5134",0.0766666666666667
"5135",0.0766666666666667
"5136",0.0766666666666667
"5137",0.0766666666666667
"5138",0.0766666666666667
"5139",0.0766666666666667
"5140",0.0766666666666667
"5141",0.0766666666666667
"5142",0.0766666666666667
"5143",0.0766666666666667
"5144",0.125
"5145",0.125
"5146",0.125
"5147",0.125
"5148",0.125
"5149",0.125
"5150",0.126666666666667
"5151",0.125
"5152",0.125
"5153",0.125
"5154",0.125
"5155",0.125
"5156",0.125
"5157",0.125
"5158",0.125
"5159",0.125
"5160",0.125
"5161",0.125
"5162",0.125
"5163",0.125
"5164",0.125
"5165",0.125
"5166",0.125
"5167",0.125
"5168",0.125
"5169",0.125
"5170",0.125
"5171",0.125
"5172",0.125
"5173",0.125
"5174",0.125
"5175",0.125
"5176",0.125
"5177",0.126666666666667
"5178",0.125
"5179",0.125
"5180",0.125
"5181",0.125
"5182",0.125
"5183",0.125
"5184",0.125
"5185",0.125
"5186",0.125
"5187",0.125
"5188",0.125
"5189",0.125
"5190",0.125
"5191",0.125
"5192",0.125
"5193",0.125
"5194",0.125
"5195",0.125
"5196",0.125
"5197",0.125
"5198",0.125
"5199",0.125
"5200",0.125
"5201",0.125
"5202",0.125
"5203",0.125
"5204",0.126666666666667
"5205",0.125
"5206",0.125
"5207",0.125
"5208",0.125
"5209",0.125
"5210",0.125
"5211",0.125
"5212",0.125
"5213",0.125
"5214",0.125
"5215",0.125
"5216",0.125
"5217",0.125
"5218",0.125
"5219",0.125
"5220",0.125
"5221",0.125
"5222",0.125
"5223",0.125
"5224",0.125
"5225",0.123333333333333
"5226",0.123333333333333
"5227",0.123333333333333
"5228",0.123333333333333
"5229",0.121666666666667
"5230",0.123333333333333
"5231",0.125
"5232",0.123333333333333
"5233",0.123333333333333
"5234",0.123333333333333
"5235",0.123333333333333
"5236",0.123333333333333
"5237",0.123333333333333
"5238",0.123333333333333
"5239",0.123333333333333
"5240",0.123333333333333
"5241",0.123333333333333
"5242",0.123333333333333
"5243",0.123333333333333
"5244",0.123333333333333
"5245",0.123333333333333
"5246",0.123333333333333
"5247",0.123333333333333
"5248",0.123333333333333
"5249",0.123333333333333
"5250",0.123333333333333
"5251",0.123333333333333
"5252",0.123333333333333
"5253",0.123333333333333
"5254",0.123333333333333
"5255",0.123333333333333
"5256",0.121666666666667
"5257",0.123333333333333
"5258",0.125
"5259",0.123333333333333
"5260",0.123333333333333
"5261",0.123333333333333
"5262",0.123333333333333
"5263",0.123333333333333
"5264",0.123333333333333
"5265",0.123333333333333
"5266",0.123333333333333
"5267",0.123333333333333
"5268",0.123333333333333
"5269",0.123333333333333
"5270",0.123333333333333
"5271",0.123333333333333
"5272",0.123333333333333
"5273",0.123333333333333
"5274",0.123333333333333
"5275",0.123333333333333
"5276",0.123333333333333
"5277",0.123333333333333
"5278",0.123333333333333
"5279",0.121666666666667
"5280",0.121666666666667
"5281",0.121666666666667
"5282",0.121666666666667
"5283",0.12
"5284",0.121666666666667
"5285",0.123333333333333
"5286",0.121666666666667
"5287",0.121666666666667
"5288",0.121666666666667
"5289",0.121666666666667
"5290",0.121666666666667
"5291",0.121666666666667
"5292",0.121666666666667
"5293",0.121666666666667
"5294",0.121666666666667
"5295",0.121666666666667
"5296",0.121666666666667
"5297",0.121666666666667
"5298",0.121666666666667
"5299",0.121666666666667
"5300",0.121666666666667
"5301",0.121666666666667
"5302",0.121666666666667
"5303",0.121666666666667
"5304",0.121666666666667
"5305",0.121666666666667
"5306",0.123333333333333
"5307",0.123333333333333
"5308",0.123333333333333
"5309",0.123333333333333
"5310",0.121666666666667
"5311",0.123333333333333
"5312",0.125
"5313",0.123333333333333
"5314",0.123333333333333
"5315",0.123333333333333
"5316",0.123333333333333
"5317",0.123333333333333
"5318",0.123333333333333
"5319",0.123333333333333
"5320",0.123333333333333
"5321",0.123333333333333
"5322",0.123333333333333
"5323",0.123333333333333
"5324",0.123333333333333
"5325",0.123333333333333
"5326",0.123333333333333
"5327",0.123333333333333
"5328",0.123333333333333
"5329",0.123333333333333
"5330",0.123333333333333
"5331",0.123333333333333
"5332",0.123333333333333
"5333",0.121666666666667
"5334",0.121666666666667
"5335",0.121666666666667
"5336",0.121666666666667
"5337",0.12
"5338",0.121666666666667
"5339",0.123333333333333
"5340",0.121666666666667
"5341",0.121666666666667
"5342",0.121666666666667
"5343",0.121666666666667
"5344",0.121666666666667
"5345",0.121666666666667
"5346",0.121666666666667
"5347",0.121666666666667
"5348",0.121666666666667
"5349",0.121666666666667
"5350",0.121666666666667
"5351",0.121666666666667
"5352",0.121666666666667
"5353",0.121666666666667
"5354",0.121666666666667
"5355",0.121666666666667
"5356",0.121666666666667
"5357",0.121666666666667
"5358",0.121666666666667
"5359",0.121666666666667
"5360",0.123333333333333
"5361",0.123333333333333
"5362",0.123333333333333
"5363",0.123333333333333
"5364",0.121666666666667
"5365",0.123333333333333
"5366",0.125
"5367",0.123333333333333
"5368",0.123333333333333
"5369",0.123333333333333
"5370",0.123333333333333
"5371",0.123333333333333
"5372",0.123333333333333
"5373",0.123333333333333
"5374",0.123333333333333
"5375",0.123333333333333
"5376",0.123333333333333
"5377",0.123333333333333
"5378",0.123333333333333
"5379",0.123333333333333
"5380",0.123333333333333
"5381",0.123333333333333
"5382",0.123333333333333
"5383",0.123333333333333
"5384",0.123333333333333
"5385",0.123333333333333
"5386",0.123333333333333
"5387",0.123333333333333
"5388",0.123333333333333
"5389",0.123333333333333
"5390",0.123333333333333
"5391",0.121666666666667
"5392",0.123333333333333
"5393",0.125
"5394",0.123333333333333
"5395",0.123333333333333
"5396",0.123333333333333
"5397",0.123333333333333
"5398",0.123333333333333
"5399",0.123333333333333
"5400",0.123333333333333
"5401",0.123333333333333
"5402",0.123333333333333
"5403",0.123333333333333
"5404",0.123333333333333
"5405",0.123333333333333
"5406",0.123333333333333
"5407",0.123333333333333
"5408",0.123333333333333
"5409",0.123333333333333
"5410",0.123333333333333
"5411",0.123333333333333
"5412",0.123333333333333
"5413",0.123333333333333
"5414",0.121666666666667
"5415",0.121666666666667
"5416",0.121666666666667
"5417",0.121666666666667
"5418",0.12
"5419",0.121666666666667
"5420",0.123333333333333
"5421",0.121666666666667
"5422",0.121666666666667
"5423",0.121666666666667
"5424",0.121666666666667
"5425",0.121666666666667
"5426",0.121666666666667
"5427",0.121666666666667
"5428",0.121666666666667
"5429",0.121666666666667
"5430",0.121666666666667
"5431",0.121666666666667
"5432",0.121666666666667
"5433",0.121666666666667
"5434",0.121666666666667
"5435",0.121666666666667
"5436",0.121666666666667
"5437",0.121666666666667
"5438",0.121666666666667
"5439",0.121666666666667
"5440",0.121666666666667
"5441",0.123333333333333
"5442",0.123333333333333
"5443",0.123333333333333
"5444",0.123333333333333
"5445",0.121666666666667
"5446",0.123333333333333
"5447",0.125
"5448",0.123333333333333
"5449",0.123333333333333
"5450",0.123333333333333
"5451",0.123333333333333
"5452",0.123333333333333
"5453",0.123333333333333
"5454",0.123333333333333
"5455",0.123333333333333
"5456",0.123333333333333
"5457",0.123333333333333
"5458",0.123333333333333
"5459",0.123333333333333
"5460",0.123333333333333
"5461",0.123333333333333
"5462",0.123333333333333
"5463",0.123333333333333
"5464",0.123333333333333
"5465",0.123333333333333
"5466",0.123333333333333
"5467",0.123333333333333
"5468",0.121666666666667
"5469",0.121666666666667
"5470",0.121666666666667
"5471",0.121666666666667
"5472",0.12
"5473",0.121666666666667
"5474",0.123333333333333
"5475",0.121666666666667
"5476",0.121666666666667
"5477",0.121666666666667
"5478",0.121666666666667
"5479",0.121666666666667
"5480",0.121666666666667
"5481",0.121666666666667
"5482",0.121666666666667
"5483",0.121666666666667
"5484",0.121666666666667
"5485",0.121666666666667
"5486",0.121666666666667
"5487",0.121666666666667
"5488",0.121666666666667
"5489",0.121666666666667
"5490",0.121666666666667
"5491",0.121666666666667
"5492",0.121666666666667
"5493",0.121666666666667
"5494",0.121666666666667
"5495",0.121666666666667
"5496",0.121666666666667
"5497",0.121666666666667
"5498",0.121666666666667
"5499",0.12
"5500",0.121666666666667
"5501",0.123333333333333
"5502",0.121666666666667
"5503",0.121666666666667
"5504",0.121666666666667
"5505",0.121666666666667
"5506",0.121666666666667
"5507",0.121666666666667
"5508",0.121666666666667
"5509",0.121666666666667
"5510",0.121666666666667
"5511",0.121666666666667
"5512",0.121666666666667
"5513",0.121666666666667
"5514",0.121666666666667
"5515",0.121666666666667
"5516",0.121666666666667
"5517",0.121666666666667
"5518",0.121666666666667
"5519",0.121666666666667
"5520",0.121666666666667
"5521",0.121666666666667
"5522",0.121666666666667
"5523",0.121666666666667
"5524",0.121666666666667
"5525",0.121666666666667
"5526",0.12
"5527",0.121666666666667
"5528",0.123333333333333
"5529",0.121666666666667
"5530",0.121666666666667
"5531",0.121666666666667
"5532",0.121666666666667
"5533",0.121666666666667
"5534",0.121666666666667
"5535",0.121666666666667
"5536",0.121666666666667
"5537",0.121666666666667
"5538",0.121666666666667
"5539",0.121666666666667
"5540",0.121666666666667
"5541",0.121666666666667
"5542",0.121666666666667
"5543",0.121666666666667
"5544",0.121666666666667
"5545",0.121666666666667
"5546",0.121666666666667
"5547",0.121666666666667
"5548",0.121666666666667
"5549",0.123333333333333
"5550",0.123333333333333
"5551",0.123333333333333
"5552",0.123333333333333
"5553",0.121666666666667
"5554",0.123333333333333
"5555",0.125
"5556",0.123333333333333
"5557",0.123333333333333
"5558",0.123333333333333
"5559",0.123333333333333
"5560",0.123333333333333
"5561",0.123333333333333
"5562",0.123333333333333
"5563",0.123333333333333
"5564",0.123333333333333
"5565",0.123333333333333
"5566",0.123333333333333
"5567",0.123333333333333
"5568",0.123333333333333
"5569",0.123333333333333
"5570",0.123333333333333
"5571",0.123333333333333
"5572",0.123333333333333
"5573",0.123333333333333
"5574",0.123333333333333
"5575",0.123333333333333
"5576",0.123333333333333
"5577",0.123333333333333
"5578",0.123333333333333
"5579",0.123333333333333
"5580",0.121666666666667
"5581",0.123333333333333
"5582",0.125
"5583",0.123333333333333
"5584",0.123333333333333
"5585",0.123333333333333
"5586",0.123333333333333
"5587",0.123333333333333
"5588",0.123333333333333
"5589",0.123333333333333
"5590",0.123333333333333
"5591",0.123333333333333
"5592",0.123333333333333
"5593",0.123333333333333
"5594",0.123333333333333
"5595",0.123333333333333
"5596",0.123333333333333
"5597",0.123333333333333
"5598",0.123333333333333
"5599",0.123333333333333
"5600",0.123333333333333
"5601",0.123333333333333
"5602",0.123333333333333
"5603",0.121666666666667
"5604",0.121666666666667
"5605",0.121666666666667
"5606",0.121666666666667
"5607",0.12
"5608",0.121666666666667
"5609",0.123333333333333
"5610",0.121666666666667
"5611",0.121666666666667
"5612",0.121666666666667
"5613",0.121666666666667
"5614",0.121666666666667
"5615",0.121666666666667
"5616",0.121666666666667
"5617",0.121666666666667
"5618",0.121666666666667
"5619",0.121666666666667
"5620",0.121666666666667
"5621",0.121666666666667
"5622",0.121666666666667
"5623",0.121666666666667
"5624",0.121666666666667
"5625",0.121666666666667
"5626",0.121666666666667
"5627",0.121666666666667
"5628",0.121666666666667
"5629",0.121666666666667
"5630",0.121666666666667
"5631",0.121666666666667
"5632",0.121666666666667
"5633",0.121666666666667
"5634",0.12
"5635",0.121666666666667
"5636",0.123333333333333
"5637",0.121666666666667
"5638",0.121666666666667
"5639",0.121666666666667
"5640",0.121666666666667
"5641",0.121666666666667
"5642",0.121666666666667
"5643",0.121666666666667
"5644",0.121666666666667
"5645",0.121666666666667
"5646",0.121666666666667
"5647",0.121666666666667
"5648",0.121666666666667
"5649",0.121666666666667
"5650",0.121666666666667
"5651",0.121666666666667
"5652",0.121666666666667
"5653",0.121666666666667
"5654",0.121666666666667
"5655",0.121666666666667
"5656",0.121666666666667
"5657",0.123333333333333
"5658",0.123333333333333
"5659",0.123333333333333
"5660",0.123333333333333
"5661",0.121666666666667
"5662",0.123333333333333
"5663",0.125
"5664",0.123333333333333
"5665",0.123333333333333
"5666",0.123333333333333
"5667",0.123333333333333
"5668",0.123333333333333
"5669",0.123333333333333
"5670",0.123333333333333
"5671",0.123333333333333
"5672",0.123333333333333
"5673",0.123333333333333
"5674",0.123333333333333
"5675",0.123333333333333
"5676",0.123333333333333
"5677",0.123333333333333
"5678",0.123333333333333
"5679",0.123333333333333
"5680",0.123333333333333
"5681",0.123333333333333
"5682",0.123333333333333
"5683",0.123333333333333
"5684",0.121666666666667
"5685",0.121666666666667
"5686",0.121666666666667
"5687",0.121666666666667
"5688",0.12
"5689",0.121666666666667
"5690",0.123333333333333
"5691",0.121666666666667
"5692",0.121666666666667
"5693",0.121666666666667
"5694",0.121666666666667
"5695",0.121666666666667
"5696",0.121666666666667
"5697",0.121666666666667
"5698",0.121666666666667
"5699",0.121666666666667
"5700",0.121666666666667
"5701",0.121666666666667
"5702",0.121666666666667
"5703",0.121666666666667
"5704",0.121666666666667
"5705",0.121666666666667
"5706",0.121666666666667
"5707",0.121666666666667
"5708",0.121666666666667
"5709",0.121666666666667
"5710",0.121666666666667
"5711",0.121666666666667
"5712",0.121666666666667
"5713",0.121666666666667
"5714",0.121666666666667
"5715",0.12
"5716",0.121666666666667
"5717",0.123333333333333
"5718",0.121666666666667
"5719",0.121666666666667
"5720",0.121666666666667
"5721",0.121666666666667
"5722",0.121666666666667
"5723",0.121666666666667
"5724",0.121666666666667
"5725",0.121666666666667
"5726",0.121666666666667
"5727",0.121666666666667
"5728",0.121666666666667
"5729",0.121666666666667
"5730",0.121666666666667
"5731",0.121666666666667
"5732",0.121666666666667
"5733",0.121666666666667
"5734",0.121666666666667
"5735",0.121666666666667
"5736",0.121666666666667
"5737",0.121666666666667
"5738",0.121666666666667
"5739",0.121666666666667
"5740",0.121666666666667
"5741",0.121666666666667
"5742",0.12
"5743",0.121666666666667
"5744",0.123333333333333
"5745",0.121666666666667
"5746",0.121666666666667
"5747",0.121666666666667
"5748",0.121666666666667
"5749",0.121666666666667
"5750",0.121666666666667
"5751",0.121666666666667
"5752",0.121666666666667
"5753",0.121666666666667
"5754",0.121666666666667
"5755",0.121666666666667
"5756",0.121666666666667
"5757",0.121666666666667
"5758",0.121666666666667
"5759",0.121666666666667
"5760",0.121666666666667
"5761",0.121666666666667
"5762",0.121666666666667
"5763",0.121666666666667
"5764",0.121666666666667
"5765",0.123333333333333
"5766",0.123333333333333
"5767",0.123333333333333
"5768",0.123333333333333
"5769",0.121666666666667
"5770",0.123333333333333
"5771",0.125
"5772",0.123333333333333
"5773",0.123333333333333
"5774",0.123333333333333
"5775",0.123333333333333
"5776",0.123333333333333
"5777",0.123333333333333
"5778",0.123333333333333
"5779",0.123333333333333
"5780",0.123333333333333
"5781",0.123333333333333
"5782",0.123333333333333
"5783",0.123333333333333
"5784",0.123333333333333
"5785",0.123333333333333
"5786",0.123333333333333
"5787",0.123333333333333
"5788",0.123333333333333
"5789",0.123333333333333
"5790",0.123333333333333
"5791",0.123333333333333
"5792",0.121666666666667
"5793",0.121666666666667
"5794",0.121666666666667
"5795",0.121666666666667
"5796",0.12
"5797",0.121666666666667
"5798",0.123333333333333
"5799",0.121666666666667
"5800",0.121666666666667
"5801",0.121666666666667
"5802",0.121666666666667
"5803",0.121666666666667
"5804",0.121666666666667
"5805",0.121666666666667
"5806",0.121666666666667
"5807",0.121666666666667
"5808",0.121666666666667
"5809",0.121666666666667
"5810",0.121666666666667
"5811",0.121666666666667
"5812",0.121666666666667
"5813",0.121666666666667
"5814",0.121666666666667
"5815",0.121666666666667
"5816",0.121666666666667
"5817",0.121666666666667
"5818",0.121666666666667
"5819",0.121666666666667
"5820",0.121666666666667
"5821",0.121666666666667
"5822",0.121666666666667
"5823",0.12
"5824",0.121666666666667
"5825",0.123333333333333
"5826",0.121666666666667
"5827",0.121666666666667
"5828",0.121666666666667
"5829",0.121666666666667
"5830",0.121666666666667
"5831",0.121666666666667
"5832",0.121666666666667
"5833",0.121666666666667
"5834",0.121666666666667
"5835",0.121666666666667
"5836",0.121666666666667
"5837",0.121666666666667
"5838",0.121666666666667
"5839",0.121666666666667
"5840",0.121666666666667
"5841",0.121666666666667
"5842",0.121666666666667
"5843",0.121666666666667
"5844",0.121666666666667
"5845",0.121666666666667
"5846",0.121666666666667
"5847",0.121666666666667
"5848",0.121666666666667
"5849",0.121666666666667
"5850",0.12
"5851",0.121666666666667
"5852",0.123333333333333
"5853",0.121666666666667
"5854",0.121666666666667
"5855",0.121666666666667
"5856",0.121666666666667
"5857",0.121666666666667
"5858",0.121666666666667
"5859",0.121666666666667
"5860",0.121666666666667
"5861",0.121666666666667
"5862",0.121666666666667
"5863",0.121666666666667
"5864",0.121666666666667
"5865",0.121666666666667
"5866",0.121666666666667
"5867",0.121666666666667
"5868",0.121666666666667
"5869",0.121666666666667
"5870",0.121666666666667
"5871",0.121666666666667
"5872",0.121666666666667
"5873",0.121666666666667
"5874",0.121666666666667
"5875",0.121666666666667
"5876",0.121666666666667
"5877",0.12
"5878",0.121666666666667
"5879",0.123333333333333
"5880",0.121666666666667
"5881",0.121666666666667
"5882",0.121666666666667
"5883",0.121666666666667
"5884",0.121666666666667
"5885",0.121666666666667
"5886",0.121666666666667
"5887",0.121666666666667
"5888",0.121666666666667
"5889",0.121666666666667
"5890",0.121666666666667
"5891",0.121666666666667
"5892",0.121666666666667
"5893",0.121666666666667
"5894",0.121666666666667
"5895",0.121666666666667
"5896",0.121666666666667
"5897",0.121666666666667
"5898",0.121666666666667
"5899",0.121666666666667
"5900",0.121666666666667
"5901",0.121666666666667
"5902",0.121666666666667
"5903",0.121666666666667
"5904",0.123333333333333
"5905",0.121666666666667
"5906",0.123333333333333
"5907",0.121666666666667
"5908",0.121666666666667
"5909",0.121666666666667
"5910",0.121666666666667
"5911",0.121666666666667
"5912",0.121666666666667
"5913",0.121666666666667
"5914",0.121666666666667
"5915",0.121666666666667
"5916",0.121666666666667
"5917",0.121666666666667
"5918",0.121666666666667
"5919",0.121666666666667
"5920",0.121666666666667
"5921",0.121666666666667
"5922",0.121666666666667
"5923",0.121666666666667
"5924",0.121666666666667
"5925",0.121666666666667
"5926",0.121666666666667
"5927",0.121666666666667
"5928",0.121666666666667
"5929",0.121666666666667
"5930",0.121666666666667
"5931",0.12
"5932",0.121666666666667
"5933",0.123333333333333
"5934",0.121666666666667
"5935",0.121666666666667
"5936",0.121666666666667
"5937",0.121666666666667
"5938",0.121666666666667
"5939",0.121666666666667
"5940",0.121666666666667
"5941",0.121666666666667
"5942",0.121666666666667
"5943",0.121666666666667
"5944",0.121666666666667
"5945",0.121666666666667
"5946",0.121666666666667
"5947",0.121666666666667
"5948",0.121666666666667
"5949",0.121666666666667
"5950",0.121666666666667
"5951",0.121666666666667
"5952",0.121666666666667
"5953",0.121666666666667
"5954",0.123333333333333
"5955",0.123333333333333
"5956",0.123333333333333
"5957",0.123333333333333
"5958",0.121666666666667
"5959",0.123333333333333
"5960",0.125
"5961",0.123333333333333
"5962",0.123333333333333
"5963",0.123333333333333
"5964",0.123333333333333
"5965",0.123333333333333
"5966",0.123333333333333
"5967",0.123333333333333
"5968",0.123333333333333
"5969",0.123333333333333
"5970",0.123333333333333
"5971",0.123333333333333
"5972",0.123333333333333
"5973",0.123333333333333
"5974",0.123333333333333
"5975",0.123333333333333
"5976",0.123333333333333
"5977",0.123333333333333
"5978",0.123333333333333
"5979",0.123333333333333
"5980",0.123333333333333
"5981",0.125
"5982",0.125
"5983",0.125
"5984",0.125
"5985",0.123333333333333
"5986",0.125
"5987",0.126666666666667
"5988",0.125
"5989",0.125
"5990",0.125
"5991",0.125
"5992",0.125
"5993",0.125
"5994",0.125
"5995",0.125
"5996",0.125
"5997",0.125
"5998",0.125
"5999",0.125
"6000",0.125
"6001",0.125
"6002",0.125
"6003",0.125
"6004",0.125
"6005",0.125
"6006",0.125
"6007",0.125
"6008",0.12
"6009",0.12
"6010",0.12
"6011",0.12
"6012",0.118333333333333
"6013",0.12
"6014",0.121666666666667
"6015",0.12
"6016",0.12
"6017",0.12
"6018",0.12
"6019",0.12
"6020",0.12
"6021",0.12
"6022",0.12
"6023",0.12
"6024",0.12
"6025",0.12
"6026",0.12
"6027",0.12
"6028",0.12
"6029",0.12
"6030",0.12
"6031",0.12
"6032",0.12
"6033",0.12
"6034",0.12
"6035",0.121666666666667
"6036",0.121666666666667
"6037",0.121666666666667
"6038",0.121666666666667
"6039",0.12
"6040",0.121666666666667
"6041",0.123333333333333
"6042",0.121666666666667
"6043",0.121666666666667
"6044",0.121666666666667
"6045",0.121666666666667
"6046",0.121666666666667
"6047",0.121666666666667
"6048",0.121666666666667
"6049",0.121666666666667
"6050",0.121666666666667
"6051",0.121666666666667
"6052",0.121666666666667
"6053",0.121666666666667
"6054",0.121666666666667
"6055",0.121666666666667
"6056",0.121666666666667
"6057",0.121666666666667
"6058",0.121666666666667
"6059",0.121666666666667
"6060",0.121666666666667
"6061",0.121666666666667
"6062",0.12
"6063",0.12
"6064",0.12
"6065",0.12
"6066",0.118333333333333
"6067",0.12
"6068",0.121666666666667
"6069",0.12
"6070",0.12
"6071",0.12
"6072",0.12
"6073",0.12
"6074",0.12
"6075",0.12
"6076",0.12
"6077",0.12
"6078",0.12
"6079",0.12
"6080",0.12
"6081",0.12
"6082",0.12
"6083",0.12
"6084",0.12
"6085",0.12
"6086",0.12
"6087",0.12
"6088",0.12
"6089",0.12
"6090",0.12
"6091",0.12
"6092",0.12
"6093",0.118333333333333
"6094",0.12
"6095",0.121666666666667
"6096",0.12
"6097",0.12
"6098",0.12
"6099",0.12
"6100",0.12
"6101",0.12
"6102",0.12
"6103",0.12
"6104",0.12
"6105",0.12
"6106",0.12
"6107",0.12
"6108",0.12
"6109",0.12
"6110",0.12
"6111",0.12
"6112",0.12
"6113",0.12
"6114",0.12
"6115",0.12
"6116",0.12
"6117",0.12
"6118",0.12
"6119",0.12
"6120",0.118333333333333
"6121",0.12
"6122",0.121666666666667
"6123",0.12
"6124",0.12
"6125",0.12
"6126",0.12
"6127",0.12
"6128",0.12
"6129",0.12
"6130",0.12
"6131",0.12
"6132",0.12
"6133",0.12
"6134",0.12
"6135",0.12
"6136",0.12
"6137",0.12
"6138",0.12
"6139",0.12
"6140",0.12
"6141",0.12
"6142",0.12
"6143",0.121666666666667
"6144",0.121666666666667
"6145",0.121666666666667
"6146",0.121666666666667
"6147",0.12
"6148",0.121666666666667
"6149",0.123333333333333
"6150",0.121666666666667
"6151",0.121666666666667
"6152",0.121666666666667
"6153",0.121666666666667
"6154",0.121666666666667
"6155",0.121666666666667
"6156",0.121666666666667
"6157",0.121666666666667
"6158",0.121666666666667
"6159",0.121666666666667
"6160",0.121666666666667
"6161",0.121666666666667
"6162",0.121666666666667
"6163",0.121666666666667
"6164",0.121666666666667
"6165",0.121666666666667
"6166",0.121666666666667
"6167",0.121666666666667
"6168",0.121666666666667
"6169",0.121666666666667
"6170",0.121666666666667
"6171",0.121666666666667
"6172",0.121666666666667
"6173",0.121666666666667
"6174",0.12
"6175",0.121666666666667
"6176",0.123333333333333
"6177",0.121666666666667
"6178",0.121666666666667
"6179",0.121666666666667
"6180",0.121666666666667
"6181",0.121666666666667
"6182",0.121666666666667
"6183",0.121666666666667
"6184",0.121666666666667
"6185",0.121666666666667
"6186",0.121666666666667
"6187",0.121666666666667
"6188",0.121666666666667
"6189",0.121666666666667
"6190",0.121666666666667
"6191",0.121666666666667
"6192",0.121666666666667
"6193",0.121666666666667
"6194",0.121666666666667
"6195",0.121666666666667
"6196",0.121666666666667
"6197",0.121666666666667
"6198",0.121666666666667
"6199",0.121666666666667
"6200",0.121666666666667
"6201",0.12
"6202",0.121666666666667
"6203",0.123333333333333
"6204",0.121666666666667
"6205",0.121666666666667
"6206",0.121666666666667
"6207",0.121666666666667
"6208",0.121666666666667
"6209",0.121666666666667
"6210",0.121666666666667
"6211",0.121666666666667
"6212",0.121666666666667
"6213",0.121666666666667
"6214",0.121666666666667
"6215",0.121666666666667
"6216",0.121666666666667
"6217",0.121666666666667
"6218",0.121666666666667
"6219",0.121666666666667
"6220",0.121666666666667
"6221",0.121666666666667
"6222",0.121666666666667
"6223",0.121666666666667
"6224",0.121666666666667
"6225",0.121666666666667
"6226",0.121666666666667
"6227",0.121666666666667
"6228",0.12
"6229",0.121666666666667
"6230",0.123333333333333
"6231",0.121666666666667
"6232",0.121666666666667
"6233",0.121666666666667
"6234",0.121666666666667
"6235",0.121666666666667
"6236",0.121666666666667
"6237",0.121666666666667
"6238",0.121666666666667
"6239",0.121666666666667
"6240",0.121666666666667
"6241",0.121666666666667
"6242",0.121666666666667
"6243",0.121666666666667
"6244",0.121666666666667
"6245",0.121666666666667
"6246",0.121666666666667
"6247",0.121666666666667
"6248",0.121666666666667
"6249",0.121666666666667
"6250",0.121666666666667
"6251",0.111666666666667
"6252",0.111666666666667
"6253",0.111666666666667
"6254",0.111666666666667
"6255",0.113333333333333
"6256",0.111666666666667
"6257",0.113333333333333
"6258",0.111666666666667
"6259",0.111666666666667
"6260",0.111666666666667
"6261",0.111666666666667
"6262",0.111666666666667
"6263",0.111666666666667
"6264",0.111666666666667
"6265",0.111666666666667
"6266",0.111666666666667
"6267",0.111666666666667
"6268",0.111666666666667
"6269",0.111666666666667
"6270",0.111666666666667
"6271",0.111666666666667
"6272",0.111666666666667
"6273",0.111666666666667
"6274",0.111666666666667
"6275",0.111666666666667
"6276",0.111666666666667
"6277",0.111666666666667
"6278",0.111666666666667
"6279",0.111666666666667
"6280",0.111666666666667
"6281",0.111666666666667
"6282",0.113333333333333
"6283",0.111666666666667
"6284",0.113333333333333
"6285",0.111666666666667
"6286",0.111666666666667
"6287",0.111666666666667
"6288",0.111666666666667
"6289",0.111666666666667
"6290",0.111666666666667
"6291",0.111666666666667
"6292",0.111666666666667
"6293",0.111666666666667
"6294",0.111666666666667
"6295",0.111666666666667
"6296",0.111666666666667
"6297",0.111666666666667
"6298",0.111666666666667
"6299",0.111666666666667
"6300",0.111666666666667
"6301",0.111666666666667
"6302",0.111666666666667
"6303",0.111666666666667
"6304",0.111666666666667
"6305",0.111666666666667
"6306",0.111666666666667
"6307",0.111666666666667
"6308",0.111666666666667
"6309",0.113333333333333
"6310",0.111666666666667
"6311",0.113333333333333
"6312",0.111666666666667
"6313",0.111666666666667
"6314",0.111666666666667
"6315",0.111666666666667
"6316",0.111666666666667
"6317",0.111666666666667
"6318",0.111666666666667
"6319",0.111666666666667
"6320",0.111666666666667
"6321",0.111666666666667
"6322",0.111666666666667
"6323",0.111666666666667
"6324",0.111666666666667
"6325",0.111666666666667
"6326",0.111666666666667
"6327",0.111666666666667
"6328",0.111666666666667
"6329",0.111666666666667
"6330",0.111666666666667
"6331",0.111666666666667
"6332",0.0733333333333333
"6333",0.0733333333333333
"6334",0.0733333333333333
"6335",0.0733333333333333
"6336",0.075
"6337",0.0733333333333333
"6338",0.075
"6339",0.0733333333333333
"6340",0.0733333333333333
"6341",0.0733333333333333
"6342",0.0733333333333333
"6343",0.0733333333333333
"6344",0.0733333333333333
"6345",0.0733333333333333
"6346",0.0733333333333333
"6347",0.0733333333333333
"6348",0.0733333333333333
"6349",0.0733333333333333
"6350",0.0733333333333333
"6351",0.0733333333333333
"6352",0.0733333333333333
"6353",0.0733333333333333
"6354",0.0733333333333333
"6355",0.0733333333333333
"6356",0.0733333333333333
"6357",0.0733333333333333
"6358",0.0733333333333333
"6359",0.075
"6360",0.075
"6361",0.075
"6362",0.075
"6363",0.0766666666666667
"6364",0.075
"6365",0.0766666666666667
"6366",0.075
"6367",0.075
"6368",0.075
"6369",0.075
"6370",0.075
"6371",0.075
"6372",0.075
"6373",0.075
"6374",0.075
"6375",0.075
"6376",0.075
"6377",0.075
"6378",0.075
"6379",0.075
"6380",0.075
"6381",0.075
"6382",0.075
"6383",0.075
"6384",0.075
"6385",0.075
"6386",0.0733333333333333
"6387",0.0733333333333333
"6388",0.0733333333333333
"6389",0.0733333333333333
"6390",0.0716666666666667
"6391",0.0733333333333333
"6392",0.075
"6393",0.0733333333333333
"6394",0.0733333333333333
"6395",0.0733333333333333
"6396",0.0733333333333333
"6397",0.0733333333333333
"6398",0.0733333333333333
"6399",0.0733333333333333
"6400",0.0733333333333333
"6401",0.0733333333333333
"6402",0.0733333333333333
"6403",0.0733333333333333
"6404",0.0733333333333333
"6405",0.0733333333333333
"6406",0.0733333333333333
"6407",0.0733333333333333
"6408",0.0733333333333333
"6409",0.0733333333333333
"6410",0.0733333333333333
"6411",0.0733333333333333
"6412",0.0733333333333333
"6413",0.105
"6414",0.105
"6415",0.105
"6416",0.105
"6417",0.106666666666667
"6418",0.105
"6419",0.106666666666667
"6420",0.105
"6421",0.105
"6422",0.105
"6423",0.105
"6424",0.105
"6425",0.105
"6426",0.105
"6427",0.105
"6428",0.105
"6429",0.105
"6430",0.105
"6431",0.105
"6432",0.105
"6433",0.105
"6434",0.105
"6435",0.105
"6436",0.105
"6437",0.105
"6438",0.105
"6439",0.105
"6440",0.108333333333333
"6441",0.108333333333333
"6442",0.108333333333333
"6443",0.108333333333333
"6444",0.11
"6445",0.108333333333333
"6446",0.11
"6447",0.108333333333333
"6448",0.108333333333333
"6449",0.108333333333333
"6450",0.108333333333333
"6451",0.108333333333333
"6452",0.108333333333333
"6453",0.108333333333333
"6454",0.108333333333333
"6455",0.108333333333333
"6456",0.108333333333333
"6457",0.108333333333333
"6458",0.108333333333333
"6459",0.108333333333333
"6460",0.108333333333333
"6461",0.108333333333333
"6462",0.108333333333333
"6463",0.108333333333333
"6464",0.108333333333333
"6465",0.108333333333333
"6466",0.108333333333333
"6467",0.105
"6468",0.105
"6469",0.105
"6470",0.105
"6471",0.106666666666667
"6472",0.105
"6473",0.106666666666667
"6474",0.105
"6475",0.105
"6476",0.105
"6477",0.105
"6478",0.105
"6479",0.105
"6480",0.105
"6481",0.105
"6482",0.105
"6483",0.105
"6484",0.105
"6485",0.105
"6486",0.105
"6487",0.105
"6488",0.105
"6489",0.105
"6490",0.105
"6491",0.105
"6492",0.105
"6493",0.105
"6494",0.12
"6495",0.12
"6496",0.12
"6497",0.12
"6498",0.121666666666667
"6499",0.12
"6500",0.121666666666667
"6501",0.12
"6502",0.12
"6503",0.12
"6504",0.12
"6505",0.12
"6506",0.12
"6507",0.12
"6508",0.12
"6509",0.12
"6510",0.12
"6511",0.12
"6512",0.12
"6513",0.12
"6514",0.12
"6515",0.12
"6516",0.12
"6517",0.12
"6518",0.12
"6519",0.12
"6520",0.12
"6521",0.12
"6522",0.12
"6523",0.12
"6524",0.12
"6525",0.121666666666667
"6526",0.12
"6527",0.121666666666667
"6528",0.12
"6529",0.12
"6530",0.12
"6531",0.12
"6532",0.12
"6533",0.12
"6534",0.12
"6535",0.12
"6536",0.12
"6537",0.12
"6538",0.12
"6539",0.12
"6540",0.12
"6541",0.12
"6542",0.12
"6543",0.12
"6544",0.12
"6545",0.12
"6546",0.12
"6547",0.12
"6548",0.141666666666667
"6549",0.141666666666667
"6550",0.141666666666667
"6551",0.141666666666667
"6552",0.143333333333333
"6553",0.141666666666667
"6554",0.143333333333333
"6555",0.141666666666667
"6556",0.141666666666667
"6557",0.141666666666667
"6558",0.141666666666667
"6559",0.141666666666667
"6560",0.141666666666667
"6561",0.141666666666667
"6562",0.141666666666667
"6563",0.141666666666667
"6564",0.141666666666667
"6565",0.141666666666667
"6566",0.141666666666667
"6567",0.141666666666667
"6568",0.141666666666667
"6569",0.141666666666667
"6570",0.141666666666667
"6571",0.141666666666667
"6572",0.141666666666667
"6573",0.141666666666667
"6574",0.141666666666667
"6575",0.14
"6576",0.14
"6577",0.14
"6578",0.14
"6579",0.141666666666667
"6580",0.14
"6581",0.141666666666667
"6582",0.14
"6583",0.14
"6584",0.14
"6585",0.14
"6586",0.14
"6587",0.14
"6588",0.14
"6589",0.14
"6590",0.14
"6591",0.14
"6592",0.14
"6593",0.14
"6594",0.14
"6595",0.14
"6596",0.14
"6597",0.14
"6598",0.14
"6599",0.14
"6600",0.14
"6601",0.14
"6602",0.141666666666667
"6603",0.141666666666667
"6604",0.141666666666667
"6605",0.141666666666667
"6606",0.143333333333333
"6607",0.141666666666667
"6608",0.143333333333333
"6609",0.141666666666667
"6610",0.141666666666667
"6611",0.141666666666667
"6612",0.141666666666667
"6613",0.141666666666667
"6614",0.141666666666667
"6615",0.141666666666667
"6616",0.141666666666667
"6617",0.141666666666667
"6618",0.141666666666667
"6619",0.141666666666667
"6620",0.141666666666667
"6621",0.141666666666667
"6622",0.141666666666667
"6623",0.141666666666667
"6624",0.141666666666667
"6625",0.141666666666667
"6626",0.141666666666667
"6627",0.141666666666667
"6628",0.141666666666667
"6629",0.141666666666667
"6630",0.141666666666667
"6631",0.141666666666667
"6632",0.141666666666667
"6633",0.143333333333333
"6634",0.141666666666667
"6635",0.143333333333333
"6636",0.141666666666667
"6637",0.141666666666667
"6638",0.141666666666667
"6639",0.141666666666667
"6640",0.141666666666667
"6641",0.141666666666667
"6642",0.141666666666667
"6643",0.141666666666667
"6644",0.141666666666667
"6645",0.141666666666667
"6646",0.141666666666667
"6647",0.141666666666667
"6648",0.141666666666667
"6649",0.141666666666667
"6650",0.141666666666667
"6651",0.141666666666667
"6652",0.141666666666667
"6653",0.141666666666667
"6654",0.141666666666667
"6655",0.141666666666667
"6656",0.116666666666667
"6657",0.116666666666667
"6658",0.116666666666667
"6659",0.116666666666667
"6660",0.116666666666667
"6661",0.116666666666667
"6662",0.118333333333333
"6663",0.116666666666667
"6664",0.116666666666667
"6665",0.116666666666667
"6666",0.116666666666667
"6667",0.116666666666667
"6668",0.116666666666667
"6669",0.116666666666667
"6670",0.116666666666667
"6671",0.116666666666667
"6672",0.116666666666667
"6673",0.116666666666667
"6674",0.116666666666667
"6675",0.116666666666667
"6676",0.116666666666667
"6677",0.116666666666667
"6678",0.116666666666667
"6679",0.116666666666667
"6680",0.116666666666667
"6681",0.116666666666667
"6682",0.116666666666667
"6683",0.116666666666667
"6684",0.116666666666667
"6685",0.116666666666667
"6686",0.116666666666667
"6687",0.116666666666667
"6688",0.116666666666667
"6689",0.118333333333333
"6690",0.116666666666667
"6691",0.116666666666667
"6692",0.116666666666667
"6693",0.116666666666667
"6694",0.116666666666667
"6695",0.116666666666667
"6696",0.116666666666667
"6697",0.116666666666667
"6698",0.116666666666667
"6699",0.116666666666667
"6700",0.116666666666667
"6701",0.116666666666667
"6702",0.116666666666667
"6703",0.116666666666667
"6704",0.116666666666667
"6705",0.116666666666667
"6706",0.116666666666667
"6707",0.116666666666667
"6708",0.116666666666667
"6709",0.116666666666667
"6710",0.118333333333333
"6711",0.118333333333333
"6712",0.118333333333333
"6713",0.118333333333333
"6714",0.12
"6715",0.118333333333333
"6716",0.12
"6717",0.118333333333333
"6718",0.118333333333333
"6719",0.118333333333333
"6720",0.118333333333333
"6721",0.118333333333333
"6722",0.118333333333333
"6723",0.118333333333333
"6724",0.118333333333333
"6725",0.118333333333333
"6726",0.118333333333333
"6727",0.118333333333333
"6728",0.118333333333333
"6729",0.118333333333333
"6730",0.118333333333333
"6731",0.118333333333333
"6732",0.118333333333333
"6733",0.118333333333333
"6734",0.118333333333333
"6735",0.118333333333333
"6736",0.118333333333333
"6737",0.123333333333333
"6738",0.123333333333333
"6739",0.123333333333333
"6740",0.123333333333333
"6741",0.125
"6742",0.123333333333333
"6743",0.125
"6744",0.123333333333333
"6745",0.123333333333333
"6746",0.123333333333333
"6747",0.123333333333333
"6748",0.123333333333333
"6749",0.123333333333333
"6750",0.123333333333333
"6751",0.123333333333333
"6752",0.123333333333333
"6753",0.123333333333333
"6754",0.123333333333333
"6755",0.123333333333333
"6756",0.123333333333333
"6757",0.123333333333333
"6758",0.123333333333333
"6759",0.123333333333333
"6760",0.123333333333333
"6761",0.123333333333333
"6762",0.123333333333333
"6763",0.123333333333333
"6764",0.118333333333333
"6765",0.118333333333333
"6766",0.118333333333333
"6767",0.118333333333333
"6768",0.12
"6769",0.118333333333333
"6770",0.12
"6771",0.118333333333333
"6772",0.118333333333333
"6773",0.118333333333333
"6774",0.118333333333333
"6775",0.118333333333333
"6776",0.118333333333333
"6777",0.118333333333333
"6778",0.118333333333333
"6779",0.118333333333333
"6780",0.118333333333333
"6781",0.118333333333333
"6782",0.118333333333333
"6783",0.118333333333333
"6784",0.118333333333333
"6785",0.118333333333333
"6786",0.118333333333333
"6787",0.118333333333333
"6788",0.118333333333333
"6789",0.118333333333333
"6790",0.118333333333333
"6791",0.125
"6792",0.125
"6793",0.125
"6794",0.125
"6795",0.126666666666667
"6796",0.125
"6797",0.126666666666667
"6798",0.125
"6799",0.125
"6800",0.125
"6801",0.125
"6802",0.125
"6803",0.125
"6804",0.125
"6805",0.125
"6806",0.125
"6807",0.125
"6808",0.125
"6809",0.125
"6810",0.125
"6811",0.125
"6812",0.125
"6813",0.125
"6814",0.125
"6815",0.125
"6816",0.125
"6817",0.125
"6818",0.123333333333333
"6819",0.123333333333333
"6820",0.123333333333333
"6821",0.123333333333333
"6822",0.125
"6823",0.123333333333333
"6824",0.125
"6825",0.123333333333333
"6826",0.123333333333333
"6827",0.123333333333333
"6828",0.123333333333333
"6829",0.123333333333333
"6830",0.123333333333333
"6831",0.123333333333333
"6832",0.123333333333333
"6833",0.123333333333333
"6834",0.123333333333333
"6835",0.123333333333333
"6836",0.123333333333333
"6837",0.123333333333333
"6838",0.123333333333333
"6839",0.123333333333333
"6840",0.123333333333333
"6841",0.123333333333333
"6842",0.123333333333333
"6843",0.123333333333333
"6844",0.123333333333333
"6845",0.125
"6846",0.125
"6847",0.125
"6848",0.125
"6849",0.126666666666667
"6850",0.125
"6851",0.126666666666667
"6852",0.125
"6853",0.125
"6854",0.125
"6855",0.125
"6856",0.125
"6857",0.125
"6858",0.125
"6859",0.125
"6860",0.125
"6861",0.125
"6862",0.125
"6863",0.125
"6864",0.125
"6865",0.125
"6866",0.125
"6867",0.125
"6868",0.125
"6869",0.125
"6870",0.125
"6871",0.125
"6872",0.123333333333333
"6873",0.123333333333333
"6874",0.123333333333333
"6875",0.123333333333333
"6876",0.125
"6877",0.123333333333333
"6878",0.125
"6879",0.123333333333333
"6880",0.123333333333333
"6881",0.123333333333333
"6882",0.123333333333333
"6883",0.123333333333333
"6884",0.123333333333333
"6885",0.123333333333333
"6886",0.123333333333333
"6887",0.123333333333333
"6888",0.123333333333333
"6889",0.123333333333333
"6890",0.123333333333333
"6891",0.123333333333333
"6892",0.123333333333333
"6893",0.123333333333333
"6894",0.123333333333333
"6895",0.123333333333333
"6896",0.123333333333333
"6897",0.123333333333333
"6898",0.123333333333333
"6899",0.126666666666667
"6900",0.126666666666667
"6901",0.126666666666667
"6902",0.126666666666667
"6903",0.128333333333333
"6904",0.126666666666667
"6905",0.128333333333333
"6906",0.126666666666667
"6907",0.126666666666667
"6908",0.126666666666667
"6909",0.126666666666667
"6910",0.126666666666667
"6911",0.126666666666667
"6912",0.126666666666667
"6913",0.126666666666667
"6914",0.126666666666667
"6915",0.126666666666667
"6916",0.126666666666667
"6917",0.126666666666667
"6918",0.126666666666667
"6919",0.126666666666667
"6920",0.126666666666667
"6921",0.126666666666667
"6922",0.126666666666667
"6923",0.126666666666667
"6924",0.126666666666667
"6925",0.126666666666667
"6926",0.123333333333333
"6927",0.123333333333333
"6928",0.123333333333333
"6929",0.123333333333333
"6930",0.125
"6931",0.123333333333333
"6932",0.125
"6933",0.123333333333333
"6934",0.123333333333333
"6935",0.123333333333333
"6936",0.123333333333333
"6937",0.123333333333333
"6938",0.123333333333333
"6939",0.123333333333333
"6940",0.123333333333333
"6941",0.123333333333333
"6942",0.123333333333333
"6943",0.123333333333333
"6944",0.123333333333333
"6945",0.123333333333333
"6946",0.123333333333333
"6947",0.123333333333333
"6948",0.123333333333333
"6949",0.123333333333333
"6950",0.123333333333333
"6951",0.123333333333333
"6952",0.123333333333333
"6953",0.12
"6954",0.12
"6955",0.12
"6956",0.12
"6957",0.121666666666667
"6958",0.12
"6959",0.121666666666667
"6960",0.12
"6961",0.12
"6962",0.12
"6963",0.12
"6964",0.12
"6965",0.12
"6966",0.12
"6967",0.12
"6968",0.12
"6969",0.12
"6970",0.12
"6971",0.12
"6972",0.12
"6973",0.12
"6974",0.12
"6975",0.12
"6976",0.12
"6977",0.12
"6978",0.12
"6979",0.12
"6980",0.12
"6981",0.12
"6982",0.12
"6983",0.12
"6984",0.121666666666667
"6985",0.12
"6986",0.121666666666667
"6987",0.12
"6988",0.12
"6989",0.12
"6990",0.12
"6991",0.12
"6992",0.12
"6993",0.12
"6994",0.12
"6995",0.12
"6996",0.12
"6997",0.12
"6998",0.12
"6999",0.12
"7000",0.12
"7001",0.12
"7002",0.12
"7003",0.12
"7004",0.12
"7005",0.12
"7006",0.12
"7007",0.115
"7008",0.115
"7009",0.115
"7010",0.115
"7011",0.116666666666667
"7012",0.115
"7013",0.116666666666667
"7014",0.115
"7015",0.115
"7016",0.115
"7017",0.115
"7018",0.115
"7019",0.115
"7020",0.115
"7021",0.115
"7022",0.115
"7023",0.115
"7024",0.115
"7025",0.115
"7026",0.115
"7027",0.115
"7028",0.115
"7029",0.115
"7030",0.115
"7031",0.115
"7032",0.115
"7033",0.115
"7034",0.115
"7035",0.115
"7036",0.115
"7037",0.115
"7038",0.116666666666667
"7039",0.115
"7040",0.116666666666667
"7041",0.115
"7042",0.115
"7043",0.115
"7044",0.115
"7045",0.115
"7046",0.115
"7047",0.115
"7048",0.115
"7049",0.115
"7050",0.115
"7051",0.115
"7052",0.115
"7053",0.115
"7054",0.115
"7055",0.115
"7056",0.115
"7057",0.115
"7058",0.115
"7059",0.115
"7060",0.115
"7061",0.115
"7062",0.115
"7063",0.115
"7064",0.115
"7065",0.116666666666667
"7066",0.115
"7067",0.116666666666667
"7068",0.115
"7069",0.115
"7070",0.115
"7071",0.115
"7072",0.115
"7073",0.115
"7074",0.115
"7075",0.115
"7076",0.115
"7077",0.115
"7078",0.115
"7079",0.115
"7080",0.115
"7081",0.115
"7082",0.115
"7083",0.115
"7084",0.115
"7085",0.115
"7086",0.115
"7087",0.115
"7088",0.115
"7089",0.115
"7090",0.115
"7091",0.115
"7092",0.116666666666667
"7093",0.115
"7094",0.116666666666667
"7095",0.115
"7096",0.115
"7097",0.115
"7098",0.115
"7099",0.115
"7100",0.115
"7101",0.115
"7102",0.115
"7103",0.115
"7104",0.115
"7105",0.115
"7106",0.115
"7107",0.115
"7108",0.115
"7109",0.115
"7110",0.115
"7111",0.115
"7112",0.115
"7113",0.115
"7114",0.115
"7115",0.115
"7116",0.115
"7117",0.115
"7118",0.115
"7119",0.116666666666667
"7120",0.115
"7121",0.116666666666667
"7122",0.115
"7123",0.115
"7124",0.115
"7125",0.115
"7126",0.115
"7127",0.115
"7128",0.115
"7129",0.115
"7130",0.115
"7131",0.115
"7132",0.115
"7133",0.115
"7134",0.115
"7135",0.115
"7136",0.115
"7137",0.115
"7138",0.115
"7139",0.115
"7140",0.115
"7141",0.115
"7142",0.115
"7143",0.115
"7144",0.115
"7145",0.115
"7146",0.116666666666667
"7147",0.115
"7148",0.116666666666667
"7149",0.115
"7150",0.115
"7151",0.115
"7152",0.115
"7153",0.115
"7154",0.115
"7155",0.115
"7156",0.115
"7157",0.115
"7158",0.115
"7159",0.115
"7160",0.115
"7161",0.115
"7162",0.115
"7163",0.115
"7164",0.115
"7165",0.115
"7166",0.115
"7167",0.115
"7168",0.115
"7169",0.115
"7170",0.115
"7171",0.115
"7172",0.115
"7173",0.116666666666667
"7174",0.115
"7175",0.116666666666667
"7176",0.115
"7177",0.115
"7178",0.115
"7179",0.115
"7180",0.115
"7181",0.115
"7182",0.115
"7183",0.115
"7184",0.115
"7185",0.115
"7186",0.115
"7187",0.115
"7188",0.115
"7189",0.115
"7190",0.115
"7191",0.115
"7192",0.115
"7193",0.115
"7194",0.115
"7195",0.115
"7196",0.115
"7197",0.115
"7198",0.115
"7199",0.115
"7200",0.116666666666667
"7201",0.115
"7202",0.116666666666667
"7203",0.115
"7204",0.115
"7205",0.115
"7206",0.115
"7207",0.115
"7208",0.115
"7209",0.115
"7210",0.115
"7211",0.115
"7212",0.115
"7213",0.115
"7214",0.115
"7215",0.115
"7216",0.115
"7217",0.115
"7218",0.115
"7219",0.115
"7220",0.115
"7221",0.115
"7222",0.115
"7223",0.115
"7224",0.115
"7225",0.115
"7226",0.115
"7227",0.116666666666667
"7228",0.115
"7229",0.116666666666667
"7230",0.115
"7231",0.115
"7232",0.115
"7233",0.115
"7234",0.115
"7235",0.115
"7236",0.115
"7237",0.115
"7238",0.115
"7239",0.115
"7240",0.115
"7241",0.115
"7242",0.115
"7243",0.115
"7244",0.115
"7245",0.115
"7246",0.115
"7247",0.115
"7248",0.115
"7249",0.115
"7250",0.115
"7251",0.115
"7252",0.115
"7253",0.115
"7254",0.116666666666667
"7255",0.115
"7256",0.116666666666667
"7257",0.115
"7258",0.115
"7259",0.115
"7260",0.115
"7261",0.115
"7262",0.115
"7263",0.115
"7264",0.115
"7265",0.115
"7266",0.115
"7267",0.115
"7268",0.115
"7269",0.115
"7270",0.115
"7271",0.115
"7272",0.115
"7273",0.115
"7274",0.115
"7275",0.115
"7276",0.115
"7277",0.115
"7278",0.115
"7279",0.115
"7280",0.115
"7281",0.116666666666667
"7282",0.115
"7283",0.116666666666667
"7284",0.115
"7285",0.115
"7286",0.115
"7287",0.115
"7288",0.115
"7289",0.115
"7290",0.115
"7291",0.115
"7292",0.115
"7293",0.115
"7294",0.115
"7295",0.115
"7296",0.115
"7297",0.115
"7298",0.115
"7299",0.115
"7300",0.115
"7301",0.115
"7302",0.115
"7303",0.115
"7304",0.115
"7305",0.115
"7306",0.115
"7307",0.115
"7308",0.116666666666667
"7309",0.115
"7310",0.116666666666667
"7311",0.115
"7312",0.115
"7313",0.115
"7314",0.115
"7315",0.115
"7316",0.115
"7317",0.115
"7318",0.115
"7319",0.115
"7320",0.115
"7321",0.115
"7322",0.115
"7323",0.115
"7324",0.115
"7325",0.115
"7326",0.115
"7327",0.115
"7328",0.115
"7329",0.115
"7330",0.115
"7331",0.115
"7332",0.115
"7333",0.115
"7334",0.115
"7335",0.116666666666667
"7336",0.115
"7337",0.116666666666667
"7338",0.115
"7339",0.115
"7340",0.115
"7341",0.115
"7342",0.115
"7343",0.115
"7344",0.115
"7345",0.115
"7346",0.115
"7347",0.115
"7348",0.115
"7349",0.115
"7350",0.115
"7351",0.115
"7352",0.115
"7353",0.115
"7354",0.115
"7355",0.115
"7356",0.115
"7357",0.115
"7358",0.116666666666667
"7359",0.116666666666667
"7360",0.116666666666667
"7361",0.116666666666667
"7362",0.118333333333333
"7363",0.116666666666667
"7364",0.118333333333333
"7365",0.116666666666667
"7366",0.116666666666667
"7367",0.116666666666667
"7368",0.116666666666667
"7369",0.116666666666667
"7370",0.116666666666667
"7371",0.116666666666667
"7372",0.116666666666667
"7373",0.116666666666667
"7374",0.116666666666667
"7375",0.116666666666667
"7376",0.116666666666667
"7377",0.116666666666667
"7378",0.116666666666667
"7379",0.116666666666667
"7380",0.116666666666667
"7381",0.116666666666667
"7382",0.116666666666667
"7383",0.116666666666667
"7384",0.116666666666667
"7385",0.115
"7386",0.115
"7387",0.115
"7388",0.115
"7389",0.116666666666667
"7390",0.115
"7391",0.116666666666667
"7392",0.115
"7393",0.115
"7394",0.115
"7395",0.115
"7396",0.115
"7397",0.115
"7398",0.115
"7399",0.115
"7400",0.115
"7401",0.115
"7402",0.115
"7403",0.115
"7404",0.115
"7405",0.115
"7406",0.115
"7407",0.115
"7408",0.115
"7409",0.115
"7410",0.115
"7411",0.115
"7412",0.113333333333333
"7413",0.113333333333333
"7414",0.113333333333333
"7415",0.113333333333333
"7416",0.115
"7417",0.113333333333333
"7418",0.115
"7419",0.113333333333333
"7420",0.113333333333333
"7421",0.113333333333333
"7422",0.113333333333333
"7423",0.113333333333333
"7424",0.113333333333333
"7425",0.113333333333333
"7426",0.113333333333333
"7427",0.113333333333333
"7428",0.113333333333333
"7429",0.113333333333333
"7430",0.113333333333333
"7431",0.113333333333333
"7432",0.113333333333333
"7433",0.113333333333333
"7434",0.113333333333333
"7435",0.113333333333333
"7436",0.113333333333333
"7437",0.113333333333333
"7438",0.113333333333333
"7439",0.115
"7440",0.115
"7441",0.115
"7442",0.115
"7443",0.116666666666667
"7444",0.115
"7445",0.116666666666667
"7446",0.115
"7447",0.115
"7448",0.115
"7449",0.115
"7450",0.115
"7451",0.115
"7452",0.115
"7453",0.115
"7454",0.115
"7455",0.115
"7456",0.115
"7457",0.115
"7458",0.115
"7459",0.115
"7460",0.115
"7461",0.115
"7462",0.115
"7463",0.115
"7464",0.115
"7465",0.115
"7466",0.113333333333333
"7467",0.113333333333333
"7468",0.113333333333333
"7469",0.113333333333333
"7470",0.115
"7471",0.113333333333333
"7472",0.115
"7473",0.113333333333333
"7474",0.113333333333333
"7475",0.113333333333333
"7476",0.113333333333333
"7477",0.113333333333333
"7478",0.113333333333333
"7479",0.113333333333333
"7480",0.113333333333333
"7481",0.113333333333333
"7482",0.113333333333333
"7483",0.113333333333333
"7484",0.113333333333333
"7485",0.113333333333333
"7486",0.113333333333333
"7487",0.113333333333333
"7488",0.113333333333333
"7489",0.113333333333333
"7490",0.113333333333333
"7491",0.113333333333333
"7492",0.113333333333333
"7493",0.115
"7494",0.115
"7495",0.115
"7496",0.115
"7497",0.116666666666667
"7498",0.115
"7499",0.116666666666667
"7500",0.115
"7501",0.115
"7502",0.115
"7503",0.115
"7504",0.115
"7505",0.115
"7506",0.115
"7507",0.115
"7508",0.115
"7509",0.115
"7510",0.115
"7511",0.115
"7512",0.115
"7513",0.115
"7514",0.115
"7515",0.115
"7516",0.115
"7517",0.115
"7518",0.115
"7519",0.115
"7520",0.115
"7521",0.115
"7522",0.115
"7523",0.115
"7524",0.116666666666667
"7525",0.115
"7526",0.116666666666667
"7527",0.115
"7528",0.115
"7529",0.115
"7530",0.115
"7531",0.115
"7532",0.115
"7533",0.115
"7534",0.115
"7535",0.115
"7536",0.115
"7537",0.115
"7538",0.115
"7539",0.115
"7540",0.115
"7541",0.115
"7542",0.115
"7543",0.115
"7544",0.115
"7545",0.115
"7546",0.115
"7547",0.115
"7548",0.115
"7549",0.115
"7550",0.115
"7551",0.116666666666667
"7552",0.115
"7553",0.116666666666667
"7554",0.115
"7555",0.115
"7556",0.115
"7557",0.115
"7558",0.115
"7559",0.115
"7560",0.115
"7561",0.115
"7562",0.115
"7563",0.115
"7564",0.115
"7565",0.115
"7566",0.115
"7567",0.115
"7568",0.115
"7569",0.115
"7570",0.115
"7571",0.115
"7572",0.115
"7573",0.115
"7574",0.116666666666667
"7575",0.116666666666667
"7576",0.116666666666667
"7577",0.116666666666667
"7578",0.118333333333333
"7579",0.116666666666667
"7580",0.118333333333333
"7581",0.116666666666667
"7582",0.116666666666667
"7583",0.116666666666667
"7584",0.116666666666667
"7585",0.116666666666667
"7586",0.116666666666667
"7587",0.116666666666667
"7588",0.116666666666667
"7589",0.116666666666667
"7590",0.116666666666667
"7591",0.116666666666667
"7592",0.116666666666667
"7593",0.116666666666667
"7594",0.116666666666667
"7595",0.116666666666667
"7596",0.116666666666667
"7597",0.116666666666667
"7598",0.116666666666667
"7599",0.116666666666667
"7600",0.116666666666667
"7601",0.115
"7602",0.115
"7603",0.115
"7604",0.115
"7605",0.116666666666667
"7606",0.115
"7607",0.116666666666667
"7608",0.115
"7609",0.115
"7610",0.115
"7611",0.115
"7612",0.115
"7613",0.115
"7614",0.115
"7615",0.115
"7616",0.115
"7617",0.115
"7618",0.115
"7619",0.115
"7620",0.115
"7621",0.115
"7622",0.115
"7623",0.115
"7624",0.115
"7625",0.115
"7626",0.115
"7627",0.115
"7628",0.115
"7629",0.115
"7630",0.115
"7631",0.115
"7632",0.116666666666667
"7633",0.115
"7634",0.116666666666667
"7635",0.115
"7636",0.115
"7637",0.115
"7638",0.115
"7639",0.115
"7640",0.115
"7641",0.115
"7642",0.115
"7643",0.115
"7644",0.115
"7645",0.115
"7646",0.115
"7647",0.115
"7648",0.115
"7649",0.115
"7650",0.115
"7651",0.115
"7652",0.115
"7653",0.115
"7654",0.115
"7655",0.115
"7656",0.115
"7657",0.115
"7658",0.115
"7659",0.116666666666667
"7660",0.115
"7661",0.116666666666667
"7662",0.115
"7663",0.115
"7664",0.115
"7665",0.115
"7666",0.115
"7667",0.115
"7668",0.115
"7669",0.115
"7670",0.115
"7671",0.115
"7672",0.115
"7673",0.115
"7674",0.115
"7675",0.115
"7676",0.115
"7677",0.115
"7678",0.115
"7679",0.115
"7680",0.115
"7681",0.115
"7682",0.115
"7683",0.115
"7684",0.115
"7685",0.115
"7686",0.116666666666667
"7687",0.115
"7688",0.116666666666667
"7689",0.115
"7690",0.115
"7691",0.115
"7692",0.115
"7693",0.115
"7694",0.115
"7695",0.115
"7696",0.115
"7697",0.115
"7698",0.115
"7699",0.115
"7700",0.115
"7701",0.115
"7702",0.115
"7703",0.115
"7704",0.115
"7705",0.115
"7706",0.115
"7707",0.115
"7708",0.115
"7709",0.116666666666667
"7710",0.116666666666667
"7711",0.116666666666667
"7712",0.116666666666667
"7713",0.118333333333333
"7714",0.116666666666667
"7715",0.118333333333333
"7716",0.116666666666667
"7717",0.116666666666667
"7718",0.116666666666667
"7719",0.116666666666667
"7720",0.116666666666667
"7721",0.116666666666667
"7722",0.116666666666667
"7723",0.116666666666667
"7724",0.116666666666667
"7725",0.116666666666667
"7726",0.116666666666667
"7727",0.116666666666667
"7728",0.116666666666667
"7729",0.116666666666667
"7730",0.116666666666667
"7731",0.116666666666667
"7732",0.116666666666667
"7733",0.116666666666667
"7734",0.116666666666667
"7735",0.116666666666667
"7736",0.113333333333333
"7737",0.113333333333333
"7738",0.113333333333333
"7739",0.113333333333333
"7740",0.115
"7741",0.113333333333333
"7742",0.115
"7743",0.113333333333333
"7744",0.113333333333333
"7745",0.113333333333333
"7746",0.113333333333333
"7747",0.113333333333333
"7748",0.113333333333333
"7749",0.113333333333333
"7750",0.113333333333333
"7751",0.113333333333333
"7752",0.113333333333333
"7753",0.113333333333333
"7754",0.113333333333333
"7755",0.113333333333333
"7756",0.113333333333333
"7757",0.113333333333333
"7758",0.113333333333333
"7759",0.113333333333333
"7760",0.113333333333333
"7761",0.113333333333333
"7762",0.113333333333333
"7763",0.115
"7764",0.115
"7765",0.115
"7766",0.115
"7767",0.116666666666667
"7768",0.115
"7769",0.116666666666667
"7770",0.115
"7771",0.115
"7772",0.115
"7773",0.115
"7774",0.115
"7775",0.115
"7776",0.115
"7777",0.115
"7778",0.115
"7779",0.115
"7780",0.115
"7781",0.115
"7782",0.115
"7783",0.115
"7784",0.115
"7785",0.115
"7786",0.115
"7787",0.115
"7788",0.115
"7789",0.115
"7790",0.116666666666667
"7791",0.116666666666667
"7792",0.116666666666667
"7793",0.116666666666667
"7794",0.118333333333333
"7795",0.116666666666667
"7796",0.118333333333333
"7797",0.116666666666667
"7798",0.116666666666667
"7799",0.116666666666667
"7800",0.116666666666667
"7801",0.116666666666667
"7802",0.116666666666667
"7803",0.116666666666667
"7804",0.116666666666667
"7805",0.116666666666667
"7806",0.116666666666667
"7807",0.116666666666667
"7808",0.116666666666667
"7809",0.116666666666667
"7810",0.116666666666667
"7811",0.116666666666667
"7812",0.116666666666667
"7813",0.116666666666667
"7814",0.116666666666667
"7815",0.116666666666667
"7816",0.116666666666667
"7817",0.113333333333333
"7818",0.113333333333333
"7819",0.113333333333333
"7820",0.113333333333333
"7821",0.115
"7822",0.113333333333333
"7823",0.115
"7824",0.113333333333333
"7825",0.113333333333333
"7826",0.113333333333333
"7827",0.113333333333333
"7828",0.113333333333333
"7829",0.113333333333333
"7830",0.113333333333333
"7831",0.113333333333333
"7832",0.113333333333333
"7833",0.113333333333333
"7834",0.113333333333333
"7835",0.113333333333333
"7836",0.113333333333333
"7837",0.113333333333333
"7838",0.113333333333333
"7839",0.113333333333333
"7840",0.113333333333333
"7841",0.113333333333333
"7842",0.113333333333333
"7843",0.113333333333333
"7844",0.115
"7845",0.115
"7846",0.115
"7847",0.115
"7848",0.116666666666667
"7849",0.115
"7850",0.116666666666667
"7851",0.115
"7852",0.115
"7853",0.115
"7854",0.115
"7855",0.115
"7856",0.115
"7857",0.115
"7858",0.115
"7859",0.115
"7860",0.115
"7861",0.115
"7862",0.115
"7863",0.115
"7864",0.115
"7865",0.115
"7866",0.115
"7867",0.115
"7868",0.115
"7869",0.115
"7870",0.115
"7871",0.115
"7872",0.115
"7873",0.115
"7874",0.115
"7875",0.116666666666667
"7876",0.115
"7877",0.116666666666667
"7878",0.115
"7879",0.115
"7880",0.115
"7881",0.115
"7882",0.115
"7883",0.115
"7884",0.115
"7885",0.115
"7886",0.115
"7887",0.115
"7888",0.115
"7889",0.115
"7890",0.115
"7891",0.115
"7892",0.115
"7893",0.115
"7894",0.115
"7895",0.115
"7896",0.115
"7897",0.115
"7898",0.116666666666667
"7899",0.116666666666667
"7900",0.116666666666667
"7901",0.116666666666667
"7902",0.118333333333333
"7903",0.116666666666667
"7904",0.118333333333333
"7905",0.116666666666667
"7906",0.116666666666667
"7907",0.116666666666667
"7908",0.116666666666667
"7909",0.116666666666667
"7910",0.116666666666667
"7911",0.116666666666667
"7912",0.116666666666667
"7913",0.116666666666667
"7914",0.116666666666667
"7915",0.116666666666667
"7916",0.116666666666667
"7917",0.116666666666667
"7918",0.116666666666667
"7919",0.116666666666667
"7920",0.116666666666667
"7921",0.116666666666667
"7922",0.116666666666667
"7923",0.116666666666667
"7924",0.116666666666667
"7925",0.115
"7926",0.115
"7927",0.115
"7928",0.115
"7929",0.116666666666667
"7930",0.115
"7931",0.116666666666667
"7932",0.115
"7933",0.115
"7934",0.115
"7935",0.115
"7936",0.115
"7937",0.115
"7938",0.115
"7939",0.115
"7940",0.115
"7941",0.115
"7942",0.115
"7943",0.115
"7944",0.115
"7945",0.115
"7946",0.115
"7947",0.115
"7948",0.115
"7949",0.115
"7950",0.115
"7951",0.115
"7952",0.115
"7953",0.115
"7954",0.115
"7955",0.115
"7956",0.116666666666667
"7957",0.115
"7958",0.116666666666667
"7959",0.115
"7960",0.115
"7961",0.115
"7962",0.115
"7963",0.115
"7964",0.115
"7965",0.115
"7966",0.115
"7967",0.115
"7968",0.115
"7969",0.115
"7970",0.115
"7971",0.115
"7972",0.115
"7973",0.115
"7974",0.115
"7975",0.115
"7976",0.115
"7977",0.115
"7978",0.115
"7979",0.113333333333333
"7980",0.113333333333333
"7981",0.113333333333333
"7982",0.113333333333333
"7983",0.115
"7984",0.113333333333333
"7985",0.115
"7986",0.113333333333333
"7987",0.113333333333333
"7988",0.113333333333333
"7989",0.113333333333333
"7990",0.113333333333333
"7991",0.113333333333333
"7992",0.113333333333333
"7993",0.113333333333333
"7994",0.113333333333333
"7995",0.113333333333333
"7996",0.113333333333333
"7997",0.113333333333333
"7998",0.113333333333333
"7999",0.113333333333333
"8000",0.113333333333333
"8001",0.113333333333333
"8002",0.113333333333333
"8003",0.113333333333333
"8004",0.113333333333333
"8005",0.113333333333333
"8006",0.115
"8007",0.115
"8008",0.115
"8009",0.115
"8010",0.116666666666667
"8011",0.115
"8012",0.116666666666667
"8013",0.115
"8014",0.115
"8015",0.115
"8016",0.115
"8017",0.115
"8018",0.115
"8019",0.115
"8020",0.115
"8021",0.115
"8022",0.115
"8023",0.115
"8024",0.115
"8025",0.115
"8026",0.115
"8027",0.115
"8028",0.115
"8029",0.115
"8030",0.115
"8031",0.115
"8032",0.115
"8033",0.115
"8034",0.115
"8035",0.115
"8036",0.115
"8037",0.116666666666667
"8038",0.115
"8039",0.116666666666667
"8040",0.115
"8041",0.115
"8042",0.115
"8043",0.115
"8044",0.115
"8045",0.115
"8046",0.115
"8047",0.115
"8048",0.115
"8049",0.115
"8050",0.115
"8051",0.115
"8052",0.115
"8053",0.115
"8054",0.115
"8055",0.115
"8056",0.115
"8057",0.115
"8058",0.115
"8059",0.115
"8060",0.115
"8061",0.115
"8062",0.115
"8063",0.115
"8064",0.116666666666667
"8065",0.115
"8066",0.116666666666667
"8067",0.115
"8068",0.115
"8069",0.115
"8070",0.115
"8071",0.115
"8072",0.115
"8073",0.115
"8074",0.115
"8075",0.115
"8076",0.115
"8077",0.115
"8078",0.115
"8079",0.115
"8080",0.115
"8081",0.115
"8082",0.115
"8083",0.115
"8084",0.115
"8085",0.115
"8086",0.115
"8087",0.115
"8088",0.115
"8089",0.115
"8090",0.115
"8091",0.116666666666667
"8092",0.115
"8093",0.116666666666667
"8094",0.115
"8095",0.115
"8096",0.115
"8097",0.115
"8098",0.115
"8099",0.115
"8100",0.115
"8101",0.115
"8102",0.115
"8103",0.115
"8104",0.115
"8105",0.115
"8106",0.115
"8107",0.115
"8108",0.115
"8109",0.115
"8110",0.115
"8111",0.115
"8112",0.115
"8113",0.115
"8114",0.115
"8115",0.115
"8116",0.115
"8117",0.115
"8118",0.116666666666667
"8119",0.115
"8120",0.116666666666667
"8121",0.115
"8122",0.115
"8123",0.115
"8124",0.115
"8125",0.115
"8126",0.115
"8127",0.115
"8128",0.115
"8129",0.115
"8130",0.115
"8131",0.115
"8132",0.115
"8133",0.115
"8134",0.115
"8135",0.115
"8136",0.115
"8137",0.115
"8138",0.115
"8139",0.115
"8140",0.115
"8141",0.113333333333333
"8142",0.113333333333333
"8143",0.113333333333333
"8144",0.113333333333333
"8145",0.115
"8146",0.113333333333333
"8147",0.115
"8148",0.113333333333333
"8149",0.113333333333333
"8150",0.113333333333333
"8151",0.113333333333333
"8152",0.113333333333333
"8153",0.113333333333333
"8154",0.113333333333333
"8155",0.113333333333333
"8156",0.113333333333333
"8157",0.113333333333333
"8158",0.113333333333333
"8159",0.113333333333333
"8160",0.113333333333333
"8161",0.113333333333333
"8162",0.113333333333333
"8163",0.113333333333333
"8164",0.113333333333333
"8165",0.113333333333333
"8166",0.113333333333333
"8167",0.113333333333333
"8168",0.113333333333333
"8169",0.113333333333333
"8170",0.113333333333333
"8171",0.113333333333333
"8172",0.115
"8173",0.113333333333333
"8174",0.115
"8175",0.113333333333333
"8176",0.113333333333333
"8177",0.113333333333333
"8178",0.113333333333333
"8179",0.113333333333333
"8180",0.113333333333333
"8181",0.113333333333333
"8182",0.113333333333333
"8183",0.113333333333333
"8184",0.113333333333333
"8185",0.113333333333333
"8186",0.113333333333333
"8187",0.113333333333333
"8188",0.113333333333333
"8189",0.113333333333333
"8190",0.113333333333333
"8191",0.113333333333333
"8192",0.113333333333333
"8193",0.113333333333333
"8194",0.113333333333333
"8195",0.115
"8196",0.115
"8197",0.115
"8198",0.115
"8199",0.116666666666667
"8200",0.115
"8201",0.116666666666667
"8202",0.115
"8203",0.115
"8204",0.115
"8205",0.115
"8206",0.115
"8207",0.115
"8208",0.115
"8209",0.115
"8210",0.115
"8211",0.115
"8212",0.115
"8213",0.115
"8214",0.115
"8215",0.115
"8216",0.115
"8217",0.115
"8218",0.115
"8219",0.115
"8220",0.115
"8221",0.115
"8222",0.116666666666667
"8223",0.116666666666667
"8224",0.116666666666667
"8225",0.116666666666667
"8226",0.118333333333333
"8227",0.116666666666667
"8228",0.118333333333333
"8229",0.116666666666667
"8230",0.116666666666667
"8231",0.116666666666667
"8232",0.116666666666667
"8233",0.116666666666667
"8234",0.116666666666667
"8235",0.116666666666667
"8236",0.116666666666667
"8237",0.116666666666667
"8238",0.116666666666667
"8239",0.116666666666667
"8240",0.116666666666667
"8241",0.116666666666667
"8242",0.116666666666667
"8243",0.116666666666667
"8244",0.116666666666667
"8245",0.116666666666667
"8246",0.116666666666667
"8247",0.116666666666667
"8248",0.116666666666667
"8249",0.113333333333333
"8250",0.113333333333333
"8251",0.113333333333333
"8252",0.113333333333333
"8253",0.115
"8254",0.113333333333333
"8255",0.115
"8256",0.113333333333333
"8257",0.113333333333333
"8258",0.113333333333333
"8259",0.113333333333333
"8260",0.113333333333333
"8261",0.113333333333333
"8262",0.113333333333333
"8263",0.113333333333333
"8264",0.113333333333333
"8265",0.113333333333333
"8266",0.113333333333333
"8267",0.113333333333333
"8268",0.113333333333333
"8269",0.113333333333333
"8270",0.113333333333333
"8271",0.113333333333333
"8272",0.113333333333333
"8273",0.113333333333333
"8274",0.113333333333333
"8275",0.113333333333333
"8276",0.115
"8277",0.115
"8278",0.115
"8279",0.115
"8280",0.116666666666667
"8281",0.115
"8282",0.116666666666667
"8283",0.115
"8284",0.115
"8285",0.115
"8286",0.115
"8287",0.115
"8288",0.115
"8289",0.115
"8290",0.115
"8291",0.115
"8292",0.115
"8293",0.115
"8294",0.115
"8295",0.115
"8296",0.115
"8297",0.115
"8298",0.115
"8299",0.115
"8300",0.115
"8301",0.115
"8302",0.115
"8303",0.113333333333333
"8304",0.113333333333333
"8305",0.113333333333333
"8306",0.113333333333333
"8307",0.115
"8308",0.113333333333333
"8309",0.115
"8310",0.113333333333333
"8311",0.113333333333333
"8312",0.113333333333333
"8313",0.113333333333333
"8314",0.113333333333333
"8315",0.113333333333333
"8316",0.113333333333333
"8317",0.113333333333333
"8318",0.113333333333333
"8319",0.113333333333333
"8320",0.113333333333333
"8321",0.113333333333333
"8322",0.113333333333333
"8323",0.113333333333333
"8324",0.113333333333333
"8325",0.113333333333333
"8326",0.113333333333333
"8327",0.113333333333333
"8328",0.113333333333333
"8329",0.113333333333333
"8330",0.115
"8331",0.115
"8332",0.115
"8333",0.115
"8334",0.116666666666667
"8335",0.115
"8336",0.116666666666667
"8337",0.115
"8338",0.115
"8339",0.115
"8340",0.115
"8341",0.115
"8342",0.115
"8343",0.115
"8344",0.115
"8345",0.115
"8346",0.115
"8347",0.115
"8348",0.115
"8349",0.115
"8350",0.115
"8351",0.115
"8352",0.115
"8353",0.115
"8354",0.115
"8355",0.115
"8356",0.115
"8357",0.115
"8358",0.115
"8359",0.115
"8360",0.115
"8361",0.116666666666667
"8362",0.115
"8363",0.116666666666667
"8364",0.115
"8365",0.115
"8366",0.115
"8367",0.115
"8368",0.115
"8369",0.115
"8370",0.115
"8371",0.115
"8372",0.115
"8373",0.115
"8374",0.115
"8375",0.115
"8376",0.115
"8377",0.115
"8378",0.115
"8379",0.115
"8380",0.115
"8381",0.115
"8382",0.115
"8383",0.115
"8384",0.115
"8385",0.115
"8386",0.115
"8387",0.115
"8388",0.116666666666667
"8389",0.115
"8390",0.116666666666667
"8391",0.115
"8392",0.115
"8393",0.115
"8394",0.115
"8395",0.115
"8396",0.115
"8397",0.115
"8398",0.115
"8399",0.115
"8400",0.115
"8401",0.115
"8402",0.115
"8403",0.115
"8404",0.115
"8405",0.115
"8406",0.115
"8407",0.115
"8408",0.115
"8409",0.115
"8410",0.115
"8411",0.115
"8412",0.115
"8413",0.115
"8414",0.115
"8415",0.116666666666667
"8416",0.115
"8417",0.116666666666667
"8418",0.115
"8419",0.115
"8420",0.115
"8421",0.115
"8422",0.115
"8423",0.115
"8424",0.115
"8425",0.115
"8426",0.115
"8427",0.115
"8428",0.115
"8429",0.115
"8430",0.115
"8431",0.115
"8432",0.115
"8433",0.115
"8434",0.115
"8435",0.115
"8436",0.115
"8437",0.115
"8438",0.115
"8439",0.115
"8440",0.115
"8441",0.115
"8442",0.116666666666667
"8443",0.115
"8444",0.116666666666667
"8445",0.115
"8446",0.115
"8447",0.115
"8448",0.115
"8449",0.115
"8450",0.115
"8451",0.115
"8452",0.115
"8453",0.115
"8454",0.115
"8455",0.115
"8456",0.115
"8457",0.115
"8458",0.115
"8459",0.115
"8460",0.115
"8461",0.115
"8462",0.115
"8463",0.115
"8464",0.115
"8465",0.116666666666667
"8466",0.116666666666667
"8467",0.116666666666667
"8468",0.116666666666667
"8469",0.118333333333333
"8470",0.116666666666667
"8471",0.118333333333333
"8472",0.116666666666667
"8473",0.116666666666667
"8474",0.116666666666667
"8475",0.116666666666667
"8476",0.116666666666667
"8477",0.116666666666667
"8478",0.116666666666667
"8479",0.116666666666667
"8480",0.116666666666667
"8481",0.116666666666667
"8482",0.116666666666667
"8483",0.116666666666667
"8484",0.116666666666667
"8485",0.116666666666667
"8486",0.116666666666667
"8487",0.116666666666667
"8488",0.116666666666667
"8489",0.116666666666667
"8490",0.116666666666667
"8491",0.116666666666667
"8492",0.116666666666667
"8493",0.116666666666667
"8494",0.116666666666667
"8495",0.116666666666667
"8496",0.118333333333333
"8497",0.116666666666667
"8498",0.118333333333333
"8499",0.116666666666667
"8500",0.116666666666667
"8501",0.116666666666667
"8502",0.116666666666667
"8503",0.116666666666667
"8504",0.116666666666667
"8505",0.116666666666667
"8506",0.116666666666667
"8507",0.116666666666667
"8508",0.116666666666667
"8509",0.116666666666667
"8510",0.116666666666667
"8511",0.116666666666667
"8512",0.116666666666667
"8513",0.116666666666667
"8514",0.116666666666667
"8515",0.116666666666667
"8516",0.116666666666667
"8517",0.116666666666667
"8518",0.116666666666667
"8519",0.113333333333333
"8520",0.113333333333333
"8521",0.113333333333333
"8522",0.113333333333333
"8523",0.115
"8524",0.113333333333333
"8525",0.115
"8526",0.113333333333333
"8527",0.113333333333333
"8528",0.113333333333333
"8529",0.113333333333333
"8530",0.113333333333333
"8531",0.113333333333333
"8532",0.113333333333333
"8533",0.113333333333333
"8534",0.113333333333333
"8535",0.113333333333333
"8536",0.113333333333333
"8537",0.113333333333333
"8538",0.113333333333333
"8539",0.113333333333333
"8540",0.113333333333333
"8541",0.113333333333333
"8542",0.113333333333333
"8543",0.113333333333333
"8544",0.113333333333333
"8545",0.113333333333333
"8546",0.115
"8547",0.115
"8548",0.115
"8549",0.115
"8550",0.116666666666667
"8551",0.115
"8552",0.116666666666667
"8553",0.115
"8554",0.115
"8555",0.115
"8556",0.115
"8557",0.115
"8558",0.115
"8559",0.115
"8560",0.115
"8561",0.115
"8562",0.115
"8563",0.115
"8564",0.115
"8565",0.115
"8566",0.115
"8567",0.115
"8568",0.115
"8569",0.115
"8570",0.115
"8571",0.115
"8572",0.115
"8573",0.115
"8574",0.115
"8575",0.115
"8576",0.115
"8577",0.116666666666667
"8578",0.115
"8579",0.116666666666667
"8580",0.115
"8581",0.115
"8582",0.115
"8583",0.115
"8584",0.115
"8585",0.115
"8586",0.115
"8587",0.115
"8588",0.115
"8589",0.115
"8590",0.115
"8591",0.115
"8592",0.115
"8593",0.115
"8594",0.115
"8595",0.115
"8596",0.115
"8597",0.115
"8598",0.115
"8599",0.115
"8600",0.116666666666667
"8601",0.116666666666667
"8602",0.116666666666667
"8603",0.116666666666667
"8604",0.118333333333333
"8605",0.116666666666667
"8606",0.118333333333333
"8607",0.116666666666667
"8608",0.116666666666667
"8609",0.116666666666667
"8610",0.116666666666667
"8611",0.116666666666667
"8612",0.116666666666667
"8613",0.116666666666667
"8614",0.116666666666667
"8615",0.116666666666667
"8616",0.116666666666667
"8617",0.116666666666667
"8618",0.116666666666667
"8619",0.116666666666667
"8620",0.116666666666667
"8621",0.116666666666667
"8622",0.116666666666667
"8623",0.116666666666667
"8624",0.116666666666667
"8625",0.116666666666667
"8626",0.116666666666667
"8627",0.115
"8628",0.115
"8629",0.115
"8630",0.115
"8631",0.116666666666667
"8632",0.115
"8633",0.116666666666667
"8634",0.115
"8635",0.115
"8636",0.115
"8637",0.115
"8638",0.115
"8639",0.115
"8640",0.115
"8641",0.115
"8642",0.115
"8643",0.115
"8644",0.115
"8645",0.115
"8646",0.115
"8647",0.115
"8648",0.115
"8649",0.115
"8650",0.115
"8651",0.115
"8652",0.115
"8653",0.115
"8654",0.115
"8655",0.115
"8656",0.115
"8657",0.115
"8658",0.116666666666667
"8659",0.115
"8660",0.116666666666667
"8661",0.115
"8662",0.115
"8663",0.115
"8664",0.115
"8665",0.115
"8666",0.115
"8667",0.115
"8668",0.115
"8669",0.115
"8670",0.115
"8671",0.115
"8672",0.115
"8673",0.115
"8674",0.115
"8675",0.115
"8676",0.115
"8677",0.115
"8678",0.115
"8679",0.115
"8680",0.115
"8681",0.113333333333333
"8682",0.113333333333333
"8683",0.113333333333333
"8684",0.113333333333333
"8685",0.115
"8686",0.113333333333333
"8687",0.115
"8688",0.113333333333333
"8689",0.113333333333333
"8690",0.113333333333333
"8691",0.113333333333333
"8692",0.113333333333333
"8693",0.113333333333333
"8694",0.113333333333333
"8695",0.113333333333333
"8696",0.113333333333333
"8697",0.113333333333333
"8698",0.113333333333333
"8699",0.113333333333333
"8700",0.113333333333333
"8701",0.113333333333333
"8702",0.113333333333333
"8703",0.113333333333333
"8704",0.113333333333333
"8705",0.113333333333333
"8706",0.113333333333333
"8707",0.113333333333333
"8708",0.113333333333333
"8709",0.113333333333333
"8710",0.113333333333333
"8711",0.113333333333333
"8712",0.115
"8713",0.113333333333333
"8714",0.115
"8715",0.113333333333333
"8716",0.113333333333333
"8717",0.113333333333333
"8718",0.113333333333333
"8719",0.113333333333333
"8720",0.113333333333333
"8721",0.113333333333333
"8722",0.113333333333333
"8723",0.113333333333333
"8724",0.113333333333333
"8725",0.113333333333333
"8726",0.113333333333333
"8727",0.113333333333333
"8728",0.113333333333333
"8729",0.113333333333333
"8730",0.113333333333333
"8731",0.113333333333333
"8732",0.113333333333333
"8733",0.113333333333333
"8734",0.113333333333333
"8735",0.115
"8736",0.115
"8737",0.115
"8738",0.115
"8739",0.116666666666667
"8740",0.115
"8741",0.116666666666667
"8742",0.115
"8743",0.115
"8744",0.115
"8745",0.115
"8746",0.115
"8747",0.115
"8748",0.115
"8749",0.115
"8750",0.115
"8751",0.115
"8752",0.115
"8753",0.115
"8754",0.115
"8755",0.115
"8756",0.115
"8757",0.115
"8758",0.115
"8759",0.115
"8760",0.115
"8761",0.115
"8762",0.116666666666667
"8763",0.116666666666667
"8764",0.116666666666667
"8765",0.116666666666667
"8766",0.118333333333333
"8767",0.116666666666667
"8768",0.118333333333333
"8769",0.116666666666667
"8770",0.116666666666667
"8771",0.116666666666667
"8772",0.116666666666667
"8773",0.116666666666667
"8774",0.116666666666667
"8775",0.116666666666667
"8776",0.116666666666667
"8777",0.116666666666667
"8778",0.116666666666667
"8779",0.116666666666667
"8780",0.116666666666667
"8781",0.116666666666667
"8782",0.116666666666667
"8783",0.116666666666667
"8784",0.116666666666667
"8785",0.116666666666667
"8786",0.116666666666667
"8787",0.116666666666667
"8788",0.116666666666667
"8789",0.115
"8790",0.115
"8791",0.115
"8792",0.115
"8793",0.116666666666667
"8794",0.115
"8795",0.116666666666667
"8796",0.115
"8797",0.115
"8798",0.115
"8799",0.115
"8800",0.115
"8801",0.115
"8802",0.115
"8803",0.115
"8804",0.115
"8805",0.115
"8806",0.115
"8807",0.115
"8808",0.115
"8809",0.115
"8810",0.115
"8811",0.115
"8812",0.115
"8813",0.115
"8814",0.115
"8815",0.115
"8816",0.115
"8817",0.115
"8818",0.115
"8819",0.115
"8820",0.116666666666667
"8821",0.115
"8822",0.116666666666667
"8823",0.115
"8824",0.115
"8825",0.115
"8826",0.115
"8827",0.115
"8828",0.115
"8829",0.115
"8830",0.115
"8831",0.115
"8832",0.115
"8833",0.115
"8834",0.115
"8835",0.115
"8836",0.115
"8837",0.115
"8838",0.115
"8839",0.115
"8840",0.115
"8841",0.115
"8842",0.115
"8843",0.113333333333333
"8844",0.113333333333333
"8845",0.113333333333333
"8846",0.113333333333333
"8847",0.115
"8848",0.113333333333333
"8849",0.115
"8850",0.113333333333333
"8851",0.113333333333333
"8852",0.113333333333333
"8853",0.113333333333333
"8854",0.113333333333333
"8855",0.113333333333333
"8856",0.113333333333333
"8857",0.113333333333333
"8858",0.113333333333333
"8859",0.113333333333333
"8860",0.113333333333333
"8861",0.113333333333333
"8862",0.113333333333333
"8863",0.113333333333333
"8864",0.113333333333333
"8865",0.113333333333333
"8866",0.113333333333333
"8867",0.113333333333333
"8868",0.113333333333333
"8869",0.113333333333333
"8870",0.115
"8871",0.115
"8872",0.115
"8873",0.115
"8874",0.116666666666667
"8875",0.115
"8876",0.116666666666667
"8877",0.115
"8878",0.115
"8879",0.115
"8880",0.115
"8881",0.115
"8882",0.115
"8883",0.115
"8884",0.115
"8885",0.115
"8886",0.115
"8887",0.115
"8888",0.115
"8889",0.115
"8890",0.115
"8891",0.115
"8892",0.115
"8893",0.115
"8894",0.115
"8895",0.115
"8896",0.115
"8897",0.115
"8898",0.115
"8899",0.115
"8900",0.115
"8901",0.116666666666667
"8902",0.115
"8903",0.116666666666667
"8904",0.115
"8905",0.115
"8906",0.115
"8907",0.115
"8908",0.115
"8909",0.115
"8910",0.115
"8911",0.115
"8912",0.115
"8913",0.115
"8914",0.115
"8915",0.115
"8916",0.115
"8917",0.115
"8918",0.115
"8919",0.115
"8920",0.115
"8921",0.115
"8922",0.115
"8923",0.115
"8924",0.115
"8925",0.115
"8926",0.115
"8927",0.115
"8928",0.116666666666667
"8929",0.115
"8930",0.116666666666667
"8931",0.115
"8932",0.115
"8933",0.115
"8934",0.115
"8935",0.115
"8936",0.115
"8937",0.115
"8938",0.115
"8939",0.115
"8940",0.115
"8941",0.115
"8942",0.115
"8943",0.115
"8944",0.115
"8945",0.115
"8946",0.115
"8947",0.115
"8948",0.115
"8949",0.115
"8950",0.115
"8951",0.116666666666667
"8952",0.116666666666667
"8953",0.116666666666667
"8954",0.116666666666667
"8955",0.118333333333333
"8956",0.116666666666667
"8957",0.118333333333333
"8958",0.116666666666667
"8959",0.116666666666667
"8960",0.116666666666667
"8961",0.116666666666667
"8962",0.116666666666667
"8963",0.116666666666667
"8964",0.116666666666667
"8965",0.116666666666667
"8966",0.116666666666667
"8967",0.116666666666667
"8968",0.116666666666667
"8969",0.116666666666667
"8970",0.116666666666667
"8971",0.116666666666667
"8972",0.116666666666667
"8973",0.116666666666667
"8974",0.116666666666667
"8975",0.116666666666667
"8976",0.116666666666667
"8977",0.116666666666667
"8978",0.115
"8979",0.115
"8980",0.115
"8981",0.115
"8982",0.116666666666667
"8983",0.115
"8984",0.116666666666667
"8985",0.115
"8986",0.115
"8987",0.115
"8988",0.115
"8989",0.115
"8990",0.115
"8991",0.115
"8992",0.115
"8993",0.115
"8994",0.115
"8995",0.115
"8996",0.115
"8997",0.115
"8998",0.115
"8999",0.115
"9000",0.115
"9001",0.115
"9002",0.115
"9003",0.115
"9004",0.115
"9005",0.115
"9006",0.115
"9007",0.115
"9008",0.115
"9009",0.116666666666667
"9010",0.115
"9011",0.116666666666667
"9012",0.115
"9013",0.115
"9014",0.115
"9015",0.115
"9016",0.115
"9017",0.115
"9018",0.115
"9019",0.115
"9020",0.115
"9021",0.115
"9022",0.115
"9023",0.115
"9024",0.115
"9025",0.115
"9026",0.115
"9027",0.115
"9028",0.115
"9029",0.115
"9030",0.115
"9031",0.115
"9032",0.115
"9033",0.115
"9034",0.115
"9035",0.115
"9036",0.116666666666667
"9037",0.115
"9038",0.116666666666667
"9039",0.115
"9040",0.115
"9041",0.115
"9042",0.115
"9043",0.115
"9044",0.115
"9045",0.115
"9046",0.115
"9047",0.115
"9048",0.115
"9049",0.115
"9050",0.115
"9051",0.115
"9052",0.115
"9053",0.115
"9054",0.115
"9055",0.115
"9056",0.115
"9057",0.115
"9058",0.115
"9059",0.115
"9060",0.115
"9061",0.115
"9062",0.115
"9063",0.116666666666667
"9064",0.115
"9065",0.116666666666667
"9066",0.115
"9067",0.115
"9068",0.115
"9069",0.115
"9070",0.115
"9071",0.115
"9072",0.115
"9073",0.115
"9074",0.115
"9075",0.115
"9076",0.115
"9077",0.115
"9078",0.115
"9079",0.115
"9080",0.115
"9081",0.115
"9082",0.115
"9083",0.115
"9084",0.115
"9085",0.115
"9086",0.115
"9087",0.115
"9088",0.115
"9089",0.115
"9090",0.116666666666667
"9091",0.115
"9092",0.116666666666667
"9093",0.115
"9094",0.115
"9095",0.115
"9096",0.115
"9097",0.115
"9098",0.115
"9099",0.115
"9100",0.115
"9101",0.115
"9102",0.115
"9103",0.115
"9104",0.115
"9105",0.115
"9106",0.115
"9107",0.115
"9108",0.115
"9109",0.115
"9110",0.115
"9111",0.115
"9112",0.115
"9113",0.115
"9114",0.115
"9115",0.115
"9116",0.115
"9117",0.116666666666667
"9118",0.115
"9119",0.116666666666667
"9120",0.115
"9121",0.115
"9122",0.115
"9123",0.115
"9124",0.115
"9125",0.115
"9126",0.115
"9127",0.115
"9128",0.115
"9129",0.115
"9130",0.115
"9131",0.115
"9132",0.115
"9133",0.115
"9134",0.115
"9135",0.115
"9136",0.115
"9137",0.115
"9138",0.115
"9139",0.115
"9140",0.116666666666667
"9141",0.116666666666667
"9142",0.116666666666667
"9143",0.116666666666667
"9144",0.118333333333333
"9145",0.116666666666667
"9146",0.118333333333333
"9147",0.116666666666667
"9148",0.116666666666667
"9149",0.116666666666667
"9150",0.116666666666667
"9151",0.116666666666667
"9152",0.116666666666667
"9153",0.116666666666667
"9154",0.116666666666667
"9155",0.116666666666667
"9156",0.116666666666667
"9157",0.116666666666667
"9158",0.116666666666667
"9159",0.116666666666667
"9160",0.116666666666667
"9161",0.116666666666667
"9162",0.116666666666667
"9163",0.116666666666667
"9164",0.116666666666667
"9165",0.116666666666667
"9166",0.116666666666667
"9167",0.115
"9168",0.115
"9169",0.115
"9170",0.115
"9171",0.116666666666667
"9172",0.115
"9173",0.116666666666667
"9174",0.115
"9175",0.115
"9176",0.115
"9177",0.115
"9178",0.115
"9179",0.115
"9180",0.115
"9181",0.115
"9182",0.115
"9183",0.115
"9184",0.115
"9185",0.115
"9186",0.115
"9187",0.115
"9188",0.115
"9189",0.115
"9190",0.115
"9191",0.115
"9192",0.115
"9193",0.115
"9194",0.115
"9195",0.115
"9196",0.115
"9197",0.115
"9198",0.116666666666667
"9199",0.115
"9200",0.116666666666667
"9201",0.115
"9202",0.115
"9203",0.115
"9204",0.115
"9205",0.115
"9206",0.115
"9207",0.115
"9208",0.115
"9209",0.115
"9210",0.115
"9211",0.115
"9212",0.115
"9213",0.115
"9214",0.115
"9215",0.115
"9216",0.115
"9217",0.115
"9218",0.115
"9219",0.115
"9220",0.115
"9221",0.113333333333333
"9222",0.113333333333333
"9223",0.113333333333333
"9224",0.113333333333333
"9225",0.115
"9226",0.113333333333333
"9227",0.115
"9228",0.113333333333333
"9229",0.113333333333333
"9230",0.113333333333333
"9231",0.113333333333333
"9232",0.113333333333333
"9233",0.113333333333333
"9234",0.113333333333333
"9235",0.113333333333333
"9236",0.113333333333333
"9237",0.113333333333333
"9238",0.113333333333333
"9239",0.113333333333333
"9240",0.113333333333333
"9241",0.113333333333333
"9242",0.113333333333333
"9243",0.113333333333333
"9244",0.113333333333333
"9245",0.113333333333333
"9246",0.113333333333333
"9247",0.113333333333333
"9248",0.116666666666667
"9249",0.116666666666667
"9250",0.116666666666667
"9251",0.116666666666667
"9252",0.118333333333333
"9253",0.116666666666667
"9254",0.118333333333333
"9255",0.116666666666667
"9256",0.116666666666667
"9257",0.116666666666667
"9258",0.116666666666667
"9259",0.116666666666667
"9260",0.116666666666667
"9261",0.116666666666667
"9262",0.116666666666667
"9263",0.116666666666667
"9264",0.116666666666667
"9265",0.116666666666667
"9266",0.116666666666667
"9267",0.116666666666667
"9268",0.116666666666667
"9269",0.116666666666667
"9270",0.116666666666667
"9271",0.116666666666667
"9272",0.116666666666667
"9273",0.116666666666667
"9274",0.116666666666667
"9275",0.116666666666667
"9276",0.116666666666667
"9277",0.116666666666667
"9278",0.116666666666667
"9279",0.118333333333333
"9280",0.116666666666667
"9281",0.118333333333333
"9282",0.116666666666667
"9283",0.116666666666667
"9284",0.116666666666667
"9285",0.116666666666667
"9286",0.116666666666667
"9287",0.116666666666667
"9288",0.116666666666667
"9289",0.116666666666667
"9290",0.116666666666667
"9291",0.116666666666667
"9292",0.116666666666667
"9293",0.116666666666667
"9294",0.116666666666667
"9295",0.116666666666667
"9296",0.116666666666667
"9297",0.116666666666667
"9298",0.116666666666667
"9299",0.116666666666667
"9300",0.116666666666667
"9301",0.116666666666667
"9302",0.113333333333333
"9303",0.113333333333333
"9304",0.113333333333333
"9305",0.113333333333333
"9306",0.115
"9307",0.113333333333333
"9308",0.115
"9309",0.113333333333333
"9310",0.113333333333333
"9311",0.113333333333333
"9312",0.113333333333333
"9313",0.113333333333333
"9314",0.113333333333333
"9315",0.113333333333333
"9316",0.113333333333333
"9317",0.113333333333333
"9318",0.113333333333333
"9319",0.113333333333333
"9320",0.113333333333333
"9321",0.113333333333333
"9322",0.113333333333333
"9323",0.113333333333333
"9324",0.113333333333333
"9325",0.113333333333333
"9326",0.113333333333333
"9327",0.113333333333333
"9328",0.113333333333333
"9329",0.113333333333333
"9330",0.113333333333333
"9331",0.113333333333333
"9332",0.113333333333333
"9333",0.115
"9334",0.113333333333333
"9335",0.115
"9336",0.113333333333333
"9337",0.113333333333333
"9338",0.113333333333333
"9339",0.113333333333333
"9340",0.113333333333333
"9341",0.113333333333333
"9342",0.113333333333333
"9343",0.113333333333333
"9344",0.113333333333333
"9345",0.113333333333333
"9346",0.113333333333333
"9347",0.113333333333333
"9348",0.113333333333333
"9349",0.113333333333333
"9350",0.113333333333333
"9351",0.113333333333333
"9352",0.113333333333333
"9353",0.113333333333333
"9354",0.113333333333333
"9355",0.113333333333333
"9356",0.123333333333333
"9357",0.123333333333333
"9358",0.123333333333333
"9359",0.123333333333333
"9360",0.125
"9361",0.123333333333333
"9362",0.125
"9363",0.123333333333333
"9364",0.123333333333333
"9365",0.123333333333333
"9366",0.123333333333333
"9367",0.123333333333333
"9368",0.123333333333333
"9369",0.123333333333333
"9370",0.123333333333333
"9371",0.123333333333333
"9372",0.123333333333333
"9373",0.123333333333333
"9374",0.123333333333333
"9375",0.123333333333333
"9376",0.123333333333333
"9377",0.123333333333333
"9378",0.123333333333333
"9379",0.123333333333333
"9380",0.123333333333333
"9381",0.123333333333333
"9382",0.123333333333333
"9383",0.128333333333333
"9384",0.128333333333333
"9385",0.128333333333333
"9386",0.128333333333333
"9387",0.13
"9388",0.128333333333333
"9389",0.13
"9390",0.128333333333333
"9391",0.128333333333333
"9392",0.128333333333333
"9393",0.128333333333333
"9394",0.128333333333333
"9395",0.128333333333333
"9396",0.128333333333333
"9397",0.128333333333333
"9398",0.128333333333333
"9399",0.128333333333333
"9400",0.128333333333333
"9401",0.128333333333333
"9402",0.128333333333333
"9403",0.128333333333333
"9404",0.128333333333333
"9405",0.128333333333333
"9406",0.128333333333333
"9407",0.128333333333333
"9408",0.128333333333333
"9409",0.128333333333333
"9410",0.131666666666667
"9411",0.131666666666667
"9412",0.131666666666667
"9413",0.131666666666667
"9414",0.13
"9415",0.131666666666667
"9416",0.133333333333333
"9417",0.131666666666667
"9418",0.131666666666667
"9419",0.131666666666667
"9420",0.131666666666667
"9421",0.131666666666667
"9422",0.131666666666667
"9423",0.131666666666667
"9424",0.131666666666667
"9425",0.131666666666667
"9426",0.131666666666667
"9427",0.131666666666667
"9428",0.131666666666667
"9429",0.131666666666667
"9430",0.131666666666667
"9431",0.131666666666667
"9432",0.131666666666667
"9433",0.131666666666667
"9434",0.131666666666667
"9435",0.131666666666667
"9436",0.131666666666667
"9437",0.128333333333333
"9438",0.128333333333333
"9439",0.128333333333333
"9440",0.128333333333333
"9441",0.13
"9442",0.128333333333333
"9443",0.13
"9444",0.128333333333333
"9445",0.128333333333333
"9446",0.128333333333333
"9447",0.128333333333333
"9448",0.128333333333333
"9449",0.128333333333333
"9450",0.128333333333333
"9451",0.128333333333333
"9452",0.128333333333333
"9453",0.128333333333333
"9454",0.128333333333333
"9455",0.128333333333333
"9456",0.128333333333333
"9457",0.128333333333333
"9458",0.128333333333333
"9459",0.128333333333333
"9460",0.128333333333333
"9461",0.128333333333333
"9462",0.128333333333333
"9463",0.128333333333333
"9464",0.101666666666667
"9465",0.101666666666667
"9466",0.101666666666667
"9467",0.101666666666667
"9468",0.103333333333333
"9469",0.101666666666667
"9470",0.103333333333333
"9471",0.101666666666667
"9472",0.101666666666667
"9473",0.101666666666667
"9474",0.101666666666667
"9475",0.101666666666667
"9476",0.101666666666667
"9477",0.101666666666667
"9478",0.101666666666667
"9479",0.101666666666667
"9480",0.101666666666667
"9481",0.101666666666667
"9482",0.101666666666667
"9483",0.101666666666667
"9484",0.101666666666667
"9485",0.101666666666667
"9486",0.101666666666667
"9487",0.101666666666667
"9488",0.101666666666667
"9489",0.101666666666667
"9490",0.101666666666667
"9491",0.101666666666667
"9492",0.101666666666667
"9493",0.101666666666667
"9494",0.101666666666667
"9495",0.103333333333333
"9496",0.101666666666667
"9497",0.103333333333333
"9498",0.101666666666667
"9499",0.101666666666667
"9500",0.101666666666667
"9501",0.101666666666667
"9502",0.101666666666667
"9503",0.101666666666667
"9504",0.101666666666667
"9505",0.101666666666667
"9506",0.101666666666667
"9507",0.101666666666667
"9508",0.101666666666667
"9509",0.101666666666667
"9510",0.101666666666667
"9511",0.101666666666667
"9512",0.101666666666667
"9513",0.101666666666667
"9514",0.101666666666667
"9515",0.101666666666667
"9516",0.101666666666667
"9517",0.101666666666667
"9518",0.1
"9519",0.1
"9520",0.1
"9521",0.1
"9522",0.101666666666667
"9523",0.1
"9524",0.101666666666667
"9525",0.1
"9526",0.1
"9527",0.1
"9528",0.1
"9529",0.1
"9530",0.1
"9531",0.1
"9532",0.1
"9533",0.1
"9534",0.1
"9535",0.1
"9536",0.1
"9537",0.1
"9538",0.1
"9539",0.1
"9540",0.1
"9541",0.1
"9542",0.1
"9543",0.1
"9544",0.1
"9545",0.12
"9546",0.12
"9547",0.12
"9548",0.12
"9549",0.118333333333333
"9550",0.12
"9551",0.121666666666667
"9552",0.12
"9553",0.12
"9554",0.12
"9555",0.12
"9556",0.12
"9557",0.12
"9558",0.12
"9559",0.12
"9560",0.12
"9561",0.12
"9562",0.12
"9563",0.12
"9564",0.12
"9565",0.12
"9566",0.12
"9567",0.12
"9568",0.12
"9569",0.12
"9570",0.12
"9571",0.12
"9572",0.12
"9573",0.12
"9574",0.12
"9575",0.12
"9576",0.118333333333333
"9577",0.12
"9578",0.121666666666667
"9579",0.12
"9580",0.12
"9581",0.12
"9582",0.12
"9583",0.12
"9584",0.12
"9585",0.12
"9586",0.12
"9587",0.12
"9588",0.12
"9589",0.12
"9590",0.12
"9591",0.12
"9592",0.12
"9593",0.12
"9594",0.12
"9595",0.12
"9596",0.12
"9597",0.12
"9598",0.12
"9599",0.121666666666667
"9600",0.121666666666667
"9601",0.121666666666667
"9602",0.121666666666667
"9603",0.12
"9604",0.121666666666667
"9605",0.123333333333333
"9606",0.121666666666667
"9607",0.121666666666667
"9608",0.121666666666667
"9609",0.121666666666667
"9610",0.121666666666667
"9611",0.121666666666667
"9612",0.121666666666667
"9613",0.121666666666667
"9614",0.121666666666667
"9615",0.121666666666667
"9616",0.121666666666667
"9617",0.121666666666667
"9618",0.121666666666667
"9619",0.121666666666667
"9620",0.121666666666667
"9621",0.121666666666667
"9622",0.121666666666667
"9623",0.121666666666667
"9624",0.121666666666667
"9625",0.121666666666667
"9626",0.118333333333333
"9627",0.118333333333333
"9628",0.118333333333333
"9629",0.118333333333333
"9630",0.116666666666667
"9631",0.118333333333333
"9632",0.12
"9633",0.118333333333333
"9634",0.118333333333333
"9635",0.118333333333333
"9636",0.118333333333333
"9637",0.118333333333333
"9638",0.118333333333333
"9639",0.118333333333333
"9640",0.118333333333333
"9641",0.118333333333333
"9642",0.118333333333333
"9643",0.118333333333333
"9644",0.118333333333333
"9645",0.118333333333333
"9646",0.118333333333333
"9647",0.118333333333333
"9648",0.118333333333333
"9649",0.118333333333333
"9650",0.118333333333333
"9651",0.118333333333333
"9652",0.118333333333333
"9653",0.118333333333333
"9654",0.118333333333333
"9655",0.118333333333333
"9656",0.118333333333333
"9657",0.116666666666667
"9658",0.118333333333333
"9659",0.12
"9660",0.118333333333333
"9661",0.118333333333333
"9662",0.118333333333333
"9663",0.118333333333333
"9664",0.118333333333333
"9665",0.118333333333333
"9666",0.118333333333333
"9667",0.118333333333333
"9668",0.118333333333333
"9669",0.118333333333333
"9670",0.118333333333333
"9671",0.118333333333333
"9672",0.118333333333333
"9673",0.118333333333333
"9674",0.118333333333333
"9675",0.118333333333333
"9676",0.118333333333333
"9677",0.118333333333333
"9678",0.118333333333333
"9679",0.118333333333333
"9680",0.116666666666667
"9681",0.116666666666667
"9682",0.116666666666667
"9683",0.116666666666667
"9684",0.118333333333333
"9685",0.116666666666667
"9686",0.118333333333333
"9687",0.116666666666667
"9688",0.116666666666667
"9689",0.116666666666667
"9690",0.116666666666667
"9691",0.116666666666667
"9692",0.116666666666667
"9693",0.116666666666667
"9694",0.116666666666667
"9695",0.116666666666667
"9696",0.116666666666667
"9697",0.116666666666667
"9698",0.116666666666667
"9699",0.116666666666667
"9700",0.116666666666667
"9701",0.116666666666667
"9702",0.116666666666667
"9703",0.116666666666667
"9704",0.116666666666667
"9705",0.116666666666667
"9706",0.116666666666667
"9707",0.115
"9708",0.115
"9709",0.115
"9710",0.115
"9711",0.116666666666667
"9712",0.115
"9713",0.116666666666667
"9714",0.115
"9715",0.115
"9716",0.115
"9717",0.115
"9718",0.115
"9719",0.115
"9720",0.115
"9721",0.115
"9722",0.115
"9723",0.115
"9724",0.115
"9725",0.115
"9726",0.115
"9727",0.115
"9728",0.115
"9729",0.115
"9730",0.115
"9731",0.115
"9732",0.115
"9733",0.115
"9734",0.116666666666667
"9735",0.116666666666667
"9736",0.116666666666667
"9737",0.116666666666667
"9738",0.118333333333333
"9739",0.116666666666667
"9740",0.118333333333333
"9741",0.116666666666667
"9742",0.116666666666667
"9743",0.116666666666667
"9744",0.116666666666667
"9745",0.116666666666667
"9746",0.116666666666667
"9747",0.116666666666667
"9748",0.116666666666667
"9749",0.116666666666667
"9750",0.116666666666667
"9751",0.116666666666667
"9752",0.116666666666667
"9753",0.116666666666667
"9754",0.116666666666667
"9755",0.116666666666667
"9756",0.116666666666667
"9757",0.116666666666667
"9758",0.116666666666667
"9759",0.116666666666667
"9760",0.116666666666667
"9761",0.116666666666667
"9762",0.116666666666667
"9763",0.116666666666667
"9764",0.116666666666667
"9765",0.118333333333333
"9766",0.116666666666667
"9767",0.118333333333333
"9768",0.116666666666667
"9769",0.116666666666667
"9770",0.116666666666667
"9771",0.116666666666667
"9772",0.116666666666667
"9773",0.116666666666667
"9774",0.116666666666667
"9775",0.116666666666667
"9776",0.116666666666667
"9777",0.116666666666667
"9778",0.116666666666667
"9779",0.116666666666667
"9780",0.116666666666667
"9781",0.116666666666667
"9782",0.116666666666667
"9783",0.116666666666667
"9784",0.116666666666667
"9785",0.116666666666667
"9786",0.116666666666667
"9787",0.116666666666667
"9788",0.116666666666667
"9789",0.116666666666667
"9790",0.116666666666667
"9791",0.116666666666667
"9792",0.118333333333333
"9793",0.116666666666667
"9794",0.118333333333333
"9795",0.116666666666667
"9796",0.116666666666667
"9797",0.116666666666667
"9798",0.116666666666667
"9799",0.116666666666667
"9800",0.116666666666667
"9801",0.116666666666667
"9802",0.116666666666667
"9803",0.116666666666667
"9804",0.116666666666667
"9805",0.116666666666667
"9806",0.116666666666667
"9807",0.116666666666667
"9808",0.116666666666667
"9809",0.116666666666667
"9810",0.116666666666667
"9811",0.116666666666667
"9812",0.116666666666667
"9813",0.116666666666667
"9814",0.116666666666667
"9815",0.116666666666667
"9816",0.116666666666667
"9817",0.116666666666667
"9818",0.116666666666667
"9819",0.118333333333333
"9820",0.116666666666667
"9821",0.118333333333333
"9822",0.116666666666667
"9823",0.116666666666667
"9824",0.116666666666667
"9825",0.116666666666667
"9826",0.116666666666667
"9827",0.116666666666667
"9828",0.116666666666667
"9829",0.116666666666667
"9830",0.116666666666667
"9831",0.116666666666667
"9832",0.116666666666667
"9833",0.116666666666667
"9834",0.116666666666667
"9835",0.116666666666667
"9836",0.116666666666667
"9837",0.116666666666667
"9838",0.116666666666667
"9839",0.116666666666667
"9840",0.116666666666667
"9841",0.116666666666667
"9842",0.116666666666667
"9843",0.116666666666667
"9844",0.116666666666667
"9845",0.116666666666667
"9846",0.118333333333333
"9847",0.116666666666667
"9848",0.118333333333333
"9849",0.116666666666667
"9850",0.116666666666667
"9851",0.116666666666667
"9852",0.116666666666667
"9853",0.116666666666667
"9854",0.116666666666667
"9855",0.116666666666667
"9856",0.116666666666667
"9857",0.116666666666667
"9858",0.116666666666667
"9859",0.116666666666667
"9860",0.116666666666667
"9861",0.116666666666667
"9862",0.116666666666667
"9863",0.116666666666667
"9864",0.116666666666667
"9865",0.116666666666667
"9866",0.116666666666667
"9867",0.116666666666667
"9868",0.116666666666667
"9869",0.116666666666667
"9870",0.116666666666667
"9871",0.116666666666667
"9872",0.116666666666667
"9873",0.118333333333333
"9874",0.116666666666667
"9875",0.118333333333333
"9876",0.116666666666667
"9877",0.116666666666667
"9878",0.116666666666667
"9879",0.116666666666667
"9880",0.116666666666667
"9881",0.116666666666667
"9882",0.116666666666667
"9883",0.116666666666667
"9884",0.116666666666667
"9885",0.116666666666667
"9886",0.116666666666667
"9887",0.116666666666667
"9888",0.116666666666667
"9889",0.116666666666667
"9890",0.116666666666667
"9891",0.116666666666667
"9892",0.116666666666667
"9893",0.116666666666667
"9894",0.116666666666667
"9895",0.116666666666667
"9896",0.116666666666667
"9897",0.116666666666667
"9898",0.116666666666667
"9899",0.116666666666667
"9900",0.118333333333333
"9901",0.116666666666667
"9902",0.118333333333333
"9903",0.116666666666667
"9904",0.116666666666667
"9905",0.116666666666667
"9906",0.116666666666667
"9907",0.116666666666667
"9908",0.116666666666667
"9909",0.116666666666667
"9910",0.116666666666667
"9911",0.116666666666667
"9912",0.116666666666667
"9913",0.116666666666667
"9914",0.116666666666667
"9915",0.116666666666667
"9916",0.116666666666667
"9917",0.116666666666667
"9918",0.116666666666667
"9919",0.116666666666667
"9920",0.116666666666667
"9921",0.116666666666667
"9922",0.116666666666667
"9923",0.116666666666667
"9924",0.116666666666667
"9925",0.116666666666667
"9926",0.116666666666667
"9927",0.118333333333333
"9928",0.116666666666667
"9929",0.118333333333333
"9930",0.116666666666667
"9931",0.116666666666667
"9932",0.116666666666667
"9933",0.116666666666667
"9934",0.116666666666667
"9935",0.116666666666667
"9936",0.116666666666667
"9937",0.116666666666667
"9938",0.116666666666667
"9939",0.116666666666667
"9940",0.116666666666667
"9941",0.116666666666667
"9942",0.116666666666667
"9943",0.116666666666667
"9944",0.116666666666667
"9945",0.116666666666667
"9946",0.116666666666667
"9947",0.116666666666667
"9948",0.116666666666667
"9949",0.116666666666667
"9950",0.116666666666667
"9951",0.116666666666667
"9952",0.116666666666667
"9953",0.116666666666667
"9954",0.118333333333333
"9955",0.116666666666667
"9956",0.118333333333333
"9957",0.116666666666667
"9958",0.116666666666667
"9959",0.116666666666667
"9960",0.116666666666667
"9961",0.116666666666667
"9962",0.116666666666667
"9963",0.116666666666667
"9964",0.116666666666667
"9965",0.116666666666667
"9966",0.116666666666667
"9967",0.116666666666667
"9968",0.116666666666667
"9969",0.116666666666667
"9970",0.116666666666667
"9971",0.116666666666667
"9972",0.116666666666667
"9973",0.116666666666667
"9974",0.116666666666667
"9975",0.116666666666667
"9976",0.116666666666667
"9977",0.116666666666667
"9978",0.116666666666667
"9979",0.116666666666667
"9980",0.116666666666667
"9981",0.118333333333333
"9982",0.116666666666667
"9983",0.118333333333333
"9984",0.116666666666667
"9985",0.116666666666667
"9986",0.116666666666667
"9987",0.116666666666667
"9988",0.116666666666667
"9989",0.116666666666667
"9990",0.116666666666667
"9991",0.116666666666667
"9992",0.116666666666667
"9993",0.116666666666667
"9994",0.116666666666667
"9995",0.116666666666667
"9996",0.116666666666667
"9997",0.116666666666667
"9998",0.116666666666667
"9999",0.116666666666667
"10000",0.116666666666667
"10001",0.116666666666667
"10002",0.116666666666667
"10003",0.116666666666667
"10004",0.121666666666667
"10005",0.121666666666667
"10006",0.121666666666667
"10007",0.121666666666667
"10008",0.121666666666667
"10009",0.121666666666667
"10010",0.123333333333333
"10011",0.121666666666667
"10012",0.121666666666667
"10013",0.121666666666667
"10014",0.121666666666667
"10015",0.121666666666667
"10016",0.121666666666667
"10017",0.121666666666667
"10018",0.121666666666667
"10019",0.121666666666667
"10020",0.121666666666667
"10021",0.121666666666667
"10022",0.121666666666667
"10023",0.121666666666667
"10024",0.121666666666667
"10025",0.121666666666667
"10026",0.121666666666667
"10027",0.121666666666667
"10028",0.121666666666667
"10029",0.121666666666667
"10030",0.121666666666667
"10031",0.121666666666667
"10032",0.121666666666667
"10033",0.121666666666667
"10034",0.121666666666667
"10035",0.121666666666667
"10036",0.121666666666667
"10037",0.123333333333333
"10038",0.121666666666667
"10039",0.121666666666667
"10040",0.121666666666667
"10041",0.121666666666667
"10042",0.121666666666667
"10043",0.121666666666667
"10044",0.121666666666667
"10045",0.121666666666667
"10046",0.121666666666667
"10047",0.121666666666667
"10048",0.121666666666667
"10049",0.121666666666667
"10050",0.121666666666667
"10051",0.121666666666667
"10052",0.121666666666667
"10053",0.121666666666667
"10054",0.121666666666667
"10055",0.121666666666667
"10056",0.121666666666667
"10057",0.121666666666667
"10058",0.123333333333333
"10059",0.123333333333333
"10060",0.123333333333333
"10061",0.123333333333333
"10062",0.123333333333333
"10063",0.123333333333333
"10064",0.125
"10065",0.123333333333333
"10066",0.123333333333333
"10067",0.123333333333333
"10068",0.123333333333333
"10069",0.123333333333333
"10070",0.123333333333333
"10071",0.123333333333333
"10072",0.123333333333333
"10073",0.123333333333333
"10074",0.123333333333333
"10075",0.123333333333333
"10076",0.123333333333333
"10077",0.123333333333333
"10078",0.123333333333333
"10079",0.123333333333333
"10080",0.123333333333333
"10081",0.123333333333333
"10082",0.123333333333333
"10083",0.123333333333333
"10084",0.123333333333333
"10085",0.121666666666667
"10086",0.121666666666667
"10087",0.121666666666667
"10088",0.121666666666667
"10089",0.121666666666667
"10090",0.121666666666667
"10091",0.123333333333333
"10092",0.121666666666667
"10093",0.121666666666667
"10094",0.121666666666667
"10095",0.121666666666667
"10096",0.121666666666667
"10097",0.121666666666667
"10098",0.121666666666667
"10099",0.121666666666667
"10100",0.121666666666667
"10101",0.121666666666667
"10102",0.121666666666667
"10103",0.121666666666667
"10104",0.121666666666667
"10105",0.121666666666667
"10106",0.121666666666667
"10107",0.121666666666667
"10108",0.121666666666667
"10109",0.121666666666667
"10110",0.121666666666667
"10111",0.121666666666667
"10112",0.123333333333333
"10113",0.123333333333333
"10114",0.123333333333333
"10115",0.123333333333333
"10116",0.125
"10117",0.123333333333333
"10118",0.125
"10119",0.123333333333333
"10120",0.123333333333333
"10121",0.123333333333333
"10122",0.123333333333333
"10123",0.123333333333333
"10124",0.123333333333333
"10125",0.123333333333333
"10126",0.123333333333333
"10127",0.123333333333333
"10128",0.123333333333333
"10129",0.123333333333333
"10130",0.123333333333333
"10131",0.123333333333333
"10132",0.123333333333333
"10133",0.123333333333333
"10134",0.123333333333333
"10135",0.123333333333333
"10136",0.123333333333333
"10137",0.123333333333333
"10138",0.123333333333333
"10139",0.123333333333333
"10140",0.123333333333333
"10141",0.123333333333333
"10142",0.123333333333333
"10143",0.125
"10144",0.123333333333333
"10145",0.125
"10146",0.123333333333333
"10147",0.123333333333333
"10148",0.123333333333333
"10149",0.123333333333333
"10150",0.123333333333333
"10151",0.123333333333333
"10152",0.123333333333333
"10153",0.123333333333333
"10154",0.123333333333333
"10155",0.123333333333333
"10156",0.123333333333333
"10157",0.123333333333333
"10158",0.123333333333333
"10159",0.123333333333333
"10160",0.123333333333333
"10161",0.123333333333333
"10162",0.123333333333333
"10163",0.123333333333333
"10164",0.123333333333333
"10165",0.123333333333333
"10166",0.123333333333333
"10167",0.123333333333333
"10168",0.123333333333333
"10169",0.123333333333333
"10170",0.125
"10171",0.123333333333333
"10172",0.125
"10173",0.123333333333333
"10174",0.123333333333333
"10175",0.123333333333333
"10176",0.123333333333333
"10177",0.123333333333333
"10178",0.123333333333333
"10179",0.123333333333333
"10180",0.123333333333333
"10181",0.123333333333333
"10182",0.123333333333333
"10183",0.123333333333333
"10184",0.123333333333333
"10185",0.123333333333333
"10186",0.123333333333333
"10187",0.123333333333333
"10188",0.123333333333333
"10189",0.123333333333333
"10190",0.123333333333333
"10191",0.123333333333333
"10192",0.123333333333333
"10193",0.123333333333333
"10194",0.123333333333333
"10195",0.123333333333333
"10196",0.123333333333333
"10197",0.125
"10198",0.123333333333333
"10199",0.125
"10200",0.123333333333333
"10201",0.123333333333333
"10202",0.123333333333333
"10203",0.123333333333333
"10204",0.123333333333333
"10205",0.123333333333333
"10206",0.123333333333333
"10207",0.123333333333333
"10208",0.123333333333333
"10209",0.123333333333333
"10210",0.123333333333333
"10211",0.123333333333333
"10212",0.123333333333333
"10213",0.123333333333333
"10214",0.123333333333333
"10215",0.123333333333333
"10216",0.123333333333333
"10217",0.123333333333333
"10218",0.123333333333333
"10219",0.123333333333333
"10220",0.123333333333333
"10221",0.123333333333333
"10222",0.123333333333333
"10223",0.123333333333333
"10224",0.125
"10225",0.123333333333333
"10226",0.125
"10227",0.123333333333333
"10228",0.123333333333333
"10229",0.123333333333333
"10230",0.123333333333333
"10231",0.123333333333333
"10232",0.123333333333333
"10233",0.123333333333333
"10234",0.123333333333333
"10235",0.123333333333333
"10236",0.123333333333333
"10237",0.123333333333333
"10238",0.123333333333333
"10239",0.123333333333333
"10240",0.123333333333333
"10241",0.123333333333333
"10242",0.123333333333333
"10243",0.123333333333333
"10244",0.123333333333333
"10245",0.123333333333333
"10246",0.123333333333333
"10247",0.123333333333333
"10248",0.123333333333333
"10249",0.123333333333333
"10250",0.123333333333333
"10251",0.125
"10252",0.123333333333333
"10253",0.125
"10254",0.123333333333333
"10255",0.123333333333333
"10256",0.123333333333333
"10257",0.123333333333333
"10258",0.123333333333333
"10259",0.123333333333333
"10260",0.123333333333333
"10261",0.123333333333333
"10262",0.123333333333333
"10263",0.123333333333333
"10264",0.123333333333333
"10265",0.123333333333333
"10266",0.123333333333333
"10267",0.123333333333333
"10268",0.123333333333333
"10269",0.123333333333333
"10270",0.123333333333333
"10271",0.123333333333333
"10272",0.123333333333333
"10273",0.123333333333333
"10274",0.125
"10275",0.125
"10276",0.125
"10277",0.125
"10278",0.126666666666667
"10279",0.125
"10280",0.126666666666667
"10281",0.125
"10282",0.125
"10283",0.125
"10284",0.125
"10285",0.125
"10286",0.125
"10287",0.125
"10288",0.125
"10289",0.125
"10290",0.125
"10291",0.125
"10292",0.125
"10293",0.125
"10294",0.125
"10295",0.125
"10296",0.125
"10297",0.125
"10298",0.125
"10299",0.125
"10300",0.125
"10301",0.125
"10302",0.125
"10303",0.125
"10304",0.125
"10305",0.126666666666667
"10306",0.125
"10307",0.126666666666667
"10308",0.125
"10309",0.125
"10310",0.125
"10311",0.125
"10312",0.125
"10313",0.125
"10314",0.125
"10315",0.125
"10316",0.125
"10317",0.125
"10318",0.125
"10319",0.125
"10320",0.125
"10321",0.125
"10322",0.125
"10323",0.125
"10324",0.125
"10325",0.125
"10326",0.125
"10327",0.125
"10328",0.123333333333333
"10329",0.123333333333333
"10330",0.123333333333333
"10331",0.123333333333333
"10332",0.125
"10333",0.123333333333333
"10334",0.125
"10335",0.123333333333333
"10336",0.123333333333333
"10337",0.123333333333333
"10338",0.123333333333333
"10339",0.123333333333333
"10340",0.123333333333333
"10341",0.123333333333333
"10342",0.123333333333333
"10343",0.123333333333333
"10344",0.123333333333333
"10345",0.123333333333333
"10346",0.123333333333333
"10347",0.123333333333333
"10348",0.123333333333333
"10349",0.123333333333333
"10350",0.123333333333333
"10351",0.123333333333333
"10352",0.123333333333333
"10353",0.123333333333333
"10354",0.123333333333333
"10355",0.123333333333333
"10356",0.123333333333333
"10357",0.123333333333333
"10358",0.123333333333333
"10359",0.125
"10360",0.123333333333333
"10361",0.125
"10362",0.123333333333333
"10363",0.123333333333333
"10364",0.123333333333333
"10365",0.123333333333333
"10366",0.123333333333333
"10367",0.123333333333333
"10368",0.123333333333333
"10369",0.123333333333333
"10370",0.123333333333333
"10371",0.123333333333333
"10372",0.123333333333333
"10373",0.123333333333333
"10374",0.123333333333333
"10375",0.123333333333333
"10376",0.123333333333333
"10377",0.123333333333333
"10378",0.123333333333333
"10379",0.123333333333333
"10380",0.123333333333333
"10381",0.123333333333333
"10382",0.1
"10383",0.1
"10384",0.1
"10385",0.1
"10386",0.101666666666667
"10387",0.1
"10388",0.101666666666667
"10389",0.1
"10390",0.1
"10391",0.1
"10392",0.1
"10393",0.1
"10394",0.1
"10395",0.1
"10396",0.1
"10397",0.1
"10398",0.1
"10399",0.1
"10400",0.1
"10401",0.1
"10402",0.1
"10403",0.1
"10404",0.1
"10405",0.1
"10406",0.1
"10407",0.1
"10408",0.1
"10409",0.1
"10410",0.1
"10411",0.1
"10412",0.1
"10413",0.101666666666667
"10414",0.1
"10415",0.101666666666667
"10416",0.1
"10417",0.1
"10418",0.1
"10419",0.1
"10420",0.1
"10421",0.1
"10422",0.1
"10423",0.1
"10424",0.1
"10425",0.1
"10426",0.1
"10427",0.1
"10428",0.1
"10429",0.1
"10430",0.1
"10431",0.1
"10432",0.1
"10433",0.1
"10434",0.1
"10435",0.1
"10436",0.1
"10437",0.1
"10438",0.1
"10439",0.1
"10440",0.101666666666667
"10441",0.1
"10442",0.101666666666667
"10443",0.1
"10444",0.1
"10445",0.1
"10446",0.1
"10447",0.1
"10448",0.1
"10449",0.1
"10450",0.1
"10451",0.1
"10452",0.1
"10453",0.1
"10454",0.1
"10455",0.1
"10456",0.1
"10457",0.1
"10458",0.1
"10459",0.1
"10460",0.1
"10461",0.1
"10462",0.1
"10463",0.111666666666667
"10464",0.111666666666667
"10465",0.111666666666667
"10466",0.111666666666667
"10467",0.113333333333333
"10468",0.111666666666667
"10469",0.113333333333333
"10470",0.111666666666667
"10471",0.111666666666667
"10472",0.111666666666667
"10473",0.111666666666667
"10474",0.111666666666667
"10475",0.111666666666667
"10476",0.111666666666667
"10477",0.111666666666667
"10478",0.111666666666667
"10479",0.111666666666667
"10480",0.111666666666667
"10481",0.111666666666667
"10482",0.111666666666667
"10483",0.111666666666667
"10484",0.111666666666667
"10485",0.111666666666667
"10486",0.111666666666667
"10487",0.111666666666667
"10488",0.111666666666667
"10489",0.111666666666667
"10490",0.11
"10491",0.11
"10492",0.11
"10493",0.11
"10494",0.111666666666667
"10495",0.11
"10496",0.111666666666667
"10497",0.11
"10498",0.11
"10499",0.11
"10500",0.11
"10501",0.11
"10502",0.11
"10503",0.11
"10504",0.11
"10505",0.11
"10506",0.11
"10507",0.11
"10508",0.11
"10509",0.11
"10510",0.11
"10511",0.11
"10512",0.11
"10513",0.11
"10514",0.11
"10515",0.11
"10516",0.11
"10517",0.108333333333333
"10518",0.108333333333333
"10519",0.108333333333333
"10520",0.108333333333333
"10521",0.11
"10522",0.108333333333333
"10523",0.11
"10524",0.108333333333333
"10525",0.108333333333333
"10526",0.108333333333333
"10527",0.108333333333333
"10528",0.108333333333333
"10529",0.108333333333333
"10530",0.108333333333333
"10531",0.108333333333333
"10532",0.108333333333333
"10533",0.108333333333333
"10534",0.108333333333333
"10535",0.108333333333333
"10536",0.108333333333333
"10537",0.108333333333333
"10538",0.108333333333333
"10539",0.108333333333333
"10540",0.108333333333333
"10541",0.108333333333333
"10542",0.108333333333333
"10543",0.108333333333333
"10544",0.108333333333333
"10545",0.108333333333333
"10546",0.108333333333333
"10547",0.108333333333333
"10548",0.11
"10549",0.108333333333333
"10550",0.11
"10551",0.108333333333333
"10552",0.108333333333333
"10553",0.108333333333333
"10554",0.108333333333333
"10555",0.108333333333333
"10556",0.108333333333333
"10557",0.108333333333333
"10558",0.108333333333333
"10559",0.108333333333333
"10560",0.108333333333333
"10561",0.108333333333333
"10562",0.108333333333333
"10563",0.108333333333333
"10564",0.108333333333333
"10565",0.108333333333333
"10566",0.108333333333333
"10567",0.108333333333333
"10568",0.108333333333333
"10569",0.108333333333333
"10570",0.108333333333333
"10571",0.12
"10572",0.12
"10573",0.12
"10574",0.12
"10575",0.121666666666667
"10576",0.12
"10577",0.121666666666667
"10578",0.12
"10579",0.12
"10580",0.12
"10581",0.12
"10582",0.12
"10583",0.12
"10584",0.12
"10585",0.12
"10586",0.12
"10587",0.12
"10588",0.12
"10589",0.12
"10590",0.12
"10591",0.12
"10592",0.12
"10593",0.12
"10594",0.12
"10595",0.12
"10596",0.12
"10597",0.12
"10598",0.123333333333333
"10599",0.123333333333333
"10600",0.123333333333333
"10601",0.123333333333333
"10602",0.121666666666667
"10603",0.123333333333333
"10604",0.125
"10605",0.123333333333333
"10606",0.123333333333333
"10607",0.123333333333333
"10608",0.123333333333333
"10609",0.123333333333333
"10610",0.123333333333333
"10611",0.123333333333333
"10612",0.123333333333333
"10613",0.123333333333333
"10614",0.123333333333333
"10615",0.123333333333333
"10616",0.123333333333333
"10617",0.123333333333333
"10618",0.123333333333333
"10619",0.123333333333333
"10620",0.123333333333333
"10621",0.123333333333333
"10622",0.123333333333333
"10623",0.123333333333333
"10624",0.123333333333333
"10625",0.121666666666667
"10626",0.121666666666667
"10627",0.121666666666667
"10628",0.121666666666667
"10629",0.123333333333333
"10630",0.121666666666667
"10631",0.123333333333333
"10632",0.121666666666667
"10633",0.121666666666667
"10634",0.121666666666667
"10635",0.121666666666667
"10636",0.121666666666667
"10637",0.121666666666667
"10638",0.121666666666667
"10639",0.121666666666667
"10640",0.121666666666667
"10641",0.121666666666667
"10642",0.121666666666667
"10643",0.121666666666667
"10644",0.121666666666667
"10645",0.121666666666667
"10646",0.121666666666667
"10647",0.121666666666667
"10648",0.121666666666667
"10649",0.121666666666667
"10650",0.121666666666667
"10651",0.121666666666667
"10652",0.121666666666667
"10653",0.121666666666667
"10654",0.121666666666667
"10655",0.121666666666667
"10656",0.123333333333333
"10657",0.121666666666667
"10658",0.123333333333333
"10659",0.121666666666667
"10660",0.121666666666667
"10661",0.121666666666667
"10662",0.121666666666667
"10663",0.121666666666667
"10664",0.121666666666667
"10665",0.121666666666667
"10666",0.121666666666667
"10667",0.121666666666667
"10668",0.121666666666667
"10669",0.121666666666667
"10670",0.121666666666667
"10671",0.121666666666667
"10672",0.121666666666667
"10673",0.121666666666667
"10674",0.121666666666667
"10675",0.121666666666667
"10676",0.121666666666667
"10677",0.121666666666667
"10678",0.121666666666667
"10679",0.126666666666667
"10680",0.126666666666667
"10681",0.126666666666667
"10682",0.126666666666667
"10683",0.125
"10684",0.126666666666667
"10685",0.128333333333333
"10686",0.126666666666667
"10687",0.126666666666667
"10688",0.126666666666667
"10689",0.126666666666667
"10690",0.126666666666667
"10691",0.126666666666667
"10692",0.126666666666667
"10693",0.126666666666667
"10694",0.126666666666667
"10695",0.126666666666667
"10696",0.126666666666667
"10697",0.126666666666667
"10698",0.126666666666667
"10699",0.126666666666667
"10700",0.126666666666667
"10701",0.126666666666667
"10702",0.126666666666667
"10703",0.126666666666667
"10704",0.126666666666667
"10705",0.126666666666667
"10706",0.123333333333333
"10707",0.123333333333333
"10708",0.123333333333333
"10709",0.123333333333333
"10710",0.125
"10711",0.123333333333333
"10712",0.125
"10713",0.123333333333333
"10714",0.123333333333333
"10715",0.123333333333333
"10716",0.123333333333333
"10717",0.123333333333333
"10718",0.123333333333333
"10719",0.123333333333333
"10720",0.123333333333333
"10721",0.123333333333333
"10722",0.123333333333333
"10723",0.123333333333333
"10724",0.123333333333333
"10725",0.123333333333333
"10726",0.123333333333333
"10727",0.123333333333333
"10728",0.123333333333333
"10729",0.123333333333333
"10730",0.123333333333333
"10731",0.123333333333333
"10732",0.123333333333333
"10733",0.123333333333333
"10734",0.123333333333333
"10735",0.123333333333333
"10736",0.123333333333333
"10737",0.125
"10738",0.123333333333333
"10739",0.125
"10740",0.123333333333333
"10741",0.123333333333333
"10742",0.123333333333333
"10743",0.123333333333333
"10744",0.123333333333333
"10745",0.123333333333333
"10746",0.123333333333333
"10747",0.123333333333333
"10748",0.123333333333333
"10749",0.123333333333333
"10750",0.123333333333333
"10751",0.123333333333333
"10752",0.123333333333333
"10753",0.123333333333333
"10754",0.123333333333333
"10755",0.123333333333333
"10756",0.123333333333333
"10757",0.123333333333333
"10758",0.123333333333333
"10759",0.123333333333333
"10760",0.126666666666667
"10761",0.126666666666667
"10762",0.126666666666667
"10763",0.126666666666667
"10764",0.125
"10765",0.126666666666667
"10766",0.128333333333333
"10767",0.126666666666667
"10768",0.126666666666667
"10769",0.126666666666667
"10770",0.126666666666667
"10771",0.126666666666667
"10772",0.126666666666667
"10773",0.126666666666667
"10774",0.126666666666667
"10775",0.126666666666667
"10776",0.126666666666667
"10777",0.126666666666667
"10778",0.126666666666667
"10779",0.126666666666667
"10780",0.126666666666667
"10781",0.126666666666667
"10782",0.126666666666667
"10783",0.126666666666667
"10784",0.126666666666667
"10785",0.126666666666667
"10786",0.126666666666667
"10787",0.118333333333333
"10788",0.118333333333333
"10789",0.118333333333333
"10790",0.118333333333333
"10791",0.12
"10792",0.118333333333333
"10793",0.12
"10794",0.118333333333333
"10795",0.118333333333333
"10796",0.118333333333333
"10797",0.118333333333333
"10798",0.118333333333333
"10799",0.118333333333333
"10800",0.118333333333333
"10801",0.118333333333333
"10802",0.118333333333333
"10803",0.118333333333333
"10804",0.118333333333333
"10805",0.118333333333333
"10806",0.118333333333333
"10807",0.118333333333333
"10808",0.118333333333333
"10809",0.118333333333333
"10810",0.118333333333333
"10811",0.118333333333333
"10812",0.118333333333333
"10813",0.118333333333333
"10814",0.123333333333333
"10815",0.123333333333333
"10816",0.123333333333333
"10817",0.123333333333333
"10818",0.125
"10819",0.123333333333333
"10820",0.125
"10821",0.123333333333333
"10822",0.123333333333333
"10823",0.123333333333333
"10824",0.123333333333333
"10825",0.123333333333333
"10826",0.123333333333333
"10827",0.123333333333333
"10828",0.123333333333333
"10829",0.123333333333333
"10830",0.123333333333333
"10831",0.123333333333333
"10832",0.123333333333333
"10833",0.123333333333333
"10834",0.123333333333333
"10835",0.123333333333333
"10836",0.123333333333333
"10837",0.123333333333333
"10838",0.123333333333333
"10839",0.123333333333333
"10840",0.123333333333333
"10841",0.12
"10842",0.12
"10843",0.12
"10844",0.12
"10845",0.121666666666667
"10846",0.12
"10847",0.121666666666667
"10848",0.12
"10849",0.12
"10850",0.12
"10851",0.12
"10852",0.12
"10853",0.12
"10854",0.12
"10855",0.12
"10856",0.12
"10857",0.12
"10858",0.12
"10859",0.12
"10860",0.12
"10861",0.12
"10862",0.12
"10863",0.12
"10864",0.12
"10865",0.12
"10866",0.12
"10867",0.12
"10868",0.123333333333333
"10869",0.123333333333333
"10870",0.123333333333333
"10871",0.123333333333333
"10872",0.125
"10873",0.123333333333333
"10874",0.125
"10875",0.123333333333333
"10876",0.123333333333333
"10877",0.123333333333333
"10878",0.123333333333333
"10879",0.123333333333333
"10880",0.123333333333333
"10881",0.123333333333333
"10882",0.123333333333333
"10883",0.123333333333333
"10884",0.123333333333333
"10885",0.123333333333333
"10886",0.123333333333333
"10887",0.123333333333333
"10888",0.123333333333333
"10889",0.123333333333333
"10890",0.123333333333333
"10891",0.123333333333333
"10892",0.123333333333333
"10893",0.123333333333333
"10894",0.123333333333333
"10895",0.123333333333333
"10896",0.123333333333333
"10897",0.123333333333333
"10898",0.123333333333333
"10899",0.125
"10900",0.123333333333333
"10901",0.125
"10902",0.123333333333333
"10903",0.123333333333333
"10904",0.123333333333333
"10905",0.123333333333333
"10906",0.123333333333333
"10907",0.123333333333333
"10908",0.123333333333333
"10909",0.123333333333333
"10910",0.123333333333333
"10911",0.123333333333333
"10912",0.123333333333333
"10913",0.123333333333333
"10914",0.123333333333333
"10915",0.123333333333333
"10916",0.123333333333333
"10917",0.123333333333333
"10918",0.123333333333333
"10919",0.123333333333333
"10920",0.123333333333333
"10921",0.123333333333333
"10922",0.125
"10923",0.125
"10924",0.125
"10925",0.125
"10926",0.126666666666667
"10927",0.125
"10928",0.126666666666667
"10929",0.125
"10930",0.125
"10931",0.125
"10932",0.125
"10933",0.125
"10934",0.125
"10935",0.125
"10936",0.125
"10937",0.125
"10938",0.125
"10939",0.125
"10940",0.125
"10941",0.125
"10942",0.125
"10943",0.125
"10944",0.125
"10945",0.125
"10946",0.125
"10947",0.125
"10948",0.125
"10949",0.121666666666667
"10950",0.121666666666667
"10951",0.121666666666667
"10952",0.121666666666667
"10953",0.123333333333333
"10954",0.121666666666667
"10955",0.123333333333333
"10956",0.121666666666667
"10957",0.121666666666667
"10958",0.121666666666667
"10959",0.121666666666667
"10960",0.121666666666667
"10961",0.121666666666667
"10962",0.121666666666667
"10963",0.121666666666667
"10964",0.121666666666667
"10965",0.121666666666667
"10966",0.121666666666667
"10967",0.121666666666667
"10968",0.121666666666667
"10969",0.121666666666667
"10970",0.121666666666667
"10971",0.121666666666667
"10972",0.121666666666667
"10973",0.121666666666667
"10974",0.121666666666667
"10975",0.121666666666667
"10976",0.123333333333333
"10977",0.123333333333333
"10978",0.123333333333333
"10979",0.123333333333333
"10980",0.125
"10981",0.123333333333333
"10982",0.125
"10983",0.123333333333333
"10984",0.123333333333333
"10985",0.123333333333333
"10986",0.123333333333333
"10987",0.123333333333333
"10988",0.123333333333333
"10989",0.123333333333333
"10990",0.123333333333333
"10991",0.123333333333333
"10992",0.123333333333333
"10993",0.123333333333333
"10994",0.123333333333333
"10995",0.123333333333333
"10996",0.123333333333333
"10997",0.123333333333333
"10998",0.123333333333333
"10999",0.123333333333333
"11000",0.123333333333333
"11001",0.123333333333333
"11002",0.123333333333333
"11003",0.118333333333333
"11004",0.118333333333333
"11005",0.118333333333333
"11006",0.118333333333333
"11007",0.12
"11008",0.118333333333333
"11009",0.12
"11010",0.118333333333333
"11011",0.118333333333333
"11012",0.118333333333333
"11013",0.118333333333333
"11014",0.118333333333333
"11015",0.118333333333333
"11016",0.118333333333333
"11017",0.118333333333333
"11018",0.118333333333333
"11019",0.118333333333333
"11020",0.118333333333333
"11021",0.118333333333333
"11022",0.118333333333333
"11023",0.118333333333333
"11024",0.118333333333333
"11025",0.118333333333333
"11026",0.118333333333333
"11027",0.118333333333333
"11028",0.118333333333333
"11029",0.118333333333333
"11030",0.126666666666667
"11031",0.126666666666667
"11032",0.126666666666667
"11033",0.126666666666667
"11034",0.128333333333333
"11035",0.126666666666667
"11036",0.128333333333333
"11037",0.126666666666667
"11038",0.126666666666667
"11039",0.126666666666667
"11040",0.126666666666667
"11041",0.126666666666667
"11042",0.126666666666667
"11043",0.126666666666667
"11044",0.126666666666667
"11045",0.126666666666667
"11046",0.126666666666667
"11047",0.126666666666667
"11048",0.126666666666667
"11049",0.126666666666667
"11050",0.126666666666667
"11051",0.126666666666667
"11052",0.126666666666667
"11053",0.126666666666667
"11054",0.126666666666667
"11055",0.126666666666667
"11056",0.126666666666667
"11057",0.125
"11058",0.125
"11059",0.125
"11060",0.125
"11061",0.126666666666667
"11062",0.125
"11063",0.126666666666667
"11064",0.125
"11065",0.125
"11066",0.125
"11067",0.125
"11068",0.125
"11069",0.125
"11070",0.125
"11071",0.125
"11072",0.125
"11073",0.125
"11074",0.125
"11075",0.125
"11076",0.125
"11077",0.125
"11078",0.125
"11079",0.125
"11080",0.125
"11081",0.125
"11082",0.125
"11083",0.125
"11084",0.126666666666667
"11085",0.126666666666667
"11086",0.126666666666667
"11087",0.126666666666667
"11088",0.128333333333333
"11089",0.126666666666667
"11090",0.128333333333333
"11091",0.126666666666667
"11092",0.126666666666667
"11093",0.126666666666667
"11094",0.126666666666667
"11095",0.126666666666667
"11096",0.126666666666667
"11097",0.126666666666667
"11098",0.126666666666667
"11099",0.126666666666667
"11100",0.126666666666667
"11101",0.126666666666667
"11102",0.126666666666667
"11103",0.126666666666667
"11104",0.126666666666667
"11105",0.126666666666667
"11106",0.126666666666667
"11107",0.126666666666667
"11108",0.126666666666667
"11109",0.126666666666667
"11110",0.126666666666667
"11111",0.126666666666667
"11112",0.126666666666667
"11113",0.126666666666667
"11114",0.126666666666667
"11115",0.128333333333333
"11116",0.126666666666667
"11117",0.128333333333333
"11118",0.126666666666667
"11119",0.126666666666667
"11120",0.126666666666667
"11121",0.126666666666667
"11122",0.126666666666667
"11123",0.126666666666667
"11124",0.126666666666667
"11125",0.126666666666667
"11126",0.126666666666667
"11127",0.126666666666667
"11128",0.126666666666667
"11129",0.126666666666667
"11130",0.126666666666667
"11131",0.126666666666667
"11132",0.126666666666667
"11133",0.126666666666667
"11134",0.126666666666667
"11135",0.126666666666667
"11136",0.126666666666667
"11137",0.126666666666667
"11138",0.125
"11139",0.125
"11140",0.125
"11141",0.125
"11142",0.126666666666667
"11143",0.125
"11144",0.126666666666667
"11145",0.125
"11146",0.125
"11147",0.125
"11148",0.125
"11149",0.125
"11150",0.125
"11151",0.125
"11152",0.125
"11153",0.125
"11154",0.125
"11155",0.125
"11156",0.125
"11157",0.125
"11158",0.125
"11159",0.125
"11160",0.125
"11161",0.125
"11162",0.125
"11163",0.125
"11164",0.125
"11165",0.123333333333333
"11166",0.123333333333333
"11167",0.123333333333333
"11168",0.123333333333333
"11169",0.125
"11170",0.123333333333333
"11171",0.125
"11172",0.123333333333333
"11173",0.123333333333333
"11174",0.123333333333333
"11175",0.123333333333333
"11176",0.123333333333333
"11177",0.123333333333333
"11178",0.123333333333333
"11179",0.123333333333333
"11180",0.123333333333333
"11181",0.123333333333333
"11182",0.123333333333333
"11183",0.123333333333333
"11184",0.123333333333333
"11185",0.123333333333333
"11186",0.123333333333333
"11187",0.123333333333333
"11188",0.123333333333333
"11189",0.123333333333333
"11190",0.123333333333333
"11191",0.123333333333333
"11192",0.12
"11193",0.12
"11194",0.12
"11195",0.12
"11196",0.121666666666667
"11197",0.12
"11198",0.121666666666667
"11199",0.12
"11200",0.12
"11201",0.12
"11202",0.12
"11203",0.12
"11204",0.12
"11205",0.12
"11206",0.12
"11207",0.12
"11208",0.12
"11209",0.12
"11210",0.12
"11211",0.12
"11212",0.12
"11213",0.12
"11214",0.12
"11215",0.12
"11216",0.12
"11217",0.12
"11218",0.12
"11219",0.118333333333333
"11220",0.118333333333333
"11221",0.118333333333333
"11222",0.118333333333333
"11223",0.12
"11224",0.118333333333333
"11225",0.12
"11226",0.118333333333333
"11227",0.118333333333333
"11228",0.118333333333333
"11229",0.118333333333333
"11230",0.118333333333333
"11231",0.118333333333333
"11232",0.118333333333333
"11233",0.118333333333333
"11234",0.118333333333333
"11235",0.118333333333333
"11236",0.118333333333333
"11237",0.118333333333333
"11238",0.118333333333333
"11239",0.118333333333333
"11240",0.118333333333333
"11241",0.118333333333333
"11242",0.118333333333333
"11243",0.118333333333333
"11244",0.118333333333333
"11245",0.118333333333333
"11246",0.118333333333333
"11247",0.118333333333333
"11248",0.118333333333333
"11249",0.118333333333333
"11250",0.12
"11251",0.118333333333333
"11252",0.12
"11253",0.118333333333333
"11254",0.118333333333333
"11255",0.118333333333333
"11256",0.118333333333333
"11257",0.118333333333333
"11258",0.118333333333333
"11259",0.118333333333333
"11260",0.118333333333333
"11261",0.118333333333333
"11262",0.118333333333333
"11263",0.118333333333333
"11264",0.118333333333333
"11265",0.118333333333333
"11266",0.118333333333333
"11267",0.118333333333333
"11268",0.118333333333333
"11269",0.118333333333333
"11270",0.118333333333333
"11271",0.118333333333333
"11272",0.118333333333333
"11273",0.123333333333333
"11274",0.123333333333333
"11275",0.123333333333333
"11276",0.123333333333333
"11277",0.125
"11278",0.123333333333333
"11279",0.125
"11280",0.123333333333333
"11281",0.123333333333333
"11282",0.123333333333333
"11283",0.123333333333333
"11284",0.123333333333333
"11285",0.123333333333333
"11286",0.123333333333333
"11287",0.123333333333333
"11288",0.123333333333333
"11289",0.123333333333333
"11290",0.123333333333333
"11291",0.123333333333333
"11292",0.123333333333333
"11293",0.123333333333333
"11294",0.123333333333333
"11295",0.123333333333333
"11296",0.123333333333333
"11297",0.123333333333333
"11298",0.123333333333333
"11299",0.123333333333333
"11300",0.115
"11301",0.115
"11302",0.115
"11303",0.115
"11304",0.116666666666667
"11305",0.115
"11306",0.116666666666667
"11307",0.115
"11308",0.115
"11309",0.115
"11310",0.115
"11311",0.115
"11312",0.115
"11313",0.115
"11314",0.115
"11315",0.115
"11316",0.115
"11317",0.115
"11318",0.115
"11319",0.115
"11320",0.115
"11321",0.115
"11322",0.115
"11323",0.115
"11324",0.115
"11325",0.115
"11326",0.115
"11327",0.0733333333333333
"11328",0.0733333333333333
"11329",0.0733333333333333
"11330",0.0733333333333333
"11331",0.0716666666666667
"11332",0.0733333333333333
"11333",0.075
"11334",0.0733333333333333
"11335",0.0733333333333333
"11336",0.0733333333333333
"11337",0.0733333333333333
"11338",0.0733333333333333
"11339",0.0733333333333333
"11340",0.0733333333333333
"11341",0.0733333333333333
"11342",0.0733333333333333
"11343",0.0733333333333333
"11344",0.0733333333333333
"11345",0.0733333333333333
"11346",0.0733333333333333
"11347",0.0733333333333333
"11348",0.0733333333333333
"11349",0.0733333333333333
"11350",0.0733333333333333
"11351",0.0733333333333333
"11352",0.0733333333333333
"11353",0.0733333333333333
"11354",0.0716666666666667
"11355",0.0716666666666667
"11356",0.0716666666666667
"11357",0.0716666666666667
"11358",0.07
"11359",0.0716666666666667
"11360",0.0733333333333333
"11361",0.0716666666666667
"11362",0.0716666666666667
"11363",0.0716666666666667
"11364",0.0716666666666667
"11365",0.0716666666666667
"11366",0.0716666666666667
"11367",0.0716666666666667
"11368",0.0716666666666667
"11369",0.0716666666666667
"11370",0.0716666666666667
"11371",0.0716666666666667
"11372",0.0716666666666667
"11373",0.0716666666666667
"11374",0.0716666666666667
"11375",0.0716666666666667
"11376",0.0716666666666667
"11377",0.0716666666666667
"11378",0.0716666666666667
"11379",0.0716666666666667
"11380",0.0716666666666667
"11381",0.0716666666666667
"11382",0.0716666666666667
"11383",0.0716666666666667
"11384",0.0716666666666667
"11385",0.07
"11386",0.0716666666666667
"11387",0.0733333333333333
"11388",0.0716666666666667
"11389",0.0716666666666667
"11390",0.0716666666666667
"11391",0.0716666666666667
"11392",0.0716666666666667
"11393",0.0716666666666667
"11394",0.0716666666666667
"11395",0.0716666666666667
"11396",0.0716666666666667
"11397",0.0716666666666667
"11398",0.0716666666666667
"11399",0.0716666666666667
"11400",0.0716666666666667
"11401",0.0716666666666667
"11402",0.0716666666666667
"11403",0.0716666666666667
"11404",0.0716666666666667
"11405",0.0716666666666667
"11406",0.0716666666666667
"11407",0.0716666666666667
"11408",0.123333333333333
"11409",0.123333333333333
"11410",0.123333333333333
"11411",0.123333333333333
"11412",0.123333333333333
"11413",0.123333333333333
"11414",0.125
"11415",0.123333333333333
"11416",0.123333333333333
"11417",0.123333333333333
"11418",0.123333333333333
"11419",0.123333333333333
"11420",0.123333333333333
"11421",0.123333333333333
"11422",0.123333333333333
"11423",0.123333333333333
"11424",0.123333333333333
"11425",0.123333333333333
"11426",0.123333333333333
"11427",0.123333333333333
"11428",0.123333333333333
"11429",0.123333333333333
"11430",0.123333333333333
"11431",0.123333333333333
"11432",0.123333333333333
"11433",0.123333333333333
"11434",0.123333333333333
"11435",0.123333333333333
"11436",0.123333333333333
"11437",0.123333333333333
"11438",0.123333333333333
"11439",0.123333333333333
"11440",0.123333333333333
"11441",0.125
"11442",0.123333333333333
"11443",0.123333333333333
"11444",0.123333333333333
"11445",0.123333333333333
"11446",0.123333333333333
"11447",0.123333333333333
"11448",0.123333333333333
"11449",0.123333333333333
"11450",0.123333333333333
"11451",0.123333333333333
"11452",0.123333333333333
"11453",0.123333333333333
"11454",0.123333333333333
"11455",0.123333333333333
"11456",0.123333333333333
"11457",0.123333333333333
"11458",0.123333333333333
"11459",0.123333333333333
"11460",0.123333333333333
"11461",0.123333333333333
"11462",0.123333333333333
"11463",0.123333333333333
"11464",0.123333333333333
"11465",0.123333333333333
"11466",0.123333333333333
"11467",0.123333333333333
"11468",0.125
"11469",0.123333333333333
"11470",0.123333333333333
"11471",0.123333333333333
"11472",0.123333333333333
"11473",0.123333333333333
"11474",0.123333333333333
"11475",0.123333333333333
"11476",0.123333333333333
"11477",0.123333333333333
"11478",0.123333333333333
"11479",0.123333333333333
"11480",0.123333333333333
"11481",0.123333333333333
"11482",0.123333333333333
"11483",0.123333333333333
"11484",0.123333333333333
"11485",0.123333333333333
"11486",0.123333333333333
"11487",0.123333333333333
"11488",0.123333333333333
"11489",0.118333333333333
"11490",0.118333333333333
"11491",0.118333333333333
"11492",0.118333333333333
"11493",0.116666666666667
"11494",0.118333333333333
"11495",0.12
"11496",0.118333333333333
"11497",0.118333333333333
"11498",0.118333333333333
"11499",0.118333333333333
"11500",0.118333333333333
"11501",0.118333333333333
"11502",0.118333333333333
"11503",0.118333333333333
"11504",0.118333333333333
"11505",0.118333333333333
"11506",0.118333333333333
"11507",0.118333333333333
"11508",0.118333333333333
"11509",0.118333333333333
"11510",0.118333333333333
"11511",0.118333333333333
"11512",0.118333333333333
"11513",0.118333333333333
"11514",0.118333333333333
"11515",0.118333333333333
"11516",0.116666666666667
"11517",0.116666666666667
"11518",0.116666666666667
"11519",0.116666666666667
"11520",0.115
"11521",0.116666666666667
"11522",0.118333333333333
"11523",0.116666666666667
"11524",0.116666666666667
"11525",0.116666666666667
"11526",0.116666666666667
"11527",0.116666666666667
"11528",0.116666666666667
"11529",0.116666666666667
"11530",0.116666666666667
"11531",0.116666666666667
"11532",0.116666666666667
"11533",0.116666666666667
"11534",0.116666666666667
"11535",0.116666666666667
"11536",0.116666666666667
"11537",0.116666666666667
"11538",0.116666666666667
"11539",0.116666666666667
"11540",0.116666666666667
"11541",0.116666666666667
"11542",0.116666666666667
"11543",0.116666666666667
"11544",0.116666666666667
"11545",0.116666666666667
"11546",0.116666666666667
"11547",0.115
"11548",0.116666666666667
"11549",0.118333333333333
"11550",0.116666666666667
"11551",0.116666666666667
"11552",0.116666666666667
"11553",0.116666666666667
"11554",0.116666666666667
"11555",0.116666666666667
"11556",0.116666666666667
"11557",0.116666666666667
"11558",0.116666666666667
"11559",0.116666666666667
"11560",0.116666666666667
"11561",0.116666666666667
"11562",0.116666666666667
"11563",0.116666666666667
"11564",0.116666666666667
"11565",0.116666666666667
"11566",0.116666666666667
"11567",0.116666666666667
"11568",0.116666666666667
"11569",0.116666666666667
"11570",0.118333333333333
"11571",0.118333333333333
"11572",0.118333333333333
"11573",0.118333333333333
"11574",0.116666666666667
"11575",0.118333333333333
"11576",0.12
"11577",0.118333333333333
"11578",0.118333333333333
"11579",0.118333333333333
"11580",0.118333333333333
"11581",0.118333333333333
"11582",0.118333333333333
"11583",0.118333333333333
"11584",0.118333333333333
"11585",0.118333333333333
"11586",0.118333333333333
"11587",0.118333333333333
"11588",0.118333333333333
"11589",0.118333333333333
"11590",0.118333333333333
"11591",0.118333333333333
"11592",0.118333333333333
"11593",0.118333333333333
"11594",0.118333333333333
"11595",0.118333333333333
"11596",0.118333333333333
"11597",0.116666666666667
"11598",0.116666666666667
"11599",0.116666666666667
"11600",0.116666666666667
"11601",0.115
"11602",0.116666666666667
"11603",0.118333333333333
"11604",0.116666666666667
"11605",0.116666666666667
"11606",0.116666666666667
"11607",0.116666666666667
"11608",0.116666666666667
"11609",0.116666666666667
"11610",0.116666666666667
"11611",0.116666666666667
"11612",0.116666666666667
"11613",0.116666666666667
"11614",0.116666666666667
"11615",0.116666666666667
"11616",0.116666666666667
"11617",0.116666666666667
"11618",0.116666666666667
"11619",0.116666666666667
"11620",0.116666666666667
"11621",0.116666666666667
"11622",0.116666666666667
"11623",0.116666666666667
"11624",0.116666666666667
"11625",0.116666666666667
"11626",0.116666666666667
"11627",0.116666666666667
"11628",0.115
"11629",0.116666666666667
"11630",0.118333333333333
"11631",0.116666666666667
"11632",0.116666666666667
"11633",0.116666666666667
"11634",0.116666666666667
"11635",0.116666666666667
"11636",0.116666666666667
"11637",0.116666666666667
"11638",0.116666666666667
"11639",0.116666666666667
"11640",0.116666666666667
"11641",0.116666666666667
"11642",0.116666666666667
"11643",0.116666666666667
"11644",0.116666666666667
"11645",0.116666666666667
"11646",0.116666666666667
"11647",0.116666666666667
"11648",0.116666666666667
"11649",0.116666666666667
"11650",0.116666666666667
"11651",0.118333333333333
"11652",0.118333333333333
"11653",0.118333333333333
"11654",0.118333333333333
"11655",0.116666666666667
"11656",0.118333333333333
"11657",0.12
"11658",0.118333333333333
"11659",0.118333333333333
"11660",0.118333333333333
"11661",0.118333333333333
"11662",0.118333333333333
"11663",0.118333333333333
"11664",0.118333333333333
"11665",0.118333333333333
"11666",0.118333333333333
"11667",0.118333333333333
"11668",0.118333333333333
"11669",0.118333333333333
"11670",0.118333333333333
"11671",0.118333333333333
"11672",0.118333333333333
"11673",0.118333333333333
"11674",0.118333333333333
"11675",0.118333333333333
"11676",0.118333333333333
"11677",0.118333333333333
"11678",0.118333333333333
"11679",0.118333333333333
"11680",0.118333333333333
"11681",0.118333333333333
"11682",0.116666666666667
"11683",0.118333333333333
"11684",0.12
"11685",0.118333333333333
"11686",0.118333333333333
"11687",0.118333333333333
"11688",0.118333333333333
"11689",0.118333333333333
"11690",0.118333333333333
"11691",0.118333333333333
"11692",0.118333333333333
"11693",0.118333333333333
"11694",0.118333333333333
"11695",0.118333333333333
"11696",0.118333333333333
"11697",0.118333333333333
"11698",0.118333333333333
"11699",0.118333333333333
"11700",0.118333333333333
"11701",0.118333333333333
"11702",0.118333333333333
"11703",0.118333333333333
"11704",0.118333333333333
"11705",0.118333333333333
"11706",0.118333333333333
"11707",0.118333333333333
"11708",0.118333333333333
"11709",0.116666666666667
"11710",0.118333333333333
"11711",0.12
"11712",0.118333333333333
"11713",0.118333333333333
"11714",0.118333333333333
"11715",0.118333333333333
"11716",0.118333333333333
"11717",0.118333333333333
"11718",0.118333333333333
"11719",0.118333333333333
"11720",0.118333333333333
"11721",0.118333333333333
"11722",0.118333333333333
"11723",0.118333333333333
"11724",0.118333333333333
"11725",0.118333333333333
"11726",0.118333333333333
"11727",0.118333333333333
"11728",0.118333333333333
"11729",0.118333333333333
"11730",0.118333333333333
"11731",0.118333333333333
"11732",0.118333333333333
"11733",0.118333333333333
"11734",0.118333333333333
"11735",0.118333333333333
"11736",0.116666666666667
"11737",0.118333333333333
"11738",0.12
"11739",0.118333333333333
"11740",0.118333333333333
"11741",0.118333333333333
"11742",0.118333333333333
"11743",0.118333333333333
"11744",0.118333333333333
"11745",0.118333333333333
"11746",0.118333333333333
"11747",0.118333333333333
"11748",0.118333333333333
"11749",0.118333333333333
"11750",0.118333333333333
"11751",0.118333333333333
"11752",0.118333333333333
"11753",0.118333333333333
"11754",0.118333333333333
"11755",0.118333333333333
"11756",0.118333333333333
"11757",0.118333333333333
"11758",0.118333333333333
"11759",0.118333333333333
"11760",0.118333333333333
"11761",0.118333333333333
"11762",0.118333333333333
"11763",0.116666666666667
"11764",0.118333333333333
"11765",0.12
"11766",0.118333333333333
"11767",0.118333333333333
"11768",0.118333333333333
"11769",0.118333333333333
"11770",0.118333333333333
"11771",0.118333333333333
"11772",0.118333333333333
"11773",0.118333333333333
"11774",0.118333333333333
"11775",0.118333333333333
"11776",0.118333333333333
"11777",0.118333333333333
"11778",0.118333333333333
"11779",0.118333333333333
"11780",0.118333333333333
"11781",0.118333333333333
"11782",0.118333333333333
"11783",0.118333333333333
"11784",0.118333333333333
"11785",0.118333333333333
"11786",0.116666666666667
"11787",0.116666666666667
"11788",0.116666666666667
"11789",0.116666666666667
"11790",0.115
"11791",0.116666666666667
"11792",0.118333333333333
"11793",0.116666666666667
"11794",0.116666666666667
"11795",0.116666666666667
"11796",0.116666666666667
"11797",0.116666666666667
"11798",0.116666666666667
"11799",0.116666666666667
"11800",0.116666666666667
"11801",0.116666666666667
"11802",0.116666666666667
"11803",0.116666666666667
"11804",0.116666666666667
"11805",0.116666666666667
"11806",0.116666666666667
"11807",0.116666666666667
"11808",0.116666666666667
"11809",0.116666666666667
"11810",0.116666666666667
"11811",0.116666666666667
"11812",0.116666666666667
"11813",0.118333333333333
"11814",0.118333333333333
"11815",0.118333333333333
"11816",0.118333333333333
"11817",0.116666666666667
"11818",0.118333333333333
"11819",0.12
"11820",0.118333333333333
"11821",0.118333333333333
"11822",0.118333333333333
"11823",0.118333333333333
"11824",0.118333333333333
"11825",0.118333333333333
"11826",0.118333333333333
"11827",0.118333333333333
"11828",0.118333333333333
"11829",0.118333333333333
"11830",0.118333333333333
"11831",0.118333333333333
"11832",0.118333333333333
"11833",0.118333333333333
"11834",0.118333333333333
"11835",0.118333333333333
"11836",0.118333333333333
"11837",0.118333333333333
"11838",0.118333333333333
"11839",0.118333333333333
"11840",0.118333333333333
"11841",0.118333333333333
"11842",0.118333333333333
"11843",0.118333333333333
"11844",0.116666666666667
"11845",0.118333333333333
"11846",0.12
"11847",0.118333333333333
"11848",0.118333333333333
"11849",0.118333333333333
"11850",0.118333333333333
"11851",0.118333333333333
"11852",0.118333333333333
"11853",0.118333333333333
"11854",0.118333333333333
"11855",0.118333333333333
"11856",0.118333333333333
"11857",0.118333333333333
"11858",0.118333333333333
"11859",0.118333333333333
"11860",0.118333333333333
"11861",0.118333333333333
"11862",0.118333333333333
"11863",0.118333333333333
"11864",0.118333333333333
"11865",0.118333333333333
"11866",0.118333333333333
"11867",0.118333333333333
"11868",0.118333333333333
"11869",0.118333333333333
"11870",0.118333333333333
"11871",0.116666666666667
"11872",0.118333333333333
"11873",0.12
"11874",0.118333333333333
"11875",0.118333333333333
"11876",0.118333333333333
"11877",0.118333333333333
"11878",0.118333333333333
"11879",0.118333333333333
"11880",0.118333333333333
"11881",0.118333333333333
"11882",0.118333333333333
"11883",0.118333333333333
"11884",0.118333333333333
"11885",0.118333333333333
"11886",0.118333333333333
"11887",0.118333333333333
"11888",0.118333333333333
"11889",0.118333333333333
"11890",0.118333333333333
"11891",0.118333333333333
"11892",0.118333333333333
"11893",0.118333333333333
"11894",0.118333333333333
"11895",0.118333333333333
"11896",0.118333333333333
"11897",0.118333333333333
"11898",0.116666666666667
"11899",0.118333333333333
"11900",0.12
"11901",0.118333333333333
"11902",0.118333333333333
"11903",0.118333333333333
"11904",0.118333333333333
"11905",0.118333333333333
"11906",0.118333333333333
"11907",0.118333333333333
"11908",0.118333333333333
"11909",0.118333333333333
"11910",0.118333333333333
"11911",0.118333333333333
"11912",0.118333333333333
"11913",0.118333333333333
"11914",0.118333333333333
"11915",0.118333333333333
"11916",0.118333333333333
"11917",0.118333333333333
"11918",0.118333333333333
"11919",0.118333333333333
"11920",0.118333333333333
"11921",0.121666666666667
"11922",0.121666666666667
"11923",0.121666666666667
"11924",0.121666666666667
"11925",0.12
"11926",0.121666666666667
"11927",0.123333333333333
"11928",0.121666666666667
"11929",0.121666666666667
"11930",0.121666666666667
"11931",0.121666666666667
"11932",0.121666666666667
"11933",0.121666666666667
"11934",0.121666666666667
"11935",0.121666666666667
"11936",0.121666666666667
"11937",0.121666666666667
"11938",0.121666666666667
"11939",0.121666666666667
"11940",0.121666666666667
"11941",0.121666666666667
"11942",0.121666666666667
"11943",0.121666666666667
"11944",0.121666666666667
"11945",0.121666666666667
"11946",0.121666666666667
"11947",0.121666666666667
"11948",0.123333333333333
"11949",0.123333333333333
"11950",0.123333333333333
"11951",0.123333333333333
"11952",0.121666666666667
"11953",0.123333333333333
"11954",0.125
"11955",0.123333333333333
"11956",0.123333333333333
"11957",0.123333333333333
"11958",0.123333333333333
"11959",0.123333333333333
"11960",0.123333333333333
"11961",0.123333333333333
"11962",0.123333333333333
"11963",0.123333333333333
"11964",0.123333333333333
"11965",0.123333333333333
"11966",0.123333333333333
"11967",0.123333333333333
"11968",0.123333333333333
"11969",0.123333333333333
"11970",0.123333333333333
"11971",0.123333333333333
"11972",0.123333333333333
"11973",0.123333333333333
"11974",0.123333333333333
"11975",0.123333333333333
"11976",0.123333333333333
"11977",0.123333333333333
"11978",0.123333333333333
"11979",0.121666666666667
"11980",0.123333333333333
"11981",0.125
"11982",0.123333333333333
"11983",0.123333333333333
"11984",0.123333333333333
"11985",0.123333333333333
"11986",0.123333333333333
"11987",0.123333333333333
"11988",0.123333333333333
"11989",0.123333333333333
"11990",0.123333333333333
"11991",0.123333333333333
"11992",0.123333333333333
"11993",0.123333333333333
"11994",0.123333333333333
"11995",0.123333333333333
"11996",0.123333333333333
"11997",0.123333333333333
"11998",0.123333333333333
"11999",0.123333333333333
"12000",0.123333333333333
"12001",0.123333333333333
"12002",0.121666666666667
"12003",0.121666666666667
"12004",0.121666666666667
"12005",0.121666666666667
"12006",0.123333333333333
"12007",0.121666666666667
"12008",0.123333333333333
"12009",0.121666666666667
"12010",0.121666666666667
"12011",0.121666666666667
"12012",0.121666666666667
"12013",0.121666666666667
"12014",0.121666666666667
"12015",0.121666666666667
"12016",0.121666666666667
"12017",0.121666666666667
"12018",0.121666666666667
"12019",0.121666666666667
"12020",0.121666666666667
"12021",0.121666666666667
"12022",0.121666666666667
"12023",0.121666666666667
"12024",0.121666666666667
"12025",0.121666666666667
"12026",0.121666666666667
"12027",0.121666666666667
"12028",0.121666666666667
"12029",0.121666666666667
"12030",0.121666666666667
"12031",0.121666666666667
"12032",0.121666666666667
"12033",0.123333333333333
"12034",0.121666666666667
"12035",0.123333333333333
"12036",0.121666666666667
"12037",0.121666666666667
"12038",0.121666666666667
"12039",0.121666666666667
"12040",0.121666666666667
"12041",0.121666666666667
"12042",0.121666666666667
"12043",0.121666666666667
"12044",0.121666666666667
"12045",0.121666666666667
"12046",0.121666666666667
"12047",0.121666666666667
"12048",0.121666666666667
"12049",0.121666666666667
"12050",0.121666666666667
"12051",0.121666666666667
"12052",0.121666666666667
"12053",0.121666666666667
"12054",0.121666666666667
"12055",0.121666666666667
"12056",0.121666666666667
"12057",0.121666666666667
"12058",0.121666666666667
"12059",0.121666666666667
"12060",0.123333333333333
"12061",0.121666666666667
"12062",0.123333333333333
"12063",0.121666666666667
"12064",0.121666666666667
"12065",0.121666666666667
"12066",0.121666666666667
"12067",0.121666666666667
"12068",0.121666666666667
"12069",0.121666666666667
"12070",0.121666666666667
"12071",0.121666666666667
"12072",0.121666666666667
"12073",0.121666666666667
"12074",0.121666666666667
"12075",0.121666666666667
"12076",0.121666666666667
"12077",0.121666666666667
"12078",0.121666666666667
"12079",0.121666666666667
"12080",0.121666666666667
"12081",0.121666666666667
"12082",0.121666666666667
"12083",0.108333333333333
"12084",0.108333333333333
"12085",0.108333333333333
"12086",0.108333333333333
"12087",0.11
"12088",0.108333333333333
"12089",0.11
"12090",0.108333333333333
"12091",0.108333333333333
"12092",0.108333333333333
"12093",0.108333333333333
"12094",0.108333333333333
"12095",0.108333333333333
"12096",0.108333333333333
"12097",0.108333333333333
"12098",0.108333333333333
"12099",0.108333333333333
"12100",0.108333333333333
"12101",0.108333333333333
"12102",0.108333333333333
"12103",0.108333333333333
"12104",0.108333333333333
"12105",0.108333333333333
"12106",0.108333333333333
"12107",0.108333333333333
"12108",0.108333333333333
"12109",0.108333333333333
"12110",0.106666666666667
"12111",0.106666666666667
"12112",0.106666666666667
"12113",0.106666666666667
"12114",0.108333333333333
"12115",0.106666666666667
"12116",0.108333333333333
"12117",0.106666666666667
"12118",0.106666666666667
"12119",0.106666666666667
"12120",0.106666666666667
"12121",0.106666666666667
"12122",0.106666666666667
"12123",0.106666666666667
"12124",0.106666666666667
"12125",0.106666666666667
"12126",0.106666666666667
"12127",0.106666666666667
"12128",0.106666666666667
"12129",0.106666666666667
"12130",0.106666666666667
"12131",0.106666666666667
"12132",0.106666666666667
"12133",0.106666666666667
"12134",0.106666666666667
"12135",0.106666666666667
"12136",0.106666666666667
"12137",0.106666666666667
"12138",0.106666666666667
"12139",0.106666666666667
"12140",0.106666666666667
"12141",0.108333333333333
"12142",0.106666666666667
"12143",0.108333333333333
"12144",0.106666666666667
"12145",0.106666666666667
"12146",0.106666666666667
"12147",0.106666666666667
"12148",0.106666666666667
"12149",0.106666666666667
"12150",0.106666666666667
"12151",0.106666666666667
"12152",0.106666666666667
"12153",0.106666666666667
"12154",0.106666666666667
"12155",0.106666666666667
"12156",0.106666666666667
"12157",0.106666666666667
"12158",0.106666666666667
"12159",0.106666666666667
"12160",0.106666666666667
"12161",0.106666666666667
"12162",0.106666666666667
"12163",0.106666666666667
"12164",0.11
"12165",0.11
"12166",0.11
"12167",0.11
"12168",0.111666666666667
"12169",0.11
"12170",0.111666666666667
"12171",0.11
"12172",0.11
"12173",0.11
"12174",0.11
"12175",0.11
"12176",0.11
"12177",0.11
"12178",0.11
"12179",0.11
"12180",0.11
"12181",0.11
"12182",0.11
"12183",0.11
"12184",0.11
"12185",0.11
"12186",0.11
"12187",0.11
"12188",0.11
"12189",0.11
"12190",0.11
"12191",0.106666666666667
"12192",0.106666666666667
"12193",0.106666666666667
"12194",0.106666666666667
"12195",0.108333333333333
"12196",0.106666666666667
"12197",0.108333333333333
"12198",0.106666666666667
"12199",0.106666666666667
"12200",0.106666666666667
"12201",0.106666666666667
"12202",0.106666666666667
"12203",0.106666666666667
"12204",0.106666666666667
"12205",0.106666666666667
"12206",0.106666666666667
"12207",0.106666666666667
"12208",0.106666666666667
"12209",0.106666666666667
"12210",0.106666666666667
"12211",0.106666666666667
"12212",0.106666666666667
"12213",0.106666666666667
"12214",0.106666666666667
"12215",0.106666666666667
"12216",0.106666666666667
"12217",0.106666666666667
"12218",0.106666666666667
"12219",0.106666666666667
"12220",0.106666666666667
"12221",0.106666666666667
"12222",0.108333333333333
"12223",0.106666666666667
"12224",0.108333333333333
"12225",0.106666666666667
"12226",0.106666666666667
"12227",0.106666666666667
"12228",0.106666666666667
"12229",0.106666666666667
"12230",0.106666666666667
"12231",0.106666666666667
"12232",0.106666666666667
"12233",0.106666666666667
"12234",0.106666666666667
"12235",0.106666666666667
"12236",0.106666666666667
"12237",0.106666666666667
"12238",0.106666666666667
"12239",0.106666666666667
"12240",0.106666666666667
"12241",0.106666666666667
"12242",0.106666666666667
"12243",0.106666666666667
"12244",0.106666666666667
"12245",0.106666666666667
"12246",0.106666666666667
"12247",0.106666666666667
"12248",0.106666666666667
"12249",0.108333333333333
"12250",0.106666666666667
"12251",0.108333333333333
"12252",0.106666666666667
"12253",0.106666666666667
"12254",0.106666666666667
"12255",0.106666666666667
"12256",0.106666666666667
"12257",0.106666666666667
"12258",0.106666666666667
"12259",0.106666666666667
"12260",0.106666666666667
"12261",0.106666666666667
"12262",0.106666666666667
"12263",0.106666666666667
"12264",0.106666666666667
"12265",0.106666666666667
"12266",0.106666666666667
"12267",0.106666666666667
"12268",0.106666666666667
"12269",0.106666666666667
"12270",0.106666666666667
"12271",0.106666666666667
"12272",0.106666666666667
"12273",0.106666666666667
"12274",0.106666666666667
"12275",0.106666666666667
"12276",0.108333333333333
"12277",0.106666666666667
"12278",0.108333333333333
"12279",0.106666666666667
"12280",0.106666666666667
"12281",0.106666666666667
"12282",0.106666666666667
"12283",0.106666666666667
"12284",0.106666666666667
"12285",0.106666666666667
"12286",0.106666666666667
"12287",0.106666666666667
"12288",0.106666666666667
"12289",0.106666666666667
"12290",0.106666666666667
"12291",0.106666666666667
"12292",0.106666666666667
"12293",0.106666666666667
"12294",0.106666666666667
"12295",0.106666666666667
"12296",0.106666666666667
"12297",0.106666666666667
"12298",0.106666666666667
"12299",0.106666666666667
"12300",0.106666666666667
"12301",0.106666666666667
"12302",0.106666666666667
"12303",0.108333333333333
"12304",0.106666666666667
"12305",0.108333333333333
"12306",0.106666666666667
"12307",0.106666666666667
"12308",0.106666666666667
"12309",0.106666666666667
"12310",0.106666666666667
"12311",0.106666666666667
"12312",0.106666666666667
"12313",0.106666666666667
"12314",0.106666666666667
"12315",0.106666666666667
"12316",0.106666666666667
"12317",0.106666666666667
"12318",0.106666666666667
"12319",0.106666666666667
"12320",0.106666666666667
"12321",0.106666666666667
"12322",0.106666666666667
"12323",0.106666666666667
"12324",0.106666666666667
"12325",0.106666666666667
"12326",0.101666666666667
"12327",0.101666666666667
"12328",0.101666666666667
"12329",0.101666666666667
"12330",0.103333333333333
"12331",0.101666666666667
"12332",0.103333333333333
"12333",0.101666666666667
"12334",0.101666666666667
"12335",0.101666666666667
"12336",0.101666666666667
"12337",0.101666666666667
"12338",0.101666666666667
"12339",0.101666666666667
"12340",0.101666666666667
"12341",0.101666666666667
"12342",0.101666666666667
"12343",0.101666666666667
"12344",0.101666666666667
"12345",0.101666666666667
"12346",0.101666666666667
"12347",0.101666666666667
"12348",0.101666666666667
"12349",0.101666666666667
"12350",0.101666666666667
"12351",0.101666666666667
"12352",0.101666666666667
"12353",0.103333333333333
"12354",0.103333333333333
"12355",0.103333333333333
"12356",0.103333333333333
"12357",0.105
"12358",0.103333333333333
"12359",0.105
"12360",0.103333333333333
"12361",0.103333333333333
"12362",0.103333333333333
"12363",0.103333333333333
"12364",0.103333333333333
"12365",0.103333333333333
"12366",0.103333333333333
"12367",0.103333333333333
"12368",0.103333333333333
"12369",0.103333333333333
"12370",0.103333333333333
"12371",0.103333333333333
"12372",0.103333333333333
"12373",0.103333333333333
"12374",0.103333333333333
"12375",0.103333333333333
"12376",0.103333333333333
"12377",0.103333333333333
"12378",0.103333333333333
"12379",0.103333333333333
"12380",0.103333333333333
"12381",0.103333333333333
"12382",0.103333333333333
"12383",0.103333333333333
"12384",0.105
"12385",0.103333333333333
"12386",0.105
"12387",0.103333333333333
"12388",0.103333333333333
"12389",0.103333333333333
"12390",0.103333333333333
"12391",0.103333333333333
"12392",0.103333333333333
"12393",0.103333333333333
"12394",0.103333333333333
"12395",0.103333333333333
"12396",0.103333333333333
"12397",0.103333333333333
"12398",0.103333333333333
"12399",0.103333333333333
"12400",0.103333333333333
"12401",0.103333333333333
"12402",0.103333333333333
"12403",0.103333333333333
"12404",0.103333333333333
"12405",0.103333333333333
"12406",0.103333333333333
"12407",0.103333333333333
"12408",0.103333333333333
"12409",0.103333333333333
"12410",0.103333333333333
"12411",0.105
"12412",0.103333333333333
"12413",0.105
"12414",0.103333333333333
"12415",0.103333333333333
"12416",0.103333333333333
"12417",0.103333333333333
"12418",0.103333333333333
"12419",0.103333333333333
"12420",0.103333333333333
"12421",0.103333333333333
"12422",0.103333333333333
"12423",0.103333333333333
"12424",0.103333333333333
"12425",0.103333333333333
"12426",0.103333333333333
"12427",0.103333333333333
"12428",0.103333333333333
"12429",0.103333333333333
"12430",0.103333333333333
"12431",0.103333333333333
"12432",0.103333333333333
"12433",0.103333333333333
"12434",0.103333333333333
"12435",0.103333333333333
"12436",0.103333333333333
"12437",0.103333333333333
"12438",0.105
"12439",0.103333333333333
"12440",0.105
"12441",0.103333333333333
"12442",0.103333333333333
"12443",0.103333333333333
"12444",0.103333333333333
"12445",0.103333333333333
"12446",0.103333333333333
"12447",0.103333333333333
"12448",0.103333333333333
"12449",0.103333333333333
"12450",0.103333333333333
"12451",0.103333333333333
"12452",0.103333333333333
"12453",0.103333333333333
"12454",0.103333333333333
"12455",0.103333333333333
"12456",0.103333333333333
"12457",0.103333333333333
"12458",0.103333333333333
"12459",0.103333333333333
"12460",0.103333333333333
"12461",0.103333333333333
"12462",0.103333333333333
"12463",0.103333333333333
"12464",0.103333333333333
"12465",0.105
"12466",0.103333333333333
"12467",0.105
"12468",0.103333333333333
"12469",0.103333333333333
"12470",0.103333333333333
"12471",0.103333333333333
"12472",0.103333333333333
"12473",0.103333333333333
"12474",0.103333333333333
"12475",0.103333333333333
"12476",0.103333333333333
"12477",0.103333333333333
"12478",0.103333333333333
"12479",0.103333333333333
"12480",0.103333333333333
"12481",0.103333333333333
"12482",0.103333333333333
"12483",0.103333333333333
"12484",0.103333333333333
"12485",0.103333333333333
"12486",0.103333333333333
"12487",0.103333333333333
"12488",0.103333333333333
"12489",0.103333333333333
"12490",0.103333333333333
"12491",0.103333333333333
"12492",0.105
"12493",0.103333333333333
"12494",0.105
"12495",0.103333333333333
"12496",0.103333333333333
"12497",0.103333333333333
"12498",0.103333333333333
"12499",0.103333333333333
"12500",0.103333333333333
"12501",0.103333333333333
"12502",0.103333333333333
"12503",0.103333333333333
"12504",0.103333333333333
"12505",0.103333333333333
"12506",0.103333333333333
"12507",0.103333333333333
"12508",0.103333333333333
"12509",0.103333333333333
"12510",0.103333333333333
"12511",0.103333333333333
"12512",0.103333333333333
"12513",0.103333333333333
"12514",0.103333333333333
"12515",0.106666666666667
"12516",0.106666666666667
"12517",0.106666666666667
"12518",0.106666666666667
"12519",0.108333333333333
"12520",0.106666666666667
"12521",0.108333333333333
"12522",0.106666666666667
"12523",0.106666666666667
"12524",0.106666666666667
"12525",0.106666666666667
"12526",0.106666666666667
"12527",0.106666666666667
"12528",0.106666666666667
"12529",0.106666666666667
"12530",0.106666666666667
"12531",0.106666666666667
"12532",0.106666666666667
"12533",0.106666666666667
"12534",0.106666666666667
"12535",0.106666666666667
"12536",0.106666666666667
"12537",0.106666666666667
"12538",0.106666666666667
"12539",0.106666666666667
"12540",0.106666666666667
"12541",0.106666666666667
"12542",0.103333333333333
"12543",0.103333333333333
"12544",0.103333333333333
"12545",0.103333333333333
"12546",0.105
"12547",0.103333333333333
"12548",0.105
"12549",0.103333333333333
"12550",0.103333333333333
"12551",0.103333333333333
"12552",0.103333333333333
"12553",0.103333333333333
"12554",0.103333333333333
"12555",0.103333333333333
"12556",0.103333333333333
"12557",0.103333333333333
"12558",0.103333333333333
"12559",0.103333333333333
"12560",0.103333333333333
"12561",0.103333333333333
"12562",0.103333333333333
"12563",0.103333333333333
"12564",0.103333333333333
"12565",0.103333333333333
"12566",0.103333333333333
"12567",0.103333333333333
"12568",0.103333333333333
"12569",0.101666666666667
"12570",0.101666666666667
"12571",0.101666666666667
"12572",0.101666666666667
"12573",0.103333333333333
"12574",0.101666666666667
"12575",0.103333333333333
"12576",0.101666666666667
"12577",0.101666666666667
"12578",0.101666666666667
"12579",0.101666666666667
"12580",0.101666666666667
"12581",0.101666666666667
"12582",0.101666666666667
"12583",0.101666666666667
"12584",0.101666666666667
"12585",0.101666666666667
"12586",0.101666666666667
"12587",0.101666666666667
"12588",0.101666666666667
"12589",0.101666666666667
"12590",0.101666666666667
"12591",0.101666666666667
"12592",0.101666666666667
"12593",0.101666666666667
"12594",0.101666666666667
"12595",0.101666666666667
"12596",0.101666666666667
"12597",0.101666666666667
"12598",0.101666666666667
"12599",0.101666666666667
"12600",0.103333333333333
"12601",0.101666666666667
"12602",0.103333333333333
"12603",0.101666666666667
"12604",0.101666666666667
"12605",0.101666666666667
"12606",0.101666666666667
"12607",0.101666666666667
"12608",0.101666666666667
"12609",0.101666666666667
"12610",0.101666666666667
"12611",0.101666666666667
"12612",0.101666666666667
"12613",0.101666666666667
"12614",0.101666666666667
"12615",0.101666666666667
"12616",0.101666666666667
"12617",0.101666666666667
"12618",0.101666666666667
"12619",0.101666666666667
"12620",0.101666666666667
"12621",0.101666666666667
"12622",0.101666666666667
"12623",0.103333333333333
"12624",0.103333333333333
"12625",0.103333333333333
"12626",0.103333333333333
"12627",0.105
"12628",0.103333333333333
"12629",0.105
"12630",0.103333333333333
"12631",0.103333333333333
"12632",0.103333333333333
"12633",0.103333333333333
"12634",0.103333333333333
"12635",0.103333333333333
"12636",0.103333333333333
"12637",0.103333333333333
"12638",0.103333333333333
"12639",0.103333333333333
"12640",0.103333333333333
"12641",0.103333333333333
"12642",0.103333333333333
"12643",0.103333333333333
"12644",0.103333333333333
"12645",0.103333333333333
"12646",0.103333333333333
"12647",0.103333333333333
"12648",0.103333333333333
"12649",0.103333333333333
"12650",0.101666666666667
"12651",0.101666666666667
"12652",0.101666666666667
"12653",0.101666666666667
"12654",0.103333333333333
"12655",0.101666666666667
"12656",0.103333333333333
"12657",0.101666666666667
"12658",0.101666666666667
"12659",0.101666666666667
"12660",0.101666666666667
"12661",0.101666666666667
"12662",0.101666666666667
"12663",0.101666666666667
"12664",0.101666666666667
"12665",0.101666666666667
"12666",0.101666666666667
"12667",0.101666666666667
"12668",0.101666666666667
"12669",0.101666666666667
"12670",0.101666666666667
"12671",0.101666666666667
"12672",0.101666666666667
"12673",0.101666666666667
"12674",0.101666666666667
"12675",0.101666666666667
"12676",0.101666666666667
"12677",0.0983333333333333
"12678",0.0983333333333333
"12679",0.0983333333333333
"12680",0.0983333333333333
"12681",0.1
"12682",0.0983333333333333
"12683",0.1
"12684",0.0983333333333333
"12685",0.0983333333333333
"12686",0.0983333333333333
"12687",0.0983333333333333
"12688",0.0983333333333333
"12689",0.0983333333333333
"12690",0.0983333333333333
"12691",0.0983333333333333
"12692",0.0983333333333333
"12693",0.0983333333333333
"12694",0.0983333333333333
"12695",0.0983333333333333
"12696",0.0983333333333333
"12697",0.0983333333333333
"12698",0.0983333333333333
"12699",0.0983333333333333
"12700",0.0983333333333333
"12701",0.0983333333333333
"12702",0.0983333333333333
"12703",0.0983333333333333
"12704",0.101666666666667
"12705",0.101666666666667
"12706",0.101666666666667
"12707",0.101666666666667
"12708",0.103333333333333
"12709",0.101666666666667
"12710",0.103333333333333
"12711",0.101666666666667
"12712",0.101666666666667
"12713",0.101666666666667
"12714",0.101666666666667
"12715",0.101666666666667
"12716",0.101666666666667
"12717",0.101666666666667
"12718",0.101666666666667
"12719",0.101666666666667
"12720",0.101666666666667
"12721",0.101666666666667
"12722",0.101666666666667
"12723",0.101666666666667
"12724",0.101666666666667
"12725",0.101666666666667
"12726",0.101666666666667
"12727",0.101666666666667
"12728",0.101666666666667
"12729",0.101666666666667
"12730",0.101666666666667
"12731",0.101666666666667
"12732",0.101666666666667
"12733",0.101666666666667
"12734",0.101666666666667
"12735",0.103333333333333
"12736",0.101666666666667
"12737",0.103333333333333
"12738",0.101666666666667
"12739",0.101666666666667
"12740",0.101666666666667
"12741",0.101666666666667
"12742",0.101666666666667
"12743",0.101666666666667
"12744",0.101666666666667
"12745",0.101666666666667
"12746",0.101666666666667
"12747",0.101666666666667
"12748",0.101666666666667
"12749",0.101666666666667
"12750",0.101666666666667
"12751",0.101666666666667
"12752",0.101666666666667
"12753",0.101666666666667
"12754",0.101666666666667
"12755",0.101666666666667
"12756",0.101666666666667
"12757",0.101666666666667
"12758",0.1
"12759",0.1
"12760",0.1
"12761",0.1
"12762",0.101666666666667
"12763",0.1
"12764",0.101666666666667
"12765",0.1
"12766",0.1
"12767",0.1
"12768",0.1
"12769",0.1
"12770",0.1
"12771",0.1
"12772",0.1
"12773",0.1
"12774",0.1
"12775",0.1
"12776",0.1
"12777",0.1
"12778",0.1
"12779",0.1
"12780",0.1
"12781",0.1
"12782",0.1
"12783",0.1
"12784",0.1
"12785",0.1
"12786",0.1
"12787",0.1
"12788",0.1
"12789",0.101666666666667
"12790",0.1
"12791",0.101666666666667
"12792",0.1
"12793",0.1
"12794",0.1
"12795",0.1
"12796",0.1
"12797",0.1
"12798",0.1
"12799",0.1
"12800",0.1
"12801",0.1
"12802",0.1
"12803",0.1
"12804",0.1
"12805",0.1
"12806",0.1
"12807",0.1
"12808",0.1
"12809",0.1
"12810",0.1
"12811",0.1
"12812",0.0983333333333333
"12813",0.0983333333333333
"12814",0.0983333333333333
"12815",0.0983333333333333
"12816",0.1
"12817",0.0983333333333333
"12818",0.1
"12819",0.0983333333333333
"12820",0.0983333333333333
"12821",0.0983333333333333
"12822",0.0983333333333333
"12823",0.0983333333333333
"12824",0.0983333333333333
"12825",0.0983333333333333
"12826",0.0983333333333333
"12827",0.0983333333333333
"12828",0.0983333333333333
"12829",0.0983333333333333
"12830",0.0983333333333333
"12831",0.0983333333333333
"12832",0.0983333333333333
"12833",0.0983333333333333
"12834",0.0983333333333333
"12835",0.0983333333333333
"12836",0.0983333333333333
"12837",0.0983333333333333
"12838",0.0983333333333333
"12839",0.1
"12840",0.1
"12841",0.1
"12842",0.1
"12843",0.101666666666667
"12844",0.1
"12845",0.101666666666667
"12846",0.1
"12847",0.1
"12848",0.1
"12849",0.1
"12850",0.1
"12851",0.1
"12852",0.1
"12853",0.1
"12854",0.1
"12855",0.1
"12856",0.1
"12857",0.1
"12858",0.1
"12859",0.1
"12860",0.1
"12861",0.1
"12862",0.1
"12863",0.1
"12864",0.1
"12865",0.1
"12866",0.1
"12867",0.1
"12868",0.1
"12869",0.1
"12870",0.101666666666667
"12871",0.1
"12872",0.101666666666667
"12873",0.1
"12874",0.1
"12875",0.1
"12876",0.1
"12877",0.1
"12878",0.1
"12879",0.1
"12880",0.1
"12881",0.1
"12882",0.1
"12883",0.1
"12884",0.1
"12885",0.1
"12886",0.1
"12887",0.1
"12888",0.1
"12889",0.1
"12890",0.1
"12891",0.1
"12892",0.1
"12893",0.105
"12894",0.105
"12895",0.105
"12896",0.105
"12897",0.106666666666667
"12898",0.105
"12899",0.106666666666667
"12900",0.105
"12901",0.105
"12902",0.105
"12903",0.105
"12904",0.105
"12905",0.105
"12906",0.105
"12907",0.105
"12908",0.105
"12909",0.105
"12910",0.105
"12911",0.105
"12912",0.105
"12913",0.105
"12914",0.105
"12915",0.105
"12916",0.105
"12917",0.105
"12918",0.105
"12919",0.105
"12920",0.105
"12921",0.105
"12922",0.105
"12923",0.105
"12924",0.106666666666667
"12925",0.105
"12926",0.106666666666667
"12927",0.105
"12928",0.105
"12929",0.105
"12930",0.105
"12931",0.105
"12932",0.105
"12933",0.105
"12934",0.105
"12935",0.105
"12936",0.105
"12937",0.105
"12938",0.105
"12939",0.105
"12940",0.105
"12941",0.105
"12942",0.105
"12943",0.105
"12944",0.105
"12945",0.105
"12946",0.105
"12947",0.1
"12948",0.1
"12949",0.1
"12950",0.1
"12951",0.101666666666667
"12952",0.1
"12953",0.101666666666667
"12954",0.1
"12955",0.1
"12956",0.1
"12957",0.1
"12958",0.1
"12959",0.1
"12960",0.1
"12961",0.1
"12962",0.1
"12963",0.1
"12964",0.1
"12965",0.1
"12966",0.1
"12967",0.1
"12968",0.1
"12969",0.1
"12970",0.1
"12971",0.1
"12972",0.1
"12973",0.1
"12974",0.1
"12975",0.1
"12976",0.1
"12977",0.1
"12978",0.101666666666667
"12979",0.1
"12980",0.101666666666667
"12981",0.1
"12982",0.1
"12983",0.1
"12984",0.1
"12985",0.1
"12986",0.1
"12987",0.1
"12988",0.1
"12989",0.1
"12990",0.1
"12991",0.1
"12992",0.1
"12993",0.1
"12994",0.1
"12995",0.1
"12996",0.1
"12997",0.1
"12998",0.1
"12999",0.1
"13000",0.1
"13001",0.11
"13002",0.11
"13003",0.11
"13004",0.11
"13005",0.111666666666667
"13006",0.11
"13007",0.111666666666667
"13008",0.11
"13009",0.11
"13010",0.11
"13011",0.11
"13012",0.11
"13013",0.11
"13014",0.11
"13015",0.11
"13016",0.11
"13017",0.11
"13018",0.11
"13019",0.11
"13020",0.11
"13021",0.11
"13022",0.11
"13023",0.11
"13024",0.11
"13025",0.11
"13026",0.11
"13027",0.11
"13028",0.108333333333333
"13029",0.108333333333333
"13030",0.108333333333333
"13031",0.108333333333333
"13032",0.11
"13033",0.108333333333333
"13034",0.11
"13035",0.108333333333333
"13036",0.108333333333333
"13037",0.108333333333333
"13038",0.108333333333333
"13039",0.108333333333333
"13040",0.108333333333333
"13041",0.108333333333333
"13042",0.108333333333333
"13043",0.108333333333333
"13044",0.108333333333333
"13045",0.108333333333333
"13046",0.108333333333333
"13047",0.108333333333333
"13048",0.108333333333333
"13049",0.108333333333333
"13050",0.108333333333333
"13051",0.108333333333333
"13052",0.108333333333333
"13053",0.108333333333333
"13054",0.108333333333333
"13055",0.11
"13056",0.11
"13057",0.11
"13058",0.11
"13059",0.108333333333333
"13060",0.11
"13061",0.111666666666667
"13062",0.11
"13063",0.11
"13064",0.11
"13065",0.11
"13066",0.11
"13067",0.11
"13068",0.11
"13069",0.11
"13070",0.11
"13071",0.11
"13072",0.11
"13073",0.11
"13074",0.11
"13075",0.11
"13076",0.11
"13077",0.11
"13078",0.11
"13079",0.11
"13080",0.11
"13081",0.11
"13082",0.11
"13083",0.11
"13084",0.11
"13085",0.11
"13086",0.111666666666667
"13087",0.11
"13088",0.111666666666667
"13089",0.11
"13090",0.11
"13091",0.11
"13092",0.11
"13093",0.11
"13094",0.11
"13095",0.11
"13096",0.11
"13097",0.11
"13098",0.11
"13099",0.11
"13100",0.11
"13101",0.11
"13102",0.11
"13103",0.11
"13104",0.11
"13105",0.11
"13106",0.11
"13107",0.11
"13108",0.11
"13109",0.108333333333333
"13110",0.108333333333333
"13111",0.108333333333333
"13112",0.108333333333333
"13113",0.11
"13114",0.108333333333333
"13115",0.11
"13116",0.108333333333333
"13117",0.108333333333333
"13118",0.108333333333333
"13119",0.108333333333333
"13120",0.108333333333333
"13121",0.108333333333333
"13122",0.108333333333333
"13123",0.108333333333333
"13124",0.108333333333333
"13125",0.108333333333333
"13126",0.108333333333333
"13127",0.108333333333333
"13128",0.108333333333333
"13129",0.108333333333333
"13130",0.108333333333333
"13131",0.108333333333333
"13132",0.108333333333333
"13133",0.108333333333333
"13134",0.108333333333333
"13135",0.108333333333333
"13136",0.11
"13137",0.11
"13138",0.11
"13139",0.11
"13140",0.111666666666667
"13141",0.11
"13142",0.111666666666667
"13143",0.11
"13144",0.11
"13145",0.11
"13146",0.11
"13147",0.11
"13148",0.11
"13149",0.11
"13150",0.11
"13151",0.11
"13152",0.11
"13153",0.11
"13154",0.11
"13155",0.11
"13156",0.11
"13157",0.11
"13158",0.11
"13159",0.11
"13160",0.11
"13161",0.11
"13162",0.11
"13163",0.11
"13164",0.11
"13165",0.11
"13166",0.11
"13167",0.111666666666667
"13168",0.11
"13169",0.111666666666667
"13170",0.11
"13171",0.11
"13172",0.11
"13173",0.11
"13174",0.11
"13175",0.11
"13176",0.11
"13177",0.11
"13178",0.11
"13179",0.11
"13180",0.11
"13181",0.11
"13182",0.11
"13183",0.11
"13184",0.11
"13185",0.11
"13186",0.11
"13187",0.11
"13188",0.11
"13189",0.11
"13190",0.11
"13191",0.11
"13192",0.11
"13193",0.11
"13194",0.111666666666667
"13195",0.11
"13196",0.111666666666667
"13197",0.11
"13198",0.11
"13199",0.11
"13200",0.11
"13201",0.11
"13202",0.11
"13203",0.11
"13204",0.11
"13205",0.11
"13206",0.11
"13207",0.11
"13208",0.11
"13209",0.11
"13210",0.11
"13211",0.11
"13212",0.11
"13213",0.11
"13214",0.11
"13215",0.11
"13216",0.11
"13217",0.115
"13218",0.115
"13219",0.115
"13220",0.115
"13221",0.113333333333333
"13222",0.115
"13223",0.116666666666667
"13224",0.115
"13225",0.115
"13226",0.115
"13227",0.115
"13228",0.115
"13229",0.115
"13230",0.115
"13231",0.115
"13232",0.115
"13233",0.115
"13234",0.115
"13235",0.115
"13236",0.115
"13237",0.115
"13238",0.115
"13239",0.115
"13240",0.115
"13241",0.115
"13242",0.115
"13243",0.115
"13244",0.115
"13245",0.125
"13246",0.125
"13247",0.125
"13248",0.125
"13249",0.123333333333333
"13250",0.125
"13251",0.126666666666667
"13252",0.125
"13253",0.125
"13254",0.125
"13255",0.125
"13256",0.125
"13257",0.125
"13258",0.125
"13259",0.125
"13260",0.125
"13261",0.125
"13262",0.125
"13263",0.125
"13264",0.125
"13265",0.125
"13266",0.125
"13267",0.125
"13268",0.125
"13269",0.125
"13270",0.125
"13271",0.125
"13272",0.125
"13273",0.108333333333333
"13274",0.108333333333333
"13275",0.108333333333333
"13276",0.108333333333333
"13277",0.11
"13278",0.108333333333333
"13279",0.11
"13280",0.108333333333333
"13281",0.108333333333333
"13282",0.108333333333333
"13283",0.108333333333333
"13284",0.108333333333333
"13285",0.108333333333333
"13286",0.108333333333333
"13287",0.108333333333333
"13288",0.108333333333333
"13289",0.108333333333333
"13290",0.108333333333333
"13291",0.108333333333333
"13292",0.108333333333333
"13293",0.108333333333333
"13294",0.108333333333333
"13295",0.108333333333333
"13296",0.108333333333333
"13297",0.108333333333333
"13298",0.108333333333333
"13299",0.108333333333333
"13300",0.108333333333333
"13301",0.108333333333333
"13302",0.108333333333333
"13303",0.108333333333333
"13304",0.108333333333333
"13305",0.11
"13306",0.108333333333333
"13307",0.11
"13308",0.108333333333333
"13309",0.108333333333333
"13310",0.108333333333333
"13311",0.108333333333333
"13312",0.108333333333333
"13313",0.108333333333333
"13314",0.108333333333333
"13315",0.108333333333333
"13316",0.108333333333333
"13317",0.108333333333333
"13318",0.108333333333333
"13319",0.108333333333333
"13320",0.108333333333333
"13321",0.108333333333333
"13322",0.108333333333333
"13323",0.108333333333333
"13324",0.108333333333333
"13325",0.108333333333333
"13326",0.108333333333333
"13327",0.108333333333333
"13328",0.108333333333333
"13329",0.106666666666667
"13330",0.106666666666667
"13331",0.106666666666667
"13332",0.106666666666667
"13333",0.108333333333333
"13334",0.106666666666667
"13335",0.108333333333333
"13336",0.106666666666667
"13337",0.106666666666667
"13338",0.106666666666667
"13339",0.106666666666667
"13340",0.106666666666667
"13341",0.106666666666667
"13342",0.106666666666667
"13343",0.106666666666667
"13344",0.106666666666667
"13345",0.106666666666667
"13346",0.106666666666667
"13347",0.106666666666667
"13348",0.106666666666667
"13349",0.106666666666667
"13350",0.106666666666667
"13351",0.106666666666667
"13352",0.106666666666667
"13353",0.106666666666667
"13354",0.106666666666667
"13355",0.106666666666667
"13356",0.106666666666667
"13357",0.106666666666667
"13358",0.106666666666667
"13359",0.106666666666667
"13360",0.106666666666667
"13361",0.108333333333333
"13362",0.106666666666667
"13363",0.108333333333333
"13364",0.106666666666667
"13365",0.106666666666667
"13366",0.106666666666667
"13367",0.106666666666667
"13368",0.106666666666667
"13369",0.106666666666667
"13370",0.106666666666667
"13371",0.106666666666667
"13372",0.106666666666667
"13373",0.106666666666667
"13374",0.106666666666667
"13375",0.106666666666667
"13376",0.106666666666667
"13377",0.106666666666667
"13378",0.106666666666667
"13379",0.106666666666667
"13380",0.106666666666667
"13381",0.106666666666667
"13382",0.106666666666667
"13383",0.106666666666667
"13384",0.106666666666667
"13385",0.106666666666667
"13386",0.106666666666667
"13387",0.106666666666667
"13388",0.106666666666667
"13389",0.108333333333333
"13390",0.106666666666667
"13391",0.108333333333333
"13392",0.106666666666667
"13393",0.106666666666667
"13394",0.106666666666667
"13395",0.106666666666667
"13396",0.106666666666667
"13397",0.106666666666667
"13398",0.106666666666667
"13399",0.106666666666667
"13400",0.106666666666667
"13401",0.106666666666667
"13402",0.106666666666667
"13403",0.106666666666667
"13404",0.106666666666667
"13405",0.106666666666667
"13406",0.106666666666667
"13407",0.106666666666667
"13408",0.106666666666667
"13409",0.106666666666667
"13410",0.106666666666667
"13411",0.106666666666667
"13412",0.106666666666667
"13413",0.106666666666667
"13414",0.106666666666667
"13415",0.106666666666667
"13416",0.106666666666667
"13417",0.108333333333333
"13418",0.106666666666667
"13419",0.108333333333333
"13420",0.106666666666667
"13421",0.106666666666667
"13422",0.106666666666667
"13423",0.106666666666667
"13424",0.106666666666667
"13425",0.106666666666667
"13426",0.106666666666667
"13427",0.106666666666667
"13428",0.106666666666667
"13429",0.106666666666667
"13430",0.106666666666667
"13431",0.106666666666667
"13432",0.106666666666667
"13433",0.106666666666667
"13434",0.106666666666667
"13435",0.106666666666667
"13436",0.106666666666667
"13437",0.106666666666667
"13438",0.106666666666667
"13439",0.106666666666667
"13440",0.106666666666667
"13441",0.106666666666667
"13442",0.106666666666667
"13443",0.106666666666667
"13444",0.106666666666667
"13445",0.108333333333333
"13446",0.106666666666667
"13447",0.108333333333333
"13448",0.106666666666667
"13449",0.106666666666667
"13450",0.106666666666667
"13451",0.106666666666667
"13452",0.106666666666667
"13453",0.106666666666667
"13454",0.106666666666667
"13455",0.106666666666667
"13456",0.106666666666667
"13457",0.106666666666667
"13458",0.106666666666667
"13459",0.106666666666667
"13460",0.106666666666667
"13461",0.106666666666667
"13462",0.106666666666667
"13463",0.106666666666667
"13464",0.106666666666667
"13465",0.106666666666667
"13466",0.106666666666667
"13467",0.106666666666667
"13468",0.106666666666667
"13469",0.106666666666667
"13470",0.106666666666667
"13471",0.106666666666667
"13472",0.106666666666667
"13473",0.108333333333333
"13474",0.106666666666667
"13475",0.108333333333333
"13476",0.106666666666667
"13477",0.106666666666667
"13478",0.106666666666667
"13479",0.106666666666667
"13480",0.106666666666667
"13481",0.106666666666667
"13482",0.106666666666667
"13483",0.106666666666667
"13484",0.106666666666667
"13485",0.106666666666667
"13486",0.106666666666667
"13487",0.106666666666667
"13488",0.106666666666667
"13489",0.106666666666667
"13490",0.106666666666667
"13491",0.106666666666667
"13492",0.106666666666667
"13493",0.106666666666667
"13494",0.106666666666667
"13495",0.106666666666667
"13496",0.106666666666667
"13497",0.106666666666667
"13498",0.106666666666667
"13499",0.106666666666667
"13500",0.106666666666667
"13501",0.108333333333333
"13502",0.106666666666667
"13503",0.108333333333333
"13504",0.106666666666667
"13505",0.106666666666667
"13506",0.106666666666667
"13507",0.106666666666667
"13508",0.106666666666667
"13509",0.106666666666667
"13510",0.106666666666667
"13511",0.106666666666667
"13512",0.106666666666667
"13513",0.106666666666667
"13514",0.106666666666667
"13515",0.106666666666667
"13516",0.106666666666667
"13517",0.106666666666667
"13518",0.106666666666667
"13519",0.106666666666667
"13520",0.106666666666667
"13521",0.106666666666667
"13522",0.106666666666667
"13523",0.106666666666667
"13524",0.106666666666667
"13525",0.106666666666667
"13526",0.106666666666667
"13527",0.106666666666667
"13528",0.106666666666667
"13529",0.108333333333333
"13530",0.106666666666667
"13531",0.108333333333333
"13532",0.106666666666667
"13533",0.106666666666667
"13534",0.106666666666667
"13535",0.106666666666667
"13536",0.106666666666667
"13537",0.106666666666667
"13538",0.106666666666667
"13539",0.106666666666667
"13540",0.106666666666667
"13541",0.106666666666667
"13542",0.106666666666667
"13543",0.106666666666667
"13544",0.106666666666667
"13545",0.106666666666667
"13546",0.106666666666667
"13547",0.106666666666667
"13548",0.106666666666667
"13549",0.106666666666667
"13550",0.106666666666667
"13551",0.106666666666667
"13552",0.106666666666667
"13553",0.106666666666667
"13554",0.106666666666667
"13555",0.106666666666667
"13556",0.106666666666667
"13557",0.108333333333333
"13558",0.106666666666667
"13559",0.108333333333333
"13560",0.106666666666667
"13561",0.106666666666667
"13562",0.106666666666667
"13563",0.106666666666667
"13564",0.106666666666667
"13565",0.106666666666667
"13566",0.106666666666667
"13567",0.106666666666667
"13568",0.106666666666667
"13569",0.106666666666667
"13570",0.106666666666667
"13571",0.106666666666667
"13572",0.106666666666667
"13573",0.106666666666667
"13574",0.106666666666667
"13575",0.106666666666667
"13576",0.106666666666667
"13577",0.106666666666667
"13578",0.106666666666667
"13579",0.106666666666667
"13580",0.106666666666667
"13581",0.105
"13582",0.105
"13583",0.105
"13584",0.105
"13585",0.106666666666667
"13586",0.105
"13587",0.106666666666667
"13588",0.105
"13589",0.105
"13590",0.105
"13591",0.105
"13592",0.105
"13593",0.105
"13594",0.105
"13595",0.105
"13596",0.105
"13597",0.105
"13598",0.105
"13599",0.105
"13600",0.105
"13601",0.105
"13602",0.105
"13603",0.105
"13604",0.105
"13605",0.105
"13606",0.105
"13607",0.105
"13608",0.105
"13609",0.106666666666667
"13610",0.106666666666667
"13611",0.106666666666667
"13612",0.106666666666667
"13613",0.108333333333333
"13614",0.106666666666667
"13615",0.108333333333333
"13616",0.106666666666667
"13617",0.106666666666667
"13618",0.106666666666667
"13619",0.106666666666667
"13620",0.106666666666667
"13621",0.106666666666667
"13622",0.106666666666667
"13623",0.106666666666667
"13624",0.106666666666667
"13625",0.106666666666667
"13626",0.106666666666667
"13627",0.106666666666667
"13628",0.106666666666667
"13629",0.106666666666667
"13630",0.106666666666667
"13631",0.106666666666667
"13632",0.106666666666667
"13633",0.106666666666667
"13634",0.106666666666667
"13635",0.106666666666667
"13636",0.106666666666667
"13637",0.106666666666667
"13638",0.106666666666667
"13639",0.106666666666667
"13640",0.106666666666667
"13641",0.108333333333333
"13642",0.106666666666667
"13643",0.108333333333333
"13644",0.106666666666667
"13645",0.106666666666667
"13646",0.106666666666667
"13647",0.106666666666667
"13648",0.106666666666667
"13649",0.106666666666667
"13650",0.106666666666667
"13651",0.106666666666667
"13652",0.106666666666667
"13653",0.106666666666667
"13654",0.106666666666667
"13655",0.106666666666667
"13656",0.106666666666667
"13657",0.106666666666667
"13658",0.106666666666667
"13659",0.106666666666667
"13660",0.106666666666667
"13661",0.106666666666667
"13662",0.106666666666667
"13663",0.106666666666667
"13664",0.106666666666667
"13665",0.118333333333333
"13666",0.118333333333333
"13667",0.118333333333333
"13668",0.118333333333333
"13669",0.116666666666667
"13670",0.118333333333333
"13671",0.12
"13672",0.118333333333333
"13673",0.118333333333333
"13674",0.118333333333333
"13675",0.118333333333333
"13676",0.118333333333333
"13677",0.118333333333333
"13678",0.118333333333333
"13679",0.118333333333333
"13680",0.118333333333333
"13681",0.118333333333333
"13682",0.118333333333333
"13683",0.118333333333333
"13684",0.118333333333333
"13685",0.118333333333333
"13686",0.118333333333333
"13687",0.118333333333333
"13688",0.118333333333333
"13689",0.118333333333333
"13690",0.118333333333333
"13691",0.118333333333333
"13692",0.118333333333333
"13693",0.143333333333333
"13694",0.143333333333333
"13695",0.143333333333333
"13696",0.143333333333333
"13697",0.145
"13698",0.143333333333333
"13699",0.145
"13700",0.143333333333333
"13701",0.143333333333333
"13702",0.143333333333333
"13703",0.143333333333333
"13704",0.143333333333333
"13705",0.143333333333333
"13706",0.143333333333333
"13707",0.143333333333333
"13708",0.143333333333333
"13709",0.143333333333333
"13710",0.143333333333333
"13711",0.143333333333333
"13712",0.143333333333333
"13713",0.143333333333333
"13714",0.143333333333333
"13715",0.143333333333333
"13716",0.143333333333333
"13717",0.143333333333333
"13718",0.143333333333333
"13719",0.143333333333333
"13720",0.143333333333333
"13721",0.125
"13722",0.125
"13723",0.125
"13724",0.125
"13725",0.123333333333333
"13726",0.125
"13727",0.126666666666667
"13728",0.125
"13729",0.125
"13730",0.125
"13731",0.125
"13732",0.125
"13733",0.125
"13734",0.125
"13735",0.125
"13736",0.125
"13737",0.125
"13738",0.125
"13739",0.125
"13740",0.125
"13741",0.125
"13742",0.125
"13743",0.125
"13744",0.125
"13745",0.125
"13746",0.125
"13747",0.125
"13748",0.125
"13749",0.125
"13750",0.125
"13751",0.125
"13752",0.125
"13753",0.123333333333333
"13754",0.125
"13755",0.126666666666667
"13756",0.125
"13757",0.125
"13758",0.125
"13759",0.125
"13760",0.125
"13761",0.125
"13762",0.125
"13763",0.125
"13764",0.125
"13765",0.125
"13766",0.125
"13767",0.125
"13768",0.125
"13769",0.125
"13770",0.125
"13771",0.125
"13772",0.125
"13773",0.125
"13774",0.125
"13775",0.125
"13776",0.125
"13777",0.145
"13778",0.145
"13779",0.145
"13780",0.145
"13781",0.146666666666667
"13782",0.145
"13783",0.146666666666667
"13784",0.145
"13785",0.145
"13786",0.145
"13787",0.145
"13788",0.145
"13789",0.145
"13790",0.145
"13791",0.145
"13792",0.145
"13793",0.145
"13794",0.145
"13795",0.145
"13796",0.145
"13797",0.145
"13798",0.145
"13799",0.145
"13800",0.145
"13801",0.145
"13802",0.145
"13803",0.145
"13804",0.145
"13805",0.121666666666667
"13806",0.121666666666667
"13807",0.121666666666667
"13808",0.121666666666667
"13809",0.121666666666667
"13810",0.121666666666667
"13811",0.123333333333333
"13812",0.121666666666667
"13813",0.121666666666667
"13814",0.121666666666667
"13815",0.121666666666667
"13816",0.121666666666667
"13817",0.121666666666667
"13818",0.121666666666667
"13819",0.121666666666667
"13820",0.121666666666667
"13821",0.121666666666667
"13822",0.121666666666667
"13823",0.121666666666667
"13824",0.121666666666667
"13825",0.121666666666667
"13826",0.121666666666667
"13827",0.121666666666667
"13828",0.121666666666667
"13829",0.121666666666667
"13830",0.121666666666667
"13831",0.121666666666667
"13832",0.121666666666667
"13833",0.123333333333333
"13834",0.123333333333333
"13835",0.123333333333333
"13836",0.123333333333333
"13837",0.125
"13838",0.123333333333333
"13839",0.125
"13840",0.123333333333333
"13841",0.123333333333333
"13842",0.123333333333333
"13843",0.123333333333333
"13844",0.123333333333333
"13845",0.123333333333333
"13846",0.123333333333333
"13847",0.123333333333333
"13848",0.123333333333333
"13849",0.123333333333333
"13850",0.123333333333333
"13851",0.123333333333333
"13852",0.123333333333333
"13853",0.123333333333333
"13854",0.123333333333333
"13855",0.123333333333333
"13856",0.123333333333333
"13857",0.123333333333333
"13858",0.123333333333333
"13859",0.123333333333333
"13860",0.123333333333333
"13861",0.0733333333333333
"13862",0.0733333333333333
"13863",0.0733333333333333
"13864",0.0733333333333333
"13865",0.0716666666666667
"13866",0.0733333333333333
"13867",0.075
"13868",0.0733333333333333
"13869",0.0733333333333333
"13870",0.0733333333333333
"13871",0.0733333333333333
"13872",0.0733333333333333
"13873",0.0733333333333333
"13874",0.0733333333333333
"13875",0.0733333333333333
"13876",0.0733333333333333
"13877",0.0733333333333333
"13878",0.0733333333333333
"13879",0.0733333333333333
"13880",0.0733333333333333
"13881",0.0733333333333333
"13882",0.0733333333333333
"13883",0.0733333333333333
"13884",0.0733333333333333
"13885",0.0733333333333333
"13886",0.0733333333333333
"13887",0.0733333333333333
"13888",0.0733333333333333
"13889",0.0716666666666667
"13890",0.0716666666666667
"13891",0.0716666666666667
"13892",0.0716666666666667
"13893",0.07
"13894",0.0716666666666667
"13895",0.0733333333333333
"13896",0.0716666666666667
"13897",0.0716666666666667
"13898",0.0716666666666667
"13899",0.0716666666666667
"13900",0.0716666666666667
"13901",0.0716666666666667
"13902",0.0716666666666667
"13903",0.0716666666666667
"13904",0.0716666666666667
"13905",0.0716666666666667
"13906",0.0716666666666667
"13907",0.0716666666666667
"13908",0.0716666666666667
"13909",0.0716666666666667
"13910",0.0716666666666667
"13911",0.0716666666666667
"13912",0.0716666666666667
"13913",0.0716666666666667
"13914",0.0716666666666667
"13915",0.0716666666666667
"13916",0.0716666666666667
"13917",0.0716666666666667
"13918",0.0716666666666667
"13919",0.0716666666666667
"13920",0.0716666666666667
"13921",0.07
"13922",0.0716666666666667
"13923",0.0733333333333333
"13924",0.0716666666666667
"13925",0.0716666666666667
"13926",0.0716666666666667
"13927",0.0716666666666667
"13928",0.0716666666666667
"13929",0.0716666666666667
"13930",0.0716666666666667
"13931",0.0716666666666667
"13932",0.0716666666666667
"13933",0.0716666666666667
"13934",0.0716666666666667
"13935",0.0716666666666667
"13936",0.0716666666666667
"13937",0.0716666666666667
"13938",0.0716666666666667
"13939",0.0716666666666667
"13940",0.0716666666666667
"13941",0.0716666666666667
"13942",0.0716666666666667
"13943",0.0716666666666667
"13944",0.0716666666666667
"13945",0.075
"13946",0.075
"13947",0.075
"13948",0.075
"13949",0.0733333333333333
"13950",0.075
"13951",0.0766666666666667
"13952",0.075
"13953",0.075
"13954",0.075
"13955",0.075
"13956",0.075
"13957",0.075
"13958",0.075
"13959",0.075
"13960",0.075
"13961",0.075
"13962",0.075
"13963",0.075
"13964",0.075
"13965",0.075
"13966",0.075
"13967",0.075
"13968",0.075
"13969",0.075
"13970",0.075
"13971",0.075
"13972",0.075
"13973",0.0716666666666667
"13974",0.0716666666666667
"13975",0.0716666666666667
"13976",0.0716666666666667
"13977",0.07
"13978",0.0716666666666667
"13979",0.0733333333333333
"13980",0.0716666666666667
"13981",0.0716666666666667
"13982",0.0716666666666667
"13983",0.0716666666666667
"13984",0.0716666666666667
"13985",0.0716666666666667
"13986",0.0716666666666667
"13987",0.0716666666666667
"13988",0.0716666666666667
"13989",0.0716666666666667
"13990",0.0716666666666667
"13991",0.0716666666666667
"13992",0.0716666666666667
"13993",0.0716666666666667
"13994",0.0716666666666667
"13995",0.0716666666666667
"13996",0.0716666666666667
"13997",0.0716666666666667
"13998",0.0716666666666667
"13999",0.0716666666666667
"14000",0.0716666666666667
"14001",0.118333333333333
"14002",0.118333333333333
"14003",0.118333333333333
"14004",0.118333333333333
"14005",0.116666666666667
"14006",0.118333333333333
"14007",0.12
"14008",0.118333333333333
"14009",0.118333333333333
"14010",0.118333333333333
"14011",0.118333333333333
"14012",0.118333333333333
"14013",0.118333333333333
"14014",0.118333333333333
"14015",0.118333333333333
"14016",0.118333333333333
"14017",0.118333333333333
"14018",0.118333333333333
"14019",0.118333333333333
"14020",0.118333333333333
"14021",0.118333333333333
"14022",0.118333333333333
"14023",0.118333333333333
"14024",0.118333333333333
"14025",0.118333333333333
"14026",0.118333333333333
"14027",0.118333333333333
"14028",0.118333333333333
"14029",0.116666666666667
"14030",0.116666666666667
"14031",0.116666666666667
"14032",0.116666666666667
"14033",0.115
"14034",0.116666666666667
"14035",0.118333333333333
"14036",0.116666666666667
"14037",0.116666666666667
"14038",0.116666666666667
"14039",0.116666666666667
"14040",0.116666666666667
"14041",0.116666666666667
"14042",0.116666666666667
"14043",0.116666666666667
"14044",0.116666666666667
"14045",0.116666666666667
"14046",0.116666666666667
"14047",0.116666666666667
"14048",0.116666666666667
"14049",0.116666666666667
"14050",0.116666666666667
"14051",0.116666666666667
"14052",0.116666666666667
"14053",0.116666666666667
"14054",0.116666666666667
"14055",0.116666666666667
"14056",0.116666666666667
"14057",0.118333333333333
"14058",0.118333333333333
"14059",0.118333333333333
"14060",0.118333333333333
"14061",0.116666666666667
"14062",0.118333333333333
"14063",0.12
"14064",0.118333333333333
"14065",0.118333333333333
"14066",0.118333333333333
"14067",0.118333333333333
"14068",0.118333333333333
"14069",0.118333333333333
"14070",0.118333333333333
"14071",0.118333333333333
"14072",0.118333333333333
"14073",0.118333333333333
"14074",0.118333333333333
"14075",0.118333333333333
"14076",0.118333333333333
"14077",0.118333333333333
"14078",0.118333333333333
"14079",0.118333333333333
"14080",0.118333333333333
"14081",0.118333333333333
"14082",0.118333333333333
"14083",0.118333333333333
"14084",0.118333333333333
"14085",0.118333333333333
"14086",0.118333333333333
"14087",0.118333333333333
"14088",0.118333333333333
"14089",0.116666666666667
"14090",0.118333333333333
"14091",0.12
"14092",0.118333333333333
"14093",0.118333333333333
"14094",0.118333333333333
"14095",0.118333333333333
"14096",0.118333333333333
"14097",0.118333333333333
"14098",0.118333333333333
"14099",0.118333333333333
"14100",0.118333333333333
"14101",0.118333333333333
"14102",0.118333333333333
"14103",0.118333333333333
"14104",0.118333333333333
"14105",0.118333333333333
"14106",0.118333333333333
"14107",0.118333333333333
"14108",0.118333333333333
"14109",0.118333333333333
"14110",0.118333333333333
"14111",0.118333333333333
"14112",0.118333333333333
"14113",0.118333333333333
"14114",0.118333333333333
"14115",0.118333333333333
"14116",0.118333333333333
"14117",0.116666666666667
"14118",0.118333333333333
"14119",0.12
"14120",0.118333333333333
"14121",0.118333333333333
"14122",0.118333333333333
"14123",0.118333333333333
"14124",0.118333333333333
"14125",0.118333333333333
"14126",0.118333333333333
"14127",0.118333333333333
"14128",0.118333333333333
"14129",0.118333333333333
"14130",0.118333333333333
"14131",0.118333333333333
"14132",0.118333333333333
"14133",0.118333333333333
"14134",0.118333333333333
"14135",0.118333333333333
"14136",0.118333333333333
"14137",0.118333333333333
"14138",0.118333333333333
"14139",0.118333333333333
"14140",0.118333333333333
"14141",0.116666666666667
"14142",0.116666666666667
"14143",0.116666666666667
"14144",0.116666666666667
"14145",0.115
"14146",0.116666666666667
"14147",0.118333333333333
"14148",0.116666666666667
"14149",0.116666666666667
"14150",0.116666666666667
"14151",0.116666666666667
"14152",0.116666666666667
"14153",0.116666666666667
"14154",0.116666666666667
"14155",0.116666666666667
"14156",0.116666666666667
"14157",0.116666666666667
"14158",0.116666666666667
"14159",0.116666666666667
"14160",0.116666666666667
"14161",0.116666666666667
"14162",0.116666666666667
"14163",0.116666666666667
"14164",0.116666666666667
"14165",0.116666666666667
"14166",0.116666666666667
"14167",0.116666666666667
"14168",0.116666666666667
"14169",0.12
"14170",0.12
"14171",0.12
"14172",0.12
"14173",0.118333333333333
"14174",0.12
"14175",0.121666666666667
"14176",0.12
"14177",0.12
"14178",0.12
"14179",0.12
"14180",0.12
"14181",0.12
"14182",0.12
"14183",0.12
"14184",0.12
"14185",0.12
"14186",0.12
"14187",0.12
"14188",0.12
"14189",0.12
"14190",0.12
"14191",0.12
"14192",0.12
"14193",0.12
"14194",0.12
"14195",0.12
"14196",0.12
"14197",0.12
"14198",0.12
"14199",0.12
"14200",0.12
"14201",0.118333333333333
"14202",0.12
"14203",0.121666666666667
"14204",0.12
"14205",0.12
"14206",0.12
"14207",0.12
"14208",0.12
"14209",0.12
"14210",0.12
"14211",0.12
"14212",0.12
"14213",0.12
"14214",0.12
"14215",0.12
"14216",0.12
"14217",0.12
"14218",0.12
"14219",0.12
"14220",0.12
"14221",0.12
"14222",0.12
"14223",0.12
"14224",0.12
"14225",0.138333333333333
"14226",0.138333333333333
"14227",0.14
"14228",0.138333333333333
"14229",0.138333333333333
"14230",0.14
"14231",0.136666666666667
"14232",0.136666666666667
"14233",0.138333333333333
"14234",0.138333333333333
"14235",0.138333333333333
"14236",0.14
"14237",0.138333333333333
"14238",0.138333333333333
"14239",0.14
"14240",0.121666666666667
"14241",0.121666666666667
"14242",0.12
"14243",0.123333333333333
"14244",0.123333333333333
"14245",0.121666666666667
"14246",0.121666666666667
"14247",0.121666666666667
"14248",0.12
"14249",0.123333333333333
"14250",0.123333333333333
"14251",0.121666666666667
"14252",0.121666666666667
"14253",0.121666666666667
"14254",0.12
"14255",0.123333333333333
"14256",0.123333333333333
"14257",0.121666666666667
"14258",0.123333333333333
"14259",0.123333333333333
"14260",0.121666666666667
"14261",0.123333333333333
"14262",0.123333333333333
"14263",0.121666666666667
"14264",0.121666666666667
"14265",0.121666666666667
"14266",0.12
"14267",0.121666666666667
"14268",0.121666666666667
"14269",0.12
"14270",0.121666666666667
"14271",0.121666666666667
"14272",0.12
"14273",0.121666666666667
"14274",0.121666666666667
"14275",0.12
"14276",0.123333333333333
"14277",0.123333333333333
"14278",0.121666666666667
"14279",0.123333333333333
"14280",0.123333333333333
"14281",0.121666666666667
"14282",0.121666666666667
"14283",0.121666666666667
"14284",0.12
"14285",0.121666666666667
"14286",0.121666666666667
"14287",0.12
"14288",0.0933333333333333
"14289",0.0933333333333333
"14290",0.095
"14291",0.0933333333333333
"14292",0.0933333333333333
"14293",0.095
"14294",0.0916666666666667
"14295",0.0916666666666667
"14296",0.0933333333333333
"14297",0.0933333333333333
"14298",0.0933333333333333
"14299",0.095
"14300",0.0933333333333333
"14301",0.0933333333333333
"14302",0.095
"14303",0.0916666666666667
"14304",0.0916666666666667
"14305",0.0933333333333333
"14306",0.0916666666666667
"14307",0.0916666666666667
"14308",0.0933333333333333
"14309",0.0916666666666667
"14310",0.0916666666666667
"14311",0.0933333333333333
"14312",0.0916666666666667
"14313",0.0916666666666667
"14314",0.0933333333333333
"14315",0.0933333333333333
"14316",0.0933333333333333
"14317",0.095
"14318",0.0916666666666667
"14319",0.0916666666666667
"14320",0.0933333333333333
"14321",0.0916666666666667
"14322",0.0916666666666667
"14323",0.0933333333333333
"14324",0.0916666666666667
"14325",0.0916666666666667
"14326",0.0933333333333333
"14327",0.0916666666666667
"14328",0.0916666666666667
"14329",0.0933333333333333
"14330",0.0916666666666667
"14331",0.0916666666666667
"14332",0.0933333333333333
"14333",0.0916666666666667
"14334",0.0916666666666667
"14335",0.0933333333333333
"14336",0.0933333333333333
"14337",0.0933333333333333
"14338",0.095
"14339",0.0916666666666667
"14340",0.0916666666666667
"14341",0.0933333333333333
"14342",0.0916666666666667
"14343",0.0916666666666667
"14344",0.0933333333333333
"14345",0.09
"14346",0.09
"14347",0.0916666666666667
"14348",0.0933333333333333
"14349",0.0933333333333333
"14350",0.095
"14351",0.0916666666666667
"14352",0.0916666666666667
"14353",0.0933333333333333
"14354",0.0916666666666667
"14355",0.0916666666666667
"14356",0.0933333333333333
"14357",0.0916666666666667
"14358",0.0916666666666667
"14359",0.0933333333333333
"14360",0.0916666666666667
"14361",0.0916666666666667
"14362",0.0933333333333333
"14363",0.0916666666666667
"14364",0.0916666666666667
"14365",0.0933333333333333
"14366",0.09
"14367",0.09
"14368",0.0916666666666667
"14369",0.0916666666666667
"14370",0.0916666666666667
"14371",0.0933333333333333
"14372",0.0916666666666667
"14373",0.0916666666666667
"14374",0.0933333333333333
"14375",0.0933333333333333
"14376",0.0933333333333333
"14377",0.095
"14378",0.0916666666666667
"14379",0.0916666666666667
"14380",0.0933333333333333
"14381",0.0916666666666667
"14382",0.0916666666666667
"14383",0.0933333333333333
"14384",0.0916666666666667
"14385",0.0916666666666667
"14386",0.0933333333333333
"14387",0.0916666666666667
"14388",0.0916666666666667
"14389",0.0933333333333333
"14390",0.0933333333333333
"14391",0.0933333333333333
"14392",0.095
"14393",0.0933333333333333
"14394",0.0933333333333333
"14395",0.095
"14396",0.0916666666666667
"14397",0.0916666666666667
"14398",0.0933333333333333
"14399",0.0916666666666667
"14400",0.0916666666666667
"14401",0.0933333333333333
"14402",0.0916666666666667
"14403",0.0916666666666667
"14404",0.0933333333333333
"14405",0.0916666666666667
"14406",0.0916666666666667
"14407",0.0933333333333333
"14408",0.0916666666666667
"14409",0.0916666666666667
"14410",0.0933333333333333
"14411",0.0916666666666667
"14412",0.0916666666666667
"14413",0.0933333333333333
"14414",0.0916666666666667
"14415",0.0916666666666667
"14416",0.0933333333333333
"14417",0.0933333333333333
"14418",0.0933333333333333
"14419",0.0916666666666667
"14420",0.0916666666666667
"14421",0.0916666666666667
"14422",0.0933333333333333
"14423",0.0916666666666667
"14424",0.0916666666666667
"14425",0.0933333333333333
"14426",0.0933333333333333
"14427",0.0933333333333333
"14428",0.095
"14429",0.0916666666666667
"14430",0.0916666666666667
"14431",0.0933333333333333
"14432",0.0916666666666667
"14433",0.0916666666666667
"14434",0.0933333333333333
"14435",0.0916666666666667
"14436",0.0916666666666667
"14437",0.0933333333333333
"14438",0.115
"14439",0.115
"14440",0.116666666666667
"14441",0.125
"14442",0.125
"14443",0.125
"14444",0.125
"14445",0.125
"14446",0.125
"14447",0.125
"14448",0.125
"14449",0.125
"14450",0.125
"14451",0.125
"14452",0.125
"14453",0.125
"14454",0.125
"14455",0.125
"14456",0.125
"14457",0.125
"14458",0.125
"14459",0.126666666666667
"14460",0.126666666666667
"14461",0.126666666666667
"14462",0.125
"14463",0.125
"14464",0.125
"14465",0.125
"14466",0.125
"14467",0.125
"14468",0.125
"14469",0.125
"14470",0.125
"14471",0.125
"14472",0.125
"14473",0.125
"14474",0.125
"14475",0.125
"14476",0.125
"14477",0.125
"14478",0.125
"14479",0.125
"14480",0.125
"14481",0.125
"14482",0.125
"14483",0.125
"14484",0.125
"14485",0.125
"14486",0.125
"14487",0.125
"14488",0.125
"14489",0.125
"14490",0.125
"14491",0.125
"14492",0.125
"14493",0.125
"14494",0.125
"14495",0.125
"14496",0.125
"14497",0.125
"14498",0.125
"14499",0.125
"14500",0.125
"14501",0.125
"14502",0.125
"14503",0.125
"14504",0.125
"14505",0.125
"14506",0.125
"14507",0.125
"14508",0.125
"14509",0.125
"14510",0.125
"14511",0.125
"14512",0.125
"14513",0.125
"14514",0.125
"14515",0.125
"14516",0.125
"14517",0.125
"14518",0.125
"14519",0.125
"14520",0.125
"14521",0.125
"14522",0.11
"14523",0.11
"14524",0.111666666666667
"14525",0.111666666666667
"14526",0.111666666666667
"14527",0.113333333333333
"14528",0.108333333333333
"14529",0.108333333333333
"14530",0.11
"14531",0.108333333333333
"14532",0.108333333333333
"14533",0.11
"14534",0.103333333333333
"14535",0.103333333333333
"14536",0.105
"14537",0.103333333333333
"14538",0.103333333333333
"14539",0.105
"14540",0.103333333333333
"14541",0.103333333333333
"14542",0.105
"14543",0.103333333333333
"14544",0.103333333333333
"14545",0.105
"14546",0.103333333333333
"14547",0.103333333333333
"14548",0.105
"14549",0.103333333333333
"14550",0.103333333333333
"14551",0.105
"14552",0.106666666666667
"14553",0.106666666666667
"14554",0.108333333333333
"14555",0.105
"14556",0.105
"14557",0.106666666666667
"14558",0.103333333333333
"14559",0.103333333333333
"14560",0.105
"14561",0.105
"14562",0.105
"14563",0.106666666666667
"14564",0.103333333333333
"14565",0.103333333333333
"14566",0.105
"14567",0.106666666666667
"14568",0.106666666666667
"14569",0.108333333333333
"14570",0.105
"14571",0.105
"14572",0.106666666666667
"14573",0.103333333333333
"14574",0.103333333333333
"14575",0.105
"14576",0.106666666666667
"14577",0.106666666666667
"14578",0.108333333333333
"14579",0.103333333333333
"14580",0.103333333333333
"14581",0.105
"14582",0.106666666666667
"14583",0.106666666666667
"14584",0.108333333333333
"14585",0.106666666666667
"14586",0.106666666666667
"14587",0.108333333333333
"14588",0.106666666666667
"14589",0.106666666666667
"14590",0.108333333333333
"14591",0.105
"14592",0.105
"14593",0.106666666666667
"14594",0.103333333333333
"14595",0.103333333333333
"14596",0.105
"14597",0.105
"14598",0.105
"14599",0.106666666666667
"14600",0.105
"14601",0.105
"14602",0.106666666666667
"14603",0.105
"14604",0.105
"14605",0.106666666666667
"14606",0.106666666666667
"14607",0.106666666666667
"14608",0.108333333333333
"14609",0.105
"14610",0.105
"14611",0.106666666666667
"14612",0.103333333333333
"14613",0.103333333333333
"14614",0.105
"14615",0.108333333333333
"14616",0.108333333333333
"14617",0.11
"14618",0.106666666666667
"14619",0.106666666666667
"14620",0.108333333333333
"14621",0.103333333333333
"14622",0.103333333333333
"14623",0.105
"14624",0.103333333333333
"14625",0.103333333333333
"14626",0.105
"14627",0.105
"14628",0.105
"14629",0.106666666666667
"14630",0.103333333333333
"14631",0.103333333333333
"14632",0.105
"14633",0.103333333333333
"14634",0.103333333333333
"14635",0.105
"14636",0.106666666666667
"14637",0.106666666666667
"14638",0.108333333333333
"14639",0.105
"14640",0.105
"14641",0.106666666666667
"14642",0.105
"14643",0.105
"14644",0.106666666666667
"14645",0.106666666666667
"14646",0.106666666666667
"14647",0.108333333333333
"14648",0.105
"14649",0.105
"14650",0.106666666666667
"14651",0.103333333333333
"14652",0.103333333333333
"14653",0.105
"14654",0.106666666666667
"14655",0.106666666666667
"14656",0.108333333333333
"14657",0.108333333333333
"14658",0.108333333333333
"14659",0.11
"14660",0.11
"14661",0.11
"14662",0.111666666666667
"14663",0.11
"14664",0.11
"14665",0.111666666666667
"14666",0.111666666666667
"14667",0.111666666666667
"14668",0.113333333333333
"14669",0.115
"14670",0.115
"14671",0.116666666666667
"14672",0.115
"14673",0.115
"14674",0.116666666666667
"14675",0.111666666666667
"14676",0.111666666666667
"14677",0.113333333333333
"14678",0.11
"14679",0.11
"14680",0.111666666666667
"14681",0.115
"14682",0.115
"14683",0.116666666666667
"14684",0.111666666666667
"14685",0.111666666666667
"14686",0.113333333333333
"14687",0.0316666666666667
"14688",0.0316666666666667
"14689",0.0333333333333333
"14690",0.0316666666666667
"14691",0.0316666666666667
"14692",0.0333333333333333
"14693",0.0316666666666667
"14694",0.0316666666666667
"14695",0.0333333333333333
"14696",0.0333333333333333
"14697",0.0333333333333333
"14698",0.035
"14699",0.0316666666666667
"14700",0.0316666666666667
"14701",0.0333333333333333
"14702",0.03
"14703",0.03
"14704",0.0316666666666667
"14705",0.126666666666667
"14706",0.126666666666667
"14707",0.128333333333333
"14708",0.126666666666667
"14709",0.126666666666667
"14710",0.128333333333333
"14711",0.126666666666667
"14712",0.126666666666667
"14713",0.128333333333333
"14714",0.126666666666667
"14715",0.126666666666667
"14716",0.128333333333333
"14717",0.125
"14718",0.125
"14719",0.126666666666667
"14720",0.125
"14721",0.125
"14722",0.126666666666667
"14723",0.125
"14724",0.125
"14725",0.126666666666667
"14726",0.125
"14727",0.125
"14728",0.126666666666667
"14729",0.128333333333333
"14730",0.128333333333333
"14731",0.13
"14732",0.125
"14733",0.125
"14734",0.126666666666667
"14735",0.125
"14736",0.125
"14737",0.126666666666667
"14738",0.125
"14739",0.125
"14740",0.126666666666667
"14741",0.125
"14742",0.125
"14743",0.126666666666667
"14744",0.125
"14745",0.125
"14746",0.126666666666667
"14747",0.125
"14748",0.125
"14749",0.126666666666667
"14750",0.125
"14751",0.125
"14752",0.126666666666667
"14753",0.125
"14754",0.125
"14755",0.126666666666667
"14756",0.125
"14757",0.125
"14758",0.126666666666667
"14759",0.125
"14760",0.125
"14761",0.126666666666667
"14762",0.125
"14763",0.125
"14764",0.126666666666667
"14765",0.125
"14766",0.125
"14767",0.126666666666667
"14768",0.125
"14769",0.125
"14770",0.126666666666667
"14771",0.125
"14772",0.125
"14773",0.126666666666667
"14774",0.148333333333333
"14775",0.148333333333333
"14776",0.15
"14777",0.148333333333333
"14778",0.148333333333333
"14779",0.15
"14780",0.131666666666667
"14781",0.131666666666667
"14782",0.13
"14783",0.138333333333333
"14784",0.138333333333333
"14785",0.136666666666667
"14786",0.136666666666667
"14787",0.136666666666667
"14788",0.135
"14789",0.131666666666667
"14790",0.131666666666667
"14791",0.13
"14792",0.131666666666667
"14793",0.131666666666667
"14794",0.13
"14795",0.135
"14796",0.135
"14797",0.133333333333333
"14798",0.136666666666667
"14799",0.136666666666667
"14800",0.135
"14801",0.135
"14802",0.135
"14803",0.133333333333333
"14804",0.12
"14805",0.12
"14806",0.12
"14807",0.12
"14808",0.12
"14809",0.12
"14810",0.12
"14811",0.12
"14812",0.12
"14813",0.12
"14814",0.12
"14815",0.12
"14816",0.12
"14817",0.12
"14818",0.12
"14819",0.12
"14820",0.12
"14821",0.12
"14822",0.12
"14823",0.12
"14824",0.12
"14825",0.143333333333333
"14826",0.143333333333333
"14827",0.141666666666667
"14828",0.146666666666667
"14829",0.146666666666667
"14830",0.145
"14831",0.145
"14832",0.145
"14833",0.143333333333333
"14834",0.148333333333333
"14835",0.148333333333333
"14836",0.146666666666667
"14837",0.143333333333333
"14838",0.143333333333333
"14839",0.145
"14840",0.143333333333333
"14841",0.143333333333333
"14842",0.141666666666667
"14843",0.143333333333333
"14844",0.143333333333333
"14845",0.141666666666667
"14846",0.145
"14847",0.145
"14848",0.143333333333333
"14849",0.143333333333333
"14850",0.143333333333333
"14851",0.141666666666667
"14852",0.143333333333333
"14853",0.143333333333333
"14854",0.145
"14855",0.145
"14856",0.145
"14857",0.143333333333333
"14858",0.145
"14859",0.145
"14860",0.143333333333333
"14861",0.143333333333333
"14862",0.143333333333333
"14863",0.141666666666667
"14864",0.146666666666667
"14865",0.146666666666667
"14866",0.145
"14867",0.145
"14868",0.145
"14869",0.143333333333333
"14870",0.143333333333333
"14871",0.143333333333333
"14872",0.145
"14873",0.146666666666667
"14874",0.146666666666667
"14875",0.145
"14876",0.143333333333333
"14877",0.143333333333333
"14878",0.145
"14879",0.143333333333333
"14880",0.143333333333333
"14881",0.145
"14882",0.145
"14883",0.145
"14884",0.143333333333333
"14885",0.146666666666667
"14886",0.146666666666667
"14887",0.145
"14888",0.143333333333333
"14889",0.143333333333333
"14890",0.145
"14891",0.145
"14892",0.145
"14893",0.143333333333333
"14894",0.145
"14895",0.145
"14896",0.143333333333333
"14897",0.145
"14898",0.145
"14899",0.143333333333333
"14900",0.1
"14901",0.1
"14902",0.101666666666667
"14903",0.04
"14904",0.04
"14905",0.0416666666666667
"14906",0.0416666666666667
"14907",0.0416666666666667
"14908",0.0433333333333333
"14909",0.045
"14910",0.045
"14911",0.0466666666666667
"14912",0.0416666666666667
"14913",0.0416666666666667
"14914",0.0433333333333333
"14915",0.0433333333333333
"14916",0.0433333333333333
"14917",0.045
"14918",0.04
"14919",0.04
"14920",0.0416666666666667
"14921",0.0416666666666667
"14922",0.0416666666666667
"14923",0.0433333333333333
"14924",0.04
"14925",0.04
"14926",0.0416666666666667
"14927",0.0433333333333333
"14928",0.0433333333333333
"14929",0.045
"14930",0.04
"14931",0.04
"14932",0.0416666666666667
"14933",0.0416666666666667
"14934",0.0416666666666667
"14935",0.0433333333333333
"14936",0.0416666666666667
"14937",0.0416666666666667
"14938",0.0433333333333333
"14939",0.121666666666667
"14940",0.121666666666667
"14941",0.123333333333333
"14942",0.121666666666667
"14943",0.121666666666667
"14944",0.123333333333333
"14945",0.121666666666667
"14946",0.121666666666667
"14947",0.123333333333333
"14948",0.12
"14949",0.12
"14950",0.12
"14951",0.121666666666667
"14952",0.121666666666667
"14953",0.121666666666667
"14954",0.118333333333333
"14955",0.118333333333333
"14956",0.118333333333333
"14957",0.128333333333333
"14958",0.128333333333333
"14959",0.13
"14960",0.13
"14961",0.13
"14962",0.131666666666667
"14963",0.128333333333333
"14964",0.128333333333333
"14965",0.13
"14966",0.1
"14967",0.1
"14968",0.101666666666667
"14969",0.1
"14970",0.1
"14971",0.101666666666667
"14972",0.141666666666667
"14973",0.141666666666667
"14974",0.141666666666667
"14975",0.146666666666667
"14976",0.146666666666667
"14977",0.146666666666667
"14978",0.141666666666667
"14979",0.141666666666667
"14980",0.141666666666667
"14981",0.141666666666667
"14982",0.141666666666667
"14983",0.141666666666667
"14984",0.0683333333333333
"14985",0.0683333333333333
"14986",0.07
"14987",0.07
"14988",0.07
"14989",0.0683333333333333
"14990",0.12
"14991",0.12
"14992",0.118333333333333
"14993",0.123333333333333
"14994",0.123333333333333
"14995",0.121666666666667
"14996",0.12
"14997",0.12
"14998",0.118333333333333
"14999",0.121666666666667
"15000",0.121666666666667
"15001",0.12
"15002",0.123333333333333
"15003",0.123333333333333
"15004",0.121666666666667
"15005",0.121666666666667
"15006",0.121666666666667
"15007",0.12
"15008",0.123333333333333
"15009",0.123333333333333
"15010",0.121666666666667
"15011",0.123333333333333
"15012",0.123333333333333
"15013",0.121666666666667
"15014",0.126666666666667
"15015",0.126666666666667
"15016",0.128333333333333
"15017",0.12
"15018",0.12
"15019",0.121666666666667
"15020",0.12
"15021",0.12
"15022",0.121666666666667
"15023",0.0916666666666667
"15024",0.0916666666666667
"15025",0.0933333333333333
"15026",0.0916666666666667
"15027",0.0916666666666667
"15028",0.0933333333333333
"15029",0.0916666666666667
"15030",0.0916666666666667
"15031",0.0933333333333333
"15032",0.0916666666666667
"15033",0.0916666666666667
"15034",0.0933333333333333
"15035",0.0916666666666667
"15036",0.0916666666666667
"15037",0.0933333333333333
"15038",0.0916666666666667
"15039",0.0916666666666667
"15040",0.0933333333333333
"15041",0.0916666666666667
"15042",0.0916666666666667
"15043",0.09
"15044",0.0916666666666667
"15045",0.0916666666666667
"15046",0.0933333333333333
"15047",0.0916666666666667
"15048",0.0916666666666667
"15049",0.0933333333333333
"15050",0.0916666666666667
"15051",0.0916666666666667
"15052",0.0933333333333333
"15053",0.0933333333333333
"15054",0.0933333333333333
"15055",0.095
"15056",0.0916666666666667
"15057",0.0916666666666667
"15058",0.09
"15059",0.0916666666666667
"15060",0.0916666666666667
"15061",0.09
"15062",0.09
"15063",0.09
"15064",0.0916666666666667
"15065",0.0916666666666667
"15066",0.0916666666666667
"15067",0.0933333333333333
"15068",0.0916666666666667
"15069",0.0916666666666667
"15070",0.0933333333333333
"15071",0.0916666666666667
"15072",0.0916666666666667
"15073",0.0933333333333333
"15074",0.0916666666666667
"15075",0.0916666666666667
"15076",0.09
"15077",0.0916666666666667
"15078",0.0916666666666667
"15079",0.0933333333333333
"15080",0.0916666666666667
"15081",0.0916666666666667
"15082",0.09
"15083",0.0916666666666667
"15084",0.0916666666666667
"15085",0.0933333333333333
"15086",0.0916666666666667
"15087",0.0916666666666667
"15088",0.09
"15089",0.0916666666666667
"15090",0.0916666666666667
"15091",0.0933333333333333
"15092",0.0933333333333333
"15093",0.0933333333333333
"15094",0.095
"15095",0.0916666666666667
"15096",0.0916666666666667
"15097",0.0933333333333333
"15098",0.0916666666666667
"15099",0.0916666666666667
"15100",0.09
"15101",0.09
"15102",0.09
"15103",0.0916666666666667
"15104",0.09
"15105",0.09
"15106",0.0916666666666667
"15107",0.0933333333333333
"15108",0.0933333333333333
"15109",0.095
"15110",0.0933333333333333
"15111",0.0933333333333333
"15112",0.095
"15113",0.0916666666666667
"15114",0.0916666666666667
"15115",0.09
"15116",0.0916666666666667
"15117",0.0916666666666667
"15118",0.0933333333333333
"15119",0.0916666666666667
"15120",0.0916666666666667
"15121",0.09
"15122",0.0933333333333333
"15123",0.0933333333333333
"15124",0.0916666666666667
"15125",0.0916666666666667
"15126",0.0916666666666667
"15127",0.0933333333333333
"15128",0.0916666666666667
"15129",0.0916666666666667
"15130",0.0933333333333333
"15131",0.09
"15132",0.09
"15133",0.0916666666666667
"15134",0.0916666666666667
"15135",0.0916666666666667
"15136",0.0933333333333333
"15137",0.0916666666666667
"15138",0.0916666666666667
"15139",0.0933333333333333
"15140",0.0916666666666667
"15141",0.0916666666666667
"15142",0.0933333333333333
"15143",0.0916666666666667
"15144",0.0916666666666667
"15145",0.0933333333333333
"15146",0.0933333333333333
"15147",0.0933333333333333
"15148",0.095
"15149",0.0916666666666667
"15150",0.0916666666666667
"15151",0.09
"15152",0.09
"15153",0.09
"15154",0.0916666666666667
"15155",0.0916666666666667
"15156",0.0916666666666667
"15157",0.0933333333333333
"15158",0.09
"15159",0.09
"15160",0.0916666666666667
"15161",0.0916666666666667
"15162",0.0916666666666667
"15163",0.09
"15164",0.0916666666666667
"15165",0.0916666666666667
"15166",0.09
"15167",0.09
"15168",0.09
"15169",0.0916666666666667
"15170",0.0916666666666667
"15171",0.0916666666666667
"15172",0.0933333333333333
"15173",0.0916666666666667
"15174",0.0916666666666667
"15175",0.0933333333333333
"15176",0.0916666666666667
"15177",0.0916666666666667
"15178",0.09
"15179",0.0916666666666667
"15180",0.0916666666666667
"15181",0.0933333333333333
"15182",0.0916666666666667
"15183",0.0916666666666667
"15184",0.0933333333333333
"15185",0.09
"15186",0.09
"15187",0.0916666666666667
"15188",0.09
"15189",0.09
"15190",0.0916666666666667
"15191",0.09
"15192",0.09
"15193",0.0916666666666667
"15194",0.0916666666666667
"15195",0.0916666666666667
"15196",0.0933333333333333
"15197",0.0916666666666667
"15198",0.0916666666666667
"15199",0.0933333333333333
"15200",0.0933333333333333
"15201",0.0933333333333333
"15202",0.095
"15203",0.0916666666666667
"15204",0.0916666666666667
"15205",0.0933333333333333
"15206",0.0933333333333333
"15207",0.0933333333333333
"15208",0.095
"15209",0.0916666666666667
"15210",0.0916666666666667
"15211",0.09
"15212",0.0916666666666667
"15213",0.0916666666666667
"15214",0.09
"15215",0.0916666666666667
"15216",0.0916666666666667
"15217",0.0933333333333333
"15218",0.09
"15219",0.09
"15220",0.0916666666666667
"15221",0.0916666666666667
"15222",0.0916666666666667
"15223",0.0933333333333333
"15224",0.0916666666666667
"15225",0.0916666666666667
"15226",0.0933333333333333
"15227",0.0916666666666667
"15228",0.0916666666666667
"15229",0.09
"15230",0.0933333333333333
"15231",0.0933333333333333
"15232",0.095
"15233",0.0916666666666667
"15234",0.0916666666666667
"15235",0.0933333333333333
"15236",0.0916666666666667
"15237",0.0916666666666667
"15238",0.0933333333333333
"15239",0.0933333333333333
"15240",0.0933333333333333
"15241",0.095
"15242",0.0916666666666667
"15243",0.0916666666666667
"15244",0.09
"15245",0.0916666666666667
"15246",0.0916666666666667
"15247",0.0933333333333333
"15248",0.0916666666666667
"15249",0.0916666666666667
"15250",0.0933333333333333
"15251",0.0916666666666667
"15252",0.0916666666666667
"15253",0.0933333333333333
"15254",0.0916666666666667
"15255",0.0916666666666667
"15256",0.0933333333333333
"15257",0.0916666666666667
"15258",0.0916666666666667
"15259",0.0933333333333333
"15260",0.09
"15261",0.09
"15262",0.0916666666666667
"15263",0.0916666666666667
"15264",0.0916666666666667
"15265",0.0933333333333333
"15266",0.0916666666666667
"15267",0.0916666666666667
"15268",0.0933333333333333
"15269",0.09
"15270",0.09
"15271",0.0916666666666667
"15272",0.0933333333333333
"15273",0.0933333333333333
"15274",0.095
"15275",0.0933333333333333
"15276",0.0933333333333333
"15277",0.095
"15278",0.0916666666666667
"15279",0.0916666666666667
"15280",0.0933333333333333
"15281",0.0916666666666667
"15282",0.0916666666666667
"15283",0.09
"15284",0.095
"15285",0.095
"15286",0.0966666666666667
"15287",0.0916666666666667
"15288",0.0916666666666667
"15289",0.09
"15290",0.0916666666666667
"15291",0.0916666666666667
"15292",0.09
"15293",0.0916666666666667
"15294",0.0916666666666667
"15295",0.09
"15296",0.138333333333333
"15297",0.138333333333333
"15298",0.136666666666667
"15299",0.14
"15300",0.14
"15301",0.138333333333333
"15302",0.136666666666667
"15303",0.136666666666667
"15304",0.135
"15305",0.0416666666666667
"15306",0.0416666666666667
"15307",0.0433333333333333
"15308",0.0383333333333333
"15309",0.0383333333333333
"15310",0.04
"15311",0.0416666666666667
"15312",0.0416666666666667
"15313",0.0433333333333333
"15314",0.04
"15315",0.04
"15316",0.0416666666666667
"15317",0.04
"15318",0.04
"15319",0.0416666666666667
"15320",0.125
"15321",0.125
"15322",0.123333333333333
"15323",0.126666666666667
"15324",0.126666666666667
"15325",0.125
"15326",0.126666666666667
"15327",0.126666666666667
"15328",0.125
"15329",0.125
"15330",0.125
"15331",0.123333333333333
"15332",0.126666666666667
"15333",0.126666666666667
"15334",0.125
"15335",0.125
"15336",0.125
"15337",0.123333333333333
"15338",0.126666666666667
"15339",0.126666666666667
"15340",0.125
"15341",0.125
"15342",0.125
"15343",0.123333333333333
"15344",0.126666666666667
"15345",0.126666666666667
"15346",0.125
"15347",0.126666666666667
"15348",0.126666666666667
"15349",0.125
"15350",0.126666666666667
"15351",0.126666666666667
"15352",0.125
"15353",0.125
"15354",0.125
"15355",0.123333333333333
"15356",0.0283333333333333
"15357",0.0283333333333333
"15358",0.03
"15359",0.0283333333333333
"15360",0.0283333333333333
"15361",0.03
"15362",0.0283333333333333
"15363",0.0283333333333333
"15364",0.03
"15365",0.0283333333333333
"15366",0.0283333333333333
"15367",0.03
"15368",0.13
"15369",0.13
"15370",0.131666666666667
"15371",0.13
"15372",0.13
"15373",0.131666666666667
"15374",0.13
"15375",0.13
"15376",0.131666666666667
"15377",0.13
"15378",0.13
"15379",0.131666666666667
"15380",0.131666666666667
"15381",0.131666666666667
"15382",0.13
"15383",0.13
"15384",0.13
"15385",0.131666666666667
"15386",0.131666666666667
"15387",0.131666666666667
"15388",0.133333333333333
"15389",0.131666666666667
"15390",0.131666666666667
"15391",0.133333333333333
"15392",0.133333333333333
"15393",0.133333333333333
"15394",0.135
"15395",0.13
"15396",0.13
"15397",0.131666666666667
"15398",0.136666666666667
"15399",0.136666666666667
"15400",0.135
"15401",0.136666666666667
"15402",0.136666666666667
"15403",0.135
"15404",0.136666666666667
"15405",0.136666666666667
"15406",0.135
"15407",0.13
"15408",0.13
"15409",0.131666666666667
"15410",0.13
"15411",0.13
"15412",0.131666666666667
"15413",0.126666666666667
"15414",0.126666666666667
"15415",0.125
"15416",0.126666666666667
"15417",0.126666666666667
"15418",0.125
"15419",0.0983333333333333
"15420",0.0983333333333333
"15421",0.0966666666666667
"15422",0.1
"15423",0.1
"15424",0.0983333333333333
"15425",0.0966666666666667
"15426",0.0966666666666667
"15427",0.095
"15428",0.0966666666666667
"15429",0.0966666666666667
"15430",0.095
"15431",0.101666666666667
"15432",0.101666666666667
"15433",0.1
"15434",0.095
"15435",0.095
"15436",0.0966666666666667
"15437",0.095
"15438",0.095
"15439",0.0966666666666667
"15440",0.101666666666667
"15441",0.101666666666667
"15442",0.1
"15443",0.0983333333333333
"15444",0.0983333333333333
"15445",0.1
"15446",0.095
"15447",0.095
"15448",0.0966666666666667
"15449",0.0983333333333333
"15450",0.0983333333333333
"15451",0.0966666666666667
"15452",0.095
"15453",0.095
"15454",0.0966666666666667
"15455",0.0983333333333333
"15456",0.0983333333333333
"15457",0.1
"15458",0.1
"15459",0.1
"15460",0.101666666666667
"15461",0.0966666666666667
"15462",0.0966666666666667
"15463",0.095
"15464",0.095
"15465",0.095
"15466",0.0966666666666667
"15467",0.0983333333333333
"15468",0.0983333333333333
"15469",0.1
"15470",0.0983333333333333
"15471",0.0983333333333333
"15472",0.1
"15473",0.1
"15474",0.1
"15475",0.101666666666667
"15476",0.0983333333333333
"15477",0.0983333333333333
"15478",0.1
"15479",0.0983333333333333
"15480",0.0983333333333333
"15481",0.1
"15482",0.1
"15483",0.1
"15484",0.101666666666667
"15485",0.0983333333333333
"15486",0.0983333333333333
"15487",0.1
"15488",0.0983333333333333
"15489",0.0983333333333333
"15490",0.0966666666666667
"15491",0.0983333333333333
"15492",0.0983333333333333
"15493",0.1
"15494",0.0983333333333333
"15495",0.0983333333333333
"15496",0.1
"15497",0.095
"15498",0.095
"15499",0.0966666666666667
"15500",0.12
"15501",0.12
"15502",0.118333333333333
"15503",0.121666666666667
"15504",0.121666666666667
"15505",0.121666666666667
"15506",0.123333333333333
"15507",0.123333333333333
"15508",0.123333333333333
"15509",0.12
"15510",0.12
"15511",0.12
"15512",0.00333333333333333
"15513",0.00333333333333333
"15514",0.00166666666666667
"15515",0.00333333333333333
"15516",0.00333333333333333
"15517",0.00166666666666667
"15518",0.00333333333333333
"15519",0.00333333333333333
"15520",0.00166666666666667
"15521",0.103333333333333
"15522",0.103333333333333
"15523",0.105
"15524",0.101666666666667
"15525",0.101666666666667
"15526",0.103333333333333
"15527",0.101666666666667
"15528",0.101666666666667
"15529",0.103333333333333
"15530",0.103333333333333
"15531",0.103333333333333
"15532",0.105
"15533",0.101666666666667
"15534",0.101666666666667
"15535",0.103333333333333
"15536",0.101666666666667
"15537",0.101666666666667
"15538",0.103333333333333
"15539",0.103333333333333
"15540",0.103333333333333
"15541",0.105
"15542",0.103333333333333
"15543",0.103333333333333
"15544",0.105
"15545",0.103333333333333
"15546",0.103333333333333
"15547",0.105
"15548",0.103333333333333
"15549",0.103333333333333
"15550",0.105
"15551",0.103333333333333
"15552",0.103333333333333
"15553",0.105
"15554",0.101666666666667
"15555",0.101666666666667
"15556",0.103333333333333
"15557",0.103333333333333
"15558",0.103333333333333
"15559",0.105
"15560",0.103333333333333
"15561",0.103333333333333
"15562",0.105
"15563",0.103333333333333
"15564",0.103333333333333
"15565",0.105
"15566",0.103333333333333
"15567",0.103333333333333
"15568",0.105
"15569",0.0416666666666667
"15570",0.0416666666666667
"15571",0.0433333333333333
"15572",0.0433333333333333
"15573",0.0433333333333333
"15574",0.045
"15575",0.0433333333333333
"15576",0.0433333333333333
"15577",0.045
"15578",0.0966666666666667
"15579",0.0966666666666667
"15580",0.0983333333333333
"15581",0.0966666666666667
"15582",0.0966666666666667
"15583",0.0983333333333333
"15584",0.0966666666666667
"15585",0.0966666666666667
"15586",0.0983333333333333
"15587",0.133333333333333
"15588",0.133333333333333
"15589",0.131666666666667
"15590",0.133333333333333
"15591",0.133333333333333
"15592",0.131666666666667
"15593",0.133333333333333
"15594",0.133333333333333
"15595",0.131666666666667
"15596",0.133333333333333
"15597",0.133333333333333
"15598",0.135
"15599",0.133333333333333
"15600",0.133333333333333
"15601",0.131666666666667
"15602",0.133333333333333
"15603",0.133333333333333
"15604",0.131666666666667
"15605",0.133333333333333
"15606",0.133333333333333
"15607",0.131666666666667
"15608",0.133333333333333
"15609",0.133333333333333
"15610",0.131666666666667
"15611",0.133333333333333
"15612",0.133333333333333
"15613",0.131666666666667
"15614",0.13
"15615",0.13
"15616",0.128333333333333
"15617",0.13
"15618",0.13
"15619",0.131666666666667
"15620",0.131666666666667
"15621",0.131666666666667
"15622",0.13
"15623",0.131666666666667
"15624",0.131666666666667
"15625",0.13
"15626",0.13
"15627",0.13
"15628",0.131666666666667
"15629",0.131666666666667
"15630",0.131666666666667
"15631",0.13
"15632",0.133333333333333
"15633",0.133333333333333
"15634",0.131666666666667
"15635",0.131666666666667
"15636",0.131666666666667
"15637",0.13
"15638",0.131666666666667
"15639",0.131666666666667
"15640",0.13
"15641",0.13
"15642",0.13
"15643",0.128333333333333
"15644",0.13
"15645",0.13
"15646",0.128333333333333
"15647",0.13
"15648",0.13
"15649",0.131666666666667
"15650",0.13
"15651",0.13
"15652",0.128333333333333
"15653",0.126666666666667
"15654",0.126666666666667
"15655",0.125
"15656",0.128333333333333
"15657",0.128333333333333
"15658",0.126666666666667
"15659",0.128333333333333
"15660",0.128333333333333
"15661",0.126666666666667
"15662",0.126666666666667
"15663",0.126666666666667
"15664",0.125
"15665",0.125
"15666",0.125
"15667",0.126666666666667
"15668",0.125
"15669",0.125
"15670",0.123333333333333
"15671",0.126666666666667
"15672",0.126666666666667
"15673",0.125
"15674",0.126666666666667
"15675",0.126666666666667
"15676",0.125
"15677",0.126666666666667
"15678",0.126666666666667
"15679",0.128333333333333
"15680",0.128333333333333
"15681",0.128333333333333
"15682",0.126666666666667
"15683",0.126666666666667
"15684",0.126666666666667
"15685",0.125
"15686",0.126666666666667
"15687",0.126666666666667
"15688",0.125
"15689",0.13
"15690",0.13
"15691",0.128333333333333
"15692",0.131666666666667
"15693",0.131666666666667
"15694",0.13
"15695",0.131666666666667
"15696",0.131666666666667
"15697",0.13
"15698",0.13
"15699",0.13
"15700",0.128333333333333
"15701",0.131666666666667
"15702",0.131666666666667
"15703",0.13
"15704",0.133333333333333
"15705",0.133333333333333
"15706",0.131666666666667
"15707",0.13
"15708",0.13
"15709",0.128333333333333
"15710",0.13
"15711",0.13
"15712",0.128333333333333
"15713",0.125
"15714",0.125
"15715",0.125
"15716",0.101666666666667
"15717",0.101666666666667
"15718",0.103333333333333
"15719",0.111666666666667
"15720",0.111666666666667
"15721",0.113333333333333
"15722",0.116666666666667
"15723",0.116666666666667
"15724",0.118333333333333
"15725",0.116666666666667
"15726",0.116666666666667
"15727",0.118333333333333
"15728",0.125
"15729",0.125
"15730",0.126666666666667
"15731",0.125
"15732",0.125
"15733",0.126666666666667
"15734",0.125
"15735",0.125
"15736",0.126666666666667
"15737",0.125
"15738",0.125
"15739",0.126666666666667
"15740",0.125
"15741",0.125
"15742",0.126666666666667
"15743",0.125
"15744",0.125
"15745",0.126666666666667
"15746",0.125
"15747",0.125
"15748",0.126666666666667
"15749",0.125
"15750",0.125
"15751",0.126666666666667
"15752",0.125
"15753",0.125
"15754",0.126666666666667
"15755",0.123333333333333
"15756",0.123333333333333
"15757",0.125
"15758",0.125
"15759",0.125
"15760",0.126666666666667
"15761",0.125
"15762",0.125
"15763",0.126666666666667
"15764",0.04
"15765",0.04
"15766",0.0416666666666667
"15767",0.128333333333333
"15768",0.128333333333333
"15769",0.13
"15770",0.0983333333333333
"15771",0.0983333333333333
"15772",0.1
"15773",0.0983333333333333
"15774",0.0983333333333333
"15775",0.1
"15776",0.13
"15777",0.13
"15778",0.131666666666667
"15779",0.0283333333333333
"15780",0.0283333333333333
"15781",0.03
"15782",0.13
"15783",0.13
"15784",0.131666666666667
"15785",0.123333333333333
"15786",0.123333333333333
"15787",0.123333333333333
"15788",0.12
"15789",0.12
"15790",0.12
"15791",0.12
"15792",0.12
"15793",0.12
"15794",0.123333333333333
"15795",0.123333333333333
"15796",0.123333333333333
"15797",0.123333333333333
"15798",0.123333333333333
"15799",0.123333333333333
"15800",0.103333333333333
"15801",0.103333333333333
"15802",0.105
"15803",0.101666666666667
"15804",0.101666666666667
"15805",0.103333333333333
"15806",0.103333333333333
"15807",0.103333333333333
"15808",0.105
"15809",0.103333333333333
"15810",0.103333333333333
"15811",0.105
"15812",0.103333333333333
"15813",0.103333333333333
"15814",0.105
"15815",0.101666666666667
"15816",0.101666666666667
"15817",0.103333333333333
"15818",0.0416666666666667
"15819",0.0416666666666667
"15820",0.0433333333333333
"15821",0.0416666666666667
"15822",0.0416666666666667
"15823",0.0433333333333333
