"","x"
"1",0.136666666666667
"2",0.136666666666667
"3",0.138333333333333
"4",0.136666666666667
"5",0.136666666666667
"6",0.136666666666667
"7",0.133333333333333
"8",0.135
"9",0.136666666666667
"10",0.135
"11",0.136666666666667
"12",0.133333333333333
"13",0.135
"14",0.138333333333333
"15",0.133333333333333
"16",0.136666666666667
"17",0.133333333333333
"18",0.133333333333333
"19",0.133333333333333
"20",0.135
"21",0.136666666666667
"22",0.135
"23",0.135
"24",0.135
"25",0.133333333333333
"26",0.135
"27",0.136666666666667
"28",0.133333333333333
"29",0.133333333333333
"30",0.138333333333333
"31",0.136666666666667
"32",0.135
"33",0.136666666666667
"34",0.136666666666667
"35",0.133333333333333
"36",0.135
"37",0.135
"38",0.133333333333333
"39",0.135
"40",0.136666666666667
"41",0.133333333333333
"42",0.138333333333333
"43",0.138333333333333
"44",0.138333333333333
"45",0.135
"46",0.131666666666667
"47",0.136666666666667
"48",0.136666666666667
"49",0.138333333333333
"50",0.136666666666667
"51",0.136666666666667
"52",0.136666666666667
"53",0.133333333333333
"54",0.135
"55",0.136666666666667
"56",0.135
"57",0.136666666666667
"58",0.133333333333333
"59",0.135
"60",0.138333333333333
"61",0.133333333333333
"62",0.136666666666667
"63",0.133333333333333
"64",0.133333333333333
"65",0.133333333333333
"66",0.135
"67",0.136666666666667
"68",0.135
"69",0.135
"70",0.135
"71",0.133333333333333
"72",0.135
"73",0.136666666666667
"74",0.133333333333333
"75",0.133333333333333
"76",0.138333333333333
"77",0.136666666666667
"78",0.135
"79",0.136666666666667
"80",0.136666666666667
"81",0.133333333333333
"82",0.135
"83",0.135
"84",0.133333333333333
"85",0.135
"86",0.136666666666667
"87",0.133333333333333
"88",0.138333333333333
"89",0.138333333333333
"90",0.138333333333333
"91",0.135
"92",0.131666666666667
"93",0.138333333333333
"94",0.138333333333333
"95",0.14
"96",0.138333333333333
"97",0.138333333333333
"98",0.138333333333333
"99",0.138333333333333
"100",0.136666666666667
"101",0.138333333333333
"102",0.136666666666667
"103",0.138333333333333
"104",0.138333333333333
"105",0.136666666666667
"106",0.14
"107",0.138333333333333
"108",0.138333333333333
"109",0.138333333333333
"110",0.138333333333333
"111",0.138333333333333
"112",0.136666666666667
"113",0.138333333333333
"114",0.136666666666667
"115",0.136666666666667
"116",0.136666666666667
"117",0.138333333333333
"118",0.136666666666667
"119",0.138333333333333
"120",0.138333333333333
"121",0.138333333333333
"122",0.14
"123",0.138333333333333
"124",0.136666666666667
"125",0.138333333333333
"126",0.138333333333333
"127",0.138333333333333
"128",0.136666666666667
"129",0.136666666666667
"130",0.138333333333333
"131",0.136666666666667
"132",0.138333333333333
"133",0.138333333333333
"134",0.133333333333333
"135",0.136666666666667
"136",0.136666666666667
"137",0.14
"138",0.135
"139",0.136666666666667
"140",0.136666666666667
"141",0.138333333333333
"142",0.136666666666667
"143",0.136666666666667
"144",0.136666666666667
"145",0.133333333333333
"146",0.135
"147",0.136666666666667
"148",0.135
"149",0.136666666666667
"150",0.133333333333333
"151",0.135
"152",0.138333333333333
"153",0.133333333333333
"154",0.136666666666667
"155",0.133333333333333
"156",0.133333333333333
"157",0.133333333333333
"158",0.135
"159",0.136666666666667
"160",0.135
"161",0.135
"162",0.135
"163",0.133333333333333
"164",0.135
"165",0.136666666666667
"166",0.133333333333333
"167",0.133333333333333
"168",0.138333333333333
"169",0.136666666666667
"170",0.135
"171",0.136666666666667
"172",0.136666666666667
"173",0.133333333333333
"174",0.135
"175",0.135
"176",0.133333333333333
"177",0.135
"178",0.136666666666667
"179",0.133333333333333
"180",0.138333333333333
"181",0.138333333333333
"182",0.138333333333333
"183",0.135
"184",0.131666666666667
"185",0.136666666666667
"186",0.136666666666667
"187",0.138333333333333
"188",0.136666666666667
"189",0.136666666666667
"190",0.136666666666667
"191",0.133333333333333
"192",0.135
"193",0.136666666666667
"194",0.135
"195",0.136666666666667
"196",0.133333333333333
"197",0.135
"198",0.138333333333333
"199",0.133333333333333
"200",0.136666666666667
"201",0.133333333333333
"202",0.133333333333333
"203",0.133333333333333
"204",0.135
"205",0.136666666666667
"206",0.135
"207",0.135
"208",0.135
"209",0.133333333333333
"210",0.135
"211",0.136666666666667
"212",0.133333333333333
"213",0.133333333333333
"214",0.138333333333333
"215",0.136666666666667
"216",0.135
"217",0.136666666666667
"218",0.136666666666667
"219",0.133333333333333
"220",0.135
"221",0.135
"222",0.133333333333333
"223",0.135
"224",0.136666666666667
"225",0.133333333333333
"226",0.138333333333333
"227",0.138333333333333
"228",0.138333333333333
"229",0.135
"230",0.131666666666667
"231",0.121666666666667
"232",0.121666666666667
"233",0.123333333333333
"234",0.121666666666667
"235",0.121666666666667
"236",0.121666666666667
"237",0.121666666666667
"238",0.12
"239",0.121666666666667
"240",0.12
"241",0.121666666666667
"242",0.121666666666667
"243",0.12
"244",0.123333333333333
"245",0.121666666666667
"246",0.121666666666667
"247",0.121666666666667
"248",0.121666666666667
"249",0.121666666666667
"250",0.12
"251",0.121666666666667
"252",0.12
"253",0.12
"254",0.12
"255",0.121666666666667
"256",0.12
"257",0.121666666666667
"258",0.12
"259",0.121666666666667
"260",0.123333333333333
"261",0.121666666666667
"262",0.12
"263",0.121666666666667
"264",0.121666666666667
"265",0.121666666666667
"266",0.12
"267",0.12
"268",0.121666666666667
"269",0.12
"270",0.121666666666667
"271",0.121666666666667
"272",0.123333333333333
"273",0.123333333333333
"274",0.123333333333333
"275",0.125
"276",0.123333333333333
"277",0.123333333333333
"278",0.123333333333333
"279",0.125
"280",0.123333333333333
"281",0.123333333333333
"282",0.123333333333333
"283",0.123333333333333
"284",0.121666666666667
"285",0.123333333333333
"286",0.121666666666667
"287",0.123333333333333
"288",0.123333333333333
"289",0.121666666666667
"290",0.125
"291",0.123333333333333
"292",0.123333333333333
"293",0.123333333333333
"294",0.123333333333333
"295",0.123333333333333
"296",0.121666666666667
"297",0.123333333333333
"298",0.121666666666667
"299",0.121666666666667
"300",0.121666666666667
"301",0.123333333333333
"302",0.121666666666667
"303",0.123333333333333
"304",0.121666666666667
"305",0.123333333333333
"306",0.125
"307",0.123333333333333
"308",0.121666666666667
"309",0.123333333333333
"310",0.123333333333333
"311",0.123333333333333
"312",0.121666666666667
"313",0.121666666666667
"314",0.123333333333333
"315",0.121666666666667
"316",0.123333333333333
"317",0.123333333333333
"318",0.125
"319",0.125
"320",0.125
"321",0.126666666666667
"322",0.125
"323",0.123333333333333
"324",0.123333333333333
"325",0.125
"326",0.123333333333333
"327",0.123333333333333
"328",0.123333333333333
"329",0.123333333333333
"330",0.121666666666667
"331",0.123333333333333
"332",0.121666666666667
"333",0.123333333333333
"334",0.123333333333333
"335",0.121666666666667
"336",0.125
"337",0.123333333333333
"338",0.123333333333333
"339",0.123333333333333
"340",0.123333333333333
"341",0.123333333333333
"342",0.121666666666667
"343",0.123333333333333
"344",0.121666666666667
"345",0.121666666666667
"346",0.121666666666667
"347",0.123333333333333
"348",0.121666666666667
"349",0.123333333333333
"350",0.121666666666667
"351",0.123333333333333
"352",0.125
"353",0.123333333333333
"354",0.121666666666667
"355",0.123333333333333
"356",0.123333333333333
"357",0.123333333333333
"358",0.121666666666667
"359",0.121666666666667
"360",0.123333333333333
"361",0.121666666666667
"362",0.123333333333333
"363",0.123333333333333
"364",0.125
"365",0.125
"366",0.125
"367",0.126666666666667
"368",0.125
"369",0.123333333333333
"370",0.123333333333333
"371",0.125
"372",0.123333333333333
"373",0.123333333333333
"374",0.123333333333333
"375",0.123333333333333
"376",0.121666666666667
"377",0.123333333333333
"378",0.121666666666667
"379",0.123333333333333
"380",0.123333333333333
"381",0.121666666666667
"382",0.125
"383",0.123333333333333
"384",0.123333333333333
"385",0.123333333333333
"386",0.123333333333333
"387",0.123333333333333
"388",0.121666666666667
"389",0.123333333333333
"390",0.121666666666667
"391",0.121666666666667
"392",0.121666666666667
"393",0.123333333333333
"394",0.121666666666667
"395",0.123333333333333
"396",0.121666666666667
"397",0.123333333333333
"398",0.125
"399",0.123333333333333
"400",0.121666666666667
"401",0.123333333333333
"402",0.123333333333333
"403",0.123333333333333
"404",0.121666666666667
"405",0.121666666666667
"406",0.123333333333333
"407",0.121666666666667
"408",0.123333333333333
"409",0.123333333333333
"410",0.125
"411",0.125
"412",0.125
"413",0.126666666666667
"414",0.125
"415",0.121666666666667
"416",0.121666666666667
"417",0.123333333333333
"418",0.121666666666667
"419",0.121666666666667
"420",0.121666666666667
"421",0.121666666666667
"422",0.12
"423",0.121666666666667
"424",0.12
"425",0.121666666666667
"426",0.121666666666667
"427",0.12
"428",0.123333333333333
"429",0.121666666666667
"430",0.121666666666667
"431",0.121666666666667
"432",0.121666666666667
"433",0.121666666666667
"434",0.12
"435",0.121666666666667
"436",0.12
"437",0.12
"438",0.12
"439",0.121666666666667
"440",0.12
"441",0.121666666666667
"442",0.12
"443",0.121666666666667
"444",0.123333333333333
"445",0.121666666666667
"446",0.12
"447",0.121666666666667
"448",0.121666666666667
"449",0.121666666666667
"450",0.12
"451",0.12
"452",0.121666666666667
"453",0.12
"454",0.121666666666667
"455",0.121666666666667
"456",0.123333333333333
"457",0.123333333333333
"458",0.123333333333333
"459",0.125
"460",0.123333333333333
"461",0.123333333333333
"462",0.123333333333333
"463",0.125
"464",0.123333333333333
"465",0.123333333333333
"466",0.123333333333333
"467",0.123333333333333
"468",0.121666666666667
"469",0.123333333333333
"470",0.121666666666667
"471",0.123333333333333
"472",0.123333333333333
"473",0.121666666666667
"474",0.125
"475",0.123333333333333
"476",0.123333333333333
"477",0.123333333333333
"478",0.123333333333333
"479",0.123333333333333
"480",0.121666666666667
"481",0.123333333333333
"482",0.121666666666667
"483",0.121666666666667
"484",0.121666666666667
"485",0.123333333333333
"486",0.121666666666667
"487",0.123333333333333
"488",0.121666666666667
"489",0.123333333333333
"490",0.125
"491",0.123333333333333
"492",0.121666666666667
"493",0.123333333333333
"494",0.123333333333333
"495",0.123333333333333
"496",0.121666666666667
"497",0.121666666666667
"498",0.123333333333333
"499",0.121666666666667
"500",0.123333333333333
"501",0.123333333333333
"502",0.125
"503",0.125
"504",0.125
"505",0.126666666666667
"506",0.125
"507",0.123333333333333
"508",0.123333333333333
"509",0.125
"510",0.123333333333333
"511",0.123333333333333
"512",0.123333333333333
"513",0.123333333333333
"514",0.121666666666667
"515",0.123333333333333
"516",0.121666666666667
"517",0.123333333333333
"518",0.123333333333333
"519",0.121666666666667
"520",0.125
"521",0.123333333333333
"522",0.123333333333333
"523",0.123333333333333
"524",0.123333333333333
"525",0.123333333333333
"526",0.121666666666667
"527",0.123333333333333
"528",0.121666666666667
"529",0.121666666666667
"530",0.121666666666667
"531",0.123333333333333
"532",0.121666666666667
"533",0.123333333333333
"534",0.121666666666667
"535",0.123333333333333
"536",0.125
"537",0.123333333333333
"538",0.121666666666667
"539",0.123333333333333
"540",0.123333333333333
"541",0.123333333333333
"542",0.121666666666667
"543",0.121666666666667
"544",0.123333333333333
"545",0.121666666666667
"546",0.123333333333333
"547",0.123333333333333
"548",0.125
"549",0.125
"550",0.125
"551",0.126666666666667
"552",0.125
"553",0.125
"554",0.125
"555",0.126666666666667
"556",0.125
"557",0.125
"558",0.125
"559",0.125
"560",0.123333333333333
"561",0.125
"562",0.123333333333333
"563",0.125
"564",0.125
"565",0.123333333333333
"566",0.126666666666667
"567",0.125
"568",0.125
"569",0.125
"570",0.125
"571",0.125
"572",0.123333333333333
"573",0.125
"574",0.123333333333333
"575",0.123333333333333
"576",0.123333333333333
"577",0.125
"578",0.123333333333333
"579",0.125
"580",0.123333333333333
"581",0.125
"582",0.126666666666667
"583",0.125
"584",0.123333333333333
"585",0.125
"586",0.125
"587",0.125
"588",0.123333333333333
"589",0.123333333333333
"590",0.125
"591",0.123333333333333
"592",0.125
"593",0.125
"594",0.126666666666667
"595",0.126666666666667
"596",0.126666666666667
"597",0.128333333333333
"598",0.123333333333333
"599",0.123333333333333
"600",0.123333333333333
"601",0.125
"602",0.123333333333333
"603",0.123333333333333
"604",0.123333333333333
"605",0.123333333333333
"606",0.121666666666667
"607",0.123333333333333
"608",0.121666666666667
"609",0.123333333333333
"610",0.123333333333333
"611",0.121666666666667
"612",0.125
"613",0.123333333333333
"614",0.123333333333333
"615",0.123333333333333
"616",0.123333333333333
"617",0.123333333333333
"618",0.121666666666667
"619",0.123333333333333
"620",0.121666666666667
"621",0.121666666666667
"622",0.121666666666667
"623",0.123333333333333
"624",0.121666666666667
"625",0.123333333333333
"626",0.121666666666667
"627",0.123333333333333
"628",0.125
"629",0.123333333333333
"630",0.121666666666667
"631",0.123333333333333
"632",0.123333333333333
"633",0.123333333333333
"634",0.121666666666667
"635",0.121666666666667
"636",0.123333333333333
"637",0.121666666666667
"638",0.123333333333333
"639",0.123333333333333
"640",0.125
"641",0.125
"642",0.125
"643",0.126666666666667
"644",0.125
"645",0.121666666666667
"646",0.121666666666667
"647",0.123333333333333
"648",0.121666666666667
"649",0.121666666666667
"650",0.121666666666667
"651",0.121666666666667
"652",0.12
"653",0.121666666666667
"654",0.12
"655",0.121666666666667
"656",0.121666666666667
"657",0.12
"658",0.123333333333333
"659",0.121666666666667
"660",0.121666666666667
"661",0.121666666666667
"662",0.121666666666667
"663",0.121666666666667
"664",0.12
"665",0.121666666666667
"666",0.12
"667",0.12
"668",0.12
"669",0.121666666666667
"670",0.12
"671",0.121666666666667
"672",0.12
"673",0.121666666666667
"674",0.123333333333333
"675",0.121666666666667
"676",0.12
"677",0.121666666666667
"678",0.121666666666667
"679",0.121666666666667
"680",0.12
"681",0.12
"682",0.121666666666667
"683",0.12
"684",0.121666666666667
"685",0.121666666666667
"686",0.123333333333333
"687",0.123333333333333
"688",0.123333333333333
"689",0.125
"690",0.123333333333333
"691",0.123333333333333
"692",0.123333333333333
"693",0.125
"694",0.123333333333333
"695",0.123333333333333
"696",0.123333333333333
"697",0.123333333333333
"698",0.121666666666667
"699",0.123333333333333
"700",0.121666666666667
"701",0.123333333333333
"702",0.123333333333333
"703",0.121666666666667
"704",0.125
"705",0.123333333333333
"706",0.123333333333333
"707",0.123333333333333
"708",0.123333333333333
"709",0.123333333333333
"710",0.121666666666667
"711",0.123333333333333
"712",0.121666666666667
"713",0.121666666666667
"714",0.121666666666667
"715",0.123333333333333
"716",0.121666666666667
"717",0.123333333333333
"718",0.121666666666667
"719",0.123333333333333
"720",0.125
"721",0.123333333333333
"722",0.121666666666667
"723",0.123333333333333
"724",0.123333333333333
"725",0.123333333333333
"726",0.121666666666667
"727",0.121666666666667
"728",0.123333333333333
"729",0.121666666666667
"730",0.123333333333333
"731",0.123333333333333
"732",0.125
"733",0.125
"734",0.125
"735",0.126666666666667
"736",0.125
"737",0.121666666666667
"738",0.121666666666667
"739",0.123333333333333
"740",0.121666666666667
"741",0.121666666666667
"742",0.121666666666667
"743",0.121666666666667
"744",0.12
"745",0.121666666666667
"746",0.12
"747",0.121666666666667
"748",0.121666666666667
"749",0.12
"750",0.123333333333333
"751",0.121666666666667
"752",0.121666666666667
"753",0.121666666666667
"754",0.121666666666667
"755",0.121666666666667
"756",0.12
"757",0.121666666666667
"758",0.12
"759",0.12
"760",0.12
"761",0.121666666666667
"762",0.12
"763",0.121666666666667
"764",0.12
"765",0.121666666666667
"766",0.123333333333333
"767",0.121666666666667
"768",0.12
"769",0.121666666666667
"770",0.121666666666667
"771",0.121666666666667
"772",0.12
"773",0.12
"774",0.121666666666667
"775",0.12
"776",0.121666666666667
"777",0.121666666666667
"778",0.123333333333333
"779",0.123333333333333
"780",0.123333333333333
"781",0.125
"782",0.123333333333333
"783",0.123333333333333
"784",0.123333333333333
"785",0.125
"786",0.123333333333333
"787",0.123333333333333
"788",0.123333333333333
"789",0.123333333333333
"790",0.121666666666667
"791",0.123333333333333
"792",0.121666666666667
"793",0.123333333333333
"794",0.123333333333333
"795",0.121666666666667
"796",0.125
"797",0.123333333333333
"798",0.123333333333333
"799",0.123333333333333
"800",0.123333333333333
"801",0.123333333333333
"802",0.121666666666667
"803",0.123333333333333
"804",0.121666666666667
"805",0.121666666666667
"806",0.121666666666667
"807",0.123333333333333
"808",0.121666666666667
"809",0.123333333333333
"810",0.121666666666667
"811",0.123333333333333
"812",0.125
"813",0.123333333333333
"814",0.121666666666667
"815",0.123333333333333
"816",0.123333333333333
"817",0.123333333333333
"818",0.121666666666667
"819",0.121666666666667
"820",0.123333333333333
"821",0.121666666666667
"822",0.123333333333333
"823",0.123333333333333
"824",0.125
"825",0.125
"826",0.125
"827",0.126666666666667
"828",0.125
"829",0.123333333333333
"830",0.123333333333333
"831",0.125
"832",0.123333333333333
"833",0.123333333333333
"834",0.123333333333333
"835",0.123333333333333
"836",0.121666666666667
"837",0.123333333333333
"838",0.121666666666667
"839",0.123333333333333
"840",0.123333333333333
"841",0.121666666666667
"842",0.125
"843",0.123333333333333
"844",0.123333333333333
"845",0.123333333333333
"846",0.123333333333333
"847",0.123333333333333
"848",0.121666666666667
"849",0.123333333333333
"850",0.121666666666667
"851",0.121666666666667
"852",0.121666666666667
"853",0.123333333333333
"854",0.121666666666667
"855",0.123333333333333
"856",0.121666666666667
"857",0.123333333333333
"858",0.125
"859",0.123333333333333
"860",0.121666666666667
"861",0.123333333333333
"862",0.123333333333333
"863",0.123333333333333
"864",0.121666666666667
"865",0.121666666666667
"866",0.123333333333333
"867",0.121666666666667
"868",0.123333333333333
"869",0.123333333333333
"870",0.125
"871",0.125
"872",0.125
"873",0.126666666666667
"874",0.125
"875",0.123333333333333
"876",0.123333333333333
"877",0.125
"878",0.123333333333333
"879",0.123333333333333
"880",0.123333333333333
"881",0.123333333333333
"882",0.121666666666667
"883",0.123333333333333
"884",0.121666666666667
"885",0.123333333333333
"886",0.123333333333333
"887",0.121666666666667
"888",0.125
"889",0.123333333333333
"890",0.123333333333333
"891",0.123333333333333
"892",0.123333333333333
"893",0.123333333333333
"894",0.121666666666667
"895",0.123333333333333
"896",0.121666666666667
"897",0.121666666666667
"898",0.121666666666667
"899",0.123333333333333
"900",0.121666666666667
"901",0.123333333333333
"902",0.121666666666667
"903",0.123333333333333
"904",0.125
"905",0.123333333333333
"906",0.121666666666667
"907",0.123333333333333
"908",0.123333333333333
"909",0.123333333333333
"910",0.121666666666667
"911",0.121666666666667
"912",0.123333333333333
"913",0.121666666666667
"914",0.123333333333333
"915",0.123333333333333
"916",0.125
"917",0.125
"918",0.125
"919",0.126666666666667
"920",0.125
"921",0.123333333333333
"922",0.123333333333333
"923",0.125
"924",0.123333333333333
"925",0.123333333333333
"926",0.123333333333333
"927",0.123333333333333
"928",0.121666666666667
"929",0.123333333333333
"930",0.121666666666667
"931",0.123333333333333
"932",0.123333333333333
"933",0.121666666666667
"934",0.125
"935",0.123333333333333
"936",0.123333333333333
"937",0.123333333333333
"938",0.123333333333333
"939",0.123333333333333
"940",0.121666666666667
"941",0.123333333333333
"942",0.121666666666667
"943",0.121666666666667
"944",0.121666666666667
"945",0.123333333333333
"946",0.121666666666667
"947",0.123333333333333
"948",0.121666666666667
"949",0.123333333333333
"950",0.125
"951",0.123333333333333
"952",0.121666666666667
"953",0.123333333333333
"954",0.123333333333333
"955",0.123333333333333
"956",0.121666666666667
"957",0.121666666666667
"958",0.123333333333333
"959",0.121666666666667
"960",0.123333333333333
"961",0.123333333333333
"962",0.125
"963",0.125
"964",0.125
"965",0.126666666666667
"966",0.125
"967",0.0983333333333333
"968",0.0983333333333333
"969",0.1
"970",0.0983333333333333
"971",0.0983333333333333
"972",0.0983333333333333
"973",0.101666666666667
"974",0.0966666666666667
"975",0.0983333333333333
"976",0.0966666666666667
"977",0.0983333333333333
"978",0.101666666666667
"979",0.0966666666666667
"980",0.1
"981",0.101666666666667
"982",0.0983333333333333
"983",0.101666666666667
"984",0.101666666666667
"985",0.101666666666667
"986",0.0966666666666667
"987",0.0983333333333333
"988",0.0966666666666667
"989",0.0966666666666667
"990",0.0966666666666667
"991",0.101666666666667
"992",0.0966666666666667
"993",0.0983333333333333
"994",0.103333333333333
"995",0.101666666666667
"996",0.1
"997",0.0983333333333333
"998",0.0966666666666667
"999",0.0983333333333333
"1000",0.0983333333333333
"1001",0.101666666666667
"1002",0.0966666666666667
"1003",0.0966666666666667
"1004",0.101666666666667
"1005",0.0966666666666667
"1006",0.0983333333333333
"1007",0.101666666666667
"1008",0.105
"1009",0.105
"1010",0.105
"1011",0.1
"1012",0.106666666666667
"1013",0.1
"1014",0.1
"1015",0.101666666666667
"1016",0.1
"1017",0.1
"1018",0.1
"1019",0.103333333333333
"1020",0.0983333333333333
"1021",0.1
"1022",0.0983333333333333
"1023",0.1
"1024",0.103333333333333
"1025",0.0983333333333333
"1026",0.101666666666667
"1027",0.103333333333333
"1028",0.1
"1029",0.103333333333333
"1030",0.103333333333333
"1031",0.103333333333333
"1032",0.0983333333333333
"1033",0.1
"1034",0.0983333333333333
"1035",0.0983333333333333
"1036",0.0983333333333333
"1037",0.103333333333333
"1038",0.0983333333333333
"1039",0.1
"1040",0.105
"1041",0.103333333333333
"1042",0.101666666666667
"1043",0.1
"1044",0.0983333333333333
"1045",0.1
"1046",0.1
"1047",0.103333333333333
"1048",0.0983333333333333
"1049",0.0983333333333333
"1050",0.103333333333333
"1051",0.0983333333333333
"1052",0.1
"1053",0.103333333333333
"1054",0.106666666666667
"1055",0.106666666666667
"1056",0.106666666666667
"1057",0.101666666666667
"1058",0.108333333333333
"1059",0.0983333333333333
"1060",0.0983333333333333
"1061",0.1
"1062",0.0983333333333333
"1063",0.0983333333333333
"1064",0.0983333333333333
"1065",0.101666666666667
"1066",0.0966666666666667
"1067",0.0983333333333333
"1068",0.0966666666666667
"1069",0.0983333333333333
"1070",0.101666666666667
"1071",0.0966666666666667
"1072",0.1
"1073",0.101666666666667
"1074",0.0983333333333333
"1075",0.101666666666667
"1076",0.101666666666667
"1077",0.101666666666667
"1078",0.0966666666666667
"1079",0.0983333333333333
"1080",0.0966666666666667
"1081",0.0966666666666667
"1082",0.0966666666666667
"1083",0.101666666666667
"1084",0.0966666666666667
"1085",0.0983333333333333
"1086",0.103333333333333
"1087",0.101666666666667
"1088",0.1
"1089",0.0983333333333333
"1090",0.0966666666666667
"1091",0.0983333333333333
"1092",0.0983333333333333
"1093",0.101666666666667
"1094",0.0966666666666667
"1095",0.0966666666666667
"1096",0.101666666666667
"1097",0.0966666666666667
"1098",0.0983333333333333
"1099",0.101666666666667
"1100",0.105
"1101",0.105
"1102",0.105
"1103",0.1
"1104",0.106666666666667
"1105",0.0983333333333333
"1106",0.0983333333333333
"1107",0.1
"1108",0.0983333333333333
"1109",0.0983333333333333
"1110",0.0983333333333333
"1111",0.101666666666667
"1112",0.0966666666666667
"1113",0.0983333333333333
"1114",0.0966666666666667
"1115",0.0983333333333333
"1116",0.101666666666667
"1117",0.0966666666666667
"1118",0.1
"1119",0.101666666666667
"1120",0.0983333333333333
"1121",0.101666666666667
"1122",0.101666666666667
"1123",0.101666666666667
"1124",0.0966666666666667
"1125",0.0983333333333333
"1126",0.0966666666666667
"1127",0.0966666666666667
"1128",0.0966666666666667
"1129",0.101666666666667
"1130",0.0966666666666667
"1131",0.0983333333333333
"1132",0.103333333333333
"1133",0.101666666666667
"1134",0.1
"1135",0.0983333333333333
"1136",0.0966666666666667
"1137",0.0983333333333333
"1138",0.0983333333333333
"1139",0.101666666666667
"1140",0.0966666666666667
"1141",0.0966666666666667
"1142",0.101666666666667
"1143",0.0966666666666667
"1144",0.0983333333333333
"1145",0.101666666666667
"1146",0.105
"1147",0.105
"1148",0.105
"1149",0.1
"1150",0.106666666666667
"1151",0.1
"1152",0.1
"1153",0.101666666666667
"1154",0.1
"1155",0.1
"1156",0.1
"1157",0.103333333333333
"1158",0.0983333333333333
"1159",0.1
"1160",0.0983333333333333
"1161",0.1
"1162",0.103333333333333
"1163",0.0983333333333333
"1164",0.101666666666667
"1165",0.103333333333333
"1166",0.1
"1167",0.103333333333333
"1168",0.103333333333333
"1169",0.103333333333333
"1170",0.0983333333333333
"1171",0.1
"1172",0.0983333333333333
"1173",0.0983333333333333
"1174",0.0983333333333333
"1175",0.103333333333333
"1176",0.0983333333333333
"1177",0.1
"1178",0.105
"1179",0.103333333333333
"1180",0.101666666666667
"1181",0.1
"1182",0.0983333333333333
"1183",0.1
"1184",0.1
"1185",0.103333333333333
"1186",0.0983333333333333
"1187",0.0983333333333333
"1188",0.103333333333333
"1189",0.0983333333333333
"1190",0.1
"1191",0.103333333333333
"1192",0.106666666666667
"1193",0.106666666666667
"1194",0.106666666666667
"1195",0.101666666666667
"1196",0.108333333333333
"1197",0.0983333333333333
"1198",0.0983333333333333
"1199",0.1
"1200",0.0983333333333333
"1201",0.0983333333333333
"1202",0.0983333333333333
"1203",0.101666666666667
"1204",0.0966666666666667
"1205",0.0983333333333333
"1206",0.0966666666666667
"1207",0.0983333333333333
"1208",0.101666666666667
"1209",0.0966666666666667
"1210",0.1
"1211",0.101666666666667
"1212",0.0983333333333333
"1213",0.101666666666667
"1214",0.101666666666667
"1215",0.101666666666667
"1216",0.0966666666666667
"1217",0.0983333333333333
"1218",0.0966666666666667
"1219",0.0966666666666667
"1220",0.0966666666666667
"1221",0.101666666666667
"1222",0.0966666666666667
"1223",0.0983333333333333
"1224",0.103333333333333
"1225",0.101666666666667
"1226",0.1
"1227",0.0983333333333333
"1228",0.0966666666666667
"1229",0.0983333333333333
"1230",0.0983333333333333
"1231",0.101666666666667
"1232",0.0966666666666667
"1233",0.0966666666666667
"1234",0.101666666666667
"1235",0.0966666666666667
"1236",0.0983333333333333
"1237",0.101666666666667
"1238",0.105
"1239",0.105
"1240",0.105
"1241",0.1
"1242",0.106666666666667
"1243",0.0983333333333333
"1244",0.0983333333333333
"1245",0.1
"1246",0.0983333333333333
"1247",0.0983333333333333
"1248",0.0983333333333333
"1249",0.101666666666667
"1250",0.0966666666666667
"1251",0.0983333333333333
"1252",0.0966666666666667
"1253",0.0983333333333333
"1254",0.101666666666667
"1255",0.0966666666666667
"1256",0.1
"1257",0.101666666666667
"1258",0.0983333333333333
"1259",0.101666666666667
"1260",0.101666666666667
"1261",0.101666666666667
"1262",0.0966666666666667
"1263",0.0983333333333333
"1264",0.0966666666666667
"1265",0.0966666666666667
"1266",0.0966666666666667
"1267",0.101666666666667
"1268",0.0966666666666667
"1269",0.0983333333333333
"1270",0.103333333333333
"1271",0.101666666666667
"1272",0.1
"1273",0.0983333333333333
"1274",0.0966666666666667
"1275",0.0983333333333333
"1276",0.0983333333333333
"1277",0.101666666666667
"1278",0.0966666666666667
"1279",0.0966666666666667
"1280",0.101666666666667
"1281",0.0966666666666667
"1282",0.0983333333333333
"1283",0.101666666666667
"1284",0.105
"1285",0.105
"1286",0.105
"1287",0.1
"1288",0.106666666666667
"1289",0.0983333333333333
"1290",0.0983333333333333
"1291",0.1
"1292",0.0983333333333333
"1293",0.0983333333333333
"1294",0.0983333333333333
"1295",0.101666666666667
"1296",0.0966666666666667
"1297",0.0983333333333333
"1298",0.0966666666666667
"1299",0.0983333333333333
"1300",0.101666666666667
"1301",0.0966666666666667
"1302",0.1
"1303",0.101666666666667
"1304",0.0983333333333333
"1305",0.101666666666667
"1306",0.101666666666667
"1307",0.101666666666667
"1308",0.0966666666666667
"1309",0.0983333333333333
"1310",0.0966666666666667
"1311",0.0966666666666667
"1312",0.0966666666666667
"1313",0.101666666666667
"1314",0.0966666666666667
"1315",0.0983333333333333
"1316",0.103333333333333
"1317",0.101666666666667
"1318",0.1
"1319",0.0983333333333333
"1320",0.0966666666666667
"1321",0.0983333333333333
"1322",0.0983333333333333
"1323",0.101666666666667
"1324",0.0966666666666667
"1325",0.0966666666666667
"1326",0.101666666666667
"1327",0.0966666666666667
"1328",0.0983333333333333
"1329",0.101666666666667
"1330",0.105
"1331",0.105
"1332",0.105
"1333",0.1
"1334",0.106666666666667
"1335",0.0983333333333333
"1336",0.0983333333333333
"1337",0.1
"1338",0.0983333333333333
"1339",0.0983333333333333
"1340",0.0983333333333333
"1341",0.101666666666667
"1342",0.0966666666666667
"1343",0.0983333333333333
"1344",0.0966666666666667
"1345",0.0983333333333333
"1346",0.101666666666667
"1347",0.0966666666666667
"1348",0.1
"1349",0.101666666666667
"1350",0.0983333333333333
"1351",0.101666666666667
"1352",0.101666666666667
"1353",0.101666666666667
"1354",0.0966666666666667
"1355",0.0983333333333333
"1356",0.0966666666666667
"1357",0.0966666666666667
"1358",0.0966666666666667
"1359",0.101666666666667
"1360",0.0966666666666667
"1361",0.0983333333333333
"1362",0.103333333333333
"1363",0.101666666666667
"1364",0.1
"1365",0.0983333333333333
"1366",0.0966666666666667
"1367",0.0983333333333333
"1368",0.0983333333333333
"1369",0.101666666666667
"1370",0.0966666666666667
"1371",0.0966666666666667
"1372",0.101666666666667
"1373",0.0966666666666667
"1374",0.0983333333333333
"1375",0.101666666666667
"1376",0.105
"1377",0.105
"1378",0.105
"1379",0.1
"1380",0.106666666666667
"1381",0.0983333333333333
"1382",0.0983333333333333
"1383",0.1
"1384",0.0983333333333333
"1385",0.0983333333333333
"1386",0.0983333333333333
"1387",0.101666666666667
"1388",0.0966666666666667
"1389",0.0983333333333333
"1390",0.0966666666666667
"1391",0.0983333333333333
"1392",0.101666666666667
"1393",0.0966666666666667
"1394",0.1
"1395",0.101666666666667
"1396",0.0983333333333333
"1397",0.101666666666667
"1398",0.101666666666667
"1399",0.101666666666667
"1400",0.0966666666666667
"1401",0.0983333333333333
"1402",0.0966666666666667
"1403",0.0966666666666667
"1404",0.0966666666666667
"1405",0.101666666666667
"1406",0.0966666666666667
"1407",0.0983333333333333
"1408",0.103333333333333
"1409",0.101666666666667
"1410",0.1
"1411",0.0983333333333333
"1412",0.0966666666666667
"1413",0.0983333333333333
"1414",0.0983333333333333
"1415",0.101666666666667
"1416",0.0966666666666667
"1417",0.0966666666666667
"1418",0.101666666666667
"1419",0.0966666666666667
"1420",0.0983333333333333
"1421",0.101666666666667
"1422",0.105
"1423",0.105
"1424",0.105
"1425",0.1
"1426",0.106666666666667
"1427",0.0983333333333333
"1428",0.0983333333333333
"1429",0.1
"1430",0.0983333333333333
"1431",0.0983333333333333
"1432",0.0983333333333333
"1433",0.101666666666667
"1434",0.0966666666666667
"1435",0.0983333333333333
"1436",0.0966666666666667
"1437",0.0983333333333333
"1438",0.101666666666667
"1439",0.0966666666666667
"1440",0.1
"1441",0.101666666666667
"1442",0.0983333333333333
"1443",0.101666666666667
"1444",0.101666666666667
"1445",0.101666666666667
"1446",0.0966666666666667
"1447",0.0983333333333333
"1448",0.0966666666666667
"1449",0.0966666666666667
"1450",0.0966666666666667
"1451",0.101666666666667
"1452",0.0966666666666667
"1453",0.0983333333333333
"1454",0.103333333333333
"1455",0.101666666666667
"1456",0.1
"1457",0.0983333333333333
"1458",0.0966666666666667
"1459",0.0983333333333333
"1460",0.0983333333333333
"1461",0.101666666666667
"1462",0.0966666666666667
"1463",0.0966666666666667
"1464",0.101666666666667
"1465",0.0966666666666667
"1466",0.0983333333333333
"1467",0.101666666666667
"1468",0.105
"1469",0.105
"1470",0.105
"1471",0.1
"1472",0.106666666666667
"1473",0.0983333333333333
"1474",0.0983333333333333
"1475",0.1
"1476",0.0983333333333333
"1477",0.0983333333333333
"1478",0.0983333333333333
"1479",0.101666666666667
"1480",0.0966666666666667
"1481",0.0983333333333333
"1482",0.0966666666666667
"1483",0.0983333333333333
"1484",0.101666666666667
"1485",0.0966666666666667
"1486",0.1
"1487",0.101666666666667
"1488",0.0983333333333333
"1489",0.101666666666667
"1490",0.101666666666667
"1491",0.101666666666667
"1492",0.0966666666666667
"1493",0.0983333333333333
"1494",0.0966666666666667
"1495",0.0966666666666667
"1496",0.0966666666666667
"1497",0.101666666666667
"1498",0.0966666666666667
"1499",0.0983333333333333
"1500",0.103333333333333
"1501",0.101666666666667
"1502",0.1
"1503",0.0983333333333333
"1504",0.0966666666666667
"1505",0.0983333333333333
"1506",0.0983333333333333
"1507",0.101666666666667
"1508",0.0966666666666667
"1509",0.0966666666666667
"1510",0.101666666666667
"1511",0.0966666666666667
"1512",0.0983333333333333
"1513",0.101666666666667
"1514",0.105
"1515",0.105
"1516",0.105
"1517",0.1
"1518",0.106666666666667
"1519",0.0983333333333333
"1520",0.0983333333333333
"1521",0.1
"1522",0.0983333333333333
"1523",0.0983333333333333
"1524",0.0983333333333333
"1525",0.101666666666667
"1526",0.0966666666666667
"1527",0.0983333333333333
"1528",0.0966666666666667
"1529",0.0983333333333333
"1530",0.101666666666667
"1531",0.0966666666666667
"1532",0.1
"1533",0.101666666666667
"1534",0.0983333333333333
"1535",0.101666666666667
"1536",0.101666666666667
"1537",0.101666666666667
"1538",0.0966666666666667
"1539",0.0983333333333333
"1540",0.0966666666666667
"1541",0.0966666666666667
"1542",0.0966666666666667
"1543",0.101666666666667
"1544",0.0966666666666667
"1545",0.0983333333333333
"1546",0.103333333333333
"1547",0.101666666666667
"1548",0.1
"1549",0.0983333333333333
"1550",0.0966666666666667
"1551",0.0983333333333333
"1552",0.0983333333333333
"1553",0.101666666666667
"1554",0.0966666666666667
"1555",0.0966666666666667
"1556",0.101666666666667
"1557",0.0966666666666667
"1558",0.0983333333333333
"1559",0.101666666666667
"1560",0.105
"1561",0.105
"1562",0.105
"1563",0.1
"1564",0.106666666666667
"1565",0.0983333333333333
"1566",0.0983333333333333
"1567",0.1
"1568",0.0983333333333333
"1569",0.0983333333333333
"1570",0.0983333333333333
"1571",0.101666666666667
"1572",0.0966666666666667
"1573",0.0983333333333333
"1574",0.0966666666666667
"1575",0.0983333333333333
"1576",0.101666666666667
"1577",0.0966666666666667
"1578",0.1
"1579",0.101666666666667
"1580",0.0983333333333333
"1581",0.101666666666667
"1582",0.101666666666667
"1583",0.101666666666667
"1584",0.0966666666666667
"1585",0.0983333333333333
"1586",0.0966666666666667
"1587",0.0966666666666667
"1588",0.0966666666666667
"1589",0.101666666666667
"1590",0.0966666666666667
"1591",0.0983333333333333
"1592",0.103333333333333
"1593",0.101666666666667
"1594",0.1
"1595",0.0983333333333333
"1596",0.0966666666666667
"1597",0.0983333333333333
"1598",0.0983333333333333
"1599",0.101666666666667
"1600",0.0966666666666667
"1601",0.0966666666666667
"1602",0.101666666666667
"1603",0.0966666666666667
"1604",0.0983333333333333
"1605",0.101666666666667
"1606",0.105
"1607",0.105
"1608",0.105
"1609",0.1
"1610",0.106666666666667
"1611",0.0983333333333333
"1612",0.0983333333333333
"1613",0.1
"1614",0.0983333333333333
"1615",0.0983333333333333
"1616",0.0983333333333333
"1617",0.101666666666667
"1618",0.0966666666666667
"1619",0.0983333333333333
"1620",0.0966666666666667
"1621",0.0983333333333333
"1622",0.101666666666667
"1623",0.0966666666666667
"1624",0.1
"1625",0.101666666666667
"1626",0.0983333333333333
"1627",0.101666666666667
"1628",0.101666666666667
"1629",0.101666666666667
"1630",0.0966666666666667
"1631",0.0983333333333333
"1632",0.0966666666666667
"1633",0.0966666666666667
"1634",0.0966666666666667
"1635",0.101666666666667
"1636",0.0966666666666667
"1637",0.0983333333333333
"1638",0.103333333333333
"1639",0.101666666666667
"1640",0.1
"1641",0.0983333333333333
"1642",0.0966666666666667
"1643",0.0983333333333333
"1644",0.0983333333333333
"1645",0.101666666666667
"1646",0.0966666666666667
"1647",0.0966666666666667
"1648",0.101666666666667
"1649",0.0966666666666667
"1650",0.0983333333333333
"1651",0.101666666666667
"1652",0.105
"1653",0.105
"1654",0.105
"1655",0.1
"1656",0.106666666666667
"1657",0.0983333333333333
"1658",0.0983333333333333
"1659",0.1
"1660",0.0983333333333333
"1661",0.0983333333333333
"1662",0.0983333333333333
"1663",0.101666666666667
"1664",0.0966666666666667
"1665",0.0983333333333333
"1666",0.0966666666666667
"1667",0.0983333333333333
"1668",0.101666666666667
"1669",0.0966666666666667
"1670",0.1
"1671",0.101666666666667
"1672",0.0983333333333333
"1673",0.101666666666667
"1674",0.101666666666667
"1675",0.101666666666667
"1676",0.0966666666666667
"1677",0.0983333333333333
"1678",0.0966666666666667
"1679",0.0966666666666667
"1680",0.0966666666666667
"1681",0.101666666666667
"1682",0.0966666666666667
"1683",0.0983333333333333
"1684",0.103333333333333
"1685",0.101666666666667
"1686",0.1
"1687",0.0983333333333333
"1688",0.0966666666666667
"1689",0.0983333333333333
"1690",0.0983333333333333
"1691",0.101666666666667
"1692",0.0966666666666667
"1693",0.0966666666666667
"1694",0.101666666666667
"1695",0.0966666666666667
"1696",0.0983333333333333
"1697",0.101666666666667
"1698",0.105
"1699",0.105
"1700",0.105
"1701",0.1
"1702",0.106666666666667
"1703",0.0983333333333333
"1704",0.0983333333333333
"1705",0.1
"1706",0.0983333333333333
"1707",0.0983333333333333
"1708",0.0983333333333333
"1709",0.101666666666667
"1710",0.0966666666666667
"1711",0.0983333333333333
"1712",0.0966666666666667
"1713",0.0983333333333333
"1714",0.101666666666667
"1715",0.0966666666666667
"1716",0.1
"1717",0.101666666666667
"1718",0.0983333333333333
"1719",0.101666666666667
"1720",0.101666666666667
"1721",0.101666666666667
"1722",0.0966666666666667
"1723",0.0983333333333333
"1724",0.0966666666666667
"1725",0.0966666666666667
"1726",0.0966666666666667
"1727",0.101666666666667
"1728",0.0966666666666667
"1729",0.0983333333333333
"1730",0.103333333333333
"1731",0.101666666666667
"1732",0.1
"1733",0.0983333333333333
"1734",0.0966666666666667
"1735",0.0983333333333333
"1736",0.0983333333333333
"1737",0.101666666666667
"1738",0.0966666666666667
"1739",0.0966666666666667
"1740",0.101666666666667
"1741",0.0966666666666667
"1742",0.0983333333333333
"1743",0.101666666666667
"1744",0.105
"1745",0.105
"1746",0.105
"1747",0.1
"1748",0.106666666666667
"1749",0.0983333333333333
"1750",0.0983333333333333
"1751",0.1
"1752",0.0983333333333333
"1753",0.0983333333333333
"1754",0.0983333333333333
"1755",0.101666666666667
"1756",0.0966666666666667
"1757",0.0983333333333333
"1758",0.0966666666666667
"1759",0.0983333333333333
"1760",0.101666666666667
"1761",0.0966666666666667
"1762",0.1
"1763",0.101666666666667
"1764",0.0983333333333333
"1765",0.101666666666667
"1766",0.101666666666667
"1767",0.101666666666667
"1768",0.0966666666666667
"1769",0.0983333333333333
"1770",0.0966666666666667
"1771",0.0966666666666667
"1772",0.0966666666666667
"1773",0.101666666666667
"1774",0.0966666666666667
"1775",0.0983333333333333
"1776",0.103333333333333
"1777",0.101666666666667
"1778",0.1
"1779",0.0983333333333333
"1780",0.0966666666666667
"1781",0.0983333333333333
"1782",0.0983333333333333
"1783",0.101666666666667
"1784",0.0966666666666667
"1785",0.0966666666666667
"1786",0.101666666666667
"1787",0.0966666666666667
"1788",0.0983333333333333
"1789",0.101666666666667
"1790",0.105
"1791",0.105
"1792",0.105
"1793",0.1
"1794",0.106666666666667
"1795",0.0983333333333333
"1796",0.0983333333333333
"1797",0.1
"1798",0.0983333333333333
"1799",0.0983333333333333
"1800",0.0983333333333333
"1801",0.101666666666667
"1802",0.0966666666666667
"1803",0.0983333333333333
"1804",0.0966666666666667
"1805",0.0983333333333333
"1806",0.101666666666667
"1807",0.0966666666666667
"1808",0.1
"1809",0.101666666666667
"1810",0.0983333333333333
"1811",0.101666666666667
"1812",0.101666666666667
"1813",0.101666666666667
"1814",0.0966666666666667
"1815",0.0983333333333333
"1816",0.0966666666666667
"1817",0.0966666666666667
"1818",0.0966666666666667
"1819",0.101666666666667
"1820",0.0966666666666667
"1821",0.0983333333333333
"1822",0.103333333333333
"1823",0.101666666666667
"1824",0.1
"1825",0.0983333333333333
"1826",0.0966666666666667
"1827",0.0983333333333333
"1828",0.0983333333333333
"1829",0.101666666666667
"1830",0.0966666666666667
"1831",0.0966666666666667
"1832",0.101666666666667
"1833",0.0966666666666667
"1834",0.0983333333333333
"1835",0.101666666666667
"1836",0.105
"1837",0.105
"1838",0.105
"1839",0.1
"1840",0.106666666666667
"1841",0.0966666666666667
"1842",0.0966666666666667
"1843",0.0983333333333333
"1844",0.0966666666666667
"1845",0.0966666666666667
"1846",0.0966666666666667
"1847",0.1
"1848",0.095
"1849",0.0966666666666667
"1850",0.095
"1851",0.0966666666666667
"1852",0.1
"1853",0.095
"1854",0.0983333333333333
"1855",0.1
"1856",0.0966666666666667
"1857",0.1
"1858",0.1
"1859",0.1
"1860",0.095
"1861",0.0966666666666667
"1862",0.095
"1863",0.095
"1864",0.095
"1865",0.1
"1866",0.095
"1867",0.0966666666666667
"1868",0.101666666666667
"1869",0.1
"1870",0.0983333333333333
"1871",0.0966666666666667
"1872",0.095
"1873",0.0966666666666667
"1874",0.0966666666666667
"1875",0.1
"1876",0.095
"1877",0.095
"1878",0.1
"1879",0.095
"1880",0.0966666666666667
"1881",0.1
"1882",0.103333333333333
"1883",0.103333333333333
"1884",0.103333333333333
"1885",0.0983333333333333
"1886",0.105
"1887",0.0983333333333333
"1888",0.0983333333333333
"1889",0.1
"1890",0.0983333333333333
"1891",0.0983333333333333
"1892",0.0983333333333333
"1893",0.101666666666667
"1894",0.0966666666666667
"1895",0.0983333333333333
"1896",0.0966666666666667
"1897",0.0983333333333333
"1898",0.101666666666667
"1899",0.0966666666666667
"1900",0.1
"1901",0.101666666666667
"1902",0.0983333333333333
"1903",0.101666666666667
"1904",0.101666666666667
"1905",0.101666666666667
"1906",0.0966666666666667
"1907",0.0983333333333333
"1908",0.0966666666666667
"1909",0.0966666666666667
"1910",0.0966666666666667
"1911",0.101666666666667
"1912",0.0966666666666667
"1913",0.0983333333333333
"1914",0.103333333333333
"1915",0.101666666666667
"1916",0.1
"1917",0.0983333333333333
"1918",0.0966666666666667
"1919",0.0983333333333333
"1920",0.0983333333333333
"1921",0.101666666666667
"1922",0.0966666666666667
"1923",0.0966666666666667
"1924",0.101666666666667
"1925",0.0966666666666667
"1926",0.0983333333333333
"1927",0.101666666666667
"1928",0.105
"1929",0.105
"1930",0.105
"1931",0.1
"1932",0.106666666666667
"1933",0.1
"1934",0.1
"1935",0.101666666666667
"1936",0.1
"1937",0.1
"1938",0.1
"1939",0.103333333333333
"1940",0.0983333333333333
"1941",0.1
"1942",0.0983333333333333
"1943",0.1
"1944",0.103333333333333
"1945",0.0983333333333333
"1946",0.101666666666667
"1947",0.103333333333333
"1948",0.1
"1949",0.103333333333333
"1950",0.103333333333333
"1951",0.103333333333333
"1952",0.0983333333333333
"1953",0.1
"1954",0.0983333333333333
"1955",0.0983333333333333
"1956",0.0983333333333333
"1957",0.103333333333333
"1958",0.0983333333333333
"1959",0.1
"1960",0.105
"1961",0.103333333333333
"1962",0.101666666666667
"1963",0.1
"1964",0.0983333333333333
"1965",0.1
"1966",0.1
"1967",0.103333333333333
"1968",0.0983333333333333
"1969",0.0983333333333333
"1970",0.103333333333333
"1971",0.0983333333333333
"1972",0.1
"1973",0.103333333333333
"1974",0.106666666666667
"1975",0.106666666666667
"1976",0.106666666666667
"1977",0.101666666666667
"1978",0.108333333333333
"1979",0.0983333333333333
"1980",0.0983333333333333
"1981",0.1
"1982",0.0983333333333333
"1983",0.0983333333333333
"1984",0.0983333333333333
"1985",0.101666666666667
"1986",0.0966666666666667
"1987",0.0983333333333333
"1988",0.0966666666666667
"1989",0.0983333333333333
"1990",0.101666666666667
"1991",0.0966666666666667
"1992",0.1
"1993",0.101666666666667
"1994",0.0983333333333333
"1995",0.101666666666667
"1996",0.101666666666667
"1997",0.101666666666667
"1998",0.0966666666666667
"1999",0.0983333333333333
"2000",0.0966666666666667
"2001",0.0966666666666667
"2002",0.0966666666666667
"2003",0.101666666666667
"2004",0.0966666666666667
"2005",0.0983333333333333
"2006",0.103333333333333
"2007",0.101666666666667
"2008",0.1
"2009",0.0983333333333333
"2010",0.0966666666666667
"2011",0.0983333333333333
"2012",0.0983333333333333
"2013",0.101666666666667
"2014",0.0966666666666667
"2015",0.0966666666666667
"2016",0.101666666666667
"2017",0.0966666666666667
"2018",0.0983333333333333
"2019",0.101666666666667
"2020",0.105
"2021",0.105
"2022",0.105
"2023",0.1
"2024",0.106666666666667
"2025",0.0983333333333333
"2026",0.0983333333333333
"2027",0.1
"2028",0.0983333333333333
"2029",0.0983333333333333
"2030",0.0983333333333333
"2031",0.101666666666667
"2032",0.0966666666666667
"2033",0.0983333333333333
"2034",0.0966666666666667
"2035",0.0983333333333333
"2036",0.101666666666667
"2037",0.0966666666666667
"2038",0.1
"2039",0.101666666666667
"2040",0.0983333333333333
"2041",0.101666666666667
"2042",0.101666666666667
"2043",0.101666666666667
"2044",0.0966666666666667
"2045",0.0983333333333333
"2046",0.0966666666666667
"2047",0.0966666666666667
"2048",0.0966666666666667
"2049",0.101666666666667
"2050",0.0966666666666667
"2051",0.0983333333333333
"2052",0.103333333333333
"2053",0.101666666666667
"2054",0.1
"2055",0.0983333333333333
"2056",0.0966666666666667
"2057",0.0983333333333333
"2058",0.0983333333333333
"2059",0.101666666666667
"2060",0.0966666666666667
"2061",0.0966666666666667
"2062",0.101666666666667
"2063",0.0966666666666667
"2064",0.0983333333333333
"2065",0.101666666666667
"2066",0.105
"2067",0.105
"2068",0.105
"2069",0.1
"2070",0.106666666666667
"2071",0.0983333333333333
"2072",0.0983333333333333
"2073",0.1
"2074",0.0983333333333333
"2075",0.0983333333333333
"2076",0.0983333333333333
"2077",0.101666666666667
"2078",0.0966666666666667
"2079",0.0983333333333333
"2080",0.0966666666666667
"2081",0.0983333333333333
"2082",0.101666666666667
"2083",0.0966666666666667
"2084",0.1
"2085",0.101666666666667
"2086",0.0983333333333333
"2087",0.101666666666667
"2088",0.101666666666667
"2089",0.101666666666667
"2090",0.0966666666666667
"2091",0.0983333333333333
"2092",0.0966666666666667
"2093",0.0966666666666667
"2094",0.0966666666666667
"2095",0.101666666666667
"2096",0.0966666666666667
"2097",0.0983333333333333
"2098",0.103333333333333
"2099",0.101666666666667
"2100",0.1
"2101",0.0983333333333333
"2102",0.0966666666666667
"2103",0.0983333333333333
"2104",0.0983333333333333
"2105",0.101666666666667
"2106",0.0966666666666667
"2107",0.0966666666666667
"2108",0.101666666666667
"2109",0.0966666666666667
"2110",0.0983333333333333
"2111",0.101666666666667
"2112",0.105
"2113",0.105
"2114",0.105
"2115",0.1
"2116",0.106666666666667
"2117",0.0983333333333333
"2118",0.0983333333333333
"2119",0.1
"2120",0.0983333333333333
"2121",0.0983333333333333
"2122",0.0983333333333333
"2123",0.101666666666667
"2124",0.0966666666666667
"2125",0.0983333333333333
"2126",0.0966666666666667
"2127",0.0983333333333333
"2128",0.101666666666667
"2129",0.0966666666666667
"2130",0.1
"2131",0.101666666666667
"2132",0.0983333333333333
"2133",0.101666666666667
"2134",0.101666666666667
"2135",0.101666666666667
"2136",0.0966666666666667
"2137",0.0983333333333333
"2138",0.0966666666666667
"2139",0.0966666666666667
"2140",0.0966666666666667
"2141",0.101666666666667
"2142",0.0966666666666667
"2143",0.0983333333333333
"2144",0.103333333333333
"2145",0.101666666666667
"2146",0.1
"2147",0.0983333333333333
"2148",0.0966666666666667
"2149",0.0983333333333333
"2150",0.0983333333333333
"2151",0.101666666666667
"2152",0.0966666666666667
"2153",0.0966666666666667
"2154",0.101666666666667
"2155",0.0966666666666667
"2156",0.0983333333333333
"2157",0.101666666666667
"2158",0.105
"2159",0.105
"2160",0.105
"2161",0.1
"2162",0.106666666666667
"2163",0.1
"2164",0.1
"2165",0.101666666666667
"2166",0.1
"2167",0.1
"2168",0.1
"2169",0.103333333333333
"2170",0.0983333333333333
"2171",0.1
"2172",0.0983333333333333
"2173",0.1
"2174",0.103333333333333
"2175",0.0983333333333333
"2176",0.101666666666667
"2177",0.103333333333333
"2178",0.1
"2179",0.103333333333333
"2180",0.103333333333333
"2181",0.103333333333333
"2182",0.0983333333333333
"2183",0.1
"2184",0.0983333333333333
"2185",0.0983333333333333
"2186",0.0983333333333333
"2187",0.103333333333333
"2188",0.0983333333333333
"2189",0.1
"2190",0.105
"2191",0.103333333333333
"2192",0.101666666666667
"2193",0.1
"2194",0.0983333333333333
"2195",0.1
"2196",0.1
"2197",0.103333333333333
"2198",0.0983333333333333
"2199",0.0983333333333333
"2200",0.103333333333333
"2201",0.0983333333333333
"2202",0.1
"2203",0.103333333333333
"2204",0.106666666666667
"2205",0.106666666666667
"2206",0.106666666666667
"2207",0.101666666666667
"2208",0.108333333333333
"2209",0.0983333333333333
"2210",0.0983333333333333
"2211",0.1
"2212",0.0983333333333333
"2213",0.0983333333333333
"2214",0.0983333333333333
"2215",0.101666666666667
"2216",0.0966666666666667
"2217",0.0983333333333333
"2218",0.0966666666666667
"2219",0.0983333333333333
"2220",0.101666666666667
"2221",0.0966666666666667
"2222",0.1
"2223",0.101666666666667
"2224",0.0983333333333333
"2225",0.101666666666667
"2226",0.101666666666667
"2227",0.101666666666667
"2228",0.0966666666666667
"2229",0.0983333333333333
"2230",0.0966666666666667
"2231",0.0966666666666667
"2232",0.0966666666666667
"2233",0.101666666666667
"2234",0.0966666666666667
"2235",0.0983333333333333
"2236",0.103333333333333
"2237",0.101666666666667
"2238",0.1
"2239",0.0983333333333333
"2240",0.0966666666666667
"2241",0.0983333333333333
"2242",0.0983333333333333
"2243",0.101666666666667
"2244",0.0966666666666667
"2245",0.0966666666666667
"2246",0.101666666666667
"2247",0.0966666666666667
"2248",0.0983333333333333
"2249",0.101666666666667
"2250",0.105
"2251",0.105
"2252",0.105
"2253",0.1
"2254",0.106666666666667
"2255",0.0983333333333333
"2256",0.0983333333333333
"2257",0.1
"2258",0.0983333333333333
"2259",0.0983333333333333
"2260",0.0983333333333333
"2261",0.101666666666667
"2262",0.0966666666666667
"2263",0.0983333333333333
"2264",0.0966666666666667
"2265",0.0983333333333333
"2266",0.101666666666667
"2267",0.0966666666666667
"2268",0.1
"2269",0.101666666666667
"2270",0.0983333333333333
"2271",0.101666666666667
"2272",0.101666666666667
"2273",0.101666666666667
"2274",0.0966666666666667
"2275",0.0983333333333333
"2276",0.0966666666666667
"2277",0.0966666666666667
"2278",0.0966666666666667
"2279",0.101666666666667
"2280",0.0966666666666667
"2281",0.0983333333333333
"2282",0.103333333333333
"2283",0.101666666666667
"2284",0.1
"2285",0.0983333333333333
"2286",0.0966666666666667
"2287",0.0983333333333333
"2288",0.0983333333333333
"2289",0.101666666666667
"2290",0.0966666666666667
"2291",0.0966666666666667
"2292",0.101666666666667
"2293",0.0966666666666667
"2294",0.0983333333333333
"2295",0.101666666666667
"2296",0.105
"2297",0.105
"2298",0.105
"2299",0.1
"2300",0.106666666666667
"2301",0.0983333333333333
"2302",0.0983333333333333
"2303",0.1
"2304",0.0983333333333333
"2305",0.0983333333333333
"2306",0.0983333333333333
"2307",0.101666666666667
"2308",0.0966666666666667
"2309",0.0983333333333333
"2310",0.0966666666666667
"2311",0.0983333333333333
"2312",0.101666666666667
"2313",0.0966666666666667
"2314",0.1
"2315",0.101666666666667
"2316",0.0983333333333333
"2317",0.101666666666667
"2318",0.101666666666667
"2319",0.101666666666667
"2320",0.0966666666666667
"2321",0.0983333333333333
"2322",0.0966666666666667
"2323",0.0966666666666667
"2324",0.0966666666666667
"2325",0.101666666666667
"2326",0.0966666666666667
"2327",0.0983333333333333
"2328",0.103333333333333
"2329",0.101666666666667
"2330",0.1
"2331",0.0983333333333333
"2332",0.0966666666666667
"2333",0.0983333333333333
"2334",0.0983333333333333
"2335",0.101666666666667
"2336",0.0966666666666667
"2337",0.0966666666666667
"2338",0.101666666666667
"2339",0.0966666666666667
"2340",0.0983333333333333
"2341",0.101666666666667
"2342",0.105
"2343",0.105
"2344",0.105
"2345",0.1
"2346",0.106666666666667
"2347",0.0983333333333333
"2348",0.0983333333333333
"2349",0.1
"2350",0.0983333333333333
"2351",0.0983333333333333
"2352",0.0983333333333333
"2353",0.101666666666667
"2354",0.0966666666666667
"2355",0.0983333333333333
"2356",0.0966666666666667
"2357",0.0983333333333333
"2358",0.101666666666667
"2359",0.0966666666666667
"2360",0.1
"2361",0.101666666666667
"2362",0.0983333333333333
"2363",0.101666666666667
"2364",0.101666666666667
"2365",0.101666666666667
"2366",0.0966666666666667
"2367",0.0983333333333333
"2368",0.0966666666666667
"2369",0.0966666666666667
"2370",0.0966666666666667
"2371",0.101666666666667
"2372",0.0966666666666667
"2373",0.0983333333333333
"2374",0.103333333333333
"2375",0.101666666666667
"2376",0.1
"2377",0.0983333333333333
"2378",0.0966666666666667
"2379",0.0983333333333333
"2380",0.0983333333333333
"2381",0.101666666666667
"2382",0.0966666666666667
"2383",0.0966666666666667
"2384",0.101666666666667
"2385",0.0966666666666667
"2386",0.0983333333333333
"2387",0.101666666666667
"2388",0.105
"2389",0.105
"2390",0.105
"2391",0.1
"2392",0.106666666666667
"2393",0.0983333333333333
"2394",0.0983333333333333
"2395",0.1
"2396",0.0983333333333333
"2397",0.0983333333333333
"2398",0.0983333333333333
"2399",0.101666666666667
"2400",0.0966666666666667
"2401",0.0983333333333333
"2402",0.0966666666666667
"2403",0.0983333333333333
"2404",0.101666666666667
"2405",0.0966666666666667
"2406",0.1
"2407",0.101666666666667
"2408",0.0983333333333333
"2409",0.101666666666667
"2410",0.101666666666667
"2411",0.101666666666667
"2412",0.0966666666666667
"2413",0.0983333333333333
"2414",0.0966666666666667
"2415",0.0966666666666667
"2416",0.0966666666666667
"2417",0.101666666666667
"2418",0.0966666666666667
"2419",0.0983333333333333
"2420",0.103333333333333
"2421",0.101666666666667
"2422",0.1
"2423",0.0983333333333333
"2424",0.0966666666666667
"2425",0.0983333333333333
"2426",0.0983333333333333
"2427",0.101666666666667
"2428",0.0966666666666667
"2429",0.0966666666666667
"2430",0.101666666666667
"2431",0.0966666666666667
"2432",0.0983333333333333
"2433",0.101666666666667
"2434",0.105
"2435",0.105
"2436",0.105
"2437",0.1
"2438",0.106666666666667
"2439",0.0983333333333333
"2440",0.0983333333333333
"2441",0.1
"2442",0.0983333333333333
"2443",0.0983333333333333
"2444",0.0983333333333333
"2445",0.101666666666667
"2446",0.0966666666666667
"2447",0.0983333333333333
"2448",0.0966666666666667
"2449",0.0983333333333333
"2450",0.101666666666667
"2451",0.0966666666666667
"2452",0.1
"2453",0.101666666666667
"2454",0.0983333333333333
"2455",0.101666666666667
"2456",0.101666666666667
"2457",0.101666666666667
"2458",0.0966666666666667
"2459",0.0983333333333333
"2460",0.0966666666666667
"2461",0.0966666666666667
"2462",0.0966666666666667
"2463",0.101666666666667
"2464",0.0966666666666667
"2465",0.0983333333333333
"2466",0.103333333333333
"2467",0.101666666666667
"2468",0.1
"2469",0.0983333333333333
"2470",0.0966666666666667
"2471",0.0983333333333333
"2472",0.0983333333333333
"2473",0.101666666666667
"2474",0.0966666666666667
"2475",0.0966666666666667
"2476",0.101666666666667
"2477",0.0966666666666667
"2478",0.0983333333333333
"2479",0.101666666666667
"2480",0.105
"2481",0.105
"2482",0.105
"2483",0.1
"2484",0.106666666666667
"2485",0.0983333333333333
"2486",0.0983333333333333
"2487",0.1
"2488",0.0983333333333333
"2489",0.0983333333333333
"2490",0.0983333333333333
"2491",0.101666666666667
"2492",0.0966666666666667
"2493",0.0983333333333333
"2494",0.0966666666666667
"2495",0.0983333333333333
"2496",0.101666666666667
"2497",0.0966666666666667
"2498",0.1
"2499",0.101666666666667
"2500",0.0983333333333333
"2501",0.101666666666667
"2502",0.101666666666667
"2503",0.101666666666667
"2504",0.0966666666666667
"2505",0.0983333333333333
"2506",0.0966666666666667
"2507",0.0966666666666667
"2508",0.0966666666666667
"2509",0.101666666666667
"2510",0.0966666666666667
"2511",0.0983333333333333
"2512",0.103333333333333
"2513",0.101666666666667
"2514",0.1
"2515",0.0983333333333333
"2516",0.0966666666666667
"2517",0.0983333333333333
"2518",0.0983333333333333
"2519",0.101666666666667
"2520",0.0966666666666667
"2521",0.0966666666666667
"2522",0.101666666666667
"2523",0.0966666666666667
"2524",0.0983333333333333
"2525",0.101666666666667
"2526",0.105
"2527",0.105
"2528",0.105
"2529",0.1
"2530",0.106666666666667
"2531",0.0983333333333333
"2532",0.0983333333333333
"2533",0.1
"2534",0.0983333333333333
"2535",0.0983333333333333
"2536",0.0983333333333333
"2537",0.101666666666667
"2538",0.0966666666666667
"2539",0.0983333333333333
"2540",0.0966666666666667
"2541",0.0983333333333333
"2542",0.101666666666667
"2543",0.0966666666666667
"2544",0.1
"2545",0.101666666666667
"2546",0.0983333333333333
"2547",0.101666666666667
"2548",0.101666666666667
"2549",0.101666666666667
"2550",0.0966666666666667
"2551",0.0983333333333333
"2552",0.0966666666666667
"2553",0.0966666666666667
"2554",0.0966666666666667
"2555",0.101666666666667
"2556",0.0966666666666667
"2557",0.0983333333333333
"2558",0.103333333333333
"2559",0.101666666666667
"2560",0.1
"2561",0.0983333333333333
"2562",0.0966666666666667
"2563",0.0983333333333333
"2564",0.0983333333333333
"2565",0.101666666666667
"2566",0.0966666666666667
"2567",0.0966666666666667
"2568",0.101666666666667
"2569",0.0966666666666667
"2570",0.0983333333333333
"2571",0.101666666666667
"2572",0.105
"2573",0.105
"2574",0.105
"2575",0.1
"2576",0.106666666666667
"2577",0.0983333333333333
"2578",0.0983333333333333
"2579",0.1
"2580",0.0983333333333333
"2581",0.0983333333333333
"2582",0.0983333333333333
"2583",0.101666666666667
"2584",0.0966666666666667
"2585",0.0983333333333333
"2586",0.0966666666666667
"2587",0.0983333333333333
"2588",0.101666666666667
"2589",0.0966666666666667
"2590",0.1
"2591",0.101666666666667
"2592",0.0983333333333333
"2593",0.101666666666667
"2594",0.101666666666667
"2595",0.101666666666667
"2596",0.0966666666666667
"2597",0.0983333333333333
"2598",0.0966666666666667
"2599",0.0966666666666667
"2600",0.0966666666666667
"2601",0.101666666666667
"2602",0.0966666666666667
"2603",0.0983333333333333
"2604",0.103333333333333
"2605",0.101666666666667
"2606",0.1
"2607",0.0983333333333333
"2608",0.0966666666666667
"2609",0.0983333333333333
"2610",0.0983333333333333
"2611",0.101666666666667
"2612",0.0966666666666667
"2613",0.0966666666666667
"2614",0.101666666666667
"2615",0.0966666666666667
"2616",0.0983333333333333
"2617",0.101666666666667
"2618",0.105
"2619",0.105
"2620",0.105
"2621",0.1
"2622",0.106666666666667
"2623",0.0983333333333333
"2624",0.0983333333333333
"2625",0.1
"2626",0.0983333333333333
"2627",0.0983333333333333
"2628",0.0983333333333333
"2629",0.101666666666667
"2630",0.0966666666666667
"2631",0.0983333333333333
"2632",0.0966666666666667
"2633",0.0983333333333333
"2634",0.101666666666667
"2635",0.0966666666666667
"2636",0.1
"2637",0.101666666666667
"2638",0.0983333333333333
"2639",0.101666666666667
"2640",0.101666666666667
"2641",0.101666666666667
"2642",0.0966666666666667
"2643",0.0983333333333333
"2644",0.0966666666666667
"2645",0.0966666666666667
"2646",0.0966666666666667
"2647",0.101666666666667
"2648",0.0966666666666667
"2649",0.0983333333333333
"2650",0.103333333333333
"2651",0.101666666666667
"2652",0.1
"2653",0.0983333333333333
"2654",0.0966666666666667
"2655",0.0983333333333333
"2656",0.0983333333333333
"2657",0.101666666666667
"2658",0.0966666666666667
"2659",0.0966666666666667
"2660",0.101666666666667
"2661",0.0966666666666667
"2662",0.0983333333333333
"2663",0.101666666666667
"2664",0.105
"2665",0.105
"2666",0.105
"2667",0.1
"2668",0.106666666666667
"2669",0.0983333333333333
"2670",0.0983333333333333
"2671",0.1
"2672",0.0983333333333333
"2673",0.0983333333333333
"2674",0.0983333333333333
"2675",0.101666666666667
"2676",0.0966666666666667
"2677",0.0983333333333333
"2678",0.0966666666666667
"2679",0.0983333333333333
"2680",0.101666666666667
"2681",0.0966666666666667
"2682",0.1
"2683",0.101666666666667
"2684",0.0983333333333333
"2685",0.101666666666667
"2686",0.101666666666667
"2687",0.101666666666667
"2688",0.0966666666666667
"2689",0.0983333333333333
"2690",0.0966666666666667
"2691",0.0966666666666667
"2692",0.0966666666666667
"2693",0.101666666666667
"2694",0.0966666666666667
"2695",0.0983333333333333
"2696",0.103333333333333
"2697",0.101666666666667
"2698",0.1
"2699",0.0983333333333333
"2700",0.0966666666666667
"2701",0.0983333333333333
"2702",0.0983333333333333
"2703",0.101666666666667
"2704",0.0966666666666667
"2705",0.0966666666666667
"2706",0.101666666666667
"2707",0.0966666666666667
"2708",0.0983333333333333
"2709",0.101666666666667
"2710",0.105
"2711",0.105
"2712",0.105
"2713",0.1
"2714",0.106666666666667
"2715",0.0983333333333333
"2716",0.0983333333333333
"2717",0.1
"2718",0.0983333333333333
"2719",0.0983333333333333
"2720",0.0983333333333333
"2721",0.101666666666667
"2722",0.0966666666666667
"2723",0.0983333333333333
"2724",0.0966666666666667
"2725",0.0983333333333333
"2726",0.101666666666667
"2727",0.0966666666666667
"2728",0.1
"2729",0.101666666666667
"2730",0.0983333333333333
"2731",0.101666666666667
"2732",0.101666666666667
"2733",0.101666666666667
"2734",0.0966666666666667
"2735",0.0983333333333333
"2736",0.0966666666666667
"2737",0.0966666666666667
"2738",0.0966666666666667
"2739",0.101666666666667
"2740",0.0966666666666667
"2741",0.0983333333333333
"2742",0.103333333333333
"2743",0.101666666666667
"2744",0.1
"2745",0.0983333333333333
"2746",0.0966666666666667
"2747",0.0983333333333333
"2748",0.0983333333333333
"2749",0.101666666666667
"2750",0.0966666666666667
"2751",0.0966666666666667
"2752",0.101666666666667
"2753",0.0966666666666667
"2754",0.0983333333333333
"2755",0.101666666666667
"2756",0.105
"2757",0.105
"2758",0.105
"2759",0.1
"2760",0.106666666666667
"2761",0.0983333333333333
"2762",0.0983333333333333
"2763",0.1
"2764",0.0983333333333333
"2765",0.0983333333333333
"2766",0.0983333333333333
"2767",0.101666666666667
"2768",0.0966666666666667
"2769",0.0983333333333333
"2770",0.0966666666666667
"2771",0.0983333333333333
"2772",0.101666666666667
"2773",0.0966666666666667
"2774",0.1
"2775",0.101666666666667
"2776",0.0983333333333333
"2777",0.101666666666667
"2778",0.101666666666667
"2779",0.101666666666667
"2780",0.0966666666666667
"2781",0.0983333333333333
"2782",0.0966666666666667
"2783",0.0966666666666667
"2784",0.0966666666666667
"2785",0.101666666666667
"2786",0.0966666666666667
"2787",0.0983333333333333
"2788",0.103333333333333
"2789",0.101666666666667
"2790",0.1
"2791",0.0983333333333333
"2792",0.0966666666666667
"2793",0.0983333333333333
"2794",0.0983333333333333
"2795",0.101666666666667
"2796",0.0966666666666667
"2797",0.0966666666666667
"2798",0.101666666666667
"2799",0.0966666666666667
"2800",0.0983333333333333
"2801",0.101666666666667
"2802",0.105
"2803",0.105
"2804",0.105
"2805",0.1
"2806",0.106666666666667
"2807",0.0983333333333333
"2808",0.0983333333333333
"2809",0.1
"2810",0.0983333333333333
"2811",0.0983333333333333
"2812",0.0983333333333333
"2813",0.101666666666667
"2814",0.0966666666666667
"2815",0.0983333333333333
"2816",0.0966666666666667
"2817",0.0983333333333333
"2818",0.101666666666667
"2819",0.0966666666666667
"2820",0.1
"2821",0.101666666666667
"2822",0.0983333333333333
"2823",0.101666666666667
"2824",0.101666666666667
"2825",0.101666666666667
"2826",0.0966666666666667
"2827",0.0983333333333333
"2828",0.0966666666666667
"2829",0.0966666666666667
"2830",0.0966666666666667
"2831",0.101666666666667
"2832",0.0966666666666667
"2833",0.0983333333333333
"2834",0.103333333333333
"2835",0.101666666666667
"2836",0.1
"2837",0.0983333333333333
"2838",0.0966666666666667
"2839",0.0983333333333333
"2840",0.0983333333333333
"2841",0.101666666666667
"2842",0.0966666666666667
"2843",0.0966666666666667
"2844",0.101666666666667
"2845",0.0966666666666667
"2846",0.0983333333333333
"2847",0.101666666666667
"2848",0.105
"2849",0.105
"2850",0.105
"2851",0.1
"2852",0.106666666666667
"2853",0.0983333333333333
"2854",0.0983333333333333
"2855",0.1
"2856",0.0983333333333333
"2857",0.0983333333333333
"2858",0.0983333333333333
"2859",0.101666666666667
"2860",0.0966666666666667
"2861",0.0983333333333333
"2862",0.0966666666666667
"2863",0.0983333333333333
"2864",0.101666666666667
"2865",0.0966666666666667
"2866",0.1
"2867",0.101666666666667
"2868",0.0983333333333333
"2869",0.101666666666667
"2870",0.101666666666667
"2871",0.101666666666667
"2872",0.0966666666666667
"2873",0.0983333333333333
"2874",0.0966666666666667
"2875",0.0966666666666667
"2876",0.0966666666666667
"2877",0.101666666666667
"2878",0.0966666666666667
"2879",0.0983333333333333
"2880",0.103333333333333
"2881",0.101666666666667
"2882",0.1
"2883",0.0983333333333333
"2884",0.0966666666666667
"2885",0.0983333333333333
"2886",0.0983333333333333
"2887",0.101666666666667
"2888",0.0966666666666667
"2889",0.0966666666666667
"2890",0.101666666666667
"2891",0.0966666666666667
"2892",0.0983333333333333
"2893",0.101666666666667
"2894",0.105
"2895",0.105
"2896",0.105
"2897",0.1
"2898",0.106666666666667
"2899",0.0983333333333333
"2900",0.0983333333333333
"2901",0.1
"2902",0.0983333333333333
"2903",0.0983333333333333
"2904",0.0983333333333333
"2905",0.101666666666667
"2906",0.0966666666666667
"2907",0.0983333333333333
"2908",0.0966666666666667
"2909",0.0983333333333333
"2910",0.101666666666667
"2911",0.0966666666666667
"2912",0.1
"2913",0.101666666666667
"2914",0.0983333333333333
"2915",0.101666666666667
"2916",0.101666666666667
"2917",0.101666666666667
"2918",0.0966666666666667
"2919",0.0983333333333333
"2920",0.0966666666666667
"2921",0.0966666666666667
"2922",0.0966666666666667
"2923",0.101666666666667
"2924",0.0966666666666667
"2925",0.0983333333333333
"2926",0.103333333333333
"2927",0.101666666666667
"2928",0.1
"2929",0.0983333333333333
"2930",0.0966666666666667
"2931",0.0983333333333333
"2932",0.0983333333333333
"2933",0.101666666666667
"2934",0.0966666666666667
"2935",0.0966666666666667
"2936",0.101666666666667
"2937",0.0966666666666667
"2938",0.0983333333333333
"2939",0.101666666666667
"2940",0.105
"2941",0.105
"2942",0.105
"2943",0.1
"2944",0.106666666666667
"2945",0.1
"2946",0.1
"2947",0.101666666666667
"2948",0.1
"2949",0.1
"2950",0.1
"2951",0.103333333333333
"2952",0.0983333333333333
"2953",0.1
"2954",0.0983333333333333
"2955",0.1
"2956",0.103333333333333
"2957",0.0983333333333333
"2958",0.101666666666667
"2959",0.103333333333333
"2960",0.1
"2961",0.103333333333333
"2962",0.103333333333333
"2963",0.103333333333333
"2964",0.0983333333333333
"2965",0.1
"2966",0.0983333333333333
"2967",0.0983333333333333
"2968",0.0983333333333333
"2969",0.103333333333333
"2970",0.0983333333333333
"2971",0.1
"2972",0.105
"2973",0.103333333333333
"2974",0.101666666666667
"2975",0.1
"2976",0.0983333333333333
"2977",0.1
"2978",0.1
"2979",0.103333333333333
"2980",0.0983333333333333
"2981",0.0983333333333333
"2982",0.103333333333333
"2983",0.0983333333333333
"2984",0.1
"2985",0.103333333333333
"2986",0.106666666666667
"2987",0.106666666666667
"2988",0.106666666666667
"2989",0.101666666666667
"2990",0.108333333333333
"2991",0.1
"2992",0.1
"2993",0.101666666666667
"2994",0.1
"2995",0.1
"2996",0.1
"2997",0.103333333333333
"2998",0.0983333333333333
"2999",0.1
"3000",0.0983333333333333
"3001",0.1
"3002",0.103333333333333
"3003",0.0983333333333333
"3004",0.101666666666667
"3005",0.103333333333333
"3006",0.1
"3007",0.103333333333333
"3008",0.103333333333333
"3009",0.103333333333333
"3010",0.0983333333333333
"3011",0.1
"3012",0.0983333333333333
"3013",0.0983333333333333
"3014",0.0983333333333333
"3015",0.103333333333333
"3016",0.0983333333333333
"3017",0.1
"3018",0.105
"3019",0.103333333333333
"3020",0.101666666666667
"3021",0.1
"3022",0.0983333333333333
"3023",0.1
"3024",0.1
"3025",0.103333333333333
"3026",0.0983333333333333
"3027",0.0983333333333333
"3028",0.103333333333333
"3029",0.0983333333333333
"3030",0.1
"3031",0.103333333333333
"3032",0.106666666666667
"3033",0.106666666666667
"3034",0.106666666666667
"3035",0.101666666666667
"3036",0.108333333333333
"3037",0.0983333333333333
"3038",0.0983333333333333
"3039",0.1
"3040",0.0983333333333333
"3041",0.0983333333333333
"3042",0.0983333333333333
"3043",0.101666666666667
"3044",0.0966666666666667
"3045",0.0983333333333333
"3046",0.0966666666666667
"3047",0.0983333333333333
"3048",0.101666666666667
"3049",0.0966666666666667
"3050",0.1
"3051",0.101666666666667
"3052",0.0983333333333333
"3053",0.101666666666667
"3054",0.101666666666667
"3055",0.101666666666667
"3056",0.0966666666666667
"3057",0.0983333333333333
"3058",0.0966666666666667
"3059",0.0966666666666667
"3060",0.0966666666666667
"3061",0.101666666666667
"3062",0.0966666666666667
"3063",0.0983333333333333
"3064",0.103333333333333
"3065",0.101666666666667
"3066",0.1
"3067",0.0983333333333333
"3068",0.0966666666666667
"3069",0.0983333333333333
"3070",0.0983333333333333
"3071",0.101666666666667
"3072",0.0966666666666667
"3073",0.0966666666666667
"3074",0.101666666666667
"3075",0.0966666666666667
"3076",0.0983333333333333
"3077",0.101666666666667
"3078",0.105
"3079",0.105
"3080",0.105
"3081",0.1
"3082",0.106666666666667
"3083",0.0983333333333333
"3084",0.0983333333333333
"3085",0.1
"3086",0.0983333333333333
"3087",0.0983333333333333
"3088",0.0983333333333333
"3089",0.101666666666667
"3090",0.0966666666666667
"3091",0.0983333333333333
"3092",0.0966666666666667
"3093",0.0983333333333333
"3094",0.101666666666667
"3095",0.0966666666666667
"3096",0.1
"3097",0.101666666666667
"3098",0.0983333333333333
"3099",0.101666666666667
"3100",0.101666666666667
"3101",0.101666666666667
"3102",0.0966666666666667
"3103",0.0983333333333333
"3104",0.0966666666666667
"3105",0.0966666666666667
"3106",0.0966666666666667
"3107",0.101666666666667
"3108",0.0966666666666667
"3109",0.0983333333333333
"3110",0.103333333333333
"3111",0.101666666666667
"3112",0.1
"3113",0.0983333333333333
"3114",0.0966666666666667
"3115",0.0983333333333333
"3116",0.0983333333333333
"3117",0.101666666666667
"3118",0.0966666666666667
"3119",0.0966666666666667
"3120",0.101666666666667
"3121",0.0966666666666667
"3122",0.0983333333333333
"3123",0.101666666666667
"3124",0.105
"3125",0.105
"3126",0.105
"3127",0.1
"3128",0.106666666666667
"3129",0.0983333333333333
"3130",0.0983333333333333
"3131",0.1
"3132",0.0983333333333333
"3133",0.0983333333333333
"3134",0.0983333333333333
"3135",0.101666666666667
"3136",0.0966666666666667
"3137",0.0983333333333333
"3138",0.0966666666666667
"3139",0.0983333333333333
"3140",0.101666666666667
"3141",0.0966666666666667
"3142",0.1
"3143",0.101666666666667
"3144",0.0983333333333333
"3145",0.101666666666667
"3146",0.101666666666667
"3147",0.101666666666667
"3148",0.0966666666666667
"3149",0.0983333333333333
"3150",0.0966666666666667
"3151",0.0966666666666667
"3152",0.0966666666666667
"3153",0.101666666666667
"3154",0.0966666666666667
"3155",0.0983333333333333
"3156",0.103333333333333
"3157",0.101666666666667
"3158",0.1
"3159",0.0983333333333333
"3160",0.0966666666666667
"3161",0.0983333333333333
"3162",0.0983333333333333
"3163",0.101666666666667
"3164",0.0966666666666667
"3165",0.0966666666666667
"3166",0.101666666666667
"3167",0.0966666666666667
"3168",0.0983333333333333
"3169",0.101666666666667
"3170",0.105
"3171",0.105
"3172",0.105
"3173",0.1
"3174",0.106666666666667
"3175",0.0983333333333333
"3176",0.0983333333333333
"3177",0.1
"3178",0.0983333333333333
"3179",0.0983333333333333
"3180",0.0983333333333333
"3181",0.101666666666667
"3182",0.0966666666666667
"3183",0.0983333333333333
"3184",0.0966666666666667
"3185",0.0983333333333333
"3186",0.101666666666667
"3187",0.0966666666666667
"3188",0.1
"3189",0.101666666666667
"3190",0.0983333333333333
"3191",0.101666666666667
"3192",0.101666666666667
"3193",0.101666666666667
"3194",0.0966666666666667
"3195",0.0983333333333333
"3196",0.0966666666666667
"3197",0.0966666666666667
"3198",0.0966666666666667
"3199",0.101666666666667
"3200",0.0966666666666667
"3201",0.0983333333333333
"3202",0.103333333333333
"3203",0.101666666666667
"3204",0.1
"3205",0.0983333333333333
"3206",0.0966666666666667
"3207",0.0983333333333333
"3208",0.0983333333333333
"3209",0.101666666666667
"3210",0.0966666666666667
"3211",0.0966666666666667
"3212",0.101666666666667
"3213",0.0966666666666667
"3214",0.0983333333333333
"3215",0.101666666666667
"3216",0.105
"3217",0.105
"3218",0.105
"3219",0.1
"3220",0.106666666666667
"3221",0.0983333333333333
"3222",0.0983333333333333
"3223",0.1
"3224",0.0983333333333333
"3225",0.0983333333333333
"3226",0.0983333333333333
"3227",0.101666666666667
"3228",0.0966666666666667
"3229",0.0983333333333333
"3230",0.0966666666666667
"3231",0.0983333333333333
"3232",0.101666666666667
"3233",0.0966666666666667
"3234",0.1
"3235",0.101666666666667
"3236",0.0983333333333333
"3237",0.101666666666667
"3238",0.101666666666667
"3239",0.101666666666667
"3240",0.0966666666666667
"3241",0.0983333333333333
"3242",0.0966666666666667
"3243",0.0966666666666667
"3244",0.0966666666666667
"3245",0.101666666666667
"3246",0.0966666666666667
"3247",0.0983333333333333
"3248",0.103333333333333
"3249",0.101666666666667
"3250",0.1
"3251",0.0983333333333333
"3252",0.0966666666666667
"3253",0.0983333333333333
"3254",0.0983333333333333
"3255",0.101666666666667
"3256",0.0966666666666667
"3257",0.0966666666666667
"3258",0.101666666666667
"3259",0.0966666666666667
"3260",0.0983333333333333
"3261",0.101666666666667
"3262",0.105
"3263",0.105
"3264",0.105
"3265",0.1
"3266",0.106666666666667
"3267",0.111666666666667
"3268",0.111666666666667
"3269",0.113333333333333
"3270",0.111666666666667
"3271",0.111666666666667
"3272",0.111666666666667
"3273",0.116666666666667
"3274",0.11
"3275",0.111666666666667
"3276",0.11
"3277",0.111666666666667
"3278",0.116666666666667
"3279",0.11
"3280",0.113333333333333
"3281",0.116666666666667
"3282",0.111666666666667
"3283",0.116666666666667
"3284",0.116666666666667
"3285",0.116666666666667
"3286",0.11
"3287",0.111666666666667
"3288",0.11
"3289",0.11
"3290",0.11
"3291",0.116666666666667
"3292",0.11
"3293",0.111666666666667
"3294",0.118333333333333
"3295",0.116666666666667
"3296",0.113333333333333
"3297",0.111666666666667
"3298",0.11
"3299",0.111666666666667
"3300",0.111666666666667
"3301",0.116666666666667
"3302",0.11
"3303",0.11
"3304",0.116666666666667
"3305",0.11
"3306",0.111666666666667
"3307",0.116666666666667
"3308",0.113333333333333
"3309",0.12
"3310",0.12
"3311",0.115
"3312",0.118333333333333
"3313",0.118333333333333
"3314",0.118333333333333
"3315",0.116666666666667
"3316",0.118333333333333
"3317",0.118333333333333
"3318",0.118333333333333
"3319",0.116666666666667
"3320",0.118333333333333
"3321",0.118333333333333
"3322",0.118333333333333
"3323",0.118333333333333
"3324",0.116666666666667
"3325",0.118333333333333
"3326",0.116666666666667
"3327",0.116666666666667
"3328",0.118333333333333
"3329",0.116666666666667
"3330",0.116666666666667
"3331",0.116666666666667
"3332",0.118333333333333
"3333",0.118333333333333
"3334",0.118333333333333
"3335",0.118333333333333
"3336",0.118333333333333
"3337",0.116666666666667
"3338",0.118333333333333
"3339",0.118333333333333
"3340",0.115
"3341",0.116666666666667
"3342",0.116666666666667
"3343",0.118333333333333
"3344",0.118333333333333
"3345",0.118333333333333
"3346",0.118333333333333
"3347",0.116666666666667
"3348",0.118333333333333
"3349",0.118333333333333
"3350",0.116666666666667
"3351",0.118333333333333
"3352",0.118333333333333
"3353",0.116666666666667
"3354",0.116666666666667
"3355",0.12
"3356",0.12
"3357",0.115
"3358",0.125
"3359",0.118333333333333
"3360",0.118333333333333
"3361",0.116666666666667
"3362",0.118333333333333
"3363",0.118333333333333
"3364",0.118333333333333
"3365",0.116666666666667
"3366",0.118333333333333
"3367",0.118333333333333
"3368",0.118333333333333
"3369",0.118333333333333
"3370",0.116666666666667
"3371",0.118333333333333
"3372",0.116666666666667
"3373",0.116666666666667
"3374",0.118333333333333
"3375",0.116666666666667
"3376",0.116666666666667
"3377",0.116666666666667
"3378",0.118333333333333
"3379",0.118333333333333
"3380",0.118333333333333
"3381",0.118333333333333
"3382",0.118333333333333
"3383",0.116666666666667
"3384",0.118333333333333
"3385",0.118333333333333
"3386",0.115
"3387",0.116666666666667
"3388",0.116666666666667
"3389",0.118333333333333
"3390",0.118333333333333
"3391",0.118333333333333
"3392",0.118333333333333
"3393",0.116666666666667
"3394",0.118333333333333
"3395",0.118333333333333
"3396",0.116666666666667
"3397",0.118333333333333
"3398",0.118333333333333
"3399",0.116666666666667
"3400",0.116666666666667
"3401",0.12
"3402",0.12
"3403",0.115
"3404",0.125
"3405",0.118333333333333
"3406",0.118333333333333
"3407",0.116666666666667
"3408",0.118333333333333
"3409",0.118333333333333
"3410",0.118333333333333
"3411",0.116666666666667
"3412",0.118333333333333
"3413",0.118333333333333
"3414",0.118333333333333
"3415",0.118333333333333
"3416",0.116666666666667
"3417",0.118333333333333
"3418",0.116666666666667
"3419",0.116666666666667
"3420",0.118333333333333
"3421",0.116666666666667
"3422",0.116666666666667
"3423",0.116666666666667
"3424",0.118333333333333
"3425",0.118333333333333
"3426",0.118333333333333
"3427",0.118333333333333
"3428",0.118333333333333
"3429",0.116666666666667
"3430",0.118333333333333
"3431",0.118333333333333
"3432",0.115
"3433",0.116666666666667
"3434",0.116666666666667
"3435",0.118333333333333
"3436",0.118333333333333
"3437",0.118333333333333
"3438",0.118333333333333
"3439",0.116666666666667
"3440",0.118333333333333
"3441",0.118333333333333
"3442",0.116666666666667
"3443",0.118333333333333
"3444",0.118333333333333
"3445",0.116666666666667
"3446",0.116666666666667
"3447",0.12
"3448",0.12
"3449",0.115
"3450",0.125
"3451",0.118333333333333
"3452",0.118333333333333
"3453",0.116666666666667
"3454",0.118333333333333
"3455",0.118333333333333
"3456",0.118333333333333
"3457",0.116666666666667
"3458",0.118333333333333
"3459",0.118333333333333
"3460",0.118333333333333
"3461",0.118333333333333
"3462",0.116666666666667
"3463",0.118333333333333
"3464",0.116666666666667
"3465",0.116666666666667
"3466",0.118333333333333
"3467",0.116666666666667
"3468",0.116666666666667
"3469",0.116666666666667
"3470",0.118333333333333
"3471",0.118333333333333
"3472",0.118333333333333
"3473",0.118333333333333
"3474",0.118333333333333
"3475",0.116666666666667
"3476",0.118333333333333
"3477",0.118333333333333
"3478",0.115
"3479",0.116666666666667
"3480",0.116666666666667
"3481",0.118333333333333
"3482",0.118333333333333
"3483",0.118333333333333
"3484",0.118333333333333
"3485",0.116666666666667
"3486",0.118333333333333
"3487",0.118333333333333
"3488",0.116666666666667
"3489",0.118333333333333
"3490",0.118333333333333
"3491",0.116666666666667
"3492",0.116666666666667
"3493",0.12
"3494",0.12
"3495",0.115
"3496",0.125
"3497",0.12
"3498",0.12
"3499",0.118333333333333
"3500",0.12
"3501",0.12
"3502",0.12
"3503",0.115
"3504",0.12
"3505",0.12
"3506",0.12
"3507",0.12
"3508",0.115
"3509",0.12
"3510",0.118333333333333
"3511",0.115
"3512",0.12
"3513",0.115
"3514",0.115
"3515",0.115
"3516",0.12
"3517",0.12
"3518",0.12
"3519",0.12
"3520",0.12
"3521",0.115
"3522",0.12
"3523",0.12
"3524",0.113333333333333
"3525",0.115
"3526",0.118333333333333
"3527",0.12
"3528",0.12
"3529",0.12
"3530",0.12
"3531",0.115
"3532",0.12
"3533",0.12
"3534",0.115
"3535",0.12
"3536",0.12
"3537",0.115
"3538",0.115
"3539",0.118333333333333
"3540",0.118333333333333
"3541",0.113333333333333
"3542",0.123333333333333
"3543",0.118333333333333
"3544",0.118333333333333
"3545",0.116666666666667
"3546",0.118333333333333
"3547",0.118333333333333
"3548",0.118333333333333
"3549",0.116666666666667
"3550",0.118333333333333
"3551",0.118333333333333
"3552",0.118333333333333
"3553",0.118333333333333
"3554",0.116666666666667
"3555",0.118333333333333
"3556",0.116666666666667
"3557",0.116666666666667
"3558",0.118333333333333
"3559",0.116666666666667
"3560",0.116666666666667
"3561",0.116666666666667
"3562",0.118333333333333
"3563",0.118333333333333
"3564",0.118333333333333
"3565",0.118333333333333
"3566",0.118333333333333
"3567",0.116666666666667
"3568",0.118333333333333
"3569",0.118333333333333
"3570",0.115
"3571",0.116666666666667
"3572",0.116666666666667
"3573",0.118333333333333
"3574",0.118333333333333
"3575",0.118333333333333
"3576",0.118333333333333
"3577",0.116666666666667
"3578",0.118333333333333
"3579",0.118333333333333
"3580",0.116666666666667
"3581",0.118333333333333
"3582",0.118333333333333
"3583",0.116666666666667
"3584",0.116666666666667
"3585",0.12
"3586",0.12
"3587",0.115
"3588",0.125
"3589",0.12
"3590",0.12
"3591",0.118333333333333
"3592",0.12
"3593",0.12
"3594",0.12
"3595",0.118333333333333
"3596",0.12
"3597",0.12
"3598",0.12
"3599",0.12
"3600",0.118333333333333
"3601",0.12
"3602",0.118333333333333
"3603",0.118333333333333
"3604",0.12
"3605",0.118333333333333
"3606",0.118333333333333
"3607",0.118333333333333
"3608",0.12
"3609",0.12
"3610",0.12
"3611",0.12
"3612",0.12
"3613",0.118333333333333
"3614",0.12
"3615",0.12
"3616",0.116666666666667
"3617",0.118333333333333
"3618",0.118333333333333
"3619",0.12
"3620",0.12
"3621",0.12
"3622",0.12
"3623",0.118333333333333
"3624",0.12
"3625",0.12
"3626",0.118333333333333
"3627",0.12
"3628",0.12
"3629",0.118333333333333
"3630",0.118333333333333
"3631",0.121666666666667
"3632",0.121666666666667
"3633",0.116666666666667
"3634",0.126666666666667
"3635",0.118333333333333
"3636",0.118333333333333
"3637",0.116666666666667
"3638",0.118333333333333
"3639",0.118333333333333
"3640",0.118333333333333
"3641",0.116666666666667
"3642",0.118333333333333
"3643",0.118333333333333
"3644",0.118333333333333
"3645",0.118333333333333
"3646",0.116666666666667
"3647",0.118333333333333
"3648",0.116666666666667
"3649",0.116666666666667
"3650",0.118333333333333
"3651",0.116666666666667
"3652",0.116666666666667
"3653",0.116666666666667
"3654",0.118333333333333
"3655",0.118333333333333
"3656",0.118333333333333
"3657",0.118333333333333
"3658",0.118333333333333
"3659",0.116666666666667
"3660",0.118333333333333
"3661",0.118333333333333
"3662",0.115
"3663",0.116666666666667
"3664",0.116666666666667
"3665",0.118333333333333
"3666",0.118333333333333
"3667",0.118333333333333
"3668",0.118333333333333
"3669",0.116666666666667
"3670",0.118333333333333
"3671",0.118333333333333
"3672",0.116666666666667
"3673",0.118333333333333
"3674",0.118333333333333
"3675",0.116666666666667
"3676",0.116666666666667
"3677",0.12
"3678",0.12
"3679",0.115
"3680",0.125
"3681",0.118333333333333
"3682",0.118333333333333
"3683",0.116666666666667
"3684",0.118333333333333
"3685",0.118333333333333
"3686",0.118333333333333
"3687",0.116666666666667
"3688",0.118333333333333
"3689",0.118333333333333
"3690",0.118333333333333
"3691",0.118333333333333
"3692",0.116666666666667
"3693",0.118333333333333
"3694",0.116666666666667
"3695",0.116666666666667
"3696",0.118333333333333
"3697",0.116666666666667
"3698",0.116666666666667
"3699",0.116666666666667
"3700",0.118333333333333
"3701",0.118333333333333
"3702",0.118333333333333
"3703",0.118333333333333
"3704",0.118333333333333
"3705",0.116666666666667
"3706",0.118333333333333
"3707",0.118333333333333
"3708",0.115
"3709",0.116666666666667
"3710",0.116666666666667
"3711",0.118333333333333
"3712",0.118333333333333
"3713",0.118333333333333
"3714",0.118333333333333
"3715",0.116666666666667
"3716",0.118333333333333
"3717",0.118333333333333
"3718",0.116666666666667
"3719",0.118333333333333
"3720",0.118333333333333
"3721",0.116666666666667
"3722",0.116666666666667
"3723",0.12
"3724",0.12
"3725",0.115
"3726",0.125
"3727",0.118333333333333
"3728",0.118333333333333
"3729",0.116666666666667
"3730",0.118333333333333
"3731",0.118333333333333
"3732",0.118333333333333
"3733",0.116666666666667
"3734",0.118333333333333
"3735",0.118333333333333
"3736",0.118333333333333
"3737",0.118333333333333
"3738",0.116666666666667
"3739",0.118333333333333
"3740",0.116666666666667
"3741",0.116666666666667
"3742",0.118333333333333
"3743",0.116666666666667
"3744",0.116666666666667
"3745",0.116666666666667
"3746",0.118333333333333
"3747",0.118333333333333
"3748",0.118333333333333
"3749",0.118333333333333
"3750",0.118333333333333
"3751",0.116666666666667
"3752",0.118333333333333
"3753",0.118333333333333
"3754",0.115
"3755",0.116666666666667
"3756",0.116666666666667
"3757",0.118333333333333
"3758",0.118333333333333
"3759",0.118333333333333
"3760",0.118333333333333
"3761",0.116666666666667
"3762",0.118333333333333
"3763",0.118333333333333
"3764",0.116666666666667
"3765",0.118333333333333
"3766",0.118333333333333
"3767",0.116666666666667
"3768",0.116666666666667
"3769",0.12
"3770",0.12
"3771",0.115
"3772",0.125
"3773",0.118333333333333
"3774",0.118333333333333
"3775",0.116666666666667
"3776",0.118333333333333
"3777",0.118333333333333
"3778",0.118333333333333
"3779",0.116666666666667
"3780",0.118333333333333
"3781",0.118333333333333
"3782",0.118333333333333
"3783",0.118333333333333
"3784",0.116666666666667
"3785",0.118333333333333
"3786",0.116666666666667
"3787",0.116666666666667
"3788",0.118333333333333
"3789",0.116666666666667
"3790",0.116666666666667
"3791",0.116666666666667
"3792",0.118333333333333
"3793",0.118333333333333
"3794",0.118333333333333
"3795",0.118333333333333
"3796",0.118333333333333
"3797",0.116666666666667
"3798",0.118333333333333
"3799",0.118333333333333
"3800",0.115
"3801",0.116666666666667
"3802",0.116666666666667
"3803",0.118333333333333
"3804",0.118333333333333
"3805",0.118333333333333
"3806",0.118333333333333
"3807",0.116666666666667
"3808",0.118333333333333
"3809",0.118333333333333
"3810",0.116666666666667
"3811",0.118333333333333
"3812",0.118333333333333
"3813",0.116666666666667
"3814",0.116666666666667
"3815",0.12
"3816",0.12
"3817",0.115
"3818",0.125
"3819",0.118333333333333
"3820",0.118333333333333
"3821",0.116666666666667
"3822",0.118333333333333
"3823",0.118333333333333
"3824",0.118333333333333
"3825",0.116666666666667
"3826",0.118333333333333
"3827",0.118333333333333
"3828",0.118333333333333
"3829",0.118333333333333
"3830",0.116666666666667
"3831",0.118333333333333
"3832",0.116666666666667
"3833",0.116666666666667
"3834",0.118333333333333
"3835",0.116666666666667
"3836",0.116666666666667
"3837",0.116666666666667
"3838",0.118333333333333
"3839",0.118333333333333
"3840",0.118333333333333
"3841",0.118333333333333
"3842",0.118333333333333
"3843",0.116666666666667
"3844",0.118333333333333
"3845",0.118333333333333
"3846",0.115
"3847",0.116666666666667
"3848",0.116666666666667
"3849",0.118333333333333
"3850",0.118333333333333
"3851",0.118333333333333
"3852",0.118333333333333
"3853",0.116666666666667
"3854",0.118333333333333
"3855",0.118333333333333
"3856",0.116666666666667
"3857",0.118333333333333
"3858",0.118333333333333
"3859",0.116666666666667
"3860",0.116666666666667
"3861",0.12
"3862",0.12
"3863",0.115
"3864",0.125
"3865",0.118333333333333
"3866",0.118333333333333
"3867",0.116666666666667
"3868",0.118333333333333
"3869",0.118333333333333
"3870",0.118333333333333
"3871",0.116666666666667
"3872",0.118333333333333
"3873",0.118333333333333
"3874",0.118333333333333
"3875",0.118333333333333
"3876",0.116666666666667
"3877",0.118333333333333
"3878",0.116666666666667
"3879",0.116666666666667
"3880",0.118333333333333
"3881",0.116666666666667
"3882",0.116666666666667
"3883",0.116666666666667
"3884",0.118333333333333
"3885",0.118333333333333
"3886",0.118333333333333
"3887",0.118333333333333
"3888",0.118333333333333
"3889",0.116666666666667
"3890",0.118333333333333
"3891",0.118333333333333
"3892",0.115
"3893",0.116666666666667
"3894",0.116666666666667
"3895",0.118333333333333
"3896",0.118333333333333
"3897",0.118333333333333
"3898",0.118333333333333
"3899",0.116666666666667
"3900",0.118333333333333
"3901",0.118333333333333
"3902",0.116666666666667
"3903",0.118333333333333
"3904",0.118333333333333
"3905",0.116666666666667
"3906",0.116666666666667
"3907",0.12
"3908",0.12
"3909",0.115
"3910",0.125
"3911",0.118333333333333
"3912",0.118333333333333
"3913",0.116666666666667
"3914",0.118333333333333
"3915",0.118333333333333
"3916",0.118333333333333
"3917",0.116666666666667
"3918",0.118333333333333
"3919",0.118333333333333
"3920",0.118333333333333
"3921",0.118333333333333
"3922",0.116666666666667
"3923",0.118333333333333
"3924",0.116666666666667
"3925",0.116666666666667
"3926",0.118333333333333
"3927",0.116666666666667
"3928",0.116666666666667
"3929",0.116666666666667
"3930",0.118333333333333
"3931",0.118333333333333
"3932",0.118333333333333
"3933",0.118333333333333
"3934",0.118333333333333
"3935",0.116666666666667
"3936",0.118333333333333
"3937",0.118333333333333
"3938",0.115
"3939",0.116666666666667
"3940",0.116666666666667
"3941",0.118333333333333
"3942",0.118333333333333
"3943",0.118333333333333
"3944",0.118333333333333
"3945",0.116666666666667
"3946",0.118333333333333
"3947",0.118333333333333
"3948",0.116666666666667
"3949",0.118333333333333
"3950",0.118333333333333
"3951",0.116666666666667
"3952",0.116666666666667
"3953",0.12
"3954",0.12
"3955",0.115
"3956",0.125
"3957",0.118333333333333
"3958",0.118333333333333
"3959",0.116666666666667
"3960",0.118333333333333
"3961",0.118333333333333
"3962",0.118333333333333
"3963",0.116666666666667
"3964",0.118333333333333
"3965",0.118333333333333
"3966",0.118333333333333
"3967",0.118333333333333
"3968",0.116666666666667
"3969",0.118333333333333
"3970",0.116666666666667
"3971",0.116666666666667
"3972",0.118333333333333
"3973",0.116666666666667
"3974",0.116666666666667
"3975",0.116666666666667
"3976",0.118333333333333
"3977",0.118333333333333
"3978",0.118333333333333
"3979",0.118333333333333
"3980",0.118333333333333
"3981",0.116666666666667
"3982",0.118333333333333
"3983",0.118333333333333
"3984",0.115
"3985",0.116666666666667
"3986",0.116666666666667
"3987",0.118333333333333
"3988",0.118333333333333
"3989",0.118333333333333
"3990",0.118333333333333
"3991",0.116666666666667
"3992",0.118333333333333
"3993",0.118333333333333
"3994",0.116666666666667
"3995",0.118333333333333
"3996",0.118333333333333
"3997",0.116666666666667
"3998",0.116666666666667
"3999",0.12
"4000",0.12
"4001",0.115
"4002",0.125
"4003",0.118333333333333
"4004",0.118333333333333
"4005",0.116666666666667
"4006",0.118333333333333
"4007",0.118333333333333
"4008",0.118333333333333
"4009",0.116666666666667
"4010",0.118333333333333
"4011",0.118333333333333
"4012",0.118333333333333
"4013",0.118333333333333
"4014",0.116666666666667
"4015",0.118333333333333
"4016",0.116666666666667
"4017",0.116666666666667
"4018",0.118333333333333
"4019",0.116666666666667
"4020",0.116666666666667
"4021",0.116666666666667
"4022",0.118333333333333
"4023",0.118333333333333
"4024",0.118333333333333
"4025",0.118333333333333
"4026",0.118333333333333
"4027",0.116666666666667
"4028",0.118333333333333
"4029",0.118333333333333
"4030",0.115
"4031",0.116666666666667
"4032",0.116666666666667
"4033",0.118333333333333
"4034",0.118333333333333
"4035",0.118333333333333
"4036",0.118333333333333
"4037",0.116666666666667
"4038",0.118333333333333
"4039",0.118333333333333
"4040",0.116666666666667
"4041",0.118333333333333
"4042",0.118333333333333
"4043",0.116666666666667
"4044",0.116666666666667
"4045",0.12
"4046",0.12
"4047",0.115
"4048",0.125
"4049",0.118333333333333
"4050",0.118333333333333
"4051",0.116666666666667
"4052",0.118333333333333
"4053",0.118333333333333
"4054",0.118333333333333
"4055",0.116666666666667
"4056",0.118333333333333
"4057",0.118333333333333
"4058",0.118333333333333
"4059",0.118333333333333
"4060",0.116666666666667
"4061",0.118333333333333
"4062",0.116666666666667
"4063",0.116666666666667
"4064",0.118333333333333
"4065",0.116666666666667
"4066",0.116666666666667
"4067",0.116666666666667
"4068",0.118333333333333
"4069",0.118333333333333
"4070",0.118333333333333
"4071",0.118333333333333
"4072",0.118333333333333
"4073",0.116666666666667
"4074",0.118333333333333
"4075",0.118333333333333
"4076",0.115
"4077",0.116666666666667
"4078",0.116666666666667
"4079",0.118333333333333
"4080",0.118333333333333
"4081",0.118333333333333
"4082",0.118333333333333
"4083",0.116666666666667
"4084",0.118333333333333
"4085",0.118333333333333
"4086",0.116666666666667
"4087",0.118333333333333
"4088",0.118333333333333
"4089",0.116666666666667
"4090",0.116666666666667
"4091",0.12
"4092",0.12
"4093",0.115
"4094",0.125
"4095",0.118333333333333
"4096",0.118333333333333
"4097",0.116666666666667
"4098",0.118333333333333
"4099",0.118333333333333
"4100",0.118333333333333
"4101",0.116666666666667
"4102",0.118333333333333
"4103",0.118333333333333
"4104",0.118333333333333
"4105",0.118333333333333
"4106",0.116666666666667
"4107",0.118333333333333
"4108",0.116666666666667
"4109",0.116666666666667
"4110",0.118333333333333
"4111",0.116666666666667
"4112",0.116666666666667
"4113",0.116666666666667
"4114",0.118333333333333
"4115",0.118333333333333
"4116",0.118333333333333
"4117",0.118333333333333
"4118",0.118333333333333
"4119",0.116666666666667
"4120",0.118333333333333
"4121",0.118333333333333
"4122",0.115
"4123",0.116666666666667
"4124",0.116666666666667
"4125",0.118333333333333
"4126",0.118333333333333
"4127",0.118333333333333
"4128",0.118333333333333
"4129",0.116666666666667
"4130",0.118333333333333
"4131",0.118333333333333
"4132",0.116666666666667
"4133",0.118333333333333
"4134",0.118333333333333
"4135",0.116666666666667
"4136",0.116666666666667
"4137",0.12
"4138",0.12
"4139",0.115
"4140",0.125
"4141",0.118333333333333
"4142",0.118333333333333
"4143",0.116666666666667
"4144",0.118333333333333
"4145",0.118333333333333
"4146",0.118333333333333
"4147",0.116666666666667
"4148",0.118333333333333
"4149",0.118333333333333
"4150",0.118333333333333
"4151",0.118333333333333
"4152",0.116666666666667
"4153",0.118333333333333
"4154",0.116666666666667
"4155",0.116666666666667
"4156",0.118333333333333
"4157",0.116666666666667
"4158",0.116666666666667
"4159",0.116666666666667
"4160",0.118333333333333
"4161",0.118333333333333
"4162",0.118333333333333
"4163",0.118333333333333
"4164",0.118333333333333
"4165",0.116666666666667
"4166",0.118333333333333
"4167",0.118333333333333
"4168",0.115
"4169",0.116666666666667
"4170",0.116666666666667
"4171",0.118333333333333
"4172",0.118333333333333
"4173",0.118333333333333
"4174",0.118333333333333
"4175",0.116666666666667
"4176",0.118333333333333
"4177",0.118333333333333
"4178",0.116666666666667
"4179",0.118333333333333
"4180",0.118333333333333
"4181",0.116666666666667
"4182",0.116666666666667
"4183",0.12
"4184",0.12
"4185",0.115
"4186",0.125
"4187",0.118333333333333
"4188",0.118333333333333
"4189",0.116666666666667
"4190",0.118333333333333
"4191",0.118333333333333
"4192",0.118333333333333
"4193",0.116666666666667
"4194",0.118333333333333
"4195",0.118333333333333
"4196",0.118333333333333
"4197",0.118333333333333
"4198",0.116666666666667
"4199",0.118333333333333
"4200",0.116666666666667
"4201",0.116666666666667
"4202",0.118333333333333
"4203",0.116666666666667
"4204",0.116666666666667
"4205",0.116666666666667
"4206",0.118333333333333
"4207",0.118333333333333
"4208",0.118333333333333
"4209",0.118333333333333
"4210",0.118333333333333
"4211",0.116666666666667
"4212",0.118333333333333
"4213",0.118333333333333
"4214",0.115
"4215",0.116666666666667
"4216",0.116666666666667
"4217",0.118333333333333
"4218",0.118333333333333
"4219",0.118333333333333
"4220",0.118333333333333
"4221",0.116666666666667
"4222",0.118333333333333
"4223",0.118333333333333
"4224",0.116666666666667
"4225",0.118333333333333
"4226",0.118333333333333
"4227",0.116666666666667
"4228",0.116666666666667
"4229",0.12
"4230",0.12
"4231",0.115
"4232",0.125
"4233",0.118333333333333
"4234",0.118333333333333
"4235",0.116666666666667
"4236",0.118333333333333
"4237",0.118333333333333
"4238",0.118333333333333
"4239",0.116666666666667
"4240",0.118333333333333
"4241",0.118333333333333
"4242",0.118333333333333
"4243",0.118333333333333
"4244",0.116666666666667
"4245",0.118333333333333
"4246",0.116666666666667
"4247",0.116666666666667
"4248",0.118333333333333
"4249",0.116666666666667
"4250",0.116666666666667
"4251",0.116666666666667
"4252",0.118333333333333
"4253",0.118333333333333
"4254",0.118333333333333
"4255",0.118333333333333
"4256",0.118333333333333
"4257",0.116666666666667
"4258",0.118333333333333
"4259",0.118333333333333
"4260",0.115
"4261",0.116666666666667
"4262",0.116666666666667
"4263",0.118333333333333
"4264",0.118333333333333
"4265",0.118333333333333
"4266",0.118333333333333
"4267",0.116666666666667
"4268",0.118333333333333
"4269",0.118333333333333
"4270",0.116666666666667
"4271",0.118333333333333
"4272",0.118333333333333
"4273",0.116666666666667
"4274",0.116666666666667
"4275",0.12
"4276",0.12
"4277",0.115
"4278",0.125
"4279",0.118333333333333
"4280",0.118333333333333
"4281",0.116666666666667
"4282",0.118333333333333
"4283",0.118333333333333
"4284",0.118333333333333
"4285",0.116666666666667
"4286",0.118333333333333
"4287",0.118333333333333
"4288",0.118333333333333
"4289",0.118333333333333
"4290",0.116666666666667
"4291",0.118333333333333
"4292",0.116666666666667
"4293",0.116666666666667
"4294",0.118333333333333
"4295",0.116666666666667
"4296",0.116666666666667
"4297",0.116666666666667
"4298",0.118333333333333
"4299",0.118333333333333
"4300",0.118333333333333
"4301",0.118333333333333
"4302",0.118333333333333
"4303",0.116666666666667
"4304",0.118333333333333
"4305",0.118333333333333
"4306",0.115
"4307",0.116666666666667
"4308",0.116666666666667
"4309",0.118333333333333
"4310",0.118333333333333
"4311",0.118333333333333
"4312",0.118333333333333
"4313",0.116666666666667
"4314",0.118333333333333
"4315",0.118333333333333
"4316",0.116666666666667
"4317",0.118333333333333
"4318",0.118333333333333
"4319",0.116666666666667
"4320",0.116666666666667
"4321",0.12
"4322",0.12
"4323",0.115
"4324",0.125
"4325",0.118333333333333
"4326",0.118333333333333
"4327",0.116666666666667
"4328",0.118333333333333
"4329",0.118333333333333
"4330",0.118333333333333
"4331",0.116666666666667
"4332",0.118333333333333
"4333",0.118333333333333
"4334",0.118333333333333
"4335",0.118333333333333
"4336",0.116666666666667
"4337",0.118333333333333
"4338",0.116666666666667
"4339",0.116666666666667
"4340",0.118333333333333
"4341",0.116666666666667
"4342",0.116666666666667
"4343",0.116666666666667
"4344",0.118333333333333
"4345",0.118333333333333
"4346",0.118333333333333
"4347",0.118333333333333
"4348",0.118333333333333
"4349",0.116666666666667
"4350",0.118333333333333
"4351",0.118333333333333
"4352",0.115
"4353",0.116666666666667
"4354",0.116666666666667
"4355",0.118333333333333
"4356",0.118333333333333
"4357",0.118333333333333
"4358",0.118333333333333
"4359",0.116666666666667
"4360",0.118333333333333
"4361",0.118333333333333
"4362",0.116666666666667
"4363",0.118333333333333
"4364",0.118333333333333
"4365",0.116666666666667
"4366",0.116666666666667
"4367",0.12
"4368",0.12
"4369",0.115
"4370",0.125
"4371",0.118333333333333
"4372",0.118333333333333
"4373",0.116666666666667
"4374",0.118333333333333
"4375",0.118333333333333
"4376",0.118333333333333
"4377",0.116666666666667
"4378",0.118333333333333
"4379",0.118333333333333
"4380",0.118333333333333
"4381",0.118333333333333
"4382",0.116666666666667
"4383",0.118333333333333
"4384",0.116666666666667
"4385",0.116666666666667
"4386",0.118333333333333
"4387",0.116666666666667
"4388",0.116666666666667
"4389",0.116666666666667
"4390",0.118333333333333
"4391",0.118333333333333
"4392",0.118333333333333
"4393",0.118333333333333
"4394",0.118333333333333
"4395",0.116666666666667
"4396",0.118333333333333
"4397",0.118333333333333
"4398",0.115
"4399",0.116666666666667
"4400",0.116666666666667
"4401",0.118333333333333
"4402",0.118333333333333
"4403",0.118333333333333
"4404",0.118333333333333
"4405",0.116666666666667
"4406",0.118333333333333
"4407",0.118333333333333
"4408",0.116666666666667
"4409",0.118333333333333
"4410",0.118333333333333
"4411",0.116666666666667
"4412",0.116666666666667
"4413",0.12
"4414",0.12
"4415",0.115
"4416",0.125
"4417",0.118333333333333
"4418",0.118333333333333
"4419",0.116666666666667
"4420",0.118333333333333
"4421",0.118333333333333
"4422",0.118333333333333
"4423",0.116666666666667
"4424",0.118333333333333
"4425",0.118333333333333
"4426",0.118333333333333
"4427",0.118333333333333
"4428",0.116666666666667
"4429",0.118333333333333
"4430",0.116666666666667
"4431",0.116666666666667
"4432",0.118333333333333
"4433",0.116666666666667
"4434",0.116666666666667
"4435",0.116666666666667
"4436",0.118333333333333
"4437",0.118333333333333
"4438",0.118333333333333
"4439",0.118333333333333
"4440",0.118333333333333
"4441",0.116666666666667
"4442",0.118333333333333
"4443",0.118333333333333
"4444",0.115
"4445",0.116666666666667
"4446",0.116666666666667
"4447",0.118333333333333
"4448",0.118333333333333
"4449",0.118333333333333
"4450",0.118333333333333
"4451",0.116666666666667
"4452",0.118333333333333
"4453",0.118333333333333
"4454",0.116666666666667
"4455",0.118333333333333
"4456",0.118333333333333
"4457",0.116666666666667
"4458",0.116666666666667
"4459",0.12
"4460",0.12
"4461",0.115
"4462",0.125
"4463",0.118333333333333
"4464",0.118333333333333
"4465",0.116666666666667
"4466",0.118333333333333
"4467",0.118333333333333
"4468",0.118333333333333
"4469",0.116666666666667
"4470",0.118333333333333
"4471",0.118333333333333
"4472",0.118333333333333
"4473",0.118333333333333
"4474",0.116666666666667
"4475",0.118333333333333
"4476",0.116666666666667
"4477",0.116666666666667
"4478",0.118333333333333
"4479",0.116666666666667
"4480",0.116666666666667
"4481",0.116666666666667
"4482",0.118333333333333
"4483",0.118333333333333
"4484",0.118333333333333
"4485",0.118333333333333
"4486",0.118333333333333
"4487",0.116666666666667
"4488",0.118333333333333
"4489",0.118333333333333
"4490",0.115
"4491",0.116666666666667
"4492",0.116666666666667
"4493",0.118333333333333
"4494",0.118333333333333
"4495",0.118333333333333
"4496",0.118333333333333
"4497",0.116666666666667
"4498",0.118333333333333
"4499",0.118333333333333
"4500",0.116666666666667
"4501",0.118333333333333
"4502",0.118333333333333
"4503",0.116666666666667
"4504",0.116666666666667
"4505",0.12
"4506",0.12
"4507",0.115
"4508",0.125
"4509",0.118333333333333
"4510",0.118333333333333
"4511",0.116666666666667
"4512",0.118333333333333
"4513",0.118333333333333
"4514",0.118333333333333
"4515",0.116666666666667
"4516",0.118333333333333
"4517",0.118333333333333
"4518",0.118333333333333
"4519",0.118333333333333
"4520",0.116666666666667
"4521",0.118333333333333
"4522",0.116666666666667
"4523",0.116666666666667
"4524",0.118333333333333
"4525",0.116666666666667
"4526",0.116666666666667
"4527",0.116666666666667
"4528",0.118333333333333
"4529",0.118333333333333
"4530",0.118333333333333
"4531",0.118333333333333
"4532",0.118333333333333
"4533",0.116666666666667
"4534",0.118333333333333
"4535",0.118333333333333
"4536",0.115
"4537",0.116666666666667
"4538",0.116666666666667
"4539",0.118333333333333
"4540",0.118333333333333
"4541",0.118333333333333
"4542",0.118333333333333
"4543",0.116666666666667
"4544",0.118333333333333
"4545",0.118333333333333
"4546",0.116666666666667
"4547",0.118333333333333
"4548",0.118333333333333
"4549",0.116666666666667
"4550",0.116666666666667
"4551",0.12
"4552",0.12
"4553",0.115
"4554",0.125
"4555",0.12
"4556",0.12
"4557",0.121666666666667
"4558",0.12
"4559",0.12
"4560",0.12
"4561",0.118333333333333
"4562",0.118333333333333
"4563",0.12
"4564",0.118333333333333
"4565",0.12
"4566",0.118333333333333
"4567",0.118333333333333
"4568",0.121666666666667
"4569",0.118333333333333
"4570",0.12
"4571",0.118333333333333
"4572",0.118333333333333
"4573",0.118333333333333
"4574",0.118333333333333
"4575",0.12
"4576",0.118333333333333
"4577",0.118333333333333
"4578",0.118333333333333
"4579",0.118333333333333
"4580",0.118333333333333
"4581",0.12
"4582",0.12
"4583",0.118333333333333
"4584",0.121666666666667
"4585",0.12
"4586",0.118333333333333
"4587",0.12
"4588",0.12
"4589",0.118333333333333
"4590",0.118333333333333
"4591",0.118333333333333
"4592",0.118333333333333
"4593",0.118333333333333
"4594",0.12
"4595",0.118333333333333
"4596",0.115
"4597",0.115
"4598",0.115
"4599",0.118333333333333
"4600",0.116666666666667
"4601",0.12
"4602",0.12
"4603",0.121666666666667
"4604",0.12
"4605",0.12
"4606",0.12
"4607",0.118333333333333
"4608",0.118333333333333
"4609",0.12
"4610",0.118333333333333
"4611",0.12
"4612",0.118333333333333
"4613",0.118333333333333
"4614",0.121666666666667
"4615",0.118333333333333
"4616",0.12
"4617",0.118333333333333
"4618",0.118333333333333
"4619",0.118333333333333
"4620",0.118333333333333
"4621",0.12
"4622",0.118333333333333
"4623",0.118333333333333
"4624",0.118333333333333
"4625",0.118333333333333
"4626",0.118333333333333
"4627",0.12
"4628",0.12
"4629",0.118333333333333
"4630",0.121666666666667
"4631",0.12
"4632",0.118333333333333
"4633",0.12
"4634",0.12
"4635",0.118333333333333
"4636",0.118333333333333
"4637",0.118333333333333
"4638",0.118333333333333
"4639",0.118333333333333
"4640",0.12
"4641",0.118333333333333
"4642",0.118333333333333
"4643",0.118333333333333
"4644",0.118333333333333
"4645",0.118333333333333
"4646",0.116666666666667
"4647",0.12
"4648",0.12
"4649",0.121666666666667
"4650",0.12
"4651",0.12
"4652",0.12
"4653",0.118333333333333
"4654",0.118333333333333
"4655",0.12
"4656",0.118333333333333
"4657",0.12
"4658",0.118333333333333
"4659",0.118333333333333
"4660",0.121666666666667
"4661",0.118333333333333
"4662",0.12
"4663",0.118333333333333
"4664",0.118333333333333
"4665",0.118333333333333
"4666",0.118333333333333
"4667",0.12
"4668",0.118333333333333
"4669",0.118333333333333
"4670",0.118333333333333
"4671",0.118333333333333
"4672",0.118333333333333
"4673",0.12
"4674",0.12
"4675",0.118333333333333
"4676",0.121666666666667
"4677",0.12
"4678",0.118333333333333
"4679",0.12
"4680",0.12
"4681",0.118333333333333
"4682",0.118333333333333
"4683",0.118333333333333
"4684",0.118333333333333
"4685",0.118333333333333
"4686",0.12
"4687",0.118333333333333
"4688",0.111666666666667
"4689",0.115
"4690",0.115
"4691",0.118333333333333
"4692",0.111666666666667
"4693",0.12
"4694",0.12
"4695",0.121666666666667
"4696",0.12
"4697",0.12
"4698",0.12
"4699",0.118333333333333
"4700",0.118333333333333
"4701",0.12
"4702",0.118333333333333
"4703",0.12
"4704",0.118333333333333
"4705",0.118333333333333
"4706",0.121666666666667
"4707",0.118333333333333
"4708",0.12
"4709",0.118333333333333
"4710",0.118333333333333
"4711",0.118333333333333
"4712",0.118333333333333
"4713",0.12
"4714",0.118333333333333
"4715",0.118333333333333
"4716",0.118333333333333
"4717",0.118333333333333
"4718",0.118333333333333
"4719",0.12
"4720",0.12
"4721",0.118333333333333
"4722",0.121666666666667
"4723",0.12
"4724",0.118333333333333
"4725",0.12
"4726",0.12
"4727",0.118333333333333
"4728",0.118333333333333
"4729",0.118333333333333
"4730",0.118333333333333
"4731",0.118333333333333
"4732",0.12
"4733",0.118333333333333
"4734",0.111666666666667
"4735",0.115
"4736",0.115
"4737",0.118333333333333
"4738",0.111666666666667
"4739",0.108333333333333
"4740",0.113333333333333
"4741",0.113333333333333
"4742",0.116666666666667
"4743",0.11
"4744",0.115
"4745",0.11
"4746",0.116666666666667
"4747",0.105
"4748",0.11
"4749",0.11
"4750",0.115
"4751",0.111666666666667
"4752",0.118333333333333
"4753",0.0983333333333333
"4754",0.106666666666667
"4755",0.0983333333333333
"4756",0.106666666666667
"4757",0.0966666666666667
"4758",0.105
"4759",0.0966666666666667
"4760",0.105
"4761",0.0983333333333333
"4762",0.106666666666667
"4763",0.0966666666666667
"4764",0.108333333333333
"4765",0.151666666666667
"4766",0.145
"4767",0.151666666666667
"4768",0.145
"4769",0.151666666666667
"4770",0.145
"4771",0.151666666666667
"4772",0.145
"4773",0.14
"4774",0.14
"4775",0.14
"4776",0.14
"4777",0.14
"4778",0.14
"4779",0.14
"4780",0.14
"4781",0.143333333333333
"4782",0.143333333333333
"4783",0.14
"4784",0.14
"4785",0.14
"4786",0.14
"4787",0.14
"4788",0.14
"4789",0.14
"4790",0.14
"4791",0.14
"4792",0.14
"4793",0.14
"4794",0.14
"4795",0.14
"4796",0.14
"4797",0.14
"4798",0.14
"4799",0.14
"4800",0.14
"4801",0.14
"4802",0.14
"4803",0.14
"4804",0.14
"4805",0.14
"4806",0.14
"4807",0.14
"4808",0.14
"4809",0.14
"4810",0.14
"4811",0.15
"4812",0.15
"4813",0.15
"4814",0.15
"4815",0.138333333333333
"4816",0.141666666666667
"4817",0.14
"4818",0.151666666666667
"4819",0.138333333333333
"4820",0.15
"4821",0.138333333333333
"4822",0.141666666666667
"4823",0.138333333333333
"4824",0.141666666666667
"4825",0.136666666666667
"4826",0.148333333333333
"4827",0.138333333333333
"4828",0.15
"4829",0.138333333333333
"4830",0.146666666666667
"4831",0.128333333333333
"4832",0.128333333333333
"4833",0.13
"4834",0.13
"4835",0.128333333333333
"4836",0.128333333333333
"4837",0.126666666666667
"4838",0.126666666666667
"4839",0.128333333333333
"4840",0.128333333333333
"4841",0.128333333333333
"4842",0.128333333333333
"4843",0.128333333333333
"4844",0.128333333333333
"4845",0.101666666666667
"4846",0.111666666666667
"4847",0.101666666666667
"4848",0.111666666666667
"4849",0.103333333333333
"4850",0.113333333333333
"4851",0.135
"4852",0.133333333333333
"4853",0.135
"4854",0.133333333333333
"4855",0.133333333333333
"4856",0.131666666666667
"4857",0.131666666666667
"4858",0.13
"4859",0.135
"4860",0.133333333333333
"4861",0.135
"4862",0.133333333333333
"4863",0.135
"4864",0.133333333333333
"4865",0.133333333333333
"4866",0.131666666666667
"4867",0.135
"4868",0.133333333333333
"4869",0.135
"4870",0.133333333333333
"4871",0.133333333333333
"4872",0.131666666666667
"4873",0.133333333333333
"4874",0.131666666666667
"4875",0.135
"4876",0.133333333333333
"4877",0.135
"4878",0.133333333333333
"4879",0.133333333333333
"4880",0.131666666666667
"4881",0.135
"4882",0.133333333333333
"4883",0.135
"4884",0.133333333333333
"4885",0.135
"4886",0.133333333333333
"4887",0.135
"4888",0.133333333333333
"4889",0.133333333333333
"4890",0.131666666666667
"4891",0.135
"4892",0.133333333333333
"4893",0.135
"4894",0.133333333333333
"4895",0.133333333333333
"4896",0.131666666666667
"4897",0.133333333333333
"4898",0.131666666666667
"4899",0.133333333333333
"4900",0.131666666666667
"4901",0.103333333333333
"4902",0.101666666666667
"4903",0.0933333333333333
"4904",0.103333333333333
"4905",0.0983333333333333
"4906",0.105
"4907",0.1
"4908",0.11
"4909",0.0966666666666667
"4910",0.106666666666667
"4911",0.0983333333333333
"4912",0.108333333333333
"4913",0.095
"4914",0.108333333333333
"4915",0.0966666666666667
"4916",0.106666666666667
"4917",0.0916666666666667
"4918",0.105
"4919",0.0983333333333333
"4920",0.108333333333333
"4921",0.095
"4922",0.105
"4923",0.0966666666666667
"4924",0.106666666666667
"4925",0.0966666666666667
"4926",0.106666666666667
"4927",0.121666666666667
"4928",0.123333333333333
"4929",0.121666666666667
"4930",0.123333333333333
"4931",0.121666666666667
"4932",0.123333333333333
"4933",0.121666666666667
"4934",0.121666666666667
"4935",0.12
"4936",0.12
"4937",0.121666666666667
"4938",0.121666666666667
"4939",0.113333333333333
"4940",0.128333333333333
"4941",0.116666666666667
"4942",0.128333333333333
"4943",0.113333333333333
"4944",0.128333333333333
"4945",0.105
"4946",0.101666666666667
"4947",0.105
"4948",0.101666666666667
"4949",0.16
"4950",0.153333333333333
"4951",0.16
"4952",0.16
"4953",0.16
"4954",0.153333333333333
"4955",0.16
"4956",0.153333333333333
"4957",0.106666666666667
"4958",0.11
"4959",0.108333333333333
"4960",0.111666666666667
"4961",0.126666666666667
"4962",0.125
"4963",0.13
"4964",0.126666666666667
"4965",0.126666666666667
"4966",0.125
"4967",0.131666666666667
"4968",0.128333333333333
"4969",0.13
"4970",0.126666666666667
"4971",0.131666666666667
"4972",0.128333333333333
"4973",0.13
"4974",0.126666666666667
"4975",0.133333333333333
"4976",0.126666666666667
"4977",0.131666666666667
"4978",0.131666666666667
"4979",0.136666666666667
"4980",0.13
"4981",0.136666666666667
"4982",0.13
"4983",0.1
"4984",0.108333333333333
"4985",0.1
"4986",0.108333333333333
"4987",0.1
"4988",0.108333333333333
"4989",0.101666666666667
"4990",0.11
"4991",0.1
"4992",0.108333333333333
"4993",0.101666666666667
"4994",0.11
"4995",0.103333333333333
"4996",0.111666666666667
"4997",0.1
"4998",0.108333333333333
"4999",0.1
"5000",0.108333333333333
"5001",0.1
"5002",0.108333333333333
"5003",0.1
"5004",0.108333333333333
"5005",0.103333333333333
"5006",0.111666666666667
"5007",0.103333333333333
"5008",0.111666666666667
"5009",0.1
"5010",0.108333333333333
"5011",0.1
"5012",0.108333333333333
"5013",0.0983333333333333
"5014",0.11
"5015",0.1
"5016",0.108333333333333
"5017",0.101666666666667
"5018",0.11
"5019",0.1
"5020",0.108333333333333
"5021",0.103333333333333
"5022",0.111666666666667
"5023",0.1
"5024",0.108333333333333
"5025",0.105
"5026",0.113333333333333
"5027",0.1
"5028",0.108333333333333
"5029",0.1
"5030",0.108333333333333
"5031",0.1
"5032",0.108333333333333
"5033",0.103333333333333
"5034",0.111666666666667
"5035",0.101666666666667
"5036",0.108333333333333
"5037",0.103333333333333
"5038",0.111666666666667
"5039",0.1
"5040",0.108333333333333
"5041",0.101666666666667
"5042",0.11
"5043",0.101666666666667
"5044",0.11
"5045",0.1
"5046",0.108333333333333
"5047",0.103333333333333
"5048",0.111666666666667
"5049",0.103333333333333
"5050",0.111666666666667
"5051",0.1
"5052",0.108333333333333
"5053",0.1
"5054",0.108333333333333
"5055",0.0983333333333333
"5056",0.106666666666667
"5057",0.1
"5058",0.108333333333333
"5059",0.1
"5060",0.108333333333333
"5061",0.1
"5062",0.108333333333333
"5063",0.1
"5064",0.108333333333333
"5065",0.1
"5066",0.108333333333333
"5067",0.101666666666667
"5068",0.11
"5069",0.1
"5070",0.108333333333333
"5071",0.1
"5072",0.108333333333333
"5073",0.1
"5074",0.108333333333333
"5075",0.101666666666667
"5076",0.11
"5077",0.103333333333333
"5078",0.111666666666667
"5079",0.0983333333333333
"5080",0.106666666666667
"5081",0.1
"5082",0.108333333333333
"5083",0.1
"5084",0.108333333333333
"5085",0.103333333333333
"5086",0.111666666666667
"5087",0.1
"5088",0.108333333333333
"5089",0.1
"5090",0.108333333333333
"5091",0.1
"5092",0.108333333333333
"5093",0.1
"5094",0.108333333333333
"5095",0.0983333333333333
"5096",0.106666666666667
"5097",0.1
"5098",0.108333333333333
"5099",0.1
"5100",0.108333333333333
"5101",0.101666666666667
"5102",0.11
"5103",0.1
"5104",0.108333333333333
"5105",0.1
"5106",0.108333333333333
"5107",0.101666666666667
"5108",0.11
"5109",0.101666666666667
"5110",0.11
"5111",0.1
"5112",0.108333333333333
"5113",0.1
"5114",0.108333333333333
"5115",0.1
"5116",0.108333333333333
"5117",0.1
"5118",0.108333333333333
"5119",0.101666666666667
"5120",0.11
"5121",0.1
"5122",0.108333333333333
"5123",0.1
"5124",0.108333333333333
"5125",0.1
"5126",0.108333333333333
"5127",0.101666666666667
"5128",0.11
"5129",0.103333333333333
"5130",0.111666666666667
"5131",0.1
"5132",0.108333333333333
"5133",0.1
"5134",0.108333333333333
"5135",0.1
"5136",0.108333333333333
"5137",0.101666666666667
"5138",0.11
"5139",0.1
"5140",0.108333333333333
"5141",0.1
"5142",0.108333333333333
"5143",0.1
"5144",0.108333333333333
"5145",0.1
"5146",0.108333333333333
"5147",0.0983333333333333
"5148",0.106666666666667
"5149",0.101666666666667
"5150",0.11
"5151",0.101666666666667
"5152",0.11
"5153",0.0983333333333333
"5154",0.11
"5155",0.101666666666667
"5156",0.11
"5157",0.0966666666666667
"5158",0.101666666666667
"5159",0.103333333333333
"5160",0.106666666666667
"5161",0.106666666666667
"5162",0.108333333333333
"5163",0.103333333333333
"5164",0.106666666666667
"5165",0.141666666666667
"5166",0.145
"5167",0.14
"5168",0.143333333333333
"5169",0.14
"5170",0.143333333333333
"5171",0.0933333333333333
"5172",0.1
"5173",0.0933333333333333
"5174",0.103333333333333
"5175",0.0966666666666667
"5176",0.106666666666667
"5177",0.0916666666666667
"5178",0.101666666666667
"5179",0.0916666666666667
"5180",0.101666666666667
"5181",0.14
"5182",0.133333333333333
"5183",0.138333333333333
"5184",0.135
"5185",0.141666666666667
"5186",0.131666666666667
"5187",0.14
"5188",0.133333333333333
"5189",0.141666666666667
"5190",0.131666666666667
"5191",0.14
"5192",0.133333333333333
"5193",0.141666666666667
"5194",0.131666666666667
"5195",0.14
"5196",0.133333333333333
"5197",0.141666666666667
"5198",0.131666666666667
"5199",0.141666666666667
"5200",0.131666666666667
"5201",0.141666666666667
"5202",0.131666666666667
"5203",0.14
"5204",0.133333333333333
"5205",0.0966666666666667
"5206",0.11
"5207",0.0966666666666667
"5208",0.11
"5209",0.0983333333333333
"5210",0.108333333333333
"5211",0.0966666666666667
"5212",0.11
"5213",0.145
"5214",0.141666666666667
"5215",0.145
"5216",0.145
"5217",0.145
"5218",0.141666666666667
"5219",0.145
"5220",0.141666666666667
"5221",0.146666666666667
"5222",0.145
"5223",0.145
"5224",0.141666666666667
"5225",0.146666666666667
"5226",0.143333333333333
"5227",0.146666666666667
"5228",0.146666666666667
"5229",0.145
"5230",0.141666666666667
"5231",0.145
"5232",0.145
"5233",0.138333333333333
"5234",0.145
"5235",0.138333333333333
"5236",0.145
"5237",0.138333333333333
"5238",0.145
"5239",0.123333333333333
"5240",0.125
"5241",0.123333333333333
"5242",0.125
"5243",0.13
"5244",0.13
"5245",0.13
"5246",0.13
"5247",0.106666666666667
"5248",0.103333333333333
"5249",0.105
"5250",0.103333333333333
"5251",0.108333333333333
"5252",0.103333333333333
"5253",0.108333333333333
"5254",0.103333333333333
"5255",0.108333333333333
"5256",0.106666666666667
"5257",0.108333333333333
"5258",0.103333333333333
"5259",0.108333333333333
"5260",0.103333333333333
"5261",0.108333333333333
"5262",0.106666666666667
"5263",0.0983333333333333
"5264",0.1
"5265",0.108333333333333
"5266",0.103333333333333
"5267",0.106666666666667
"5268",0.103333333333333
"5269",0.108333333333333
"5270",0.103333333333333
"5271",0.108333333333333
"5272",0.106666666666667
"5273",0.108333333333333
"5274",0.106666666666667
"5275",0.108333333333333
"5276",0.103333333333333
"5277",0.108333333333333
"5278",0.103333333333333
"5279",0.0983333333333333
"5280",0.1
"5281",0.108333333333333
"5282",0.11
"5283",0.11
"5284",0.108333333333333
"5285",0.108333333333333
"5286",0.11
"5287",0.108333333333333
"5288",0.11
"5289",0.11
"5290",0.111666666666667
"5291",0.108333333333333
"5292",0.106666666666667
"5293",0.106666666666667
"5294",0.103333333333333
"5295",0.0983333333333333
"5296",0.1
"5297",0.0983333333333333
"5298",0.1
"5299",0.108333333333333
"5300",0.103333333333333
"5301",0.133333333333333
"5302",0.136666666666667
"5303",0.128333333333333
"5304",0.131666666666667
"5305",0.128333333333333
"5306",0.131666666666667
"5307",0.13
"5308",0.136666666666667
"5309",0.103333333333333
"5310",0.113333333333333
"5311",0.103333333333333
"5312",0.113333333333333
"5313",0.103333333333333
"5314",0.113333333333333
"5315",0.0333333333333333
"5316",0.035
"5317",0.0316666666666667
"5318",0.0333333333333333
"5319",0.0316666666666667
"5320",0.0333333333333333
"5321",0.0333333333333333
"5322",0.035
"5323",0.0316666666666667
"5324",0.0333333333333333
"5325",0.0316666666666667
"5326",0.0333333333333333
"5327",0.0333333333333333
"5328",0.035
"5329",0.0333333333333333
"5330",0.035
"5331",0.0333333333333333
"5332",0.035
"5333",0.0333333333333333
"5334",0.035
"5335",0.0333333333333333
"5336",0.035
"5337",0.0316666666666667
"5338",0.0333333333333333
"5339",0.0333333333333333
"5340",0.035
"5341",0.0333333333333333
"5342",0.035
"5343",0.0333333333333333
"5344",0.035
"5345",0.0333333333333333
"5346",0.035
"5347",0.0966666666666667
"5348",0.106666666666667
"5349",0.0966666666666667
"5350",0.106666666666667
"5351",0.0983333333333333
"5352",0.108333333333333
"5353",0.103333333333333
"5354",0.108333333333333
"5355",0.103333333333333
"5356",0.108333333333333
"5357",0.103333333333333
"5358",0.108333333333333
"5359",0.133333333333333
"5360",0.135
"5361",0.133333333333333
"5362",0.135
"5363",0.133333333333333
"5364",0.135
"5365",0.135
"5366",0.136666666666667
"5367",0.133333333333333
"5368",0.135
"5369",0.133333333333333
"5370",0.135
"5371",0.133333333333333
"5372",0.135
"5373",0.133333333333333
"5374",0.135
"5375",0.133333333333333
"5376",0.135
"5377",0.125
"5378",0.126666666666667
"5379",0.125
"5380",0.123333333333333
"5381",0.126666666666667
"5382",0.128333333333333
"5383",0.126666666666667
"5384",0.128333333333333
"5385",0.125
"5386",0.126666666666667
"5387",0.126666666666667
"5388",0.128333333333333
"5389",0.128333333333333
"5390",0.13
"5391",0.13
"5392",0.131666666666667
"5393",0.128333333333333
"5394",0.13
"5395",0.123333333333333
"5396",0.125
"5397",0.125
"5398",0.126666666666667
"5399",0.125
"5400",0.123333333333333
"5401",0.125
"5402",0.126666666666667
"5403",0.126666666666667
"5404",0.131666666666667
"5405",0.128333333333333
"5406",0.133333333333333
"5407",0.128333333333333
"5408",0.133333333333333
"5409",0.126666666666667
"5410",0.131666666666667
"5411",0.125
"5412",0.13
"5413",0.125
"5414",0.13
"5415",0.126666666666667
"5416",0.131666666666667
"5417",0.126666666666667
"5418",0.131666666666667
"5419",0.125
"5420",0.126666666666667
"5421",0.126666666666667
"5422",0.128333333333333
"5423",0.126666666666667
"5424",0.131666666666667
"5425",0.125
"5426",0.13
"5427",0.125
"5428",0.126666666666667
"5429",0.125
"5430",0.123333333333333
"5431",0.123333333333333
"5432",0.121666666666667
"5433",0.125
"5434",0.126666666666667
"5435",0.125
"5436",0.123333333333333
"5437",0.126666666666667
"5438",0.125
"5439",0.125
"5440",0.126666666666667
"5441",0.125
"5442",0.126666666666667
"5443",0.115
"5444",0.125
"5445",0.105
"5446",0.105
"5447",0.106666666666667
"5448",0.105
"5449",0.105
"5450",0.105
"5451",0.105
"5452",0.103333333333333
"5453",0.105
"5454",0.103333333333333
"5455",0.105
"5456",0.105
"5457",0.103333333333333
"5458",0.106666666666667
"5459",0.105
"5460",0.105
"5461",0.105
"5462",0.105
"5463",0.105
"5464",0.103333333333333
"5465",0.105
"5466",0.103333333333333
"5467",0.103333333333333
"5468",0.103333333333333
"5469",0.105
"5470",0.103333333333333
"5471",0.105
"5472",0.103333333333333
"5473",0.105
"5474",0.106666666666667
"5475",0.105
"5476",0.103333333333333
"5477",0.105
"5478",0.105
"5479",0.105
"5480",0.103333333333333
"5481",0.103333333333333
"5482",0.105
"5483",0.103333333333333
"5484",0.105
"5485",0.105
"5486",0.105
"5487",0.1
"5488",0.1
"5489",0.11
"5490",0.11
"5491",0.111666666666667
"5492",0.11
"5493",0.11
"5494",0.11
"5495",0.11
"5496",0.108333333333333
"5497",0.11
"5498",0.108333333333333
"5499",0.11
"5500",0.11
"5501",0.108333333333333
"5502",0.111666666666667
"5503",0.11
"5504",0.11
"5505",0.11
"5506",0.11
"5507",0.11
"5508",0.108333333333333
"5509",0.11
"5510",0.108333333333333
"5511",0.108333333333333
"5512",0.108333333333333
"5513",0.11
"5514",0.108333333333333
"5515",0.11
"5516",0.108333333333333
"5517",0.11
"5518",0.111666666666667
"5519",0.11
"5520",0.108333333333333
"5521",0.11
"5522",0.11
"5523",0.11
"5524",0.108333333333333
"5525",0.108333333333333
"5526",0.11
"5527",0.108333333333333
"5528",0.11
"5529",0.11
"5530",0.105
"5531",0.105
"5532",0.105
"5533",0.106666666666667
"5534",0.106666666666667
"5535",0.108333333333333
"5536",0.106666666666667
"5537",0.106666666666667
"5538",0.106666666666667
"5539",0.106666666666667
"5540",0.105
"5541",0.106666666666667
"5542",0.105
"5543",0.106666666666667
"5544",0.106666666666667
"5545",0.105
"5546",0.108333333333333
"5547",0.106666666666667
"5548",0.106666666666667
"5549",0.106666666666667
"5550",0.106666666666667
"5551",0.106666666666667
"5552",0.105
"5553",0.106666666666667
"5554",0.105
"5555",0.105
"5556",0.105
"5557",0.106666666666667
"5558",0.105
"5559",0.106666666666667
"5560",0.105
"5561",0.106666666666667
"5562",0.108333333333333
"5563",0.106666666666667
"5564",0.105
"5565",0.106666666666667
"5566",0.106666666666667
"5567",0.106666666666667
"5568",0.105
"5569",0.105
"5570",0.106666666666667
"5571",0.105
"5572",0.106666666666667
"5573",0.106666666666667
"5574",0.103333333333333
"5575",0.101666666666667
"5576",0.101666666666667
"5577",0.106666666666667
"5578",0.106666666666667
"5579",0.108333333333333
"5580",0.106666666666667
"5581",0.106666666666667
"5582",0.106666666666667
"5583",0.11
"5584",0.108333333333333
"5585",0.106666666666667
"5586",0.108333333333333
"5587",0.106666666666667
"5588",0.11
"5589",0.108333333333333
"5590",0.108333333333333
"5591",0.11
"5592",0.106666666666667
"5593",0.11
"5594",0.11
"5595",0.11
"5596",0.108333333333333
"5597",0.106666666666667
"5598",0.108333333333333
"5599",0.108333333333333
"5600",0.108333333333333
"5601",0.11
"5602",0.108333333333333
"5603",0.106666666666667
"5604",0.108333333333333
"5605",0.11
"5606",0.108333333333333
"5607",0.106666666666667
"5608",0.108333333333333
"5609",0.106666666666667
"5610",0.106666666666667
"5611",0.11
"5612",0.108333333333333
"5613",0.108333333333333
"5614",0.11
"5615",0.108333333333333
"5616",0.106666666666667
"5617",0.11
"5618",0.101666666666667
"5619",0.101666666666667
"5620",0.101666666666667
"5621",0.101666666666667
"5622",0.101666666666667
"5623",0.103333333333333
"5624",0.101666666666667
"5625",0.101666666666667
"5626",0.101666666666667
"5627",0.105
"5628",0.1
"5629",0.101666666666667
"5630",0.1
"5631",0.101666666666667
"5632",0.105
"5633",0.1
"5634",0.103333333333333
"5635",0.105
"5636",0.101666666666667
"5637",0.105
"5638",0.105
"5639",0.105
"5640",0.1
"5641",0.101666666666667
"5642",0.1
"5643",0.1
"5644",0.1
"5645",0.105
"5646",0.1
"5647",0.101666666666667
"5648",0.103333333333333
"5649",0.105
"5650",0.103333333333333
"5651",0.101666666666667
"5652",0.1
"5653",0.101666666666667
"5654",0.101666666666667
"5655",0.105
"5656",0.1
"5657",0.1
"5658",0.105
"5659",0.1
"5660",0.101666666666667
"5661",0.105
"5662",0.101666666666667
"5663",0.1
"5664",0.1
"5665",0.106666666666667
"5666",0.106666666666667
"5667",0.108333333333333
"5668",0.106666666666667
"5669",0.106666666666667
"5670",0.106666666666667
"5671",0.106666666666667
"5672",0.105
"5673",0.106666666666667
"5674",0.105
"5675",0.106666666666667
"5676",0.106666666666667
"5677",0.105
"5678",0.108333333333333
"5679",0.106666666666667
"5680",0.106666666666667
"5681",0.106666666666667
"5682",0.106666666666667
"5683",0.106666666666667
"5684",0.105
"5685",0.106666666666667
"5686",0.105
"5687",0.105
"5688",0.105
"5689",0.106666666666667
"5690",0.105
"5691",0.106666666666667
"5692",0.105
"5693",0.106666666666667
"5694",0.108333333333333
"5695",0.106666666666667
"5696",0.105
"5697",0.106666666666667
"5698",0.106666666666667
"5699",0.106666666666667
"5700",0.105
"5701",0.105
"5702",0.106666666666667
"5703",0.105
"5704",0.106666666666667
"5705",0.106666666666667
"5706",0.106666666666667
"5707",0.101666666666667
"5708",0.101666666666667
"5709",0.108333333333333
"5710",0.108333333333333
"5711",0.11
"5712",0.108333333333333
"5713",0.108333333333333
"5714",0.108333333333333
"5715",0.111666666666667
"5716",0.11
"5717",0.108333333333333
"5718",0.11
"5719",0.108333333333333
"5720",0.111666666666667
"5721",0.11
"5722",0.11
"5723",0.111666666666667
"5724",0.108333333333333
"5725",0.111666666666667
"5726",0.111666666666667
"5727",0.111666666666667
"5728",0.11
"5729",0.108333333333333
"5730",0.11
"5731",0.11
"5732",0.11
"5733",0.111666666666667
"5734",0.11
"5735",0.108333333333333
"5736",0.11
"5737",0.111666666666667
"5738",0.11
"5739",0.108333333333333
"5740",0.11
"5741",0.108333333333333
"5742",0.108333333333333
"5743",0.111666666666667
"5744",0.11
"5745",0.11
"5746",0.111666666666667
"5747",0.11
"5748",0.108333333333333
"5749",0.111666666666667
"5750",0.103333333333333
"5751",0.103333333333333
"5752",0.103333333333333
"5753",0.105
"5754",0.105
"5755",0.106666666666667
"5756",0.105
"5757",0.105
"5758",0.105
"5759",0.0966666666666667
"5760",0.103333333333333
"5761",0.105
"5762",0.103333333333333
"5763",0.105
"5764",0.0966666666666667
"5765",0.103333333333333
"5766",0.106666666666667
"5767",0.0966666666666667
"5768",0.105
"5769",0.0966666666666667
"5770",0.0966666666666667
"5771",0.0966666666666667
"5772",0.103333333333333
"5773",0.105
"5774",0.103333333333333
"5775",0.103333333333333
"5776",0.103333333333333
"5777",0.0966666666666667
"5778",0.103333333333333
"5779",0.105
"5780",0.0983333333333333
"5781",0.0966666666666667
"5782",0.106666666666667
"5783",0.105
"5784",0.103333333333333
"5785",0.105
"5786",0.105
"5787",0.0966666666666667
"5788",0.103333333333333
"5789",0.103333333333333
"5790",0.0966666666666667
"5791",0.103333333333333
"5792",0.105
"5793",0.0966666666666667
"5794",0.0983333333333333
"5795",0.105
"5796",0.105
"5797",0.105
"5798",0.105
"5799",0.106666666666667
"5800",0.105
"5801",0.105
"5802",0.105
"5803",0.0966666666666667
"5804",0.103333333333333
"5805",0.105
"5806",0.103333333333333
"5807",0.105
"5808",0.0966666666666667
"5809",0.103333333333333
"5810",0.106666666666667
"5811",0.0966666666666667
"5812",0.105
"5813",0.0966666666666667
"5814",0.0966666666666667
"5815",0.0966666666666667
"5816",0.103333333333333
"5817",0.105
"5818",0.103333333333333
"5819",0.103333333333333
"5820",0.103333333333333
"5821",0.0966666666666667
"5822",0.103333333333333
"5823",0.105
"5824",0.0983333333333333
"5825",0.0966666666666667
"5826",0.106666666666667
"5827",0.105
"5828",0.103333333333333
"5829",0.105
"5830",0.105
"5831",0.0966666666666667
"5832",0.103333333333333
"5833",0.103333333333333
"5834",0.0966666666666667
"5835",0.103333333333333
"5836",0.105
"5837",0.0966666666666667
"5838",0.0983333333333333
"5839",0.105
"5840",0.105
"5841",0.1
"5842",0.1
"5843",0.101666666666667
"5844",0.1
"5845",0.1
"5846",0.1
"5847",0.095
"5848",0.0983333333333333
"5849",0.1
"5850",0.0983333333333333
"5851",0.1
"5852",0.095
"5853",0.0983333333333333
"5854",0.101666666666667
"5855",0.095
"5856",0.1
"5857",0.095
"5858",0.095
"5859",0.095
"5860",0.0983333333333333
"5861",0.1
"5862",0.0983333333333333
"5863",0.0983333333333333
"5864",0.0983333333333333
"5865",0.095
"5866",0.0983333333333333
"5867",0.1
"5868",0.0966666666666667
"5869",0.095
"5870",0.101666666666667
"5871",0.1
"5872",0.0983333333333333
"5873",0.1
"5874",0.1
"5875",0.095
"5876",0.0983333333333333
"5877",0.0983333333333333
"5878",0.095
"5879",0.0983333333333333
"5880",0.1
"5881",0.095
"5882",0.1
"5883",0.103333333333333
"5884",0.103333333333333
"5885",0.1
"5886",0.1
"5887",0.101666666666667
"5888",0.1
"5889",0.1
"5890",0.1
"5891",0.095
"5892",0.0983333333333333
"5893",0.1
"5894",0.0983333333333333
"5895",0.1
"5896",0.095
"5897",0.0983333333333333
"5898",0.101666666666667
"5899",0.095
"5900",0.1
"5901",0.095
"5902",0.095
"5903",0.095
"5904",0.0983333333333333
"5905",0.1
"5906",0.0983333333333333
"5907",0.0983333333333333
"5908",0.0983333333333333
"5909",0.095
"5910",0.0983333333333333
"5911",0.1
"5912",0.0966666666666667
"5913",0.095
"5914",0.101666666666667
"5915",0.1
"5916",0.0983333333333333
"5917",0.1
"5918",0.1
"5919",0.095
"5920",0.0983333333333333
"5921",0.0983333333333333
"5922",0.095
"5923",0.0983333333333333
"5924",0.1
"5925",0.095
"5926",0.1
"5927",0.103333333333333
"5928",0.103333333333333
"5929",0.105
"5930",0.105
"5931",0.106666666666667
"5932",0.105
"5933",0.105
"5934",0.105
"5935",0.0966666666666667
"5936",0.103333333333333
"5937",0.105
"5938",0.103333333333333
"5939",0.105
"5940",0.0966666666666667
"5941",0.103333333333333
"5942",0.106666666666667
"5943",0.0966666666666667
"5944",0.105
"5945",0.0966666666666667
"5946",0.0966666666666667
"5947",0.0966666666666667
"5948",0.103333333333333
"5949",0.105
"5950",0.103333333333333
"5951",0.103333333333333
"5952",0.103333333333333
"5953",0.0966666666666667
"5954",0.103333333333333
"5955",0.105
"5956",0.0983333333333333
"5957",0.0966666666666667
"5958",0.106666666666667
"5959",0.105
"5960",0.103333333333333
"5961",0.105
"5962",0.105
"5963",0.0966666666666667
"5964",0.103333333333333
"5965",0.103333333333333
"5966",0.0966666666666667
"5967",0.103333333333333
"5968",0.105
"5969",0.0966666666666667
"5970",0.0983333333333333
"5971",0.105
"5972",0.105
"5973",0.103333333333333
"5974",0.103333333333333
"5975",0.105
"5976",0.103333333333333
"5977",0.103333333333333
"5978",0.103333333333333
"5979",0.0983333333333333
"5980",0.105
"5981",0.103333333333333
"5982",0.105
"5983",0.103333333333333
"5984",0.0983333333333333
"5985",0.105
"5986",0.105
"5987",0.0983333333333333
"5988",0.103333333333333
"5989",0.0983333333333333
"5990",0.0983333333333333
"5991",0.0983333333333333
"5992",0.105
"5993",0.103333333333333
"5994",0.105
"5995",0.105
"5996",0.105
"5997",0.0983333333333333
"5998",0.105
"5999",0.103333333333333
"6000",0.1
"6001",0.0983333333333333
"6002",0.105
"6003",0.103333333333333
"6004",0.105
"6005",0.103333333333333
"6006",0.103333333333333
"6007",0.0983333333333333
"6008",0.105
"6009",0.105
"6010",0.0983333333333333
"6011",0.105
"6012",0.103333333333333
"6013",0.0983333333333333
"6014",0.0966666666666667
"6015",0.103333333333333
"6016",0.103333333333333
"6017",0.146666666666667
"6018",0.146666666666667
"6019",0.145
"6020",0.146666666666667
"6021",0.146666666666667
"6022",0.146666666666667
"6023",0.151666666666667
"6024",0.145
"6025",0.146666666666667
"6026",0.145
"6027",0.146666666666667
"6028",0.151666666666667
"6029",0.145
"6030",0.145
"6031",0.151666666666667
"6032",0.146666666666667
"6033",0.151666666666667
"6034",0.151666666666667
"6035",0.151666666666667
"6036",0.145
"6037",0.146666666666667
"6038",0.145
"6039",0.145
"6040",0.145
"6041",0.151666666666667
"6042",0.145
"6043",0.146666666666667
"6044",0.153333333333333
"6045",0.151666666666667
"6046",0.145
"6047",0.146666666666667
"6048",0.145
"6049",0.146666666666667
"6050",0.146666666666667
"6051",0.151666666666667
"6052",0.145
"6053",0.145
"6054",0.151666666666667
"6055",0.145
"6056",0.146666666666667
"6057",0.151666666666667
"6058",0.146666666666667
"6059",0.153333333333333
"6060",0.153333333333333
"6061",0.146666666666667
"6062",0.146666666666667
"6063",0.145
"6064",0.146666666666667
"6065",0.146666666666667
"6066",0.146666666666667
"6067",0.151666666666667
"6068",0.145
"6069",0.146666666666667
"6070",0.145
"6071",0.146666666666667
"6072",0.151666666666667
"6073",0.145
"6074",0.145
"6075",0.151666666666667
"6076",0.146666666666667
"6077",0.151666666666667
"6078",0.151666666666667
"6079",0.151666666666667
"6080",0.145
"6081",0.146666666666667
"6082",0.145
"6083",0.145
"6084",0.145
"6085",0.151666666666667
"6086",0.145
"6087",0.146666666666667
"6088",0.153333333333333
"6089",0.151666666666667
"6090",0.145
"6091",0.146666666666667
"6092",0.145
"6093",0.146666666666667
"6094",0.146666666666667
"6095",0.151666666666667
"6096",0.145
"6097",0.145
"6098",0.151666666666667
"6099",0.145
"6100",0.146666666666667
"6101",0.151666666666667
"6102",0.146666666666667
"6103",0.153333333333333
"6104",0.153333333333333
"6105",0.146666666666667
"6106",0.146666666666667
"6107",0.145
"6108",0.146666666666667
"6109",0.146666666666667
"6110",0.146666666666667
"6111",0.151666666666667
"6112",0.145
"6113",0.146666666666667
"6114",0.145
"6115",0.146666666666667
"6116",0.151666666666667
"6117",0.145
"6118",0.145
"6119",0.151666666666667
"6120",0.146666666666667
"6121",0.151666666666667
"6122",0.151666666666667
"6123",0.151666666666667
"6124",0.145
"6125",0.146666666666667
"6126",0.145
"6127",0.145
"6128",0.145
"6129",0.151666666666667
"6130",0.145
"6131",0.146666666666667
"6132",0.153333333333333
"6133",0.151666666666667
"6134",0.145
"6135",0.146666666666667
"6136",0.145
"6137",0.146666666666667
"6138",0.146666666666667
"6139",0.151666666666667
"6140",0.145
"6141",0.145
"6142",0.151666666666667
"6143",0.145
"6144",0.146666666666667
"6145",0.151666666666667
"6146",0.146666666666667
"6147",0.153333333333333
"6148",0.153333333333333
"6149",0.146666666666667
"6150",0.146666666666667
"6151",0.145
"6152",0.146666666666667
"6153",0.146666666666667
"6154",0.146666666666667
"6155",0.151666666666667
"6156",0.145
"6157",0.146666666666667
"6158",0.145
"6159",0.146666666666667
"6160",0.151666666666667
"6161",0.145
"6162",0.145
"6163",0.151666666666667
"6164",0.146666666666667
"6165",0.151666666666667
"6166",0.151666666666667
"6167",0.151666666666667
"6168",0.145
"6169",0.146666666666667
"6170",0.145
"6171",0.145
"6172",0.145
"6173",0.151666666666667
"6174",0.145
"6175",0.146666666666667
"6176",0.153333333333333
"6177",0.151666666666667
"6178",0.145
"6179",0.146666666666667
"6180",0.145
"6181",0.146666666666667
"6182",0.146666666666667
"6183",0.151666666666667
"6184",0.145
"6185",0.145
"6186",0.151666666666667
"6187",0.145
"6188",0.146666666666667
"6189",0.151666666666667
"6190",0.146666666666667
"6191",0.153333333333333
"6192",0.153333333333333
"6193",0.138333333333333
"6194",0.138333333333333
"6195",0.14
"6196",0.138333333333333
"6197",0.138333333333333
"6198",0.138333333333333
"6199",0.143333333333333
"6200",0.14
"6201",0.138333333333333
"6202",0.14
"6203",0.138333333333333
"6204",0.143333333333333
"6205",0.14
"6206",0.14
"6207",0.143333333333333
"6208",0.138333333333333
"6209",0.143333333333333
"6210",0.143333333333333
"6211",0.143333333333333
"6212",0.14
"6213",0.138333333333333
"6214",0.14
"6215",0.14
"6216",0.14
"6217",0.143333333333333
"6218",0.14
"6219",0.138333333333333
"6220",0.145
"6221",0.143333333333333
"6222",0.14
"6223",0.138333333333333
"6224",0.14
"6225",0.138333333333333
"6226",0.138333333333333
"6227",0.143333333333333
"6228",0.14
"6229",0.14
"6230",0.143333333333333
"6231",0.14
"6232",0.138333333333333
"6233",0.143333333333333
"6234",0.131666666666667
"6235",0.135
"6236",0.135
"6237",0.138333333333333
"6238",0.138333333333333
"6239",0.14
"6240",0.138333333333333
"6241",0.138333333333333
"6242",0.138333333333333
"6243",0.143333333333333
"6244",0.14
"6245",0.138333333333333
"6246",0.14
"6247",0.138333333333333
"6248",0.143333333333333
"6249",0.14
"6250",0.14
"6251",0.143333333333333
"6252",0.138333333333333
"6253",0.143333333333333
"6254",0.143333333333333
"6255",0.143333333333333
"6256",0.14
"6257",0.138333333333333
"6258",0.14
"6259",0.14
"6260",0.14
"6261",0.143333333333333
"6262",0.14
"6263",0.138333333333333
"6264",0.145
"6265",0.143333333333333
"6266",0.14
"6267",0.138333333333333
"6268",0.14
"6269",0.138333333333333
"6270",0.138333333333333
"6271",0.143333333333333
"6272",0.14
"6273",0.14
"6274",0.143333333333333
"6275",0.14
"6276",0.138333333333333
"6277",0.143333333333333
"6278",0.131666666666667
"6279",0.135
"6280",0.135
"6281",0.138333333333333
"6282",0.138333333333333
"6283",0.14
"6284",0.138333333333333
"6285",0.138333333333333
"6286",0.138333333333333
"6287",0.143333333333333
"6288",0.14
"6289",0.138333333333333
"6290",0.14
"6291",0.138333333333333
"6292",0.143333333333333
"6293",0.14
"6294",0.14
"6295",0.143333333333333
"6296",0.138333333333333
"6297",0.143333333333333
"6298",0.143333333333333
"6299",0.143333333333333
"6300",0.14
"6301",0.138333333333333
"6302",0.14
"6303",0.14
"6304",0.14
"6305",0.143333333333333
"6306",0.14
"6307",0.138333333333333
"6308",0.145
"6309",0.143333333333333
"6310",0.14
"6311",0.138333333333333
"6312",0.14
"6313",0.138333333333333
"6314",0.138333333333333
"6315",0.143333333333333
"6316",0.14
"6317",0.14
"6318",0.143333333333333
"6319",0.14
"6320",0.138333333333333
"6321",0.143333333333333
"6322",0.131666666666667
"6323",0.135
"6324",0.135
"6325",0.138333333333333
"6326",0.138333333333333
"6327",0.14
"6328",0.138333333333333
"6329",0.138333333333333
"6330",0.138333333333333
"6331",0.143333333333333
"6332",0.14
"6333",0.138333333333333
"6334",0.14
"6335",0.138333333333333
"6336",0.143333333333333
"6337",0.14
"6338",0.14
"6339",0.143333333333333
"6340",0.138333333333333
"6341",0.143333333333333
"6342",0.143333333333333
"6343",0.143333333333333
"6344",0.14
"6345",0.138333333333333
"6346",0.14
"6347",0.14
"6348",0.14
"6349",0.143333333333333
"6350",0.14
"6351",0.138333333333333
"6352",0.145
"6353",0.143333333333333
"6354",0.14
"6355",0.138333333333333
"6356",0.14
"6357",0.138333333333333
"6358",0.138333333333333
"6359",0.143333333333333
"6360",0.14
"6361",0.14
"6362",0.143333333333333
"6363",0.14
"6364",0.138333333333333
"6365",0.143333333333333
"6366",0.131666666666667
"6367",0.135
"6368",0.135
"6369",0.141666666666667
"6370",0.141666666666667
"6371",0.143333333333333
"6372",0.141666666666667
"6373",0.141666666666667
"6374",0.141666666666667
"6375",0.146666666666667
"6376",0.143333333333333
"6377",0.141666666666667
"6378",0.143333333333333
"6379",0.141666666666667
"6380",0.146666666666667
"6381",0.143333333333333
"6382",0.143333333333333
"6383",0.146666666666667
"6384",0.141666666666667
"6385",0.146666666666667
"6386",0.146666666666667
"6387",0.146666666666667
"6388",0.143333333333333
"6389",0.141666666666667
"6390",0.143333333333333
"6391",0.143333333333333
"6392",0.143333333333333
"6393",0.146666666666667
"6394",0.143333333333333
"6395",0.141666666666667
"6396",0.148333333333333
"6397",0.146666666666667
"6398",0.143333333333333
"6399",0.141666666666667
"6400",0.143333333333333
"6401",0.141666666666667
"6402",0.141666666666667
"6403",0.146666666666667
"6404",0.143333333333333
"6405",0.143333333333333
"6406",0.146666666666667
"6407",0.143333333333333
"6408",0.141666666666667
"6409",0.146666666666667
"6410",0.135
"6411",0.138333333333333
"6412",0.138333333333333
"6413",0.138333333333333
"6414",0.138333333333333
"6415",0.14
"6416",0.138333333333333
"6417",0.138333333333333
"6418",0.138333333333333
"6419",0.143333333333333
"6420",0.14
"6421",0.138333333333333
"6422",0.14
"6423",0.138333333333333
"6424",0.143333333333333
"6425",0.14
"6426",0.14
"6427",0.143333333333333
"6428",0.138333333333333
"6429",0.143333333333333
"6430",0.143333333333333
"6431",0.143333333333333
"6432",0.14
"6433",0.138333333333333
"6434",0.14
"6435",0.14
"6436",0.14
"6437",0.143333333333333
"6438",0.14
"6439",0.138333333333333
"6440",0.145
"6441",0.143333333333333
"6442",0.14
"6443",0.138333333333333
"6444",0.14
"6445",0.138333333333333
"6446",0.138333333333333
"6447",0.143333333333333
"6448",0.14
"6449",0.14
"6450",0.143333333333333
"6451",0.14
"6452",0.138333333333333
"6453",0.143333333333333
"6454",0.131666666666667
"6455",0.135
"6456",0.135
"6457",0.138333333333333
"6458",0.138333333333333
"6459",0.14
"6460",0.138333333333333
"6461",0.138333333333333
"6462",0.138333333333333
"6463",0.143333333333333
"6464",0.14
"6465",0.138333333333333
"6466",0.14
"6467",0.138333333333333
"6468",0.143333333333333
"6469",0.14
"6470",0.14
"6471",0.143333333333333
"6472",0.138333333333333
"6473",0.143333333333333
"6474",0.143333333333333
"6475",0.143333333333333
"6476",0.14
"6477",0.138333333333333
"6478",0.14
"6479",0.14
"6480",0.14
"6481",0.143333333333333
"6482",0.14
"6483",0.138333333333333
"6484",0.145
"6485",0.143333333333333
"6486",0.14
"6487",0.138333333333333
"6488",0.14
"6489",0.138333333333333
"6490",0.138333333333333
"6491",0.143333333333333
"6492",0.14
"6493",0.14
"6494",0.143333333333333
"6495",0.14
"6496",0.138333333333333
"6497",0.143333333333333
"6498",0.131666666666667
"6499",0.135
"6500",0.135
"6501",0.138333333333333
"6502",0.138333333333333
"6503",0.14
"6504",0.138333333333333
"6505",0.138333333333333
"6506",0.138333333333333
"6507",0.143333333333333
"6508",0.14
"6509",0.138333333333333
"6510",0.14
"6511",0.138333333333333
"6512",0.143333333333333
"6513",0.14
"6514",0.14
"6515",0.143333333333333
"6516",0.138333333333333
"6517",0.143333333333333
"6518",0.143333333333333
"6519",0.143333333333333
"6520",0.14
"6521",0.138333333333333
"6522",0.14
"6523",0.14
"6524",0.14
"6525",0.143333333333333
"6526",0.14
"6527",0.138333333333333
"6528",0.145
"6529",0.143333333333333
"6530",0.14
"6531",0.138333333333333
"6532",0.14
"6533",0.138333333333333
"6534",0.138333333333333
"6535",0.143333333333333
"6536",0.14
"6537",0.14
"6538",0.143333333333333
"6539",0.14
"6540",0.138333333333333
"6541",0.143333333333333
"6542",0.131666666666667
"6543",0.135
"6544",0.135
"6545",0.138333333333333
"6546",0.138333333333333
"6547",0.14
"6548",0.138333333333333
"6549",0.138333333333333
"6550",0.138333333333333
"6551",0.143333333333333
"6552",0.14
"6553",0.138333333333333
"6554",0.14
"6555",0.138333333333333
"6556",0.143333333333333
"6557",0.14
"6558",0.14
"6559",0.143333333333333
"6560",0.138333333333333
"6561",0.143333333333333
"6562",0.143333333333333
"6563",0.143333333333333
"6564",0.14
"6565",0.138333333333333
"6566",0.14
"6567",0.14
"6568",0.14
"6569",0.143333333333333
"6570",0.14
"6571",0.138333333333333
"6572",0.145
"6573",0.143333333333333
"6574",0.14
"6575",0.138333333333333
"6576",0.14
"6577",0.138333333333333
"6578",0.138333333333333
"6579",0.143333333333333
"6580",0.14
"6581",0.14
"6582",0.143333333333333
"6583",0.14
"6584",0.138333333333333
"6585",0.143333333333333
"6586",0.131666666666667
"6587",0.135
"6588",0.135
"6589",0.138333333333333
"6590",0.138333333333333
"6591",0.14
"6592",0.138333333333333
"6593",0.138333333333333
"6594",0.138333333333333
"6595",0.143333333333333
"6596",0.14
"6597",0.138333333333333
"6598",0.14
"6599",0.138333333333333
"6600",0.143333333333333
"6601",0.14
"6602",0.14
"6603",0.143333333333333
"6604",0.138333333333333
"6605",0.143333333333333
"6606",0.143333333333333
"6607",0.143333333333333
"6608",0.14
"6609",0.138333333333333
"6610",0.14
"6611",0.14
"6612",0.14
"6613",0.143333333333333
"6614",0.14
"6615",0.138333333333333
"6616",0.145
"6617",0.143333333333333
"6618",0.14
"6619",0.138333333333333
"6620",0.14
"6621",0.138333333333333
"6622",0.138333333333333
"6623",0.143333333333333
"6624",0.14
"6625",0.14
"6626",0.143333333333333
"6627",0.14
"6628",0.138333333333333
"6629",0.143333333333333
"6630",0.131666666666667
"6631",0.135
"6632",0.135
"6633",0.138333333333333
"6634",0.138333333333333
"6635",0.14
"6636",0.138333333333333
"6637",0.138333333333333
"6638",0.138333333333333
"6639",0.143333333333333
"6640",0.14
"6641",0.138333333333333
"6642",0.14
"6643",0.138333333333333
"6644",0.143333333333333
"6645",0.14
"6646",0.14
"6647",0.143333333333333
"6648",0.138333333333333
"6649",0.143333333333333
"6650",0.143333333333333
"6651",0.143333333333333
"6652",0.14
"6653",0.138333333333333
"6654",0.14
"6655",0.14
"6656",0.14
"6657",0.143333333333333
"6658",0.14
"6659",0.138333333333333
"6660",0.145
"6661",0.143333333333333
"6662",0.14
"6663",0.138333333333333
"6664",0.14
"6665",0.138333333333333
"6666",0.138333333333333
"6667",0.143333333333333
"6668",0.14
"6669",0.14
"6670",0.143333333333333
"6671",0.14
"6672",0.138333333333333
"6673",0.143333333333333
"6674",0.131666666666667
"6675",0.135
"6676",0.135
"6677",0.138333333333333
"6678",0.138333333333333
"6679",0.14
"6680",0.138333333333333
"6681",0.138333333333333
"6682",0.138333333333333
"6683",0.143333333333333
"6684",0.14
"6685",0.138333333333333
"6686",0.14
"6687",0.138333333333333
"6688",0.143333333333333
"6689",0.14
"6690",0.14
"6691",0.143333333333333
"6692",0.138333333333333
"6693",0.143333333333333
"6694",0.143333333333333
"6695",0.143333333333333
"6696",0.14
"6697",0.138333333333333
"6698",0.14
"6699",0.14
"6700",0.14
"6701",0.143333333333333
"6702",0.14
"6703",0.138333333333333
"6704",0.145
"6705",0.143333333333333
"6706",0.14
"6707",0.138333333333333
"6708",0.14
"6709",0.138333333333333
"6710",0.138333333333333
"6711",0.143333333333333
"6712",0.14
"6713",0.14
"6714",0.143333333333333
"6715",0.14
"6716",0.138333333333333
"6717",0.143333333333333
"6718",0.131666666666667
"6719",0.135
"6720",0.135
"6721",0.138333333333333
"6722",0.138333333333333
"6723",0.14
"6724",0.138333333333333
"6725",0.138333333333333
"6726",0.138333333333333
"6727",0.143333333333333
"6728",0.14
"6729",0.138333333333333
"6730",0.14
"6731",0.138333333333333
"6732",0.143333333333333
"6733",0.14
"6734",0.14
"6735",0.143333333333333
"6736",0.138333333333333
"6737",0.143333333333333
"6738",0.143333333333333
"6739",0.143333333333333
"6740",0.14
"6741",0.138333333333333
"6742",0.14
"6743",0.14
"6744",0.14
"6745",0.143333333333333
"6746",0.14
"6747",0.138333333333333
"6748",0.145
"6749",0.143333333333333
"6750",0.14
"6751",0.138333333333333
"6752",0.14
"6753",0.138333333333333
"6754",0.138333333333333
"6755",0.143333333333333
"6756",0.14
"6757",0.14
"6758",0.143333333333333
"6759",0.14
"6760",0.138333333333333
"6761",0.143333333333333
"6762",0.131666666666667
"6763",0.135
"6764",0.135
"6765",0.138333333333333
"6766",0.138333333333333
"6767",0.14
"6768",0.138333333333333
"6769",0.138333333333333
"6770",0.138333333333333
"6771",0.143333333333333
"6772",0.14
"6773",0.138333333333333
"6774",0.14
"6775",0.138333333333333
"6776",0.143333333333333
"6777",0.14
"6778",0.14
"6779",0.143333333333333
"6780",0.138333333333333
"6781",0.143333333333333
"6782",0.143333333333333
"6783",0.143333333333333
"6784",0.14
"6785",0.138333333333333
"6786",0.14
"6787",0.14
"6788",0.14
"6789",0.143333333333333
"6790",0.14
"6791",0.138333333333333
"6792",0.145
"6793",0.143333333333333
"6794",0.14
"6795",0.138333333333333
"6796",0.14
"6797",0.138333333333333
"6798",0.138333333333333
"6799",0.143333333333333
"6800",0.14
"6801",0.14
"6802",0.143333333333333
"6803",0.14
"6804",0.138333333333333
"6805",0.143333333333333
"6806",0.131666666666667
"6807",0.135
"6808",0.135
"6809",0.138333333333333
"6810",0.138333333333333
"6811",0.14
"6812",0.138333333333333
"6813",0.138333333333333
"6814",0.138333333333333
"6815",0.143333333333333
"6816",0.14
"6817",0.138333333333333
"6818",0.14
"6819",0.138333333333333
"6820",0.143333333333333
"6821",0.14
"6822",0.14
"6823",0.143333333333333
"6824",0.138333333333333
"6825",0.143333333333333
"6826",0.143333333333333
"6827",0.143333333333333
"6828",0.14
"6829",0.138333333333333
"6830",0.14
"6831",0.14
"6832",0.14
"6833",0.143333333333333
"6834",0.14
"6835",0.138333333333333
"6836",0.145
"6837",0.143333333333333
"6838",0.14
"6839",0.138333333333333
"6840",0.14
"6841",0.138333333333333
"6842",0.138333333333333
"6843",0.143333333333333
"6844",0.14
"6845",0.14
"6846",0.143333333333333
"6847",0.14
"6848",0.138333333333333
"6849",0.143333333333333
"6850",0.131666666666667
"6851",0.135
"6852",0.135
"6853",0.138333333333333
"6854",0.138333333333333
"6855",0.14
"6856",0.138333333333333
"6857",0.138333333333333
"6858",0.138333333333333
"6859",0.143333333333333
"6860",0.14
"6861",0.138333333333333
"6862",0.14
"6863",0.138333333333333
"6864",0.143333333333333
"6865",0.14
"6866",0.14
"6867",0.143333333333333
"6868",0.138333333333333
"6869",0.143333333333333
"6870",0.143333333333333
"6871",0.143333333333333
"6872",0.14
"6873",0.138333333333333
"6874",0.14
"6875",0.14
"6876",0.14
"6877",0.143333333333333
"6878",0.14
"6879",0.138333333333333
"6880",0.145
"6881",0.143333333333333
"6882",0.14
"6883",0.138333333333333
"6884",0.14
"6885",0.138333333333333
"6886",0.138333333333333
"6887",0.143333333333333
"6888",0.14
"6889",0.14
"6890",0.143333333333333
"6891",0.14
"6892",0.138333333333333
"6893",0.143333333333333
"6894",0.131666666666667
"6895",0.135
"6896",0.135
"6897",0.138333333333333
"6898",0.138333333333333
"6899",0.14
"6900",0.138333333333333
"6901",0.138333333333333
"6902",0.138333333333333
"6903",0.143333333333333
"6904",0.14
"6905",0.138333333333333
"6906",0.14
"6907",0.138333333333333
"6908",0.143333333333333
"6909",0.14
"6910",0.14
"6911",0.143333333333333
"6912",0.138333333333333
"6913",0.143333333333333
"6914",0.143333333333333
"6915",0.143333333333333
"6916",0.14
"6917",0.138333333333333
"6918",0.14
"6919",0.14
"6920",0.14
"6921",0.143333333333333
"6922",0.14
"6923",0.138333333333333
"6924",0.145
"6925",0.143333333333333
"6926",0.14
"6927",0.138333333333333
"6928",0.14
"6929",0.138333333333333
"6930",0.138333333333333
"6931",0.143333333333333
"6932",0.14
"6933",0.14
"6934",0.143333333333333
"6935",0.14
"6936",0.138333333333333
"6937",0.143333333333333
"6938",0.131666666666667
"6939",0.135
"6940",0.135
"6941",0.138333333333333
"6942",0.138333333333333
"6943",0.14
"6944",0.138333333333333
"6945",0.138333333333333
"6946",0.138333333333333
"6947",0.143333333333333
"6948",0.14
"6949",0.138333333333333
"6950",0.14
"6951",0.138333333333333
"6952",0.143333333333333
"6953",0.14
"6954",0.14
"6955",0.143333333333333
"6956",0.138333333333333
"6957",0.143333333333333
"6958",0.143333333333333
"6959",0.143333333333333
"6960",0.14
"6961",0.138333333333333
"6962",0.14
"6963",0.14
"6964",0.14
"6965",0.143333333333333
"6966",0.14
"6967",0.138333333333333
"6968",0.145
"6969",0.143333333333333
"6970",0.14
"6971",0.138333333333333
"6972",0.14
"6973",0.138333333333333
"6974",0.138333333333333
"6975",0.143333333333333
"6976",0.14
"6977",0.14
"6978",0.143333333333333
"6979",0.14
"6980",0.138333333333333
"6981",0.143333333333333
"6982",0.131666666666667
"6983",0.135
"6984",0.135
"6985",0.138333333333333
"6986",0.138333333333333
"6987",0.14
"6988",0.138333333333333
"6989",0.138333333333333
"6990",0.138333333333333
"6991",0.143333333333333
"6992",0.14
"6993",0.138333333333333
"6994",0.14
"6995",0.138333333333333
"6996",0.143333333333333
"6997",0.14
"6998",0.14
"6999",0.143333333333333
"7000",0.138333333333333
"7001",0.143333333333333
"7002",0.143333333333333
"7003",0.143333333333333
"7004",0.14
"7005",0.138333333333333
"7006",0.14
"7007",0.14
"7008",0.14
"7009",0.143333333333333
"7010",0.14
"7011",0.138333333333333
"7012",0.145
"7013",0.143333333333333
"7014",0.14
"7015",0.138333333333333
"7016",0.14
"7017",0.138333333333333
"7018",0.138333333333333
"7019",0.143333333333333
"7020",0.14
"7021",0.14
"7022",0.143333333333333
"7023",0.14
"7024",0.138333333333333
"7025",0.143333333333333
"7026",0.131666666666667
"7027",0.135
"7028",0.135
"7029",0.148333333333333
"7030",0.148333333333333
"7031",0.15
"7032",0.148333333333333
"7033",0.148333333333333
"7034",0.148333333333333
"7035",0.15
"7036",0.148333333333333
"7037",0.148333333333333
"7038",0.148333333333333
"7039",0.148333333333333
"7040",0.15
"7041",0.148333333333333
"7042",0.15
"7043",0.15
"7044",0.148333333333333
"7045",0.15
"7046",0.15
"7047",0.15
"7048",0.148333333333333
"7049",0.148333333333333
"7050",0.148333333333333
"7051",0.148333333333333
"7052",0.148333333333333
"7053",0.15
"7054",0.148333333333333
"7055",0.148333333333333
"7056",0.15
"7057",0.15
"7058",0.15
"7059",0.148333333333333
"7060",0.148333333333333
"7061",0.148333333333333
"7062",0.148333333333333
"7063",0.15
"7064",0.148333333333333
"7065",0.148333333333333
"7066",0.15
"7067",0.148333333333333
"7068",0.148333333333333
"7069",0.15
"7070",0.145
"7071",0.148333333333333
"7072",0.148333333333333
"7073",0.148333333333333
"7074",0.148333333333333
"7075",0.15
"7076",0.148333333333333
"7077",0.148333333333333
"7078",0.148333333333333
"7079",0.15
"7080",0.148333333333333
"7081",0.148333333333333
"7082",0.148333333333333
"7083",0.148333333333333
"7084",0.15
"7085",0.148333333333333
"7086",0.15
"7087",0.15
"7088",0.148333333333333
"7089",0.15
"7090",0.15
"7091",0.15
"7092",0.148333333333333
"7093",0.148333333333333
"7094",0.148333333333333
"7095",0.148333333333333
"7096",0.148333333333333
"7097",0.15
"7098",0.148333333333333
"7099",0.148333333333333
"7100",0.15
"7101",0.15
"7102",0.15
"7103",0.148333333333333
"7104",0.148333333333333
"7105",0.148333333333333
"7106",0.148333333333333
"7107",0.15
"7108",0.148333333333333
"7109",0.148333333333333
"7110",0.15
"7111",0.148333333333333
"7112",0.148333333333333
"7113",0.15
"7114",0.145
"7115",0.148333333333333
"7116",0.148333333333333
"7117",0.136666666666667
"7118",0.136666666666667
"7119",0.136666666666667
"7120",0.136666666666667
"7121",0.136666666666667
"7122",0.136666666666667
"7123",0.136666666666667
"7124",0.136666666666667
"7125",0.136666666666667
"7126",0.136666666666667
"7127",0.136666666666667
"7128",0.136666666666667
"7129",0.136666666666667
"7130",0.136666666666667
"7131",0.136666666666667
"7132",0.136666666666667
"7133",0.136666666666667
"7134",0.136666666666667
"7135",0.136666666666667
"7136",0.136666666666667
"7137",0.136666666666667
"7138",0.136666666666667
"7139",0.136666666666667
"7140",0.136666666666667
"7141",0.136666666666667
"7142",0.136666666666667
"7143",0.136666666666667
"7144",0.138333333333333
"7145",0.136666666666667
"7146",0.136666666666667
"7147",0.136666666666667
"7148",0.136666666666667
"7149",0.136666666666667
"7150",0.136666666666667
"7151",0.136666666666667
"7152",0.136666666666667
"7153",0.136666666666667
"7154",0.136666666666667
"7155",0.136666666666667
"7156",0.136666666666667
"7157",0.136666666666667
"7158",0.133333333333333
"7159",0.135
"7160",0.135
"7161",0.141666666666667
"7162",0.141666666666667
"7163",0.141666666666667
"7164",0.141666666666667
"7165",0.141666666666667
"7166",0.141666666666667
"7167",0.141666666666667
"7168",0.141666666666667
"7169",0.141666666666667
"7170",0.141666666666667
"7171",0.141666666666667
"7172",0.141666666666667
"7173",0.141666666666667
"7174",0.141666666666667
"7175",0.141666666666667
"7176",0.141666666666667
"7177",0.141666666666667
"7178",0.141666666666667
"7179",0.141666666666667
"7180",0.141666666666667
"7181",0.141666666666667
"7182",0.141666666666667
"7183",0.141666666666667
"7184",0.141666666666667
"7185",0.141666666666667
"7186",0.141666666666667
"7187",0.141666666666667
"7188",0.143333333333333
"7189",0.141666666666667
"7190",0.141666666666667
"7191",0.141666666666667
"7192",0.141666666666667
"7193",0.141666666666667
"7194",0.141666666666667
"7195",0.141666666666667
"7196",0.141666666666667
"7197",0.141666666666667
"7198",0.141666666666667
"7199",0.141666666666667
"7200",0.141666666666667
"7201",0.141666666666667
"7202",0.135
"7203",0.138333333333333
"7204",0.138333333333333
"7205",0.14
"7206",0.14
"7207",0.14
"7208",0.14
"7209",0.14
"7210",0.14
"7211",0.14
"7212",0.14
"7213",0.14
"7214",0.14
"7215",0.14
"7216",0.14
"7217",0.14
"7218",0.14
"7219",0.14
"7220",0.14
"7221",0.14
"7222",0.14
"7223",0.14
"7224",0.14
"7225",0.14
"7226",0.14
"7227",0.14
"7228",0.14
"7229",0.14
"7230",0.14
"7231",0.14
"7232",0.141666666666667
"7233",0.14
"7234",0.14
"7235",0.14
"7236",0.14
"7237",0.14
"7238",0.14
"7239",0.14
"7240",0.14
"7241",0.14
"7242",0.14
"7243",0.14
"7244",0.14
"7245",0.14
"7246",0.133333333333333
"7247",0.136666666666667
"7248",0.136666666666667
"7249",0.136666666666667
"7250",0.136666666666667
"7251",0.136666666666667
"7252",0.136666666666667
"7253",0.136666666666667
"7254",0.136666666666667
"7255",0.136666666666667
"7256",0.136666666666667
"7257",0.136666666666667
"7258",0.136666666666667
"7259",0.136666666666667
"7260",0.136666666666667
"7261",0.136666666666667
"7262",0.136666666666667
"7263",0.136666666666667
"7264",0.136666666666667
"7265",0.136666666666667
"7266",0.136666666666667
"7267",0.136666666666667
"7268",0.136666666666667
"7269",0.136666666666667
"7270",0.136666666666667
"7271",0.136666666666667
"7272",0.136666666666667
"7273",0.136666666666667
"7274",0.136666666666667
"7275",0.136666666666667
"7276",0.138333333333333
"7277",0.136666666666667
"7278",0.136666666666667
"7279",0.136666666666667
"7280",0.136666666666667
"7281",0.136666666666667
"7282",0.136666666666667
"7283",0.136666666666667
"7284",0.136666666666667
"7285",0.136666666666667
"7286",0.136666666666667
"7287",0.136666666666667
"7288",0.136666666666667
"7289",0.136666666666667
"7290",0.133333333333333
"7291",0.135
"7292",0.135
"7293",0.136666666666667
"7294",0.136666666666667
"7295",0.136666666666667
"7296",0.136666666666667
"7297",0.136666666666667
"7298",0.136666666666667
"7299",0.136666666666667
"7300",0.136666666666667
"7301",0.136666666666667
"7302",0.136666666666667
"7303",0.136666666666667
"7304",0.136666666666667
"7305",0.136666666666667
"7306",0.136666666666667
"7307",0.136666666666667
"7308",0.136666666666667
"7309",0.136666666666667
"7310",0.136666666666667
"7311",0.136666666666667
"7312",0.136666666666667
"7313",0.136666666666667
"7314",0.136666666666667
"7315",0.136666666666667
"7316",0.136666666666667
"7317",0.136666666666667
"7318",0.136666666666667
"7319",0.136666666666667
"7320",0.138333333333333
"7321",0.136666666666667
"7322",0.136666666666667
"7323",0.136666666666667
"7324",0.136666666666667
"7325",0.136666666666667
"7326",0.136666666666667
"7327",0.136666666666667
"7328",0.136666666666667
"7329",0.136666666666667
"7330",0.136666666666667
"7331",0.136666666666667
"7332",0.136666666666667
"7333",0.136666666666667
"7334",0.133333333333333
"7335",0.135
"7336",0.135
"7337",0.138333333333333
"7338",0.138333333333333
"7339",0.138333333333333
"7340",0.138333333333333
"7341",0.138333333333333
"7342",0.138333333333333
"7343",0.138333333333333
"7344",0.138333333333333
"7345",0.138333333333333
"7346",0.138333333333333
"7347",0.138333333333333
"7348",0.138333333333333
"7349",0.138333333333333
"7350",0.138333333333333
"7351",0.138333333333333
"7352",0.138333333333333
"7353",0.138333333333333
"7354",0.138333333333333
"7355",0.138333333333333
"7356",0.138333333333333
"7357",0.138333333333333
"7358",0.138333333333333
"7359",0.138333333333333
"7360",0.138333333333333
"7361",0.138333333333333
"7362",0.138333333333333
"7363",0.138333333333333
"7364",0.14
"7365",0.138333333333333
"7366",0.138333333333333
"7367",0.138333333333333
"7368",0.138333333333333
"7369",0.138333333333333
"7370",0.138333333333333
"7371",0.138333333333333
"7372",0.138333333333333
"7373",0.138333333333333
"7374",0.138333333333333
"7375",0.138333333333333
"7376",0.138333333333333
"7377",0.138333333333333
"7378",0.131666666666667
"7379",0.135
"7380",0.135
"7381",0.14
"7382",0.14
"7383",0.14
"7384",0.14
"7385",0.14
"7386",0.14
"7387",0.14
"7388",0.14
"7389",0.14
"7390",0.14
"7391",0.14
"7392",0.14
"7393",0.14
"7394",0.14
"7395",0.14
"7396",0.14
"7397",0.14
"7398",0.14
"7399",0.14
"7400",0.14
"7401",0.14
"7402",0.14
"7403",0.14
"7404",0.14
"7405",0.14
"7406",0.14
"7407",0.14
"7408",0.141666666666667
"7409",0.14
"7410",0.14
"7411",0.14
"7412",0.14
"7413",0.14
"7414",0.14
"7415",0.14
"7416",0.14
"7417",0.14
"7418",0.14
"7419",0.14
"7420",0.14
"7421",0.14
"7422",0.133333333333333
"7423",0.136666666666667
"7424",0.136666666666667
"7425",0.14
"7426",0.14
"7427",0.14
"7428",0.14
"7429",0.14
"7430",0.14
"7431",0.14
"7432",0.14
"7433",0.14
"7434",0.14
"7435",0.14
"7436",0.14
"7437",0.14
"7438",0.14
"7439",0.14
"7440",0.14
"7441",0.14
"7442",0.14
"7443",0.14
"7444",0.14
"7445",0.14
"7446",0.14
"7447",0.14
"7448",0.14
"7449",0.14
"7450",0.14
"7451",0.14
"7452",0.141666666666667
"7453",0.14
"7454",0.14
"7455",0.14
"7456",0.14
"7457",0.14
"7458",0.14
"7459",0.14
"7460",0.14
"7461",0.14
"7462",0.14
"7463",0.14
"7464",0.14
"7465",0.14
"7466",0.133333333333333
"7467",0.136666666666667
"7468",0.136666666666667
"7469",0.135
"7470",0.135
"7471",0.133333333333333
"7472",0.135
"7473",0.135
"7474",0.135
"7475",0.126666666666667
"7476",0.135
"7477",0.135
"7478",0.135
"7479",0.135
"7480",0.126666666666667
"7481",0.135
"7482",0.133333333333333
"7483",0.126666666666667
"7484",0.135
"7485",0.126666666666667
"7486",0.126666666666667
"7487",0.126666666666667
"7488",0.135
"7489",0.135
"7490",0.135
"7491",0.135
"7492",0.135
"7493",0.126666666666667
"7494",0.135
"7495",0.135
"7496",0.128333333333333
"7497",0.126666666666667
"7498",0.133333333333333
"7499",0.135
"7500",0.135
"7501",0.135
"7502",0.135
"7503",0.126666666666667
"7504",0.135
"7505",0.135
"7506",0.126666666666667
"7507",0.135
"7508",0.135
"7509",0.126666666666667
"7510",0.128333333333333
"7511",0.128333333333333
"7512",0.128333333333333
"7513",0.136666666666667
"7514",0.136666666666667
"7515",0.135
"7516",0.136666666666667
"7517",0.136666666666667
"7518",0.136666666666667
"7519",0.128333333333333
"7520",0.136666666666667
"7521",0.136666666666667
"7522",0.136666666666667
"7523",0.136666666666667
"7524",0.128333333333333
"7525",0.136666666666667
"7526",0.135
"7527",0.128333333333333
"7528",0.136666666666667
"7529",0.128333333333333
"7530",0.128333333333333
"7531",0.128333333333333
"7532",0.136666666666667
"7533",0.136666666666667
"7534",0.136666666666667
"7535",0.136666666666667
"7536",0.136666666666667
"7537",0.128333333333333
"7538",0.136666666666667
"7539",0.136666666666667
"7540",0.13
"7541",0.128333333333333
"7542",0.135
"7543",0.136666666666667
"7544",0.136666666666667
"7545",0.136666666666667
"7546",0.136666666666667
"7547",0.128333333333333
"7548",0.136666666666667
"7549",0.136666666666667
"7550",0.128333333333333
"7551",0.136666666666667
"7552",0.136666666666667
"7553",0.128333333333333
"7554",0.13
"7555",0.13
"7556",0.13
"7557",0.135
"7558",0.135
"7559",0.133333333333333
"7560",0.135
"7561",0.135
"7562",0.135
"7563",0.126666666666667
"7564",0.135
"7565",0.135
"7566",0.135
"7567",0.135
"7568",0.126666666666667
"7569",0.135
"7570",0.133333333333333
"7571",0.126666666666667
"7572",0.135
"7573",0.126666666666667
"7574",0.126666666666667
"7575",0.126666666666667
"7576",0.135
"7577",0.135
"7578",0.135
"7579",0.135
"7580",0.135
"7581",0.126666666666667
"7582",0.135
"7583",0.135
"7584",0.128333333333333
"7585",0.126666666666667
"7586",0.133333333333333
"7587",0.135
"7588",0.135
"7589",0.135
"7590",0.135
"7591",0.126666666666667
"7592",0.135
"7593",0.135
"7594",0.126666666666667
"7595",0.135
"7596",0.135
"7597",0.126666666666667
"7598",0.128333333333333
"7599",0.128333333333333
"7600",0.128333333333333
"7601",0.133333333333333
"7602",0.133333333333333
"7603",0.131666666666667
"7604",0.133333333333333
"7605",0.133333333333333
"7606",0.133333333333333
"7607",0.125
"7608",0.133333333333333
"7609",0.133333333333333
"7610",0.133333333333333
"7611",0.133333333333333
"7612",0.125
"7613",0.133333333333333
"7614",0.131666666666667
"7615",0.125
"7616",0.133333333333333
"7617",0.125
"7618",0.125
"7619",0.125
"7620",0.133333333333333
"7621",0.133333333333333
"7622",0.133333333333333
"7623",0.133333333333333
"7624",0.133333333333333
"7625",0.125
"7626",0.133333333333333
"7627",0.133333333333333
"7628",0.126666666666667
"7629",0.125
"7630",0.131666666666667
"7631",0.133333333333333
"7632",0.133333333333333
"7633",0.133333333333333
"7634",0.133333333333333
"7635",0.125
"7636",0.133333333333333
"7637",0.133333333333333
"7638",0.125
"7639",0.133333333333333
"7640",0.133333333333333
"7641",0.125
"7642",0.126666666666667
"7643",0.126666666666667
"7644",0.126666666666667
"7645",0.135
"7646",0.135
"7647",0.133333333333333
"7648",0.135
"7649",0.135
"7650",0.135
"7651",0.126666666666667
"7652",0.135
"7653",0.135
"7654",0.135
"7655",0.135
"7656",0.126666666666667
"7657",0.135
"7658",0.133333333333333
"7659",0.126666666666667
"7660",0.135
"7661",0.126666666666667
"7662",0.126666666666667
"7663",0.126666666666667
"7664",0.135
"7665",0.135
"7666",0.135
"7667",0.135
"7668",0.135
"7669",0.126666666666667
"7670",0.135
"7671",0.135
"7672",0.128333333333333
"7673",0.126666666666667
"7674",0.133333333333333
"7675",0.135
"7676",0.135
"7677",0.135
"7678",0.135
"7679",0.126666666666667
"7680",0.135
"7681",0.135
"7682",0.126666666666667
"7683",0.135
"7684",0.135
"7685",0.126666666666667
"7686",0.128333333333333
"7687",0.128333333333333
"7688",0.128333333333333
"7689",0.135
"7690",0.135
"7691",0.133333333333333
"7692",0.135
"7693",0.135
"7694",0.135
"7695",0.126666666666667
"7696",0.135
"7697",0.135
"7698",0.135
"7699",0.135
"7700",0.126666666666667
"7701",0.135
"7702",0.133333333333333
"7703",0.126666666666667
"7704",0.135
"7705",0.126666666666667
"7706",0.126666666666667
"7707",0.126666666666667
"7708",0.135
"7709",0.135
"7710",0.135
"7711",0.135
"7712",0.135
"7713",0.126666666666667
"7714",0.135
"7715",0.135
"7716",0.128333333333333
"7717",0.126666666666667
"7718",0.133333333333333
"7719",0.135
"7720",0.135
"7721",0.135
"7722",0.135
"7723",0.126666666666667
"7724",0.135
"7725",0.135
"7726",0.126666666666667
"7727",0.135
"7728",0.135
"7729",0.126666666666667
"7730",0.128333333333333
"7731",0.128333333333333
"7732",0.128333333333333
"7733",0.135
"7734",0.135
"7735",0.133333333333333
"7736",0.135
"7737",0.135
"7738",0.135
"7739",0.126666666666667
"7740",0.135
"7741",0.135
"7742",0.135
"7743",0.135
"7744",0.126666666666667
"7745",0.135
"7746",0.133333333333333
"7747",0.126666666666667
"7748",0.135
"7749",0.126666666666667
"7750",0.126666666666667
"7751",0.126666666666667
"7752",0.135
"7753",0.135
"7754",0.135
"7755",0.135
"7756",0.135
"7757",0.126666666666667
"7758",0.135
"7759",0.135
"7760",0.128333333333333
"7761",0.126666666666667
"7762",0.133333333333333
"7763",0.135
"7764",0.135
"7765",0.135
"7766",0.135
"7767",0.126666666666667
"7768",0.135
"7769",0.135
"7770",0.126666666666667
"7771",0.135
"7772",0.135
"7773",0.126666666666667
"7774",0.128333333333333
"7775",0.128333333333333
"7776",0.128333333333333
"7777",0.103333333333333
"7778",0.103333333333333
"7779",0.103333333333333
"7780",0.103333333333333
"7781",0.103333333333333
"7782",0.103333333333333
"7783",0.106666666666667
"7784",0.105
"7785",0.103333333333333
"7786",0.105
"7787",0.103333333333333
"7788",0.106666666666667
"7789",0.105
"7790",0.103333333333333
"7791",0.106666666666667
"7792",0.103333333333333
"7793",0.106666666666667
"7794",0.106666666666667
"7795",0.106666666666667
"7796",0.105
"7797",0.103333333333333
"7798",0.105
"7799",0.105
"7800",0.105
"7801",0.106666666666667
"7802",0.105
"7803",0.103333333333333
"7804",0.108333333333333
"7805",0.106666666666667
"7806",0.103333333333333
"7807",0.103333333333333
"7808",0.105
"7809",0.103333333333333
"7810",0.103333333333333
"7811",0.106666666666667
"7812",0.105
"7813",0.105
"7814",0.106666666666667
"7815",0.105
"7816",0.103333333333333
"7817",0.106666666666667
"7818",0.108333333333333
"7819",0.11
"7820",0.11
"7821",0.103333333333333
"7822",0.103333333333333
"7823",0.103333333333333
"7824",0.103333333333333
"7825",0.103333333333333
"7826",0.103333333333333
"7827",0.106666666666667
"7828",0.105
"7829",0.103333333333333
"7830",0.105
"7831",0.103333333333333
"7832",0.106666666666667
"7833",0.105
"7834",0.103333333333333
"7835",0.106666666666667
"7836",0.103333333333333
"7837",0.106666666666667
"7838",0.106666666666667
"7839",0.106666666666667
"7840",0.105
"7841",0.103333333333333
"7842",0.105
"7843",0.105
"7844",0.105
"7845",0.106666666666667
"7846",0.105
"7847",0.103333333333333
"7848",0.108333333333333
"7849",0.106666666666667
"7850",0.103333333333333
"7851",0.103333333333333
"7852",0.105
"7853",0.103333333333333
"7854",0.103333333333333
"7855",0.106666666666667
"7856",0.105
"7857",0.105
"7858",0.106666666666667
"7859",0.105
"7860",0.103333333333333
"7861",0.106666666666667
"7862",0.108333333333333
"7863",0.11
"7864",0.11
"7865",0.105
"7866",0.105
"7867",0.105
"7868",0.105
"7869",0.105
"7870",0.105
"7871",0.108333333333333
"7872",0.106666666666667
"7873",0.105
"7874",0.106666666666667
"7875",0.105
"7876",0.108333333333333
"7877",0.106666666666667
"7878",0.105
"7879",0.108333333333333
"7880",0.105
"7881",0.108333333333333
"7882",0.108333333333333
"7883",0.108333333333333
"7884",0.106666666666667
"7885",0.105
"7886",0.106666666666667
"7887",0.106666666666667
"7888",0.106666666666667
"7889",0.108333333333333
"7890",0.106666666666667
"7891",0.105
"7892",0.11
"7893",0.108333333333333
"7894",0.105
"7895",0.105
"7896",0.106666666666667
"7897",0.105
"7898",0.105
"7899",0.108333333333333
"7900",0.106666666666667
"7901",0.106666666666667
"7902",0.108333333333333
"7903",0.106666666666667
"7904",0.105
"7905",0.108333333333333
"7906",0.11
"7907",0.111666666666667
"7908",0.111666666666667
"7909",0.133333333333333
"7910",0.133333333333333
"7911",0.135
"7912",0.133333333333333
"7913",0.133333333333333
"7914",0.133333333333333
"7915",0.136666666666667
"7916",0.133333333333333
"7917",0.133333333333333
"7918",0.133333333333333
"7919",0.133333333333333
"7920",0.136666666666667
"7921",0.133333333333333
"7922",0.135
"7923",0.136666666666667
"7924",0.133333333333333
"7925",0.136666666666667
"7926",0.136666666666667
"7927",0.136666666666667
"7928",0.133333333333333
"7929",0.133333333333333
"7930",0.133333333333333
"7931",0.133333333333333
"7932",0.133333333333333
"7933",0.136666666666667
"7934",0.133333333333333
"7935",0.133333333333333
"7936",0.138333333333333
"7937",0.136666666666667
"7938",0.135
"7939",0.133333333333333
"7940",0.133333333333333
"7941",0.133333333333333
"7942",0.133333333333333
"7943",0.136666666666667
"7944",0.133333333333333
"7945",0.133333333333333
"7946",0.136666666666667
"7947",0.133333333333333
"7948",0.133333333333333
"7949",0.136666666666667
"7950",0.133333333333333
"7951",0.133333333333333
"7952",0.133333333333333
"7953",0.133333333333333
"7954",0.133333333333333
"7955",0.135
"7956",0.133333333333333
"7957",0.133333333333333
"7958",0.133333333333333
"7959",0.136666666666667
"7960",0.133333333333333
"7961",0.133333333333333
"7962",0.133333333333333
"7963",0.133333333333333
"7964",0.136666666666667
"7965",0.133333333333333
"7966",0.135
"7967",0.136666666666667
"7968",0.133333333333333
"7969",0.136666666666667
"7970",0.136666666666667
"7971",0.136666666666667
"7972",0.133333333333333
"7973",0.133333333333333
"7974",0.133333333333333
"7975",0.133333333333333
"7976",0.133333333333333
"7977",0.136666666666667
"7978",0.133333333333333
"7979",0.133333333333333
"7980",0.138333333333333
"7981",0.136666666666667
"7982",0.135
"7983",0.133333333333333
"7984",0.133333333333333
"7985",0.133333333333333
"7986",0.133333333333333
"7987",0.136666666666667
"7988",0.133333333333333
"7989",0.133333333333333
"7990",0.136666666666667
"7991",0.133333333333333
"7992",0.133333333333333
"7993",0.136666666666667
"7994",0.13
"7995",0.13
"7996",0.13
"7997",0.131666666666667
"7998",0.131666666666667
"7999",0.133333333333333
"8000",0.131666666666667
"8001",0.131666666666667
"8002",0.131666666666667
"8003",0.135
"8004",0.131666666666667
"8005",0.131666666666667
"8006",0.131666666666667
"8007",0.131666666666667
"8008",0.135
"8009",0.131666666666667
"8010",0.133333333333333
"8011",0.135
"8012",0.131666666666667
"8013",0.135
"8014",0.135
"8015",0.135
"8016",0.131666666666667
"8017",0.131666666666667
"8018",0.131666666666667
"8019",0.131666666666667
"8020",0.131666666666667
"8021",0.135
"8022",0.131666666666667
"8023",0.131666666666667
"8024",0.136666666666667
"8025",0.135
"8026",0.133333333333333
"8027",0.131666666666667
"8028",0.131666666666667
"8029",0.131666666666667
"8030",0.131666666666667
"8031",0.135
"8032",0.131666666666667
"8033",0.131666666666667
"8034",0.135
"8035",0.131666666666667
"8036",0.131666666666667
"8037",0.135
"8038",0.131666666666667
"8039",0.131666666666667
"8040",0.131666666666667
"8041",0.13
"8042",0.13
"8043",0.131666666666667
"8044",0.13
"8045",0.13
"8046",0.13
"8047",0.133333333333333
"8048",0.13
"8049",0.13
"8050",0.13
"8051",0.13
"8052",0.133333333333333
"8053",0.13
"8054",0.131666666666667
"8055",0.133333333333333
"8056",0.13
"8057",0.133333333333333
"8058",0.133333333333333
"8059",0.133333333333333
"8060",0.13
"8061",0.13
"8062",0.13
"8063",0.13
"8064",0.13
"8065",0.133333333333333
"8066",0.13
"8067",0.13
"8068",0.135
"8069",0.133333333333333
"8070",0.131666666666667
"8071",0.13
"8072",0.13
"8073",0.13
"8074",0.13
"8075",0.133333333333333
"8076",0.13
"8077",0.13
"8078",0.133333333333333
"8079",0.13
"8080",0.13
"8081",0.133333333333333
"8082",0.126666666666667
"8083",0.126666666666667
"8084",0.126666666666667
"8085",0.133333333333333
"8086",0.133333333333333
"8087",0.135
"8088",0.133333333333333
"8089",0.133333333333333
"8090",0.133333333333333
"8091",0.136666666666667
"8092",0.133333333333333
"8093",0.133333333333333
"8094",0.133333333333333
"8095",0.133333333333333
"8096",0.136666666666667
"8097",0.133333333333333
"8098",0.135
"8099",0.136666666666667
"8100",0.133333333333333
"8101",0.136666666666667
"8102",0.136666666666667
"8103",0.136666666666667
"8104",0.133333333333333
"8105",0.133333333333333
"8106",0.133333333333333
"8107",0.133333333333333
"8108",0.133333333333333
"8109",0.136666666666667
"8110",0.133333333333333
"8111",0.133333333333333
"8112",0.138333333333333
"8113",0.136666666666667
"8114",0.135
"8115",0.133333333333333
"8116",0.133333333333333
"8117",0.133333333333333
"8118",0.133333333333333
"8119",0.136666666666667
"8120",0.133333333333333
"8121",0.133333333333333
"8122",0.136666666666667
"8123",0.133333333333333
"8124",0.133333333333333
"8125",0.136666666666667
"8126",0.13
"8127",0.13
"8128",0.13
"8129",0.133333333333333
"8130",0.133333333333333
"8131",0.135
"8132",0.133333333333333
"8133",0.133333333333333
"8134",0.133333333333333
"8135",0.136666666666667
"8136",0.133333333333333
"8137",0.133333333333333
"8138",0.133333333333333
"8139",0.133333333333333
"8140",0.136666666666667
"8141",0.133333333333333
"8142",0.135
"8143",0.136666666666667
"8144",0.133333333333333
"8145",0.136666666666667
"8146",0.136666666666667
"8147",0.136666666666667
"8148",0.133333333333333
"8149",0.133333333333333
"8150",0.133333333333333
"8151",0.133333333333333
"8152",0.133333333333333
"8153",0.136666666666667
"8154",0.133333333333333
"8155",0.133333333333333
"8156",0.138333333333333
"8157",0.136666666666667
"8158",0.135
"8159",0.133333333333333
"8160",0.133333333333333
"8161",0.133333333333333
"8162",0.133333333333333
"8163",0.136666666666667
"8164",0.133333333333333
"8165",0.133333333333333
"8166",0.136666666666667
"8167",0.133333333333333
"8168",0.133333333333333
"8169",0.136666666666667
"8170",0.133333333333333
"8171",0.133333333333333
"8172",0.133333333333333
"8173",0.133333333333333
"8174",0.133333333333333
"8175",0.135
"8176",0.133333333333333
"8177",0.133333333333333
"8178",0.133333333333333
"8179",0.136666666666667
"8180",0.133333333333333
"8181",0.133333333333333
"8182",0.133333333333333
"8183",0.133333333333333
"8184",0.136666666666667
"8185",0.133333333333333
"8186",0.135
"8187",0.136666666666667
"8188",0.133333333333333
"8189",0.136666666666667
"8190",0.136666666666667
"8191",0.136666666666667
"8192",0.133333333333333
"8193",0.133333333333333
"8194",0.133333333333333
"8195",0.133333333333333
"8196",0.133333333333333
"8197",0.136666666666667
"8198",0.133333333333333
"8199",0.133333333333333
"8200",0.138333333333333
"8201",0.136666666666667
"8202",0.135
"8203",0.133333333333333
"8204",0.133333333333333
"8205",0.133333333333333
"8206",0.133333333333333
"8207",0.136666666666667
"8208",0.133333333333333
"8209",0.133333333333333
"8210",0.136666666666667
"8211",0.133333333333333
"8212",0.133333333333333
"8213",0.136666666666667
"8214",0.133333333333333
"8215",0.133333333333333
"8216",0.133333333333333
"8217",0.131666666666667
"8218",0.131666666666667
"8219",0.133333333333333
"8220",0.131666666666667
"8221",0.131666666666667
"8222",0.131666666666667
"8223",0.135
"8224",0.131666666666667
"8225",0.131666666666667
"8226",0.131666666666667
"8227",0.131666666666667
"8228",0.135
"8229",0.131666666666667
"8230",0.133333333333333
"8231",0.135
"8232",0.131666666666667
"8233",0.135
"8234",0.135
"8235",0.135
"8236",0.131666666666667
"8237",0.131666666666667
"8238",0.131666666666667
"8239",0.131666666666667
"8240",0.131666666666667
"8241",0.135
"8242",0.131666666666667
"8243",0.131666666666667
"8244",0.136666666666667
"8245",0.135
"8246",0.133333333333333
"8247",0.131666666666667
"8248",0.131666666666667
"8249",0.131666666666667
"8250",0.131666666666667
"8251",0.135
"8252",0.131666666666667
"8253",0.131666666666667
"8254",0.135
"8255",0.131666666666667
"8256",0.131666666666667
"8257",0.135
"8258",0.131666666666667
"8259",0.131666666666667
"8260",0.131666666666667
"8261",0.133333333333333
"8262",0.133333333333333
"8263",0.135
"8264",0.133333333333333
"8265",0.133333333333333
"8266",0.133333333333333
"8267",0.136666666666667
"8268",0.133333333333333
"8269",0.133333333333333
"8270",0.133333333333333
"8271",0.133333333333333
"8272",0.136666666666667
"8273",0.133333333333333
"8274",0.135
"8275",0.136666666666667
"8276",0.133333333333333
"8277",0.136666666666667
"8278",0.136666666666667
"8279",0.136666666666667
"8280",0.133333333333333
"8281",0.133333333333333
"8282",0.133333333333333
"8283",0.133333333333333
"8284",0.133333333333333
"8285",0.136666666666667
"8286",0.133333333333333
"8287",0.133333333333333
"8288",0.138333333333333
"8289",0.136666666666667
"8290",0.135
"8291",0.133333333333333
"8292",0.133333333333333
"8293",0.133333333333333
"8294",0.133333333333333
"8295",0.136666666666667
"8296",0.133333333333333
"8297",0.133333333333333
"8298",0.136666666666667
"8299",0.133333333333333
"8300",0.133333333333333
"8301",0.136666666666667
"8302",0.133333333333333
"8303",0.133333333333333
"8304",0.133333333333333
"8305",0.133333333333333
"8306",0.133333333333333
"8307",0.135
"8308",0.133333333333333
"8309",0.133333333333333
"8310",0.133333333333333
"8311",0.136666666666667
"8312",0.133333333333333
"8313",0.133333333333333
"8314",0.133333333333333
"8315",0.133333333333333
"8316",0.136666666666667
"8317",0.133333333333333
"8318",0.135
"8319",0.136666666666667
"8320",0.133333333333333
"8321",0.136666666666667
"8322",0.136666666666667
"8323",0.136666666666667
"8324",0.133333333333333
"8325",0.133333333333333
"8326",0.133333333333333
"8327",0.133333333333333
"8328",0.133333333333333
"8329",0.136666666666667
"8330",0.133333333333333
"8331",0.133333333333333
"8332",0.138333333333333
"8333",0.136666666666667
"8334",0.135
"8335",0.133333333333333
"8336",0.133333333333333
"8337",0.133333333333333
"8338",0.133333333333333
"8339",0.136666666666667
"8340",0.133333333333333
"8341",0.133333333333333
"8342",0.136666666666667
"8343",0.133333333333333
"8344",0.133333333333333
"8345",0.136666666666667
"8346",0.13
"8347",0.13
"8348",0.13
"8349",0.131666666666667
"8350",0.131666666666667
"8351",0.133333333333333
"8352",0.131666666666667
"8353",0.131666666666667
"8354",0.131666666666667
"8355",0.135
"8356",0.131666666666667
"8357",0.131666666666667
"8358",0.131666666666667
"8359",0.131666666666667
"8360",0.135
"8361",0.131666666666667
"8362",0.133333333333333
"8363",0.135
"8364",0.131666666666667
"8365",0.135
"8366",0.135
"8367",0.135
"8368",0.131666666666667
"8369",0.131666666666667
"8370",0.131666666666667
"8371",0.131666666666667
"8372",0.131666666666667
"8373",0.135
"8374",0.131666666666667
"8375",0.131666666666667
"8376",0.136666666666667
"8377",0.135
"8378",0.133333333333333
"8379",0.131666666666667
"8380",0.131666666666667
"8381",0.131666666666667
"8382",0.131666666666667
"8383",0.135
"8384",0.131666666666667
"8385",0.131666666666667
"8386",0.135
"8387",0.131666666666667
"8388",0.131666666666667
"8389",0.135
"8390",0.131666666666667
"8391",0.131666666666667
"8392",0.131666666666667
"8393",0.131666666666667
"8394",0.131666666666667
"8395",0.133333333333333
"8396",0.131666666666667
"8397",0.131666666666667
"8398",0.131666666666667
"8399",0.135
"8400",0.131666666666667
"8401",0.131666666666667
"8402",0.131666666666667
"8403",0.131666666666667
"8404",0.135
"8405",0.131666666666667
"8406",0.133333333333333
"8407",0.135
"8408",0.131666666666667
"8409",0.135
"8410",0.135
"8411",0.135
"8412",0.131666666666667
"8413",0.131666666666667
"8414",0.131666666666667
"8415",0.131666666666667
"8416",0.131666666666667
"8417",0.135
"8418",0.131666666666667
"8419",0.131666666666667
"8420",0.136666666666667
"8421",0.135
"8422",0.133333333333333
"8423",0.131666666666667
"8424",0.131666666666667
"8425",0.131666666666667
"8426",0.131666666666667
"8427",0.135
"8428",0.131666666666667
"8429",0.131666666666667
"8430",0.135
"8431",0.131666666666667
"8432",0.131666666666667
"8433",0.135
"8434",0.131666666666667
"8435",0.131666666666667
"8436",0.131666666666667
"8437",0.133333333333333
"8438",0.133333333333333
"8439",0.135
"8440",0.133333333333333
"8441",0.133333333333333
"8442",0.133333333333333
"8443",0.136666666666667
"8444",0.133333333333333
"8445",0.133333333333333
"8446",0.133333333333333
"8447",0.133333333333333
"8448",0.136666666666667
"8449",0.133333333333333
"8450",0.135
"8451",0.136666666666667
"8452",0.133333333333333
"8453",0.136666666666667
"8454",0.136666666666667
"8455",0.136666666666667
"8456",0.133333333333333
"8457",0.133333333333333
"8458",0.133333333333333
"8459",0.133333333333333
"8460",0.133333333333333
"8461",0.136666666666667
"8462",0.133333333333333
"8463",0.133333333333333
"8464",0.138333333333333
"8465",0.136666666666667
"8466",0.135
"8467",0.133333333333333
"8468",0.133333333333333
"8469",0.133333333333333
"8470",0.133333333333333
"8471",0.136666666666667
"8472",0.133333333333333
"8473",0.133333333333333
"8474",0.136666666666667
"8475",0.133333333333333
"8476",0.133333333333333
"8477",0.136666666666667
"8478",0.133333333333333
"8479",0.133333333333333
"8480",0.133333333333333
"8481",0.133333333333333
"8482",0.133333333333333
"8483",0.135
"8484",0.133333333333333
"8485",0.133333333333333
"8486",0.133333333333333
"8487",0.136666666666667
"8488",0.133333333333333
"8489",0.133333333333333
"8490",0.133333333333333
"8491",0.133333333333333
"8492",0.136666666666667
"8493",0.133333333333333
"8494",0.135
"8495",0.136666666666667
"8496",0.133333333333333
"8497",0.136666666666667
"8498",0.136666666666667
"8499",0.136666666666667
"8500",0.133333333333333
"8501",0.133333333333333
"8502",0.133333333333333
"8503",0.133333333333333
"8504",0.133333333333333
"8505",0.136666666666667
"8506",0.133333333333333
"8507",0.133333333333333
"8508",0.138333333333333
"8509",0.136666666666667
"8510",0.135
"8511",0.133333333333333
"8512",0.133333333333333
"8513",0.133333333333333
"8514",0.133333333333333
"8515",0.136666666666667
"8516",0.133333333333333
"8517",0.133333333333333
"8518",0.136666666666667
"8519",0.133333333333333
"8520",0.133333333333333
"8521",0.136666666666667
"8522",0.13
"8523",0.13
"8524",0.13
"8525",0.131666666666667
"8526",0.131666666666667
"8527",0.133333333333333
"8528",0.131666666666667
"8529",0.131666666666667
"8530",0.131666666666667
"8531",0.135
"8532",0.131666666666667
"8533",0.131666666666667
"8534",0.131666666666667
"8535",0.131666666666667
"8536",0.135
"8537",0.131666666666667
"8538",0.133333333333333
"8539",0.135
"8540",0.131666666666667
"8541",0.135
"8542",0.135
"8543",0.135
"8544",0.131666666666667
"8545",0.131666666666667
"8546",0.131666666666667
"8547",0.131666666666667
"8548",0.131666666666667
"8549",0.135
"8550",0.131666666666667
"8551",0.131666666666667
"8552",0.136666666666667
"8553",0.135
"8554",0.133333333333333
"8555",0.131666666666667
"8556",0.131666666666667
"8557",0.131666666666667
"8558",0.131666666666667
"8559",0.135
"8560",0.131666666666667
"8561",0.131666666666667
"8562",0.135
"8563",0.131666666666667
"8564",0.131666666666667
"8565",0.135
"8566",0.131666666666667
"8567",0.131666666666667
"8568",0.131666666666667
"8569",0.133333333333333
"8570",0.133333333333333
"8571",0.135
"8572",0.133333333333333
"8573",0.133333333333333
"8574",0.133333333333333
"8575",0.136666666666667
"8576",0.133333333333333
"8577",0.133333333333333
"8578",0.133333333333333
"8579",0.133333333333333
"8580",0.136666666666667
"8581",0.133333333333333
"8582",0.135
"8583",0.136666666666667
"8584",0.133333333333333
"8585",0.136666666666667
"8586",0.136666666666667
"8587",0.136666666666667
"8588",0.133333333333333
"8589",0.133333333333333
"8590",0.133333333333333
"8591",0.133333333333333
"8592",0.133333333333333
"8593",0.136666666666667
"8594",0.133333333333333
"8595",0.133333333333333
"8596",0.138333333333333
"8597",0.136666666666667
"8598",0.135
"8599",0.133333333333333
"8600",0.133333333333333
"8601",0.133333333333333
"8602",0.133333333333333
"8603",0.136666666666667
"8604",0.133333333333333
"8605",0.133333333333333
"8606",0.136666666666667
"8607",0.133333333333333
"8608",0.133333333333333
"8609",0.136666666666667
"8610",0.13
"8611",0.13
"8612",0.13
"8613",0.133333333333333
"8614",0.133333333333333
"8615",0.135
"8616",0.133333333333333
"8617",0.133333333333333
"8618",0.133333333333333
"8619",0.136666666666667
"8620",0.133333333333333
"8621",0.133333333333333
"8622",0.133333333333333
"8623",0.133333333333333
"8624",0.136666666666667
"8625",0.133333333333333
"8626",0.135
"8627",0.136666666666667
"8628",0.133333333333333
"8629",0.136666666666667
"8630",0.136666666666667
"8631",0.136666666666667
"8632",0.133333333333333
"8633",0.133333333333333
"8634",0.133333333333333
"8635",0.133333333333333
"8636",0.133333333333333
"8637",0.136666666666667
"8638",0.133333333333333
"8639",0.133333333333333
"8640",0.138333333333333
"8641",0.136666666666667
"8642",0.135
"8643",0.133333333333333
"8644",0.133333333333333
"8645",0.133333333333333
"8646",0.133333333333333
"8647",0.136666666666667
"8648",0.133333333333333
"8649",0.133333333333333
"8650",0.136666666666667
"8651",0.133333333333333
"8652",0.133333333333333
"8653",0.136666666666667
"8654",0.13
"8655",0.13
"8656",0.13
"8657",0.133333333333333
"8658",0.133333333333333
"8659",0.135
"8660",0.133333333333333
"8661",0.133333333333333
"8662",0.133333333333333
"8663",0.136666666666667
"8664",0.133333333333333
"8665",0.133333333333333
"8666",0.133333333333333
"8667",0.133333333333333
"8668",0.136666666666667
"8669",0.133333333333333
"8670",0.135
"8671",0.136666666666667
"8672",0.133333333333333
"8673",0.136666666666667
"8674",0.136666666666667
"8675",0.136666666666667
"8676",0.133333333333333
"8677",0.133333333333333
"8678",0.133333333333333
"8679",0.133333333333333
"8680",0.133333333333333
"8681",0.136666666666667
"8682",0.133333333333333
"8683",0.133333333333333
"8684",0.138333333333333
"8685",0.136666666666667
"8686",0.135
"8687",0.133333333333333
"8688",0.133333333333333
"8689",0.133333333333333
"8690",0.133333333333333
"8691",0.136666666666667
"8692",0.133333333333333
"8693",0.133333333333333
"8694",0.136666666666667
"8695",0.133333333333333
"8696",0.133333333333333
"8697",0.136666666666667
"8698",0.13
"8699",0.13
"8700",0.13
"8701",0.133333333333333
"8702",0.133333333333333
"8703",0.135
"8704",0.133333333333333
"8705",0.133333333333333
"8706",0.133333333333333
"8707",0.136666666666667
"8708",0.133333333333333
"8709",0.133333333333333
"8710",0.133333333333333
"8711",0.133333333333333
"8712",0.136666666666667
"8713",0.133333333333333
"8714",0.135
"8715",0.136666666666667
"8716",0.133333333333333
"8717",0.136666666666667
"8718",0.136666666666667
"8719",0.136666666666667
"8720",0.133333333333333
"8721",0.133333333333333
"8722",0.133333333333333
"8723",0.133333333333333
"8724",0.133333333333333
"8725",0.136666666666667
"8726",0.133333333333333
"8727",0.133333333333333
"8728",0.138333333333333
"8729",0.136666666666667
"8730",0.135
"8731",0.133333333333333
"8732",0.133333333333333
"8733",0.133333333333333
"8734",0.133333333333333
"8735",0.136666666666667
"8736",0.133333333333333
"8737",0.133333333333333
"8738",0.136666666666667
"8739",0.133333333333333
"8740",0.133333333333333
"8741",0.136666666666667
"8742",0.13
"8743",0.13
"8744",0.13
"8745",0.131666666666667
"8746",0.131666666666667
"8747",0.133333333333333
"8748",0.131666666666667
"8749",0.131666666666667
"8750",0.131666666666667
"8751",0.135
"8752",0.131666666666667
"8753",0.131666666666667
"8754",0.131666666666667
"8755",0.131666666666667
"8756",0.135
"8757",0.131666666666667
"8758",0.133333333333333
"8759",0.135
"8760",0.131666666666667
"8761",0.135
"8762",0.135
"8763",0.135
"8764",0.131666666666667
"8765",0.131666666666667
"8766",0.131666666666667
"8767",0.131666666666667
"8768",0.131666666666667
"8769",0.135
"8770",0.131666666666667
"8771",0.131666666666667
"8772",0.136666666666667
"8773",0.135
"8774",0.133333333333333
"8775",0.131666666666667
"8776",0.131666666666667
"8777",0.131666666666667
"8778",0.131666666666667
"8779",0.135
"8780",0.131666666666667
"8781",0.131666666666667
"8782",0.135
"8783",0.131666666666667
"8784",0.131666666666667
"8785",0.135
"8786",0.131666666666667
"8787",0.131666666666667
"8788",0.131666666666667
"8789",0.133333333333333
"8790",0.133333333333333
"8791",0.135
"8792",0.133333333333333
"8793",0.133333333333333
"8794",0.133333333333333
"8795",0.136666666666667
"8796",0.133333333333333
"8797",0.133333333333333
"8798",0.133333333333333
"8799",0.133333333333333
"8800",0.136666666666667
"8801",0.133333333333333
"8802",0.135
"8803",0.136666666666667
"8804",0.133333333333333
"8805",0.136666666666667
"8806",0.136666666666667
"8807",0.136666666666667
"8808",0.133333333333333
"8809",0.133333333333333
"8810",0.133333333333333
"8811",0.133333333333333
"8812",0.133333333333333
"8813",0.136666666666667
"8814",0.133333333333333
"8815",0.133333333333333
"8816",0.138333333333333
"8817",0.136666666666667
"8818",0.135
"8819",0.133333333333333
"8820",0.133333333333333
"8821",0.133333333333333
"8822",0.133333333333333
"8823",0.136666666666667
"8824",0.133333333333333
"8825",0.133333333333333
"8826",0.136666666666667
"8827",0.133333333333333
"8828",0.133333333333333
"8829",0.136666666666667
"8830",0.13
"8831",0.13
"8832",0.13
"8833",0.133333333333333
"8834",0.133333333333333
"8835",0.135
"8836",0.133333333333333
"8837",0.133333333333333
"8838",0.133333333333333
"8839",0.136666666666667
"8840",0.133333333333333
"8841",0.133333333333333
"8842",0.133333333333333
"8843",0.133333333333333
"8844",0.136666666666667
"8845",0.133333333333333
"8846",0.135
"8847",0.136666666666667
"8848",0.133333333333333
"8849",0.136666666666667
"8850",0.136666666666667
"8851",0.136666666666667
"8852",0.133333333333333
"8853",0.133333333333333
"8854",0.133333333333333
"8855",0.133333333333333
"8856",0.133333333333333
"8857",0.136666666666667
"8858",0.133333333333333
"8859",0.133333333333333
"8860",0.138333333333333
"8861",0.136666666666667
"8862",0.135
"8863",0.133333333333333
"8864",0.133333333333333
"8865",0.133333333333333
"8866",0.133333333333333
"8867",0.136666666666667
"8868",0.133333333333333
"8869",0.133333333333333
"8870",0.136666666666667
"8871",0.133333333333333
"8872",0.133333333333333
"8873",0.136666666666667
"8874",0.13
"8875",0.13
"8876",0.13
"8877",0.131666666666667
"8878",0.131666666666667
"8879",0.133333333333333
"8880",0.131666666666667
"8881",0.131666666666667
"8882",0.131666666666667
"8883",0.135
"8884",0.131666666666667
"8885",0.131666666666667
"8886",0.131666666666667
"8887",0.131666666666667
"8888",0.135
"8889",0.131666666666667
"8890",0.133333333333333
"8891",0.135
"8892",0.131666666666667
"8893",0.135
"8894",0.135
"8895",0.135
"8896",0.131666666666667
"8897",0.131666666666667
"8898",0.131666666666667
"8899",0.131666666666667
"8900",0.131666666666667
"8901",0.135
"8902",0.131666666666667
"8903",0.131666666666667
"8904",0.136666666666667
"8905",0.135
"8906",0.133333333333333
"8907",0.131666666666667
"8908",0.131666666666667
"8909",0.131666666666667
"8910",0.131666666666667
"8911",0.135
"8912",0.131666666666667
"8913",0.131666666666667
"8914",0.135
"8915",0.131666666666667
"8916",0.131666666666667
"8917",0.135
"8918",0.131666666666667
"8919",0.131666666666667
"8920",0.131666666666667
"8921",0.131666666666667
"8922",0.131666666666667
"8923",0.133333333333333
"8924",0.131666666666667
"8925",0.131666666666667
"8926",0.131666666666667
"8927",0.135
"8928",0.131666666666667
"8929",0.131666666666667
"8930",0.131666666666667
"8931",0.131666666666667
"8932",0.135
"8933",0.131666666666667
"8934",0.133333333333333
"8935",0.135
"8936",0.131666666666667
"8937",0.135
"8938",0.135
"8939",0.135
"8940",0.131666666666667
"8941",0.131666666666667
"8942",0.131666666666667
"8943",0.131666666666667
"8944",0.131666666666667
"8945",0.135
"8946",0.131666666666667
"8947",0.131666666666667
"8948",0.136666666666667
"8949",0.135
"8950",0.133333333333333
"8951",0.131666666666667
"8952",0.131666666666667
"8953",0.131666666666667
"8954",0.131666666666667
"8955",0.135
"8956",0.131666666666667
"8957",0.131666666666667
"8958",0.135
"8959",0.131666666666667
"8960",0.131666666666667
"8961",0.135
"8962",0.131666666666667
"8963",0.131666666666667
"8964",0.131666666666667
"8965",0.131666666666667
"8966",0.131666666666667
"8967",0.133333333333333
"8968",0.131666666666667
"8969",0.131666666666667
"8970",0.131666666666667
"8971",0.135
"8972",0.131666666666667
"8973",0.131666666666667
"8974",0.131666666666667
"8975",0.131666666666667
"8976",0.135
"8977",0.131666666666667
"8978",0.133333333333333
"8979",0.135
"8980",0.131666666666667
"8981",0.135
"8982",0.135
"8983",0.135
"8984",0.131666666666667
"8985",0.131666666666667
"8986",0.131666666666667
"8987",0.131666666666667
"8988",0.131666666666667
"8989",0.135
"8990",0.131666666666667
"8991",0.131666666666667
"8992",0.136666666666667
"8993",0.135
"8994",0.133333333333333
"8995",0.131666666666667
"8996",0.131666666666667
"8997",0.131666666666667
"8998",0.131666666666667
"8999",0.135
"9000",0.131666666666667
"9001",0.131666666666667
"9002",0.135
"9003",0.131666666666667
"9004",0.131666666666667
"9005",0.135
"9006",0.131666666666667
"9007",0.131666666666667
"9008",0.131666666666667
"9009",0.105
"9010",0.105
"9011",0.106666666666667
"9012",0.105
"9013",0.105
"9014",0.105
"9015",0.106666666666667
"9016",0.106666666666667
"9017",0.105
"9018",0.106666666666667
"9019",0.105
"9020",0.106666666666667
"9021",0.106666666666667
"9022",0.106666666666667
"9023",0.106666666666667
"9024",0.105
"9025",0.106666666666667
"9026",0.106666666666667
"9027",0.106666666666667
"9028",0.106666666666667
"9029",0.105
"9030",0.106666666666667
"9031",0.106666666666667
"9032",0.106666666666667
"9033",0.106666666666667
"9034",0.106666666666667
"9035",0.105
"9036",0.105
"9037",0.106666666666667
"9038",0.106666666666667
"9039",0.105
"9040",0.106666666666667
"9041",0.105
"9042",0.105
"9043",0.106666666666667
"9044",0.106666666666667
"9045",0.106666666666667
"9046",0.106666666666667
"9047",0.106666666666667
"9048",0.105
"9049",0.106666666666667
"9050",0.103333333333333
"9051",0.105
"9052",0.105
"9053",0.1
"9054",0.1
"9055",0.101666666666667
"9056",0.1
"9057",0.1
"9058",0.1
"9059",0.0916666666666667
"9060",0.0983333333333333
"9061",0.1
"9062",0.0983333333333333
"9063",0.1
"9064",0.0916666666666667
"9065",0.0983333333333333
"9066",0.101666666666667
"9067",0.0916666666666667
"9068",0.1
"9069",0.0916666666666667
"9070",0.0916666666666667
"9071",0.0916666666666667
"9072",0.0983333333333333
"9073",0.1
"9074",0.0983333333333333
"9075",0.0983333333333333
"9076",0.0983333333333333
"9077",0.0916666666666667
"9078",0.0983333333333333
"9079",0.1
"9080",0.0933333333333333
"9081",0.0916666666666667
"9082",0.101666666666667
"9083",0.1
"9084",0.0983333333333333
"9085",0.1
"9086",0.1
"9087",0.0916666666666667
"9088",0.0983333333333333
"9089",0.0983333333333333
"9090",0.0916666666666667
"9091",0.0983333333333333
"9092",0.1
"9093",0.0916666666666667
"9094",0.101666666666667
"9095",0.101666666666667
"9096",0.101666666666667
"9097",0.105
"9098",0.105
"9099",0.106666666666667
"9100",0.105
"9101",0.105
"9102",0.105
"9103",0.0966666666666667
"9104",0.103333333333333
"9105",0.105
"9106",0.103333333333333
"9107",0.105
"9108",0.0966666666666667
"9109",0.103333333333333
"9110",0.106666666666667
"9111",0.0966666666666667
"9112",0.105
"9113",0.0966666666666667
"9114",0.0966666666666667
"9115",0.0966666666666667
"9116",0.103333333333333
"9117",0.105
"9118",0.103333333333333
"9119",0.103333333333333
"9120",0.103333333333333
"9121",0.0966666666666667
"9122",0.103333333333333
"9123",0.105
"9124",0.0983333333333333
"9125",0.0966666666666667
"9126",0.106666666666667
"9127",0.105
"9128",0.103333333333333
"9129",0.105
"9130",0.105
"9131",0.0966666666666667
"9132",0.103333333333333
"9133",0.103333333333333
"9134",0.0966666666666667
"9135",0.103333333333333
"9136",0.105
"9137",0.0966666666666667
"9138",0.103333333333333
"9139",0.103333333333333
"9140",0.103333333333333
"9141",0.106666666666667
"9142",0.106666666666667
"9143",0.108333333333333
"9144",0.106666666666667
"9145",0.106666666666667
"9146",0.106666666666667
"9147",0.0983333333333333
"9148",0.105
"9149",0.106666666666667
"9150",0.105
"9151",0.106666666666667
"9152",0.0983333333333333
"9153",0.105
"9154",0.108333333333333
"9155",0.0983333333333333
"9156",0.106666666666667
"9157",0.0983333333333333
"9158",0.0983333333333333
"9159",0.0983333333333333
"9160",0.105
"9161",0.106666666666667
"9162",0.105
"9163",0.105
"9164",0.105
"9165",0.0983333333333333
"9166",0.105
"9167",0.106666666666667
"9168",0.1
"9169",0.0983333333333333
"9170",0.108333333333333
"9171",0.106666666666667
"9172",0.105
"9173",0.106666666666667
"9174",0.106666666666667
"9175",0.0983333333333333
"9176",0.105
"9177",0.105
"9178",0.0983333333333333
"9179",0.105
"9180",0.106666666666667
"9181",0.0983333333333333
"9182",0.101666666666667
"9183",0.105
"9184",0.105
"9185",0.103333333333333
"9186",0.103333333333333
"9187",0.105
"9188",0.103333333333333
"9189",0.103333333333333
"9190",0.103333333333333
"9191",0.095
"9192",0.101666666666667
"9193",0.103333333333333
"9194",0.101666666666667
"9195",0.103333333333333
"9196",0.095
"9197",0.101666666666667
"9198",0.105
"9199",0.095
"9200",0.103333333333333
"9201",0.095
"9202",0.095
"9203",0.095
"9204",0.101666666666667
"9205",0.103333333333333
"9206",0.101666666666667
"9207",0.101666666666667
"9208",0.101666666666667
"9209",0.095
"9210",0.101666666666667
"9211",0.103333333333333
"9212",0.0966666666666667
"9213",0.095
"9214",0.105
"9215",0.103333333333333
"9216",0.101666666666667
"9217",0.103333333333333
"9218",0.103333333333333
"9219",0.095
"9220",0.101666666666667
"9221",0.101666666666667
"9222",0.095
"9223",0.101666666666667
"9224",0.103333333333333
"9225",0.095
"9226",0.101666666666667
"9227",0.101666666666667
"9228",0.101666666666667
"9229",0.105
"9230",0.105
"9231",0.106666666666667
"9232",0.105
"9233",0.105
"9234",0.105
"9235",0.0966666666666667
"9236",0.103333333333333
"9237",0.105
"9238",0.103333333333333
"9239",0.105
"9240",0.0966666666666667
"9241",0.103333333333333
"9242",0.106666666666667
"9243",0.0966666666666667
"9244",0.105
"9245",0.0966666666666667
"9246",0.0966666666666667
"9247",0.0966666666666667
"9248",0.103333333333333
"9249",0.105
"9250",0.103333333333333
"9251",0.103333333333333
"9252",0.103333333333333
"9253",0.0966666666666667
"9254",0.103333333333333
"9255",0.105
"9256",0.0983333333333333
"9257",0.0966666666666667
"9258",0.106666666666667
"9259",0.105
"9260",0.103333333333333
"9261",0.105
"9262",0.105
"9263",0.0966666666666667
"9264",0.103333333333333
"9265",0.103333333333333
"9266",0.0966666666666667
"9267",0.103333333333333
"9268",0.105
"9269",0.0966666666666667
"9270",0.103333333333333
"9271",0.103333333333333
"9272",0.103333333333333
"9273",0.101666666666667
"9274",0.101666666666667
"9275",0.103333333333333
"9276",0.101666666666667
"9277",0.101666666666667
"9278",0.101666666666667
"9279",0.0966666666666667
"9280",0.103333333333333
"9281",0.101666666666667
"9282",0.103333333333333
"9283",0.101666666666667
"9284",0.0966666666666667
"9285",0.103333333333333
"9286",0.103333333333333
"9287",0.0966666666666667
"9288",0.101666666666667
"9289",0.0966666666666667
"9290",0.0966666666666667
"9291",0.0966666666666667
"9292",0.103333333333333
"9293",0.101666666666667
"9294",0.103333333333333
"9295",0.103333333333333
"9296",0.103333333333333
"9297",0.0966666666666667
"9298",0.103333333333333
"9299",0.101666666666667
"9300",0.0983333333333333
"9301",0.0966666666666667
"9302",0.103333333333333
"9303",0.101666666666667
"9304",0.103333333333333
"9305",0.101666666666667
"9306",0.101666666666667
"9307",0.0966666666666667
"9308",0.103333333333333
"9309",0.103333333333333
"9310",0.0966666666666667
"9311",0.103333333333333
"9312",0.101666666666667
"9313",0.0966666666666667
"9314",0.1
"9315",0.1
"9316",0.1
"9317",0.103333333333333
"9318",0.103333333333333
"9319",0.105
"9320",0.103333333333333
"9321",0.103333333333333
"9322",0.103333333333333
"9323",0.095
"9324",0.101666666666667
"9325",0.103333333333333
"9326",0.101666666666667
"9327",0.103333333333333
"9328",0.095
"9329",0.101666666666667
"9330",0.105
"9331",0.095
"9332",0.103333333333333
"9333",0.095
"9334",0.095
"9335",0.095
"9336",0.101666666666667
"9337",0.103333333333333
"9338",0.101666666666667
"9339",0.101666666666667
"9340",0.101666666666667
"9341",0.095
"9342",0.101666666666667
"9343",0.103333333333333
"9344",0.0966666666666667
"9345",0.095
"9346",0.105
"9347",0.103333333333333
"9348",0.101666666666667
"9349",0.103333333333333
"9350",0.103333333333333
"9351",0.095
"9352",0.101666666666667
"9353",0.101666666666667
"9354",0.095
"9355",0.101666666666667
"9356",0.103333333333333
"9357",0.095
"9358",0.101666666666667
"9359",0.101666666666667
"9360",0.101666666666667
"9361",0.0983333333333333
"9362",0.0983333333333333
"9363",0.1
"9364",0.0983333333333333
"9365",0.0983333333333333
"9366",0.0983333333333333
"9367",0.09
"9368",0.0966666666666667
"9369",0.0983333333333333
"9370",0.0966666666666667
"9371",0.0983333333333333
"9372",0.09
"9373",0.0966666666666667
"9374",0.1
"9375",0.09
"9376",0.0983333333333333
"9377",0.09
"9378",0.09
"9379",0.09
"9380",0.0966666666666667
"9381",0.0983333333333333
"9382",0.0966666666666667
"9383",0.0966666666666667
"9384",0.0966666666666667
"9385",0.09
"9386",0.0966666666666667
"9387",0.0983333333333333
"9388",0.0916666666666667
"9389",0.09
"9390",0.1
"9391",0.0983333333333333
"9392",0.0966666666666667
"9393",0.0983333333333333
"9394",0.0983333333333333
"9395",0.09
"9396",0.0966666666666667
"9397",0.0966666666666667
"9398",0.09
"9399",0.0966666666666667
"9400",0.0983333333333333
"9401",0.09
"9402",0.1
"9403",0.1
"9404",0.1
"9405",0.105
"9406",0.105
"9407",0.106666666666667
"9408",0.105
"9409",0.105
"9410",0.105
"9411",0.0966666666666667
"9412",0.103333333333333
"9413",0.105
"9414",0.103333333333333
"9415",0.105
"9416",0.0966666666666667
"9417",0.103333333333333
"9418",0.106666666666667
"9419",0.0966666666666667
"9420",0.105
"9421",0.0966666666666667
"9422",0.0966666666666667
"9423",0.0966666666666667
"9424",0.103333333333333
"9425",0.105
"9426",0.103333333333333
"9427",0.103333333333333
"9428",0.103333333333333
"9429",0.0966666666666667
"9430",0.103333333333333
"9431",0.105
"9432",0.0983333333333333
"9433",0.0966666666666667
"9434",0.106666666666667
"9435",0.105
"9436",0.103333333333333
"9437",0.105
"9438",0.105
"9439",0.0966666666666667
"9440",0.103333333333333
"9441",0.103333333333333
"9442",0.0966666666666667
"9443",0.103333333333333
"9444",0.105
"9445",0.0966666666666667
"9446",0.103333333333333
"9447",0.103333333333333
"9448",0.103333333333333
"9449",0.0983333333333333
"9450",0.0983333333333333
"9451",0.1
"9452",0.0983333333333333
"9453",0.0983333333333333
"9454",0.0983333333333333
"9455",0.0933333333333333
"9456",0.0966666666666667
"9457",0.0983333333333333
"9458",0.0966666666666667
"9459",0.0983333333333333
"9460",0.0933333333333333
"9461",0.0966666666666667
"9462",0.1
"9463",0.0933333333333333
"9464",0.0983333333333333
"9465",0.0933333333333333
"9466",0.0933333333333333
"9467",0.0933333333333333
"9468",0.0966666666666667
"9469",0.0983333333333333
"9470",0.0966666666666667
"9471",0.0966666666666667
"9472",0.0966666666666667
"9473",0.0933333333333333
"9474",0.0966666666666667
"9475",0.0983333333333333
"9476",0.095
"9477",0.0933333333333333
"9478",0.1
"9479",0.0983333333333333
"9480",0.0966666666666667
"9481",0.0983333333333333
"9482",0.0983333333333333
"9483",0.0933333333333333
"9484",0.0966666666666667
"9485",0.0966666666666667
"9486",0.0933333333333333
"9487",0.0966666666666667
"9488",0.0983333333333333
"9489",0.0933333333333333
"9490",0.103333333333333
"9491",0.103333333333333
"9492",0.103333333333333
"9493",0.103333333333333
"9494",0.103333333333333
"9495",0.105
"9496",0.103333333333333
"9497",0.103333333333333
"9498",0.103333333333333
"9499",0.095
"9500",0.101666666666667
"9501",0.103333333333333
"9502",0.101666666666667
"9503",0.103333333333333
"9504",0.095
"9505",0.101666666666667
"9506",0.105
"9507",0.095
"9508",0.103333333333333
"9509",0.095
"9510",0.095
"9511",0.095
"9512",0.101666666666667
"9513",0.103333333333333
"9514",0.101666666666667
"9515",0.101666666666667
"9516",0.101666666666667
"9517",0.095
"9518",0.101666666666667
"9519",0.103333333333333
"9520",0.0966666666666667
"9521",0.095
"9522",0.105
"9523",0.103333333333333
"9524",0.101666666666667
"9525",0.103333333333333
"9526",0.103333333333333
"9527",0.095
"9528",0.101666666666667
"9529",0.101666666666667
"9530",0.095
"9531",0.101666666666667
"9532",0.103333333333333
"9533",0.095
"9534",0.101666666666667
"9535",0.101666666666667
"9536",0.101666666666667
"9537",0.103333333333333
"9538",0.103333333333333
"9539",0.105
"9540",0.103333333333333
"9541",0.103333333333333
"9542",0.103333333333333
"9543",0.095
"9544",0.101666666666667
"9545",0.103333333333333
"9546",0.101666666666667
"9547",0.103333333333333
"9548",0.095
"9549",0.101666666666667
"9550",0.105
"9551",0.095
"9552",0.103333333333333
"9553",0.095
"9554",0.095
"9555",0.095
"9556",0.101666666666667
"9557",0.103333333333333
"9558",0.101666666666667
"9559",0.101666666666667
"9560",0.101666666666667
"9561",0.095
"9562",0.101666666666667
"9563",0.103333333333333
"9564",0.0966666666666667
"9565",0.095
"9566",0.105
"9567",0.103333333333333
"9568",0.101666666666667
"9569",0.103333333333333
"9570",0.103333333333333
"9571",0.095
"9572",0.101666666666667
"9573",0.101666666666667
"9574",0.095
"9575",0.101666666666667
"9576",0.103333333333333
"9577",0.095
"9578",0.101666666666667
"9579",0.101666666666667
"9580",0.101666666666667
"9581",0.118333333333333
"9582",0.118333333333333
"9583",0.12
"9584",0.118333333333333
"9585",0.118333333333333
"9586",0.118333333333333
"9587",0.121666666666667
"9588",0.116666666666667
"9589",0.118333333333333
"9590",0.116666666666667
"9591",0.118333333333333
"9592",0.121666666666667
"9593",0.116666666666667
"9594",0.12
"9595",0.121666666666667
"9596",0.118333333333333
"9597",0.121666666666667
"9598",0.121666666666667
"9599",0.121666666666667
"9600",0.116666666666667
"9601",0.118333333333333
"9602",0.116666666666667
"9603",0.116666666666667
"9604",0.116666666666667
"9605",0.121666666666667
"9606",0.116666666666667
"9607",0.118333333333333
"9608",0.123333333333333
"9609",0.121666666666667
"9610",0.12
"9611",0.118333333333333
"9612",0.116666666666667
"9613",0.118333333333333
"9614",0.118333333333333
"9615",0.121666666666667
"9616",0.116666666666667
"9617",0.116666666666667
"9618",0.121666666666667
"9619",0.116666666666667
"9620",0.118333333333333
"9621",0.121666666666667
"9622",0.123333333333333
"9623",0.128333333333333
"9624",0.128333333333333
"9625",0.118333333333333
"9626",0.118333333333333
"9627",0.12
"9628",0.118333333333333
"9629",0.118333333333333
"9630",0.118333333333333
"9631",0.121666666666667
"9632",0.116666666666667
"9633",0.118333333333333
"9634",0.116666666666667
"9635",0.118333333333333
"9636",0.121666666666667
"9637",0.116666666666667
"9638",0.12
"9639",0.121666666666667
"9640",0.118333333333333
"9641",0.121666666666667
"9642",0.121666666666667
"9643",0.121666666666667
"9644",0.116666666666667
"9645",0.118333333333333
"9646",0.116666666666667
"9647",0.116666666666667
"9648",0.116666666666667
"9649",0.121666666666667
"9650",0.116666666666667
"9651",0.118333333333333
"9652",0.123333333333333
"9653",0.121666666666667
"9654",0.12
"9655",0.118333333333333
"9656",0.116666666666667
"9657",0.118333333333333
"9658",0.118333333333333
"9659",0.121666666666667
"9660",0.116666666666667
"9661",0.116666666666667
"9662",0.121666666666667
"9663",0.116666666666667
"9664",0.118333333333333
"9665",0.121666666666667
"9666",0.123333333333333
"9667",0.128333333333333
"9668",0.128333333333333
"9669",0.118333333333333
"9670",0.118333333333333
"9671",0.12
"9672",0.118333333333333
"9673",0.118333333333333
"9674",0.118333333333333
"9675",0.121666666666667
"9676",0.116666666666667
"9677",0.118333333333333
"9678",0.116666666666667
"9679",0.118333333333333
"9680",0.121666666666667
"9681",0.116666666666667
"9682",0.12
"9683",0.121666666666667
"9684",0.118333333333333
"9685",0.121666666666667
"9686",0.121666666666667
"9687",0.121666666666667
"9688",0.116666666666667
"9689",0.118333333333333
"9690",0.116666666666667
"9691",0.116666666666667
"9692",0.116666666666667
"9693",0.121666666666667
"9694",0.116666666666667
"9695",0.118333333333333
"9696",0.123333333333333
"9697",0.121666666666667
"9698",0.12
"9699",0.118333333333333
"9700",0.116666666666667
"9701",0.118333333333333
"9702",0.118333333333333
"9703",0.121666666666667
"9704",0.116666666666667
"9705",0.116666666666667
"9706",0.121666666666667
"9707",0.116666666666667
"9708",0.118333333333333
"9709",0.121666666666667
"9710",0.123333333333333
"9711",0.128333333333333
"9712",0.128333333333333
"9713",0.121666666666667
"9714",0.121666666666667
"9715",0.12
"9716",0.121666666666667
"9717",0.121666666666667
"9718",0.121666666666667
"9719",0.123333333333333
"9720",0.121666666666667
"9721",0.121666666666667
"9722",0.121666666666667
"9723",0.121666666666667
"9724",0.123333333333333
"9725",0.121666666666667
"9726",0.12
"9727",0.123333333333333
"9728",0.121666666666667
"9729",0.123333333333333
"9730",0.123333333333333
"9731",0.123333333333333
"9732",0.121666666666667
"9733",0.121666666666667
"9734",0.121666666666667
"9735",0.121666666666667
"9736",0.121666666666667
"9737",0.123333333333333
"9738",0.121666666666667
"9739",0.121666666666667
"9740",0.125
"9741",0.123333333333333
"9742",0.12
"9743",0.121666666666667
"9744",0.121666666666667
"9745",0.121666666666667
"9746",0.121666666666667
"9747",0.123333333333333
"9748",0.121666666666667
"9749",0.121666666666667
"9750",0.123333333333333
"9751",0.121666666666667
"9752",0.121666666666667
"9753",0.123333333333333
"9754",0.121666666666667
"9755",0.128333333333333
"9756",0.128333333333333
"9757",0.12
"9758",0.12
"9759",0.118333333333333
"9760",0.12
"9761",0.12
"9762",0.12
"9763",0.121666666666667
"9764",0.12
"9765",0.12
"9766",0.12
"9767",0.12
"9768",0.121666666666667
"9769",0.12
"9770",0.118333333333333
"9771",0.121666666666667
"9772",0.12
"9773",0.121666666666667
"9774",0.121666666666667
"9775",0.121666666666667
"9776",0.12
"9777",0.12
"9778",0.12
"9779",0.12
"9780",0.12
"9781",0.121666666666667
"9782",0.12
"9783",0.12
"9784",0.123333333333333
"9785",0.121666666666667
"9786",0.118333333333333
"9787",0.12
"9788",0.12
"9789",0.12
"9790",0.12
"9791",0.121666666666667
"9792",0.12
"9793",0.12
"9794",0.121666666666667
"9795",0.12
"9796",0.12
"9797",0.121666666666667
"9798",0.12
"9799",0.126666666666667
"9800",0.126666666666667
"9801",0.125
"9802",0.125
"9803",0.123333333333333
"9804",0.125
"9805",0.125
"9806",0.125
"9807",0.123333333333333
"9808",0.125
"9809",0.125
"9810",0.125
"9811",0.125
"9812",0.123333333333333
"9813",0.125
"9814",0.123333333333333
"9815",0.123333333333333
"9816",0.125
"9817",0.123333333333333
"9818",0.123333333333333
"9819",0.123333333333333
"9820",0.125
"9821",0.125
"9822",0.125
"9823",0.125
"9824",0.125
"9825",0.123333333333333
"9826",0.125
"9827",0.125
"9828",0.125
"9829",0.123333333333333
"9830",0.123333333333333
"9831",0.125
"9832",0.125
"9833",0.125
"9834",0.125
"9835",0.123333333333333
"9836",0.125
"9837",0.125
"9838",0.123333333333333
"9839",0.125
"9840",0.125
"9841",0.123333333333333
"9842",0.123333333333333
"9843",0.128333333333333
"9844",0.128333333333333
"9845",0.116666666666667
"9846",0.116666666666667
"9847",0.118333333333333
"9848",0.116666666666667
"9849",0.116666666666667
"9850",0.116666666666667
"9851",0.116666666666667
"9852",0.118333333333333
"9853",0.116666666666667
"9854",0.118333333333333
"9855",0.116666666666667
"9856",0.116666666666667
"9857",0.118333333333333
"9858",0.118333333333333
"9859",0.116666666666667
"9860",0.116666666666667
"9861",0.116666666666667
"9862",0.116666666666667
"9863",0.116666666666667
"9864",0.118333333333333
"9865",0.116666666666667
"9866",0.118333333333333
"9867",0.118333333333333
"9868",0.118333333333333
"9869",0.116666666666667
"9870",0.118333333333333
"9871",0.116666666666667
"9872",0.118333333333333
"9873",0.116666666666667
"9874",0.118333333333333
"9875",0.116666666666667
"9876",0.118333333333333
"9877",0.116666666666667
"9878",0.116666666666667
"9879",0.116666666666667
"9880",0.118333333333333
"9881",0.118333333333333
"9882",0.116666666666667
"9883",0.118333333333333
"9884",0.116666666666667
"9885",0.116666666666667
"9886",0.116666666666667
"9887",0.12
"9888",0.12
"9889",0.12
"9890",0.12
"9891",0.121666666666667
"9892",0.12
"9893",0.12
"9894",0.12
"9895",0.12
"9896",0.121666666666667
"9897",0.12
"9898",0.121666666666667
"9899",0.12
"9900",0.12
"9901",0.121666666666667
"9902",0.121666666666667
"9903",0.12
"9904",0.12
"9905",0.12
"9906",0.12
"9907",0.12
"9908",0.121666666666667
"9909",0.12
"9910",0.121666666666667
"9911",0.121666666666667
"9912",0.121666666666667
"9913",0.12
"9914",0.121666666666667
"9915",0.12
"9916",0.121666666666667
"9917",0.12
"9918",0.121666666666667
"9919",0.12
"9920",0.121666666666667
"9921",0.12
"9922",0.12
"9923",0.12
"9924",0.121666666666667
"9925",0.121666666666667
"9926",0.12
"9927",0.121666666666667
"9928",0.12
"9929",0.12
"9930",0.116666666666667
"9931",0.123333333333333
"9932",0.123333333333333
"9933",0.116666666666667
"9934",0.116666666666667
"9935",0.118333333333333
"9936",0.116666666666667
"9937",0.116666666666667
"9938",0.116666666666667
"9939",0.116666666666667
"9940",0.118333333333333
"9941",0.116666666666667
"9942",0.118333333333333
"9943",0.116666666666667
"9944",0.116666666666667
"9945",0.118333333333333
"9946",0.118333333333333
"9947",0.116666666666667
"9948",0.116666666666667
"9949",0.116666666666667
"9950",0.116666666666667
"9951",0.116666666666667
"9952",0.118333333333333
"9953",0.116666666666667
"9954",0.118333333333333
"9955",0.118333333333333
"9956",0.118333333333333
"9957",0.116666666666667
"9958",0.118333333333333
"9959",0.116666666666667
"9960",0.118333333333333
"9961",0.116666666666667
"9962",0.118333333333333
"9963",0.116666666666667
"9964",0.118333333333333
"9965",0.116666666666667
"9966",0.116666666666667
"9967",0.116666666666667
"9968",0.118333333333333
"9969",0.118333333333333
"9970",0.116666666666667
"9971",0.118333333333333
"9972",0.116666666666667
"9973",0.116666666666667
"9974",0.116666666666667
"9975",0.12
"9976",0.12
"9977",0.103333333333333
"9978",0.103333333333333
"9979",0.105
"9980",0.103333333333333
"9981",0.103333333333333
"9982",0.103333333333333
"9983",0.105
"9984",0.101666666666667
"9985",0.103333333333333
"9986",0.101666666666667
"9987",0.103333333333333
"9988",0.105
"9989",0.101666666666667
"9990",0.105
"9991",0.105
"9992",0.103333333333333
"9993",0.105
"9994",0.105
"9995",0.105
"9996",0.101666666666667
"9997",0.103333333333333
"9998",0.101666666666667
"9999",0.101666666666667
"10000",0.101666666666667
"10001",0.105
"10002",0.101666666666667
"10003",0.103333333333333
"10004",0.103333333333333
"10005",0.105
"10006",0.105
"10007",0.103333333333333
"10008",0.101666666666667
"10009",0.103333333333333
"10010",0.103333333333333
"10011",0.105
"10012",0.101666666666667
"10013",0.101666666666667
"10014",0.105
"10015",0.101666666666667
"10016",0.103333333333333
"10017",0.105
"10018",0.0983333333333333
"10019",0.1
"10020",0.1
"10021",0.103333333333333
"10022",0.103333333333333
"10023",0.105
"10024",0.103333333333333
"10025",0.103333333333333
"10026",0.103333333333333
"10027",0.105
"10028",0.101666666666667
"10029",0.103333333333333
"10030",0.101666666666667
"10031",0.103333333333333
"10032",0.105
"10033",0.101666666666667
"10034",0.105
"10035",0.105
"10036",0.103333333333333
"10037",0.105
"10038",0.105
"10039",0.105
"10040",0.101666666666667
"10041",0.103333333333333
"10042",0.101666666666667
"10043",0.101666666666667
"10044",0.101666666666667
"10045",0.105
"10046",0.101666666666667
"10047",0.103333333333333
"10048",0.103333333333333
"10049",0.105
"10050",0.105
"10051",0.103333333333333
"10052",0.101666666666667
"10053",0.103333333333333
"10054",0.103333333333333
"10055",0.105
"10056",0.101666666666667
"10057",0.101666666666667
"10058",0.105
"10059",0.101666666666667
"10060",0.103333333333333
"10061",0.105
"10062",0.0983333333333333
"10063",0.1
"10064",0.1
"10065",0.156666666666667
"10066",0.155
"10067",0.155
"10068",0.156666666666667
"10069",0.155
"10070",0.156666666666667
"10071",0.16
"10072",0.156666666666667
"10073",0.156666666666667
"10074",0.156666666666667
"10075",0.156666666666667
"10076",0.16
"10077",0.156666666666667
"10078",0.155
"10079",0.16
"10080",0.156666666666667
"10081",0.16
"10082",0.16
"10083",0.16
"10084",0.156666666666667
"10085",0.156666666666667
"10086",0.156666666666667
"10087",0.156666666666667
"10088",0.156666666666667
"10089",0.16
"10090",0.156666666666667
"10091",0.156666666666667
"10092",0.161666666666667
"10093",0.16
"10094",0.155
"10095",0.156666666666667
"10096",0.156666666666667
"10097",0.156666666666667
"10098",0.156666666666667
"10099",0.16
"10100",0.156666666666667
"10101",0.156666666666667
"10102",0.16
"10103",0.156666666666667
"10104",0.156666666666667
"10105",0.16
"10106",0.158333333333333
"10107",0.158333333333333
"10108",0.158333333333333
"10109",0.156666666666667
"10110",0.155
"10111",0.155
"10112",0.156666666666667
"10113",0.155
"10114",0.156666666666667
"10115",0.16
"10116",0.156666666666667
"10117",0.156666666666667
"10118",0.156666666666667
"10119",0.156666666666667
"10120",0.16
"10121",0.156666666666667
"10122",0.155
"10123",0.16
"10124",0.156666666666667
"10125",0.16
"10126",0.16
"10127",0.16
"10128",0.156666666666667
"10129",0.156666666666667
"10130",0.156666666666667
"10131",0.156666666666667
"10132",0.156666666666667
"10133",0.16
"10134",0.156666666666667
"10135",0.156666666666667
"10136",0.161666666666667
"10137",0.16
"10138",0.155
"10139",0.156666666666667
"10140",0.156666666666667
"10141",0.156666666666667
"10142",0.156666666666667
"10143",0.16
"10144",0.156666666666667
"10145",0.156666666666667
"10146",0.16
"10147",0.156666666666667
"10148",0.156666666666667
"10149",0.16
"10150",0.158333333333333
"10151",0.158333333333333
"10152",0.158333333333333
"10153",0.156666666666667
"10154",0.155
"10155",0.155
"10156",0.156666666666667
"10157",0.155
"10158",0.156666666666667
"10159",0.16
"10160",0.156666666666667
"10161",0.156666666666667
"10162",0.156666666666667
"10163",0.156666666666667
"10164",0.16
"10165",0.156666666666667
"10166",0.155
"10167",0.16
"10168",0.156666666666667
"10169",0.16
"10170",0.16
"10171",0.16
"10172",0.156666666666667
"10173",0.156666666666667
"10174",0.156666666666667
"10175",0.156666666666667
"10176",0.156666666666667
"10177",0.16
"10178",0.156666666666667
"10179",0.156666666666667
"10180",0.161666666666667
"10181",0.16
"10182",0.155
"10183",0.156666666666667
"10184",0.156666666666667
"10185",0.156666666666667
"10186",0.156666666666667
"10187",0.16
"10188",0.156666666666667
"10189",0.156666666666667
"10190",0.16
"10191",0.156666666666667
"10192",0.156666666666667
"10193",0.16
"10194",0.158333333333333
"10195",0.158333333333333
"10196",0.158333333333333
"10197",0.156666666666667
"10198",0.155
"10199",0.155
"10200",0.156666666666667
"10201",0.155
"10202",0.156666666666667
"10203",0.16
"10204",0.156666666666667
"10205",0.156666666666667
"10206",0.156666666666667
"10207",0.156666666666667
"10208",0.16
"10209",0.156666666666667
"10210",0.155
"10211",0.16
"10212",0.156666666666667
"10213",0.16
"10214",0.16
"10215",0.16
"10216",0.156666666666667
"10217",0.156666666666667
"10218",0.156666666666667
"10219",0.156666666666667
"10220",0.156666666666667
"10221",0.16
"10222",0.156666666666667
"10223",0.156666666666667
"10224",0.161666666666667
"10225",0.16
"10226",0.155
"10227",0.156666666666667
"10228",0.156666666666667
"10229",0.156666666666667
"10230",0.156666666666667
"10231",0.16
"10232",0.156666666666667
"10233",0.156666666666667
"10234",0.16
"10235",0.156666666666667
"10236",0.156666666666667
"10237",0.16
"10238",0.158333333333333
"10239",0.158333333333333
"10240",0.158333333333333
"10241",0.105
"10242",0.105
"10243",0.106666666666667
"10244",0.105
"10245",0.105
"10246",0.105
"10247",0.108333333333333
"10248",0.103333333333333
"10249",0.105
"10250",0.103333333333333
"10251",0.105
"10252",0.108333333333333
"10253",0.103333333333333
"10254",0.106666666666667
"10255",0.108333333333333
"10256",0.105
"10257",0.108333333333333
"10258",0.108333333333333
"10259",0.108333333333333
"10260",0.103333333333333
"10261",0.105
"10262",0.103333333333333
"10263",0.103333333333333
"10264",0.103333333333333
"10265",0.108333333333333
"10266",0.103333333333333
"10267",0.105
"10268",0.11
"10269",0.108333333333333
"10270",0.106666666666667
"10271",0.105
"10272",0.103333333333333
"10273",0.105
"10274",0.105
"10275",0.108333333333333
"10276",0.103333333333333
"10277",0.103333333333333
"10278",0.108333333333333
"10279",0.103333333333333
"10280",0.105
"10281",0.108333333333333
"10282",0.115
"10283",0.121666666666667
"10284",0.121666666666667
"10285",0.106666666666667
"10286",0.106666666666667
"10287",0.108333333333333
"10288",0.106666666666667
"10289",0.106666666666667
"10290",0.106666666666667
"10291",0.11
"10292",0.105
"10293",0.106666666666667
"10294",0.105
"10295",0.106666666666667
"10296",0.11
"10297",0.105
"10298",0.108333333333333
"10299",0.11
"10300",0.106666666666667
"10301",0.11
"10302",0.11
"10303",0.11
"10304",0.105
"10305",0.106666666666667
"10306",0.105
"10307",0.105
"10308",0.105
"10309",0.11
"10310",0.105
"10311",0.106666666666667
"10312",0.111666666666667
"10313",0.11
"10314",0.108333333333333
"10315",0.106666666666667
"10316",0.105
"10317",0.106666666666667
"10318",0.106666666666667
"10319",0.11
"10320",0.105
"10321",0.105
"10322",0.11
"10323",0.105
"10324",0.106666666666667
"10325",0.11
"10326",0.116666666666667
"10327",0.123333333333333
"10328",0.123333333333333
"10329",0.123333333333333
"10330",0.123333333333333
"10331",0.121666666666667
"10332",0.123333333333333
"10333",0.123333333333333
"10334",0.123333333333333
"10335",0.13
"10336",0.125
"10337",0.123333333333333
"10338",0.125
"10339",0.123333333333333
"10340",0.13
"10341",0.125
"10342",0.121666666666667
"10343",0.13
"10344",0.123333333333333
"10345",0.13
"10346",0.13
"10347",0.13
"10348",0.125
"10349",0.123333333333333
"10350",0.125
"10351",0.125
"10352",0.125
"10353",0.13
"10354",0.125
"10355",0.123333333333333
"10356",0.131666666666667
"10357",0.13
"10358",0.121666666666667
"10359",0.123333333333333
"10360",0.125
"10361",0.123333333333333
"10362",0.123333333333333
"10363",0.13
"10364",0.125
"10365",0.125
"10366",0.13
"10367",0.125
"10368",0.123333333333333
"10369",0.13
"10370",0.125
"10371",0.131666666666667
"10372",0.131666666666667
"10373",0.128333333333333
"10374",0.128333333333333
"10375",0.126666666666667
"10376",0.128333333333333
"10377",0.128333333333333
"10378",0.128333333333333
"10379",0.133333333333333
"10380",0.13
"10381",0.128333333333333
"10382",0.13
"10383",0.128333333333333
"10384",0.133333333333333
"10385",0.13
"10386",0.126666666666667
"10387",0.133333333333333
"10388",0.128333333333333
"10389",0.133333333333333
"10390",0.133333333333333
"10391",0.133333333333333
"10392",0.13
"10393",0.128333333333333
"10394",0.13
"10395",0.13
"10396",0.13
"10397",0.133333333333333
"10398",0.13
"10399",0.128333333333333
"10400",0.135
"10401",0.133333333333333
"10402",0.126666666666667
"10403",0.128333333333333
"10404",0.13
"10405",0.128333333333333
"10406",0.128333333333333
"10407",0.133333333333333
"10408",0.13
"10409",0.13
"10410",0.133333333333333
"10411",0.13
"10412",0.128333333333333
"10413",0.133333333333333
"10414",0.128333333333333
"10415",0.135
"10416",0.135
"10417",0.123333333333333
"10418",0.123333333333333
"10419",0.121666666666667
"10420",0.123333333333333
"10421",0.123333333333333
"10422",0.123333333333333
"10423",0.13
"10424",0.125
"10425",0.123333333333333
"10426",0.125
"10427",0.123333333333333
"10428",0.13
"10429",0.125
"10430",0.121666666666667
"10431",0.13
"10432",0.123333333333333
"10433",0.13
"10434",0.13
"10435",0.13
"10436",0.125
"10437",0.123333333333333
"10438",0.125
"10439",0.125
"10440",0.125
"10441",0.13
"10442",0.125
"10443",0.123333333333333
"10444",0.131666666666667
"10445",0.13
"10446",0.121666666666667
"10447",0.123333333333333
"10448",0.125
"10449",0.123333333333333
"10450",0.123333333333333
"10451",0.13
"10452",0.125
"10453",0.125
"10454",0.13
"10455",0.125
"10456",0.123333333333333
"10457",0.13
"10458",0.125
"10459",0.131666666666667
"10460",0.131666666666667
"10461",0.13
"10462",0.13
"10463",0.128333333333333
"10464",0.13
"10465",0.13
"10466",0.13
"10467",0.135
"10468",0.131666666666667
"10469",0.13
"10470",0.131666666666667
"10471",0.13
"10472",0.135
"10473",0.131666666666667
"10474",0.128333333333333
"10475",0.135
"10476",0.13
"10477",0.135
"10478",0.135
"10479",0.135
"10480",0.131666666666667
"10481",0.13
"10482",0.131666666666667
"10483",0.131666666666667
"10484",0.131666666666667
"10485",0.135
"10486",0.131666666666667
"10487",0.13
"10488",0.136666666666667
"10489",0.135
"10490",0.128333333333333
"10491",0.13
"10492",0.131666666666667
"10493",0.13
"10494",0.13
"10495",0.135
"10496",0.131666666666667
"10497",0.131666666666667
"10498",0.135
"10499",0.131666666666667
"10500",0.13
"10501",0.135
"10502",0.13
"10503",0.136666666666667
"10504",0.136666666666667
"10505",0.128333333333333
"10506",0.128333333333333
"10507",0.126666666666667
"10508",0.128333333333333
"10509",0.128333333333333
"10510",0.128333333333333
"10511",0.133333333333333
"10512",0.13
"10513",0.128333333333333
"10514",0.13
"10515",0.128333333333333
"10516",0.133333333333333
"10517",0.13
"10518",0.126666666666667
"10519",0.133333333333333
"10520",0.128333333333333
"10521",0.133333333333333
"10522",0.133333333333333
"10523",0.133333333333333
"10524",0.13
"10525",0.128333333333333
"10526",0.13
"10527",0.13
"10528",0.13
"10529",0.133333333333333
"10530",0.13
"10531",0.128333333333333
"10532",0.135
"10533",0.133333333333333
"10534",0.126666666666667
"10535",0.128333333333333
"10536",0.13
"10537",0.128333333333333
"10538",0.128333333333333
"10539",0.133333333333333
"10540",0.13
"10541",0.13
"10542",0.133333333333333
"10543",0.13
"10544",0.128333333333333
"10545",0.133333333333333
"10546",0.128333333333333
"10547",0.135
"10548",0.135
"10549",0.13
"10550",0.13
"10551",0.128333333333333
"10552",0.13
"10553",0.13
"10554",0.13
"10555",0.135
"10556",0.131666666666667
"10557",0.13
"10558",0.131666666666667
"10559",0.13
"10560",0.135
"10561",0.131666666666667
"10562",0.128333333333333
"10563",0.135
"10564",0.13
"10565",0.135
"10566",0.135
"10567",0.135
"10568",0.131666666666667
"10569",0.13
"10570",0.131666666666667
"10571",0.131666666666667
"10572",0.131666666666667
"10573",0.135
"10574",0.131666666666667
"10575",0.13
"10576",0.136666666666667
"10577",0.135
"10578",0.128333333333333
"10579",0.13
"10580",0.131666666666667
"10581",0.13
"10582",0.13
"10583",0.135
"10584",0.131666666666667
"10585",0.131666666666667
"10586",0.135
"10587",0.131666666666667
"10588",0.13
"10589",0.135
"10590",0.13
"10591",0.136666666666667
"10592",0.136666666666667
"10593",0.128333333333333
"10594",0.128333333333333
"10595",0.126666666666667
"10596",0.128333333333333
"10597",0.128333333333333
"10598",0.128333333333333
"10599",0.133333333333333
"10600",0.13
"10601",0.128333333333333
"10602",0.13
"10603",0.128333333333333
"10604",0.133333333333333
"10605",0.13
"10606",0.126666666666667
"10607",0.133333333333333
"10608",0.128333333333333
"10609",0.133333333333333
"10610",0.133333333333333
"10611",0.133333333333333
"10612",0.13
"10613",0.128333333333333
"10614",0.13
"10615",0.13
"10616",0.13
"10617",0.133333333333333
"10618",0.13
"10619",0.128333333333333
"10620",0.135
"10621",0.133333333333333
"10622",0.126666666666667
"10623",0.128333333333333
"10624",0.13
"10625",0.128333333333333
"10626",0.128333333333333
"10627",0.133333333333333
"10628",0.13
"10629",0.13
"10630",0.133333333333333
"10631",0.13
"10632",0.128333333333333
"10633",0.133333333333333
"10634",0.128333333333333
"10635",0.135
"10636",0.135
"10637",0.131666666666667
"10638",0.131666666666667
"10639",0.13
"10640",0.131666666666667
"10641",0.131666666666667
"10642",0.131666666666667
"10643",0.136666666666667
"10644",0.133333333333333
"10645",0.131666666666667
"10646",0.133333333333333
"10647",0.131666666666667
"10648",0.136666666666667
"10649",0.133333333333333
"10650",0.13
"10651",0.136666666666667
"10652",0.131666666666667
"10653",0.136666666666667
"10654",0.136666666666667
"10655",0.136666666666667
"10656",0.133333333333333
"10657",0.131666666666667
"10658",0.133333333333333
"10659",0.133333333333333
"10660",0.133333333333333
"10661",0.136666666666667
"10662",0.133333333333333
"10663",0.131666666666667
"10664",0.138333333333333
"10665",0.136666666666667
"10666",0.13
"10667",0.131666666666667
"10668",0.133333333333333
"10669",0.131666666666667
"10670",0.131666666666667
"10671",0.136666666666667
"10672",0.133333333333333
"10673",0.133333333333333
"10674",0.136666666666667
"10675",0.133333333333333
"10676",0.131666666666667
"10677",0.136666666666667
"10678",0.131666666666667
"10679",0.138333333333333
"10680",0.138333333333333
"10681",0.131666666666667
"10682",0.13
"10683",0.13
"10684",0.131666666666667
"10685",0.13
"10686",0.131666666666667
"10687",0.133333333333333
"10688",0.131666666666667
"10689",0.131666666666667
"10690",0.131666666666667
"10691",0.131666666666667
"10692",0.133333333333333
"10693",0.131666666666667
"10694",0.13
"10695",0.133333333333333
"10696",0.131666666666667
"10697",0.133333333333333
"10698",0.133333333333333
"10699",0.133333333333333
"10700",0.131666666666667
"10701",0.131666666666667
"10702",0.131666666666667
"10703",0.131666666666667
"10704",0.131666666666667
"10705",0.133333333333333
"10706",0.131666666666667
"10707",0.131666666666667
"10708",0.135
"10709",0.133333333333333
"10710",0.13
"10711",0.131666666666667
"10712",0.131666666666667
"10713",0.131666666666667
"10714",0.131666666666667
"10715",0.133333333333333
"10716",0.131666666666667
"10717",0.131666666666667
"10718",0.133333333333333
"10719",0.131666666666667
"10720",0.131666666666667
"10721",0.133333333333333
"10722",0.13
"10723",0.138333333333333
"10724",0.138333333333333
"10725",0.131666666666667
"10726",0.131666666666667
"10727",0.13
"10728",0.131666666666667
"10729",0.131666666666667
"10730",0.131666666666667
"10731",0.14
"10732",0.133333333333333
"10733",0.131666666666667
"10734",0.133333333333333
"10735",0.131666666666667
"10736",0.14
"10737",0.133333333333333
"10738",0.13
"10739",0.14
"10740",0.131666666666667
"10741",0.14
"10742",0.14
"10743",0.14
"10744",0.133333333333333
"10745",0.131666666666667
"10746",0.133333333333333
"10747",0.133333333333333
"10748",0.133333333333333
"10749",0.14
"10750",0.133333333333333
"10751",0.131666666666667
"10752",0.141666666666667
"10753",0.14
"10754",0.13
"10755",0.131666666666667
"10756",0.133333333333333
"10757",0.131666666666667
"10758",0.131666666666667
"10759",0.14
"10760",0.133333333333333
"10761",0.133333333333333
"10762",0.14
"10763",0.133333333333333
"10764",0.131666666666667
"10765",0.14
"10766",0.135
"10767",0.141666666666667
"10768",0.141666666666667
"10769",0.131666666666667
"10770",0.131666666666667
"10771",0.13
"10772",0.131666666666667
"10773",0.131666666666667
"10774",0.131666666666667
"10775",0.14
"10776",0.133333333333333
"10777",0.131666666666667
"10778",0.133333333333333
"10779",0.131666666666667
"10780",0.14
"10781",0.133333333333333
"10782",0.13
"10783",0.14
"10784",0.131666666666667
"10785",0.14
"10786",0.14
"10787",0.14
"10788",0.133333333333333
"10789",0.131666666666667
"10790",0.133333333333333
"10791",0.133333333333333
"10792",0.133333333333333
"10793",0.14
"10794",0.133333333333333
"10795",0.131666666666667
"10796",0.141666666666667
"10797",0.14
"10798",0.13
"10799",0.131666666666667
"10800",0.133333333333333
"10801",0.131666666666667
"10802",0.131666666666667
"10803",0.14
"10804",0.133333333333333
"10805",0.133333333333333
"10806",0.14
"10807",0.133333333333333
"10808",0.131666666666667
"10809",0.14
"10810",0.135
"10811",0.141666666666667
"10812",0.141666666666667
"10813",0.101666666666667
"10814",0.101666666666667
"10815",0.103333333333333
"10816",0.101666666666667
"10817",0.101666666666667
"10818",0.101666666666667
"10819",0.103333333333333
"10820",0.103333333333333
"10821",0.101666666666667
"10822",0.103333333333333
"10823",0.101666666666667
"10824",0.103333333333333
"10825",0.103333333333333
"10826",0.103333333333333
"10827",0.103333333333333
"10828",0.101666666666667
"10829",0.103333333333333
"10830",0.103333333333333
"10831",0.103333333333333
"10832",0.103333333333333
"10833",0.101666666666667
"10834",0.103333333333333
"10835",0.103333333333333
"10836",0.103333333333333
"10837",0.103333333333333
"10838",0.103333333333333
"10839",0.101666666666667
"10840",0.105
"10841",0.103333333333333
"10842",0.103333333333333
"10843",0.101666666666667
"10844",0.103333333333333
"10845",0.101666666666667
"10846",0.101666666666667
"10847",0.103333333333333
"10848",0.103333333333333
"10849",0.103333333333333
"10850",0.103333333333333
"10851",0.103333333333333
"10852",0.101666666666667
"10853",0.103333333333333
"10854",0.106666666666667
"10855",0.108333333333333
"10856",0.108333333333333
"10857",0.101666666666667
"10858",0.101666666666667
"10859",0.103333333333333
"10860",0.101666666666667
"10861",0.101666666666667
"10862",0.101666666666667
"10863",0.103333333333333
"10864",0.103333333333333
"10865",0.101666666666667
"10866",0.103333333333333
"10867",0.101666666666667
"10868",0.103333333333333
"10869",0.103333333333333
"10870",0.103333333333333
"10871",0.103333333333333
"10872",0.101666666666667
"10873",0.103333333333333
"10874",0.103333333333333
"10875",0.103333333333333
"10876",0.103333333333333
"10877",0.101666666666667
"10878",0.103333333333333
"10879",0.103333333333333
"10880",0.103333333333333
"10881",0.103333333333333
"10882",0.103333333333333
"10883",0.101666666666667
"10884",0.105
"10885",0.103333333333333
"10886",0.103333333333333
"10887",0.101666666666667
"10888",0.103333333333333
"10889",0.101666666666667
"10890",0.101666666666667
"10891",0.103333333333333
"10892",0.103333333333333
"10893",0.103333333333333
"10894",0.103333333333333
"10895",0.103333333333333
"10896",0.101666666666667
"10897",0.103333333333333
"10898",0.106666666666667
"10899",0.108333333333333
"10900",0.108333333333333
"10901",0.101666666666667
"10902",0.101666666666667
"10903",0.103333333333333
"10904",0.101666666666667
"10905",0.101666666666667
"10906",0.101666666666667
"10907",0.103333333333333
"10908",0.103333333333333
"10909",0.101666666666667
"10910",0.103333333333333
"10911",0.101666666666667
"10912",0.103333333333333
"10913",0.103333333333333
"10914",0.103333333333333
"10915",0.103333333333333
"10916",0.101666666666667
"10917",0.103333333333333
"10918",0.103333333333333
"10919",0.103333333333333
"10920",0.103333333333333
"10921",0.101666666666667
"10922",0.103333333333333
"10923",0.103333333333333
"10924",0.103333333333333
"10925",0.103333333333333
"10926",0.103333333333333
"10927",0.101666666666667
"10928",0.105
"10929",0.103333333333333
"10930",0.103333333333333
"10931",0.101666666666667
"10932",0.103333333333333
"10933",0.101666666666667
"10934",0.101666666666667
"10935",0.103333333333333
"10936",0.103333333333333
"10937",0.103333333333333
"10938",0.103333333333333
"10939",0.103333333333333
"10940",0.101666666666667
"10941",0.103333333333333
"10942",0.106666666666667
"10943",0.108333333333333
"10944",0.108333333333333
"10945",0.103333333333333
"10946",0.103333333333333
"10947",0.105
"10948",0.103333333333333
"10949",0.103333333333333
"10950",0.103333333333333
"10951",0.105
"10952",0.105
"10953",0.103333333333333
"10954",0.105
"10955",0.103333333333333
"10956",0.105
"10957",0.105
"10958",0.105
"10959",0.105
"10960",0.103333333333333
"10961",0.105
"10962",0.105
"10963",0.105
"10964",0.105
"10965",0.103333333333333
"10966",0.105
"10967",0.105
"10968",0.105
"10969",0.105
"10970",0.105
"10971",0.103333333333333
"10972",0.106666666666667
"10973",0.105
"10974",0.105
"10975",0.103333333333333
"10976",0.105
"10977",0.103333333333333
"10978",0.103333333333333
"10979",0.105
"10980",0.105
"10981",0.105
"10982",0.105
"10983",0.105
"10984",0.103333333333333
"10985",0.105
"10986",0.108333333333333
"10987",0.106666666666667
"10988",0.106666666666667
"10989",0.101666666666667
"10990",0.101666666666667
"10991",0.103333333333333
"10992",0.101666666666667
"10993",0.101666666666667
"10994",0.101666666666667
"10995",0.103333333333333
"10996",0.103333333333333
"10997",0.101666666666667
"10998",0.103333333333333
"10999",0.101666666666667
"11000",0.103333333333333
"11001",0.103333333333333
"11002",0.103333333333333
"11003",0.103333333333333
"11004",0.101666666666667
"11005",0.103333333333333
"11006",0.103333333333333
"11007",0.103333333333333
"11008",0.103333333333333
"11009",0.101666666666667
"11010",0.103333333333333
"11011",0.103333333333333
"11012",0.103333333333333
"11013",0.103333333333333
"11014",0.103333333333333
"11015",0.101666666666667
"11016",0.105
"11017",0.103333333333333
"11018",0.103333333333333
"11019",0.101666666666667
"11020",0.103333333333333
"11021",0.101666666666667
"11022",0.101666666666667
"11023",0.103333333333333
"11024",0.103333333333333
"11025",0.103333333333333
"11026",0.103333333333333
"11027",0.103333333333333
"11028",0.101666666666667
"11029",0.103333333333333
"11030",0.106666666666667
"11031",0.108333333333333
"11032",0.108333333333333
"11033",0.103333333333333
"11034",0.103333333333333
"11035",0.105
"11036",0.103333333333333
"11037",0.103333333333333
"11038",0.103333333333333
"11039",0.105
"11040",0.105
"11041",0.103333333333333
"11042",0.105
"11043",0.103333333333333
"11044",0.105
"11045",0.105
"11046",0.105
"11047",0.105
"11048",0.103333333333333
"11049",0.105
"11050",0.105
"11051",0.105
"11052",0.105
"11053",0.103333333333333
"11054",0.105
"11055",0.105
"11056",0.105
"11057",0.105
"11058",0.105
"11059",0.103333333333333
"11060",0.106666666666667
"11061",0.105
"11062",0.105
"11063",0.103333333333333
"11064",0.105
"11065",0.103333333333333
"11066",0.103333333333333
"11067",0.105
"11068",0.105
"11069",0.105
"11070",0.105
"11071",0.105
"11072",0.103333333333333
"11073",0.105
"11074",0.108333333333333
"11075",0.106666666666667
"11076",0.106666666666667
"11077",0.105
"11078",0.105
"11079",0.106666666666667
"11080",0.105
"11081",0.105
"11082",0.105
"11083",0.106666666666667
"11084",0.106666666666667
"11085",0.105
"11086",0.106666666666667
"11087",0.105
"11088",0.106666666666667
"11089",0.106666666666667
"11090",0.106666666666667
"11091",0.106666666666667
"11092",0.105
"11093",0.106666666666667
"11094",0.106666666666667
"11095",0.106666666666667
"11096",0.106666666666667
"11097",0.105
"11098",0.106666666666667
"11099",0.106666666666667
"11100",0.106666666666667
"11101",0.106666666666667
"11102",0.106666666666667
"11103",0.105
"11104",0.108333333333333
"11105",0.106666666666667
"11106",0.106666666666667
"11107",0.105
"11108",0.106666666666667
"11109",0.105
"11110",0.105
"11111",0.106666666666667
"11112",0.106666666666667
"11113",0.106666666666667
"11114",0.106666666666667
"11115",0.106666666666667
"11116",0.105
"11117",0.106666666666667
"11118",0.11
"11119",0.111666666666667
"11120",0.111666666666667
"11121",0.101666666666667
"11122",0.101666666666667
"11123",0.103333333333333
"11124",0.101666666666667
"11125",0.101666666666667
"11126",0.101666666666667
"11127",0.103333333333333
"11128",0.103333333333333
"11129",0.101666666666667
"11130",0.103333333333333
"11131",0.101666666666667
"11132",0.103333333333333
"11133",0.103333333333333
"11134",0.103333333333333
"11135",0.103333333333333
"11136",0.101666666666667
"11137",0.103333333333333
"11138",0.103333333333333
"11139",0.103333333333333
"11140",0.103333333333333
"11141",0.101666666666667
"11142",0.103333333333333
"11143",0.103333333333333
"11144",0.103333333333333
"11145",0.103333333333333
"11146",0.103333333333333
"11147",0.101666666666667
"11148",0.105
"11149",0.103333333333333
"11150",0.103333333333333
"11151",0.101666666666667
"11152",0.103333333333333
"11153",0.101666666666667
"11154",0.101666666666667
"11155",0.103333333333333
"11156",0.103333333333333
"11157",0.103333333333333
"11158",0.103333333333333
"11159",0.103333333333333
"11160",0.101666666666667
"11161",0.103333333333333
"11162",0.106666666666667
"11163",0.108333333333333
"11164",0.108333333333333
"11165",0.101666666666667
"11166",0.101666666666667
"11167",0.103333333333333
"11168",0.101666666666667
"11169",0.101666666666667
"11170",0.101666666666667
"11171",0.103333333333333
"11172",0.103333333333333
"11173",0.101666666666667
"11174",0.103333333333333
"11175",0.101666666666667
"11176",0.103333333333333
"11177",0.103333333333333
"11178",0.103333333333333
"11179",0.103333333333333
"11180",0.101666666666667
"11181",0.103333333333333
"11182",0.103333333333333
"11183",0.103333333333333
"11184",0.103333333333333
"11185",0.101666666666667
"11186",0.103333333333333
"11187",0.103333333333333
"11188",0.103333333333333
"11189",0.103333333333333
"11190",0.103333333333333
"11191",0.101666666666667
"11192",0.105
"11193",0.103333333333333
"11194",0.103333333333333
"11195",0.101666666666667
"11196",0.103333333333333
"11197",0.101666666666667
"11198",0.101666666666667
"11199",0.103333333333333
"11200",0.103333333333333
"11201",0.103333333333333
"11202",0.103333333333333
"11203",0.103333333333333
"11204",0.101666666666667
"11205",0.103333333333333
"11206",0.106666666666667
"11207",0.108333333333333
"11208",0.108333333333333
"11209",0.101666666666667
"11210",0.101666666666667
"11211",0.103333333333333
"11212",0.101666666666667
"11213",0.101666666666667
"11214",0.101666666666667
"11215",0.103333333333333
"11216",0.103333333333333
"11217",0.101666666666667
"11218",0.103333333333333
"11219",0.101666666666667
"11220",0.103333333333333
"11221",0.103333333333333
"11222",0.103333333333333
"11223",0.103333333333333
"11224",0.101666666666667
"11225",0.103333333333333
"11226",0.103333333333333
"11227",0.103333333333333
"11228",0.103333333333333
"11229",0.101666666666667
"11230",0.103333333333333
"11231",0.103333333333333
"11232",0.103333333333333
"11233",0.103333333333333
"11234",0.103333333333333
"11235",0.101666666666667
"11236",0.105
"11237",0.103333333333333
"11238",0.103333333333333
"11239",0.101666666666667
"11240",0.103333333333333
"11241",0.101666666666667
"11242",0.101666666666667
"11243",0.103333333333333
"11244",0.103333333333333
"11245",0.103333333333333
"11246",0.103333333333333
"11247",0.103333333333333
"11248",0.101666666666667
"11249",0.103333333333333
"11250",0.106666666666667
"11251",0.108333333333333
"11252",0.108333333333333
"11253",0.101666666666667
"11254",0.101666666666667
"11255",0.103333333333333
"11256",0.101666666666667
"11257",0.101666666666667
"11258",0.101666666666667
"11259",0.103333333333333
"11260",0.103333333333333
"11261",0.101666666666667
"11262",0.103333333333333
"11263",0.101666666666667
"11264",0.103333333333333
"11265",0.103333333333333
"11266",0.103333333333333
"11267",0.103333333333333
"11268",0.101666666666667
"11269",0.103333333333333
"11270",0.103333333333333
"11271",0.103333333333333
"11272",0.103333333333333
"11273",0.101666666666667
"11274",0.103333333333333
"11275",0.103333333333333
"11276",0.103333333333333
"11277",0.103333333333333
"11278",0.103333333333333
"11279",0.101666666666667
"11280",0.105
"11281",0.103333333333333
"11282",0.103333333333333
"11283",0.101666666666667
"11284",0.103333333333333
"11285",0.101666666666667
"11286",0.101666666666667
"11287",0.103333333333333
"11288",0.103333333333333
"11289",0.103333333333333
"11290",0.103333333333333
"11291",0.103333333333333
"11292",0.101666666666667
"11293",0.103333333333333
"11294",0.106666666666667
"11295",0.108333333333333
"11296",0.108333333333333
"11297",0.105
"11298",0.105
"11299",0.106666666666667
"11300",0.105
"11301",0.105
"11302",0.105
"11303",0.106666666666667
"11304",0.106666666666667
"11305",0.105
"11306",0.106666666666667
"11307",0.105
"11308",0.106666666666667
"11309",0.106666666666667
"11310",0.106666666666667
"11311",0.106666666666667
"11312",0.105
"11313",0.106666666666667
"11314",0.106666666666667
"11315",0.106666666666667
"11316",0.106666666666667
"11317",0.105
"11318",0.106666666666667
"11319",0.106666666666667
"11320",0.106666666666667
"11321",0.106666666666667
"11322",0.106666666666667
"11323",0.105
"11324",0.108333333333333
"11325",0.106666666666667
"11326",0.106666666666667
"11327",0.105
"11328",0.106666666666667
"11329",0.105
"11330",0.105
"11331",0.106666666666667
"11332",0.106666666666667
"11333",0.106666666666667
"11334",0.106666666666667
"11335",0.106666666666667
"11336",0.105
"11337",0.106666666666667
"11338",0.11
"11339",0.111666666666667
"11340",0.111666666666667
"11341",0.105
"11342",0.105
"11343",0.106666666666667
"11344",0.105
"11345",0.105
"11346",0.105
"11347",0.106666666666667
"11348",0.106666666666667
"11349",0.105
"11350",0.106666666666667
"11351",0.105
"11352",0.106666666666667
"11353",0.106666666666667
"11354",0.106666666666667
"11355",0.106666666666667
"11356",0.105
"11357",0.106666666666667
"11358",0.106666666666667
"11359",0.106666666666667
"11360",0.106666666666667
"11361",0.105
"11362",0.106666666666667
"11363",0.106666666666667
"11364",0.106666666666667
"11365",0.106666666666667
"11366",0.106666666666667
"11367",0.105
"11368",0.108333333333333
"11369",0.106666666666667
"11370",0.106666666666667
"11371",0.105
"11372",0.106666666666667
"11373",0.105
"11374",0.105
"11375",0.106666666666667
"11376",0.106666666666667
"11377",0.106666666666667
"11378",0.106666666666667
"11379",0.106666666666667
"11380",0.105
"11381",0.106666666666667
"11382",0.11
"11383",0.111666666666667
"11384",0.111666666666667
"11385",0.101666666666667
"11386",0.101666666666667
"11387",0.103333333333333
"11388",0.101666666666667
"11389",0.101666666666667
"11390",0.101666666666667
"11391",0.103333333333333
"11392",0.103333333333333
"11393",0.101666666666667
"11394",0.103333333333333
"11395",0.101666666666667
"11396",0.103333333333333
"11397",0.103333333333333
"11398",0.103333333333333
"11399",0.103333333333333
"11400",0.101666666666667
"11401",0.103333333333333
"11402",0.103333333333333
"11403",0.103333333333333
"11404",0.103333333333333
"11405",0.101666666666667
"11406",0.103333333333333
"11407",0.103333333333333
"11408",0.103333333333333
"11409",0.103333333333333
"11410",0.103333333333333
"11411",0.101666666666667
"11412",0.105
"11413",0.103333333333333
"11414",0.103333333333333
"11415",0.101666666666667
"11416",0.103333333333333
"11417",0.101666666666667
"11418",0.101666666666667
"11419",0.103333333333333
"11420",0.103333333333333
"11421",0.103333333333333
"11422",0.103333333333333
"11423",0.103333333333333
"11424",0.101666666666667
"11425",0.103333333333333
"11426",0.106666666666667
"11427",0.108333333333333
"11428",0.108333333333333
"11429",0.101666666666667
"11430",0.101666666666667
"11431",0.103333333333333
"11432",0.101666666666667
"11433",0.101666666666667
"11434",0.101666666666667
"11435",0.103333333333333
"11436",0.103333333333333
"11437",0.101666666666667
"11438",0.103333333333333
"11439",0.101666666666667
"11440",0.103333333333333
"11441",0.103333333333333
"11442",0.103333333333333
"11443",0.103333333333333
"11444",0.101666666666667
"11445",0.103333333333333
"11446",0.103333333333333
"11447",0.103333333333333
"11448",0.103333333333333
"11449",0.101666666666667
"11450",0.103333333333333
"11451",0.103333333333333
"11452",0.103333333333333
"11453",0.103333333333333
"11454",0.103333333333333
"11455",0.101666666666667
"11456",0.105
"11457",0.103333333333333
"11458",0.103333333333333
"11459",0.101666666666667
"11460",0.103333333333333
"11461",0.101666666666667
"11462",0.101666666666667
"11463",0.103333333333333
"11464",0.103333333333333
"11465",0.103333333333333
"11466",0.103333333333333
"11467",0.103333333333333
"11468",0.101666666666667
"11469",0.103333333333333
"11470",0.106666666666667
"11471",0.108333333333333
"11472",0.108333333333333
"11473",0.1
"11474",0.1
"11475",0.101666666666667
"11476",0.1
"11477",0.1
"11478",0.1
"11479",0.101666666666667
"11480",0.101666666666667
"11481",0.1
"11482",0.101666666666667
"11483",0.1
"11484",0.101666666666667
"11485",0.101666666666667
"11486",0.101666666666667
"11487",0.101666666666667
"11488",0.1
"11489",0.101666666666667
"11490",0.101666666666667
"11491",0.101666666666667
"11492",0.101666666666667
"11493",0.1
"11494",0.101666666666667
"11495",0.101666666666667
"11496",0.101666666666667
"11497",0.101666666666667
"11498",0.101666666666667
"11499",0.1
"11500",0.103333333333333
"11501",0.101666666666667
"11502",0.101666666666667
"11503",0.1
"11504",0.101666666666667
"11505",0.1
"11506",0.1
"11507",0.101666666666667
"11508",0.101666666666667
"11509",0.101666666666667
"11510",0.101666666666667
"11511",0.101666666666667
"11512",0.1
"11513",0.101666666666667
"11514",0.105
"11515",0.106666666666667
"11516",0.106666666666667
"11517",0.101666666666667
"11518",0.101666666666667
"11519",0.103333333333333
"11520",0.101666666666667
"11521",0.101666666666667
"11522",0.101666666666667
"11523",0.103333333333333
"11524",0.103333333333333
"11525",0.101666666666667
"11526",0.103333333333333
"11527",0.101666666666667
"11528",0.103333333333333
"11529",0.103333333333333
"11530",0.103333333333333
"11531",0.103333333333333
"11532",0.101666666666667
"11533",0.103333333333333
"11534",0.103333333333333
"11535",0.103333333333333
"11536",0.103333333333333
"11537",0.101666666666667
"11538",0.103333333333333
"11539",0.103333333333333
"11540",0.103333333333333
"11541",0.103333333333333
"11542",0.103333333333333
"11543",0.101666666666667
"11544",0.105
"11545",0.103333333333333
"11546",0.103333333333333
"11547",0.101666666666667
"11548",0.103333333333333
"11549",0.101666666666667
"11550",0.101666666666667
"11551",0.103333333333333
"11552",0.103333333333333
"11553",0.103333333333333
"11554",0.103333333333333
"11555",0.103333333333333
"11556",0.101666666666667
"11557",0.103333333333333
"11558",0.106666666666667
"11559",0.108333333333333
"11560",0.108333333333333
"11561",0.103333333333333
"11562",0.103333333333333
"11563",0.105
"11564",0.103333333333333
"11565",0.103333333333333
"11566",0.103333333333333
"11567",0.105
"11568",0.105
"11569",0.103333333333333
"11570",0.105
"11571",0.103333333333333
"11572",0.105
"11573",0.105
"11574",0.105
"11575",0.105
"11576",0.103333333333333
"11577",0.105
"11578",0.105
"11579",0.105
"11580",0.105
"11581",0.103333333333333
"11582",0.105
"11583",0.105
"11584",0.105
"11585",0.105
"11586",0.105
"11587",0.103333333333333
"11588",0.106666666666667
"11589",0.105
"11590",0.105
"11591",0.103333333333333
"11592",0.105
"11593",0.103333333333333
"11594",0.103333333333333
"11595",0.105
"11596",0.105
"11597",0.105
"11598",0.105
"11599",0.105
"11600",0.103333333333333
"11601",0.105
"11602",0.108333333333333
"11603",0.11
"11604",0.11
"11605",0.101666666666667
"11606",0.101666666666667
"11607",0.103333333333333
"11608",0.101666666666667
"11609",0.101666666666667
"11610",0.101666666666667
"11611",0.103333333333333
"11612",0.103333333333333
"11613",0.101666666666667
"11614",0.103333333333333
"11615",0.101666666666667
"11616",0.103333333333333
"11617",0.103333333333333
"11618",0.103333333333333
"11619",0.103333333333333
"11620",0.101666666666667
"11621",0.103333333333333
"11622",0.103333333333333
"11623",0.103333333333333
"11624",0.103333333333333
"11625",0.101666666666667
"11626",0.103333333333333
"11627",0.103333333333333
"11628",0.103333333333333
"11629",0.103333333333333
"11630",0.103333333333333
"11631",0.101666666666667
"11632",0.105
"11633",0.103333333333333
"11634",0.103333333333333
"11635",0.101666666666667
"11636",0.103333333333333
"11637",0.101666666666667
"11638",0.101666666666667
"11639",0.103333333333333
"11640",0.103333333333333
"11641",0.103333333333333
"11642",0.103333333333333
"11643",0.103333333333333
"11644",0.101666666666667
"11645",0.103333333333333
"11646",0.106666666666667
"11647",0.108333333333333
"11648",0.108333333333333
"11649",0.105
"11650",0.105
"11651",0.106666666666667
"11652",0.105
"11653",0.105
"11654",0.105
"11655",0.106666666666667
"11656",0.106666666666667
"11657",0.105
"11658",0.106666666666667
"11659",0.105
"11660",0.106666666666667
"11661",0.106666666666667
"11662",0.106666666666667
"11663",0.106666666666667
"11664",0.105
"11665",0.106666666666667
"11666",0.106666666666667
"11667",0.106666666666667
"11668",0.106666666666667
"11669",0.105
"11670",0.106666666666667
"11671",0.106666666666667
"11672",0.106666666666667
"11673",0.106666666666667
"11674",0.106666666666667
"11675",0.105
"11676",0.108333333333333
"11677",0.106666666666667
"11678",0.106666666666667
"11679",0.105
"11680",0.106666666666667
"11681",0.105
"11682",0.105
"11683",0.106666666666667
"11684",0.106666666666667
"11685",0.106666666666667
"11686",0.106666666666667
"11687",0.106666666666667
"11688",0.105
"11689",0.106666666666667
"11690",0.11
"11691",0.111666666666667
"11692",0.111666666666667
"11693",0.101666666666667
"11694",0.101666666666667
"11695",0.103333333333333
"11696",0.101666666666667
"11697",0.101666666666667
"11698",0.101666666666667
"11699",0.103333333333333
"11700",0.103333333333333
"11701",0.101666666666667
"11702",0.103333333333333
"11703",0.101666666666667
"11704",0.103333333333333
"11705",0.103333333333333
"11706",0.103333333333333
"11707",0.103333333333333
"11708",0.101666666666667
"11709",0.103333333333333
"11710",0.103333333333333
"11711",0.103333333333333
"11712",0.103333333333333
"11713",0.101666666666667
"11714",0.103333333333333
"11715",0.103333333333333
"11716",0.103333333333333
"11717",0.103333333333333
"11718",0.103333333333333
"11719",0.101666666666667
"11720",0.105
"11721",0.103333333333333
"11722",0.103333333333333
"11723",0.101666666666667
"11724",0.103333333333333
"11725",0.101666666666667
"11726",0.101666666666667
"11727",0.103333333333333
"11728",0.103333333333333
"11729",0.103333333333333
"11730",0.103333333333333
"11731",0.103333333333333
"11732",0.101666666666667
"11733",0.103333333333333
"11734",0.106666666666667
"11735",0.108333333333333
"11736",0.108333333333333
"11737",0.106666666666667
"11738",0.106666666666667
"11739",0.108333333333333
"11740",0.106666666666667
"11741",0.106666666666667
"11742",0.106666666666667
"11743",0.108333333333333
"11744",0.108333333333333
"11745",0.106666666666667
"11746",0.108333333333333
"11747",0.106666666666667
"11748",0.108333333333333
"11749",0.108333333333333
"11750",0.108333333333333
"11751",0.108333333333333
"11752",0.106666666666667
"11753",0.108333333333333
"11754",0.108333333333333
"11755",0.108333333333333
"11756",0.108333333333333
"11757",0.106666666666667
"11758",0.108333333333333
"11759",0.108333333333333
"11760",0.108333333333333
"11761",0.108333333333333
"11762",0.108333333333333
"11763",0.106666666666667
"11764",0.11
"11765",0.108333333333333
"11766",0.108333333333333
"11767",0.106666666666667
"11768",0.108333333333333
"11769",0.106666666666667
"11770",0.106666666666667
"11771",0.108333333333333
"11772",0.108333333333333
"11773",0.108333333333333
"11774",0.108333333333333
"11775",0.108333333333333
"11776",0.106666666666667
"11777",0.108333333333333
"11778",0.111666666666667
"11779",0.113333333333333
"11780",0.113333333333333
"11781",0.101666666666667
"11782",0.101666666666667
"11783",0.103333333333333
"11784",0.101666666666667
"11785",0.101666666666667
"11786",0.101666666666667
"11787",0.103333333333333
"11788",0.103333333333333
"11789",0.101666666666667
"11790",0.103333333333333
"11791",0.101666666666667
"11792",0.103333333333333
"11793",0.103333333333333
"11794",0.103333333333333
"11795",0.103333333333333
"11796",0.101666666666667
"11797",0.103333333333333
"11798",0.103333333333333
"11799",0.103333333333333
"11800",0.103333333333333
"11801",0.101666666666667
"11802",0.103333333333333
"11803",0.103333333333333
"11804",0.103333333333333
"11805",0.103333333333333
"11806",0.103333333333333
"11807",0.101666666666667
"11808",0.105
"11809",0.103333333333333
"11810",0.103333333333333
"11811",0.101666666666667
"11812",0.103333333333333
"11813",0.101666666666667
"11814",0.101666666666667
"11815",0.103333333333333
"11816",0.103333333333333
"11817",0.103333333333333
"11818",0.103333333333333
"11819",0.103333333333333
"11820",0.101666666666667
"11821",0.103333333333333
"11822",0.106666666666667
"11823",0.108333333333333
"11824",0.108333333333333
"11825",0.101666666666667
"11826",0.101666666666667
"11827",0.103333333333333
"11828",0.101666666666667
"11829",0.101666666666667
"11830",0.101666666666667
"11831",0.103333333333333
"11832",0.103333333333333
"11833",0.101666666666667
"11834",0.103333333333333
"11835",0.101666666666667
"11836",0.103333333333333
"11837",0.103333333333333
"11838",0.103333333333333
"11839",0.103333333333333
"11840",0.101666666666667
"11841",0.103333333333333
"11842",0.103333333333333
"11843",0.103333333333333
"11844",0.103333333333333
"11845",0.101666666666667
"11846",0.103333333333333
"11847",0.103333333333333
"11848",0.103333333333333
"11849",0.103333333333333
"11850",0.103333333333333
"11851",0.101666666666667
"11852",0.105
"11853",0.103333333333333
"11854",0.103333333333333
"11855",0.101666666666667
"11856",0.103333333333333
"11857",0.101666666666667
"11858",0.101666666666667
"11859",0.103333333333333
"11860",0.103333333333333
"11861",0.103333333333333
"11862",0.103333333333333
"11863",0.103333333333333
"11864",0.101666666666667
"11865",0.103333333333333
"11866",0.106666666666667
"11867",0.108333333333333
"11868",0.108333333333333
"11869",0.101666666666667
"11870",0.101666666666667
"11871",0.103333333333333
"11872",0.101666666666667
"11873",0.101666666666667
"11874",0.101666666666667
"11875",0.103333333333333
"11876",0.103333333333333
"11877",0.101666666666667
"11878",0.103333333333333
"11879",0.101666666666667
"11880",0.103333333333333
"11881",0.103333333333333
"11882",0.103333333333333
"11883",0.103333333333333
"11884",0.101666666666667
"11885",0.103333333333333
"11886",0.103333333333333
"11887",0.103333333333333
"11888",0.103333333333333
"11889",0.101666666666667
"11890",0.103333333333333
"11891",0.103333333333333
"11892",0.103333333333333
"11893",0.103333333333333
"11894",0.103333333333333
"11895",0.101666666666667
"11896",0.105
"11897",0.103333333333333
"11898",0.103333333333333
"11899",0.101666666666667
"11900",0.103333333333333
"11901",0.101666666666667
"11902",0.101666666666667
"11903",0.103333333333333
"11904",0.103333333333333
"11905",0.103333333333333
"11906",0.103333333333333
"11907",0.103333333333333
"11908",0.101666666666667
"11909",0.103333333333333
"11910",0.106666666666667
"11911",0.108333333333333
"11912",0.108333333333333
"11913",0.105
"11914",0.105
"11915",0.106666666666667
"11916",0.105
"11917",0.105
"11918",0.105
"11919",0.106666666666667
"11920",0.106666666666667
"11921",0.105
"11922",0.106666666666667
"11923",0.105
"11924",0.106666666666667
"11925",0.106666666666667
"11926",0.106666666666667
"11927",0.106666666666667
"11928",0.105
"11929",0.106666666666667
"11930",0.106666666666667
"11931",0.106666666666667
"11932",0.106666666666667
"11933",0.105
"11934",0.106666666666667
"11935",0.106666666666667
"11936",0.106666666666667
"11937",0.106666666666667
"11938",0.106666666666667
"11939",0.105
"11940",0.108333333333333
"11941",0.106666666666667
"11942",0.106666666666667
"11943",0.105
"11944",0.106666666666667
"11945",0.105
"11946",0.105
"11947",0.106666666666667
"11948",0.106666666666667
"11949",0.106666666666667
"11950",0.106666666666667
"11951",0.106666666666667
"11952",0.105
"11953",0.106666666666667
"11954",0.11
"11955",0.111666666666667
"11956",0.111666666666667
"11957",0.103333333333333
"11958",0.103333333333333
"11959",0.105
"11960",0.103333333333333
"11961",0.103333333333333
"11962",0.103333333333333
"11963",0.105
"11964",0.105
"11965",0.103333333333333
"11966",0.105
"11967",0.103333333333333
"11968",0.105
"11969",0.105
"11970",0.105
"11971",0.105
"11972",0.103333333333333
"11973",0.105
"11974",0.105
"11975",0.105
"11976",0.105
"11977",0.103333333333333
"11978",0.105
"11979",0.105
"11980",0.105
"11981",0.105
"11982",0.105
"11983",0.103333333333333
"11984",0.106666666666667
"11985",0.105
"11986",0.105
"11987",0.103333333333333
"11988",0.105
"11989",0.103333333333333
"11990",0.103333333333333
"11991",0.105
"11992",0.105
"11993",0.105
"11994",0.105
"11995",0.105
"11996",0.103333333333333
"11997",0.105
"11998",0.105
"11999",0.11
"12000",0.11
"12001",0.105
"12002",0.105
"12003",0.106666666666667
"12004",0.105
"12005",0.105
"12006",0.105
"12007",0.106666666666667
"12008",0.106666666666667
"12009",0.105
"12010",0.106666666666667
"12011",0.105
"12012",0.106666666666667
"12013",0.106666666666667
"12014",0.106666666666667
"12015",0.106666666666667
"12016",0.105
"12017",0.106666666666667
"12018",0.106666666666667
"12019",0.106666666666667
"12020",0.106666666666667
"12021",0.105
"12022",0.106666666666667
"12023",0.106666666666667
"12024",0.106666666666667
"12025",0.106666666666667
"12026",0.106666666666667
"12027",0.105
"12028",0.108333333333333
"12029",0.106666666666667
"12030",0.106666666666667
"12031",0.105
"12032",0.106666666666667
"12033",0.105
"12034",0.105
"12035",0.106666666666667
"12036",0.106666666666667
"12037",0.106666666666667
"12038",0.106666666666667
"12039",0.106666666666667
"12040",0.105
"12041",0.106666666666667
"12042",0.11
"12043",0.111666666666667
"12044",0.111666666666667
"12045",0.101666666666667
"12046",0.101666666666667
"12047",0.103333333333333
"12048",0.101666666666667
"12049",0.101666666666667
"12050",0.101666666666667
"12051",0.103333333333333
"12052",0.103333333333333
"12053",0.101666666666667
"12054",0.103333333333333
"12055",0.101666666666667
"12056",0.103333333333333
"12057",0.103333333333333
"12058",0.103333333333333
"12059",0.103333333333333
"12060",0.101666666666667
"12061",0.103333333333333
"12062",0.103333333333333
"12063",0.103333333333333
"12064",0.103333333333333
"12065",0.101666666666667
"12066",0.103333333333333
"12067",0.103333333333333
"12068",0.103333333333333
"12069",0.103333333333333
"12070",0.103333333333333
"12071",0.101666666666667
"12072",0.105
"12073",0.103333333333333
"12074",0.103333333333333
"12075",0.101666666666667
"12076",0.103333333333333
"12077",0.101666666666667
"12078",0.101666666666667
"12079",0.103333333333333
"12080",0.103333333333333
"12081",0.103333333333333
"12082",0.103333333333333
"12083",0.103333333333333
"12084",0.101666666666667
"12085",0.103333333333333
"12086",0.106666666666667
"12087",0.108333333333333
"12088",0.108333333333333
"12089",0.103333333333333
"12090",0.103333333333333
"12091",0.105
"12092",0.103333333333333
"12093",0.103333333333333
"12094",0.103333333333333
"12095",0.105
"12096",0.105
"12097",0.103333333333333
"12098",0.105
"12099",0.103333333333333
"12100",0.105
"12101",0.105
"12102",0.105
"12103",0.105
"12104",0.103333333333333
"12105",0.105
"12106",0.105
"12107",0.105
"12108",0.105
"12109",0.103333333333333
"12110",0.105
"12111",0.105
"12112",0.105
"12113",0.105
"12114",0.105
"12115",0.103333333333333
"12116",0.106666666666667
"12117",0.105
"12118",0.105
"12119",0.103333333333333
"12120",0.105
"12121",0.103333333333333
"12122",0.103333333333333
"12123",0.105
"12124",0.105
"12125",0.105
"12126",0.105
"12127",0.105
"12128",0.103333333333333
"12129",0.105
"12130",0.108333333333333
"12131",0.11
"12132",0.11
"12133",0.103333333333333
"12134",0.103333333333333
"12135",0.105
"12136",0.103333333333333
"12137",0.103333333333333
"12138",0.103333333333333
"12139",0.105
"12140",0.105
"12141",0.103333333333333
"12142",0.105
"12143",0.103333333333333
"12144",0.105
"12145",0.105
"12146",0.105
"12147",0.105
"12148",0.103333333333333
"12149",0.105
"12150",0.105
"12151",0.105
"12152",0.105
"12153",0.103333333333333
"12154",0.105
"12155",0.105
"12156",0.105
"12157",0.105
"12158",0.105
"12159",0.103333333333333
"12160",0.106666666666667
"12161",0.105
"12162",0.105
"12163",0.103333333333333
"12164",0.105
"12165",0.103333333333333
"12166",0.103333333333333
"12167",0.105
"12168",0.105
"12169",0.105
"12170",0.105
"12171",0.105
"12172",0.103333333333333
"12173",0.105
"12174",0.108333333333333
"12175",0.11
"12176",0.11
"12177",0.101666666666667
"12178",0.101666666666667
"12179",0.103333333333333
"12180",0.101666666666667
"12181",0.101666666666667
"12182",0.101666666666667
"12183",0.103333333333333
"12184",0.103333333333333
"12185",0.101666666666667
"12186",0.103333333333333
"12187",0.101666666666667
"12188",0.103333333333333
"12189",0.103333333333333
"12190",0.103333333333333
"12191",0.103333333333333
"12192",0.101666666666667
"12193",0.103333333333333
"12194",0.103333333333333
"12195",0.103333333333333
"12196",0.103333333333333
"12197",0.101666666666667
"12198",0.103333333333333
"12199",0.103333333333333
"12200",0.103333333333333
"12201",0.103333333333333
"12202",0.103333333333333
"12203",0.101666666666667
"12204",0.105
"12205",0.103333333333333
"12206",0.103333333333333
"12207",0.101666666666667
"12208",0.103333333333333
"12209",0.101666666666667
"12210",0.101666666666667
"12211",0.103333333333333
"12212",0.103333333333333
"12213",0.103333333333333
"12214",0.103333333333333
"12215",0.103333333333333
"12216",0.101666666666667
"12217",0.103333333333333
"12218",0.106666666666667
"12219",0.108333333333333
"12220",0.108333333333333
"12221",0.105
"12222",0.105
"12223",0.106666666666667
"12224",0.105
"12225",0.105
"12226",0.105
"12227",0.106666666666667
"12228",0.106666666666667
"12229",0.105
"12230",0.106666666666667
"12231",0.105
"12232",0.106666666666667
"12233",0.106666666666667
"12234",0.106666666666667
"12235",0.106666666666667
"12236",0.105
"12237",0.106666666666667
"12238",0.106666666666667
"12239",0.106666666666667
"12240",0.106666666666667
"12241",0.105
"12242",0.106666666666667
"12243",0.106666666666667
"12244",0.106666666666667
"12245",0.106666666666667
"12246",0.106666666666667
"12247",0.105
"12248",0.108333333333333
"12249",0.106666666666667
"12250",0.106666666666667
"12251",0.105
"12252",0.106666666666667
"12253",0.105
"12254",0.105
"12255",0.106666666666667
"12256",0.106666666666667
"12257",0.106666666666667
"12258",0.106666666666667
"12259",0.106666666666667
"12260",0.105
"12261",0.106666666666667
"12262",0.11
"12263",0.111666666666667
"12264",0.111666666666667
"12265",0.105
"12266",0.105
"12267",0.106666666666667
"12268",0.105
"12269",0.105
"12270",0.105
"12271",0.106666666666667
"12272",0.106666666666667
"12273",0.105
"12274",0.106666666666667
"12275",0.105
"12276",0.106666666666667
"12277",0.106666666666667
"12278",0.106666666666667
"12279",0.106666666666667
"12280",0.105
"12281",0.106666666666667
"12282",0.106666666666667
"12283",0.106666666666667
"12284",0.106666666666667
"12285",0.105
"12286",0.106666666666667
"12287",0.106666666666667
"12288",0.106666666666667
"12289",0.106666666666667
"12290",0.106666666666667
"12291",0.105
"12292",0.108333333333333
"12293",0.106666666666667
"12294",0.106666666666667
"12295",0.105
"12296",0.106666666666667
"12297",0.105
"12298",0.105
"12299",0.106666666666667
"12300",0.106666666666667
"12301",0.106666666666667
"12302",0.106666666666667
"12303",0.106666666666667
"12304",0.105
"12305",0.106666666666667
"12306",0.11
"12307",0.111666666666667
"12308",0.111666666666667
"12309",0.101666666666667
"12310",0.101666666666667
"12311",0.103333333333333
"12312",0.101666666666667
"12313",0.101666666666667
"12314",0.101666666666667
"12315",0.103333333333333
"12316",0.103333333333333
"12317",0.101666666666667
"12318",0.103333333333333
"12319",0.101666666666667
"12320",0.103333333333333
"12321",0.103333333333333
"12322",0.103333333333333
"12323",0.103333333333333
"12324",0.101666666666667
"12325",0.103333333333333
"12326",0.103333333333333
"12327",0.103333333333333
"12328",0.103333333333333
"12329",0.101666666666667
"12330",0.103333333333333
"12331",0.103333333333333
"12332",0.103333333333333
"12333",0.103333333333333
"12334",0.103333333333333
"12335",0.101666666666667
"12336",0.105
"12337",0.103333333333333
"12338",0.103333333333333
"12339",0.101666666666667
"12340",0.103333333333333
"12341",0.101666666666667
"12342",0.101666666666667
"12343",0.103333333333333
"12344",0.103333333333333
"12345",0.103333333333333
"12346",0.103333333333333
"12347",0.103333333333333
"12348",0.101666666666667
"12349",0.103333333333333
"12350",0.106666666666667
"12351",0.108333333333333
"12352",0.108333333333333
"12353",0.101666666666667
"12354",0.101666666666667
"12355",0.103333333333333
"12356",0.101666666666667
"12357",0.101666666666667
"12358",0.101666666666667
"12359",0.103333333333333
"12360",0.103333333333333
"12361",0.101666666666667
"12362",0.103333333333333
"12363",0.101666666666667
"12364",0.103333333333333
"12365",0.103333333333333
"12366",0.103333333333333
"12367",0.103333333333333
"12368",0.101666666666667
"12369",0.103333333333333
"12370",0.103333333333333
"12371",0.103333333333333
"12372",0.103333333333333
"12373",0.101666666666667
"12374",0.103333333333333
"12375",0.103333333333333
"12376",0.103333333333333
"12377",0.103333333333333
"12378",0.103333333333333
"12379",0.101666666666667
"12380",0.105
"12381",0.103333333333333
"12382",0.103333333333333
"12383",0.101666666666667
"12384",0.103333333333333
"12385",0.101666666666667
"12386",0.101666666666667
"12387",0.103333333333333
"12388",0.103333333333333
"12389",0.103333333333333
"12390",0.103333333333333
"12391",0.103333333333333
"12392",0.101666666666667
"12393",0.103333333333333
"12394",0.106666666666667
"12395",0.108333333333333
"12396",0.108333333333333
"12397",0.1
"12398",0.1
"12399",0.101666666666667
"12400",0.1
"12401",0.1
"12402",0.1
"12403",0.101666666666667
"12404",0.101666666666667
"12405",0.1
"12406",0.101666666666667
"12407",0.1
"12408",0.101666666666667
"12409",0.101666666666667
"12410",0.101666666666667
"12411",0.101666666666667
"12412",0.1
"12413",0.101666666666667
"12414",0.101666666666667
"12415",0.101666666666667
"12416",0.101666666666667
"12417",0.1
"12418",0.101666666666667
"12419",0.101666666666667
"12420",0.101666666666667
"12421",0.101666666666667
"12422",0.101666666666667
"12423",0.1
"12424",0.103333333333333
"12425",0.101666666666667
"12426",0.101666666666667
"12427",0.1
"12428",0.101666666666667
"12429",0.1
"12430",0.1
"12431",0.101666666666667
"12432",0.101666666666667
"12433",0.101666666666667
"12434",0.101666666666667
"12435",0.101666666666667
"12436",0.1
"12437",0.101666666666667
"12438",0.105
"12439",0.106666666666667
"12440",0.106666666666667
"12441",0.101666666666667
"12442",0.101666666666667
"12443",0.103333333333333
"12444",0.101666666666667
"12445",0.101666666666667
"12446",0.101666666666667
"12447",0.103333333333333
"12448",0.103333333333333
"12449",0.101666666666667
"12450",0.103333333333333
"12451",0.101666666666667
"12452",0.103333333333333
"12453",0.103333333333333
"12454",0.103333333333333
"12455",0.103333333333333
"12456",0.101666666666667
"12457",0.103333333333333
"12458",0.103333333333333
"12459",0.103333333333333
"12460",0.103333333333333
"12461",0.101666666666667
"12462",0.103333333333333
"12463",0.103333333333333
"12464",0.103333333333333
"12465",0.103333333333333
"12466",0.103333333333333
"12467",0.101666666666667
"12468",0.105
"12469",0.103333333333333
"12470",0.103333333333333
"12471",0.101666666666667
"12472",0.103333333333333
"12473",0.101666666666667
"12474",0.101666666666667
"12475",0.103333333333333
"12476",0.103333333333333
"12477",0.103333333333333
"12478",0.103333333333333
"12479",0.103333333333333
"12480",0.101666666666667
"12481",0.103333333333333
"12482",0.106666666666667
"12483",0.108333333333333
"12484",0.108333333333333
"12485",0.101666666666667
"12486",0.101666666666667
"12487",0.103333333333333
"12488",0.101666666666667
"12489",0.101666666666667
"12490",0.101666666666667
"12491",0.103333333333333
"12492",0.103333333333333
"12493",0.101666666666667
"12494",0.103333333333333
"12495",0.101666666666667
"12496",0.103333333333333
"12497",0.103333333333333
"12498",0.103333333333333
"12499",0.103333333333333
"12500",0.101666666666667
"12501",0.103333333333333
"12502",0.103333333333333
"12503",0.103333333333333
"12504",0.103333333333333
"12505",0.101666666666667
"12506",0.103333333333333
"12507",0.103333333333333
"12508",0.103333333333333
"12509",0.103333333333333
"12510",0.103333333333333
"12511",0.101666666666667
"12512",0.105
"12513",0.103333333333333
"12514",0.103333333333333
"12515",0.101666666666667
"12516",0.103333333333333
"12517",0.101666666666667
"12518",0.101666666666667
"12519",0.103333333333333
"12520",0.103333333333333
"12521",0.103333333333333
"12522",0.103333333333333
"12523",0.103333333333333
"12524",0.101666666666667
"12525",0.103333333333333
"12526",0.106666666666667
"12527",0.108333333333333
"12528",0.108333333333333
"12529",0.101666666666667
"12530",0.101666666666667
"12531",0.103333333333333
"12532",0.101666666666667
"12533",0.101666666666667
"12534",0.101666666666667
"12535",0.103333333333333
"12536",0.103333333333333
"12537",0.101666666666667
"12538",0.103333333333333
"12539",0.101666666666667
"12540",0.103333333333333
"12541",0.103333333333333
"12542",0.103333333333333
"12543",0.103333333333333
"12544",0.101666666666667
"12545",0.103333333333333
"12546",0.103333333333333
"12547",0.103333333333333
"12548",0.103333333333333
"12549",0.101666666666667
"12550",0.103333333333333
"12551",0.103333333333333
"12552",0.103333333333333
"12553",0.103333333333333
"12554",0.103333333333333
"12555",0.101666666666667
"12556",0.105
"12557",0.103333333333333
"12558",0.103333333333333
"12559",0.101666666666667
"12560",0.103333333333333
"12561",0.101666666666667
"12562",0.101666666666667
"12563",0.103333333333333
"12564",0.103333333333333
"12565",0.103333333333333
"12566",0.103333333333333
"12567",0.103333333333333
"12568",0.101666666666667
"12569",0.103333333333333
"12570",0.106666666666667
"12571",0.108333333333333
"12572",0.108333333333333
"12573",0.101666666666667
"12574",0.101666666666667
"12575",0.103333333333333
"12576",0.101666666666667
"12577",0.101666666666667
"12578",0.101666666666667
"12579",0.103333333333333
"12580",0.103333333333333
"12581",0.101666666666667
"12582",0.103333333333333
"12583",0.101666666666667
"12584",0.103333333333333
"12585",0.103333333333333
"12586",0.103333333333333
"12587",0.103333333333333
"12588",0.101666666666667
"12589",0.103333333333333
"12590",0.103333333333333
"12591",0.103333333333333
"12592",0.103333333333333
"12593",0.101666666666667
"12594",0.103333333333333
"12595",0.103333333333333
"12596",0.103333333333333
"12597",0.103333333333333
"12598",0.103333333333333
"12599",0.101666666666667
"12600",0.105
"12601",0.103333333333333
"12602",0.103333333333333
"12603",0.101666666666667
"12604",0.103333333333333
"12605",0.101666666666667
"12606",0.101666666666667
"12607",0.103333333333333
"12608",0.103333333333333
"12609",0.103333333333333
"12610",0.103333333333333
"12611",0.103333333333333
"12612",0.101666666666667
"12613",0.103333333333333
"12614",0.106666666666667
"12615",0.108333333333333
"12616",0.108333333333333
"12617",0.101666666666667
"12618",0.101666666666667
"12619",0.103333333333333
"12620",0.101666666666667
"12621",0.101666666666667
"12622",0.101666666666667
"12623",0.103333333333333
"12624",0.103333333333333
"12625",0.101666666666667
"12626",0.103333333333333
"12627",0.101666666666667
"12628",0.103333333333333
"12629",0.103333333333333
"12630",0.103333333333333
"12631",0.103333333333333
"12632",0.101666666666667
"12633",0.103333333333333
"12634",0.103333333333333
"12635",0.103333333333333
"12636",0.103333333333333
"12637",0.101666666666667
"12638",0.103333333333333
"12639",0.103333333333333
"12640",0.103333333333333
"12641",0.103333333333333
"12642",0.103333333333333
"12643",0.101666666666667
"12644",0.105
"12645",0.103333333333333
"12646",0.103333333333333
"12647",0.101666666666667
"12648",0.103333333333333
"12649",0.101666666666667
"12650",0.101666666666667
"12651",0.103333333333333
"12652",0.103333333333333
"12653",0.103333333333333
"12654",0.103333333333333
"12655",0.103333333333333
"12656",0.101666666666667
"12657",0.103333333333333
"12658",0.106666666666667
"12659",0.108333333333333
"12660",0.108333333333333
"12661",0.103333333333333
"12662",0.103333333333333
"12663",0.105
"12664",0.103333333333333
"12665",0.103333333333333
"12666",0.103333333333333
"12667",0.105
"12668",0.105
"12669",0.103333333333333
"12670",0.105
"12671",0.103333333333333
"12672",0.105
"12673",0.105
"12674",0.105
"12675",0.105
"12676",0.103333333333333
"12677",0.105
"12678",0.105
"12679",0.105
"12680",0.105
"12681",0.103333333333333
"12682",0.105
"12683",0.105
"12684",0.105
"12685",0.105
"12686",0.105
"12687",0.103333333333333
"12688",0.106666666666667
"12689",0.105
"12690",0.105
"12691",0.103333333333333
"12692",0.105
"12693",0.103333333333333
"12694",0.103333333333333
"12695",0.105
"12696",0.105
"12697",0.105
"12698",0.105
"12699",0.105
"12700",0.103333333333333
"12701",0.105
"12702",0.108333333333333
"12703",0.11
"12704",0.11
"12705",0.101666666666667
"12706",0.101666666666667
"12707",0.103333333333333
"12708",0.101666666666667
"12709",0.101666666666667
"12710",0.101666666666667
"12711",0.103333333333333
"12712",0.103333333333333
"12713",0.101666666666667
"12714",0.103333333333333
"12715",0.101666666666667
"12716",0.103333333333333
"12717",0.103333333333333
"12718",0.103333333333333
"12719",0.103333333333333
"12720",0.101666666666667
"12721",0.103333333333333
"12722",0.103333333333333
"12723",0.103333333333333
"12724",0.103333333333333
"12725",0.101666666666667
"12726",0.103333333333333
"12727",0.103333333333333
"12728",0.103333333333333
"12729",0.103333333333333
"12730",0.103333333333333
"12731",0.101666666666667
"12732",0.105
"12733",0.103333333333333
"12734",0.103333333333333
"12735",0.101666666666667
"12736",0.103333333333333
"12737",0.101666666666667
"12738",0.101666666666667
"12739",0.103333333333333
"12740",0.103333333333333
"12741",0.103333333333333
"12742",0.103333333333333
"12743",0.103333333333333
"12744",0.101666666666667
"12745",0.103333333333333
"12746",0.106666666666667
"12747",0.108333333333333
"12748",0.108333333333333
"12749",0.101666666666667
"12750",0.101666666666667
"12751",0.103333333333333
"12752",0.101666666666667
"12753",0.101666666666667
"12754",0.101666666666667
"12755",0.103333333333333
"12756",0.103333333333333
"12757",0.101666666666667
"12758",0.103333333333333
"12759",0.101666666666667
"12760",0.103333333333333
"12761",0.103333333333333
"12762",0.103333333333333
"12763",0.103333333333333
"12764",0.101666666666667
"12765",0.103333333333333
"12766",0.103333333333333
"12767",0.103333333333333
"12768",0.103333333333333
"12769",0.101666666666667
"12770",0.103333333333333
"12771",0.103333333333333
"12772",0.103333333333333
"12773",0.103333333333333
"12774",0.103333333333333
"12775",0.101666666666667
"12776",0.105
"12777",0.103333333333333
"12778",0.103333333333333
"12779",0.101666666666667
"12780",0.103333333333333
"12781",0.101666666666667
"12782",0.101666666666667
"12783",0.103333333333333
"12784",0.103333333333333
"12785",0.103333333333333
"12786",0.103333333333333
"12787",0.103333333333333
"12788",0.101666666666667
"12789",0.103333333333333
"12790",0.106666666666667
"12791",0.108333333333333
"12792",0.108333333333333
"12793",0.101666666666667
"12794",0.101666666666667
"12795",0.103333333333333
"12796",0.101666666666667
"12797",0.101666666666667
"12798",0.101666666666667
"12799",0.103333333333333
"12800",0.103333333333333
"12801",0.101666666666667
"12802",0.103333333333333
"12803",0.101666666666667
"12804",0.103333333333333
"12805",0.103333333333333
"12806",0.103333333333333
"12807",0.103333333333333
"12808",0.101666666666667
"12809",0.103333333333333
"12810",0.103333333333333
"12811",0.103333333333333
"12812",0.103333333333333
"12813",0.101666666666667
"12814",0.103333333333333
"12815",0.103333333333333
"12816",0.103333333333333
"12817",0.103333333333333
"12818",0.103333333333333
"12819",0.101666666666667
"12820",0.105
"12821",0.103333333333333
"12822",0.103333333333333
"12823",0.101666666666667
"12824",0.103333333333333
"12825",0.101666666666667
"12826",0.101666666666667
"12827",0.103333333333333
"12828",0.103333333333333
"12829",0.103333333333333
"12830",0.103333333333333
"12831",0.103333333333333
"12832",0.101666666666667
"12833",0.103333333333333
"12834",0.106666666666667
"12835",0.108333333333333
"12836",0.108333333333333
"12837",0.103333333333333
"12838",0.103333333333333
"12839",0.105
"12840",0.103333333333333
"12841",0.103333333333333
"12842",0.103333333333333
"12843",0.105
"12844",0.105
"12845",0.103333333333333
"12846",0.105
"12847",0.103333333333333
"12848",0.105
"12849",0.105
"12850",0.105
"12851",0.105
"12852",0.103333333333333
"12853",0.105
"12854",0.105
"12855",0.105
"12856",0.105
"12857",0.103333333333333
"12858",0.105
"12859",0.105
"12860",0.105
"12861",0.105
"12862",0.105
"12863",0.103333333333333
"12864",0.106666666666667
"12865",0.105
"12866",0.105
"12867",0.103333333333333
"12868",0.105
"12869",0.103333333333333
"12870",0.103333333333333
"12871",0.105
"12872",0.105
"12873",0.105
"12874",0.105
"12875",0.105
"12876",0.103333333333333
"12877",0.105
"12878",0.108333333333333
"12879",0.11
"12880",0.11
"12881",0.105
"12882",0.105
"12883",0.106666666666667
"12884",0.105
"12885",0.105
"12886",0.105
"12887",0.106666666666667
"12888",0.106666666666667
"12889",0.105
"12890",0.106666666666667
"12891",0.105
"12892",0.106666666666667
"12893",0.106666666666667
"12894",0.106666666666667
"12895",0.106666666666667
"12896",0.105
"12897",0.106666666666667
"12898",0.106666666666667
"12899",0.106666666666667
"12900",0.106666666666667
"12901",0.105
"12902",0.106666666666667
"12903",0.106666666666667
"12904",0.106666666666667
"12905",0.106666666666667
"12906",0.106666666666667
"12907",0.105
"12908",0.108333333333333
"12909",0.106666666666667
"12910",0.106666666666667
"12911",0.105
"12912",0.106666666666667
"12913",0.105
"12914",0.105
"12915",0.106666666666667
"12916",0.106666666666667
"12917",0.106666666666667
"12918",0.106666666666667
"12919",0.106666666666667
"12920",0.105
"12921",0.106666666666667
"12922",0.11
"12923",0.111666666666667
"12924",0.111666666666667
"12925",0.1
"12926",0.1
"12927",0.101666666666667
"12928",0.1
"12929",0.1
"12930",0.1
"12931",0.101666666666667
"12932",0.101666666666667
"12933",0.1
"12934",0.101666666666667
"12935",0.1
"12936",0.101666666666667
"12937",0.101666666666667
"12938",0.101666666666667
"12939",0.101666666666667
"12940",0.1
"12941",0.101666666666667
"12942",0.101666666666667
"12943",0.101666666666667
"12944",0.101666666666667
"12945",0.1
"12946",0.101666666666667
"12947",0.101666666666667
"12948",0.101666666666667
"12949",0.101666666666667
"12950",0.101666666666667
"12951",0.1
"12952",0.103333333333333
"12953",0.101666666666667
"12954",0.101666666666667
"12955",0.1
"12956",0.101666666666667
"12957",0.1
"12958",0.1
"12959",0.101666666666667
"12960",0.101666666666667
"12961",0.101666666666667
"12962",0.101666666666667
"12963",0.101666666666667
"12964",0.1
"12965",0.101666666666667
"12966",0.105
"12967",0.106666666666667
"12968",0.106666666666667
"12969",0.101666666666667
"12970",0.101666666666667
"12971",0.103333333333333
"12972",0.101666666666667
"12973",0.101666666666667
"12974",0.101666666666667
"12975",0.103333333333333
"12976",0.103333333333333
"12977",0.101666666666667
"12978",0.103333333333333
"12979",0.101666666666667
"12980",0.103333333333333
"12981",0.103333333333333
"12982",0.103333333333333
"12983",0.103333333333333
"12984",0.101666666666667
"12985",0.103333333333333
"12986",0.103333333333333
"12987",0.103333333333333
"12988",0.103333333333333
"12989",0.101666666666667
"12990",0.103333333333333
"12991",0.103333333333333
"12992",0.103333333333333
"12993",0.103333333333333
"12994",0.103333333333333
"12995",0.101666666666667
"12996",0.105
"12997",0.103333333333333
"12998",0.103333333333333
"12999",0.101666666666667
"13000",0.103333333333333
"13001",0.101666666666667
"13002",0.101666666666667
"13003",0.103333333333333
"13004",0.103333333333333
"13005",0.103333333333333
"13006",0.103333333333333
"13007",0.103333333333333
"13008",0.101666666666667
"13009",0.103333333333333
"13010",0.106666666666667
"13011",0.108333333333333
"13012",0.108333333333333
"13013",0.101666666666667
"13014",0.101666666666667
"13015",0.103333333333333
"13016",0.101666666666667
"13017",0.101666666666667
"13018",0.101666666666667
"13019",0.103333333333333
"13020",0.103333333333333
"13021",0.101666666666667
"13022",0.103333333333333
"13023",0.101666666666667
"13024",0.103333333333333
"13025",0.103333333333333
"13026",0.103333333333333
"13027",0.103333333333333
"13028",0.101666666666667
"13029",0.103333333333333
"13030",0.103333333333333
"13031",0.103333333333333
"13032",0.103333333333333
"13033",0.101666666666667
"13034",0.103333333333333
"13035",0.103333333333333
"13036",0.103333333333333
"13037",0.103333333333333
"13038",0.103333333333333
"13039",0.101666666666667
"13040",0.105
"13041",0.103333333333333
"13042",0.103333333333333
"13043",0.101666666666667
"13044",0.103333333333333
"13045",0.101666666666667
"13046",0.101666666666667
"13047",0.103333333333333
"13048",0.103333333333333
"13049",0.103333333333333
"13050",0.103333333333333
"13051",0.103333333333333
"13052",0.101666666666667
"13053",0.103333333333333
"13054",0.106666666666667
"13055",0.108333333333333
"13056",0.108333333333333
"13057",0.105
"13058",0.105
"13059",0.106666666666667
"13060",0.105
"13061",0.105
"13062",0.105
"13063",0.106666666666667
"13064",0.106666666666667
"13065",0.105
"13066",0.106666666666667
"13067",0.105
"13068",0.106666666666667
"13069",0.106666666666667
"13070",0.106666666666667
"13071",0.106666666666667
"13072",0.105
"13073",0.106666666666667
"13074",0.106666666666667
"13075",0.106666666666667
"13076",0.106666666666667
"13077",0.105
"13078",0.106666666666667
"13079",0.106666666666667
"13080",0.106666666666667
"13081",0.106666666666667
"13082",0.106666666666667
"13083",0.105
"13084",0.108333333333333
"13085",0.106666666666667
"13086",0.106666666666667
"13087",0.105
"13088",0.106666666666667
"13089",0.105
"13090",0.105
"13091",0.106666666666667
"13092",0.106666666666667
"13093",0.106666666666667
"13094",0.106666666666667
"13095",0.106666666666667
"13096",0.105
"13097",0.106666666666667
"13098",0.11
"13099",0.111666666666667
"13100",0.111666666666667
"13101",0.101666666666667
"13102",0.101666666666667
"13103",0.103333333333333
"13104",0.101666666666667
"13105",0.101666666666667
"13106",0.101666666666667
"13107",0.103333333333333
"13108",0.103333333333333
"13109",0.101666666666667
"13110",0.103333333333333
"13111",0.101666666666667
"13112",0.103333333333333
"13113",0.103333333333333
"13114",0.103333333333333
"13115",0.103333333333333
"13116",0.101666666666667
"13117",0.103333333333333
"13118",0.103333333333333
"13119",0.103333333333333
"13120",0.103333333333333
"13121",0.101666666666667
"13122",0.103333333333333
"13123",0.103333333333333
"13124",0.103333333333333
"13125",0.103333333333333
"13126",0.103333333333333
"13127",0.101666666666667
"13128",0.105
"13129",0.103333333333333
"13130",0.103333333333333
"13131",0.101666666666667
"13132",0.103333333333333
"13133",0.101666666666667
"13134",0.101666666666667
"13135",0.103333333333333
"13136",0.103333333333333
"13137",0.103333333333333
"13138",0.103333333333333
"13139",0.103333333333333
"13140",0.101666666666667
"13141",0.103333333333333
"13142",0.106666666666667
"13143",0.108333333333333
"13144",0.108333333333333
"13145",0.101666666666667
"13146",0.101666666666667
"13147",0.103333333333333
"13148",0.101666666666667
"13149",0.101666666666667
"13150",0.101666666666667
"13151",0.103333333333333
"13152",0.103333333333333
"13153",0.101666666666667
"13154",0.103333333333333
"13155",0.101666666666667
"13156",0.103333333333333
"13157",0.103333333333333
"13158",0.103333333333333
"13159",0.103333333333333
"13160",0.101666666666667
"13161",0.103333333333333
"13162",0.103333333333333
"13163",0.103333333333333
"13164",0.103333333333333
"13165",0.101666666666667
"13166",0.103333333333333
"13167",0.103333333333333
"13168",0.103333333333333
"13169",0.103333333333333
"13170",0.103333333333333
"13171",0.101666666666667
"13172",0.105
"13173",0.103333333333333
"13174",0.103333333333333
"13175",0.101666666666667
"13176",0.103333333333333
"13177",0.101666666666667
"13178",0.101666666666667
"13179",0.103333333333333
"13180",0.103333333333333
"13181",0.103333333333333
"13182",0.103333333333333
"13183",0.103333333333333
"13184",0.101666666666667
"13185",0.103333333333333
"13186",0.106666666666667
"13187",0.108333333333333
"13188",0.108333333333333
"13189",0.101666666666667
"13190",0.101666666666667
"13191",0.103333333333333
"13192",0.101666666666667
"13193",0.101666666666667
"13194",0.101666666666667
"13195",0.103333333333333
"13196",0.103333333333333
"13197",0.101666666666667
"13198",0.103333333333333
"13199",0.101666666666667
"13200",0.103333333333333
"13201",0.103333333333333
"13202",0.103333333333333
"13203",0.103333333333333
"13204",0.101666666666667
"13205",0.103333333333333
"13206",0.103333333333333
"13207",0.103333333333333
"13208",0.103333333333333
"13209",0.101666666666667
"13210",0.103333333333333
"13211",0.103333333333333
"13212",0.103333333333333
"13213",0.103333333333333
"13214",0.103333333333333
"13215",0.101666666666667
"13216",0.105
"13217",0.103333333333333
"13218",0.103333333333333
"13219",0.101666666666667
"13220",0.103333333333333
"13221",0.101666666666667
"13222",0.101666666666667
"13223",0.103333333333333
"13224",0.103333333333333
"13225",0.103333333333333
"13226",0.103333333333333
"13227",0.103333333333333
"13228",0.101666666666667
"13229",0.103333333333333
"13230",0.106666666666667
"13231",0.108333333333333
"13232",0.108333333333333
"13233",0.101666666666667
"13234",0.101666666666667
"13235",0.103333333333333
"13236",0.101666666666667
"13237",0.101666666666667
"13238",0.101666666666667
"13239",0.103333333333333
"13240",0.103333333333333
"13241",0.101666666666667
"13242",0.103333333333333
"13243",0.101666666666667
"13244",0.103333333333333
"13245",0.103333333333333
"13246",0.103333333333333
"13247",0.103333333333333
"13248",0.101666666666667
"13249",0.103333333333333
"13250",0.103333333333333
"13251",0.103333333333333
"13252",0.103333333333333
"13253",0.101666666666667
"13254",0.103333333333333
"13255",0.103333333333333
"13256",0.103333333333333
"13257",0.103333333333333
"13258",0.103333333333333
"13259",0.101666666666667
"13260",0.105
"13261",0.103333333333333
"13262",0.103333333333333
"13263",0.101666666666667
"13264",0.103333333333333
"13265",0.101666666666667
"13266",0.101666666666667
"13267",0.103333333333333
"13268",0.103333333333333
"13269",0.103333333333333
"13270",0.103333333333333
"13271",0.103333333333333
"13272",0.101666666666667
"13273",0.103333333333333
"13274",0.106666666666667
"13275",0.108333333333333
"13276",0.108333333333333
"13277",0.1
"13278",0.1
"13279",0.101666666666667
"13280",0.1
"13281",0.1
"13282",0.1
"13283",0.101666666666667
"13284",0.101666666666667
"13285",0.1
"13286",0.101666666666667
"13287",0.1
"13288",0.101666666666667
"13289",0.101666666666667
"13290",0.101666666666667
"13291",0.101666666666667
"13292",0.1
"13293",0.101666666666667
"13294",0.101666666666667
"13295",0.101666666666667
"13296",0.101666666666667
"13297",0.1
"13298",0.101666666666667
"13299",0.101666666666667
"13300",0.101666666666667
"13301",0.101666666666667
"13302",0.101666666666667
"13303",0.1
"13304",0.103333333333333
"13305",0.101666666666667
"13306",0.101666666666667
"13307",0.1
"13308",0.101666666666667
"13309",0.1
"13310",0.1
"13311",0.101666666666667
"13312",0.101666666666667
"13313",0.101666666666667
"13314",0.101666666666667
"13315",0.101666666666667
"13316",0.1
"13317",0.101666666666667
"13318",0.105
"13319",0.106666666666667
"13320",0.106666666666667
"13321",0.101666666666667
"13322",0.101666666666667
"13323",0.103333333333333
"13324",0.101666666666667
"13325",0.101666666666667
"13326",0.101666666666667
"13327",0.103333333333333
"13328",0.103333333333333
"13329",0.101666666666667
"13330",0.103333333333333
"13331",0.101666666666667
"13332",0.103333333333333
"13333",0.103333333333333
"13334",0.103333333333333
"13335",0.103333333333333
"13336",0.101666666666667
"13337",0.103333333333333
"13338",0.103333333333333
"13339",0.103333333333333
"13340",0.103333333333333
"13341",0.101666666666667
"13342",0.103333333333333
"13343",0.103333333333333
"13344",0.103333333333333
"13345",0.103333333333333
"13346",0.103333333333333
"13347",0.101666666666667
"13348",0.105
"13349",0.103333333333333
"13350",0.103333333333333
"13351",0.101666666666667
"13352",0.103333333333333
"13353",0.101666666666667
"13354",0.101666666666667
"13355",0.103333333333333
"13356",0.103333333333333
"13357",0.103333333333333
"13358",0.103333333333333
"13359",0.103333333333333
"13360",0.101666666666667
"13361",0.103333333333333
"13362",0.106666666666667
"13363",0.108333333333333
"13364",0.108333333333333
"13365",0.101666666666667
"13366",0.101666666666667
"13367",0.103333333333333
"13368",0.101666666666667
"13369",0.101666666666667
"13370",0.101666666666667
"13371",0.103333333333333
"13372",0.103333333333333
"13373",0.101666666666667
"13374",0.103333333333333
"13375",0.101666666666667
"13376",0.103333333333333
"13377",0.103333333333333
"13378",0.103333333333333
"13379",0.103333333333333
"13380",0.101666666666667
"13381",0.103333333333333
"13382",0.103333333333333
"13383",0.103333333333333
"13384",0.103333333333333
"13385",0.101666666666667
"13386",0.103333333333333
"13387",0.103333333333333
"13388",0.103333333333333
"13389",0.103333333333333
"13390",0.103333333333333
"13391",0.101666666666667
"13392",0.105
"13393",0.103333333333333
"13394",0.103333333333333
"13395",0.101666666666667
"13396",0.103333333333333
"13397",0.101666666666667
"13398",0.101666666666667
"13399",0.103333333333333
"13400",0.103333333333333
"13401",0.103333333333333
"13402",0.103333333333333
"13403",0.103333333333333
"13404",0.101666666666667
"13405",0.103333333333333
"13406",0.106666666666667
"13407",0.108333333333333
"13408",0.108333333333333
"13409",0.103333333333333
"13410",0.103333333333333
"13411",0.105
"13412",0.103333333333333
"13413",0.103333333333333
"13414",0.103333333333333
"13415",0.105
"13416",0.105
"13417",0.103333333333333
"13418",0.105
"13419",0.103333333333333
"13420",0.105
"13421",0.105
"13422",0.105
"13423",0.105
"13424",0.103333333333333
"13425",0.105
"13426",0.105
"13427",0.105
"13428",0.105
"13429",0.103333333333333
"13430",0.105
"13431",0.105
"13432",0.105
"13433",0.105
"13434",0.105
"13435",0.103333333333333
"13436",0.106666666666667
"13437",0.105
"13438",0.105
"13439",0.103333333333333
"13440",0.105
"13441",0.103333333333333
"13442",0.103333333333333
"13443",0.105
"13444",0.105
"13445",0.105
"13446",0.105
"13447",0.105
"13448",0.103333333333333
"13449",0.105
"13450",0.108333333333333
"13451",0.11
"13452",0.11
"13453",0.101666666666667
"13454",0.101666666666667
"13455",0.103333333333333
"13456",0.101666666666667
"13457",0.101666666666667
"13458",0.101666666666667
"13459",0.103333333333333
"13460",0.103333333333333
"13461",0.101666666666667
"13462",0.103333333333333
"13463",0.101666666666667
"13464",0.103333333333333
"13465",0.103333333333333
"13466",0.103333333333333
"13467",0.103333333333333
"13468",0.101666666666667
"13469",0.103333333333333
"13470",0.103333333333333
"13471",0.103333333333333
"13472",0.103333333333333
"13473",0.101666666666667
"13474",0.103333333333333
"13475",0.103333333333333
"13476",0.103333333333333
"13477",0.103333333333333
"13478",0.103333333333333
"13479",0.101666666666667
"13480",0.105
"13481",0.103333333333333
"13482",0.103333333333333
"13483",0.101666666666667
"13484",0.103333333333333
"13485",0.101666666666667
"13486",0.101666666666667
"13487",0.103333333333333
"13488",0.103333333333333
"13489",0.103333333333333
"13490",0.103333333333333
"13491",0.103333333333333
"13492",0.101666666666667
"13493",0.103333333333333
"13494",0.106666666666667
"13495",0.108333333333333
"13496",0.108333333333333
"13497",0.101666666666667
"13498",0.101666666666667
"13499",0.103333333333333
"13500",0.101666666666667
"13501",0.101666666666667
"13502",0.101666666666667
"13503",0.103333333333333
"13504",0.103333333333333
"13505",0.101666666666667
"13506",0.103333333333333
"13507",0.101666666666667
"13508",0.103333333333333
"13509",0.103333333333333
"13510",0.103333333333333
"13511",0.103333333333333
"13512",0.101666666666667
"13513",0.103333333333333
"13514",0.103333333333333
"13515",0.103333333333333
"13516",0.103333333333333
"13517",0.101666666666667
"13518",0.103333333333333
"13519",0.103333333333333
"13520",0.103333333333333
"13521",0.103333333333333
"13522",0.103333333333333
"13523",0.101666666666667
"13524",0.105
"13525",0.103333333333333
"13526",0.103333333333333
"13527",0.101666666666667
"13528",0.103333333333333
"13529",0.101666666666667
"13530",0.101666666666667
"13531",0.103333333333333
"13532",0.103333333333333
"13533",0.103333333333333
"13534",0.103333333333333
"13535",0.103333333333333
"13536",0.101666666666667
"13537",0.103333333333333
"13538",0.106666666666667
"13539",0.108333333333333
"13540",0.108333333333333
"13541",0.103333333333333
"13542",0.103333333333333
"13543",0.105
"13544",0.103333333333333
"13545",0.103333333333333
"13546",0.103333333333333
"13547",0.105
"13548",0.105
"13549",0.103333333333333
"13550",0.105
"13551",0.103333333333333
"13552",0.105
"13553",0.105
"13554",0.105
"13555",0.105
"13556",0.103333333333333
"13557",0.105
"13558",0.105
"13559",0.105
"13560",0.105
"13561",0.103333333333333
"13562",0.105
"13563",0.105
"13564",0.105
"13565",0.105
"13566",0.105
"13567",0.103333333333333
"13568",0.106666666666667
"13569",0.105
"13570",0.105
"13571",0.103333333333333
"13572",0.105
"13573",0.103333333333333
"13574",0.103333333333333
"13575",0.105
"13576",0.105
"13577",0.105
"13578",0.105
"13579",0.105
"13580",0.103333333333333
"13581",0.105
"13582",0.108333333333333
"13583",0.11
"13584",0.11
"13585",0.103333333333333
"13586",0.103333333333333
"13587",0.105
"13588",0.103333333333333
"13589",0.103333333333333
"13590",0.103333333333333
"13591",0.105
"13592",0.105
"13593",0.103333333333333
"13594",0.105
"13595",0.103333333333333
"13596",0.105
"13597",0.105
"13598",0.105
"13599",0.105
"13600",0.103333333333333
"13601",0.105
"13602",0.105
"13603",0.105
"13604",0.105
"13605",0.103333333333333
"13606",0.105
"13607",0.105
"13608",0.105
"13609",0.105
"13610",0.105
"13611",0.103333333333333
"13612",0.106666666666667
"13613",0.105
"13614",0.105
"13615",0.103333333333333
"13616",0.105
"13617",0.103333333333333
"13618",0.103333333333333
"13619",0.105
"13620",0.105
"13621",0.105
"13622",0.105
"13623",0.105
"13624",0.103333333333333
"13625",0.105
"13626",0.108333333333333
"13627",0.11
"13628",0.11
"13629",0.101666666666667
"13630",0.101666666666667
"13631",0.103333333333333
"13632",0.101666666666667
"13633",0.101666666666667
"13634",0.101666666666667
"13635",0.103333333333333
"13636",0.103333333333333
"13637",0.101666666666667
"13638",0.103333333333333
"13639",0.101666666666667
"13640",0.103333333333333
"13641",0.103333333333333
"13642",0.103333333333333
"13643",0.103333333333333
"13644",0.101666666666667
"13645",0.103333333333333
"13646",0.103333333333333
"13647",0.103333333333333
"13648",0.103333333333333
"13649",0.101666666666667
"13650",0.103333333333333
"13651",0.103333333333333
"13652",0.103333333333333
"13653",0.103333333333333
"13654",0.103333333333333
"13655",0.101666666666667
"13656",0.105
"13657",0.103333333333333
"13658",0.103333333333333
"13659",0.101666666666667
"13660",0.103333333333333
"13661",0.101666666666667
"13662",0.101666666666667
"13663",0.103333333333333
"13664",0.103333333333333
"13665",0.103333333333333
"13666",0.103333333333333
"13667",0.103333333333333
"13668",0.101666666666667
"13669",0.103333333333333
"13670",0.106666666666667
"13671",0.108333333333333
"13672",0.108333333333333
"13673",0.101666666666667
"13674",0.101666666666667
"13675",0.103333333333333
"13676",0.101666666666667
"13677",0.101666666666667
"13678",0.101666666666667
"13679",0.103333333333333
"13680",0.103333333333333
"13681",0.101666666666667
"13682",0.103333333333333
"13683",0.101666666666667
"13684",0.103333333333333
"13685",0.103333333333333
"13686",0.103333333333333
"13687",0.103333333333333
"13688",0.101666666666667
"13689",0.103333333333333
"13690",0.103333333333333
"13691",0.103333333333333
"13692",0.103333333333333
"13693",0.101666666666667
"13694",0.103333333333333
"13695",0.103333333333333
"13696",0.103333333333333
"13697",0.103333333333333
"13698",0.103333333333333
"13699",0.101666666666667
"13700",0.105
"13701",0.103333333333333
"13702",0.103333333333333
"13703",0.101666666666667
"13704",0.103333333333333
"13705",0.101666666666667
"13706",0.101666666666667
"13707",0.103333333333333
"13708",0.103333333333333
"13709",0.103333333333333
"13710",0.103333333333333
"13711",0.103333333333333
"13712",0.101666666666667
"13713",0.103333333333333
"13714",0.106666666666667
"13715",0.108333333333333
"13716",0.108333333333333
"13717",0.101666666666667
"13718",0.101666666666667
"13719",0.103333333333333
"13720",0.101666666666667
"13721",0.101666666666667
"13722",0.101666666666667
"13723",0.103333333333333
"13724",0.103333333333333
"13725",0.101666666666667
"13726",0.103333333333333
"13727",0.101666666666667
"13728",0.103333333333333
"13729",0.103333333333333
"13730",0.103333333333333
"13731",0.103333333333333
"13732",0.101666666666667
"13733",0.103333333333333
"13734",0.103333333333333
"13735",0.103333333333333
"13736",0.103333333333333
"13737",0.101666666666667
"13738",0.103333333333333
"13739",0.103333333333333
"13740",0.103333333333333
"13741",0.103333333333333
"13742",0.103333333333333
"13743",0.101666666666667
"13744",0.105
"13745",0.103333333333333
"13746",0.103333333333333
"13747",0.101666666666667
"13748",0.103333333333333
"13749",0.101666666666667
"13750",0.101666666666667
"13751",0.103333333333333
"13752",0.103333333333333
"13753",0.103333333333333
"13754",0.103333333333333
"13755",0.103333333333333
"13756",0.101666666666667
"13757",0.103333333333333
"13758",0.106666666666667
"13759",0.108333333333333
"13760",0.108333333333333
"13761",0.101666666666667
"13762",0.101666666666667
"13763",0.103333333333333
"13764",0.101666666666667
"13765",0.101666666666667
"13766",0.101666666666667
"13767",0.103333333333333
"13768",0.103333333333333
"13769",0.101666666666667
"13770",0.103333333333333
"13771",0.101666666666667
"13772",0.103333333333333
"13773",0.103333333333333
"13774",0.103333333333333
"13775",0.103333333333333
"13776",0.101666666666667
"13777",0.103333333333333
"13778",0.103333333333333
"13779",0.103333333333333
"13780",0.103333333333333
"13781",0.101666666666667
"13782",0.103333333333333
"13783",0.103333333333333
"13784",0.103333333333333
"13785",0.103333333333333
"13786",0.103333333333333
"13787",0.101666666666667
"13788",0.105
"13789",0.103333333333333
"13790",0.103333333333333
"13791",0.101666666666667
"13792",0.103333333333333
"13793",0.101666666666667
"13794",0.101666666666667
"13795",0.103333333333333
"13796",0.103333333333333
"13797",0.103333333333333
"13798",0.103333333333333
"13799",0.103333333333333
"13800",0.101666666666667
"13801",0.103333333333333
"13802",0.106666666666667
"13803",0.108333333333333
"13804",0.108333333333333
"13805",0.103333333333333
"13806",0.103333333333333
"13807",0.105
"13808",0.103333333333333
"13809",0.103333333333333
"13810",0.103333333333333
"13811",0.105
"13812",0.105
"13813",0.103333333333333
"13814",0.105
"13815",0.103333333333333
"13816",0.105
"13817",0.105
"13818",0.105
"13819",0.105
"13820",0.103333333333333
"13821",0.105
"13822",0.105
"13823",0.105
"13824",0.105
"13825",0.103333333333333
"13826",0.105
"13827",0.105
"13828",0.105
"13829",0.105
"13830",0.105
"13831",0.103333333333333
"13832",0.106666666666667
"13833",0.105
"13834",0.105
"13835",0.103333333333333
"13836",0.105
"13837",0.103333333333333
"13838",0.103333333333333
"13839",0.105
"13840",0.105
"13841",0.105
"13842",0.105
"13843",0.105
"13844",0.103333333333333
"13845",0.105
"13846",0.108333333333333
"13847",0.11
"13848",0.11
"13849",0.101666666666667
"13850",0.101666666666667
"13851",0.103333333333333
"13852",0.101666666666667
"13853",0.101666666666667
"13854",0.101666666666667
"13855",0.103333333333333
"13856",0.103333333333333
"13857",0.101666666666667
"13858",0.103333333333333
"13859",0.101666666666667
"13860",0.103333333333333
"13861",0.103333333333333
"13862",0.103333333333333
"13863",0.103333333333333
"13864",0.101666666666667
"13865",0.103333333333333
"13866",0.103333333333333
"13867",0.103333333333333
"13868",0.103333333333333
"13869",0.101666666666667
"13870",0.103333333333333
"13871",0.103333333333333
"13872",0.103333333333333
"13873",0.103333333333333
"13874",0.103333333333333
"13875",0.101666666666667
"13876",0.105
"13877",0.103333333333333
"13878",0.103333333333333
"13879",0.101666666666667
"13880",0.103333333333333
"13881",0.101666666666667
"13882",0.101666666666667
"13883",0.103333333333333
"13884",0.103333333333333
"13885",0.103333333333333
"13886",0.103333333333333
"13887",0.103333333333333
"13888",0.101666666666667
"13889",0.103333333333333
"13890",0.106666666666667
"13891",0.108333333333333
"13892",0.108333333333333
"13893",0.101666666666667
"13894",0.101666666666667
"13895",0.103333333333333
"13896",0.101666666666667
"13897",0.101666666666667
"13898",0.101666666666667
"13899",0.103333333333333
"13900",0.103333333333333
"13901",0.101666666666667
"13902",0.103333333333333
"13903",0.101666666666667
"13904",0.103333333333333
"13905",0.103333333333333
"13906",0.103333333333333
"13907",0.103333333333333
"13908",0.101666666666667
"13909",0.103333333333333
"13910",0.103333333333333
"13911",0.103333333333333
"13912",0.103333333333333
"13913",0.101666666666667
"13914",0.103333333333333
"13915",0.103333333333333
"13916",0.103333333333333
"13917",0.103333333333333
"13918",0.103333333333333
"13919",0.101666666666667
"13920",0.105
"13921",0.103333333333333
"13922",0.103333333333333
"13923",0.101666666666667
"13924",0.103333333333333
"13925",0.101666666666667
"13926",0.101666666666667
"13927",0.103333333333333
"13928",0.103333333333333
"13929",0.103333333333333
"13930",0.103333333333333
"13931",0.103333333333333
"13932",0.101666666666667
"13933",0.103333333333333
"13934",0.106666666666667
"13935",0.108333333333333
"13936",0.108333333333333
"13937",0.101666666666667
"13938",0.101666666666667
"13939",0.103333333333333
"13940",0.101666666666667
"13941",0.101666666666667
"13942",0.101666666666667
"13943",0.103333333333333
"13944",0.103333333333333
"13945",0.101666666666667
"13946",0.103333333333333
"13947",0.101666666666667
"13948",0.103333333333333
"13949",0.103333333333333
"13950",0.103333333333333
"13951",0.103333333333333
"13952",0.101666666666667
"13953",0.103333333333333
"13954",0.103333333333333
"13955",0.103333333333333
"13956",0.103333333333333
"13957",0.101666666666667
"13958",0.103333333333333
"13959",0.103333333333333
"13960",0.103333333333333
"13961",0.103333333333333
"13962",0.103333333333333
"13963",0.101666666666667
"13964",0.105
"13965",0.103333333333333
"13966",0.103333333333333
"13967",0.101666666666667
"13968",0.103333333333333
"13969",0.101666666666667
"13970",0.101666666666667
"13971",0.103333333333333
"13972",0.103333333333333
"13973",0.103333333333333
"13974",0.103333333333333
"13975",0.103333333333333
"13976",0.101666666666667
"13977",0.103333333333333
"13978",0.106666666666667
"13979",0.108333333333333
"13980",0.108333333333333
"13981",0.103333333333333
"13982",0.103333333333333
"13983",0.105
"13984",0.103333333333333
"13985",0.103333333333333
"13986",0.103333333333333
"13987",0.105
"13988",0.105
"13989",0.103333333333333
"13990",0.105
"13991",0.103333333333333
"13992",0.105
"13993",0.105
"13994",0.105
"13995",0.105
"13996",0.103333333333333
"13997",0.105
"13998",0.105
"13999",0.105
"14000",0.105
"14001",0.103333333333333
"14002",0.105
"14003",0.105
"14004",0.105
"14005",0.105
"14006",0.105
"14007",0.103333333333333
"14008",0.106666666666667
"14009",0.105
"14010",0.105
"14011",0.103333333333333
"14012",0.105
"14013",0.103333333333333
"14014",0.103333333333333
"14015",0.105
"14016",0.105
"14017",0.105
"14018",0.105
"14019",0.105
"14020",0.103333333333333
"14021",0.105
"14022",0.108333333333333
"14023",0.11
"14024",0.11
"14025",0.105
"14026",0.105
"14027",0.106666666666667
"14028",0.105
"14029",0.105
"14030",0.105
"14031",0.106666666666667
"14032",0.106666666666667
"14033",0.105
"14034",0.106666666666667
"14035",0.105
"14036",0.106666666666667
"14037",0.106666666666667
"14038",0.106666666666667
"14039",0.106666666666667
"14040",0.105
"14041",0.106666666666667
"14042",0.106666666666667
"14043",0.106666666666667
"14044",0.106666666666667
"14045",0.105
"14046",0.106666666666667
"14047",0.106666666666667
"14048",0.106666666666667
"14049",0.106666666666667
"14050",0.106666666666667
"14051",0.105
"14052",0.108333333333333
"14053",0.106666666666667
"14054",0.106666666666667
"14055",0.105
"14056",0.106666666666667
"14057",0.105
"14058",0.105
"14059",0.106666666666667
"14060",0.106666666666667
"14061",0.106666666666667
"14062",0.106666666666667
"14063",0.106666666666667
"14064",0.105
"14065",0.106666666666667
"14066",0.11
"14067",0.111666666666667
"14068",0.111666666666667
"14069",0.101666666666667
"14070",0.101666666666667
"14071",0.103333333333333
"14072",0.101666666666667
"14073",0.101666666666667
"14074",0.101666666666667
"14075",0.103333333333333
"14076",0.103333333333333
"14077",0.101666666666667
"14078",0.103333333333333
"14079",0.101666666666667
"14080",0.103333333333333
"14081",0.103333333333333
"14082",0.103333333333333
"14083",0.103333333333333
"14084",0.101666666666667
"14085",0.103333333333333
"14086",0.103333333333333
"14087",0.103333333333333
"14088",0.103333333333333
"14089",0.101666666666667
"14090",0.103333333333333
"14091",0.103333333333333
"14092",0.103333333333333
"14093",0.103333333333333
"14094",0.103333333333333
"14095",0.101666666666667
"14096",0.105
"14097",0.103333333333333
"14098",0.103333333333333
"14099",0.101666666666667
"14100",0.103333333333333
"14101",0.101666666666667
"14102",0.101666666666667
"14103",0.103333333333333
"14104",0.103333333333333
"14105",0.103333333333333
"14106",0.103333333333333
"14107",0.103333333333333
"14108",0.101666666666667
"14109",0.103333333333333
"14110",0.106666666666667
"14111",0.108333333333333
"14112",0.108333333333333
"14113",0.101666666666667
"14114",0.101666666666667
"14115",0.103333333333333
"14116",0.101666666666667
"14117",0.101666666666667
"14118",0.101666666666667
"14119",0.103333333333333
"14120",0.103333333333333
"14121",0.101666666666667
"14122",0.103333333333333
"14123",0.101666666666667
"14124",0.103333333333333
"14125",0.103333333333333
"14126",0.103333333333333
"14127",0.103333333333333
"14128",0.101666666666667
"14129",0.103333333333333
"14130",0.103333333333333
"14131",0.103333333333333
"14132",0.103333333333333
"14133",0.101666666666667
"14134",0.103333333333333
"14135",0.103333333333333
"14136",0.103333333333333
"14137",0.103333333333333
"14138",0.103333333333333
"14139",0.101666666666667
"14140",0.105
"14141",0.103333333333333
"14142",0.103333333333333
"14143",0.101666666666667
"14144",0.103333333333333
"14145",0.101666666666667
"14146",0.101666666666667
"14147",0.103333333333333
"14148",0.103333333333333
"14149",0.103333333333333
"14150",0.103333333333333
"14151",0.103333333333333
"14152",0.101666666666667
"14153",0.103333333333333
"14154",0.106666666666667
"14155",0.108333333333333
"14156",0.108333333333333
"14157",0.101666666666667
"14158",0.101666666666667
"14159",0.103333333333333
"14160",0.101666666666667
"14161",0.101666666666667
"14162",0.101666666666667
"14163",0.103333333333333
"14164",0.103333333333333
"14165",0.101666666666667
"14166",0.103333333333333
"14167",0.101666666666667
"14168",0.103333333333333
"14169",0.103333333333333
"14170",0.103333333333333
"14171",0.103333333333333
"14172",0.101666666666667
"14173",0.103333333333333
"14174",0.103333333333333
"14175",0.103333333333333
"14176",0.103333333333333
"14177",0.101666666666667
"14178",0.103333333333333
"14179",0.103333333333333
"14180",0.103333333333333
"14181",0.103333333333333
"14182",0.103333333333333
"14183",0.101666666666667
"14184",0.105
"14185",0.103333333333333
"14186",0.103333333333333
"14187",0.101666666666667
"14188",0.103333333333333
"14189",0.101666666666667
"14190",0.101666666666667
"14191",0.103333333333333
"14192",0.103333333333333
"14193",0.103333333333333
"14194",0.103333333333333
"14195",0.103333333333333
"14196",0.101666666666667
"14197",0.103333333333333
"14198",0.106666666666667
"14199",0.108333333333333
"14200",0.108333333333333
"14201",0.103333333333333
"14202",0.103333333333333
"14203",0.105
"14204",0.103333333333333
"14205",0.103333333333333
"14206",0.103333333333333
"14207",0.105
"14208",0.105
"14209",0.103333333333333
"14210",0.105
"14211",0.103333333333333
"14212",0.105
"14213",0.105
"14214",0.105
"14215",0.105
"14216",0.103333333333333
"14217",0.105
"14218",0.105
"14219",0.105
"14220",0.105
"14221",0.103333333333333
"14222",0.105
"14223",0.105
"14224",0.105
"14225",0.105
"14226",0.105
"14227",0.103333333333333
"14228",0.106666666666667
"14229",0.105
"14230",0.105
"14231",0.103333333333333
"14232",0.105
"14233",0.103333333333333
"14234",0.103333333333333
"14235",0.105
"14236",0.105
"14237",0.105
"14238",0.105
"14239",0.105
"14240",0.103333333333333
"14241",0.105
"14242",0.108333333333333
"14243",0.106666666666667
"14244",0.106666666666667
"14245",0.101666666666667
"14246",0.101666666666667
"14247",0.103333333333333
"14248",0.101666666666667
"14249",0.101666666666667
"14250",0.101666666666667
"14251",0.103333333333333
"14252",0.103333333333333
"14253",0.101666666666667
"14254",0.103333333333333
"14255",0.101666666666667
"14256",0.103333333333333
"14257",0.103333333333333
"14258",0.103333333333333
"14259",0.103333333333333
"14260",0.101666666666667
"14261",0.103333333333333
"14262",0.103333333333333
"14263",0.103333333333333
"14264",0.103333333333333
"14265",0.101666666666667
"14266",0.103333333333333
"14267",0.103333333333333
"14268",0.103333333333333
"14269",0.103333333333333
"14270",0.103333333333333
"14271",0.101666666666667
"14272",0.105
"14273",0.103333333333333
"14274",0.103333333333333
"14275",0.101666666666667
"14276",0.103333333333333
"14277",0.101666666666667
"14278",0.101666666666667
"14279",0.103333333333333
"14280",0.103333333333333
"14281",0.103333333333333
"14282",0.103333333333333
"14283",0.103333333333333
"14284",0.101666666666667
"14285",0.103333333333333
"14286",0.106666666666667
"14287",0.108333333333333
"14288",0.108333333333333
"14289",0.101666666666667
"14290",0.101666666666667
"14291",0.103333333333333
"14292",0.101666666666667
"14293",0.101666666666667
"14294",0.101666666666667
"14295",0.103333333333333
"14296",0.103333333333333
"14297",0.101666666666667
"14298",0.103333333333333
"14299",0.101666666666667
"14300",0.103333333333333
"14301",0.103333333333333
"14302",0.103333333333333
"14303",0.103333333333333
"14304",0.101666666666667
"14305",0.103333333333333
"14306",0.103333333333333
"14307",0.103333333333333
"14308",0.103333333333333
"14309",0.101666666666667
"14310",0.103333333333333
"14311",0.103333333333333
"14312",0.103333333333333
"14313",0.103333333333333
"14314",0.103333333333333
"14315",0.101666666666667
"14316",0.105
"14317",0.103333333333333
"14318",0.103333333333333
"14319",0.101666666666667
"14320",0.103333333333333
"14321",0.101666666666667
"14322",0.101666666666667
"14323",0.103333333333333
"14324",0.103333333333333
"14325",0.103333333333333
"14326",0.103333333333333
"14327",0.103333333333333
"14328",0.101666666666667
"14329",0.103333333333333
"14330",0.106666666666667
"14331",0.108333333333333
"14332",0.108333333333333
"14333",0.101666666666667
"14334",0.101666666666667
"14335",0.103333333333333
"14336",0.101666666666667
"14337",0.101666666666667
"14338",0.101666666666667
"14339",0.103333333333333
"14340",0.103333333333333
"14341",0.101666666666667
"14342",0.103333333333333
"14343",0.101666666666667
"14344",0.103333333333333
"14345",0.103333333333333
"14346",0.103333333333333
"14347",0.103333333333333
"14348",0.101666666666667
"14349",0.103333333333333
"14350",0.103333333333333
"14351",0.103333333333333
"14352",0.103333333333333
"14353",0.101666666666667
"14354",0.103333333333333
"14355",0.103333333333333
"14356",0.103333333333333
"14357",0.103333333333333
"14358",0.103333333333333
"14359",0.101666666666667
"14360",0.105
"14361",0.103333333333333
"14362",0.103333333333333
"14363",0.101666666666667
"14364",0.103333333333333
"14365",0.101666666666667
"14366",0.101666666666667
"14367",0.103333333333333
"14368",0.103333333333333
"14369",0.103333333333333
"14370",0.103333333333333
"14371",0.103333333333333
"14372",0.101666666666667
"14373",0.103333333333333
"14374",0.106666666666667
"14375",0.108333333333333
"14376",0.108333333333333
"14377",0.101666666666667
"14378",0.101666666666667
"14379",0.103333333333333
"14380",0.101666666666667
"14381",0.101666666666667
"14382",0.101666666666667
"14383",0.103333333333333
"14384",0.103333333333333
"14385",0.101666666666667
"14386",0.103333333333333
"14387",0.101666666666667
"14388",0.103333333333333
"14389",0.103333333333333
"14390",0.103333333333333
"14391",0.103333333333333
"14392",0.101666666666667
"14393",0.103333333333333
"14394",0.103333333333333
"14395",0.103333333333333
"14396",0.103333333333333
"14397",0.101666666666667
"14398",0.103333333333333
"14399",0.103333333333333
"14400",0.103333333333333
"14401",0.103333333333333
"14402",0.103333333333333
"14403",0.101666666666667
"14404",0.105
"14405",0.103333333333333
"14406",0.103333333333333
"14407",0.101666666666667
"14408",0.103333333333333
"14409",0.101666666666667
"14410",0.101666666666667
"14411",0.103333333333333
"14412",0.103333333333333
"14413",0.103333333333333
"14414",0.103333333333333
"14415",0.103333333333333
"14416",0.101666666666667
"14417",0.103333333333333
"14418",0.106666666666667
"14419",0.108333333333333
"14420",0.108333333333333
"14421",0.1
"14422",0.1
"14423",0.101666666666667
"14424",0.1
"14425",0.1
"14426",0.1
"14427",0.101666666666667
"14428",0.101666666666667
"14429",0.1
"14430",0.101666666666667
"14431",0.1
"14432",0.101666666666667
"14433",0.101666666666667
"14434",0.101666666666667
"14435",0.101666666666667
"14436",0.1
"14437",0.101666666666667
"14438",0.101666666666667
"14439",0.101666666666667
"14440",0.101666666666667
"14441",0.1
"14442",0.101666666666667
"14443",0.101666666666667
"14444",0.101666666666667
"14445",0.101666666666667
"14446",0.101666666666667
"14447",0.1
"14448",0.103333333333333
"14449",0.101666666666667
"14450",0.101666666666667
"14451",0.1
"14452",0.101666666666667
"14453",0.1
"14454",0.1
"14455",0.101666666666667
"14456",0.101666666666667
"14457",0.101666666666667
"14458",0.101666666666667
"14459",0.101666666666667
"14460",0.1
"14461",0.101666666666667
"14462",0.105
"14463",0.106666666666667
"14464",0.106666666666667
"14465",0.103333333333333
"14466",0.103333333333333
"14467",0.105
"14468",0.103333333333333
"14469",0.103333333333333
"14470",0.103333333333333
"14471",0.105
"14472",0.105
"14473",0.103333333333333
"14474",0.105
"14475",0.103333333333333
"14476",0.105
"14477",0.105
"14478",0.105
"14479",0.105
"14480",0.103333333333333
"14481",0.105
"14482",0.105
"14483",0.105
"14484",0.105
"14485",0.103333333333333
"14486",0.105
"14487",0.105
"14488",0.105
"14489",0.105
"14490",0.105
"14491",0.103333333333333
"14492",0.106666666666667
"14493",0.105
"14494",0.105
"14495",0.103333333333333
"14496",0.105
"14497",0.103333333333333
"14498",0.103333333333333
"14499",0.105
"14500",0.105
"14501",0.105
"14502",0.105
"14503",0.105
"14504",0.103333333333333
"14505",0.105
"14506",0.108333333333333
"14507",0.11
"14508",0.11
"14509",0.103333333333333
"14510",0.103333333333333
"14511",0.105
"14512",0.103333333333333
"14513",0.103333333333333
"14514",0.103333333333333
"14515",0.105
"14516",0.105
"14517",0.103333333333333
"14518",0.105
"14519",0.103333333333333
"14520",0.105
"14521",0.105
"14522",0.105
"14523",0.105
"14524",0.103333333333333
"14525",0.105
"14526",0.105
"14527",0.105
"14528",0.105
"14529",0.103333333333333
"14530",0.105
"14531",0.105
"14532",0.105
"14533",0.105
"14534",0.105
"14535",0.103333333333333
"14536",0.106666666666667
"14537",0.105
"14538",0.105
"14539",0.103333333333333
"14540",0.105
"14541",0.103333333333333
"14542",0.103333333333333
"14543",0.105
"14544",0.105
"14545",0.105
"14546",0.105
"14547",0.105
"14548",0.103333333333333
"14549",0.105
"14550",0.108333333333333
"14551",0.11
"14552",0.11
"14553",0.1
"14554",0.1
"14555",0.101666666666667
"14556",0.1
"14557",0.1
"14558",0.1
"14559",0.101666666666667
"14560",0.101666666666667
"14561",0.1
"14562",0.101666666666667
"14563",0.1
"14564",0.101666666666667
"14565",0.101666666666667
"14566",0.101666666666667
"14567",0.101666666666667
"14568",0.1
"14569",0.101666666666667
"14570",0.101666666666667
"14571",0.101666666666667
"14572",0.101666666666667
"14573",0.1
"14574",0.101666666666667
"14575",0.101666666666667
"14576",0.101666666666667
"14577",0.101666666666667
"14578",0.101666666666667
"14579",0.1
"14580",0.103333333333333
"14581",0.101666666666667
"14582",0.101666666666667
"14583",0.1
"14584",0.101666666666667
"14585",0.1
"14586",0.1
"14587",0.101666666666667
"14588",0.101666666666667
"14589",0.101666666666667
"14590",0.101666666666667
"14591",0.101666666666667
"14592",0.1
"14593",0.101666666666667
"14594",0.105
"14595",0.106666666666667
"14596",0.106666666666667
"14597",0.103333333333333
"14598",0.103333333333333
"14599",0.105
"14600",0.103333333333333
"14601",0.103333333333333
"14602",0.103333333333333
"14603",0.105
"14604",0.105
"14605",0.103333333333333
"14606",0.105
"14607",0.103333333333333
"14608",0.105
"14609",0.105
"14610",0.105
"14611",0.105
"14612",0.103333333333333
"14613",0.105
"14614",0.105
"14615",0.105
"14616",0.105
"14617",0.103333333333333
"14618",0.105
"14619",0.105
"14620",0.105
"14621",0.105
"14622",0.105
"14623",0.103333333333333
"14624",0.106666666666667
"14625",0.105
"14626",0.105
"14627",0.103333333333333
"14628",0.105
"14629",0.103333333333333
"14630",0.103333333333333
"14631",0.105
"14632",0.105
"14633",0.105
"14634",0.105
"14635",0.105
"14636",0.103333333333333
"14637",0.105
"14638",0.108333333333333
"14639",0.11
"14640",0.11
"14641",0.095
"14642",0.095
"14643",0.0966666666666667
"14644",0.095
"14645",0.095
"14646",0.095
"14647",0.1
"14648",0.0966666666666667
"14649",0.095
"14650",0.0966666666666667
"14651",0.095
"14652",0.1
"14653",0.0966666666666667
"14654",0.0966666666666667
"14655",0.1
"14656",0.095
"14657",0.1
"14658",0.1
"14659",0.1
"14660",0.0966666666666667
"14661",0.095
"14662",0.0966666666666667
"14663",0.0966666666666667
"14664",0.0966666666666667
"14665",0.1
"14666",0.0966666666666667
"14667",0.095
"14668",0.0983333333333333
"14669",0.1
"14670",0.0966666666666667
"14671",0.095
"14672",0.0966666666666667
"14673",0.095
"14674",0.095
"14675",0.1
"14676",0.0966666666666667
"14677",0.0966666666666667
"14678",0.1
"14679",0.0966666666666667
"14680",0.095
"14681",0.1
"14682",0.0966666666666667
"14683",0.0933333333333333
"14684",0.0933333333333333
"14685",0.101666666666667
"14686",0.101666666666667
"14687",0.103333333333333
"14688",0.101666666666667
"14689",0.101666666666667
"14690",0.101666666666667
"14691",0.103333333333333
"14692",0.103333333333333
"14693",0.101666666666667
"14694",0.103333333333333
"14695",0.101666666666667
"14696",0.103333333333333
"14697",0.103333333333333
"14698",0.103333333333333
"14699",0.103333333333333
"14700",0.101666666666667
"14701",0.103333333333333
"14702",0.103333333333333
"14703",0.103333333333333
"14704",0.103333333333333
"14705",0.101666666666667
"14706",0.103333333333333
"14707",0.103333333333333
"14708",0.103333333333333
"14709",0.103333333333333
"14710",0.103333333333333
"14711",0.101666666666667
"14712",0.105
"14713",0.103333333333333
"14714",0.103333333333333
"14715",0.101666666666667
"14716",0.103333333333333
"14717",0.101666666666667
"14718",0.101666666666667
"14719",0.103333333333333
"14720",0.103333333333333
"14721",0.103333333333333
"14722",0.103333333333333
"14723",0.103333333333333
"14724",0.101666666666667
"14725",0.103333333333333
"14726",0.106666666666667
"14727",0.106666666666667
"14728",0.106666666666667
"14729",0.108333333333333
"14730",0.108333333333333
"14731",0.11
"14732",0.108333333333333
"14733",0.108333333333333
"14734",0.108333333333333
"14735",0.106666666666667
"14736",0.11
"14737",0.108333333333333
"14738",0.11
"14739",0.108333333333333
"14740",0.106666666666667
"14741",0.11
"14742",0.11
"14743",0.106666666666667
"14744",0.108333333333333
"14745",0.106666666666667
"14746",0.106666666666667
"14747",0.106666666666667
"14748",0.11
"14749",0.108333333333333
"14750",0.11
"14751",0.11
"14752",0.11
"14753",0.106666666666667
"14754",0.11
"14755",0.108333333333333
"14756",0.108333333333333
"14757",0.106666666666667
"14758",0.11
"14759",0.108333333333333
"14760",0.11
"14761",0.108333333333333
"14762",0.108333333333333
"14763",0.106666666666667
"14764",0.11
"14765",0.11
"14766",0.106666666666667
"14767",0.11
"14768",0.108333333333333
"14769",0.106666666666667
"14770",0.11
"14771",0.113333333333333
"14772",0.113333333333333
"14773",0.101666666666667
"14774",0.101666666666667
"14775",0.103333333333333
"14776",0.101666666666667
"14777",0.101666666666667
"14778",0.101666666666667
"14779",0.103333333333333
"14780",0.103333333333333
"14781",0.101666666666667
"14782",0.103333333333333
"14783",0.101666666666667
"14784",0.103333333333333
"14785",0.103333333333333
"14786",0.103333333333333
"14787",0.103333333333333
"14788",0.101666666666667
"14789",0.103333333333333
"14790",0.103333333333333
"14791",0.103333333333333
"14792",0.103333333333333
"14793",0.101666666666667
"14794",0.103333333333333
"14795",0.103333333333333
"14796",0.103333333333333
"14797",0.103333333333333
"14798",0.103333333333333
"14799",0.101666666666667
"14800",0.105
"14801",0.103333333333333
"14802",0.103333333333333
"14803",0.101666666666667
"14804",0.103333333333333
"14805",0.101666666666667
"14806",0.101666666666667
"14807",0.103333333333333
"14808",0.103333333333333
"14809",0.103333333333333
"14810",0.103333333333333
"14811",0.103333333333333
"14812",0.101666666666667
"14813",0.103333333333333
"14814",0.106666666666667
"14815",0.106666666666667
"14816",0.106666666666667
"14817",0.136666666666667
"14818",0.136666666666667
"14819",0.138333333333333
"14820",0.136666666666667
"14821",0.136666666666667
"14822",0.136666666666667
"14823",0.145
"14824",0.138333333333333
"14825",0.136666666666667
"14826",0.138333333333333
"14827",0.136666666666667
"14828",0.145
"14829",0.138333333333333
"14830",0.138333333333333
"14831",0.145
"14832",0.136666666666667
"14833",0.145
"14834",0.145
"14835",0.145
"14836",0.138333333333333
"14837",0.136666666666667
"14838",0.138333333333333
"14839",0.138333333333333
"14840",0.138333333333333
"14841",0.145
"14842",0.138333333333333
"14843",0.136666666666667
"14844",0.146666666666667
"14845",0.145
"14846",0.138333333333333
"14847",0.136666666666667
"14848",0.138333333333333
"14849",0.136666666666667
"14850",0.136666666666667
"14851",0.145
"14852",0.138333333333333
"14853",0.138333333333333
"14854",0.145
"14855",0.138333333333333
"14856",0.136666666666667
"14857",0.145
"14858",0.141666666666667
"14859",0.14
"14860",0.14
"14861",0.135
"14862",0.135
"14863",0.136666666666667
"14864",0.135
"14865",0.135
"14866",0.135
"14867",0.143333333333333
"14868",0.136666666666667
"14869",0.135
"14870",0.136666666666667
"14871",0.135
"14872",0.143333333333333
"14873",0.136666666666667
"14874",0.136666666666667
"14875",0.143333333333333
"14876",0.135
"14877",0.143333333333333
"14878",0.143333333333333
"14879",0.143333333333333
"14880",0.136666666666667
"14881",0.135
"14882",0.136666666666667
"14883",0.136666666666667
"14884",0.136666666666667
"14885",0.143333333333333
"14886",0.136666666666667
"14887",0.135
"14888",0.145
"14889",0.143333333333333
"14890",0.136666666666667
"14891",0.135
"14892",0.136666666666667
"14893",0.135
"14894",0.135
"14895",0.143333333333333
"14896",0.136666666666667
"14897",0.136666666666667
"14898",0.143333333333333
"14899",0.136666666666667
"14900",0.135
"14901",0.143333333333333
"14902",0.14
"14903",0.141666666666667
"14904",0.141666666666667
"14905",0.135
"14906",0.135
"14907",0.136666666666667
"14908",0.135
"14909",0.135
"14910",0.135
"14911",0.143333333333333
"14912",0.136666666666667
"14913",0.135
"14914",0.136666666666667
"14915",0.135
"14916",0.143333333333333
"14917",0.136666666666667
"14918",0.136666666666667
"14919",0.143333333333333
"14920",0.135
"14921",0.143333333333333
"14922",0.143333333333333
"14923",0.143333333333333
"14924",0.136666666666667
"14925",0.135
"14926",0.136666666666667
"14927",0.136666666666667
"14928",0.136666666666667
"14929",0.143333333333333
"14930",0.136666666666667
"14931",0.135
"14932",0.145
"14933",0.143333333333333
"14934",0.136666666666667
"14935",0.135
"14936",0.136666666666667
"14937",0.135
"14938",0.135
"14939",0.143333333333333
"14940",0.136666666666667
"14941",0.136666666666667
"14942",0.143333333333333
"14943",0.136666666666667
"14944",0.135
"14945",0.143333333333333
"14946",0.14
"14947",0.141666666666667
"14948",0.141666666666667
"14949",0.1
"14950",0.1
"14951",0.101666666666667
"14952",0.1
"14953",0.1
"14954",0.1
"14955",0.0916666666666667
"14956",0.0983333333333333
"14957",0.1
"14958",0.0983333333333333
"14959",0.1
"14960",0.0916666666666667
"14961",0.0983333333333333
"14962",0.101666666666667
"14963",0.0916666666666667
"14964",0.1
"14965",0.0916666666666667
"14966",0.0916666666666667
"14967",0.0916666666666667
"14968",0.0983333333333333
"14969",0.1
"14970",0.0983333333333333
"14971",0.0983333333333333
"14972",0.0983333333333333
"14973",0.0916666666666667
"14974",0.0983333333333333
"14975",0.1
"14976",0.0933333333333333
"14977",0.0916666666666667
"14978",0.101666666666667
"14979",0.1
"14980",0.0983333333333333
"14981",0.1
"14982",0.1
"14983",0.0916666666666667
"14984",0.0983333333333333
"14985",0.0983333333333333
"14986",0.0916666666666667
"14987",0.0983333333333333
"14988",0.1
"14989",0.0916666666666667
"14990",0.101666666666667
"14991",0.105
"14992",0.105
"14993",0.1
"14994",0.1
"14995",0.101666666666667
"14996",0.1
"14997",0.1
"14998",0.1
"14999",0.0916666666666667
"15000",0.0983333333333333
"15001",0.1
"15002",0.0983333333333333
"15003",0.1
"15004",0.0916666666666667
"15005",0.0983333333333333
"15006",0.101666666666667
"15007",0.0916666666666667
"15008",0.1
"15009",0.0916666666666667
"15010",0.0916666666666667
"15011",0.0916666666666667
"15012",0.0983333333333333
"15013",0.1
"15014",0.0983333333333333
"15015",0.0983333333333333
"15016",0.0983333333333333
"15017",0.0916666666666667
"15018",0.0983333333333333
"15019",0.1
"15020",0.0933333333333333
"15021",0.0916666666666667
"15022",0.101666666666667
"15023",0.1
"15024",0.0983333333333333
"15025",0.1
"15026",0.1
"15027",0.0916666666666667
"15028",0.0983333333333333
"15029",0.0983333333333333
"15030",0.0916666666666667
"15031",0.0983333333333333
"15032",0.1
"15033",0.0916666666666667
"15034",0.101666666666667
"15035",0.101666666666667
"15036",0.101666666666667
"15037",0.103333333333333
"15038",0.103333333333333
"15039",0.105
"15040",0.103333333333333
"15041",0.103333333333333
"15042",0.103333333333333
"15043",0.095
"15044",0.101666666666667
"15045",0.103333333333333
"15046",0.101666666666667
"15047",0.103333333333333
"15048",0.095
"15049",0.101666666666667
"15050",0.105
"15051",0.095
"15052",0.103333333333333
"15053",0.095
"15054",0.095
"15055",0.095
"15056",0.101666666666667
"15057",0.103333333333333
"15058",0.101666666666667
"15059",0.101666666666667
"15060",0.101666666666667
"15061",0.095
"15062",0.101666666666667
"15063",0.103333333333333
"15064",0.0966666666666667
"15065",0.095
"15066",0.105
"15067",0.103333333333333
"15068",0.101666666666667
"15069",0.103333333333333
"15070",0.103333333333333
"15071",0.095
"15072",0.101666666666667
"15073",0.101666666666667
"15074",0.095
"15075",0.101666666666667
"15076",0.103333333333333
"15077",0.095
"15078",0.101666666666667
"15079",0.101666666666667
"15080",0.101666666666667
"15081",0.0983333333333333
"15082",0.0983333333333333
"15083",0.1
"15084",0.0983333333333333
"15085",0.0983333333333333
"15086",0.0983333333333333
"15087",0.09
"15088",0.0966666666666667
"15089",0.0983333333333333
"15090",0.0966666666666667
"15091",0.0983333333333333
"15092",0.09
"15093",0.0966666666666667
"15094",0.1
"15095",0.09
"15096",0.0983333333333333
"15097",0.09
"15098",0.09
"15099",0.09
"15100",0.0966666666666667
"15101",0.0983333333333333
"15102",0.0966666666666667
"15103",0.0966666666666667
"15104",0.0966666666666667
"15105",0.09
"15106",0.0966666666666667
"15107",0.0983333333333333
"15108",0.0916666666666667
"15109",0.09
"15110",0.1
"15111",0.0983333333333333
"15112",0.0966666666666667
"15113",0.0983333333333333
"15114",0.0983333333333333
"15115",0.09
"15116",0.0966666666666667
"15117",0.0966666666666667
"15118",0.09
"15119",0.0966666666666667
"15120",0.0983333333333333
"15121",0.09
"15122",0.1
"15123",0.103333333333333
"15124",0.103333333333333
"15125",0.0983333333333333
"15126",0.0983333333333333
"15127",0.1
"15128",0.0983333333333333
"15129",0.0983333333333333
"15130",0.0983333333333333
"15131",0.09
"15132",0.0966666666666667
"15133",0.0983333333333333
"15134",0.0966666666666667
"15135",0.0983333333333333
"15136",0.09
"15137",0.0966666666666667
"15138",0.1
"15139",0.09
"15140",0.0983333333333333
"15141",0.09
"15142",0.09
"15143",0.09
"15144",0.0966666666666667
"15145",0.0983333333333333
"15146",0.0966666666666667
"15147",0.0966666666666667
"15148",0.0966666666666667
"15149",0.09
"15150",0.0966666666666667
"15151",0.0983333333333333
"15152",0.0916666666666667
"15153",0.09
"15154",0.1
"15155",0.0983333333333333
"15156",0.0966666666666667
"15157",0.0983333333333333
"15158",0.0983333333333333
"15159",0.09
"15160",0.0966666666666667
"15161",0.0966666666666667
"15162",0.09
"15163",0.0966666666666667
"15164",0.0983333333333333
"15165",0.09
"15166",0.1
"15167",0.103333333333333
"15168",0.103333333333333
"15169",0.135
"15170",0.135
"15171",0.136666666666667
"15172",0.135
"15173",0.135
"15174",0.135
"15175",0.145
"15176",0.136666666666667
"15177",0.135
"15178",0.136666666666667
"15179",0.135
"15180",0.145
"15181",0.136666666666667
"15182",0.136666666666667
"15183",0.145
"15184",0.135
"15185",0.145
"15186",0.145
"15187",0.145
"15188",0.136666666666667
"15189",0.135
"15190",0.136666666666667
"15191",0.136666666666667
"15192",0.136666666666667
"15193",0.145
"15194",0.136666666666667
"15195",0.135
"15196",0.146666666666667
"15197",0.145
"15198",0.136666666666667
"15199",0.135
"15200",0.136666666666667
"15201",0.135
"15202",0.135
"15203",0.145
"15204",0.136666666666667
"15205",0.136666666666667
"15206",0.145
"15207",0.136666666666667
"15208",0.135
"15209",0.145
"15210",0.13
"15211",0.136666666666667
"15212",0.136666666666667
"15213",0.136666666666667
"15214",0.136666666666667
"15215",0.138333333333333
"15216",0.136666666666667
"15217",0.136666666666667
"15218",0.136666666666667
"15219",0.143333333333333
"15220",0.138333333333333
"15221",0.136666666666667
"15222",0.138333333333333
"15223",0.136666666666667
"15224",0.143333333333333
"15225",0.138333333333333
"15226",0.138333333333333
"15227",0.143333333333333
"15228",0.136666666666667
"15229",0.143333333333333
"15230",0.143333333333333
"15231",0.143333333333333
"15232",0.138333333333333
"15233",0.136666666666667
"15234",0.138333333333333
"15235",0.138333333333333
"15236",0.138333333333333
"15237",0.143333333333333
"15238",0.138333333333333
"15239",0.136666666666667
"15240",0.145
"15241",0.143333333333333
"15242",0.138333333333333
"15243",0.136666666666667
"15244",0.138333333333333
"15245",0.136666666666667
"15246",0.136666666666667
"15247",0.143333333333333
"15248",0.138333333333333
"15249",0.138333333333333
"15250",0.143333333333333
"15251",0.138333333333333
"15252",0.136666666666667
"15253",0.143333333333333
"15254",0.128333333333333
"15255",0.135
"15256",0.135
"15257",0.135
"15258",0.135
"15259",0.136666666666667
"15260",0.135
"15261",0.135
"15262",0.135
"15263",0.143333333333333
"15264",0.133333333333333
"15265",0.135
"15266",0.133333333333333
"15267",0.135
"15268",0.143333333333333
"15269",0.133333333333333
"15270",0.136666666666667
"15271",0.143333333333333
"15272",0.135
"15273",0.143333333333333
"15274",0.143333333333333
"15275",0.143333333333333
"15276",0.133333333333333
"15277",0.135
"15278",0.133333333333333
"15279",0.133333333333333
"15280",0.133333333333333
"15281",0.143333333333333
"15282",0.133333333333333
"15283",0.135
"15284",0.145
"15285",0.143333333333333
"15286",0.136666666666667
"15287",0.135
"15288",0.133333333333333
"15289",0.135
"15290",0.135
"15291",0.143333333333333
"15292",0.133333333333333
"15293",0.133333333333333
"15294",0.143333333333333
"15295",0.133333333333333
"15296",0.135
"15297",0.143333333333333
"15298",0.131666666666667
"15299",0.138333333333333
"15300",0.138333333333333
"15301",0.135
"15302",0.135
"15303",0.136666666666667
"15304",0.135
"15305",0.135
"15306",0.135
"15307",0.145
"15308",0.136666666666667
"15309",0.135
"15310",0.136666666666667
"15311",0.135
"15312",0.145
"15313",0.136666666666667
"15314",0.136666666666667
"15315",0.145
"15316",0.135
"15317",0.145
"15318",0.145
"15319",0.145
"15320",0.136666666666667
"15321",0.135
"15322",0.136666666666667
"15323",0.136666666666667
"15324",0.136666666666667
"15325",0.145
"15326",0.136666666666667
"15327",0.135
"15328",0.146666666666667
"15329",0.145
"15330",0.136666666666667
"15331",0.135
"15332",0.136666666666667
"15333",0.135
"15334",0.135
"15335",0.145
"15336",0.136666666666667
"15337",0.136666666666667
"15338",0.145
"15339",0.136666666666667
"15340",0.135
"15341",0.145
"15342",0.13
"15343",0.136666666666667
"15344",0.136666666666667
"15345",0.135
"15346",0.135
"15347",0.136666666666667
"15348",0.135
"15349",0.135
"15350",0.135
"15351",0.143333333333333
"15352",0.133333333333333
"15353",0.135
"15354",0.133333333333333
"15355",0.135
"15356",0.143333333333333
"15357",0.133333333333333
"15358",0.136666666666667
"15359",0.143333333333333
"15360",0.135
"15361",0.143333333333333
"15362",0.143333333333333
"15363",0.143333333333333
"15364",0.133333333333333
"15365",0.135
"15366",0.133333333333333
"15367",0.133333333333333
"15368",0.133333333333333
"15369",0.143333333333333
"15370",0.133333333333333
"15371",0.135
"15372",0.145
"15373",0.143333333333333
"15374",0.136666666666667
"15375",0.135
"15376",0.133333333333333
"15377",0.135
"15378",0.135
"15379",0.143333333333333
"15380",0.133333333333333
"15381",0.133333333333333
"15382",0.143333333333333
"15383",0.133333333333333
"15384",0.135
"15385",0.143333333333333
"15386",0.131666666666667
"15387",0.138333333333333
"15388",0.138333333333333
"15389",0.135
"15390",0.135
"15391",0.136666666666667
"15392",0.135
"15393",0.135
"15394",0.135
"15395",0.145
"15396",0.136666666666667
"15397",0.135
"15398",0.136666666666667
"15399",0.135
"15400",0.145
"15401",0.136666666666667
"15402",0.136666666666667
"15403",0.145
"15404",0.135
"15405",0.145
"15406",0.145
"15407",0.145
"15408",0.136666666666667
"15409",0.135
"15410",0.136666666666667
"15411",0.136666666666667
"15412",0.136666666666667
"15413",0.145
"15414",0.136666666666667
"15415",0.135
"15416",0.146666666666667
"15417",0.145
"15418",0.136666666666667
"15419",0.135
"15420",0.136666666666667
"15421",0.135
"15422",0.135
"15423",0.145
"15424",0.136666666666667
"15425",0.136666666666667
"15426",0.145
"15427",0.136666666666667
"15428",0.135
"15429",0.145
"15430",0.13
"15431",0.136666666666667
"15432",0.136666666666667
"15433",0.135
"15434",0.135
"15435",0.136666666666667
"15436",0.135
"15437",0.135
"15438",0.135
"15439",0.143333333333333
"15440",0.133333333333333
"15441",0.135
"15442",0.133333333333333
"15443",0.135
"15444",0.143333333333333
"15445",0.133333333333333
"15446",0.136666666666667
"15447",0.143333333333333
"15448",0.135
"15449",0.143333333333333
"15450",0.143333333333333
"15451",0.143333333333333
"15452",0.133333333333333
"15453",0.135
"15454",0.133333333333333
"15455",0.133333333333333
"15456",0.133333333333333
"15457",0.143333333333333
"15458",0.133333333333333
"15459",0.135
"15460",0.145
"15461",0.143333333333333
"15462",0.136666666666667
"15463",0.135
"15464",0.133333333333333
"15465",0.135
"15466",0.135
"15467",0.143333333333333
"15468",0.133333333333333
"15469",0.133333333333333
"15470",0.143333333333333
"15471",0.133333333333333
"15472",0.135
"15473",0.143333333333333
"15474",0.131666666666667
"15475",0.138333333333333
"15476",0.138333333333333
"15477",0.135
"15478",0.135
"15479",0.136666666666667
"15480",0.135
"15481",0.135
"15482",0.135
"15483",0.145
"15484",0.136666666666667
"15485",0.135
"15486",0.136666666666667
"15487",0.135
"15488",0.145
"15489",0.136666666666667
"15490",0.136666666666667
"15491",0.145
"15492",0.135
"15493",0.145
"15494",0.145
"15495",0.145
"15496",0.136666666666667
"15497",0.135
"15498",0.136666666666667
"15499",0.136666666666667
"15500",0.136666666666667
"15501",0.145
"15502",0.136666666666667
"15503",0.135
"15504",0.146666666666667
"15505",0.145
"15506",0.136666666666667
"15507",0.135
"15508",0.136666666666667
"15509",0.135
"15510",0.135
"15511",0.145
"15512",0.136666666666667
"15513",0.136666666666667
"15514",0.145
"15515",0.136666666666667
"15516",0.135
"15517",0.145
"15518",0.13
"15519",0.136666666666667
"15520",0.136666666666667
"15521",0.135
"15522",0.135
"15523",0.136666666666667
"15524",0.135
"15525",0.135
"15526",0.135
"15527",0.143333333333333
"15528",0.133333333333333
"15529",0.135
"15530",0.133333333333333
"15531",0.135
"15532",0.143333333333333
"15533",0.133333333333333
"15534",0.136666666666667
"15535",0.143333333333333
"15536",0.135
"15537",0.143333333333333
"15538",0.143333333333333
"15539",0.143333333333333
"15540",0.133333333333333
"15541",0.135
"15542",0.133333333333333
"15543",0.133333333333333
"15544",0.133333333333333
"15545",0.143333333333333
"15546",0.133333333333333
"15547",0.135
"15548",0.145
"15549",0.143333333333333
"15550",0.136666666666667
"15551",0.135
"15552",0.133333333333333
"15553",0.135
"15554",0.135
"15555",0.143333333333333
"15556",0.133333333333333
"15557",0.133333333333333
"15558",0.143333333333333
"15559",0.133333333333333
"15560",0.135
"15561",0.143333333333333
"15562",0.131666666666667
"15563",0.138333333333333
"15564",0.138333333333333
"15565",0.135
"15566",0.135
"15567",0.136666666666667
"15568",0.135
"15569",0.135
"15570",0.135
"15571",0.143333333333333
"15572",0.133333333333333
"15573",0.135
"15574",0.133333333333333
"15575",0.135
"15576",0.143333333333333
"15577",0.133333333333333
"15578",0.136666666666667
"15579",0.143333333333333
"15580",0.135
"15581",0.143333333333333
"15582",0.143333333333333
"15583",0.143333333333333
"15584",0.133333333333333
"15585",0.135
"15586",0.133333333333333
"15587",0.133333333333333
"15588",0.133333333333333
"15589",0.143333333333333
"15590",0.133333333333333
"15591",0.135
"15592",0.145
"15593",0.143333333333333
"15594",0.136666666666667
"15595",0.135
"15596",0.133333333333333
"15597",0.135
"15598",0.135
"15599",0.143333333333333
"15600",0.133333333333333
"15601",0.133333333333333
"15602",0.143333333333333
"15603",0.133333333333333
"15604",0.135
"15605",0.143333333333333
"15606",0.131666666666667
"15607",0.138333333333333
"15608",0.138333333333333
"15609",0.135
"15610",0.135
"15611",0.136666666666667
"15612",0.135
"15613",0.135
"15614",0.135
"15615",0.143333333333333
"15616",0.133333333333333
"15617",0.135
"15618",0.133333333333333
"15619",0.135
"15620",0.143333333333333
"15621",0.133333333333333
"15622",0.136666666666667
"15623",0.143333333333333
"15624",0.135
"15625",0.143333333333333
"15626",0.143333333333333
"15627",0.143333333333333
"15628",0.133333333333333
"15629",0.135
"15630",0.133333333333333
"15631",0.133333333333333
"15632",0.133333333333333
"15633",0.143333333333333
"15634",0.133333333333333
"15635",0.135
"15636",0.145
"15637",0.143333333333333
"15638",0.136666666666667
"15639",0.135
"15640",0.133333333333333
"15641",0.135
"15642",0.135
"15643",0.143333333333333
"15644",0.133333333333333
"15645",0.133333333333333
"15646",0.143333333333333
"15647",0.133333333333333
"15648",0.135
"15649",0.143333333333333
"15650",0.131666666666667
"15651",0.138333333333333
"15652",0.138333333333333
"15653",0.135
"15654",0.135
"15655",0.136666666666667
"15656",0.135
"15657",0.135
"15658",0.135
"15659",0.145
"15660",0.136666666666667
"15661",0.135
"15662",0.136666666666667
"15663",0.135
"15664",0.145
"15665",0.136666666666667
"15666",0.136666666666667
"15667",0.145
"15668",0.135
"15669",0.145
"15670",0.145
"15671",0.145
"15672",0.136666666666667
"15673",0.135
"15674",0.136666666666667
"15675",0.136666666666667
"15676",0.136666666666667
"15677",0.145
"15678",0.136666666666667
"15679",0.135
"15680",0.146666666666667
"15681",0.145
"15682",0.136666666666667
"15683",0.135
"15684",0.136666666666667
"15685",0.135
"15686",0.135
"15687",0.145
"15688",0.136666666666667
"15689",0.136666666666667
"15690",0.145
"15691",0.136666666666667
"15692",0.135
"15693",0.145
"15694",0.13
"15695",0.136666666666667
"15696",0.136666666666667
"15697",0.101666666666667
"15698",0.101666666666667
"15699",0.103333333333333
"15700",0.101666666666667
"15701",0.101666666666667
"15702",0.101666666666667
"15703",0.0983333333333333
"15704",0.103333333333333
"15705",0.101666666666667
"15706",0.103333333333333
"15707",0.101666666666667
"15708",0.0983333333333333
"15709",0.103333333333333
"15710",0.103333333333333
"15711",0.0983333333333333
"15712",0.101666666666667
"15713",0.0983333333333333
"15714",0.0983333333333333
"15715",0.0983333333333333
"15716",0.103333333333333
"15717",0.101666666666667
"15718",0.103333333333333
"15719",0.103333333333333
"15720",0.103333333333333
"15721",0.0983333333333333
"15722",0.103333333333333
"15723",0.101666666666667
"15724",0.1
"15725",0.0983333333333333
"15726",0.103333333333333
"15727",0.101666666666667
"15728",0.103333333333333
"15729",0.101666666666667
"15730",0.101666666666667
"15731",0.0983333333333333
"15732",0.103333333333333
"15733",0.103333333333333
"15734",0.0983333333333333
"15735",0.103333333333333
"15736",0.101666666666667
"15737",0.0983333333333333
"15738",0.105
"15739",0.105
"15740",0.105
"15741",0.101666666666667
"15742",0.101666666666667
"15743",0.103333333333333
"15744",0.101666666666667
"15745",0.101666666666667
"15746",0.101666666666667
"15747",0.0983333333333333
"15748",0.103333333333333
"15749",0.101666666666667
"15750",0.103333333333333
"15751",0.101666666666667
"15752",0.0983333333333333
"15753",0.103333333333333
"15754",0.103333333333333
"15755",0.0983333333333333
"15756",0.101666666666667
"15757",0.0983333333333333
"15758",0.0983333333333333
"15759",0.0983333333333333
"15760",0.103333333333333
"15761",0.101666666666667
"15762",0.103333333333333
"15763",0.103333333333333
"15764",0.103333333333333
"15765",0.0983333333333333
"15766",0.103333333333333
"15767",0.101666666666667
"15768",0.1
"15769",0.0983333333333333
"15770",0.103333333333333
"15771",0.101666666666667
"15772",0.103333333333333
"15773",0.101666666666667
"15774",0.101666666666667
"15775",0.0983333333333333
"15776",0.103333333333333
"15777",0.103333333333333
"15778",0.0983333333333333
"15779",0.103333333333333
"15780",0.101666666666667
"15781",0.0983333333333333
"15782",0.105
"15783",0.105
"15784",0.105
"15785",0.103333333333333
"15786",0.103333333333333
"15787",0.105
"15788",0.103333333333333
"15789",0.103333333333333
"15790",0.103333333333333
"15791",0.1
"15792",0.105
"15793",0.103333333333333
"15794",0.105
"15795",0.103333333333333
"15796",0.1
"15797",0.105
"15798",0.105
"15799",0.1
"15800",0.103333333333333
"15801",0.1
"15802",0.1
"15803",0.1
"15804",0.105
"15805",0.103333333333333
"15806",0.105
"15807",0.105
"15808",0.105
"15809",0.1
"15810",0.105
"15811",0.103333333333333
"15812",0.101666666666667
"15813",0.1
"15814",0.105
"15815",0.103333333333333
"15816",0.105
"15817",0.103333333333333
"15818",0.103333333333333
"15819",0.1
"15820",0.105
"15821",0.105
"15822",0.1
"15823",0.105
"15824",0.103333333333333
"15825",0.1
"15826",0.106666666666667
"15827",0.106666666666667
"15828",0.106666666666667
"15829",0.101666666666667
"15830",0.101666666666667
"15831",0.103333333333333
"15832",0.101666666666667
"15833",0.101666666666667
"15834",0.101666666666667
"15835",0.0983333333333333
"15836",0.103333333333333
"15837",0.101666666666667
"15838",0.103333333333333
"15839",0.101666666666667
"15840",0.0983333333333333
"15841",0.103333333333333
"15842",0.103333333333333
"15843",0.0983333333333333
"15844",0.101666666666667
"15845",0.0983333333333333
"15846",0.0983333333333333
"15847",0.0983333333333333
"15848",0.103333333333333
"15849",0.101666666666667
"15850",0.103333333333333
"15851",0.103333333333333
"15852",0.103333333333333
"15853",0.0983333333333333
"15854",0.103333333333333
"15855",0.101666666666667
"15856",0.1
"15857",0.0983333333333333
"15858",0.103333333333333
"15859",0.101666666666667
"15860",0.103333333333333
"15861",0.101666666666667
"15862",0.101666666666667
"15863",0.0983333333333333
"15864",0.103333333333333
"15865",0.103333333333333
"15866",0.0983333333333333
"15867",0.103333333333333
"15868",0.101666666666667
"15869",0.0983333333333333
"15870",0.105
"15871",0.105
"15872",0.105
"15873",0.14
"15874",0.14
"15875",0.141666666666667
"15876",0.14
"15877",0.14
"15878",0.14
"15879",0.146666666666667
"15880",0.14
"15881",0.14
"15882",0.14
"15883",0.14
"15884",0.146666666666667
"15885",0.14
"15886",0.141666666666667
"15887",0.146666666666667
"15888",0.14
"15889",0.146666666666667
"15890",0.146666666666667
"15891",0.146666666666667
"15892",0.14
"15893",0.14
"15894",0.14
"15895",0.14
"15896",0.14
"15897",0.146666666666667
"15898",0.14
"15899",0.14
"15900",0.148333333333333
"15901",0.146666666666667
"15902",0.141666666666667
"15903",0.14
"15904",0.14
"15905",0.14
"15906",0.14
"15907",0.146666666666667
"15908",0.14
"15909",0.14
"15910",0.146666666666667
"15911",0.14
"15912",0.14
"15913",0.146666666666667
"15914",0.14
"15915",0.146666666666667
"15916",0.146666666666667
"15917",0.14
"15918",0.14
"15919",0.141666666666667
"15920",0.14
"15921",0.14
"15922",0.14
"15923",0.146666666666667
"15924",0.14
"15925",0.14
"15926",0.14
"15927",0.14
"15928",0.146666666666667
"15929",0.14
"15930",0.141666666666667
"15931",0.146666666666667
"15932",0.14
"15933",0.146666666666667
"15934",0.146666666666667
"15935",0.146666666666667
"15936",0.14
"15937",0.14
"15938",0.14
"15939",0.14
"15940",0.14
"15941",0.146666666666667
"15942",0.14
"15943",0.14
"15944",0.148333333333333
"15945",0.146666666666667
"15946",0.141666666666667
"15947",0.14
"15948",0.14
"15949",0.14
"15950",0.14
"15951",0.146666666666667
"15952",0.14
"15953",0.14
"15954",0.146666666666667
"15955",0.14
"15956",0.14
"15957",0.146666666666667
"15958",0.14
"15959",0.146666666666667
"15960",0.146666666666667
"15961",0.14
"15962",0.14
"15963",0.141666666666667
"15964",0.14
"15965",0.14
"15966",0.14
"15967",0.146666666666667
"15968",0.14
"15969",0.14
"15970",0.14
"15971",0.14
"15972",0.146666666666667
"15973",0.14
"15974",0.141666666666667
"15975",0.146666666666667
"15976",0.14
"15977",0.146666666666667
"15978",0.146666666666667
"15979",0.146666666666667
"15980",0.14
"15981",0.14
"15982",0.14
"15983",0.14
"15984",0.14
"15985",0.146666666666667
"15986",0.14
"15987",0.14
"15988",0.148333333333333
"15989",0.146666666666667
"15990",0.141666666666667
"15991",0.14
"15992",0.14
"15993",0.14
"15994",0.14
"15995",0.146666666666667
"15996",0.14
"15997",0.14
"15998",0.146666666666667
"15999",0.14
"16000",0.14
"16001",0.146666666666667
"16002",0.14
"16003",0.146666666666667
"16004",0.146666666666667
"16005",0.14
"16006",0.14
"16007",0.141666666666667
"16008",0.14
"16009",0.14
"16010",0.14
"16011",0.146666666666667
"16012",0.14
"16013",0.14
"16014",0.14
"16015",0.14
"16016",0.146666666666667
"16017",0.14
"16018",0.141666666666667
"16019",0.146666666666667
"16020",0.14
"16021",0.146666666666667
"16022",0.146666666666667
"16023",0.146666666666667
"16024",0.14
"16025",0.14
"16026",0.14
"16027",0.14
"16028",0.14
"16029",0.146666666666667
"16030",0.14
"16031",0.14
"16032",0.148333333333333
"16033",0.146666666666667
"16034",0.141666666666667
"16035",0.14
"16036",0.14
"16037",0.14
"16038",0.14
"16039",0.146666666666667
"16040",0.14
"16041",0.14
"16042",0.146666666666667
"16043",0.14
"16044",0.14
"16045",0.146666666666667
"16046",0.14
"16047",0.146666666666667
"16048",0.146666666666667
"16049",0.145
"16050",0.145
"16051",0.146666666666667
"16052",0.145
"16053",0.145
"16054",0.145
"16055",0.148333333333333
"16056",0.145
"16057",0.145
"16058",0.145
"16059",0.145
"16060",0.148333333333333
"16061",0.145
"16062",0.146666666666667
"16063",0.148333333333333
"16064",0.145
"16065",0.148333333333333
"16066",0.148333333333333
"16067",0.148333333333333
"16068",0.145
"16069",0.145
"16070",0.145
"16071",0.145
"16072",0.145
"16073",0.148333333333333
"16074",0.145
"16075",0.145
"16076",0.15
"16077",0.148333333333333
"16078",0.146666666666667
"16079",0.145
"16080",0.145
"16081",0.145
"16082",0.145
"16083",0.148333333333333
"16084",0.145
"16085",0.145
"16086",0.148333333333333
"16087",0.145
"16088",0.145
"16089",0.148333333333333
"16090",0.141666666666667
"16091",0.148333333333333
"16092",0.148333333333333
"16093",0.14
"16094",0.14
"16095",0.141666666666667
"16096",0.14
"16097",0.14
"16098",0.14
"16099",0.146666666666667
"16100",0.14
"16101",0.14
"16102",0.14
"16103",0.14
"16104",0.146666666666667
"16105",0.14
"16106",0.141666666666667
"16107",0.146666666666667
"16108",0.14
"16109",0.146666666666667
"16110",0.146666666666667
"16111",0.146666666666667
"16112",0.14
"16113",0.14
"16114",0.14
"16115",0.14
"16116",0.14
"16117",0.146666666666667
"16118",0.14
"16119",0.14
"16120",0.148333333333333
"16121",0.146666666666667
"16122",0.141666666666667
"16123",0.14
"16124",0.14
"16125",0.14
"16126",0.14
"16127",0.146666666666667
"16128",0.14
"16129",0.14
"16130",0.146666666666667
"16131",0.14
"16132",0.14
"16133",0.146666666666667
"16134",0.14
"16135",0.146666666666667
"16136",0.146666666666667
"16137",0.141666666666667
"16138",0.141666666666667
"16139",0.143333333333333
"16140",0.141666666666667
"16141",0.141666666666667
"16142",0.141666666666667
"16143",0.148333333333333
"16144",0.141666666666667
"16145",0.141666666666667
"16146",0.141666666666667
"16147",0.141666666666667
"16148",0.148333333333333
"16149",0.141666666666667
"16150",0.143333333333333
"16151",0.148333333333333
"16152",0.141666666666667
"16153",0.148333333333333
"16154",0.148333333333333
"16155",0.148333333333333
"16156",0.141666666666667
"16157",0.141666666666667
"16158",0.141666666666667
"16159",0.141666666666667
"16160",0.141666666666667
"16161",0.148333333333333
"16162",0.141666666666667
"16163",0.141666666666667
"16164",0.15
"16165",0.148333333333333
"16166",0.143333333333333
"16167",0.141666666666667
"16168",0.141666666666667
"16169",0.141666666666667
"16170",0.141666666666667
"16171",0.148333333333333
"16172",0.141666666666667
"16173",0.141666666666667
"16174",0.148333333333333
"16175",0.141666666666667
"16176",0.141666666666667
"16177",0.148333333333333
"16178",0.141666666666667
"16179",0.148333333333333
"16180",0.148333333333333
"16181",0.141666666666667
"16182",0.141666666666667
"16183",0.143333333333333
"16184",0.141666666666667
"16185",0.141666666666667
"16186",0.141666666666667
"16187",0.148333333333333
"16188",0.141666666666667
"16189",0.141666666666667
"16190",0.141666666666667
"16191",0.141666666666667
"16192",0.148333333333333
"16193",0.141666666666667
"16194",0.143333333333333
"16195",0.148333333333333
"16196",0.141666666666667
"16197",0.148333333333333
"16198",0.148333333333333
"16199",0.148333333333333
"16200",0.141666666666667
"16201",0.141666666666667
"16202",0.141666666666667
"16203",0.141666666666667
"16204",0.141666666666667
"16205",0.148333333333333
"16206",0.141666666666667
"16207",0.141666666666667
"16208",0.15
"16209",0.148333333333333
"16210",0.143333333333333
"16211",0.141666666666667
"16212",0.141666666666667
"16213",0.141666666666667
"16214",0.141666666666667
"16215",0.148333333333333
"16216",0.141666666666667
"16217",0.141666666666667
"16218",0.148333333333333
"16219",0.141666666666667
"16220",0.141666666666667
"16221",0.148333333333333
"16222",0.141666666666667
"16223",0.148333333333333
"16224",0.148333333333333
"16225",0.14
"16226",0.14
"16227",0.141666666666667
"16228",0.14
"16229",0.14
"16230",0.14
"16231",0.146666666666667
"16232",0.14
"16233",0.14
"16234",0.14
"16235",0.14
"16236",0.146666666666667
"16237",0.14
"16238",0.141666666666667
"16239",0.146666666666667
"16240",0.14
"16241",0.146666666666667
"16242",0.146666666666667
"16243",0.146666666666667
"16244",0.14
"16245",0.14
"16246",0.14
"16247",0.14
"16248",0.14
"16249",0.146666666666667
"16250",0.14
"16251",0.14
"16252",0.148333333333333
"16253",0.146666666666667
"16254",0.141666666666667
"16255",0.14
"16256",0.14
"16257",0.14
"16258",0.14
"16259",0.146666666666667
"16260",0.14
"16261",0.14
"16262",0.146666666666667
"16263",0.14
"16264",0.14
"16265",0.146666666666667
"16266",0.14
"16267",0.146666666666667
"16268",0.146666666666667
"16269",0.14
"16270",0.14
"16271",0.141666666666667
"16272",0.14
"16273",0.14
"16274",0.14
"16275",0.146666666666667
"16276",0.14
"16277",0.14
"16278",0.14
"16279",0.14
"16280",0.146666666666667
"16281",0.14
"16282",0.141666666666667
"16283",0.146666666666667
"16284",0.14
"16285",0.146666666666667
"16286",0.146666666666667
"16287",0.146666666666667
"16288",0.14
"16289",0.14
"16290",0.14
"16291",0.14
"16292",0.14
"16293",0.146666666666667
"16294",0.14
"16295",0.14
"16296",0.148333333333333
"16297",0.146666666666667
"16298",0.141666666666667
"16299",0.14
"16300",0.14
"16301",0.14
"16302",0.14
"16303",0.146666666666667
"16304",0.14
"16305",0.14
"16306",0.146666666666667
"16307",0.14
"16308",0.14
"16309",0.146666666666667
"16310",0.14
"16311",0.146666666666667
"16312",0.146666666666667
"16313",0.133333333333333
"16314",0.133333333333333
"16315",0.135
"16316",0.133333333333333
"16317",0.133333333333333
"16318",0.133333333333333
"16319",0.141666666666667
"16320",0.135
"16321",0.133333333333333
"16322",0.135
"16323",0.133333333333333
"16324",0.141666666666667
"16325",0.135
"16326",0.135
"16327",0.141666666666667
"16328",0.133333333333333
"16329",0.141666666666667
"16330",0.141666666666667
"16331",0.141666666666667
"16332",0.135
"16333",0.133333333333333
"16334",0.135
"16335",0.135
"16336",0.135
"16337",0.141666666666667
"16338",0.135
"16339",0.133333333333333
"16340",0.143333333333333
"16341",0.141666666666667
"16342",0.135
"16343",0.133333333333333
"16344",0.135
"16345",0.133333333333333
"16346",0.133333333333333
"16347",0.141666666666667
"16348",0.135
"16349",0.135
"16350",0.141666666666667
"16351",0.135
"16352",0.133333333333333
"16353",0.141666666666667
"16354",0.138333333333333
"16355",0.14
"16356",0.14
"16357",0.133333333333333
"16358",0.133333333333333
"16359",0.135
"16360",0.133333333333333
"16361",0.133333333333333
"16362",0.133333333333333
"16363",0.141666666666667
"16364",0.135
"16365",0.133333333333333
"16366",0.135
"16367",0.133333333333333
"16368",0.141666666666667
"16369",0.135
"16370",0.135
"16371",0.141666666666667
"16372",0.133333333333333
"16373",0.141666666666667
"16374",0.141666666666667
"16375",0.141666666666667
"16376",0.135
"16377",0.133333333333333
"16378",0.135
"16379",0.135
"16380",0.135
"16381",0.141666666666667
"16382",0.135
"16383",0.133333333333333
"16384",0.143333333333333
"16385",0.141666666666667
"16386",0.135
"16387",0.133333333333333
"16388",0.135
"16389",0.133333333333333
"16390",0.133333333333333
"16391",0.141666666666667
"16392",0.135
"16393",0.135
"16394",0.141666666666667
"16395",0.135
"16396",0.133333333333333
"16397",0.141666666666667
"16398",0.138333333333333
"16399",0.14
"16400",0.14
"16401",0.133333333333333
"16402",0.133333333333333
"16403",0.135
"16404",0.133333333333333
"16405",0.133333333333333
"16406",0.133333333333333
"16407",0.141666666666667
"16408",0.135
"16409",0.133333333333333
"16410",0.135
"16411",0.133333333333333
"16412",0.141666666666667
"16413",0.135
"16414",0.135
"16415",0.141666666666667
"16416",0.133333333333333
"16417",0.141666666666667
"16418",0.141666666666667
"16419",0.141666666666667
"16420",0.135
"16421",0.133333333333333
"16422",0.135
"16423",0.135
"16424",0.135
"16425",0.141666666666667
"16426",0.135
"16427",0.133333333333333
"16428",0.143333333333333
"16429",0.141666666666667
"16430",0.135
"16431",0.133333333333333
"16432",0.135
"16433",0.133333333333333
"16434",0.133333333333333
"16435",0.141666666666667
"16436",0.135
"16437",0.135
"16438",0.141666666666667
"16439",0.135
"16440",0.133333333333333
"16441",0.141666666666667
"16442",0.138333333333333
"16443",0.14
"16444",0.14
"16445",0.12
"16446",0.12
"16447",0.121666666666667
"16448",0.12
"16449",0.12
"16450",0.12
"16451",0.125
"16452",0.12
"16453",0.12
"16454",0.12
"16455",0.12
"16456",0.125
"16457",0.12
"16458",0.121666666666667
"16459",0.125
"16460",0.12
"16461",0.125
"16462",0.125
"16463",0.125
"16464",0.12
"16465",0.12
"16466",0.12
"16467",0.12
"16468",0.12
"16469",0.125
"16470",0.12
"16471",0.12
"16472",0.126666666666667
"16473",0.125
"16474",0.121666666666667
"16475",0.12
"16476",0.12
"16477",0.12
"16478",0.12
"16479",0.125
"16480",0.12
"16481",0.12
"16482",0.125
"16483",0.12
"16484",0.12
"16485",0.125
"16486",0.121666666666667
"16487",0.126666666666667
"16488",0.126666666666667
"16489",0.12
"16490",0.12
"16491",0.121666666666667
"16492",0.12
"16493",0.12
"16494",0.12
"16495",0.125
"16496",0.12
"16497",0.12
"16498",0.12
"16499",0.12
"16500",0.125
"16501",0.12
"16502",0.121666666666667
"16503",0.125
"16504",0.12
"16505",0.125
"16506",0.125
"16507",0.125
"16508",0.12
"16509",0.12
"16510",0.12
"16511",0.12
"16512",0.12
"16513",0.125
"16514",0.12
"16515",0.12
"16516",0.126666666666667
"16517",0.125
"16518",0.121666666666667
"16519",0.12
"16520",0.12
"16521",0.12
"16522",0.12
"16523",0.125
"16524",0.12
"16525",0.12
"16526",0.125
"16527",0.12
"16528",0.12
"16529",0.125
"16530",0.121666666666667
"16531",0.126666666666667
"16532",0.126666666666667
"16533",0.125
"16534",0.125
"16535",0.126666666666667
"16536",0.125
"16537",0.125
"16538",0.125
"16539",0.131666666666667
"16540",0.125
"16541",0.125
"16542",0.125
"16543",0.125
"16544",0.131666666666667
"16545",0.125
"16546",0.126666666666667
"16547",0.131666666666667
"16548",0.125
"16549",0.131666666666667
"16550",0.131666666666667
"16551",0.131666666666667
"16552",0.125
"16553",0.125
"16554",0.125
"16555",0.125
"16556",0.125
"16557",0.131666666666667
"16558",0.125
"16559",0.125
"16560",0.133333333333333
"16561",0.131666666666667
"16562",0.126666666666667
"16563",0.125
"16564",0.125
"16565",0.125
"16566",0.125
"16567",0.131666666666667
"16568",0.125
"16569",0.125
"16570",0.131666666666667
"16571",0.125
"16572",0.125
"16573",0.131666666666667
"16574",0.128333333333333
"16575",0.133333333333333
"16576",0.133333333333333
"16577",0.125
"16578",0.125
"16579",0.126666666666667
"16580",0.125
"16581",0.125
"16582",0.125
"16583",0.131666666666667
"16584",0.125
"16585",0.125
"16586",0.125
"16587",0.125
"16588",0.131666666666667
"16589",0.125
"16590",0.126666666666667
"16591",0.131666666666667
"16592",0.125
"16593",0.131666666666667
"16594",0.131666666666667
"16595",0.131666666666667
"16596",0.125
"16597",0.125
"16598",0.125
"16599",0.125
"16600",0.125
"16601",0.131666666666667
"16602",0.125
"16603",0.125
"16604",0.133333333333333
"16605",0.131666666666667
"16606",0.126666666666667
"16607",0.125
"16608",0.125
"16609",0.125
"16610",0.125
"16611",0.131666666666667
"16612",0.125
"16613",0.125
"16614",0.131666666666667
"16615",0.125
"16616",0.125
"16617",0.131666666666667
"16618",0.128333333333333
"16619",0.133333333333333
"16620",0.133333333333333
"16621",0.105
"16622",0.105
"16623",0.106666666666667
"16624",0.105
"16625",0.105
"16626",0.105
"16627",0.108333333333333
"16628",0.105
"16629",0.105
"16630",0.105
"16631",0.105
"16632",0.108333333333333
"16633",0.105
"16634",0.106666666666667
"16635",0.108333333333333
"16636",0.105
"16637",0.108333333333333
"16638",0.108333333333333
"16639",0.108333333333333
"16640",0.105
"16641",0.105
"16642",0.105
"16643",0.105
"16644",0.105
"16645",0.108333333333333
"16646",0.105
"16647",0.105
"16648",0.106666666666667
"16649",0.108333333333333
"16650",0.106666666666667
"16651",0.105
"16652",0.105
"16653",0.105
"16654",0.105
"16655",0.108333333333333
"16656",0.105
"16657",0.105
"16658",0.108333333333333
"16659",0.105
"16660",0.105
"16661",0.108333333333333
"16662",0.103333333333333
"16663",0.103333333333333
"16664",0.103333333333333
"16665",0.11
"16666",0.11
"16667",0.111666666666667
"16668",0.11
"16669",0.11
"16670",0.11
"16671",0.106666666666667
"16672",0.11
"16673",0.11
"16674",0.11
"16675",0.11
"16676",0.106666666666667
"16677",0.11
"16678",0.111666666666667
"16679",0.106666666666667
"16680",0.11
"16681",0.106666666666667
"16682",0.106666666666667
"16683",0.106666666666667
"16684",0.11
"16685",0.11
"16686",0.11
"16687",0.11
"16688",0.11
"16689",0.106666666666667
"16690",0.11
"16691",0.11
"16692",0.105
"16693",0.106666666666667
"16694",0.111666666666667
"16695",0.11
"16696",0.11
"16697",0.11
"16698",0.11
"16699",0.106666666666667
"16700",0.11
"16701",0.11
"16702",0.106666666666667
"16703",0.11
"16704",0.11
"16705",0.106666666666667
"16706",0.101666666666667
"16707",0.105
"16708",0.105
"16709",0.106666666666667
"16710",0.106666666666667
"16711",0.108333333333333
"16712",0.106666666666667
"16713",0.106666666666667
"16714",0.106666666666667
"16715",0.11
"16716",0.106666666666667
"16717",0.106666666666667
"16718",0.106666666666667
"16719",0.106666666666667
"16720",0.11
"16721",0.106666666666667
"16722",0.108333333333333
"16723",0.11
"16724",0.106666666666667
"16725",0.11
"16726",0.11
"16727",0.11
"16728",0.106666666666667
"16729",0.106666666666667
"16730",0.106666666666667
"16731",0.106666666666667
"16732",0.106666666666667
"16733",0.11
"16734",0.106666666666667
"16735",0.106666666666667
"16736",0.108333333333333
"16737",0.11
"16738",0.108333333333333
"16739",0.106666666666667
"16740",0.106666666666667
"16741",0.106666666666667
"16742",0.106666666666667
"16743",0.11
"16744",0.106666666666667
"16745",0.106666666666667
"16746",0.11
"16747",0.106666666666667
"16748",0.106666666666667
"16749",0.11
"16750",0.101666666666667
"16751",0.105
"16752",0.105
"16753",0.106666666666667
"16754",0.106666666666667
"16755",0.108333333333333
"16756",0.106666666666667
"16757",0.106666666666667
"16758",0.106666666666667
"16759",0.11
"16760",0.106666666666667
"16761",0.106666666666667
"16762",0.106666666666667
"16763",0.106666666666667
"16764",0.11
"16765",0.106666666666667
"16766",0.108333333333333
"16767",0.11
"16768",0.106666666666667
"16769",0.11
"16770",0.11
"16771",0.11
"16772",0.106666666666667
"16773",0.106666666666667
"16774",0.106666666666667
"16775",0.106666666666667
"16776",0.106666666666667
"16777",0.11
"16778",0.106666666666667
"16779",0.106666666666667
"16780",0.108333333333333
"16781",0.11
"16782",0.108333333333333
"16783",0.106666666666667
"16784",0.106666666666667
"16785",0.106666666666667
"16786",0.106666666666667
"16787",0.11
"16788",0.106666666666667
"16789",0.106666666666667
"16790",0.11
"16791",0.106666666666667
"16792",0.106666666666667
"16793",0.11
"16794",0.101666666666667
"16795",0.105
"16796",0.105
"16797",0.113333333333333
"16798",0.113333333333333
"16799",0.115
"16800",0.113333333333333
"16801",0.113333333333333
"16802",0.113333333333333
"16803",0.11
"16804",0.113333333333333
"16805",0.113333333333333
"16806",0.113333333333333
"16807",0.113333333333333
"16808",0.11
"16809",0.113333333333333
"16810",0.115
"16811",0.11
"16812",0.113333333333333
"16813",0.11
"16814",0.11
"16815",0.11
"16816",0.113333333333333
"16817",0.113333333333333
"16818",0.113333333333333
"16819",0.113333333333333
"16820",0.113333333333333
"16821",0.11
"16822",0.113333333333333
"16823",0.113333333333333
"16824",0.108333333333333
"16825",0.11
"16826",0.115
"16827",0.113333333333333
"16828",0.113333333333333
"16829",0.113333333333333
"16830",0.113333333333333
"16831",0.11
"16832",0.113333333333333
"16833",0.113333333333333
"16834",0.11
"16835",0.113333333333333
"16836",0.113333333333333
"16837",0.11
"16838",0.105
"16839",0.108333333333333
"16840",0.108333333333333
"16841",0.106666666666667
"16842",0.106666666666667
"16843",0.108333333333333
"16844",0.106666666666667
"16845",0.106666666666667
"16846",0.106666666666667
"16847",0.11
"16848",0.106666666666667
"16849",0.106666666666667
"16850",0.106666666666667
"16851",0.106666666666667
"16852",0.11
"16853",0.106666666666667
"16854",0.108333333333333
"16855",0.11
"16856",0.106666666666667
"16857",0.11
"16858",0.11
"16859",0.11
"16860",0.106666666666667
"16861",0.106666666666667
"16862",0.106666666666667
"16863",0.106666666666667
"16864",0.106666666666667
"16865",0.11
"16866",0.106666666666667
"16867",0.106666666666667
"16868",0.108333333333333
"16869",0.11
"16870",0.108333333333333
"16871",0.106666666666667
"16872",0.106666666666667
"16873",0.106666666666667
"16874",0.106666666666667
"16875",0.11
"16876",0.106666666666667
"16877",0.106666666666667
"16878",0.11
"16879",0.106666666666667
"16880",0.106666666666667
"16881",0.11
"16882",0.101666666666667
"16883",0.105
"16884",0.105
"16885",0.106666666666667
"16886",0.106666666666667
"16887",0.108333333333333
"16888",0.106666666666667
"16889",0.106666666666667
"16890",0.106666666666667
"16891",0.11
"16892",0.106666666666667
"16893",0.106666666666667
"16894",0.106666666666667
"16895",0.106666666666667
"16896",0.11
"16897",0.106666666666667
"16898",0.108333333333333
"16899",0.11
"16900",0.106666666666667
"16901",0.11
"16902",0.11
"16903",0.11
"16904",0.106666666666667
"16905",0.106666666666667
"16906",0.106666666666667
"16907",0.106666666666667
"16908",0.106666666666667
"16909",0.11
"16910",0.106666666666667
"16911",0.106666666666667
"16912",0.108333333333333
"16913",0.11
"16914",0.108333333333333
"16915",0.106666666666667
"16916",0.106666666666667
"16917",0.106666666666667
"16918",0.106666666666667
"16919",0.11
"16920",0.106666666666667
"16921",0.106666666666667
"16922",0.11
"16923",0.106666666666667
"16924",0.106666666666667
"16925",0.11
"16926",0.101666666666667
"16927",0.105
"16928",0.105
"16929",0.113333333333333
"16930",0.113333333333333
"16931",0.115
"16932",0.113333333333333
"16933",0.113333333333333
"16934",0.113333333333333
"16935",0.11
"16936",0.113333333333333
"16937",0.113333333333333
"16938",0.113333333333333
"16939",0.113333333333333
"16940",0.11
"16941",0.113333333333333
"16942",0.115
"16943",0.11
"16944",0.113333333333333
"16945",0.11
"16946",0.11
"16947",0.11
"16948",0.113333333333333
"16949",0.113333333333333
"16950",0.113333333333333
"16951",0.113333333333333
"16952",0.113333333333333
"16953",0.11
"16954",0.113333333333333
"16955",0.113333333333333
"16956",0.108333333333333
"16957",0.11
"16958",0.115
"16959",0.113333333333333
"16960",0.113333333333333
"16961",0.113333333333333
"16962",0.113333333333333
"16963",0.11
"16964",0.113333333333333
"16965",0.113333333333333
"16966",0.11
"16967",0.113333333333333
"16968",0.113333333333333
"16969",0.11
"16970",0.105
"16971",0.108333333333333
"16972",0.108333333333333
"16973",0.1
"16974",0.1
"16975",0.101666666666667
"16976",0.1
"16977",0.1
"16978",0.1
"16979",0.095
"16980",0.0983333333333333
"16981",0.1
"16982",0.0983333333333333
"16983",0.1
"16984",0.095
"16985",0.0983333333333333
"16986",0.101666666666667
"16987",0.095
"16988",0.1
"16989",0.095
"16990",0.095
"16991",0.095
"16992",0.0983333333333333
"16993",0.1
"16994",0.0983333333333333
"16995",0.0983333333333333
"16996",0.0983333333333333
"16997",0.095
"16998",0.0983333333333333
"16999",0.1
"17000",0.0933333333333333
"17001",0.095
"17002",0.101666666666667
"17003",0.1
"17004",0.0983333333333333
"17005",0.1
"17006",0.1
"17007",0.095
"17008",0.0983333333333333
"17009",0.0983333333333333
"17010",0.095
"17011",0.0983333333333333
"17012",0.1
"17013",0.095
"17014",0.101666666666667
"17015",0.0966666666666667
"17016",0.0966666666666667
"17017",0.106666666666667
"17018",0.106666666666667
"17019",0.108333333333333
"17020",0.106666666666667
"17021",0.106666666666667
"17022",0.106666666666667
"17023",0.11
"17024",0.106666666666667
"17025",0.106666666666667
"17026",0.106666666666667
"17027",0.106666666666667
"17028",0.11
"17029",0.106666666666667
"17030",0.108333333333333
"17031",0.11
"17032",0.106666666666667
"17033",0.11
"17034",0.11
"17035",0.11
"17036",0.106666666666667
"17037",0.106666666666667
"17038",0.106666666666667
"17039",0.106666666666667
"17040",0.106666666666667
"17041",0.11
"17042",0.106666666666667
"17043",0.106666666666667
"17044",0.108333333333333
"17045",0.11
"17046",0.108333333333333
"17047",0.106666666666667
"17048",0.106666666666667
"17049",0.106666666666667
"17050",0.106666666666667
"17051",0.11
"17052",0.106666666666667
"17053",0.106666666666667
"17054",0.11
"17055",0.106666666666667
"17056",0.106666666666667
"17057",0.11
"17058",0.101666666666667
"17059",0.105
"17060",0.105
"17061",0.105
"17062",0.105
"17063",0.106666666666667
"17064",0.105
"17065",0.105
"17066",0.105
"17067",0.108333333333333
"17068",0.105
"17069",0.105
"17070",0.105
"17071",0.105
"17072",0.108333333333333
"17073",0.105
"17074",0.106666666666667
"17075",0.108333333333333
"17076",0.105
"17077",0.108333333333333
"17078",0.108333333333333
"17079",0.108333333333333
"17080",0.105
"17081",0.105
"17082",0.105
"17083",0.105
"17084",0.105
"17085",0.108333333333333
"17086",0.105
"17087",0.105
"17088",0.106666666666667
"17089",0.108333333333333
"17090",0.106666666666667
"17091",0.105
"17092",0.105
"17093",0.105
"17094",0.105
"17095",0.108333333333333
"17096",0.105
"17097",0.105
"17098",0.108333333333333
"17099",0.105
"17100",0.105
"17101",0.108333333333333
"17102",0.103333333333333
"17103",0.103333333333333
"17104",0.103333333333333
"17105",0.106666666666667
"17106",0.106666666666667
"17107",0.108333333333333
"17108",0.106666666666667
"17109",0.106666666666667
"17110",0.106666666666667
"17111",0.11
"17112",0.106666666666667
"17113",0.106666666666667
"17114",0.106666666666667
"17115",0.106666666666667
"17116",0.11
"17117",0.106666666666667
"17118",0.108333333333333
"17119",0.11
"17120",0.106666666666667
"17121",0.11
"17122",0.11
"17123",0.11
"17124",0.106666666666667
"17125",0.106666666666667
"17126",0.106666666666667
"17127",0.106666666666667
"17128",0.106666666666667
"17129",0.11
"17130",0.106666666666667
"17131",0.106666666666667
"17132",0.108333333333333
"17133",0.11
"17134",0.108333333333333
"17135",0.106666666666667
"17136",0.106666666666667
"17137",0.106666666666667
"17138",0.106666666666667
"17139",0.11
"17140",0.106666666666667
"17141",0.106666666666667
"17142",0.11
"17143",0.106666666666667
"17144",0.106666666666667
"17145",0.11
"17146",0.101666666666667
"17147",0.105
"17148",0.105
"17149",0.11
"17150",0.11
"17151",0.111666666666667
"17152",0.11
"17153",0.11
"17154",0.11
"17155",0.11
"17156",0.11
"17157",0.11
"17158",0.11
"17159",0.11
"17160",0.11
"17161",0.11
"17162",0.111666666666667
"17163",0.11
"17164",0.11
"17165",0.11
"17166",0.11
"17167",0.11
"17168",0.11
"17169",0.11
"17170",0.11
"17171",0.11
"17172",0.11
"17173",0.11
"17174",0.11
"17175",0.11
"17176",0.108333333333333
"17177",0.11
"17178",0.111666666666667
"17179",0.11
"17180",0.11
"17181",0.11
"17182",0.11
"17183",0.11
"17184",0.11
"17185",0.11
"17186",0.11
"17187",0.11
"17188",0.11
"17189",0.11
"17190",0.105
"17191",0.108333333333333
"17192",0.108333333333333
"17193",0.11
"17194",0.11
"17195",0.111666666666667
"17196",0.11
"17197",0.11
"17198",0.11
"17199",0.11
"17200",0.11
"17201",0.11
"17202",0.11
"17203",0.11
"17204",0.11
"17205",0.11
"17206",0.111666666666667
"17207",0.11
"17208",0.11
"17209",0.11
"17210",0.11
"17211",0.11
"17212",0.11
"17213",0.11
"17214",0.11
"17215",0.11
"17216",0.11
"17217",0.11
"17218",0.11
"17219",0.11
"17220",0.108333333333333
"17221",0.11
"17222",0.111666666666667
"17223",0.11
"17224",0.11
"17225",0.11
"17226",0.11
"17227",0.11
"17228",0.11
"17229",0.11
"17230",0.11
"17231",0.11
"17232",0.11
"17233",0.11
"17234",0.105
"17235",0.108333333333333
"17236",0.108333333333333
"17237",0.106666666666667
"17238",0.106666666666667
"17239",0.108333333333333
"17240",0.106666666666667
"17241",0.106666666666667
"17242",0.106666666666667
"17243",0.11
"17244",0.106666666666667
"17245",0.106666666666667
"17246",0.106666666666667
"17247",0.106666666666667
"17248",0.11
"17249",0.106666666666667
"17250",0.108333333333333
"17251",0.11
"17252",0.106666666666667
"17253",0.11
"17254",0.11
"17255",0.11
"17256",0.106666666666667
"17257",0.106666666666667
"17258",0.106666666666667
"17259",0.106666666666667
"17260",0.106666666666667
"17261",0.11
"17262",0.106666666666667
"17263",0.106666666666667
"17264",0.108333333333333
"17265",0.11
"17266",0.108333333333333
"17267",0.106666666666667
"17268",0.106666666666667
"17269",0.106666666666667
"17270",0.106666666666667
"17271",0.11
"17272",0.106666666666667
"17273",0.106666666666667
"17274",0.11
"17275",0.106666666666667
"17276",0.106666666666667
"17277",0.11
"17278",0.101666666666667
"17279",0.105
"17280",0.105
"17281",0.106666666666667
"17282",0.106666666666667
"17283",0.108333333333333
"17284",0.106666666666667
"17285",0.106666666666667
"17286",0.106666666666667
"17287",0.11
"17288",0.106666666666667
"17289",0.106666666666667
"17290",0.106666666666667
"17291",0.106666666666667
"17292",0.11
"17293",0.106666666666667
"17294",0.108333333333333
"17295",0.11
"17296",0.106666666666667
"17297",0.11
"17298",0.11
"17299",0.11
"17300",0.106666666666667
"17301",0.106666666666667
"17302",0.106666666666667
"17303",0.106666666666667
"17304",0.106666666666667
"17305",0.11
"17306",0.106666666666667
"17307",0.106666666666667
"17308",0.108333333333333
"17309",0.11
"17310",0.108333333333333
"17311",0.106666666666667
"17312",0.106666666666667
"17313",0.106666666666667
"17314",0.106666666666667
"17315",0.11
"17316",0.106666666666667
"17317",0.106666666666667
"17318",0.11
"17319",0.106666666666667
"17320",0.106666666666667
"17321",0.11
"17322",0.101666666666667
"17323",0.105
"17324",0.105
"17325",0.1
"17326",0.1
"17327",0.101666666666667
"17328",0.1
"17329",0.1
"17330",0.1
"17331",0.095
"17332",0.0983333333333333
"17333",0.1
"17334",0.0983333333333333
"17335",0.1
"17336",0.095
"17337",0.0983333333333333
"17338",0.101666666666667
"17339",0.095
"17340",0.1
"17341",0.095
"17342",0.095
"17343",0.095
"17344",0.0983333333333333
"17345",0.1
"17346",0.0983333333333333
"17347",0.0983333333333333
"17348",0.0983333333333333
"17349",0.095
"17350",0.0983333333333333
"17351",0.1
"17352",0.0933333333333333
"17353",0.095
"17354",0.101666666666667
"17355",0.1
"17356",0.0983333333333333
"17357",0.1
"17358",0.1
"17359",0.095
"17360",0.0983333333333333
"17361",0.0983333333333333
"17362",0.095
"17363",0.0983333333333333
"17364",0.1
"17365",0.095
"17366",0.101666666666667
"17367",0.0966666666666667
"17368",0.0966666666666667
"17369",0.106666666666667
"17370",0.106666666666667
"17371",0.108333333333333
"17372",0.106666666666667
"17373",0.106666666666667
"17374",0.106666666666667
"17375",0.105
"17376",0.105
"17377",0.106666666666667
"17378",0.105
"17379",0.106666666666667
"17380",0.105
"17381",0.105
"17382",0.108333333333333
"17383",0.105
"17384",0.106666666666667
"17385",0.105
"17386",0.105
"17387",0.105
"17388",0.105
"17389",0.106666666666667
"17390",0.105
"17391",0.105
"17392",0.105
"17393",0.105
"17394",0.105
"17395",0.106666666666667
"17396",0.103333333333333
"17397",0.105
"17398",0.108333333333333
"17399",0.106666666666667
"17400",0.105
"17401",0.106666666666667
"17402",0.106666666666667
"17403",0.105
"17404",0.105
"17405",0.105
"17406",0.105
"17407",0.105
"17408",0.106666666666667
"17409",0.105
"17410",0.108333333333333
"17411",0.101666666666667
"17412",0.101666666666667
"17413",0.111666666666667
"17414",0.111666666666667
"17415",0.113333333333333
"17416",0.111666666666667
"17417",0.111666666666667
"17418",0.111666666666667
"17419",0.111666666666667
"17420",0.111666666666667
"17421",0.111666666666667
"17422",0.111666666666667
"17423",0.111666666666667
"17424",0.111666666666667
"17425",0.111666666666667
"17426",0.113333333333333
"17427",0.111666666666667
"17428",0.111666666666667
"17429",0.111666666666667
"17430",0.111666666666667
"17431",0.111666666666667
"17432",0.111666666666667
"17433",0.111666666666667
"17434",0.111666666666667
"17435",0.111666666666667
"17436",0.111666666666667
"17437",0.111666666666667
"17438",0.111666666666667
"17439",0.111666666666667
"17440",0.11
"17441",0.111666666666667
"17442",0.113333333333333
"17443",0.111666666666667
"17444",0.111666666666667
"17445",0.111666666666667
"17446",0.111666666666667
"17447",0.111666666666667
"17448",0.111666666666667
"17449",0.111666666666667
"17450",0.111666666666667
"17451",0.111666666666667
"17452",0.111666666666667
"17453",0.111666666666667
"17454",0.106666666666667
"17455",0.11
"17456",0.11
"17457",0.106666666666667
"17458",0.106666666666667
"17459",0.108333333333333
"17460",0.106666666666667
"17461",0.106666666666667
"17462",0.106666666666667
"17463",0.105
"17464",0.105
"17465",0.106666666666667
"17466",0.105
"17467",0.106666666666667
"17468",0.105
"17469",0.105
"17470",0.108333333333333
"17471",0.105
"17472",0.106666666666667
"17473",0.105
"17474",0.105
"17475",0.105
"17476",0.105
"17477",0.106666666666667
"17478",0.105
"17479",0.105
"17480",0.105
"17481",0.105
"17482",0.105
"17483",0.106666666666667
"17484",0.103333333333333
"17485",0.105
"17486",0.108333333333333
"17487",0.106666666666667
"17488",0.105
"17489",0.106666666666667
"17490",0.106666666666667
"17491",0.105
"17492",0.105
"17493",0.105
"17494",0.105
"17495",0.105
"17496",0.106666666666667
"17497",0.105
"17498",0.108333333333333
"17499",0.101666666666667
"17500",0.101666666666667
"17501",0.106666666666667
"17502",0.106666666666667
"17503",0.108333333333333
"17504",0.106666666666667
"17505",0.106666666666667
"17506",0.106666666666667
"17507",0.105
"17508",0.105
"17509",0.106666666666667
"17510",0.105
"17511",0.106666666666667
"17512",0.105
"17513",0.105
"17514",0.108333333333333
"17515",0.105
"17516",0.106666666666667
"17517",0.105
"17518",0.105
"17519",0.105
"17520",0.105
"17521",0.106666666666667
"17522",0.105
"17523",0.105
"17524",0.105
"17525",0.105
"17526",0.105
"17527",0.106666666666667
"17528",0.103333333333333
"17529",0.105
"17530",0.108333333333333
"17531",0.106666666666667
"17532",0.105
"17533",0.106666666666667
"17534",0.106666666666667
"17535",0.105
"17536",0.105
"17537",0.105
"17538",0.105
"17539",0.105
"17540",0.106666666666667
"17541",0.105
"17542",0.108333333333333
"17543",0.101666666666667
"17544",0.101666666666667
"17545",0.108333333333333
"17546",0.108333333333333
"17547",0.11
"17548",0.108333333333333
"17549",0.108333333333333
"17550",0.108333333333333
"17551",0.106666666666667
"17552",0.106666666666667
"17553",0.108333333333333
"17554",0.106666666666667
"17555",0.108333333333333
"17556",0.106666666666667
"17557",0.106666666666667
"17558",0.11
"17559",0.106666666666667
"17560",0.108333333333333
"17561",0.106666666666667
"17562",0.106666666666667
"17563",0.106666666666667
"17564",0.106666666666667
"17565",0.108333333333333
"17566",0.106666666666667
"17567",0.106666666666667
"17568",0.106666666666667
"17569",0.106666666666667
"17570",0.106666666666667
"17571",0.108333333333333
"17572",0.105
"17573",0.106666666666667
"17574",0.11
"17575",0.108333333333333
"17576",0.106666666666667
"17577",0.108333333333333
"17578",0.108333333333333
"17579",0.106666666666667
"17580",0.106666666666667
"17581",0.106666666666667
"17582",0.106666666666667
"17583",0.106666666666667
"17584",0.108333333333333
"17585",0.106666666666667
"17586",0.106666666666667
"17587",0.1
"17588",0.1
"17589",0.11
"17590",0.11
"17591",0.111666666666667
"17592",0.11
"17593",0.11
"17594",0.11
"17595",0.11
"17596",0.11
"17597",0.11
"17598",0.11
"17599",0.11
"17600",0.11
"17601",0.11
"17602",0.111666666666667
"17603",0.11
"17604",0.11
"17605",0.11
"17606",0.11
"17607",0.11
"17608",0.11
"17609",0.11
"17610",0.11
"17611",0.11
"17612",0.11
"17613",0.11
"17614",0.11
"17615",0.11
"17616",0.108333333333333
"17617",0.11
"17618",0.111666666666667
"17619",0.11
"17620",0.11
"17621",0.11
"17622",0.11
"17623",0.11
"17624",0.11
"17625",0.11
"17626",0.11
"17627",0.11
"17628",0.11
"17629",0.11
"17630",0.105
"17631",0.108333333333333
"17632",0.108333333333333
"17633",0.105
"17634",0.105
"17635",0.106666666666667
"17636",0.105
"17637",0.105
"17638",0.105
"17639",0.108333333333333
"17640",0.105
"17641",0.105
"17642",0.105
"17643",0.105
"17644",0.108333333333333
"17645",0.105
"17646",0.106666666666667
"17647",0.108333333333333
"17648",0.105
"17649",0.108333333333333
"17650",0.108333333333333
"17651",0.108333333333333
"17652",0.105
"17653",0.105
"17654",0.105
"17655",0.105
"17656",0.105
"17657",0.108333333333333
"17658",0.105
"17659",0.105
"17660",0.106666666666667
"17661",0.108333333333333
"17662",0.106666666666667
"17663",0.105
"17664",0.105
"17665",0.105
"17666",0.105
"17667",0.108333333333333
"17668",0.105
"17669",0.105
"17670",0.108333333333333
"17671",0.105
"17672",0.105
"17673",0.108333333333333
"17674",0.103333333333333
"17675",0.103333333333333
"17676",0.103333333333333
"17677",0.1
"17678",0.1
"17679",0.101666666666667
"17680",0.1
"17681",0.1
"17682",0.1
"17683",0.095
"17684",0.0983333333333333
"17685",0.1
"17686",0.0983333333333333
"17687",0.1
"17688",0.095
"17689",0.0983333333333333
"17690",0.101666666666667
"17691",0.095
"17692",0.1
"17693",0.095
"17694",0.095
"17695",0.095
"17696",0.0983333333333333
"17697",0.1
"17698",0.0983333333333333
"17699",0.0983333333333333
"17700",0.0983333333333333
"17701",0.095
"17702",0.0983333333333333
"17703",0.1
"17704",0.0933333333333333
"17705",0.095
"17706",0.101666666666667
"17707",0.1
"17708",0.0983333333333333
"17709",0.1
"17710",0.1
"17711",0.095
"17712",0.0983333333333333
"17713",0.0983333333333333
"17714",0.095
"17715",0.0983333333333333
"17716",0.1
"17717",0.095
"17718",0.101666666666667
"17719",0.0966666666666667
"17720",0.0966666666666667
"17721",0.1
"17722",0.1
"17723",0.101666666666667
"17724",0.1
"17725",0.1
"17726",0.1
"17727",0.095
"17728",0.0983333333333333
"17729",0.1
"17730",0.0983333333333333
"17731",0.1
"17732",0.095
"17733",0.0983333333333333
"17734",0.101666666666667
"17735",0.095
"17736",0.1
"17737",0.095
"17738",0.095
"17739",0.095
"17740",0.0983333333333333
"17741",0.1
"17742",0.0983333333333333
"17743",0.0983333333333333
"17744",0.0983333333333333
"17745",0.095
"17746",0.0983333333333333
"17747",0.1
"17748",0.0933333333333333
"17749",0.095
"17750",0.101666666666667
"17751",0.1
"17752",0.0983333333333333
"17753",0.1
"17754",0.1
"17755",0.095
"17756",0.0983333333333333
"17757",0.0983333333333333
"17758",0.095
"17759",0.0983333333333333
"17760",0.1
"17761",0.095
"17762",0.101666666666667
"17763",0.0966666666666667
"17764",0.0966666666666667
"17765",0.106666666666667
"17766",0.106666666666667
"17767",0.108333333333333
"17768",0.106666666666667
"17769",0.106666666666667
"17770",0.106666666666667
"17771",0.11
"17772",0.106666666666667
"17773",0.106666666666667
"17774",0.106666666666667
"17775",0.106666666666667
"17776",0.11
"17777",0.106666666666667
"17778",0.108333333333333
"17779",0.11
"17780",0.106666666666667
"17781",0.11
"17782",0.11
"17783",0.11
"17784",0.106666666666667
"17785",0.106666666666667
"17786",0.106666666666667
"17787",0.106666666666667
"17788",0.106666666666667
"17789",0.11
"17790",0.106666666666667
"17791",0.106666666666667
"17792",0.108333333333333
"17793",0.11
"17794",0.108333333333333
"17795",0.106666666666667
"17796",0.106666666666667
"17797",0.106666666666667
"17798",0.106666666666667
"17799",0.11
"17800",0.106666666666667
"17801",0.106666666666667
"17802",0.11
"17803",0.106666666666667
"17804",0.106666666666667
"17805",0.11
"17806",0.101666666666667
"17807",0.105
"17808",0.105
"17809",0.135
"17810",0.135
"17811",0.133333333333333
"17812",0.135
"17813",0.135
"17814",0.135
"17815",0.136666666666667
"17816",0.136666666666667
"17817",0.135
"17818",0.136666666666667
"17819",0.135
"17820",0.136666666666667
"17821",0.136666666666667
"17822",0.133333333333333
"17823",0.136666666666667
"17824",0.135
"17825",0.136666666666667
"17826",0.136666666666667
"17827",0.136666666666667
"17828",0.136666666666667
"17829",0.135
"17830",0.136666666666667
"17831",0.136666666666667
"17832",0.136666666666667
"17833",0.136666666666667
"17834",0.136666666666667
"17835",0.135
"17836",0.138333333333333
"17837",0.136666666666667
"17838",0.133333333333333
"17839",0.135
"17840",0.136666666666667
"17841",0.135
"17842",0.135
"17843",0.136666666666667
"17844",0.136666666666667
"17845",0.136666666666667
"17846",0.136666666666667
"17847",0.136666666666667
"17848",0.135
"17849",0.136666666666667
"17850",0.135
"17851",0.141666666666667
"17852",0.141666666666667
"17853",0.131666666666667
"17854",0.131666666666667
"17855",0.13
"17856",0.131666666666667
"17857",0.131666666666667
"17858",0.131666666666667
"17859",0.126666666666667
"17860",0.131666666666667
"17861",0.131666666666667
"17862",0.131666666666667
"17863",0.131666666666667
"17864",0.126666666666667
"17865",0.131666666666667
"17866",0.13
"17867",0.126666666666667
"17868",0.131666666666667
"17869",0.126666666666667
"17870",0.126666666666667
"17871",0.126666666666667
"17872",0.131666666666667
"17873",0.131666666666667
"17874",0.131666666666667
"17875",0.131666666666667
"17876",0.131666666666667
"17877",0.126666666666667
"17878",0.131666666666667
"17879",0.131666666666667
"17880",0.128333333333333
"17881",0.126666666666667
"17882",0.13
"17883",0.131666666666667
"17884",0.131666666666667
"17885",0.131666666666667
"17886",0.131666666666667
"17887",0.126666666666667
"17888",0.131666666666667
"17889",0.131666666666667
"17890",0.126666666666667
"17891",0.131666666666667
"17892",0.131666666666667
"17893",0.126666666666667
"17894",0.125
"17895",0.128333333333333
"17896",0.128333333333333
"17897",0.131666666666667
"17898",0.131666666666667
"17899",0.13
"17900",0.131666666666667
"17901",0.131666666666667
"17902",0.131666666666667
"17903",0.126666666666667
"17904",0.131666666666667
"17905",0.131666666666667
"17906",0.131666666666667
"17907",0.131666666666667
"17908",0.126666666666667
"17909",0.131666666666667
"17910",0.13
"17911",0.126666666666667
"17912",0.131666666666667
"17913",0.126666666666667
"17914",0.126666666666667
"17915",0.126666666666667
"17916",0.131666666666667
"17917",0.131666666666667
"17918",0.131666666666667
"17919",0.131666666666667
"17920",0.131666666666667
"17921",0.126666666666667
"17922",0.131666666666667
"17923",0.131666666666667
"17924",0.128333333333333
"17925",0.126666666666667
"17926",0.13
"17927",0.131666666666667
"17928",0.131666666666667
"17929",0.131666666666667
"17930",0.131666666666667
"17931",0.126666666666667
"17932",0.131666666666667
"17933",0.131666666666667
"17934",0.126666666666667
"17935",0.131666666666667
"17936",0.131666666666667
"17937",0.126666666666667
"17938",0.125
"17939",0.128333333333333
"17940",0.128333333333333
"17941",0.136666666666667
"17942",0.136666666666667
"17943",0.135
"17944",0.136666666666667
"17945",0.136666666666667
"17946",0.136666666666667
"17947",0.128333333333333
"17948",0.136666666666667
"17949",0.136666666666667
"17950",0.136666666666667
"17951",0.136666666666667
"17952",0.128333333333333
"17953",0.136666666666667
"17954",0.135
"17955",0.128333333333333
"17956",0.136666666666667
"17957",0.128333333333333
"17958",0.128333333333333
"17959",0.128333333333333
"17960",0.136666666666667
"17961",0.136666666666667
"17962",0.136666666666667
"17963",0.136666666666667
"17964",0.136666666666667
"17965",0.128333333333333
"17966",0.136666666666667
"17967",0.136666666666667
"17968",0.13
"17969",0.128333333333333
"17970",0.135
"17971",0.136666666666667
"17972",0.136666666666667
"17973",0.136666666666667
"17974",0.136666666666667
"17975",0.128333333333333
"17976",0.136666666666667
"17977",0.136666666666667
"17978",0.128333333333333
"17979",0.136666666666667
"17980",0.136666666666667
"17981",0.128333333333333
"17982",0.13
"17983",0.126666666666667
"17984",0.126666666666667
"17985",0.105
"17986",0.105
"17987",0.105
"17988",0.105
"17989",0.105
"17990",0.105
"17991",0.108333333333333
"17992",0.106666666666667
"17993",0.105
"17994",0.106666666666667
"17995",0.105
"17996",0.108333333333333
"17997",0.106666666666667
"17998",0.105
"17999",0.108333333333333
"18000",0.105
"18001",0.108333333333333
"18002",0.108333333333333
"18003",0.108333333333333
"18004",0.106666666666667
"18005",0.105
"18006",0.106666666666667
"18007",0.106666666666667
"18008",0.106666666666667
"18009",0.108333333333333
"18010",0.106666666666667
"18011",0.105
"18012",0.11
"18013",0.108333333333333
"18014",0.105
"18015",0.105
"18016",0.106666666666667
"18017",0.105
"18018",0.105
"18019",0.108333333333333
"18020",0.106666666666667
"18021",0.106666666666667
"18022",0.108333333333333
"18023",0.106666666666667
"18024",0.105
"18025",0.108333333333333
"18026",0.11
"18027",0.111666666666667
"18028",0.111666666666667
"18029",0.105
"18030",0.105
"18031",0.105
"18032",0.105
"18033",0.105
"18034",0.105
"18035",0.108333333333333
"18036",0.106666666666667
"18037",0.105
"18038",0.106666666666667
"18039",0.105
"18040",0.108333333333333
"18041",0.106666666666667
"18042",0.105
"18043",0.108333333333333
"18044",0.105
"18045",0.108333333333333
"18046",0.108333333333333
"18047",0.108333333333333
"18048",0.106666666666667
"18049",0.105
"18050",0.106666666666667
"18051",0.106666666666667
"18052",0.106666666666667
"18053",0.108333333333333
"18054",0.106666666666667
"18055",0.105
"18056",0.11
"18057",0.108333333333333
"18058",0.105
"18059",0.105
"18060",0.106666666666667
"18061",0.105
"18062",0.105
"18063",0.108333333333333
"18064",0.106666666666667
"18065",0.106666666666667
"18066",0.108333333333333
"18067",0.106666666666667
"18068",0.105
"18069",0.108333333333333
"18070",0.11
"18071",0.111666666666667
"18072",0.111666666666667
"18073",0.105
"18074",0.105
"18075",0.105
"18076",0.105
"18077",0.105
"18078",0.105
"18079",0.108333333333333
"18080",0.106666666666667
"18081",0.105
"18082",0.106666666666667
"18083",0.105
"18084",0.108333333333333
"18085",0.106666666666667
"18086",0.105
"18087",0.108333333333333
"18088",0.105
"18089",0.108333333333333
"18090",0.108333333333333
"18091",0.108333333333333
"18092",0.106666666666667
"18093",0.105
"18094",0.106666666666667
"18095",0.106666666666667
"18096",0.106666666666667
"18097",0.108333333333333
"18098",0.106666666666667
"18099",0.105
"18100",0.11
"18101",0.108333333333333
"18102",0.105
"18103",0.105
"18104",0.106666666666667
"18105",0.105
"18106",0.105
"18107",0.108333333333333
"18108",0.106666666666667
"18109",0.106666666666667
"18110",0.108333333333333
"18111",0.106666666666667
"18112",0.105
"18113",0.108333333333333
"18114",0.11
"18115",0.111666666666667
"18116",0.111666666666667
"18117",0.03
"18118",0.03
"18119",0.0316666666666667
"18120",0.03
"18121",0.03
"18122",0.03
"18123",0.0316666666666667
"18124",0.0283333333333333
"18125",0.03
"18126",0.0283333333333333
"18127",0.03
"18128",0.0316666666666667
"18129",0.0283333333333333
"18130",0.0316666666666667
"18131",0.0316666666666667
"18132",0.03
"18133",0.0316666666666667
"18134",0.0316666666666667
"18135",0.0316666666666667
"18136",0.0283333333333333
"18137",0.03
"18138",0.0283333333333333
"18139",0.0283333333333333
"18140",0.0283333333333333
"18141",0.0316666666666667
"18142",0.0283333333333333
"18143",0.03
"18144",0.0333333333333333
"18145",0.0316666666666667
"18146",0.0316666666666667
"18147",0.03
"18148",0.0283333333333333
"18149",0.03
"18150",0.03
"18151",0.0316666666666667
"18152",0.0283333333333333
"18153",0.0283333333333333
"18154",0.0316666666666667
"18155",0.0283333333333333
"18156",0.03
"18157",0.0316666666666667
"18158",0.0416666666666667
"18159",0.0366666666666667
"18160",0.0366666666666667
"18161",0.0283333333333333
"18162",0.0283333333333333
"18163",0.03
"18164",0.0283333333333333
"18165",0.0283333333333333
"18166",0.0283333333333333
"18167",0.0333333333333333
"18168",0.0266666666666667
"18169",0.0283333333333333
"18170",0.0266666666666667
"18171",0.0283333333333333
"18172",0.0333333333333333
"18173",0.0266666666666667
"18174",0.03
"18175",0.0333333333333333
"18176",0.0283333333333333
"18177",0.0333333333333333
"18178",0.0333333333333333
"18179",0.0333333333333333
"18180",0.0266666666666667
"18181",0.0283333333333333
"18182",0.0266666666666667
"18183",0.0266666666666667
"18184",0.0266666666666667
"18185",0.0333333333333333
"18186",0.0266666666666667
"18187",0.0283333333333333
"18188",0.035
"18189",0.0333333333333333
"18190",0.03
"18191",0.0283333333333333
"18192",0.0266666666666667
"18193",0.0283333333333333
"18194",0.0283333333333333
"18195",0.0333333333333333
"18196",0.0266666666666667
"18197",0.0266666666666667
"18198",0.0333333333333333
"18199",0.0266666666666667
"18200",0.0283333333333333
"18201",0.0333333333333333
"18202",0.04
"18203",0.0383333333333333
"18204",0.0383333333333333
"18205",0.0283333333333333
"18206",0.0283333333333333
"18207",0.03
"18208",0.0283333333333333
"18209",0.0283333333333333
"18210",0.0283333333333333
"18211",0.03
"18212",0.0266666666666667
"18213",0.0283333333333333
"18214",0.0266666666666667
"18215",0.0283333333333333
"18216",0.03
"18217",0.0266666666666667
"18218",0.03
"18219",0.03
"18220",0.0283333333333333
"18221",0.03
"18222",0.03
"18223",0.03
"18224",0.0266666666666667
"18225",0.0283333333333333
"18226",0.0266666666666667
"18227",0.0266666666666667
"18228",0.0266666666666667
"18229",0.03
"18230",0.0266666666666667
"18231",0.0283333333333333
"18232",0.0316666666666667
"18233",0.03
"18234",0.03
"18235",0.0283333333333333
"18236",0.0266666666666667
"18237",0.0283333333333333
"18238",0.0283333333333333
"18239",0.03
"18240",0.0266666666666667
"18241",0.0266666666666667
"18242",0.03
"18243",0.0266666666666667
"18244",0.0283333333333333
"18245",0.03
"18246",0.04
"18247",0.035
"18248",0.035
"18249",0.03
"18250",0.03
"18251",0.0316666666666667
"18252",0.03
"18253",0.03
"18254",0.03
"18255",0.0316666666666667
"18256",0.0283333333333333
"18257",0.03
"18258",0.0283333333333333
"18259",0.03
"18260",0.0316666666666667
"18261",0.0283333333333333
"18262",0.0316666666666667
"18263",0.0316666666666667
"18264",0.03
"18265",0.0316666666666667
"18266",0.0316666666666667
"18267",0.0316666666666667
"18268",0.0283333333333333
"18269",0.03
"18270",0.0283333333333333
"18271",0.0283333333333333
"18272",0.0283333333333333
"18273",0.0316666666666667
"18274",0.0283333333333333
"18275",0.03
"18276",0.0333333333333333
"18277",0.0316666666666667
"18278",0.0316666666666667
"18279",0.03
"18280",0.0283333333333333
"18281",0.03
"18282",0.03
"18283",0.0316666666666667
"18284",0.0283333333333333
"18285",0.0283333333333333
"18286",0.0316666666666667
"18287",0.0283333333333333
"18288",0.03
"18289",0.0316666666666667
"18290",0.0416666666666667
"18291",0.0366666666666667
"18292",0.0366666666666667
"18293",0.0283333333333333
"18294",0.0283333333333333
"18295",0.03
"18296",0.0283333333333333
"18297",0.0283333333333333
"18298",0.0283333333333333
"18299",0.03
"18300",0.0266666666666667
"18301",0.0283333333333333
"18302",0.0266666666666667
"18303",0.0283333333333333
"18304",0.03
"18305",0.0266666666666667
"18306",0.03
"18307",0.03
"18308",0.0283333333333333
"18309",0.03
"18310",0.03
"18311",0.03
"18312",0.0266666666666667
"18313",0.0283333333333333
"18314",0.0266666666666667
"18315",0.0266666666666667
"18316",0.0266666666666667
"18317",0.03
"18318",0.0266666666666667
"18319",0.0283333333333333
"18320",0.0316666666666667
"18321",0.03
"18322",0.03
"18323",0.0283333333333333
"18324",0.0266666666666667
"18325",0.0283333333333333
"18326",0.0283333333333333
"18327",0.03
"18328",0.0266666666666667
"18329",0.0266666666666667
"18330",0.03
"18331",0.0266666666666667
"18332",0.0283333333333333
"18333",0.03
"18334",0.04
"18335",0.035
"18336",0.035
"18337",0.0283333333333333
"18338",0.0283333333333333
"18339",0.03
"18340",0.0283333333333333
"18341",0.0283333333333333
"18342",0.0283333333333333
"18343",0.03
"18344",0.0266666666666667
"18345",0.0283333333333333
"18346",0.0266666666666667
"18347",0.0283333333333333
"18348",0.03
"18349",0.0266666666666667
"18350",0.03
"18351",0.03
"18352",0.0283333333333333
"18353",0.03
"18354",0.03
"18355",0.03
"18356",0.0266666666666667
"18357",0.0283333333333333
"18358",0.0266666666666667
"18359",0.0266666666666667
"18360",0.0266666666666667
"18361",0.03
"18362",0.0266666666666667
"18363",0.0283333333333333
"18364",0.0316666666666667
"18365",0.03
"18366",0.03
"18367",0.0283333333333333
"18368",0.0266666666666667
"18369",0.0283333333333333
"18370",0.0283333333333333
"18371",0.03
"18372",0.0266666666666667
"18373",0.0266666666666667
"18374",0.03
"18375",0.0266666666666667
"18376",0.0283333333333333
"18377",0.03
"18378",0.04
"18379",0.035
"18380",0.035
"18381",0.03
"18382",0.03
"18383",0.0316666666666667
"18384",0.03
"18385",0.03
"18386",0.03
"18387",0.0316666666666667
"18388",0.0283333333333333
"18389",0.03
"18390",0.0283333333333333
"18391",0.03
"18392",0.0316666666666667
"18393",0.0283333333333333
"18394",0.0316666666666667
"18395",0.0316666666666667
"18396",0.03
"18397",0.0316666666666667
"18398",0.0316666666666667
"18399",0.0316666666666667
"18400",0.0283333333333333
"18401",0.03
"18402",0.0283333333333333
"18403",0.0283333333333333
"18404",0.0283333333333333
"18405",0.0316666666666667
"18406",0.0283333333333333
"18407",0.03
"18408",0.0333333333333333
"18409",0.0316666666666667
"18410",0.0316666666666667
"18411",0.03
"18412",0.0283333333333333
"18413",0.03
"18414",0.03
"18415",0.0316666666666667
"18416",0.0283333333333333
"18417",0.0283333333333333
"18418",0.0316666666666667
"18419",0.0283333333333333
"18420",0.03
"18421",0.0316666666666667
"18422",0.0416666666666667
"18423",0.0366666666666667
"18424",0.0366666666666667
"18425",0.03
"18426",0.03
"18427",0.0316666666666667
"18428",0.03
"18429",0.03
"18430",0.03
"18431",0.0316666666666667
"18432",0.0283333333333333
"18433",0.03
"18434",0.0283333333333333
"18435",0.03
"18436",0.0316666666666667
"18437",0.0283333333333333
"18438",0.0316666666666667
"18439",0.0316666666666667
"18440",0.03
"18441",0.0316666666666667
"18442",0.0316666666666667
"18443",0.0316666666666667
"18444",0.0283333333333333
"18445",0.03
"18446",0.0283333333333333
"18447",0.0283333333333333
"18448",0.0283333333333333
"18449",0.0316666666666667
"18450",0.0283333333333333
"18451",0.03
"18452",0.0333333333333333
"18453",0.0316666666666667
"18454",0.0316666666666667
"18455",0.03
"18456",0.0283333333333333
"18457",0.03
"18458",0.03
"18459",0.0316666666666667
"18460",0.0283333333333333
"18461",0.0283333333333333
"18462",0.0316666666666667
"18463",0.0283333333333333
"18464",0.03
"18465",0.0316666666666667
"18466",0.0416666666666667
"18467",0.0366666666666667
"18468",0.0366666666666667
"18469",0.03
"18470",0.03
"18471",0.0316666666666667
"18472",0.03
"18473",0.03
"18474",0.03
"18475",0.0316666666666667
"18476",0.0283333333333333
"18477",0.03
"18478",0.0283333333333333
"18479",0.03
"18480",0.0316666666666667
"18481",0.0283333333333333
"18482",0.0316666666666667
"18483",0.0316666666666667
"18484",0.03
"18485",0.0316666666666667
"18486",0.0316666666666667
"18487",0.0316666666666667
"18488",0.0283333333333333
"18489",0.03
"18490",0.0283333333333333
"18491",0.0283333333333333
"18492",0.0283333333333333
"18493",0.0316666666666667
"18494",0.0283333333333333
"18495",0.03
"18496",0.0333333333333333
"18497",0.0316666666666667
"18498",0.0316666666666667
"18499",0.03
"18500",0.0283333333333333
"18501",0.03
"18502",0.03
"18503",0.0316666666666667
"18504",0.0283333333333333
"18505",0.0283333333333333
"18506",0.0316666666666667
"18507",0.0283333333333333
"18508",0.03
"18509",0.0316666666666667
"18510",0.0416666666666667
"18511",0.0366666666666667
"18512",0.0366666666666667
"18513",0.03
"18514",0.03
"18515",0.0316666666666667
"18516",0.03
"18517",0.03
"18518",0.03
"18519",0.0316666666666667
"18520",0.0283333333333333
"18521",0.03
"18522",0.0283333333333333
"18523",0.03
"18524",0.0316666666666667
"18525",0.0283333333333333
"18526",0.0316666666666667
"18527",0.0316666666666667
"18528",0.03
"18529",0.0316666666666667
"18530",0.0316666666666667
"18531",0.0316666666666667
"18532",0.0283333333333333
"18533",0.03
"18534",0.0283333333333333
"18535",0.0283333333333333
"18536",0.0283333333333333
"18537",0.0316666666666667
"18538",0.0283333333333333
"18539",0.03
"18540",0.0333333333333333
"18541",0.0316666666666667
"18542",0.0316666666666667
"18543",0.03
"18544",0.0283333333333333
"18545",0.03
"18546",0.03
"18547",0.0316666666666667
"18548",0.0283333333333333
"18549",0.0283333333333333
"18550",0.0316666666666667
"18551",0.0283333333333333
"18552",0.03
"18553",0.0316666666666667
"18554",0.0416666666666667
"18555",0.0366666666666667
"18556",0.0366666666666667
"18557",0.03
"18558",0.03
"18559",0.0316666666666667
"18560",0.03
"18561",0.03
"18562",0.03
"18563",0.0316666666666667
"18564",0.0283333333333333
"18565",0.03
"18566",0.0283333333333333
"18567",0.03
"18568",0.0316666666666667
"18569",0.0283333333333333
"18570",0.0316666666666667
"18571",0.0316666666666667
"18572",0.03
"18573",0.0316666666666667
"18574",0.0316666666666667
"18575",0.0316666666666667
"18576",0.0283333333333333
"18577",0.03
"18578",0.0283333333333333
"18579",0.0283333333333333
"18580",0.0283333333333333
"18581",0.0316666666666667
"18582",0.0283333333333333
"18583",0.03
"18584",0.0333333333333333
"18585",0.0316666666666667
"18586",0.0316666666666667
"18587",0.03
"18588",0.0283333333333333
"18589",0.03
"18590",0.03
"18591",0.0316666666666667
"18592",0.0283333333333333
"18593",0.0283333333333333
"18594",0.0316666666666667
"18595",0.0283333333333333
"18596",0.03
"18597",0.0316666666666667
"18598",0.0416666666666667
"18599",0.0366666666666667
"18600",0.0366666666666667
"18601",0.0283333333333333
"18602",0.0283333333333333
"18603",0.03
"18604",0.0283333333333333
"18605",0.0283333333333333
"18606",0.0283333333333333
"18607",0.03
"18608",0.0266666666666667
"18609",0.0283333333333333
"18610",0.0266666666666667
"18611",0.0283333333333333
"18612",0.03
"18613",0.0266666666666667
"18614",0.03
"18615",0.03
"18616",0.0283333333333333
"18617",0.03
"18618",0.03
"18619",0.03
"18620",0.0266666666666667
"18621",0.0283333333333333
"18622",0.0266666666666667
"18623",0.0266666666666667
"18624",0.0266666666666667
"18625",0.03
"18626",0.0266666666666667
"18627",0.0283333333333333
"18628",0.0316666666666667
"18629",0.03
"18630",0.03
"18631",0.0283333333333333
"18632",0.0266666666666667
"18633",0.0283333333333333
"18634",0.0283333333333333
"18635",0.03
"18636",0.0266666666666667
"18637",0.0266666666666667
"18638",0.03
"18639",0.0266666666666667
"18640",0.0283333333333333
"18641",0.03
"18642",0.04
"18643",0.035
"18644",0.035
"18645",0.03
"18646",0.03
"18647",0.0316666666666667
"18648",0.03
"18649",0.03
"18650",0.03
"18651",0.0316666666666667
"18652",0.0283333333333333
"18653",0.03
"18654",0.0283333333333333
"18655",0.03
"18656",0.0316666666666667
"18657",0.0283333333333333
"18658",0.0316666666666667
"18659",0.0316666666666667
"18660",0.03
"18661",0.0316666666666667
"18662",0.0316666666666667
"18663",0.0316666666666667
"18664",0.0283333333333333
"18665",0.03
"18666",0.0283333333333333
"18667",0.0283333333333333
"18668",0.0283333333333333
"18669",0.0316666666666667
"18670",0.0283333333333333
"18671",0.03
"18672",0.0333333333333333
"18673",0.0316666666666667
"18674",0.0316666666666667
"18675",0.03
"18676",0.0283333333333333
"18677",0.03
"18678",0.03
"18679",0.0316666666666667
"18680",0.0283333333333333
"18681",0.0283333333333333
"18682",0.0316666666666667
"18683",0.0283333333333333
"18684",0.03
"18685",0.0316666666666667
"18686",0.0416666666666667
"18687",0.0366666666666667
"18688",0.0366666666666667
"18689",0.03
"18690",0.03
"18691",0.0316666666666667
"18692",0.03
"18693",0.03
"18694",0.03
"18695",0.0316666666666667
"18696",0.0283333333333333
"18697",0.03
"18698",0.0283333333333333
"18699",0.03
"18700",0.0316666666666667
"18701",0.0283333333333333
"18702",0.0316666666666667
"18703",0.0316666666666667
"18704",0.03
"18705",0.0316666666666667
"18706",0.0316666666666667
"18707",0.0316666666666667
"18708",0.0283333333333333
"18709",0.03
"18710",0.0283333333333333
"18711",0.0283333333333333
"18712",0.0283333333333333
"18713",0.0316666666666667
"18714",0.0283333333333333
"18715",0.03
"18716",0.0333333333333333
"18717",0.0316666666666667
"18718",0.0316666666666667
"18719",0.03
"18720",0.0283333333333333
"18721",0.03
"18722",0.03
"18723",0.0316666666666667
"18724",0.0283333333333333
"18725",0.0283333333333333
"18726",0.0316666666666667
"18727",0.0283333333333333
"18728",0.03
"18729",0.0316666666666667
"18730",0.0416666666666667
"18731",0.0366666666666667
"18732",0.0366666666666667
"18733",0.03
"18734",0.03
"18735",0.0316666666666667
"18736",0.03
"18737",0.03
"18738",0.03
"18739",0.0316666666666667
"18740",0.0283333333333333
"18741",0.03
"18742",0.0283333333333333
"18743",0.03
"18744",0.0316666666666667
"18745",0.0283333333333333
"18746",0.0316666666666667
"18747",0.0316666666666667
"18748",0.03
"18749",0.0316666666666667
"18750",0.0316666666666667
"18751",0.0316666666666667
"18752",0.0283333333333333
"18753",0.03
"18754",0.0283333333333333
"18755",0.0283333333333333
"18756",0.0283333333333333
"18757",0.0316666666666667
"18758",0.0283333333333333
"18759",0.03
"18760",0.0333333333333333
"18761",0.0316666666666667
"18762",0.0316666666666667
"18763",0.03
"18764",0.0283333333333333
"18765",0.03
"18766",0.03
"18767",0.0316666666666667
"18768",0.0283333333333333
"18769",0.0283333333333333
"18770",0.0316666666666667
"18771",0.0283333333333333
"18772",0.03
"18773",0.0316666666666667
"18774",0.0416666666666667
"18775",0.0366666666666667
"18776",0.0366666666666667
"18777",0.03
"18778",0.03
"18779",0.0316666666666667
"18780",0.03
"18781",0.03
"18782",0.03
"18783",0.0316666666666667
"18784",0.0283333333333333
"18785",0.03
"18786",0.0283333333333333
"18787",0.03
"18788",0.0316666666666667
"18789",0.0283333333333333
"18790",0.0316666666666667
"18791",0.0316666666666667
"18792",0.03
"18793",0.0316666666666667
"18794",0.0316666666666667
"18795",0.0316666666666667
"18796",0.0283333333333333
"18797",0.03
"18798",0.0283333333333333
"18799",0.0283333333333333
"18800",0.0283333333333333
"18801",0.0316666666666667
"18802",0.0283333333333333
"18803",0.03
"18804",0.0333333333333333
"18805",0.0316666666666667
"18806",0.0316666666666667
"18807",0.03
"18808",0.0283333333333333
"18809",0.03
"18810",0.03
"18811",0.0316666666666667
"18812",0.0283333333333333
"18813",0.0283333333333333
"18814",0.0316666666666667
"18815",0.0283333333333333
"18816",0.03
"18817",0.0316666666666667
"18818",0.0416666666666667
"18819",0.0366666666666667
"18820",0.0366666666666667
"18821",0.103333333333333
"18822",0.103333333333333
"18823",0.105
"18824",0.103333333333333
"18825",0.103333333333333
"18826",0.103333333333333
"18827",0.095
"18828",0.101666666666667
"18829",0.103333333333333
"18830",0.101666666666667
"18831",0.103333333333333
"18832",0.095
"18833",0.101666666666667
"18834",0.105
"18835",0.095
"18836",0.103333333333333
"18837",0.095
"18838",0.095
"18839",0.095
"18840",0.101666666666667
"18841",0.103333333333333
"18842",0.101666666666667
"18843",0.101666666666667
"18844",0.101666666666667
"18845",0.095
"18846",0.101666666666667
"18847",0.103333333333333
"18848",0.0966666666666667
"18849",0.095
"18850",0.105
"18851",0.103333333333333
"18852",0.101666666666667
"18853",0.103333333333333
"18854",0.103333333333333
"18855",0.095
"18856",0.101666666666667
"18857",0.101666666666667
"18858",0.095
"18859",0.101666666666667
"18860",0.103333333333333
"18861",0.095
"18862",0.101666666666667
"18863",0.101666666666667
"18864",0.101666666666667
"18865",0.103333333333333
"18866",0.103333333333333
"18867",0.105
"18868",0.103333333333333
"18869",0.103333333333333
"18870",0.103333333333333
"18871",0.095
"18872",0.101666666666667
"18873",0.103333333333333
"18874",0.101666666666667
"18875",0.103333333333333
"18876",0.095
"18877",0.101666666666667
"18878",0.105
"18879",0.095
"18880",0.103333333333333
"18881",0.095
"18882",0.095
"18883",0.095
"18884",0.101666666666667
"18885",0.103333333333333
"18886",0.101666666666667
"18887",0.101666666666667
"18888",0.101666666666667
"18889",0.095
"18890",0.101666666666667
"18891",0.103333333333333
"18892",0.0966666666666667
"18893",0.095
"18894",0.105
"18895",0.103333333333333
"18896",0.101666666666667
"18897",0.103333333333333
"18898",0.103333333333333
"18899",0.095
"18900",0.101666666666667
"18901",0.101666666666667
"18902",0.095
"18903",0.101666666666667
"18904",0.103333333333333
"18905",0.095
"18906",0.0983333333333333
"18907",0.101666666666667
"18908",0.101666666666667
"18909",0.105
"18910",0.105
"18911",0.106666666666667
"18912",0.105
"18913",0.105
"18914",0.105
"18915",0.0966666666666667
"18916",0.103333333333333
"18917",0.105
"18918",0.103333333333333
"18919",0.105
"18920",0.0966666666666667
"18921",0.103333333333333
"18922",0.106666666666667
"18923",0.0966666666666667
"18924",0.105
"18925",0.0966666666666667
"18926",0.0966666666666667
"18927",0.0966666666666667
"18928",0.103333333333333
"18929",0.105
"18930",0.103333333333333
"18931",0.103333333333333
"18932",0.103333333333333
"18933",0.0966666666666667
"18934",0.103333333333333
"18935",0.105
"18936",0.0983333333333333
"18937",0.0966666666666667
"18938",0.106666666666667
"18939",0.105
"18940",0.103333333333333
"18941",0.105
"18942",0.105
"18943",0.0966666666666667
"18944",0.103333333333333
"18945",0.103333333333333
"18946",0.0966666666666667
"18947",0.103333333333333
"18948",0.105
"18949",0.0966666666666667
"18950",0.103333333333333
"18951",0.103333333333333
"18952",0.103333333333333
"18953",0.101666666666667
"18954",0.101666666666667
"18955",0.103333333333333
"18956",0.101666666666667
"18957",0.101666666666667
"18958",0.101666666666667
"18959",0.106666666666667
"18960",0.103333333333333
"18961",0.101666666666667
"18962",0.103333333333333
"18963",0.101666666666667
"18964",0.106666666666667
"18965",0.103333333333333
"18966",0.103333333333333
"18967",0.106666666666667
"18968",0.101666666666667
"18969",0.106666666666667
"18970",0.106666666666667
"18971",0.106666666666667
"18972",0.103333333333333
"18973",0.101666666666667
"18974",0.103333333333333
"18975",0.103333333333333
"18976",0.103333333333333
"18977",0.106666666666667
"18978",0.103333333333333
"18979",0.101666666666667
"18980",0.105
"18981",0.106666666666667
"18982",0.103333333333333
"18983",0.101666666666667
"18984",0.103333333333333
"18985",0.101666666666667
"18986",0.101666666666667
"18987",0.106666666666667
"18988",0.103333333333333
"18989",0.103333333333333
"18990",0.106666666666667
"18991",0.103333333333333
"18992",0.101666666666667
"18993",0.106666666666667
"18994",0.1
"18995",0.0966666666666667
"18996",0.0966666666666667
"18997",0.101666666666667
"18998",0.101666666666667
"18999",0.103333333333333
"19000",0.101666666666667
"19001",0.101666666666667
"19002",0.101666666666667
"19003",0.106666666666667
"19004",0.103333333333333
"19005",0.101666666666667
"19006",0.103333333333333
"19007",0.101666666666667
"19008",0.106666666666667
"19009",0.103333333333333
"19010",0.103333333333333
"19011",0.106666666666667
"19012",0.101666666666667
"19013",0.106666666666667
"19014",0.106666666666667
"19015",0.106666666666667
"19016",0.103333333333333
"19017",0.101666666666667
"19018",0.103333333333333
"19019",0.103333333333333
"19020",0.103333333333333
"19021",0.106666666666667
"19022",0.103333333333333
"19023",0.101666666666667
"19024",0.105
"19025",0.106666666666667
"19026",0.103333333333333
"19027",0.101666666666667
"19028",0.103333333333333
"19029",0.101666666666667
"19030",0.101666666666667
"19031",0.106666666666667
"19032",0.103333333333333
"19033",0.103333333333333
"19034",0.106666666666667
"19035",0.103333333333333
"19036",0.101666666666667
"19037",0.106666666666667
"19038",0.1
"19039",0.0966666666666667
"19040",0.0966666666666667
"19041",0.101666666666667
"19042",0.101666666666667
"19043",0.103333333333333
"19044",0.101666666666667
"19045",0.101666666666667
"19046",0.101666666666667
"19047",0.106666666666667
"19048",0.103333333333333
"19049",0.101666666666667
"19050",0.103333333333333
"19051",0.101666666666667
"19052",0.106666666666667
"19053",0.103333333333333
"19054",0.103333333333333
"19055",0.106666666666667
"19056",0.101666666666667
"19057",0.106666666666667
"19058",0.106666666666667
"19059",0.106666666666667
"19060",0.103333333333333
"19061",0.101666666666667
"19062",0.103333333333333
"19063",0.103333333333333
"19064",0.103333333333333
"19065",0.106666666666667
"19066",0.103333333333333
"19067",0.101666666666667
"19068",0.105
"19069",0.106666666666667
"19070",0.103333333333333
"19071",0.101666666666667
"19072",0.103333333333333
"19073",0.101666666666667
"19074",0.101666666666667
"19075",0.106666666666667
"19076",0.103333333333333
"19077",0.103333333333333
"19078",0.106666666666667
"19079",0.103333333333333
"19080",0.101666666666667
"19081",0.106666666666667
"19082",0.1
"19083",0.0966666666666667
"19084",0.0966666666666667
"19085",0.131666666666667
"19086",0.131666666666667
"19087",0.133333333333333
"19088",0.131666666666667
"19089",0.131666666666667
"19090",0.131666666666667
"19091",0.135
"19092",0.131666666666667
"19093",0.131666666666667
"19094",0.131666666666667
"19095",0.131666666666667
"19096",0.135
"19097",0.131666666666667
"19098",0.133333333333333
"19099",0.135
"19100",0.131666666666667
"19101",0.135
"19102",0.135
"19103",0.135
"19104",0.131666666666667
"19105",0.131666666666667
"19106",0.131666666666667
"19107",0.131666666666667
"19108",0.131666666666667
"19109",0.135
"19110",0.131666666666667
"19111",0.131666666666667
"19112",0.136666666666667
"19113",0.135
"19114",0.133333333333333
"19115",0.131666666666667
"19116",0.131666666666667
"19117",0.131666666666667
"19118",0.131666666666667
"19119",0.135
"19120",0.131666666666667
"19121",0.131666666666667
"19122",0.135
"19123",0.131666666666667
"19124",0.131666666666667
"19125",0.135
"19126",0.135
"19127",0.135
"19128",0.135
"19129",0.131666666666667
"19130",0.131666666666667
"19131",0.133333333333333
"19132",0.131666666666667
"19133",0.131666666666667
"19134",0.131666666666667
"19135",0.135
"19136",0.131666666666667
"19137",0.131666666666667
"19138",0.131666666666667
"19139",0.131666666666667
"19140",0.135
"19141",0.131666666666667
"19142",0.133333333333333
"19143",0.135
"19144",0.131666666666667
"19145",0.135
"19146",0.135
"19147",0.135
"19148",0.131666666666667
"19149",0.131666666666667
"19150",0.131666666666667
"19151",0.131666666666667
"19152",0.131666666666667
"19153",0.135
"19154",0.131666666666667
"19155",0.131666666666667
"19156",0.136666666666667
"19157",0.135
"19158",0.133333333333333
"19159",0.131666666666667
"19160",0.131666666666667
"19161",0.131666666666667
"19162",0.131666666666667
"19163",0.135
"19164",0.131666666666667
"19165",0.131666666666667
"19166",0.135
"19167",0.131666666666667
"19168",0.131666666666667
"19169",0.135
"19170",0.131666666666667
"19171",0.135
"19172",0.135
"19173",0.131666666666667
"19174",0.131666666666667
"19175",0.133333333333333
"19176",0.131666666666667
"19177",0.131666666666667
"19178",0.131666666666667
"19179",0.135
"19180",0.131666666666667
"19181",0.131666666666667
"19182",0.131666666666667
"19183",0.131666666666667
"19184",0.135
"19185",0.131666666666667
"19186",0.133333333333333
"19187",0.135
"19188",0.131666666666667
"19189",0.135
"19190",0.135
"19191",0.135
"19192",0.131666666666667
"19193",0.131666666666667
"19194",0.131666666666667
"19195",0.131666666666667
"19196",0.131666666666667
"19197",0.135
"19198",0.131666666666667
"19199",0.131666666666667
"19200",0.136666666666667
"19201",0.135
"19202",0.133333333333333
"19203",0.131666666666667
"19204",0.131666666666667
"19205",0.131666666666667
"19206",0.131666666666667
"19207",0.135
"19208",0.131666666666667
"19209",0.131666666666667
"19210",0.135
"19211",0.131666666666667
"19212",0.131666666666667
"19213",0.135
"19214",0.131666666666667
"19215",0.135
"19216",0.135
"19217",0.131666666666667
"19218",0.131666666666667
"19219",0.133333333333333
"19220",0.131666666666667
"19221",0.131666666666667
"19222",0.131666666666667
"19223",0.136666666666667
"19224",0.131666666666667
"19225",0.131666666666667
"19226",0.131666666666667
"19227",0.131666666666667
"19228",0.136666666666667
"19229",0.131666666666667
"19230",0.133333333333333
"19231",0.136666666666667
"19232",0.131666666666667
"19233",0.136666666666667
"19234",0.136666666666667
"19235",0.136666666666667
"19236",0.131666666666667
"19237",0.131666666666667
"19238",0.131666666666667
"19239",0.131666666666667
"19240",0.131666666666667
"19241",0.136666666666667
"19242",0.131666666666667
"19243",0.131666666666667
"19244",0.138333333333333
"19245",0.136666666666667
"19246",0.133333333333333
"19247",0.131666666666667
"19248",0.131666666666667
"19249",0.131666666666667
"19250",0.131666666666667
"19251",0.136666666666667
"19252",0.131666666666667
"19253",0.131666666666667
"19254",0.136666666666667
"19255",0.131666666666667
"19256",0.131666666666667
"19257",0.136666666666667
"19258",0.136666666666667
"19259",0.136666666666667
"19260",0.136666666666667
"19261",0.131666666666667
"19262",0.131666666666667
"19263",0.133333333333333
"19264",0.131666666666667
"19265",0.131666666666667
"19266",0.131666666666667
"19267",0.135
"19268",0.131666666666667
"19269",0.131666666666667
"19270",0.131666666666667
"19271",0.131666666666667
"19272",0.135
"19273",0.131666666666667
"19274",0.133333333333333
"19275",0.135
"19276",0.131666666666667
"19277",0.135
"19278",0.135
"19279",0.135
"19280",0.131666666666667
"19281",0.131666666666667
"19282",0.131666666666667
"19283",0.131666666666667
"19284",0.131666666666667
"19285",0.135
"19286",0.131666666666667
"19287",0.131666666666667
"19288",0.136666666666667
"19289",0.135
"19290",0.133333333333333
"19291",0.131666666666667
"19292",0.131666666666667
"19293",0.131666666666667
"19294",0.131666666666667
"19295",0.135
"19296",0.131666666666667
"19297",0.131666666666667
"19298",0.135
"19299",0.131666666666667
"19300",0.131666666666667
"19301",0.135
"19302",0.131666666666667
"19303",0.135
"19304",0.135
"19305",0.131666666666667
"19306",0.131666666666667
"19307",0.133333333333333
"19308",0.131666666666667
"19309",0.131666666666667
"19310",0.131666666666667
"19311",0.135
"19312",0.131666666666667
"19313",0.131666666666667
"19314",0.131666666666667
"19315",0.131666666666667
"19316",0.135
"19317",0.131666666666667
"19318",0.133333333333333
"19319",0.135
"19320",0.131666666666667
"19321",0.135
"19322",0.135
"19323",0.135
"19324",0.131666666666667
"19325",0.131666666666667
"19326",0.131666666666667
"19327",0.131666666666667
"19328",0.131666666666667
"19329",0.135
"19330",0.131666666666667
"19331",0.131666666666667
"19332",0.136666666666667
"19333",0.135
"19334",0.133333333333333
"19335",0.131666666666667
"19336",0.131666666666667
"19337",0.131666666666667
"19338",0.131666666666667
"19339",0.135
"19340",0.131666666666667
"19341",0.131666666666667
"19342",0.135
"19343",0.131666666666667
"19344",0.131666666666667
"19345",0.135
"19346",0.131666666666667
"19347",0.135
"19348",0.135
"19349",0.131666666666667
"19350",0.131666666666667
"19351",0.133333333333333
"19352",0.131666666666667
"19353",0.131666666666667
"19354",0.131666666666667
"19355",0.135
"19356",0.131666666666667
"19357",0.131666666666667
"19358",0.131666666666667
"19359",0.131666666666667
"19360",0.135
"19361",0.131666666666667
"19362",0.133333333333333
"19363",0.135
"19364",0.131666666666667
"19365",0.135
"19366",0.135
"19367",0.135
"19368",0.131666666666667
"19369",0.131666666666667
"19370",0.131666666666667
"19371",0.131666666666667
"19372",0.131666666666667
"19373",0.135
"19374",0.131666666666667
"19375",0.131666666666667
"19376",0.136666666666667
"19377",0.135
"19378",0.133333333333333
"19379",0.131666666666667
"19380",0.131666666666667
"19381",0.131666666666667
"19382",0.131666666666667
"19383",0.135
"19384",0.131666666666667
"19385",0.131666666666667
"19386",0.135
"19387",0.131666666666667
"19388",0.131666666666667
"19389",0.135
"19390",0.131666666666667
"19391",0.135
"19392",0.135
"19393",0.131666666666667
"19394",0.131666666666667
"19395",0.133333333333333
"19396",0.131666666666667
"19397",0.131666666666667
"19398",0.131666666666667
"19399",0.135
"19400",0.131666666666667
"19401",0.131666666666667
"19402",0.131666666666667
"19403",0.131666666666667
"19404",0.135
"19405",0.131666666666667
"19406",0.133333333333333
"19407",0.135
"19408",0.131666666666667
"19409",0.135
"19410",0.135
"19411",0.135
"19412",0.131666666666667
"19413",0.131666666666667
"19414",0.131666666666667
"19415",0.131666666666667
"19416",0.131666666666667
"19417",0.135
"19418",0.131666666666667
"19419",0.131666666666667
"19420",0.136666666666667
"19421",0.135
"19422",0.133333333333333
"19423",0.131666666666667
"19424",0.131666666666667
"19425",0.131666666666667
"19426",0.131666666666667
"19427",0.135
"19428",0.131666666666667
"19429",0.131666666666667
"19430",0.135
"19431",0.131666666666667
"19432",0.131666666666667
"19433",0.135
"19434",0.131666666666667
"19435",0.135
"19436",0.135
"19437",0.131666666666667
"19438",0.131666666666667
"19439",0.133333333333333
"19440",0.131666666666667
"19441",0.131666666666667
"19442",0.131666666666667
"19443",0.135
"19444",0.131666666666667
"19445",0.131666666666667
"19446",0.131666666666667
"19447",0.131666666666667
"19448",0.135
"19449",0.131666666666667
"19450",0.133333333333333
"19451",0.135
"19452",0.131666666666667
"19453",0.135
"19454",0.135
"19455",0.135
"19456",0.131666666666667
"19457",0.131666666666667
"19458",0.131666666666667
"19459",0.131666666666667
"19460",0.131666666666667
"19461",0.135
"19462",0.131666666666667
"19463",0.131666666666667
"19464",0.136666666666667
"19465",0.135
"19466",0.133333333333333
"19467",0.131666666666667
"19468",0.131666666666667
"19469",0.131666666666667
"19470",0.131666666666667
"19471",0.135
"19472",0.131666666666667
"19473",0.131666666666667
"19474",0.135
"19475",0.131666666666667
"19476",0.131666666666667
"19477",0.135
"19478",0.131666666666667
"19479",0.135
"19480",0.135
"19481",0.123333333333333
"19482",0.123333333333333
"19483",0.125
"19484",0.123333333333333
"19485",0.123333333333333
"19486",0.123333333333333
"19487",0.128333333333333
"19488",0.125
"19489",0.123333333333333
"19490",0.125
"19491",0.123333333333333
"19492",0.128333333333333
"19493",0.125
"19494",0.125
"19495",0.128333333333333
"19496",0.123333333333333
"19497",0.128333333333333
"19498",0.128333333333333
"19499",0.128333333333333
"19500",0.125
"19501",0.123333333333333
"19502",0.125
"19503",0.125
"19504",0.125
"19505",0.128333333333333
"19506",0.125
"19507",0.123333333333333
"19508",0.13
"19509",0.128333333333333
"19510",0.125
"19511",0.123333333333333
"19512",0.125
"19513",0.123333333333333
"19514",0.123333333333333
"19515",0.128333333333333
"19516",0.125
"19517",0.125
"19518",0.128333333333333
"19519",0.125
"19520",0.123333333333333
"19521",0.128333333333333
"19522",0.133333333333333
"19523",0.136666666666667
"19524",0.136666666666667
"19525",0.123333333333333
"19526",0.123333333333333
"19527",0.125
"19528",0.123333333333333
"19529",0.123333333333333
"19530",0.123333333333333
"19531",0.128333333333333
"19532",0.125
"19533",0.123333333333333
"19534",0.125
"19535",0.123333333333333
"19536",0.128333333333333
"19537",0.125
"19538",0.125
"19539",0.128333333333333
"19540",0.123333333333333
"19541",0.128333333333333
"19542",0.128333333333333
"19543",0.128333333333333
"19544",0.125
"19545",0.123333333333333
"19546",0.125
"19547",0.125
"19548",0.125
"19549",0.128333333333333
"19550",0.125
"19551",0.123333333333333
"19552",0.13
"19553",0.128333333333333
"19554",0.125
"19555",0.123333333333333
"19556",0.125
"19557",0.123333333333333
"19558",0.123333333333333
"19559",0.128333333333333
"19560",0.125
"19561",0.125
"19562",0.128333333333333
"19563",0.125
"19564",0.123333333333333
"19565",0.128333333333333
"19566",0.133333333333333
"19567",0.136666666666667
"19568",0.136666666666667
"19569",0.125
"19570",0.125
"19571",0.126666666666667
"19572",0.125
"19573",0.125
"19574",0.125
"19575",0.13
"19576",0.126666666666667
"19577",0.125
"19578",0.126666666666667
"19579",0.125
"19580",0.13
"19581",0.126666666666667
"19582",0.126666666666667
"19583",0.13
"19584",0.125
"19585",0.13
"19586",0.13
"19587",0.13
"19588",0.126666666666667
"19589",0.125
"19590",0.126666666666667
"19591",0.126666666666667
"19592",0.126666666666667
"19593",0.13
"19594",0.126666666666667
"19595",0.125
"19596",0.131666666666667
"19597",0.13
"19598",0.126666666666667
"19599",0.125
"19600",0.126666666666667
"19601",0.125
"19602",0.125
"19603",0.13
"19604",0.126666666666667
"19605",0.126666666666667
"19606",0.13
"19607",0.126666666666667
"19608",0.125
"19609",0.13
"19610",0.135
"19611",0.138333333333333
"19612",0.138333333333333
"19613",0.125
"19614",0.125
"19615",0.126666666666667
"19616",0.125
"19617",0.125
"19618",0.125
"19619",0.13
"19620",0.126666666666667
"19621",0.125
"19622",0.126666666666667
"19623",0.125
"19624",0.13
"19625",0.126666666666667
"19626",0.126666666666667
"19627",0.13
"19628",0.125
"19629",0.13
"19630",0.13
"19631",0.13
"19632",0.126666666666667
"19633",0.125
"19634",0.126666666666667
"19635",0.126666666666667
"19636",0.126666666666667
"19637",0.13
"19638",0.126666666666667
"19639",0.125
"19640",0.131666666666667
"19641",0.13
"19642",0.126666666666667
"19643",0.125
"19644",0.126666666666667
"19645",0.125
"19646",0.125
"19647",0.13
"19648",0.126666666666667
"19649",0.126666666666667
"19650",0.13
"19651",0.126666666666667
"19652",0.125
"19653",0.13
"19654",0.135
"19655",0.138333333333333
"19656",0.138333333333333
"19657",0.123333333333333
"19658",0.123333333333333
"19659",0.125
"19660",0.123333333333333
"19661",0.123333333333333
"19662",0.123333333333333
"19663",0.128333333333333
"19664",0.125
"19665",0.123333333333333
"19666",0.125
"19667",0.123333333333333
"19668",0.128333333333333
"19669",0.125
"19670",0.125
"19671",0.128333333333333
"19672",0.123333333333333
"19673",0.128333333333333
"19674",0.128333333333333
"19675",0.128333333333333
"19676",0.125
"19677",0.123333333333333
"19678",0.125
"19679",0.125
"19680",0.125
"19681",0.128333333333333
"19682",0.125
"19683",0.123333333333333
"19684",0.13
"19685",0.128333333333333
"19686",0.125
"19687",0.123333333333333
"19688",0.125
"19689",0.123333333333333
"19690",0.123333333333333
"19691",0.128333333333333
"19692",0.125
"19693",0.125
"19694",0.128333333333333
"19695",0.125
"19696",0.123333333333333
"19697",0.128333333333333
"19698",0.13
"19699",0.136666666666667
"19700",0.136666666666667
"19701",0.125
"19702",0.125
"19703",0.126666666666667
"19704",0.125
"19705",0.125
"19706",0.125
"19707",0.13
"19708",0.126666666666667
"19709",0.125
"19710",0.126666666666667
"19711",0.125
"19712",0.13
"19713",0.126666666666667
"19714",0.126666666666667
"19715",0.13
"19716",0.125
"19717",0.13
"19718",0.13
"19719",0.13
"19720",0.126666666666667
"19721",0.125
"19722",0.126666666666667
"19723",0.126666666666667
"19724",0.126666666666667
"19725",0.13
"19726",0.126666666666667
"19727",0.125
"19728",0.131666666666667
"19729",0.13
"19730",0.126666666666667
"19731",0.125
"19732",0.126666666666667
"19733",0.125
"19734",0.125
"19735",0.13
"19736",0.126666666666667
"19737",0.126666666666667
"19738",0.13
"19739",0.126666666666667
"19740",0.125
"19741",0.13
"19742",0.135
"19743",0.138333333333333
"19744",0.138333333333333
"19745",0.126666666666667
"19746",0.126666666666667
"19747",0.128333333333333
"19748",0.126666666666667
"19749",0.126666666666667
"19750",0.126666666666667
"19751",0.131666666666667
"19752",0.128333333333333
"19753",0.126666666666667
"19754",0.128333333333333
"19755",0.126666666666667
"19756",0.131666666666667
"19757",0.128333333333333
"19758",0.128333333333333
"19759",0.131666666666667
"19760",0.126666666666667
"19761",0.131666666666667
"19762",0.131666666666667
"19763",0.131666666666667
"19764",0.128333333333333
"19765",0.126666666666667
"19766",0.128333333333333
"19767",0.128333333333333
"19768",0.128333333333333
"19769",0.131666666666667
"19770",0.128333333333333
"19771",0.126666666666667
"19772",0.133333333333333
"19773",0.131666666666667
"19774",0.128333333333333
"19775",0.126666666666667
"19776",0.128333333333333
"19777",0.126666666666667
"19778",0.126666666666667
"19779",0.131666666666667
"19780",0.128333333333333
"19781",0.128333333333333
"19782",0.131666666666667
"19783",0.128333333333333
"19784",0.126666666666667
"19785",0.131666666666667
"19786",0.136666666666667
"19787",0.14
"19788",0.14
"19789",0.128333333333333
"19790",0.128333333333333
"19791",0.13
"19792",0.128333333333333
"19793",0.128333333333333
"19794",0.128333333333333
"19795",0.133333333333333
"19796",0.13
"19797",0.128333333333333
"19798",0.13
"19799",0.128333333333333
"19800",0.133333333333333
"19801",0.13
"19802",0.13
"19803",0.133333333333333
"19804",0.128333333333333
"19805",0.133333333333333
"19806",0.133333333333333
"19807",0.133333333333333
"19808",0.13
"19809",0.128333333333333
"19810",0.13
"19811",0.13
"19812",0.13
"19813",0.133333333333333
"19814",0.13
"19815",0.128333333333333
"19816",0.135
"19817",0.133333333333333
"19818",0.13
"19819",0.128333333333333
"19820",0.13
"19821",0.128333333333333
"19822",0.128333333333333
"19823",0.133333333333333
"19824",0.13
"19825",0.13
"19826",0.133333333333333
"19827",0.13
"19828",0.128333333333333
"19829",0.133333333333333
"19830",0.135
"19831",0.138333333333333
"19832",0.138333333333333
"19833",0.126666666666667
"19834",0.126666666666667
"19835",0.128333333333333
"19836",0.126666666666667
"19837",0.126666666666667
"19838",0.126666666666667
"19839",0.131666666666667
"19840",0.128333333333333
"19841",0.126666666666667
"19842",0.128333333333333
"19843",0.126666666666667
"19844",0.131666666666667
"19845",0.128333333333333
"19846",0.128333333333333
"19847",0.131666666666667
"19848",0.126666666666667
"19849",0.131666666666667
"19850",0.131666666666667
"19851",0.131666666666667
"19852",0.128333333333333
"19853",0.126666666666667
"19854",0.128333333333333
"19855",0.128333333333333
"19856",0.128333333333333
"19857",0.131666666666667
"19858",0.128333333333333
"19859",0.126666666666667
"19860",0.133333333333333
"19861",0.131666666666667
"19862",0.128333333333333
"19863",0.126666666666667
"19864",0.128333333333333
"19865",0.126666666666667
"19866",0.126666666666667
"19867",0.131666666666667
"19868",0.128333333333333
"19869",0.128333333333333
"19870",0.131666666666667
"19871",0.128333333333333
"19872",0.126666666666667
"19873",0.131666666666667
"19874",0.133333333333333
"19875",0.14
"19876",0.14
"19877",0.121666666666667
"19878",0.121666666666667
"19879",0.123333333333333
"19880",0.121666666666667
"19881",0.121666666666667
"19882",0.121666666666667
"19883",0.126666666666667
"19884",0.123333333333333
"19885",0.121666666666667
"19886",0.123333333333333
"19887",0.121666666666667
"19888",0.126666666666667
"19889",0.123333333333333
"19890",0.123333333333333
"19891",0.126666666666667
"19892",0.121666666666667
"19893",0.126666666666667
"19894",0.126666666666667
"19895",0.126666666666667
"19896",0.123333333333333
"19897",0.121666666666667
"19898",0.123333333333333
"19899",0.123333333333333
"19900",0.123333333333333
"19901",0.126666666666667
"19902",0.123333333333333
"19903",0.121666666666667
"19904",0.128333333333333
"19905",0.126666666666667
"19906",0.123333333333333
"19907",0.121666666666667
"19908",0.123333333333333
"19909",0.121666666666667
"19910",0.121666666666667
"19911",0.126666666666667
"19912",0.123333333333333
"19913",0.123333333333333
"19914",0.126666666666667
"19915",0.123333333333333
"19916",0.121666666666667
"19917",0.126666666666667
"19918",0.131666666666667
"19919",0.135
"19920",0.135
"19921",0.123333333333333
"19922",0.123333333333333
"19923",0.125
"19924",0.123333333333333
"19925",0.123333333333333
"19926",0.123333333333333
"19927",0.128333333333333
"19928",0.125
"19929",0.123333333333333
"19930",0.125
"19931",0.123333333333333
"19932",0.128333333333333
"19933",0.125
"19934",0.125
"19935",0.128333333333333
"19936",0.123333333333333
"19937",0.128333333333333
"19938",0.128333333333333
"19939",0.128333333333333
"19940",0.125
"19941",0.123333333333333
"19942",0.125
"19943",0.125
"19944",0.125
"19945",0.128333333333333
"19946",0.125
"19947",0.123333333333333
"19948",0.13
"19949",0.128333333333333
"19950",0.125
"19951",0.123333333333333
"19952",0.125
"19953",0.123333333333333
"19954",0.123333333333333
"19955",0.128333333333333
"19956",0.125
"19957",0.125
"19958",0.128333333333333
"19959",0.125
"19960",0.123333333333333
"19961",0.128333333333333
"19962",0.133333333333333
"19963",0.136666666666667
"19964",0.136666666666667
"19965",0.123333333333333
"19966",0.123333333333333
"19967",0.125
"19968",0.123333333333333
"19969",0.123333333333333
"19970",0.123333333333333
"19971",0.128333333333333
"19972",0.125
"19973",0.123333333333333
"19974",0.125
"19975",0.123333333333333
"19976",0.128333333333333
"19977",0.125
"19978",0.125
"19979",0.128333333333333
"19980",0.123333333333333
"19981",0.128333333333333
"19982",0.128333333333333
"19983",0.128333333333333
"19984",0.125
"19985",0.123333333333333
"19986",0.125
"19987",0.125
"19988",0.125
"19989",0.128333333333333
"19990",0.125
"19991",0.123333333333333
"19992",0.13
"19993",0.128333333333333
"19994",0.125
"19995",0.123333333333333
"19996",0.125
"19997",0.123333333333333
"19998",0.123333333333333
"19999",0.128333333333333
"20000",0.125
"20001",0.125
"20002",0.128333333333333
"20003",0.125
"20004",0.123333333333333
"20005",0.128333333333333
"20006",0.133333333333333
"20007",0.136666666666667
"20008",0.136666666666667
"20009",0.123333333333333
"20010",0.123333333333333
"20011",0.125
"20012",0.123333333333333
"20013",0.123333333333333
"20014",0.123333333333333
"20015",0.128333333333333
"20016",0.125
"20017",0.123333333333333
"20018",0.125
"20019",0.123333333333333
"20020",0.128333333333333
"20021",0.125
"20022",0.125
"20023",0.128333333333333
"20024",0.123333333333333
"20025",0.128333333333333
"20026",0.128333333333333
"20027",0.128333333333333
"20028",0.125
"20029",0.123333333333333
"20030",0.125
"20031",0.125
"20032",0.125
"20033",0.128333333333333
"20034",0.125
"20035",0.123333333333333
"20036",0.13
"20037",0.128333333333333
"20038",0.125
"20039",0.123333333333333
"20040",0.125
"20041",0.123333333333333
"20042",0.123333333333333
"20043",0.128333333333333
"20044",0.125
"20045",0.125
"20046",0.128333333333333
"20047",0.125
"20048",0.123333333333333
"20049",0.128333333333333
"20050",0.133333333333333
"20051",0.136666666666667
"20052",0.136666666666667
"20053",0.13
"20054",0.13
"20055",0.131666666666667
"20056",0.13
"20057",0.13
"20058",0.13
"20059",0.128333333333333
"20060",0.13
"20061",0.13
"20062",0.13
"20063",0.13
"20064",0.128333333333333
"20065",0.13
"20066",0.131666666666667
"20067",0.128333333333333
"20068",0.13
"20069",0.128333333333333
"20070",0.128333333333333
"20071",0.128333333333333
"20072",0.13
"20073",0.13
"20074",0.13
"20075",0.13
"20076",0.13
"20077",0.128333333333333
"20078",0.13
"20079",0.13
"20080",0.128333333333333
"20081",0.128333333333333
"20082",0.131666666666667
"20083",0.13
"20084",0.13
"20085",0.13
"20086",0.13
"20087",0.128333333333333
"20088",0.13
"20089",0.13
"20090",0.128333333333333
"20091",0.13
"20092",0.13
"20093",0.128333333333333
"20094",0.123333333333333
"20095",0.13
"20096",0.13
"20097",0.131666666666667
"20098",0.131666666666667
"20099",0.133333333333333
"20100",0.131666666666667
"20101",0.131666666666667
"20102",0.131666666666667
"20103",0.13
"20104",0.131666666666667
"20105",0.131666666666667
"20106",0.131666666666667
"20107",0.131666666666667
"20108",0.13
"20109",0.131666666666667
"20110",0.133333333333333
"20111",0.13
"20112",0.131666666666667
"20113",0.13
"20114",0.13
"20115",0.13
"20116",0.131666666666667
"20117",0.131666666666667
"20118",0.131666666666667
"20119",0.131666666666667
"20120",0.131666666666667
"20121",0.13
"20122",0.131666666666667
"20123",0.131666666666667
"20124",0.13
"20125",0.13
"20126",0.133333333333333
"20127",0.131666666666667
"20128",0.131666666666667
"20129",0.131666666666667
"20130",0.131666666666667
"20131",0.13
"20132",0.131666666666667
"20133",0.131666666666667
"20134",0.13
"20135",0.131666666666667
"20136",0.131666666666667
"20137",0.13
"20138",0.125
"20139",0.131666666666667
"20140",0.131666666666667
"20141",0.131666666666667
"20142",0.131666666666667
"20143",0.133333333333333
"20144",0.131666666666667
"20145",0.131666666666667
"20146",0.131666666666667
"20147",0.13
"20148",0.131666666666667
"20149",0.131666666666667
"20150",0.131666666666667
"20151",0.131666666666667
"20152",0.13
"20153",0.131666666666667
"20154",0.133333333333333
"20155",0.13
"20156",0.131666666666667
"20157",0.13
"20158",0.13
"20159",0.13
"20160",0.131666666666667
"20161",0.131666666666667
"20162",0.131666666666667
"20163",0.131666666666667
"20164",0.131666666666667
"20165",0.13
"20166",0.131666666666667
"20167",0.131666666666667
"20168",0.13
"20169",0.13
"20170",0.133333333333333
"20171",0.131666666666667
"20172",0.131666666666667
"20173",0.131666666666667
"20174",0.131666666666667
"20175",0.13
"20176",0.131666666666667
"20177",0.131666666666667
"20178",0.13
"20179",0.131666666666667
"20180",0.131666666666667
"20181",0.13
"20182",0.125
"20183",0.131666666666667
"20184",0.131666666666667
"20185",0.13
"20186",0.13
"20187",0.131666666666667
"20188",0.13
"20189",0.13
"20190",0.13
"20191",0.128333333333333
"20192",0.13
"20193",0.13
"20194",0.13
"20195",0.13
"20196",0.128333333333333
"20197",0.13
"20198",0.131666666666667
"20199",0.128333333333333
"20200",0.13
"20201",0.128333333333333
"20202",0.128333333333333
"20203",0.128333333333333
"20204",0.13
"20205",0.13
"20206",0.13
"20207",0.13
"20208",0.13
"20209",0.128333333333333
"20210",0.13
"20211",0.13
"20212",0.128333333333333
"20213",0.128333333333333
"20214",0.131666666666667
"20215",0.13
"20216",0.13
"20217",0.13
"20218",0.13
"20219",0.128333333333333
"20220",0.13
"20221",0.13
"20222",0.128333333333333
"20223",0.13
"20224",0.13
"20225",0.128333333333333
"20226",0.123333333333333
"20227",0.13
"20228",0.13
"20229",0.128333333333333
"20230",0.128333333333333
"20231",0.13
"20232",0.128333333333333
"20233",0.128333333333333
"20234",0.128333333333333
"20235",0.126666666666667
"20236",0.128333333333333
"20237",0.128333333333333
"20238",0.128333333333333
"20239",0.128333333333333
"20240",0.126666666666667
"20241",0.128333333333333
"20242",0.13
"20243",0.126666666666667
"20244",0.128333333333333
"20245",0.126666666666667
"20246",0.126666666666667
"20247",0.126666666666667
"20248",0.128333333333333
"20249",0.128333333333333
"20250",0.128333333333333
"20251",0.128333333333333
"20252",0.128333333333333
"20253",0.126666666666667
"20254",0.128333333333333
"20255",0.128333333333333
"20256",0.126666666666667
"20257",0.126666666666667
"20258",0.13
"20259",0.128333333333333
"20260",0.128333333333333
"20261",0.128333333333333
"20262",0.128333333333333
"20263",0.126666666666667
"20264",0.128333333333333
"20265",0.128333333333333
"20266",0.126666666666667
"20267",0.128333333333333
"20268",0.128333333333333
"20269",0.126666666666667
"20270",0.121666666666667
"20271",0.128333333333333
"20272",0.128333333333333
"20273",0.128333333333333
"20274",0.128333333333333
"20275",0.13
"20276",0.128333333333333
"20277",0.128333333333333
"20278",0.128333333333333
"20279",0.126666666666667
"20280",0.128333333333333
"20281",0.128333333333333
"20282",0.128333333333333
"20283",0.128333333333333
"20284",0.126666666666667
"20285",0.128333333333333
"20286",0.13
"20287",0.126666666666667
"20288",0.128333333333333
"20289",0.126666666666667
"20290",0.126666666666667
"20291",0.126666666666667
"20292",0.128333333333333
"20293",0.128333333333333
"20294",0.128333333333333
"20295",0.128333333333333
"20296",0.128333333333333
"20297",0.126666666666667
"20298",0.128333333333333
"20299",0.128333333333333
"20300",0.126666666666667
"20301",0.126666666666667
"20302",0.13
"20303",0.128333333333333
"20304",0.128333333333333
"20305",0.128333333333333
"20306",0.128333333333333
"20307",0.126666666666667
"20308",0.128333333333333
"20309",0.128333333333333
"20310",0.126666666666667
"20311",0.128333333333333
"20312",0.128333333333333
"20313",0.126666666666667
"20314",0.121666666666667
"20315",0.128333333333333
"20316",0.128333333333333
"20317",0.13
"20318",0.13
"20319",0.131666666666667
"20320",0.13
"20321",0.13
"20322",0.13
"20323",0.128333333333333
"20324",0.13
"20325",0.13
"20326",0.13
"20327",0.13
"20328",0.128333333333333
"20329",0.13
"20330",0.131666666666667
"20331",0.128333333333333
"20332",0.13
"20333",0.128333333333333
"20334",0.128333333333333
"20335",0.128333333333333
"20336",0.13
"20337",0.13
"20338",0.13
"20339",0.13
"20340",0.13
"20341",0.128333333333333
"20342",0.13
"20343",0.13
"20344",0.128333333333333
"20345",0.128333333333333
"20346",0.131666666666667
"20347",0.13
"20348",0.13
"20349",0.13
"20350",0.13
"20351",0.128333333333333
"20352",0.13
"20353",0.13
"20354",0.128333333333333
"20355",0.13
"20356",0.13
"20357",0.128333333333333
"20358",0.123333333333333
"20359",0.13
"20360",0.13
"20361",0.13
"20362",0.13
"20363",0.131666666666667
"20364",0.13
"20365",0.13
"20366",0.13
"20367",0.128333333333333
"20368",0.13
"20369",0.13
"20370",0.13
"20371",0.13
"20372",0.128333333333333
"20373",0.13
"20374",0.131666666666667
"20375",0.128333333333333
"20376",0.13
"20377",0.128333333333333
"20378",0.128333333333333
"20379",0.128333333333333
"20380",0.13
"20381",0.13
"20382",0.13
"20383",0.13
"20384",0.13
"20385",0.128333333333333
"20386",0.13
"20387",0.13
"20388",0.128333333333333
"20389",0.128333333333333
"20390",0.131666666666667
"20391",0.13
"20392",0.13
"20393",0.13
"20394",0.13
"20395",0.128333333333333
"20396",0.13
"20397",0.13
"20398",0.128333333333333
"20399",0.13
"20400",0.13
"20401",0.128333333333333
"20402",0.123333333333333
"20403",0.13
"20404",0.13
"20405",0.128333333333333
"20406",0.128333333333333
"20407",0.13
"20408",0.128333333333333
"20409",0.128333333333333
"20410",0.128333333333333
"20411",0.126666666666667
"20412",0.128333333333333
"20413",0.128333333333333
"20414",0.128333333333333
"20415",0.128333333333333
"20416",0.126666666666667
"20417",0.128333333333333
"20418",0.13
"20419",0.126666666666667
"20420",0.128333333333333
"20421",0.126666666666667
"20422",0.126666666666667
"20423",0.126666666666667
"20424",0.128333333333333
"20425",0.128333333333333
"20426",0.128333333333333
"20427",0.128333333333333
"20428",0.128333333333333
"20429",0.126666666666667
"20430",0.128333333333333
"20431",0.128333333333333
"20432",0.126666666666667
"20433",0.126666666666667
"20434",0.13
"20435",0.128333333333333
"20436",0.128333333333333
"20437",0.128333333333333
"20438",0.128333333333333
"20439",0.126666666666667
"20440",0.128333333333333
"20441",0.128333333333333
"20442",0.126666666666667
"20443",0.128333333333333
"20444",0.128333333333333
"20445",0.126666666666667
"20446",0.121666666666667
"20447",0.128333333333333
"20448",0.128333333333333
"20449",0.13
"20450",0.13
"20451",0.131666666666667
"20452",0.13
"20453",0.13
"20454",0.13
"20455",0.128333333333333
"20456",0.13
"20457",0.13
"20458",0.13
"20459",0.13
"20460",0.128333333333333
"20461",0.13
"20462",0.131666666666667
"20463",0.128333333333333
"20464",0.13
"20465",0.128333333333333
"20466",0.128333333333333
"20467",0.128333333333333
"20468",0.13
"20469",0.13
"20470",0.13
"20471",0.13
"20472",0.13
"20473",0.128333333333333
"20474",0.13
"20475",0.13
"20476",0.128333333333333
"20477",0.128333333333333
"20478",0.131666666666667
"20479",0.13
"20480",0.13
"20481",0.13
"20482",0.13
"20483",0.128333333333333
"20484",0.13
"20485",0.13
"20486",0.128333333333333
"20487",0.13
"20488",0.13
"20489",0.128333333333333
"20490",0.123333333333333
"20491",0.13
"20492",0.13
"20493",0.13
"20494",0.13
"20495",0.131666666666667
"20496",0.13
"20497",0.13
"20498",0.13
"20499",0.128333333333333
"20500",0.13
"20501",0.13
"20502",0.13
"20503",0.13
"20504",0.128333333333333
"20505",0.13
"20506",0.131666666666667
"20507",0.128333333333333
"20508",0.13
"20509",0.128333333333333
"20510",0.128333333333333
"20511",0.128333333333333
"20512",0.13
"20513",0.13
"20514",0.13
"20515",0.13
"20516",0.13
"20517",0.128333333333333
"20518",0.13
"20519",0.13
"20520",0.128333333333333
"20521",0.128333333333333
"20522",0.131666666666667
"20523",0.13
"20524",0.13
"20525",0.13
"20526",0.13
"20527",0.128333333333333
"20528",0.13
"20529",0.13
"20530",0.128333333333333
"20531",0.13
"20532",0.13
"20533",0.128333333333333
"20534",0.123333333333333
"20535",0.13
"20536",0.13
"20537",0.128333333333333
"20538",0.128333333333333
"20539",0.13
"20540",0.128333333333333
"20541",0.128333333333333
"20542",0.128333333333333
"20543",0.126666666666667
"20544",0.128333333333333
"20545",0.128333333333333
"20546",0.128333333333333
"20547",0.128333333333333
"20548",0.126666666666667
"20549",0.128333333333333
"20550",0.13
"20551",0.126666666666667
"20552",0.128333333333333
"20553",0.126666666666667
"20554",0.126666666666667
"20555",0.126666666666667
"20556",0.128333333333333
"20557",0.128333333333333
"20558",0.128333333333333
"20559",0.128333333333333
"20560",0.128333333333333
"20561",0.126666666666667
"20562",0.128333333333333
"20563",0.128333333333333
"20564",0.126666666666667
"20565",0.126666666666667
"20566",0.13
"20567",0.128333333333333
"20568",0.128333333333333
"20569",0.128333333333333
"20570",0.128333333333333
"20571",0.126666666666667
"20572",0.128333333333333
"20573",0.128333333333333
"20574",0.126666666666667
"20575",0.128333333333333
"20576",0.128333333333333
"20577",0.126666666666667
"20578",0.121666666666667
"20579",0.128333333333333
"20580",0.128333333333333
"20581",0.123333333333333
"20582",0.123333333333333
"20583",0.125
"20584",0.123333333333333
"20585",0.123333333333333
"20586",0.123333333333333
"20587",0.126666666666667
"20588",0.123333333333333
"20589",0.123333333333333
"20590",0.123333333333333
"20591",0.123333333333333
"20592",0.126666666666667
"20593",0.123333333333333
"20594",0.125
"20595",0.126666666666667
"20596",0.123333333333333
"20597",0.126666666666667
"20598",0.126666666666667
"20599",0.126666666666667
"20600",0.123333333333333
"20601",0.123333333333333
"20602",0.123333333333333
"20603",0.123333333333333
"20604",0.123333333333333
"20605",0.126666666666667
"20606",0.123333333333333
"20607",0.123333333333333
"20608",0.128333333333333
"20609",0.126666666666667
"20610",0.125
"20611",0.123333333333333
"20612",0.123333333333333
"20613",0.123333333333333
"20614",0.123333333333333
"20615",0.126666666666667
"20616",0.123333333333333
"20617",0.123333333333333
"20618",0.126666666666667
"20619",0.123333333333333
"20620",0.123333333333333
"20621",0.126666666666667
"20622",0.126666666666667
"20623",0.128333333333333
"20624",0.128333333333333
"20625",0.123333333333333
"20626",0.123333333333333
"20627",0.125
"20628",0.123333333333333
"20629",0.123333333333333
"20630",0.123333333333333
"20631",0.126666666666667
"20632",0.123333333333333
"20633",0.123333333333333
"20634",0.123333333333333
"20635",0.123333333333333
"20636",0.126666666666667
"20637",0.123333333333333
"20638",0.125
"20639",0.126666666666667
"20640",0.123333333333333
"20641",0.126666666666667
"20642",0.126666666666667
"20643",0.126666666666667
"20644",0.123333333333333
"20645",0.123333333333333
"20646",0.123333333333333
"20647",0.123333333333333
"20648",0.123333333333333
"20649",0.126666666666667
"20650",0.123333333333333
"20651",0.123333333333333
"20652",0.128333333333333
"20653",0.126666666666667
"20654",0.125
"20655",0.123333333333333
"20656",0.123333333333333
"20657",0.123333333333333
"20658",0.123333333333333
"20659",0.126666666666667
"20660",0.123333333333333
"20661",0.123333333333333
"20662",0.126666666666667
"20663",0.123333333333333
"20664",0.123333333333333
"20665",0.126666666666667
"20666",0.123333333333333
"20667",0.125
"20668",0.125
"20669",0.125
"20670",0.125
"20671",0.126666666666667
"20672",0.125
"20673",0.125
"20674",0.125
"20675",0.125
"20676",0.125
"20677",0.125
"20678",0.125
"20679",0.125
"20680",0.125
"20681",0.125
"20682",0.126666666666667
"20683",0.125
"20684",0.125
"20685",0.125
"20686",0.125
"20687",0.125
"20688",0.125
"20689",0.125
"20690",0.125
"20691",0.125
"20692",0.125
"20693",0.125
"20694",0.125
"20695",0.125
"20696",0.126666666666667
"20697",0.125
"20698",0.126666666666667
"20699",0.125
"20700",0.125
"20701",0.125
"20702",0.125
"20703",0.125
"20704",0.125
"20705",0.125
"20706",0.125
"20707",0.125
"20708",0.125
"20709",0.125
"20710",0.121666666666667
"20711",0.123333333333333
"20712",0.123333333333333
"20713",0.123333333333333
"20714",0.123333333333333
"20715",0.125
"20716",0.123333333333333
"20717",0.123333333333333
"20718",0.123333333333333
"20719",0.126666666666667
"20720",0.123333333333333
"20721",0.123333333333333
"20722",0.123333333333333
"20723",0.123333333333333
"20724",0.126666666666667
"20725",0.123333333333333
"20726",0.125
"20727",0.126666666666667
"20728",0.123333333333333
"20729",0.126666666666667
"20730",0.126666666666667
"20731",0.126666666666667
"20732",0.123333333333333
"20733",0.123333333333333
"20734",0.123333333333333
"20735",0.123333333333333
"20736",0.123333333333333
"20737",0.126666666666667
"20738",0.123333333333333
"20739",0.123333333333333
"20740",0.128333333333333
"20741",0.126666666666667
"20742",0.125
"20743",0.123333333333333
"20744",0.123333333333333
"20745",0.123333333333333
"20746",0.123333333333333
"20747",0.126666666666667
"20748",0.123333333333333
"20749",0.123333333333333
"20750",0.126666666666667
"20751",0.123333333333333
"20752",0.123333333333333
"20753",0.126666666666667
"20754",0.126666666666667
"20755",0.128333333333333
"20756",0.128333333333333
"20757",0.123333333333333
"20758",0.123333333333333
"20759",0.125
"20760",0.123333333333333
"20761",0.123333333333333
"20762",0.123333333333333
"20763",0.126666666666667
"20764",0.123333333333333
"20765",0.123333333333333
"20766",0.123333333333333
"20767",0.123333333333333
"20768",0.126666666666667
"20769",0.123333333333333
"20770",0.125
"20771",0.126666666666667
"20772",0.123333333333333
"20773",0.126666666666667
"20774",0.126666666666667
"20775",0.126666666666667
"20776",0.123333333333333
"20777",0.123333333333333
"20778",0.123333333333333
"20779",0.123333333333333
"20780",0.123333333333333
"20781",0.126666666666667
"20782",0.123333333333333
"20783",0.123333333333333
"20784",0.128333333333333
"20785",0.126666666666667
"20786",0.125
"20787",0.123333333333333
"20788",0.123333333333333
"20789",0.123333333333333
"20790",0.123333333333333
"20791",0.126666666666667
"20792",0.123333333333333
"20793",0.123333333333333
"20794",0.126666666666667
"20795",0.123333333333333
"20796",0.123333333333333
"20797",0.126666666666667
"20798",0.123333333333333
"20799",0.125
"20800",0.125
"20801",0.125
"20802",0.125
"20803",0.126666666666667
"20804",0.125
"20805",0.125
"20806",0.125
"20807",0.128333333333333
"20808",0.125
"20809",0.125
"20810",0.125
"20811",0.125
"20812",0.128333333333333
"20813",0.125
"20814",0.126666666666667
"20815",0.128333333333333
"20816",0.125
"20817",0.128333333333333
"20818",0.128333333333333
"20819",0.128333333333333
"20820",0.125
"20821",0.125
"20822",0.125
"20823",0.125
"20824",0.125
"20825",0.128333333333333
"20826",0.125
"20827",0.125
"20828",0.13
"20829",0.128333333333333
"20830",0.126666666666667
"20831",0.125
"20832",0.125
"20833",0.125
"20834",0.125
"20835",0.128333333333333
"20836",0.125
"20837",0.125
"20838",0.128333333333333
"20839",0.125
"20840",0.125
"20841",0.128333333333333
"20842",0.121666666666667
"20843",0.126666666666667
"20844",0.126666666666667
"20845",0.123333333333333
"20846",0.123333333333333
"20847",0.125
"20848",0.123333333333333
"20849",0.123333333333333
"20850",0.123333333333333
"20851",0.126666666666667
"20852",0.123333333333333
"20853",0.123333333333333
"20854",0.123333333333333
"20855",0.123333333333333
"20856",0.126666666666667
"20857",0.123333333333333
"20858",0.125
"20859",0.126666666666667
"20860",0.123333333333333
"20861",0.126666666666667
"20862",0.126666666666667
"20863",0.126666666666667
"20864",0.123333333333333
"20865",0.123333333333333
"20866",0.123333333333333
"20867",0.123333333333333
"20868",0.123333333333333
"20869",0.126666666666667
"20870",0.123333333333333
"20871",0.123333333333333
"20872",0.128333333333333
"20873",0.126666666666667
"20874",0.125
"20875",0.123333333333333
"20876",0.123333333333333
"20877",0.123333333333333
"20878",0.123333333333333
"20879",0.126666666666667
"20880",0.123333333333333
"20881",0.123333333333333
"20882",0.126666666666667
"20883",0.123333333333333
"20884",0.123333333333333
"20885",0.126666666666667
"20886",0.126666666666667
"20887",0.128333333333333
"20888",0.128333333333333
"20889",0.123333333333333
"20890",0.123333333333333
"20891",0.125
"20892",0.123333333333333
"20893",0.123333333333333
"20894",0.123333333333333
"20895",0.126666666666667
"20896",0.123333333333333
"20897",0.123333333333333
"20898",0.123333333333333
"20899",0.123333333333333
"20900",0.126666666666667
"20901",0.123333333333333
"20902",0.125
"20903",0.126666666666667
"20904",0.123333333333333
"20905",0.126666666666667
"20906",0.126666666666667
"20907",0.126666666666667
"20908",0.123333333333333
"20909",0.123333333333333
"20910",0.123333333333333
"20911",0.123333333333333
"20912",0.123333333333333
"20913",0.126666666666667
"20914",0.123333333333333
"20915",0.123333333333333
"20916",0.128333333333333
"20917",0.126666666666667
"20918",0.125
"20919",0.123333333333333
"20920",0.123333333333333
"20921",0.123333333333333
"20922",0.123333333333333
"20923",0.126666666666667
"20924",0.123333333333333
"20925",0.123333333333333
"20926",0.126666666666667
"20927",0.123333333333333
"20928",0.123333333333333
"20929",0.126666666666667
"20930",0.126666666666667
"20931",0.128333333333333
"20932",0.128333333333333
"20933",0.118333333333333
"20934",0.118333333333333
"20935",0.116666666666667
"20936",0.118333333333333
"20937",0.118333333333333
"20938",0.118333333333333
"20939",0.116666666666667
"20940",0.118333333333333
"20941",0.118333333333333
"20942",0.118333333333333
"20943",0.118333333333333
"20944",0.116666666666667
"20945",0.118333333333333
"20946",0.116666666666667
"20947",0.116666666666667
"20948",0.118333333333333
"20949",0.116666666666667
"20950",0.116666666666667
"20951",0.116666666666667
"20952",0.118333333333333
"20953",0.118333333333333
"20954",0.118333333333333
"20955",0.118333333333333
"20956",0.118333333333333
"20957",0.116666666666667
"20958",0.118333333333333
"20959",0.118333333333333
"20960",0.115
"20961",0.116666666666667
"20962",0.116666666666667
"20963",0.118333333333333
"20964",0.118333333333333
"20965",0.118333333333333
"20966",0.118333333333333
"20967",0.116666666666667
"20968",0.118333333333333
"20969",0.118333333333333
"20970",0.116666666666667
"20971",0.118333333333333
"20972",0.118333333333333
"20973",0.116666666666667
"20974",0.116666666666667
"20975",0.12
"20976",0.12
"20977",0.116666666666667
"20978",0.116666666666667
"20979",0.118333333333333
"20980",0.116666666666667
"20981",0.116666666666667
"20982",0.116666666666667
"20983",0.125
"20984",0.116666666666667
"20985",0.116666666666667
"20986",0.116666666666667
"20987",0.116666666666667
"20988",0.125
"20989",0.116666666666667
"20990",0.118333333333333
"20991",0.125
"20992",0.116666666666667
"20993",0.125
"20994",0.125
"20995",0.125
"20996",0.116666666666667
"20997",0.116666666666667
"20998",0.116666666666667
"20999",0.116666666666667
"21000",0.116666666666667
"21001",0.125
"21002",0.116666666666667
"21003",0.116666666666667
"21004",0.126666666666667
"21005",0.125
"21006",0.118333333333333
"21007",0.116666666666667
"21008",0.116666666666667
"21009",0.116666666666667
"21010",0.116666666666667
"21011",0.125
"21012",0.116666666666667
"21013",0.116666666666667
"21014",0.125
"21015",0.116666666666667
"21016",0.116666666666667
"21017",0.125
"21018",0.12
"21019",0.123333333333333
"21020",0.123333333333333
"21021",0.121666666666667
"21022",0.12
"21023",0.116666666666667
"21024",0.116666666666667
"21025",0.118333333333333
"21026",0.116666666666667
"21027",0.116666666666667
"21028",0.116666666666667
"21029",0.125
"21030",0.116666666666667
"21031",0.116666666666667
"21032",0.116666666666667
"21033",0.116666666666667
"21034",0.125
"21035",0.116666666666667
"21036",0.118333333333333
"21037",0.125
"21038",0.116666666666667
"21039",0.125
"21040",0.125
"21041",0.125
"21042",0.116666666666667
"21043",0.116666666666667
"21044",0.116666666666667
"21045",0.116666666666667
"21046",0.116666666666667
"21047",0.125
"21048",0.116666666666667
"21049",0.116666666666667
"21050",0.126666666666667
"21051",0.125
"21052",0.118333333333333
"21053",0.116666666666667
"21054",0.116666666666667
"21055",0.116666666666667
"21056",0.116666666666667
"21057",0.125
"21058",0.116666666666667
"21059",0.116666666666667
"21060",0.125
"21061",0.116666666666667
"21062",0.116666666666667
"21063",0.125
"21064",0.12
"21065",0.123333333333333
"21066",0.123333333333333
"21067",0.121666666666667
"21068",0.12
"21069",0.138333333333333
"21070",0.138333333333333
"21071",0.14
"21072",0.138333333333333
"21073",0.138333333333333
"21074",0.138333333333333
"21075",0.143333333333333
"21076",0.14
"21077",0.138333333333333
"21078",0.14
"21079",0.138333333333333
"21080",0.143333333333333
"21081",0.14
"21082",0.14
"21083",0.143333333333333
"21084",0.138333333333333
"21085",0.143333333333333
"21086",0.143333333333333
"21087",0.143333333333333
"21088",0.14
"21089",0.138333333333333
"21090",0.14
"21091",0.14
"21092",0.14
"21093",0.143333333333333
"21094",0.14
"21095",0.138333333333333
"21096",0.145
"21097",0.143333333333333
"21098",0.14
"21099",0.138333333333333
"21100",0.14
"21101",0.138333333333333
"21102",0.138333333333333
"21103",0.143333333333333
"21104",0.14
"21105",0.14
"21106",0.143333333333333
"21107",0.14
"21108",0.138333333333333
"21109",0.143333333333333
"21110",0.131666666666667
"21111",0.135
"21112",0.135
"21113",0.14
"21114",0.14
"21115",0.138333333333333
"21116",0.138333333333333
"21117",0.14
"21118",0.138333333333333
"21119",0.138333333333333
"21120",0.138333333333333
"21121",0.143333333333333
"21122",0.14
"21123",0.138333333333333
"21124",0.14
"21125",0.138333333333333
"21126",0.143333333333333
"21127",0.14
"21128",0.14
"21129",0.143333333333333
"21130",0.138333333333333
"21131",0.143333333333333
"21132",0.143333333333333
"21133",0.143333333333333
"21134",0.14
"21135",0.138333333333333
"21136",0.14
"21137",0.14
"21138",0.14
"21139",0.143333333333333
"21140",0.14
"21141",0.138333333333333
"21142",0.145
"21143",0.143333333333333
"21144",0.14
"21145",0.138333333333333
"21146",0.14
"21147",0.138333333333333
"21148",0.138333333333333
"21149",0.143333333333333
"21150",0.14
"21151",0.14
"21152",0.143333333333333
"21153",0.14
"21154",0.138333333333333
"21155",0.143333333333333
"21156",0.131666666666667
"21157",0.135
"21158",0.135
"21159",0.14
"21160",0.14
"21161",0.138333333333333
"21162",0.138333333333333
"21163",0.14
"21164",0.138333333333333
"21165",0.138333333333333
"21166",0.138333333333333
"21167",0.143333333333333
"21168",0.14
"21169",0.138333333333333
"21170",0.14
"21171",0.138333333333333
"21172",0.143333333333333
"21173",0.14
"21174",0.14
"21175",0.143333333333333
"21176",0.138333333333333
"21177",0.143333333333333
"21178",0.143333333333333
"21179",0.143333333333333
"21180",0.14
"21181",0.138333333333333
"21182",0.14
"21183",0.14
"21184",0.14
"21185",0.143333333333333
"21186",0.14
"21187",0.138333333333333
"21188",0.145
"21189",0.143333333333333
"21190",0.14
"21191",0.138333333333333
"21192",0.14
"21193",0.138333333333333
"21194",0.138333333333333
"21195",0.143333333333333
"21196",0.14
"21197",0.14
"21198",0.143333333333333
"21199",0.14
"21200",0.138333333333333
"21201",0.143333333333333
"21202",0.131666666666667
"21203",0.135
"21204",0.135
"21205",0.14
"21206",0.14
"21207",0.138333333333333
"21208",0.138333333333333
"21209",0.14
"21210",0.138333333333333
"21211",0.138333333333333
"21212",0.138333333333333
"21213",0.143333333333333
"21214",0.14
"21215",0.138333333333333
"21216",0.14
"21217",0.138333333333333
"21218",0.143333333333333
"21219",0.14
"21220",0.14
"21221",0.143333333333333
"21222",0.138333333333333
"21223",0.143333333333333
"21224",0.143333333333333
"21225",0.143333333333333
"21226",0.14
"21227",0.138333333333333
"21228",0.14
"21229",0.14
"21230",0.14
"21231",0.143333333333333
"21232",0.14
"21233",0.138333333333333
"21234",0.145
"21235",0.143333333333333
"21236",0.14
"21237",0.138333333333333
"21238",0.14
"21239",0.138333333333333
"21240",0.138333333333333
"21241",0.143333333333333
"21242",0.14
"21243",0.14
"21244",0.143333333333333
"21245",0.14
"21246",0.138333333333333
"21247",0.143333333333333
"21248",0.131666666666667
"21249",0.135
"21250",0.135
"21251",0.14
"21252",0.14
"21253",0.138333333333333
"21254",0.138333333333333
"21255",0.14
"21256",0.138333333333333
"21257",0.138333333333333
"21258",0.138333333333333
"21259",0.143333333333333
"21260",0.14
"21261",0.138333333333333
"21262",0.14
"21263",0.138333333333333
"21264",0.143333333333333
"21265",0.14
"21266",0.14
"21267",0.143333333333333
"21268",0.138333333333333
"21269",0.143333333333333
"21270",0.143333333333333
"21271",0.143333333333333
"21272",0.14
"21273",0.138333333333333
"21274",0.14
"21275",0.14
"21276",0.14
"21277",0.143333333333333
"21278",0.14
"21279",0.138333333333333
"21280",0.145
"21281",0.143333333333333
"21282",0.14
"21283",0.138333333333333
"21284",0.14
"21285",0.138333333333333
"21286",0.138333333333333
"21287",0.143333333333333
"21288",0.14
"21289",0.14
"21290",0.143333333333333
"21291",0.14
"21292",0.138333333333333
"21293",0.143333333333333
"21294",0.131666666666667
"21295",0.135
"21296",0.135
"21297",0.14
"21298",0.14
"21299",0.138333333333333
"21300",0.138333333333333
"21301",0.14
"21302",0.138333333333333
"21303",0.138333333333333
"21304",0.138333333333333
"21305",0.143333333333333
"21306",0.14
"21307",0.138333333333333
"21308",0.14
"21309",0.138333333333333
"21310",0.143333333333333
"21311",0.14
"21312",0.14
"21313",0.143333333333333
"21314",0.138333333333333
"21315",0.143333333333333
"21316",0.143333333333333
"21317",0.143333333333333
"21318",0.14
"21319",0.138333333333333
"21320",0.14
"21321",0.14
"21322",0.14
"21323",0.143333333333333
"21324",0.14
"21325",0.138333333333333
"21326",0.145
"21327",0.143333333333333
"21328",0.14
"21329",0.138333333333333
"21330",0.14
"21331",0.138333333333333
"21332",0.138333333333333
"21333",0.143333333333333
"21334",0.14
"21335",0.14
"21336",0.143333333333333
"21337",0.14
"21338",0.138333333333333
"21339",0.143333333333333
"21340",0.131666666666667
"21341",0.135
"21342",0.135
"21343",0.14
"21344",0.14
"21345",0.138333333333333
"21346",0.138333333333333
"21347",0.14
"21348",0.138333333333333
"21349",0.138333333333333
"21350",0.138333333333333
"21351",0.143333333333333
"21352",0.14
"21353",0.138333333333333
"21354",0.14
"21355",0.138333333333333
"21356",0.143333333333333
"21357",0.14
"21358",0.14
"21359",0.143333333333333
"21360",0.138333333333333
"21361",0.143333333333333
"21362",0.143333333333333
"21363",0.143333333333333
"21364",0.14
"21365",0.138333333333333
"21366",0.14
"21367",0.14
"21368",0.14
"21369",0.143333333333333
"21370",0.14
"21371",0.138333333333333
"21372",0.145
"21373",0.143333333333333
"21374",0.14
"21375",0.138333333333333
"21376",0.14
"21377",0.138333333333333
"21378",0.138333333333333
"21379",0.143333333333333
"21380",0.14
"21381",0.14
"21382",0.143333333333333
"21383",0.14
"21384",0.138333333333333
"21385",0.143333333333333
"21386",0.131666666666667
"21387",0.135
"21388",0.135
"21389",0.14
"21390",0.14
"21391",0.138333333333333
"21392",0.138333333333333
"21393",0.14
"21394",0.138333333333333
"21395",0.138333333333333
"21396",0.138333333333333
"21397",0.143333333333333
"21398",0.14
"21399",0.138333333333333
"21400",0.14
"21401",0.138333333333333
"21402",0.143333333333333
"21403",0.14
"21404",0.14
"21405",0.143333333333333
"21406",0.138333333333333
"21407",0.143333333333333
"21408",0.143333333333333
"21409",0.143333333333333
"21410",0.14
"21411",0.138333333333333
"21412",0.14
"21413",0.14
"21414",0.14
"21415",0.143333333333333
"21416",0.14
"21417",0.138333333333333
"21418",0.145
"21419",0.143333333333333
"21420",0.14
"21421",0.138333333333333
"21422",0.14
"21423",0.138333333333333
"21424",0.138333333333333
"21425",0.143333333333333
"21426",0.14
"21427",0.14
"21428",0.143333333333333
"21429",0.14
"21430",0.138333333333333
"21431",0.143333333333333
"21432",0.131666666666667
"21433",0.135
"21434",0.135
"21435",0.14
"21436",0.14
"21437",0.138333333333333
"21438",0.138333333333333
"21439",0.14
"21440",0.138333333333333
"21441",0.138333333333333
"21442",0.138333333333333
"21443",0.143333333333333
"21444",0.14
"21445",0.138333333333333
"21446",0.14
"21447",0.138333333333333
"21448",0.143333333333333
"21449",0.14
"21450",0.14
"21451",0.143333333333333
"21452",0.138333333333333
"21453",0.143333333333333
"21454",0.143333333333333
"21455",0.143333333333333
"21456",0.14
"21457",0.138333333333333
"21458",0.14
"21459",0.14
"21460",0.14
"21461",0.143333333333333
"21462",0.14
"21463",0.138333333333333
"21464",0.145
"21465",0.143333333333333
"21466",0.14
"21467",0.138333333333333
"21468",0.14
"21469",0.138333333333333
"21470",0.138333333333333
"21471",0.143333333333333
"21472",0.14
"21473",0.14
"21474",0.143333333333333
"21475",0.14
"21476",0.138333333333333
"21477",0.143333333333333
"21478",0.131666666666667
"21479",0.135
"21480",0.135
"21481",0.14
"21482",0.14
"21483",0.136666666666667
"21484",0.136666666666667
"21485",0.138333333333333
"21486",0.136666666666667
"21487",0.136666666666667
"21488",0.136666666666667
"21489",0.141666666666667
"21490",0.138333333333333
"21491",0.136666666666667
"21492",0.138333333333333
"21493",0.136666666666667
"21494",0.141666666666667
"21495",0.138333333333333
"21496",0.138333333333333
"21497",0.141666666666667
"21498",0.136666666666667
"21499",0.141666666666667
"21500",0.141666666666667
"21501",0.141666666666667
"21502",0.138333333333333
"21503",0.136666666666667
"21504",0.138333333333333
"21505",0.138333333333333
"21506",0.138333333333333
"21507",0.141666666666667
"21508",0.138333333333333
"21509",0.136666666666667
"21510",0.143333333333333
"21511",0.141666666666667
"21512",0.138333333333333
"21513",0.136666666666667
"21514",0.138333333333333
"21515",0.136666666666667
"21516",0.136666666666667
"21517",0.141666666666667
"21518",0.138333333333333
"21519",0.138333333333333
"21520",0.141666666666667
"21521",0.138333333333333
"21522",0.136666666666667
"21523",0.141666666666667
"21524",0.131666666666667
"21525",0.133333333333333
"21526",0.133333333333333
"21527",0.138333333333333
"21528",0.138333333333333
"21529",0.138333333333333
"21530",0.138333333333333
"21531",0.14
"21532",0.138333333333333
"21533",0.138333333333333
"21534",0.138333333333333
"21535",0.143333333333333
"21536",0.14
"21537",0.138333333333333
"21538",0.14
"21539",0.138333333333333
"21540",0.143333333333333
"21541",0.14
"21542",0.14
"21543",0.143333333333333
"21544",0.138333333333333
"21545",0.143333333333333
"21546",0.143333333333333
"21547",0.143333333333333
"21548",0.14
"21549",0.138333333333333
"21550",0.14
"21551",0.14
"21552",0.14
"21553",0.143333333333333
"21554",0.14
"21555",0.138333333333333
"21556",0.145
"21557",0.143333333333333
"21558",0.14
"21559",0.138333333333333
"21560",0.14
"21561",0.138333333333333
"21562",0.138333333333333
"21563",0.143333333333333
"21564",0.14
"21565",0.14
"21566",0.143333333333333
"21567",0.14
"21568",0.138333333333333
"21569",0.143333333333333
"21570",0.131666666666667
"21571",0.135
"21572",0.135
"21573",0.14
"21574",0.14
"21575",0.138333333333333
"21576",0.138333333333333
"21577",0.14
"21578",0.138333333333333
"21579",0.138333333333333
"21580",0.138333333333333
"21581",0.143333333333333
"21582",0.14
"21583",0.138333333333333
"21584",0.14
"21585",0.138333333333333
"21586",0.143333333333333
"21587",0.14
"21588",0.14
"21589",0.143333333333333
"21590",0.138333333333333
"21591",0.143333333333333
"21592",0.143333333333333
"21593",0.143333333333333
"21594",0.14
"21595",0.138333333333333
"21596",0.14
"21597",0.14
"21598",0.14
"21599",0.143333333333333
"21600",0.14
"21601",0.138333333333333
"21602",0.145
"21603",0.143333333333333
"21604",0.14
"21605",0.138333333333333
"21606",0.14
"21607",0.138333333333333
"21608",0.138333333333333
"21609",0.143333333333333
"21610",0.14
"21611",0.14
"21612",0.143333333333333
"21613",0.14
"21614",0.138333333333333
"21615",0.143333333333333
"21616",0.131666666666667
"21617",0.135
"21618",0.135
"21619",0.14
"21620",0.14
"21621",0.0983333333333333
"21622",0.0983333333333333
"21623",0.1
"21624",0.0983333333333333
"21625",0.0983333333333333
"21626",0.0983333333333333
"21627",0.09
"21628",0.0966666666666667
"21629",0.0983333333333333
"21630",0.0966666666666667
"21631",0.0983333333333333
"21632",0.09
"21633",0.0966666666666667
"21634",0.1
"21635",0.09
"21636",0.0983333333333333
"21637",0.09
"21638",0.09
"21639",0.09
"21640",0.0966666666666667
"21641",0.0983333333333333
"21642",0.0966666666666667
"21643",0.0966666666666667
"21644",0.0966666666666667
"21645",0.09
"21646",0.0966666666666667
"21647",0.0983333333333333
"21648",0.0916666666666667
"21649",0.09
"21650",0.1
"21651",0.0983333333333333
"21652",0.0966666666666667
"21653",0.0983333333333333
"21654",0.0983333333333333
"21655",0.09
"21656",0.0966666666666667
"21657",0.0966666666666667
"21658",0.09
"21659",0.0966666666666667
"21660",0.0983333333333333
"21661",0.09
"21662",0.1
"21663",0.103333333333333
"21664",0.103333333333333
"21665",0.0916666666666667
"21666",0.101666666666667
"21667",0.135
"21668",0.135
"21669",0.136666666666667
"21670",0.135
"21671",0.135
"21672",0.135
"21673",0.13
"21674",0.133333333333333
"21675",0.135
"21676",0.133333333333333
"21677",0.135
"21678",0.13
"21679",0.133333333333333
"21680",0.136666666666667
"21681",0.13
"21682",0.135
"21683",0.13
"21684",0.13
"21685",0.13
"21686",0.133333333333333
"21687",0.135
"21688",0.133333333333333
"21689",0.133333333333333
"21690",0.133333333333333
"21691",0.13
"21692",0.133333333333333
"21693",0.135
"21694",0.128333333333333
"21695",0.13
"21696",0.136666666666667
"21697",0.135
"21698",0.133333333333333
"21699",0.135
"21700",0.135
"21701",0.13
"21702",0.133333333333333
"21703",0.133333333333333
"21704",0.13
"21705",0.133333333333333
"21706",0.135
"21707",0.13
"21708",0.128333333333333
"21709",0.13
"21710",0.13
"21711",0.131666666666667
"21712",0.128333333333333
"21713",0.11
"21714",0.11
"21715",0.111666666666667
"21716",0.11
"21717",0.11
"21718",0.11
"21719",0.106666666666667
"21720",0.11
"21721",0.11
"21722",0.11
"21723",0.11
"21724",0.106666666666667
"21725",0.11
"21726",0.111666666666667
"21727",0.106666666666667
"21728",0.11
"21729",0.106666666666667
"21730",0.106666666666667
"21731",0.106666666666667
"21732",0.11
"21733",0.11
"21734",0.11
"21735",0.11
"21736",0.11
"21737",0.106666666666667
"21738",0.11
"21739",0.11
"21740",0.105
"21741",0.106666666666667
"21742",0.111666666666667
"21743",0.11
"21744",0.11
"21745",0.11
"21746",0.11
"21747",0.106666666666667
"21748",0.11
"21749",0.11
"21750",0.106666666666667
"21751",0.11
"21752",0.11
"21753",0.106666666666667
"21754",0.105
"21755",0.108333333333333
"21756",0.108333333333333
"21757",0.105
"21758",0.106666666666667
"21759",0.11
"21760",0.11
"21761",0.111666666666667
"21762",0.11
"21763",0.11
"21764",0.11
"21765",0.106666666666667
"21766",0.11
"21767",0.11
"21768",0.11
"21769",0.11
"21770",0.106666666666667
"21771",0.11
"21772",0.111666666666667
"21773",0.106666666666667
"21774",0.11
"21775",0.106666666666667
"21776",0.106666666666667
"21777",0.106666666666667
"21778",0.11
"21779",0.11
"21780",0.11
"21781",0.11
"21782",0.11
"21783",0.106666666666667
"21784",0.11
"21785",0.11
"21786",0.105
"21787",0.106666666666667
"21788",0.111666666666667
"21789",0.11
"21790",0.11
"21791",0.11
"21792",0.11
"21793",0.106666666666667
"21794",0.11
"21795",0.11
"21796",0.106666666666667
"21797",0.11
"21798",0.11
"21799",0.106666666666667
"21800",0.105
"21801",0.108333333333333
"21802",0.108333333333333
"21803",0.105
"21804",0.106666666666667
"21805",0.135
"21806",0.135
"21807",0.136666666666667
"21808",0.135
"21809",0.135
"21810",0.135
"21811",0.13
"21812",0.133333333333333
"21813",0.135
"21814",0.133333333333333
"21815",0.135
"21816",0.13
"21817",0.133333333333333
"21818",0.136666666666667
"21819",0.13
"21820",0.135
"21821",0.13
"21822",0.13
"21823",0.13
"21824",0.133333333333333
"21825",0.135
"21826",0.133333333333333
"21827",0.133333333333333
"21828",0.133333333333333
"21829",0.13
"21830",0.133333333333333
"21831",0.135
"21832",0.128333333333333
"21833",0.13
"21834",0.136666666666667
"21835",0.135
"21836",0.133333333333333
"21837",0.135
"21838",0.135
"21839",0.13
"21840",0.133333333333333
"21841",0.133333333333333
"21842",0.13
"21843",0.133333333333333
"21844",0.135
"21845",0.13
"21846",0.128333333333333
"21847",0.13
"21848",0.13
"21849",0.131666666666667
"21850",0.128333333333333
"21851",0.101666666666667
"21852",0.101666666666667
"21853",0.103333333333333
"21854",0.101666666666667
"21855",0.101666666666667
"21856",0.101666666666667
"21857",0.0983333333333333
"21858",0.103333333333333
"21859",0.101666666666667
"21860",0.103333333333333
"21861",0.101666666666667
"21862",0.0983333333333333
"21863",0.103333333333333
"21864",0.103333333333333
"21865",0.0983333333333333
"21866",0.101666666666667
"21867",0.0983333333333333
"21868",0.0983333333333333
"21869",0.0983333333333333
"21870",0.103333333333333
"21871",0.101666666666667
"21872",0.103333333333333
"21873",0.103333333333333
"21874",0.103333333333333
"21875",0.0983333333333333
"21876",0.103333333333333
"21877",0.101666666666667
"21878",0.1
"21879",0.0983333333333333
"21880",0.103333333333333
"21881",0.101666666666667
"21882",0.103333333333333
"21883",0.101666666666667
"21884",0.101666666666667
"21885",0.0983333333333333
"21886",0.103333333333333
"21887",0.103333333333333
"21888",0.0983333333333333
"21889",0.103333333333333
"21890",0.101666666666667
"21891",0.0983333333333333
"21892",0.105
"21893",0.105
"21894",0.105
"21895",0.0966666666666667
"21896",0.11
"21897",0.14
"21898",0.14
"21899",0.141666666666667
"21900",0.14
"21901",0.14
"21902",0.14
"21903",0.146666666666667
"21904",0.14
"21905",0.14
"21906",0.14
"21907",0.14
"21908",0.146666666666667
"21909",0.14
"21910",0.141666666666667
"21911",0.146666666666667
"21912",0.14
"21913",0.146666666666667
"21914",0.146666666666667
"21915",0.146666666666667
"21916",0.14
"21917",0.14
"21918",0.14
"21919",0.14
"21920",0.14
"21921",0.146666666666667
"21922",0.14
"21923",0.14
"21924",0.148333333333333
"21925",0.146666666666667
"21926",0.141666666666667
"21927",0.14
"21928",0.14
"21929",0.14
"21930",0.14
"21931",0.146666666666667
"21932",0.14
"21933",0.14
"21934",0.146666666666667
"21935",0.14
"21936",0.14
"21937",0.146666666666667
"21938",0.14
"21939",0.146666666666667
"21940",0.146666666666667
"21941",0.145
"21942",0.145
"21943",0.133333333333333
"21944",0.133333333333333
"21945",0.131666666666667
"21946",0.133333333333333
"21947",0.133333333333333
"21948",0.133333333333333
"21949",0.125
"21950",0.133333333333333
"21951",0.133333333333333
"21952",0.133333333333333
"21953",0.133333333333333
"21954",0.125
"21955",0.133333333333333
"21956",0.131666666666667
"21957",0.125
"21958",0.133333333333333
"21959",0.125
"21960",0.125
"21961",0.125
"21962",0.133333333333333
"21963",0.133333333333333
"21964",0.133333333333333
"21965",0.133333333333333
"21966",0.133333333333333
"21967",0.125
"21968",0.133333333333333
"21969",0.133333333333333
"21970",0.126666666666667
"21971",0.125
"21972",0.131666666666667
"21973",0.133333333333333
"21974",0.133333333333333
"21975",0.133333333333333
"21976",0.133333333333333
"21977",0.125
"21978",0.133333333333333
"21979",0.133333333333333
"21980",0.125
"21981",0.133333333333333
"21982",0.133333333333333
"21983",0.125
"21984",0.126666666666667
"21985",0.13
"21986",0.13
"21987",0.126666666666667
"21988",0.133333333333333
"21989",0.136666666666667
"21990",0.136666666666667
"21991",0.135
"21992",0.136666666666667
"21993",0.136666666666667
"21994",0.136666666666667
"21995",0.128333333333333
"21996",0.136666666666667
"21997",0.136666666666667
"21998",0.136666666666667
"21999",0.136666666666667
"22000",0.128333333333333
"22001",0.136666666666667
"22002",0.135
"22003",0.128333333333333
"22004",0.136666666666667
"22005",0.128333333333333
"22006",0.128333333333333
"22007",0.128333333333333
"22008",0.136666666666667
"22009",0.136666666666667
"22010",0.136666666666667
"22011",0.136666666666667
"22012",0.136666666666667
"22013",0.128333333333333
"22014",0.136666666666667
"22015",0.136666666666667
"22016",0.13
"22017",0.128333333333333
"22018",0.135
"22019",0.136666666666667
"22020",0.136666666666667
"22021",0.136666666666667
"22022",0.136666666666667
"22023",0.128333333333333
"22024",0.136666666666667
"22025",0.136666666666667
"22026",0.128333333333333
"22027",0.136666666666667
"22028",0.136666666666667
"22029",0.128333333333333
"22030",0.13
"22031",0.126666666666667
"22032",0.126666666666667
"22033",0.13
"22034",0.136666666666667
"22035",0.136666666666667
"22036",0.136666666666667
"22037",0.135
"22038",0.136666666666667
"22039",0.136666666666667
"22040",0.136666666666667
"22041",0.128333333333333
"22042",0.136666666666667
"22043",0.136666666666667
"22044",0.136666666666667
"22045",0.136666666666667
"22046",0.128333333333333
"22047",0.136666666666667
"22048",0.135
"22049",0.128333333333333
"22050",0.136666666666667
"22051",0.128333333333333
"22052",0.128333333333333
"22053",0.128333333333333
"22054",0.136666666666667
"22055",0.136666666666667
"22056",0.136666666666667
"22057",0.136666666666667
"22058",0.136666666666667
"22059",0.128333333333333
"22060",0.136666666666667
"22061",0.136666666666667
"22062",0.13
"22063",0.128333333333333
"22064",0.135
"22065",0.136666666666667
"22066",0.136666666666667
"22067",0.136666666666667
"22068",0.136666666666667
"22069",0.128333333333333
"22070",0.136666666666667
"22071",0.136666666666667
"22072",0.128333333333333
"22073",0.136666666666667
"22074",0.136666666666667
"22075",0.128333333333333
"22076",0.13
"22077",0.126666666666667
"22078",0.126666666666667
"22079",0.13
"22080",0.136666666666667
"22081",0.135
"22082",0.135
"22083",0.133333333333333
"22084",0.135
"22085",0.135
"22086",0.135
"22087",0.13
"22088",0.135
"22089",0.135
"22090",0.135
"22091",0.135
"22092",0.13
"22093",0.135
"22094",0.133333333333333
"22095",0.13
"22096",0.135
"22097",0.13
"22098",0.13
"22099",0.13
"22100",0.135
"22101",0.135
"22102",0.135
"22103",0.135
"22104",0.135
"22105",0.13
"22106",0.135
"22107",0.135
"22108",0.131666666666667
"22109",0.13
"22110",0.133333333333333
"22111",0.135
"22112",0.135
"22113",0.135
"22114",0.135
"22115",0.13
"22116",0.135
"22117",0.135
"22118",0.13
"22119",0.135
"22120",0.135
"22121",0.13
"22122",0.128333333333333
"22123",0.128333333333333
"22124",0.128333333333333
"22125",0.131666666666667
"22126",0.135
"22127",0.131666666666667
"22128",0.131666666666667
"22129",0.13
"22130",0.131666666666667
"22131",0.131666666666667
"22132",0.131666666666667
"22133",0.123333333333333
"22134",0.131666666666667
"22135",0.131666666666667
"22136",0.131666666666667
"22137",0.131666666666667
"22138",0.123333333333333
"22139",0.131666666666667
"22140",0.13
"22141",0.123333333333333
"22142",0.131666666666667
"22143",0.123333333333333
"22144",0.123333333333333
"22145",0.123333333333333
"22146",0.131666666666667
"22147",0.131666666666667
"22148",0.131666666666667
"22149",0.131666666666667
"22150",0.131666666666667
"22151",0.123333333333333
"22152",0.131666666666667
"22153",0.131666666666667
"22154",0.125
"22155",0.123333333333333
"22156",0.13
"22157",0.131666666666667
"22158",0.131666666666667
"22159",0.131666666666667
"22160",0.131666666666667
"22161",0.123333333333333
"22162",0.131666666666667
"22163",0.131666666666667
"22164",0.123333333333333
"22165",0.131666666666667
"22166",0.131666666666667
"22167",0.123333333333333
"22168",0.125
"22169",0.128333333333333
"22170",0.128333333333333
"22171",0.125
"22172",0.131666666666667
"22173",0.03
"22174",0.03
"22175",0.0316666666666667
"22176",0.03
"22177",0.03
"22178",0.03
"22179",0.0316666666666667
"22180",0.0283333333333333
"22181",0.03
"22182",0.0283333333333333
"22183",0.03
"22184",0.0316666666666667
"22185",0.0283333333333333
"22186",0.0316666666666667
"22187",0.0316666666666667
"22188",0.03
"22189",0.0316666666666667
"22190",0.0316666666666667
"22191",0.0316666666666667
"22192",0.0283333333333333
"22193",0.03
"22194",0.0283333333333333
"22195",0.0283333333333333
"22196",0.0283333333333333
"22197",0.0316666666666667
"22198",0.0283333333333333
"22199",0.03
"22200",0.0333333333333333
"22201",0.0316666666666667
"22202",0.0316666666666667
"22203",0.03
"22204",0.0283333333333333
"22205",0.03
"22206",0.03
"22207",0.0316666666666667
"22208",0.0283333333333333
"22209",0.0283333333333333
"22210",0.0316666666666667
"22211",0.0283333333333333
"22212",0.03
"22213",0.0316666666666667
"22214",0.0416666666666667
"22215",0.0333333333333333
"22216",0.0333333333333333
"22217",0.0333333333333333
"22218",0.035
"22219",0.0316666666666667
"22220",0.0316666666666667
"22221",0.0333333333333333
"22222",0.0316666666666667
"22223",0.0316666666666667
"22224",0.0316666666666667
"22225",0.0333333333333333
"22226",0.03
"22227",0.0316666666666667
"22228",0.03
"22229",0.0316666666666667
"22230",0.0333333333333333
"22231",0.03
"22232",0.0333333333333333
"22233",0.0333333333333333
"22234",0.0316666666666667
"22235",0.0333333333333333
"22236",0.0333333333333333
"22237",0.0333333333333333
"22238",0.03
"22239",0.0316666666666667
"22240",0.03
"22241",0.03
"22242",0.03
"22243",0.0333333333333333
"22244",0.03
"22245",0.0316666666666667
"22246",0.035
"22247",0.0333333333333333
"22248",0.0333333333333333
"22249",0.0316666666666667
"22250",0.03
"22251",0.0316666666666667
"22252",0.0316666666666667
"22253",0.0333333333333333
"22254",0.03
"22255",0.03
"22256",0.0333333333333333
"22257",0.03
"22258",0.0316666666666667
"22259",0.0333333333333333
"22260",0.0433333333333333
"22261",0.0383333333333333
"22262",0.0383333333333333
"22263",0.035
"22264",0.0366666666666667
"22265",0.03
"22266",0.03
"22267",0.0316666666666667
"22268",0.03
"22269",0.03
"22270",0.03
"22271",0.0316666666666667
"22272",0.0283333333333333
"22273",0.03
"22274",0.0283333333333333
"22275",0.03
"22276",0.0316666666666667
"22277",0.0283333333333333
"22278",0.0316666666666667
"22279",0.0316666666666667
"22280",0.03
"22281",0.0316666666666667
"22282",0.0316666666666667
"22283",0.0316666666666667
"22284",0.0283333333333333
"22285",0.03
"22286",0.0283333333333333
"22287",0.0283333333333333
"22288",0.0283333333333333
"22289",0.0316666666666667
"22290",0.0283333333333333
"22291",0.03
"22292",0.0333333333333333
"22293",0.0316666666666667
"22294",0.0316666666666667
"22295",0.03
"22296",0.0283333333333333
"22297",0.03
"22298",0.03
"22299",0.0316666666666667
"22300",0.0283333333333333
"22301",0.0283333333333333
"22302",0.0316666666666667
"22303",0.0283333333333333
"22304",0.03
"22305",0.0316666666666667
"22306",0.0416666666666667
"22307",0.0366666666666667
"22308",0.0366666666666667
"22309",0.0333333333333333
"22310",0.035
"22311",0.03
"22312",0.03
"22313",0.0316666666666667
"22314",0.03
"22315",0.03
"22316",0.03
"22317",0.0316666666666667
"22318",0.0283333333333333
"22319",0.03
"22320",0.0283333333333333
"22321",0.03
"22322",0.0316666666666667
"22323",0.0283333333333333
"22324",0.0316666666666667
"22325",0.0316666666666667
"22326",0.03
"22327",0.0316666666666667
"22328",0.0316666666666667
"22329",0.0316666666666667
"22330",0.0283333333333333
"22331",0.03
"22332",0.0283333333333333
"22333",0.0283333333333333
"22334",0.0283333333333333
"22335",0.0316666666666667
"22336",0.0283333333333333
"22337",0.03
"22338",0.0333333333333333
"22339",0.0316666666666667
"22340",0.0316666666666667
"22341",0.03
"22342",0.0283333333333333
"22343",0.03
"22344",0.03
"22345",0.0316666666666667
"22346",0.0283333333333333
"22347",0.0283333333333333
"22348",0.0316666666666667
"22349",0.0283333333333333
"22350",0.03
"22351",0.0316666666666667
"22352",0.0416666666666667
"22353",0.0366666666666667
"22354",0.0366666666666667
"22355",0.0333333333333333
"22356",0.035
"22357",0.03
"22358",0.03
"22359",0.0316666666666667
"22360",0.03
"22361",0.03
"22362",0.03
"22363",0.0316666666666667
"22364",0.0283333333333333
"22365",0.03
"22366",0.0283333333333333
"22367",0.03
"22368",0.0316666666666667
"22369",0.0283333333333333
"22370",0.0316666666666667
"22371",0.0316666666666667
"22372",0.03
"22373",0.0316666666666667
"22374",0.0316666666666667
"22375",0.0316666666666667
"22376",0.0283333333333333
"22377",0.03
"22378",0.0283333333333333
"22379",0.0283333333333333
"22380",0.0283333333333333
"22381",0.0316666666666667
"22382",0.0283333333333333
"22383",0.03
"22384",0.0333333333333333
"22385",0.0316666666666667
"22386",0.0316666666666667
"22387",0.03
"22388",0.0283333333333333
"22389",0.03
"22390",0.03
"22391",0.0316666666666667
"22392",0.0283333333333333
"22393",0.0283333333333333
"22394",0.0316666666666667
"22395",0.0283333333333333
"22396",0.03
"22397",0.0316666666666667
"22398",0.0416666666666667
"22399",0.0366666666666667
"22400",0.0366666666666667
"22401",0.0333333333333333
"22402",0.035
"22403",0.0283333333333333
"22404",0.0283333333333333
"22405",0.03
"22406",0.0283333333333333
"22407",0.0283333333333333
"22408",0.0283333333333333
"22409",0.03
"22410",0.0266666666666667
"22411",0.0283333333333333
"22412",0.0266666666666667
"22413",0.0283333333333333
"22414",0.03
"22415",0.0266666666666667
"22416",0.03
"22417",0.03
"22418",0.0283333333333333
"22419",0.03
"22420",0.03
"22421",0.03
"22422",0.0266666666666667
"22423",0.0283333333333333
"22424",0.0266666666666667
"22425",0.0266666666666667
"22426",0.0266666666666667
"22427",0.03
"22428",0.0266666666666667
"22429",0.0283333333333333
"22430",0.0316666666666667
"22431",0.03
"22432",0.03
"22433",0.0283333333333333
"22434",0.0266666666666667
"22435",0.0283333333333333
"22436",0.0283333333333333
"22437",0.03
"22438",0.0266666666666667
"22439",0.0266666666666667
"22440",0.03
"22441",0.0266666666666667
"22442",0.0283333333333333
"22443",0.03
"22444",0.04
"22445",0.035
"22446",0.035
"22447",0.0316666666666667
"22448",0.0333333333333333
"22449",0.101666666666667
"22450",0.101666666666667
"22451",0.103333333333333
"22452",0.101666666666667
"22453",0.101666666666667
"22454",0.101666666666667
"22455",0.0933333333333333
"22456",0.1
"22457",0.101666666666667
"22458",0.1
"22459",0.101666666666667
"22460",0.0933333333333333
"22461",0.1
"22462",0.103333333333333
"22463",0.0933333333333333
"22464",0.101666666666667
"22465",0.0933333333333333
"22466",0.0933333333333333
"22467",0.0933333333333333
"22468",0.1
"22469",0.101666666666667
"22470",0.1
"22471",0.1
"22472",0.1
"22473",0.0933333333333333
"22474",0.1
"22475",0.101666666666667
"22476",0.095
"22477",0.0933333333333333
"22478",0.103333333333333
"22479",0.101666666666667
"22480",0.1
"22481",0.101666666666667
"22482",0.101666666666667
"22483",0.0933333333333333
"22484",0.1
"22485",0.1
"22486",0.0933333333333333
"22487",0.1
"22488",0.101666666666667
"22489",0.0933333333333333
"22490",0.1
"22491",0.1
"22492",0.1
"22493",0.095
"22494",0.105
"22495",0.101666666666667
"22496",0.101666666666667
"22497",0.103333333333333
"22498",0.101666666666667
"22499",0.101666666666667
"22500",0.101666666666667
"22501",0.0933333333333333
"22502",0.1
"22503",0.101666666666667
"22504",0.1
"22505",0.101666666666667
"22506",0.0933333333333333
"22507",0.1
"22508",0.103333333333333
"22509",0.0933333333333333
"22510",0.101666666666667
"22511",0.0933333333333333
"22512",0.0933333333333333
"22513",0.0933333333333333
"22514",0.1
"22515",0.101666666666667
"22516",0.1
"22517",0.1
"22518",0.1
"22519",0.0933333333333333
"22520",0.1
"22521",0.101666666666667
"22522",0.095
"22523",0.0933333333333333
"22524",0.103333333333333
"22525",0.101666666666667
"22526",0.1
"22527",0.101666666666667
"22528",0.101666666666667
"22529",0.0933333333333333
"22530",0.1
"22531",0.1
"22532",0.0933333333333333
"22533",0.1
"22534",0.101666666666667
"22535",0.0933333333333333
"22536",0.1
"22537",0.1
"22538",0.1
"22539",0.095
"22540",0.105
"22541",0.116666666666667
"22542",0.116666666666667
"22543",0.115
"22544",0.116666666666667
"22545",0.116666666666667
"22546",0.113333333333333
"22547",0.115
"22548",0.111666666666667
"22549",0.115
"22550",0.113333333333333
"22551",0.115
"22552",0.115
"22553",0.113333333333333
"22554",0.111666666666667
"22555",0.113333333333333
"22556",0.111666666666667
"22557",0.113333333333333
"22558",0.115
"22559",0.115
"22560",0.111666666666667
"22561",0.111666666666667
"22562",0.095
"22563",0.0966666666666667
"22564",0.095
"22565",0.0966666666666667
"22566",0.0966666666666667
"22567",0.0966666666666667
"22568",0.095
"22569",0.095
"22570",0.095
"22571",0.0966666666666667
"22572",0.095
"22573",0.095
"22574",0.095
"22575",0.095
"22576",0.095
"22577",0.095
"22578",0.0966666666666667
"22579",0.095
"22580",0.095
"22581",0.0933333333333333
"22582",0.095
"22583",0.0966666666666667
"22584",0.095
"22585",0.095
"22586",0.095
"22587",0.0966666666666667
"22588",0.0966666666666667
"22589",0.095
"22590",0.095
"22591",0.0966666666666667
"22592",0.095
"22593",0.095
"22594",0.095
"22595",0.095
"22596",0.0966666666666667
"22597",0.0966666666666667
"22598",0.095
"22599",0.095
"22600",0.095
"22601",0.095
"22602",0.095
"22603",0.095
"22604",0.095
"22605",0.0966666666666667
"22606",0.0966666666666667
"22607",0.095
"22608",0.0966666666666667
"22609",0.095
"22610",0.095
"22611",0.095
"22612",0.116666666666667
"22613",0.121666666666667
"22614",0.121666666666667
"22615",0.121666666666667
"22616",0.121666666666667
"22617",0.123333333333333
"22618",0.121666666666667
"22619",0.123333333333333
"22620",0.121666666666667
"22621",0.121666666666667
"22622",0.121666666666667
"22623",0.121666666666667
"22624",0.121666666666667
"22625",0.121666666666667
"22626",0.121666666666667
"22627",0.121666666666667
"22628",0.121666666666667
"22629",0.121666666666667
"22630",0.121666666666667
"22631",0.121666666666667
"22632",0.121666666666667
"22633",0.121666666666667
"22634",0.121666666666667
"22635",0.121666666666667
"22636",0.121666666666667
"22637",0.121666666666667
"22638",0.121666666666667
"22639",0.121666666666667
"22640",0.12
"22641",0.121666666666667
"22642",0.121666666666667
"22643",0.121666666666667
"22644",0.105
"22645",0.105
"22646",0.106666666666667
"22647",0.105
"22648",0.105
"22649",0.105
"22650",0.106666666666667
"22651",0.106666666666667
"22652",0.105
"22653",0.106666666666667
"22654",0.105
"22655",0.106666666666667
"22656",0.106666666666667
"22657",0.106666666666667
"22658",0.106666666666667
"22659",0.105
"22660",0.106666666666667
"22661",0.106666666666667
"22662",0.106666666666667
"22663",0.106666666666667
"22664",0.105
"22665",0.106666666666667
"22666",0.106666666666667
"22667",0.106666666666667
"22668",0.106666666666667
"22669",0.106666666666667
"22670",0.105
"22671",0.105
"22672",0.106666666666667
"22673",0.106666666666667
"22674",0.105
"22675",0.106666666666667
"22676",0.105
"22677",0.105
"22678",0.106666666666667
"22679",0.106666666666667
"22680",0.106666666666667
"22681",0.106666666666667
"22682",0.106666666666667
"22683",0.105
"22684",0.106666666666667
"22685",0.103333333333333
"22686",0.105
"22687",0.105
"22688",0.0516666666666667
"22689",0.0533333333333333
"22690",0.05
"22691",0.05
"22692",0.0483333333333333
"22693",0.0516666666666667
"22694",0.0516666666666667
"22695",0.103333333333333
"22696",0.103333333333333
"22697",0.103333333333333
"22698",0.103333333333333
"22699",0.103333333333333
"22700",0.101666666666667
"22701",0.128333333333333
"22702",0.128333333333333
"22703",0.128333333333333
"22704",0.128333333333333
"22705",0.123333333333333
"22706",0.123333333333333
"22707",0.123333333333333
"22708",0.123333333333333
"22709",0.126666666666667
"22710",0.123333333333333
"22711",0.123333333333333
"22712",0.123333333333333
"22713",0.123333333333333
"22714",0.123333333333333
"22715",0.123333333333333
"22716",0.123333333333333
"22717",0.123333333333333
"22718",0.123333333333333
"22719",0.123333333333333
"22720",0.123333333333333
"22721",0.123333333333333
"22722",0.123333333333333
"22723",0.123333333333333
"22724",0.138333333333333
"22725",0.138333333333333
"22726",0.146666666666667
"22727",0.155
"22728",0.153333333333333
"22729",0.146666666666667
"22730",0.146666666666667
"22731",0.151666666666667
"22732",0.153333333333333
"22733",0.15
"22734",0.121666666666667
"22735",0.12
"22736",0.121666666666667
"22737",0.123333333333333
"22738",0.121666666666667
"22739",0.121666666666667
"22740",0.121666666666667
"22741",0.1
"22742",0.1
"22743",0.101666666666667
"22744",0.135
"22745",0.135
"22746",0.133333333333333
"22747",0.131666666666667
"22748",0.131666666666667
"22749",0.135
"22750",0.135
"22751",0.133333333333333
"22752",0.135
"22753",0.131666666666667
"22754",0.133333333333333
"22755",0.133333333333333
"22756",0.135
"22757",0.135
"22758",0.133333333333333
"22759",0.131666666666667
"22760",0.135
"22761",0.131666666666667
"22762",0.131666666666667
"22763",0.133333333333333
"22764",0.135
"22765",0.131666666666667
"22766",0.133333333333333
"22767",0.133333333333333
"22768",0.133333333333333
"22769",0.1
"22770",0.101666666666667
"22771",0.103333333333333
"22772",0.103333333333333
"22773",0.105
"22774",0.101666666666667
"22775",0.103333333333333
"22776",0.101666666666667
"22777",0.105
"22778",0.1
"22779",0.103333333333333
"22780",0.103333333333333
"22781",0.123333333333333
"22782",0.123333333333333
"22783",0.123333333333333
"22784",0.121666666666667
"22785",0.125
"22786",0.123333333333333
"22787",0.105
"22788",0.101666666666667
"22789",0.105
"22790",0.02
"22791",0.02
"22792",0.153333333333333
"22793",0.158333333333333
"22794",0.153333333333333
"22795",0.153333333333333
"22796",0.0983333333333333
"22797",0.1
"22798",0.125
"22799",0.123333333333333
"22800",0.125
"22801",0.125
"22802",0.123333333333333
"22803",0.125
"22804",0.123333333333333
"22805",0.123333333333333
"22806",0.123333333333333
"22807",0.118333333333333
"22808",0.118333333333333
"22809",0.0833333333333333
"22810",0.0833333333333333
"22811",0.0833333333333333
"22812",0.0833333333333333
"22813",0.0833333333333333
"22814",0.0833333333333333
"22815",0.0883333333333333
"22816",0.0833333333333333
"22817",0.0833333333333333
"22818",0.0833333333333333
"22819",0.085
"22820",0.0883333333333333
"22821",0.0883333333333333
"22822",0.0833333333333333
"22823",0.0833333333333333
"22824",0.085
"22825",0.0833333333333333
"22826",0.0866666666666667
"22827",0.0833333333333333
"22828",0.0883333333333333
"22829",0.0833333333333333
"22830",0.085
"22831",0.0833333333333333
"22832",0.085
"22833",0.0833333333333333
"22834",0.0883333333333333
"22835",0.085
"22836",0.085
"22837",0.085
"22838",0.085
"22839",0.0866666666666667
"22840",0.0833333333333333
"22841",0.0883333333333333
"22842",0.0866666666666667
"22843",0.0833333333333333
"22844",0.0833333333333333
"22845",0.085
"22846",0.0833333333333333
"22847",0.0833333333333333
"22848",0.0833333333333333
"22849",0.0833333333333333
"22850",0.085
"22851",0.0866666666666667
"22852",0.085
"22853",0.0833333333333333
"22854",0.0833333333333333
"22855",0.0866666666666667
"22856",0.0883333333333333
"22857",0.085
"22858",0.0833333333333333
"22859",0.0833333333333333
"22860",0.0883333333333333
"22861",0.0833333333333333
"22862",0.0833333333333333
"22863",0.0833333333333333
"22864",0.0833333333333333
"22865",0.085
"22866",0.0833333333333333
"22867",0.0833333333333333
"22868",0.085
"22869",0.0833333333333333
"22870",0.085
"22871",0.0866666666666667
"22872",0.0866666666666667
"22873",0.0833333333333333
"22874",0.0833333333333333
"22875",0.0833333333333333
"22876",0.0833333333333333
"22877",0.0866666666666667
"22878",0.085
"22879",0.0833333333333333
"22880",0.0833333333333333
"22881",0.085
"22882",0.0883333333333333
"22883",0.0833333333333333
"22884",0.0833333333333333
"22885",0.0833333333333333
"22886",0.0833333333333333
"22887",0.0833333333333333
"22888",0.0833333333333333
"22889",0.0833333333333333
"22890",0.0833333333333333
"22891",0.085
"22892",0.085
"22893",0.085
"22894",0.085
"22895",0.0866666666666667
"22896",0.0316666666666667
"22897",0.0866666666666667
"22898",0.09
"22899",0.0866666666666667
"22900",0.14
"22901",0.14
"22902",0.141666666666667
"22903",0.103333333333333
"22904",0.1
"22905",0.103333333333333
"22906",0.101666666666667
"22907",0.101666666666667
"22908",0.126666666666667
"22909",0.125
"22910",0.128333333333333
"22911",0.126666666666667
"22912",0.128333333333333
"22913",0.126666666666667
"22914",0.128333333333333
"22915",0.126666666666667
"22916",0.128333333333333
"22917",0.128333333333333
"22918",0.128333333333333
"22919",0.126666666666667
"22920",0.095
"22921",0.095
"22922",0.0933333333333333
"22923",0.095
"22924",0.125
"22925",0.125
"22926",0.125
"22927",0.125
"22928",0.126666666666667
"22929",0.125
"22930",0.126666666666667
"22931",0.126666666666667
"22932",0.121666666666667
"22933",0.125
"22934",0.141666666666667
"22935",0.141666666666667
"22936",0.141666666666667
"22937",0.126666666666667
"22938",0.125
"22939",0.13
"22940",0.13
"22941",0.0283333333333333
"22942",0.0366666666666667
"22943",0.03
"22944",0.03
"22945",0.0333333333333333
"22946",0.0266666666666667
"22947",0.0266666666666667
"22948",0.0333333333333333
"22949",0.0216666666666667
"22950",0.0266666666666667
"22951",0.0283333333333333
"22952",0.0266666666666667
"22953",0.0283333333333333
"22954",0.03
"22955",0.03
"22956",0.0266666666666667
"22957",0.0216666666666667
"22958",0.0316666666666667
"22959",0.03
"22960",0.0316666666666667
"22961",0.0316666666666667
"22962",0.0333333333333333
"22963",0.0283333333333333
"22964",0.0283333333333333
"22965",0.0216666666666667
"22966",0.0216666666666667
"22967",0.0266666666666667
"22968",0.116666666666667
"22969",0.125
"22970",0.128333333333333
"22971",0.126666666666667
"22972",0.101666666666667
"22973",0.101666666666667
"22974",0.101666666666667
"22975",0.0983333333333333
"22976",0.0966666666666667
"22977",0.0966666666666667
"22978",0.0983333333333333
"22979",0.0966666666666667
"22980",0.0966666666666667
"22981",0.0983333333333333
"22982",0.0983333333333333
"22983",0.0983333333333333
"22984",0.0983333333333333
"22985",0.0983333333333333
"22986",0.0966666666666667
"22987",0.0983333333333333
"22988",0.0983333333333333
"22989",0.0983333333333333
"22990",0.0983333333333333
"22991",0.103333333333333
"22992",0.1
"22993",0.105
"22994",0.0266666666666667
"22995",0.0266666666666667
"22996",0.0266666666666667
"22997",0.135
"22998",0.125
"22999",0.125
"23000",0.128333333333333
"23001",0.125
"23002",0.125
"23003",0.125
"23004",0.125
"23005",0.125
"23006",0.105
"23007",0.105
"23008",0.106666666666667
"23009",0.106666666666667
"23010",0.101666666666667
"23011",0.106666666666667
"23012",0.108333333333333
"23013",0.105
"23014",0.105
"23015",0.106666666666667
"23016",0.105
"23017",0.105
"23018",0.105
"23019",0.121666666666667
"23020",0.123333333333333
"23021",0.123333333333333
"23022",0.121666666666667
"23023",0.12
"23024",0.123333333333333
"23025",0.121666666666667
"23026",0.121666666666667
"23027",0.121666666666667
"23028",0.123333333333333
"23029",0.121666666666667
"23030",0.12
"23031",0.105
"23032",0.108333333333333
"23033",0.11
"23034",0.105
"23035",0.108333333333333
"23036",0.106666666666667
"23037",0.105
"23038",0.105
"23039",0.121666666666667
"23040",0.103333333333333
"23041",0.101666666666667
"23042",0.111666666666667
"23043",0.111666666666667
"23044",0.123333333333333
"23045",0.123333333333333
"23046",0.123333333333333
"23047",0.123333333333333
"23048",0.123333333333333
"23049",0.123333333333333
"23050",0.123333333333333
"23051",0.123333333333333
"23052",0.123333333333333
"23053",0.123333333333333
"23054",0.123333333333333
"23055",0.123333333333333
"23056",0.101666666666667
"23057",0.123333333333333
"23058",0.0316666666666667
"23059",0.0316666666666667
"23060",0.125
"23061",0.095
"23062",0.125
"23063",0.13
"23064",0.126666666666667
"23065",0.126666666666667
"23066",0.128333333333333
"23067",0.128333333333333
"23068",0.095
"23069",0.0966666666666667
"23070",0.0983333333333333
"23071",0.0983333333333333
"23072",0.0983333333333333
"23073",0.0966666666666667
"23074",0.101666666666667
"23075",0.101666666666667
