"","x"
"1",0.131666666666667
"2",0.131666666666667
"3",0.131666666666667
"4",0.131666666666667
"5",0.135
"6",0.131666666666667
"7",0.131666666666667
"8",0.131666666666667
"9",0.131666666666667
"10",0.131666666666667
"11",0.131666666666667
"12",0.131666666666667
"13",0.131666666666667
"14",0.131666666666667
"15",0.131666666666667
"16",0.131666666666667
"17",0.131666666666667
"18",0.131666666666667
"19",0.131666666666667
"20",0.131666666666667
"21",0.131666666666667
"22",0.131666666666667
"23",0.131666666666667
"24",0.131666666666667
"25",0.131666666666667
"26",0.131666666666667
"27",0.131666666666667
"28",0.131666666666667
"29",0.13
"30",0.131666666666667
"31",0.131666666666667
"32",0.131666666666667
"33",0.131666666666667
"34",0.131666666666667
"35",0.131666666666667
"36",0.135
"37",0.131666666666667
"38",0.131666666666667
"39",0.131666666666667
"40",0.131666666666667
"41",0.131666666666667
"42",0.131666666666667
"43",0.131666666666667
"44",0.131666666666667
"45",0.131666666666667
"46",0.131666666666667
"47",0.131666666666667
"48",0.131666666666667
"49",0.131666666666667
"50",0.131666666666667
"51",0.131666666666667
"52",0.131666666666667
"53",0.131666666666667
"54",0.131666666666667
"55",0.131666666666667
"56",0.131666666666667
"57",0.131666666666667
"58",0.131666666666667
"59",0.131666666666667
"60",0.13
"61",0.131666666666667
"62",0.131666666666667
"63",0.128333333333333
"64",0.128333333333333
"65",0.128333333333333
"66",0.128333333333333
"67",0.131666666666667
"68",0.128333333333333
"69",0.128333333333333
"70",0.128333333333333
"71",0.128333333333333
"72",0.128333333333333
"73",0.128333333333333
"74",0.128333333333333
"75",0.128333333333333
"76",0.128333333333333
"77",0.128333333333333
"78",0.128333333333333
"79",0.128333333333333
"80",0.128333333333333
"81",0.128333333333333
"82",0.128333333333333
"83",0.128333333333333
"84",0.128333333333333
"85",0.128333333333333
"86",0.128333333333333
"87",0.128333333333333
"88",0.128333333333333
"89",0.128333333333333
"90",0.128333333333333
"91",0.126666666666667
"92",0.128333333333333
"93",0.128333333333333
"94",0.131666666666667
"95",0.131666666666667
"96",0.131666666666667
"97",0.131666666666667
"98",0.135
"99",0.131666666666667
"100",0.131666666666667
"101",0.131666666666667
"102",0.131666666666667
"103",0.131666666666667
"104",0.131666666666667
"105",0.131666666666667
"106",0.131666666666667
"107",0.131666666666667
"108",0.131666666666667
"109",0.131666666666667
"110",0.131666666666667
"111",0.131666666666667
"112",0.131666666666667
"113",0.131666666666667
"114",0.131666666666667
"115",0.131666666666667
"116",0.131666666666667
"117",0.131666666666667
"118",0.131666666666667
"119",0.131666666666667
"120",0.131666666666667
"121",0.131666666666667
"122",0.13
"123",0.131666666666667
"124",0.131666666666667
"125",0.131666666666667
"126",0.131666666666667
"127",0.131666666666667
"128",0.131666666666667
"129",0.135
"130",0.131666666666667
"131",0.131666666666667
"132",0.131666666666667
"133",0.131666666666667
"134",0.131666666666667
"135",0.131666666666667
"136",0.131666666666667
"137",0.131666666666667
"138",0.131666666666667
"139",0.131666666666667
"140",0.131666666666667
"141",0.131666666666667
"142",0.131666666666667
"143",0.131666666666667
"144",0.131666666666667
"145",0.131666666666667
"146",0.131666666666667
"147",0.131666666666667
"148",0.131666666666667
"149",0.131666666666667
"150",0.131666666666667
"151",0.131666666666667
"152",0.131666666666667
"153",0.13
"154",0.131666666666667
"155",0.131666666666667
"156",0.103333333333333
"157",0.103333333333333
"158",0.103333333333333
"159",0.103333333333333
"160",0.106666666666667
"161",0.103333333333333
"162",0.103333333333333
"163",0.103333333333333
"164",0.103333333333333
"165",0.103333333333333
"166",0.103333333333333
"167",0.103333333333333
"168",0.103333333333333
"169",0.103333333333333
"170",0.103333333333333
"171",0.103333333333333
"172",0.103333333333333
"173",0.103333333333333
"174",0.103333333333333
"175",0.103333333333333
"176",0.103333333333333
"177",0.103333333333333
"178",0.103333333333333
"179",0.103333333333333
"180",0.103333333333333
"181",0.103333333333333
"182",0.103333333333333
"183",0.103333333333333
"184",0.101666666666667
"185",0.103333333333333
"186",0.103333333333333
"187",0.105
"188",0.105
"189",0.105
"190",0.105
"191",0.108333333333333
"192",0.105
"193",0.105
"194",0.105
"195",0.105
"196",0.105
"197",0.105
"198",0.105
"199",0.105
"200",0.105
"201",0.105
"202",0.105
"203",0.105
"204",0.105
"205",0.105
"206",0.105
"207",0.105
"208",0.105
"209",0.105
"210",0.105
"211",0.105
"212",0.105
"213",0.105
"214",0.105
"215",0.103333333333333
"216",0.105
"217",0.105
"218",0.105
"219",0.105
"220",0.105
"221",0.105
"222",0.108333333333333
"223",0.105
"224",0.105
"225",0.105
"226",0.105
"227",0.105
"228",0.105
"229",0.105
"230",0.105
"231",0.105
"232",0.105
"233",0.105
"234",0.105
"235",0.105
"236",0.105
"237",0.105
"238",0.105
"239",0.105
"240",0.105
"241",0.105
"242",0.105
"243",0.105
"244",0.105
"245",0.105
"246",0.103333333333333
"247",0.105
"248",0.105
"249",0.105
"250",0.105
"251",0.105
"252",0.105
"253",0.108333333333333
"254",0.105
"255",0.105
"256",0.105
"257",0.105
"258",0.105
"259",0.105
"260",0.105
"261",0.105
"262",0.105
"263",0.105
"264",0.105
"265",0.105
"266",0.105
"267",0.105
"268",0.105
"269",0.105
"270",0.105
"271",0.105
"272",0.105
"273",0.105
"274",0.105
"275",0.105
"276",0.105
"277",0.103333333333333
"278",0.105
"279",0.105
"280",0.103333333333333
"281",0.103333333333333
"282",0.103333333333333
"283",0.103333333333333
"284",0.106666666666667
"285",0.103333333333333
"286",0.103333333333333
"287",0.103333333333333
"288",0.103333333333333
"289",0.103333333333333
"290",0.103333333333333
"291",0.103333333333333
"292",0.103333333333333
"293",0.103333333333333
"294",0.103333333333333
"295",0.103333333333333
"296",0.103333333333333
"297",0.103333333333333
"298",0.103333333333333
"299",0.103333333333333
"300",0.103333333333333
"301",0.103333333333333
"302",0.103333333333333
"303",0.103333333333333
"304",0.103333333333333
"305",0.103333333333333
"306",0.103333333333333
"307",0.103333333333333
"308",0.101666666666667
"309",0.103333333333333
"310",0.103333333333333
"311",0.105
"312",0.105
"313",0.105
"314",0.105
"315",0.108333333333333
"316",0.105
"317",0.105
"318",0.105
"319",0.105
"320",0.105
"321",0.105
"322",0.105
"323",0.105
"324",0.105
"325",0.105
"326",0.105
"327",0.105
"328",0.105
"329",0.105
"330",0.105
"331",0.105
"332",0.105
"333",0.105
"334",0.105
"335",0.105
"336",0.105
"337",0.105
"338",0.105
"339",0.103333333333333
"340",0.105
"341",0.105
"342",0.105
"343",0.105
"344",0.105
"345",0.105
"346",0.108333333333333
"347",0.105
"348",0.105
"349",0.105
"350",0.105
"351",0.105
"352",0.105
"353",0.105
"354",0.105
"355",0.105
"356",0.105
"357",0.105
"358",0.105
"359",0.105
"360",0.105
"361",0.105
"362",0.105
"363",0.105
"364",0.105
"365",0.105
"366",0.105
"367",0.105
"368",0.105
"369",0.105
"370",0.103333333333333
"371",0.105
"372",0.105
"373",0.106666666666667
"374",0.106666666666667
"375",0.106666666666667
"376",0.106666666666667
"377",0.11
"378",0.106666666666667
"379",0.106666666666667
"380",0.106666666666667
"381",0.106666666666667
"382",0.106666666666667
"383",0.106666666666667
"384",0.106666666666667
"385",0.106666666666667
"386",0.106666666666667
"387",0.106666666666667
"388",0.106666666666667
"389",0.106666666666667
"390",0.106666666666667
"391",0.106666666666667
"392",0.106666666666667
"393",0.106666666666667
"394",0.106666666666667
"395",0.106666666666667
"396",0.106666666666667
"397",0.106666666666667
"398",0.106666666666667
"399",0.106666666666667
"400",0.106666666666667
"401",0.105
"402",0.106666666666667
"403",0.106666666666667
"404",0.105
"405",0.105
"406",0.105
"407",0.105
"408",0.108333333333333
"409",0.105
"410",0.105
"411",0.105
"412",0.105
"413",0.105
"414",0.105
"415",0.105
"416",0.105
"417",0.105
"418",0.105
"419",0.105
"420",0.105
"421",0.105
"422",0.105
"423",0.105
"424",0.105
"425",0.105
"426",0.105
"427",0.105
"428",0.105
"429",0.105
"430",0.105
"431",0.105
"432",0.103333333333333
"433",0.105
"434",0.105
"435",0.103333333333333
"436",0.103333333333333
"437",0.103333333333333
"438",0.103333333333333
"439",0.106666666666667
"440",0.103333333333333
"441",0.103333333333333
"442",0.103333333333333
"443",0.103333333333333
"444",0.103333333333333
"445",0.103333333333333
"446",0.103333333333333
"447",0.103333333333333
"448",0.103333333333333
"449",0.103333333333333
"450",0.103333333333333
"451",0.103333333333333
"452",0.103333333333333
"453",0.103333333333333
"454",0.103333333333333
"455",0.103333333333333
"456",0.103333333333333
"457",0.103333333333333
"458",0.103333333333333
"459",0.103333333333333
"460",0.103333333333333
"461",0.103333333333333
"462",0.103333333333333
"463",0.101666666666667
"464",0.103333333333333
"465",0.103333333333333
"466",0.105
"467",0.105
"468",0.105
"469",0.105
"470",0.108333333333333
"471",0.105
"472",0.105
"473",0.105
"474",0.105
"475",0.105
"476",0.105
"477",0.105
"478",0.105
"479",0.105
"480",0.105
"481",0.105
"482",0.105
"483",0.105
"484",0.105
"485",0.105
"486",0.105
"487",0.105
"488",0.105
"489",0.105
"490",0.105
"491",0.105
"492",0.105
"493",0.105
"494",0.103333333333333
"495",0.105
"496",0.105
"497",0.103333333333333
"498",0.103333333333333
"499",0.103333333333333
"500",0.103333333333333
"501",0.106666666666667
"502",0.103333333333333
"503",0.103333333333333
"504",0.103333333333333
"505",0.103333333333333
"506",0.103333333333333
"507",0.103333333333333
"508",0.103333333333333
"509",0.103333333333333
"510",0.103333333333333
"511",0.103333333333333
"512",0.103333333333333
"513",0.103333333333333
"514",0.103333333333333
"515",0.103333333333333
"516",0.103333333333333
"517",0.103333333333333
"518",0.103333333333333
"519",0.103333333333333
"520",0.103333333333333
"521",0.103333333333333
"522",0.103333333333333
"523",0.103333333333333
"524",0.103333333333333
"525",0.101666666666667
"526",0.103333333333333
"527",0.103333333333333
"528",0.105
"529",0.105
"530",0.105
"531",0.105
"532",0.108333333333333
"533",0.105
"534",0.105
"535",0.105
"536",0.105
"537",0.105
"538",0.105
"539",0.105
"540",0.105
"541",0.105
"542",0.105
"543",0.105
"544",0.105
"545",0.105
"546",0.105
"547",0.105
"548",0.105
"549",0.105
"550",0.105
"551",0.105
"552",0.105
"553",0.105
"554",0.105
"555",0.105
"556",0.103333333333333
"557",0.105
"558",0.105
"559",0.105
"560",0.105
"561",0.105
"562",0.105
"563",0.108333333333333
"564",0.105
"565",0.105
"566",0.105
"567",0.105
"568",0.105
"569",0.105
"570",0.105
"571",0.105
"572",0.105
"573",0.105
"574",0.105
"575",0.105
"576",0.105
"577",0.105
"578",0.105
"579",0.105
"580",0.105
"581",0.105
"582",0.105
"583",0.105
"584",0.105
"585",0.105
"586",0.105
"587",0.103333333333333
"588",0.105
"589",0.105
"590",0.105
"591",0.105
"592",0.105
"593",0.105
"594",0.108333333333333
"595",0.105
"596",0.105
"597",0.105
"598",0.105
"599",0.105
"600",0.105
"601",0.105
"602",0.105
"603",0.105
"604",0.105
"605",0.105
"606",0.105
"607",0.105
"608",0.105
"609",0.105
"610",0.105
"611",0.105
"612",0.105
"613",0.105
"614",0.105
"615",0.105
"616",0.105
"617",0.105
"618",0.103333333333333
"619",0.105
"620",0.105
"621",0.105
"622",0.105
"623",0.105
"624",0.105
"625",0.108333333333333
"626",0.105
"627",0.105
"628",0.105
"629",0.105
"630",0.105
"631",0.105
"632",0.105
"633",0.105
"634",0.105
"635",0.105
"636",0.105
"637",0.105
"638",0.105
"639",0.105
"640",0.105
"641",0.105
"642",0.105
"643",0.105
"644",0.105
"645",0.105
"646",0.105
"647",0.105
"648",0.105
"649",0.103333333333333
"650",0.105
"651",0.105
"652",0.143333333333333
"653",0.143333333333333
"654",0.143333333333333
"655",0.143333333333333
"656",0.146666666666667
"657",0.143333333333333
"658",0.143333333333333
"659",0.143333333333333
"660",0.143333333333333
"661",0.143333333333333
"662",0.143333333333333
"663",0.143333333333333
"664",0.143333333333333
"665",0.143333333333333
"666",0.143333333333333
"667",0.143333333333333
"668",0.143333333333333
"669",0.143333333333333
"670",0.143333333333333
"671",0.143333333333333
"672",0.143333333333333
"673",0.143333333333333
"674",0.143333333333333
"675",0.143333333333333
"676",0.143333333333333
"677",0.143333333333333
"678",0.143333333333333
"679",0.143333333333333
"680",0.141666666666667
"681",0.143333333333333
"682",0.143333333333333
"683",0.145
"684",0.145
"685",0.145
"686",0.145
"687",0.148333333333333
"688",0.145
"689",0.145
"690",0.145
"691",0.145
"692",0.145
"693",0.145
"694",0.145
"695",0.145
"696",0.145
"697",0.145
"698",0.145
"699",0.145
"700",0.145
"701",0.145
"702",0.145
"703",0.145
"704",0.145
"705",0.145
"706",0.145
"707",0.145
"708",0.145
"709",0.145
"710",0.145
"711",0.143333333333333
"712",0.145
"713",0.145
"714",0.143333333333333
"715",0.143333333333333
"716",0.143333333333333
"717",0.143333333333333
"718",0.146666666666667
"719",0.143333333333333
"720",0.143333333333333
"721",0.143333333333333
"722",0.143333333333333
"723",0.143333333333333
"724",0.143333333333333
"725",0.143333333333333
"726",0.143333333333333
"727",0.143333333333333
"728",0.143333333333333
"729",0.143333333333333
"730",0.143333333333333
"731",0.143333333333333
"732",0.143333333333333
"733",0.143333333333333
"734",0.143333333333333
"735",0.143333333333333
"736",0.143333333333333
"737",0.143333333333333
"738",0.143333333333333
"739",0.143333333333333
"740",0.143333333333333
"741",0.143333333333333
"742",0.141666666666667
"743",0.143333333333333
"744",0.143333333333333
"745",0.145
"746",0.145
"747",0.145
"748",0.145
"749",0.148333333333333
"750",0.145
"751",0.145
"752",0.145
"753",0.145
"754",0.145
"755",0.145
"756",0.145
"757",0.145
"758",0.145
"759",0.145
"760",0.145
"761",0.145
"762",0.145
"763",0.145
"764",0.145
"765",0.145
"766",0.145
"767",0.145
"768",0.145
"769",0.145
"770",0.145
"771",0.145
"772",0.145
"773",0.143333333333333
"774",0.145
"775",0.145
"776",0.145
"777",0.145
"778",0.145
"779",0.145
"780",0.148333333333333
"781",0.145
"782",0.145
"783",0.145
"784",0.145
"785",0.145
"786",0.145
"787",0.145
"788",0.145
"789",0.145
"790",0.145
"791",0.145
"792",0.145
"793",0.145
"794",0.145
"795",0.145
"796",0.145
"797",0.145
"798",0.145
"799",0.145
"800",0.145
"801",0.145
"802",0.145
"803",0.145
"804",0.143333333333333
"805",0.145
"806",0.145
"807",0.145
"808",0.145
"809",0.145
"810",0.145
"811",0.148333333333333
"812",0.145
"813",0.145
"814",0.145
"815",0.145
"816",0.145
"817",0.145
"818",0.145
"819",0.145
"820",0.145
"821",0.145
"822",0.145
"823",0.145
"824",0.145
"825",0.145
"826",0.145
"827",0.145
"828",0.145
"829",0.145
"830",0.145
"831",0.145
"832",0.145
"833",0.145
"834",0.145
"835",0.143333333333333
"836",0.145
"837",0.145
"838",0.143333333333333
"839",0.143333333333333
"840",0.143333333333333
"841",0.143333333333333
"842",0.146666666666667
"843",0.143333333333333
"844",0.143333333333333
"845",0.143333333333333
"846",0.143333333333333
"847",0.143333333333333
"848",0.143333333333333
"849",0.143333333333333
"850",0.143333333333333
"851",0.143333333333333
"852",0.143333333333333
"853",0.143333333333333
"854",0.143333333333333
"855",0.143333333333333
"856",0.143333333333333
"857",0.143333333333333
"858",0.143333333333333
"859",0.143333333333333
"860",0.143333333333333
"861",0.143333333333333
"862",0.143333333333333
"863",0.143333333333333
"864",0.143333333333333
"865",0.143333333333333
"866",0.141666666666667
"867",0.143333333333333
"868",0.143333333333333
"869",0.143333333333333
"870",0.143333333333333
"871",0.143333333333333
"872",0.143333333333333
"873",0.146666666666667
"874",0.143333333333333
"875",0.143333333333333
"876",0.143333333333333
"877",0.143333333333333
"878",0.143333333333333
"879",0.143333333333333
"880",0.143333333333333
"881",0.143333333333333
"882",0.143333333333333
"883",0.143333333333333
"884",0.143333333333333
"885",0.143333333333333
"886",0.143333333333333
"887",0.143333333333333
"888",0.143333333333333
"889",0.143333333333333
"890",0.143333333333333
"891",0.143333333333333
"892",0.143333333333333
"893",0.143333333333333
"894",0.143333333333333
"895",0.143333333333333
"896",0.143333333333333
"897",0.141666666666667
"898",0.143333333333333
"899",0.143333333333333
"900",0.143333333333333
"901",0.143333333333333
"902",0.143333333333333
"903",0.143333333333333
"904",0.146666666666667
"905",0.143333333333333
"906",0.143333333333333
"907",0.143333333333333
"908",0.143333333333333
"909",0.143333333333333
"910",0.143333333333333
"911",0.143333333333333
"912",0.143333333333333
"913",0.143333333333333
"914",0.143333333333333
"915",0.143333333333333
"916",0.143333333333333
"917",0.143333333333333
"918",0.143333333333333
"919",0.143333333333333
"920",0.143333333333333
"921",0.143333333333333
"922",0.143333333333333
"923",0.143333333333333
"924",0.143333333333333
"925",0.143333333333333
"926",0.143333333333333
"927",0.143333333333333
"928",0.141666666666667
"929",0.143333333333333
"930",0.143333333333333
"931",0.145
"932",0.145
"933",0.145
"934",0.145
"935",0.148333333333333
"936",0.145
"937",0.145
"938",0.145
"939",0.145
"940",0.145
"941",0.145
"942",0.145
"943",0.145
"944",0.145
"945",0.145
"946",0.145
"947",0.145
"948",0.145
"949",0.145
"950",0.145
"951",0.145
"952",0.145
"953",0.145
"954",0.145
"955",0.145
"956",0.145
"957",0.145
"958",0.145
"959",0.143333333333333
"960",0.145
"961",0.145
"962",0.143333333333333
"963",0.143333333333333
"964",0.143333333333333
"965",0.143333333333333
"966",0.146666666666667
"967",0.143333333333333
"968",0.143333333333333
"969",0.143333333333333
"970",0.143333333333333
"971",0.143333333333333
"972",0.143333333333333
"973",0.143333333333333
"974",0.143333333333333
"975",0.143333333333333
"976",0.143333333333333
"977",0.143333333333333
"978",0.143333333333333
"979",0.143333333333333
"980",0.143333333333333
"981",0.143333333333333
"982",0.143333333333333
"983",0.143333333333333
"984",0.143333333333333
"985",0.143333333333333
"986",0.143333333333333
"987",0.143333333333333
"988",0.143333333333333
"989",0.143333333333333
"990",0.141666666666667
"991",0.143333333333333
"992",0.143333333333333
"993",0.143333333333333
"994",0.143333333333333
"995",0.143333333333333
"996",0.143333333333333
"997",0.146666666666667
"998",0.143333333333333
"999",0.143333333333333
"1000",0.143333333333333
"1001",0.143333333333333
"1002",0.143333333333333
"1003",0.143333333333333
"1004",0.143333333333333
"1005",0.143333333333333
"1006",0.143333333333333
"1007",0.143333333333333
"1008",0.143333333333333
"1009",0.143333333333333
"1010",0.143333333333333
"1011",0.143333333333333
"1012",0.143333333333333
"1013",0.143333333333333
"1014",0.143333333333333
"1015",0.143333333333333
"1016",0.143333333333333
"1017",0.143333333333333
"1018",0.143333333333333
"1019",0.143333333333333
"1020",0.143333333333333
"1021",0.141666666666667
"1022",0.143333333333333
"1023",0.143333333333333
"1024",0.143333333333333
"1025",0.143333333333333
"1026",0.143333333333333
"1027",0.143333333333333
"1028",0.146666666666667
"1029",0.143333333333333
"1030",0.143333333333333
"1031",0.143333333333333
"1032",0.143333333333333
"1033",0.143333333333333
"1034",0.143333333333333
"1035",0.143333333333333
"1036",0.143333333333333
"1037",0.143333333333333
"1038",0.143333333333333
"1039",0.143333333333333
"1040",0.143333333333333
"1041",0.143333333333333
"1042",0.143333333333333
"1043",0.143333333333333
"1044",0.143333333333333
"1045",0.143333333333333
"1046",0.143333333333333
"1047",0.143333333333333
"1048",0.143333333333333
"1049",0.143333333333333
"1050",0.143333333333333
"1051",0.143333333333333
"1052",0.141666666666667
"1053",0.143333333333333
"1054",0.143333333333333
"1055",0.143333333333333
"1056",0.143333333333333
"1057",0.143333333333333
"1058",0.143333333333333
"1059",0.146666666666667
"1060",0.143333333333333
"1061",0.143333333333333
"1062",0.143333333333333
"1063",0.143333333333333
"1064",0.143333333333333
"1065",0.143333333333333
"1066",0.143333333333333
"1067",0.143333333333333
"1068",0.143333333333333
"1069",0.143333333333333
"1070",0.143333333333333
"1071",0.143333333333333
"1072",0.143333333333333
"1073",0.143333333333333
"1074",0.143333333333333
"1075",0.143333333333333
"1076",0.143333333333333
"1077",0.143333333333333
"1078",0.143333333333333
"1079",0.143333333333333
"1080",0.143333333333333
"1081",0.143333333333333
"1082",0.143333333333333
"1083",0.141666666666667
"1084",0.143333333333333
"1085",0.143333333333333
"1086",0.143333333333333
"1087",0.143333333333333
"1088",0.143333333333333
"1089",0.143333333333333
"1090",0.146666666666667
"1091",0.143333333333333
"1092",0.143333333333333
"1093",0.143333333333333
"1094",0.143333333333333
"1095",0.143333333333333
"1096",0.143333333333333
"1097",0.143333333333333
"1098",0.143333333333333
"1099",0.143333333333333
"1100",0.143333333333333
"1101",0.143333333333333
"1102",0.143333333333333
"1103",0.143333333333333
"1104",0.143333333333333
"1105",0.143333333333333
"1106",0.143333333333333
"1107",0.143333333333333
"1108",0.143333333333333
"1109",0.143333333333333
"1110",0.143333333333333
"1111",0.143333333333333
"1112",0.143333333333333
"1113",0.143333333333333
"1114",0.141666666666667
"1115",0.143333333333333
"1116",0.143333333333333
"1117",0.143333333333333
"1118",0.143333333333333
"1119",0.143333333333333
"1120",0.143333333333333
"1121",0.146666666666667
"1122",0.143333333333333
"1123",0.143333333333333
"1124",0.143333333333333
"1125",0.143333333333333
"1126",0.143333333333333
"1127",0.143333333333333
"1128",0.143333333333333
"1129",0.143333333333333
"1130",0.143333333333333
"1131",0.143333333333333
"1132",0.143333333333333
"1133",0.143333333333333
"1134",0.143333333333333
"1135",0.143333333333333
"1136",0.143333333333333
"1137",0.143333333333333
"1138",0.143333333333333
"1139",0.143333333333333
"1140",0.143333333333333
"1141",0.143333333333333
"1142",0.143333333333333
"1143",0.143333333333333
"1144",0.143333333333333
"1145",0.141666666666667
"1146",0.143333333333333
"1147",0.143333333333333
"1148",0.145
"1149",0.145
"1150",0.145
"1151",0.145
"1152",0.148333333333333
"1153",0.145
"1154",0.145
"1155",0.145
"1156",0.145
"1157",0.145
"1158",0.145
"1159",0.145
"1160",0.145
"1161",0.145
"1162",0.145
"1163",0.145
"1164",0.145
"1165",0.145
"1166",0.145
"1167",0.145
"1168",0.145
"1169",0.145
"1170",0.145
"1171",0.145
"1172",0.145
"1173",0.145
"1174",0.145
"1175",0.145
"1176",0.143333333333333
"1177",0.145
"1178",0.145
"1179",0.143333333333333
"1180",0.143333333333333
"1181",0.143333333333333
"1182",0.143333333333333
"1183",0.146666666666667
"1184",0.143333333333333
"1185",0.143333333333333
"1186",0.143333333333333
"1187",0.143333333333333
"1188",0.143333333333333
"1189",0.143333333333333
"1190",0.143333333333333
"1191",0.143333333333333
"1192",0.143333333333333
"1193",0.143333333333333
"1194",0.143333333333333
"1195",0.143333333333333
"1196",0.143333333333333
"1197",0.143333333333333
"1198",0.143333333333333
"1199",0.143333333333333
"1200",0.143333333333333
"1201",0.143333333333333
"1202",0.143333333333333
"1203",0.143333333333333
"1204",0.143333333333333
"1205",0.143333333333333
"1206",0.143333333333333
"1207",0.141666666666667
"1208",0.143333333333333
"1209",0.143333333333333
"1210",0.143333333333333
"1211",0.143333333333333
"1212",0.143333333333333
"1213",0.143333333333333
"1214",0.146666666666667
"1215",0.143333333333333
"1216",0.143333333333333
"1217",0.143333333333333
"1218",0.143333333333333
"1219",0.143333333333333
"1220",0.143333333333333
"1221",0.143333333333333
"1222",0.143333333333333
"1223",0.143333333333333
"1224",0.143333333333333
"1225",0.143333333333333
"1226",0.143333333333333
"1227",0.143333333333333
"1228",0.143333333333333
"1229",0.143333333333333
"1230",0.143333333333333
"1231",0.143333333333333
"1232",0.143333333333333
"1233",0.143333333333333
"1234",0.143333333333333
"1235",0.143333333333333
"1236",0.143333333333333
"1237",0.143333333333333
"1238",0.141666666666667
"1239",0.143333333333333
"1240",0.143333333333333
"1241",0.141666666666667
"1242",0.141666666666667
"1243",0.141666666666667
"1244",0.141666666666667
"1245",0.145
"1246",0.141666666666667
"1247",0.141666666666667
"1248",0.141666666666667
"1249",0.141666666666667
"1250",0.141666666666667
"1251",0.141666666666667
"1252",0.141666666666667
"1253",0.141666666666667
"1254",0.141666666666667
"1255",0.141666666666667
"1256",0.141666666666667
"1257",0.141666666666667
"1258",0.141666666666667
"1259",0.141666666666667
"1260",0.141666666666667
"1261",0.141666666666667
"1262",0.141666666666667
"1263",0.141666666666667
"1264",0.141666666666667
"1265",0.141666666666667
"1266",0.141666666666667
"1267",0.141666666666667
"1268",0.141666666666667
"1269",0.14
"1270",0.141666666666667
"1271",0.141666666666667
"1272",0.143333333333333
"1273",0.143333333333333
"1274",0.143333333333333
"1275",0.143333333333333
"1276",0.146666666666667
"1277",0.143333333333333
"1278",0.143333333333333
"1279",0.143333333333333
"1280",0.143333333333333
"1281",0.143333333333333
"1282",0.143333333333333
"1283",0.143333333333333
"1284",0.143333333333333
"1285",0.143333333333333
"1286",0.143333333333333
"1287",0.143333333333333
"1288",0.143333333333333
"1289",0.143333333333333
"1290",0.143333333333333
"1291",0.143333333333333
"1292",0.143333333333333
"1293",0.143333333333333
"1294",0.143333333333333
"1295",0.143333333333333
"1296",0.143333333333333
"1297",0.143333333333333
"1298",0.143333333333333
"1299",0.143333333333333
"1300",0.141666666666667
"1301",0.143333333333333
"1302",0.143333333333333
"1303",0.143333333333333
"1304",0.143333333333333
"1305",0.143333333333333
"1306",0.143333333333333
"1307",0.146666666666667
"1308",0.143333333333333
"1309",0.143333333333333
"1310",0.143333333333333
"1311",0.143333333333333
"1312",0.143333333333333
"1313",0.143333333333333
"1314",0.143333333333333
"1315",0.143333333333333
"1316",0.143333333333333
"1317",0.143333333333333
"1318",0.143333333333333
"1319",0.143333333333333
"1320",0.143333333333333
"1321",0.143333333333333
"1322",0.143333333333333
"1323",0.143333333333333
"1324",0.143333333333333
"1325",0.143333333333333
"1326",0.143333333333333
"1327",0.143333333333333
"1328",0.143333333333333
"1329",0.143333333333333
"1330",0.143333333333333
"1331",0.141666666666667
"1332",0.143333333333333
"1333",0.143333333333333
"1334",0.143333333333333
"1335",0.143333333333333
"1336",0.143333333333333
"1337",0.143333333333333
"1338",0.146666666666667
"1339",0.143333333333333
"1340",0.143333333333333
"1341",0.143333333333333
"1342",0.143333333333333
"1343",0.143333333333333
"1344",0.143333333333333
"1345",0.143333333333333
"1346",0.143333333333333
"1347",0.143333333333333
"1348",0.143333333333333
"1349",0.143333333333333
"1350",0.143333333333333
"1351",0.143333333333333
"1352",0.143333333333333
"1353",0.143333333333333
"1354",0.143333333333333
"1355",0.143333333333333
"1356",0.143333333333333
"1357",0.143333333333333
"1358",0.143333333333333
"1359",0.143333333333333
"1360",0.143333333333333
"1361",0.143333333333333
"1362",0.141666666666667
"1363",0.143333333333333
"1364",0.143333333333333
"1365",0.143333333333333
"1366",0.143333333333333
"1367",0.143333333333333
"1368",0.143333333333333
"1369",0.146666666666667
"1370",0.143333333333333
"1371",0.143333333333333
"1372",0.143333333333333
"1373",0.143333333333333
"1374",0.143333333333333
"1375",0.143333333333333
"1376",0.143333333333333
"1377",0.143333333333333
"1378",0.143333333333333
"1379",0.143333333333333
"1380",0.143333333333333
"1381",0.143333333333333
"1382",0.143333333333333
"1383",0.143333333333333
"1384",0.143333333333333
"1385",0.143333333333333
"1386",0.143333333333333
"1387",0.143333333333333
"1388",0.143333333333333
"1389",0.143333333333333
"1390",0.143333333333333
"1391",0.143333333333333
"1392",0.143333333333333
"1393",0.141666666666667
"1394",0.143333333333333
"1395",0.143333333333333
"1396",0.143333333333333
"1397",0.143333333333333
"1398",0.143333333333333
"1399",0.143333333333333
"1400",0.146666666666667
"1401",0.143333333333333
"1402",0.143333333333333
"1403",0.143333333333333
"1404",0.143333333333333
"1405",0.143333333333333
"1406",0.143333333333333
"1407",0.143333333333333
"1408",0.143333333333333
"1409",0.143333333333333
"1410",0.143333333333333
"1411",0.143333333333333
"1412",0.143333333333333
"1413",0.143333333333333
"1414",0.143333333333333
"1415",0.143333333333333
"1416",0.143333333333333
"1417",0.143333333333333
"1418",0.143333333333333
"1419",0.143333333333333
"1420",0.143333333333333
"1421",0.143333333333333
"1422",0.143333333333333
"1423",0.143333333333333
"1424",0.141666666666667
"1425",0.143333333333333
"1426",0.143333333333333
"1427",0.143333333333333
"1428",0.143333333333333
"1429",0.143333333333333
"1430",0.143333333333333
"1431",0.146666666666667
"1432",0.143333333333333
"1433",0.143333333333333
"1434",0.143333333333333
"1435",0.143333333333333
"1436",0.143333333333333
"1437",0.143333333333333
"1438",0.143333333333333
"1439",0.143333333333333
"1440",0.143333333333333
"1441",0.143333333333333
"1442",0.143333333333333
"1443",0.143333333333333
"1444",0.143333333333333
"1445",0.143333333333333
"1446",0.143333333333333
"1447",0.143333333333333
"1448",0.143333333333333
"1449",0.143333333333333
"1450",0.143333333333333
"1451",0.143333333333333
"1452",0.143333333333333
"1453",0.143333333333333
"1454",0.143333333333333
"1455",0.141666666666667
"1456",0.143333333333333
"1457",0.143333333333333
"1458",0.143333333333333
"1459",0.143333333333333
"1460",0.143333333333333
"1461",0.143333333333333
"1462",0.146666666666667
"1463",0.143333333333333
"1464",0.143333333333333
"1465",0.143333333333333
"1466",0.143333333333333
"1467",0.143333333333333
"1468",0.143333333333333
"1469",0.143333333333333
"1470",0.143333333333333
"1471",0.143333333333333
"1472",0.143333333333333
"1473",0.143333333333333
"1474",0.143333333333333
"1475",0.143333333333333
"1476",0.143333333333333
"1477",0.143333333333333
"1478",0.143333333333333
"1479",0.143333333333333
"1480",0.143333333333333
"1481",0.143333333333333
"1482",0.143333333333333
"1483",0.143333333333333
"1484",0.143333333333333
"1485",0.143333333333333
"1486",0.141666666666667
"1487",0.143333333333333
"1488",0.143333333333333
"1489",0.143333333333333
"1490",0.143333333333333
"1491",0.143333333333333
"1492",0.143333333333333
"1493",0.146666666666667
"1494",0.143333333333333
"1495",0.143333333333333
"1496",0.143333333333333
"1497",0.143333333333333
"1498",0.143333333333333
"1499",0.143333333333333
"1500",0.143333333333333
"1501",0.143333333333333
"1502",0.143333333333333
"1503",0.143333333333333
"1504",0.143333333333333
"1505",0.143333333333333
"1506",0.143333333333333
"1507",0.143333333333333
"1508",0.143333333333333
"1509",0.143333333333333
"1510",0.143333333333333
"1511",0.143333333333333
"1512",0.143333333333333
"1513",0.143333333333333
"1514",0.143333333333333
"1515",0.143333333333333
"1516",0.143333333333333
"1517",0.141666666666667
"1518",0.143333333333333
"1519",0.143333333333333
"1520",0.143333333333333
"1521",0.143333333333333
"1522",0.143333333333333
"1523",0.143333333333333
"1524",0.146666666666667
"1525",0.143333333333333
"1526",0.143333333333333
"1527",0.143333333333333
"1528",0.143333333333333
"1529",0.143333333333333
"1530",0.143333333333333
"1531",0.143333333333333
"1532",0.143333333333333
"1533",0.143333333333333
"1534",0.143333333333333
"1535",0.143333333333333
"1536",0.143333333333333
"1537",0.143333333333333
"1538",0.143333333333333
"1539",0.143333333333333
"1540",0.143333333333333
"1541",0.143333333333333
"1542",0.143333333333333
"1543",0.143333333333333
"1544",0.143333333333333
"1545",0.143333333333333
"1546",0.143333333333333
"1547",0.143333333333333
"1548",0.141666666666667
"1549",0.143333333333333
"1550",0.143333333333333
"1551",0.145
"1552",0.145
"1553",0.145
"1554",0.145
"1555",0.148333333333333
"1556",0.145
"1557",0.145
"1558",0.145
"1559",0.145
"1560",0.145
"1561",0.145
"1562",0.145
"1563",0.145
"1564",0.145
"1565",0.145
"1566",0.145
"1567",0.145
"1568",0.145
"1569",0.145
"1570",0.145
"1571",0.145
"1572",0.145
"1573",0.145
"1574",0.145
"1575",0.145
"1576",0.145
"1577",0.145
"1578",0.145
"1579",0.143333333333333
"1580",0.145
"1581",0.145
"1582",0.143333333333333
"1583",0.143333333333333
"1584",0.143333333333333
"1585",0.143333333333333
"1586",0.146666666666667
"1587",0.143333333333333
"1588",0.143333333333333
"1589",0.143333333333333
"1590",0.143333333333333
"1591",0.143333333333333
"1592",0.143333333333333
"1593",0.143333333333333
"1594",0.143333333333333
"1595",0.143333333333333
"1596",0.143333333333333
"1597",0.143333333333333
"1598",0.143333333333333
"1599",0.143333333333333
"1600",0.143333333333333
"1601",0.143333333333333
"1602",0.143333333333333
"1603",0.143333333333333
"1604",0.143333333333333
"1605",0.143333333333333
"1606",0.143333333333333
"1607",0.143333333333333
"1608",0.143333333333333
"1609",0.143333333333333
"1610",0.141666666666667
"1611",0.143333333333333
"1612",0.143333333333333
"1613",0.143333333333333
"1614",0.143333333333333
"1615",0.143333333333333
"1616",0.143333333333333
"1617",0.146666666666667
"1618",0.143333333333333
"1619",0.143333333333333
"1620",0.143333333333333
"1621",0.143333333333333
"1622",0.143333333333333
"1623",0.143333333333333
"1624",0.143333333333333
"1625",0.143333333333333
"1626",0.143333333333333
"1627",0.143333333333333
"1628",0.143333333333333
"1629",0.143333333333333
"1630",0.143333333333333
"1631",0.143333333333333
"1632",0.143333333333333
"1633",0.143333333333333
"1634",0.143333333333333
"1635",0.143333333333333
"1636",0.143333333333333
"1637",0.143333333333333
"1638",0.143333333333333
"1639",0.143333333333333
"1640",0.143333333333333
"1641",0.141666666666667
"1642",0.143333333333333
"1643",0.143333333333333
"1644",0.143333333333333
"1645",0.143333333333333
"1646",0.143333333333333
"1647",0.143333333333333
"1648",0.146666666666667
"1649",0.143333333333333
"1650",0.143333333333333
"1651",0.143333333333333
"1652",0.143333333333333
"1653",0.143333333333333
"1654",0.143333333333333
"1655",0.143333333333333
"1656",0.143333333333333
"1657",0.143333333333333
"1658",0.143333333333333
"1659",0.143333333333333
"1660",0.143333333333333
"1661",0.143333333333333
"1662",0.143333333333333
"1663",0.143333333333333
"1664",0.143333333333333
"1665",0.143333333333333
"1666",0.143333333333333
"1667",0.143333333333333
"1668",0.143333333333333
"1669",0.143333333333333
"1670",0.143333333333333
"1671",0.143333333333333
"1672",0.141666666666667
"1673",0.143333333333333
"1674",0.143333333333333
"1675",0.143333333333333
"1676",0.143333333333333
"1677",0.143333333333333
"1678",0.143333333333333
"1679",0.146666666666667
"1680",0.143333333333333
"1681",0.143333333333333
"1682",0.143333333333333
"1683",0.143333333333333
"1684",0.143333333333333
"1685",0.143333333333333
"1686",0.143333333333333
"1687",0.143333333333333
"1688",0.143333333333333
"1689",0.143333333333333
"1690",0.143333333333333
"1691",0.143333333333333
"1692",0.143333333333333
"1693",0.143333333333333
"1694",0.143333333333333
"1695",0.143333333333333
"1696",0.143333333333333
"1697",0.143333333333333
"1698",0.143333333333333
"1699",0.143333333333333
"1700",0.143333333333333
"1701",0.143333333333333
"1702",0.143333333333333
"1703",0.141666666666667
"1704",0.143333333333333
"1705",0.143333333333333
"1706",0.145
"1707",0.145
"1708",0.145
"1709",0.145
"1710",0.148333333333333
"1711",0.145
"1712",0.145
"1713",0.145
"1714",0.145
"1715",0.145
"1716",0.145
"1717",0.145
"1718",0.145
"1719",0.145
"1720",0.145
"1721",0.145
"1722",0.145
"1723",0.145
"1724",0.145
"1725",0.145
"1726",0.145
"1727",0.145
"1728",0.145
"1729",0.145
"1730",0.145
"1731",0.145
"1732",0.145
"1733",0.145
"1734",0.143333333333333
"1735",0.145
"1736",0.145
"1737",0.145
"1738",0.145
"1739",0.145
"1740",0.145
"1741",0.148333333333333
"1742",0.145
"1743",0.145
"1744",0.145
"1745",0.145
"1746",0.145
"1747",0.145
"1748",0.145
"1749",0.145
"1750",0.145
"1751",0.145
"1752",0.145
"1753",0.145
"1754",0.145
"1755",0.145
"1756",0.145
"1757",0.145
"1758",0.145
"1759",0.145
"1760",0.145
"1761",0.145
"1762",0.145
"1763",0.145
"1764",0.145
"1765",0.143333333333333
"1766",0.145
"1767",0.145
"1768",0.143333333333333
"1769",0.143333333333333
"1770",0.143333333333333
"1771",0.143333333333333
"1772",0.146666666666667
"1773",0.143333333333333
"1774",0.143333333333333
"1775",0.143333333333333
"1776",0.143333333333333
"1777",0.143333333333333
"1778",0.143333333333333
"1779",0.143333333333333
"1780",0.143333333333333
"1781",0.143333333333333
"1782",0.143333333333333
"1783",0.143333333333333
"1784",0.143333333333333
"1785",0.143333333333333
"1786",0.143333333333333
"1787",0.143333333333333
"1788",0.143333333333333
"1789",0.143333333333333
"1790",0.143333333333333
"1791",0.143333333333333
"1792",0.143333333333333
"1793",0.143333333333333
"1794",0.143333333333333
"1795",0.143333333333333
"1796",0.141666666666667
"1797",0.143333333333333
"1798",0.143333333333333
"1799",0.143333333333333
"1800",0.143333333333333
"1801",0.143333333333333
"1802",0.143333333333333
"1803",0.146666666666667
"1804",0.143333333333333
"1805",0.143333333333333
"1806",0.143333333333333
"1807",0.143333333333333
"1808",0.143333333333333
"1809",0.143333333333333
"1810",0.143333333333333
"1811",0.143333333333333
"1812",0.143333333333333
"1813",0.143333333333333
"1814",0.143333333333333
"1815",0.143333333333333
"1816",0.143333333333333
"1817",0.143333333333333
"1818",0.143333333333333
"1819",0.143333333333333
"1820",0.143333333333333
"1821",0.143333333333333
"1822",0.143333333333333
"1823",0.143333333333333
"1824",0.143333333333333
"1825",0.143333333333333
"1826",0.143333333333333
"1827",0.141666666666667
"1828",0.143333333333333
"1829",0.143333333333333
"1830",0.143333333333333
"1831",0.143333333333333
"1832",0.143333333333333
"1833",0.143333333333333
"1834",0.146666666666667
"1835",0.143333333333333
"1836",0.143333333333333
"1837",0.143333333333333
"1838",0.143333333333333
"1839",0.143333333333333
"1840",0.143333333333333
"1841",0.143333333333333
"1842",0.143333333333333
"1843",0.143333333333333
"1844",0.143333333333333
"1845",0.143333333333333
"1846",0.143333333333333
"1847",0.143333333333333
"1848",0.143333333333333
"1849",0.143333333333333
"1850",0.143333333333333
"1851",0.143333333333333
"1852",0.143333333333333
"1853",0.143333333333333
"1854",0.143333333333333
"1855",0.143333333333333
"1856",0.143333333333333
"1857",0.143333333333333
"1858",0.141666666666667
"1859",0.143333333333333
"1860",0.143333333333333
"1861",0.143333333333333
"1862",0.143333333333333
"1863",0.143333333333333
"1864",0.143333333333333
"1865",0.146666666666667
"1866",0.143333333333333
"1867",0.143333333333333
"1868",0.143333333333333
"1869",0.143333333333333
"1870",0.143333333333333
"1871",0.143333333333333
"1872",0.143333333333333
"1873",0.143333333333333
"1874",0.143333333333333
"1875",0.143333333333333
"1876",0.143333333333333
"1877",0.143333333333333
"1878",0.143333333333333
"1879",0.143333333333333
"1880",0.143333333333333
"1881",0.143333333333333
"1882",0.143333333333333
"1883",0.143333333333333
"1884",0.143333333333333
"1885",0.143333333333333
"1886",0.143333333333333
"1887",0.143333333333333
"1888",0.143333333333333
"1889",0.141666666666667
"1890",0.143333333333333
"1891",0.143333333333333
"1892",0.143333333333333
"1893",0.143333333333333
"1894",0.143333333333333
"1895",0.143333333333333
"1896",0.146666666666667
"1897",0.143333333333333
"1898",0.143333333333333
"1899",0.143333333333333
"1900",0.143333333333333
"1901",0.143333333333333
"1902",0.143333333333333
"1903",0.143333333333333
"1904",0.143333333333333
"1905",0.143333333333333
"1906",0.143333333333333
"1907",0.143333333333333
"1908",0.143333333333333
"1909",0.143333333333333
"1910",0.143333333333333
"1911",0.143333333333333
"1912",0.143333333333333
"1913",0.143333333333333
"1914",0.143333333333333
"1915",0.143333333333333
"1916",0.143333333333333
"1917",0.143333333333333
"1918",0.143333333333333
"1919",0.143333333333333
"1920",0.141666666666667
"1921",0.143333333333333
"1922",0.143333333333333
"1923",0.143333333333333
"1924",0.143333333333333
"1925",0.143333333333333
"1926",0.143333333333333
"1927",0.146666666666667
"1928",0.143333333333333
"1929",0.143333333333333
"1930",0.143333333333333
"1931",0.143333333333333
"1932",0.143333333333333
"1933",0.143333333333333
"1934",0.143333333333333
"1935",0.143333333333333
"1936",0.143333333333333
"1937",0.143333333333333
"1938",0.143333333333333
"1939",0.143333333333333
"1940",0.143333333333333
"1941",0.143333333333333
"1942",0.143333333333333
"1943",0.143333333333333
"1944",0.143333333333333
"1945",0.143333333333333
"1946",0.143333333333333
"1947",0.143333333333333
"1948",0.143333333333333
"1949",0.143333333333333
"1950",0.143333333333333
"1951",0.141666666666667
"1952",0.143333333333333
"1953",0.143333333333333
"1954",0.143333333333333
"1955",0.143333333333333
"1956",0.143333333333333
"1957",0.143333333333333
"1958",0.146666666666667
"1959",0.143333333333333
"1960",0.143333333333333
"1961",0.143333333333333
"1962",0.143333333333333
"1963",0.143333333333333
"1964",0.143333333333333
"1965",0.143333333333333
"1966",0.143333333333333
"1967",0.143333333333333
"1968",0.143333333333333
"1969",0.143333333333333
"1970",0.143333333333333
"1971",0.143333333333333
"1972",0.143333333333333
"1973",0.143333333333333
"1974",0.143333333333333
"1975",0.143333333333333
"1976",0.143333333333333
"1977",0.143333333333333
"1978",0.143333333333333
"1979",0.143333333333333
"1980",0.143333333333333
"1981",0.143333333333333
"1982",0.141666666666667
"1983",0.143333333333333
"1984",0.143333333333333
"1985",0.145
"1986",0.145
"1987",0.145
"1988",0.145
"1989",0.148333333333333
"1990",0.145
"1991",0.145
"1992",0.145
"1993",0.145
"1994",0.145
"1995",0.145
"1996",0.145
"1997",0.145
"1998",0.145
"1999",0.145
"2000",0.145
"2001",0.145
"2002",0.145
"2003",0.145
"2004",0.145
"2005",0.145
"2006",0.145
"2007",0.145
"2008",0.145
"2009",0.145
"2010",0.145
"2011",0.145
"2012",0.145
"2013",0.143333333333333
"2014",0.145
"2015",0.145
"2016",0.143333333333333
"2017",0.143333333333333
"2018",0.143333333333333
"2019",0.143333333333333
"2020",0.146666666666667
"2021",0.143333333333333
"2022",0.143333333333333
"2023",0.143333333333333
"2024",0.143333333333333
"2025",0.143333333333333
"2026",0.143333333333333
"2027",0.143333333333333
"2028",0.143333333333333
"2029",0.143333333333333
"2030",0.143333333333333
"2031",0.143333333333333
"2032",0.143333333333333
"2033",0.143333333333333
"2034",0.143333333333333
"2035",0.143333333333333
"2036",0.143333333333333
"2037",0.143333333333333
"2038",0.143333333333333
"2039",0.143333333333333
"2040",0.143333333333333
"2041",0.143333333333333
"2042",0.143333333333333
"2043",0.143333333333333
"2044",0.141666666666667
"2045",0.143333333333333
"2046",0.143333333333333
"2047",0.143333333333333
"2048",0.143333333333333
"2049",0.143333333333333
"2050",0.143333333333333
"2051",0.146666666666667
"2052",0.143333333333333
"2053",0.143333333333333
"2054",0.143333333333333
"2055",0.143333333333333
"2056",0.143333333333333
"2057",0.143333333333333
"2058",0.143333333333333
"2059",0.143333333333333
"2060",0.143333333333333
"2061",0.143333333333333
"2062",0.143333333333333
"2063",0.143333333333333
"2064",0.143333333333333
"2065",0.143333333333333
"2066",0.143333333333333
"2067",0.143333333333333
"2068",0.143333333333333
"2069",0.143333333333333
"2070",0.143333333333333
"2071",0.143333333333333
"2072",0.143333333333333
"2073",0.143333333333333
"2074",0.143333333333333
"2075",0.141666666666667
"2076",0.143333333333333
"2077",0.143333333333333
"2078",0.145
"2079",0.145
"2080",0.145
"2081",0.145
"2082",0.148333333333333
"2083",0.145
"2084",0.145
"2085",0.145
"2086",0.145
"2087",0.145
"2088",0.145
"2089",0.145
"2090",0.145
"2091",0.145
"2092",0.145
"2093",0.145
"2094",0.145
"2095",0.145
"2096",0.145
"2097",0.145
"2098",0.145
"2099",0.145
"2100",0.145
"2101",0.145
"2102",0.145
"2103",0.145
"2104",0.145
"2105",0.145
"2106",0.143333333333333
"2107",0.145
"2108",0.145
"2109",0.143333333333333
"2110",0.143333333333333
"2111",0.143333333333333
"2112",0.143333333333333
"2113",0.146666666666667
"2114",0.143333333333333
"2115",0.143333333333333
"2116",0.143333333333333
"2117",0.143333333333333
"2118",0.143333333333333
"2119",0.143333333333333
"2120",0.143333333333333
"2121",0.143333333333333
"2122",0.143333333333333
"2123",0.143333333333333
"2124",0.143333333333333
"2125",0.143333333333333
"2126",0.143333333333333
"2127",0.143333333333333
"2128",0.143333333333333
"2129",0.143333333333333
"2130",0.143333333333333
"2131",0.143333333333333
"2132",0.143333333333333
"2133",0.143333333333333
"2134",0.143333333333333
"2135",0.143333333333333
"2136",0.143333333333333
"2137",0.141666666666667
"2138",0.143333333333333
"2139",0.143333333333333
"2140",0.143333333333333
"2141",0.143333333333333
"2142",0.143333333333333
"2143",0.143333333333333
"2144",0.146666666666667
"2145",0.143333333333333
"2146",0.143333333333333
"2147",0.143333333333333
"2148",0.143333333333333
"2149",0.143333333333333
"2150",0.143333333333333
"2151",0.143333333333333
"2152",0.143333333333333
"2153",0.143333333333333
"2154",0.143333333333333
"2155",0.143333333333333
"2156",0.143333333333333
"2157",0.143333333333333
"2158",0.143333333333333
"2159",0.143333333333333
"2160",0.143333333333333
"2161",0.143333333333333
"2162",0.143333333333333
"2163",0.143333333333333
"2164",0.143333333333333
"2165",0.143333333333333
"2166",0.143333333333333
"2167",0.143333333333333
"2168",0.141666666666667
"2169",0.143333333333333
"2170",0.143333333333333
"2171",0.143333333333333
"2172",0.143333333333333
"2173",0.143333333333333
"2174",0.143333333333333
"2175",0.146666666666667
"2176",0.143333333333333
"2177",0.143333333333333
"2178",0.143333333333333
"2179",0.143333333333333
"2180",0.143333333333333
"2181",0.143333333333333
"2182",0.143333333333333
"2183",0.143333333333333
"2184",0.143333333333333
"2185",0.143333333333333
"2186",0.143333333333333
"2187",0.143333333333333
"2188",0.143333333333333
"2189",0.143333333333333
"2190",0.143333333333333
"2191",0.143333333333333
"2192",0.143333333333333
"2193",0.143333333333333
"2194",0.143333333333333
"2195",0.143333333333333
"2196",0.143333333333333
"2197",0.143333333333333
"2198",0.143333333333333
"2199",0.141666666666667
"2200",0.143333333333333
"2201",0.143333333333333
"2202",0.131666666666667
"2203",0.131666666666667
"2204",0.131666666666667
"2205",0.131666666666667
"2206",0.135
"2207",0.131666666666667
"2208",0.131666666666667
"2209",0.131666666666667
"2210",0.131666666666667
"2211",0.131666666666667
"2212",0.131666666666667
"2213",0.131666666666667
"2214",0.131666666666667
"2215",0.131666666666667
"2216",0.131666666666667
"2217",0.131666666666667
"2218",0.131666666666667
"2219",0.131666666666667
"2220",0.131666666666667
"2221",0.131666666666667
"2222",0.131666666666667
"2223",0.131666666666667
"2224",0.131666666666667
"2225",0.131666666666667
"2226",0.131666666666667
"2227",0.131666666666667
"2228",0.131666666666667
"2229",0.131666666666667
"2230",0.13
"2231",0.131666666666667
"2232",0.131666666666667
"2233",0.106666666666667
"2234",0.106666666666667
"2235",0.106666666666667
"2236",0.106666666666667
"2237",0.11
"2238",0.106666666666667
"2239",0.106666666666667
"2240",0.106666666666667
"2241",0.106666666666667
"2242",0.106666666666667
"2243",0.106666666666667
"2244",0.106666666666667
"2245",0.106666666666667
"2246",0.106666666666667
"2247",0.106666666666667
"2248",0.106666666666667
"2249",0.106666666666667
"2250",0.106666666666667
"2251",0.106666666666667
"2252",0.106666666666667
"2253",0.106666666666667
"2254",0.106666666666667
"2255",0.106666666666667
"2256",0.106666666666667
"2257",0.106666666666667
"2258",0.106666666666667
"2259",0.106666666666667
"2260",0.106666666666667
"2261",0.105
"2262",0.106666666666667
"2263",0.106666666666667
"2264",0.106666666666667
"2265",0.106666666666667
"2266",0.106666666666667
"2267",0.106666666666667
"2268",0.11
"2269",0.106666666666667
"2270",0.106666666666667
"2271",0.106666666666667
"2272",0.106666666666667
"2273",0.106666666666667
"2274",0.106666666666667
"2275",0.106666666666667
"2276",0.106666666666667
"2277",0.106666666666667
"2278",0.106666666666667
"2279",0.106666666666667
"2280",0.106666666666667
"2281",0.106666666666667
"2282",0.106666666666667
"2283",0.106666666666667
"2284",0.106666666666667
"2285",0.106666666666667
"2286",0.106666666666667
"2287",0.106666666666667
"2288",0.106666666666667
"2289",0.106666666666667
"2290",0.106666666666667
"2291",0.106666666666667
"2292",0.105
"2293",0.106666666666667
"2294",0.106666666666667
"2295",0.106666666666667
"2296",0.106666666666667
"2297",0.106666666666667
"2298",0.106666666666667
"2299",0.11
"2300",0.106666666666667
"2301",0.106666666666667
"2302",0.106666666666667
"2303",0.106666666666667
"2304",0.106666666666667
"2305",0.106666666666667
"2306",0.106666666666667
"2307",0.106666666666667
"2308",0.106666666666667
"2309",0.106666666666667
"2310",0.106666666666667
"2311",0.106666666666667
"2312",0.106666666666667
"2313",0.106666666666667
"2314",0.106666666666667
"2315",0.106666666666667
"2316",0.106666666666667
"2317",0.106666666666667
"2318",0.106666666666667
"2319",0.106666666666667
"2320",0.106666666666667
"2321",0.106666666666667
"2322",0.106666666666667
"2323",0.105
"2324",0.106666666666667
"2325",0.106666666666667
"2326",0.106666666666667
"2327",0.106666666666667
"2328",0.106666666666667
"2329",0.106666666666667
"2330",0.11
"2331",0.106666666666667
"2332",0.106666666666667
"2333",0.106666666666667
"2334",0.106666666666667
"2335",0.106666666666667
"2336",0.106666666666667
"2337",0.106666666666667
"2338",0.106666666666667
"2339",0.106666666666667
"2340",0.106666666666667
"2341",0.106666666666667
"2342",0.106666666666667
"2343",0.106666666666667
"2344",0.106666666666667
"2345",0.106666666666667
"2346",0.106666666666667
"2347",0.106666666666667
"2348",0.106666666666667
"2349",0.106666666666667
"2350",0.106666666666667
"2351",0.106666666666667
"2352",0.106666666666667
"2353",0.106666666666667
"2354",0.105
"2355",0.106666666666667
"2356",0.106666666666667
"2357",0.108333333333333
"2358",0.108333333333333
"2359",0.108333333333333
"2360",0.108333333333333
"2361",0.111666666666667
"2362",0.108333333333333
"2363",0.108333333333333
"2364",0.108333333333333
"2365",0.108333333333333
"2366",0.108333333333333
"2367",0.108333333333333
"2368",0.108333333333333
"2369",0.108333333333333
"2370",0.108333333333333
"2371",0.108333333333333
"2372",0.108333333333333
"2373",0.108333333333333
"2374",0.108333333333333
"2375",0.108333333333333
"2376",0.108333333333333
"2377",0.108333333333333
"2378",0.108333333333333
"2379",0.108333333333333
"2380",0.108333333333333
"2381",0.108333333333333
"2382",0.108333333333333
"2383",0.108333333333333
"2384",0.108333333333333
"2385",0.106666666666667
"2386",0.108333333333333
"2387",0.108333333333333
"2388",0.106666666666667
"2389",0.106666666666667
"2390",0.106666666666667
"2391",0.106666666666667
"2392",0.11
"2393",0.106666666666667
"2394",0.106666666666667
"2395",0.106666666666667
"2396",0.106666666666667
"2397",0.106666666666667
"2398",0.106666666666667
"2399",0.106666666666667
"2400",0.106666666666667
"2401",0.106666666666667
"2402",0.106666666666667
"2403",0.106666666666667
"2404",0.106666666666667
"2405",0.106666666666667
"2406",0.106666666666667
"2407",0.106666666666667
"2408",0.106666666666667
"2409",0.106666666666667
"2410",0.106666666666667
"2411",0.106666666666667
"2412",0.106666666666667
"2413",0.106666666666667
"2414",0.106666666666667
"2415",0.106666666666667
"2416",0.105
"2417",0.106666666666667
"2418",0.106666666666667
"2419",0.108333333333333
"2420",0.108333333333333
"2421",0.108333333333333
"2422",0.108333333333333
"2423",0.111666666666667
"2424",0.108333333333333
"2425",0.108333333333333
"2426",0.108333333333333
"2427",0.108333333333333
"2428",0.108333333333333
"2429",0.108333333333333
"2430",0.108333333333333
"2431",0.108333333333333
"2432",0.108333333333333
"2433",0.108333333333333
"2434",0.108333333333333
"2435",0.108333333333333
"2436",0.108333333333333
"2437",0.108333333333333
"2438",0.108333333333333
"2439",0.108333333333333
"2440",0.108333333333333
"2441",0.108333333333333
"2442",0.108333333333333
"2443",0.108333333333333
"2444",0.108333333333333
"2445",0.108333333333333
"2446",0.108333333333333
"2447",0.106666666666667
"2448",0.108333333333333
"2449",0.108333333333333
"2450",0.106666666666667
"2451",0.106666666666667
"2452",0.106666666666667
"2453",0.106666666666667
"2454",0.11
"2455",0.106666666666667
"2456",0.106666666666667
"2457",0.106666666666667
"2458",0.106666666666667
"2459",0.106666666666667
"2460",0.106666666666667
"2461",0.106666666666667
"2462",0.106666666666667
"2463",0.106666666666667
"2464",0.106666666666667
"2465",0.106666666666667
"2466",0.106666666666667
"2467",0.106666666666667
"2468",0.106666666666667
"2469",0.106666666666667
"2470",0.106666666666667
"2471",0.106666666666667
"2472",0.106666666666667
"2473",0.106666666666667
"2474",0.106666666666667
"2475",0.106666666666667
"2476",0.106666666666667
"2477",0.106666666666667
"2478",0.105
"2479",0.106666666666667
"2480",0.106666666666667
"2481",0.106666666666667
"2482",0.106666666666667
"2483",0.106666666666667
"2484",0.106666666666667
"2485",0.11
"2486",0.106666666666667
"2487",0.106666666666667
"2488",0.106666666666667
"2489",0.106666666666667
"2490",0.106666666666667
"2491",0.106666666666667
"2492",0.106666666666667
"2493",0.106666666666667
"2494",0.106666666666667
"2495",0.106666666666667
"2496",0.106666666666667
"2497",0.106666666666667
"2498",0.106666666666667
"2499",0.106666666666667
"2500",0.106666666666667
"2501",0.106666666666667
"2502",0.106666666666667
"2503",0.106666666666667
"2504",0.106666666666667
"2505",0.106666666666667
"2506",0.106666666666667
"2507",0.106666666666667
"2508",0.106666666666667
"2509",0.105
"2510",0.106666666666667
"2511",0.106666666666667
"2512",0.106666666666667
"2513",0.106666666666667
"2514",0.106666666666667
"2515",0.106666666666667
"2516",0.11
"2517",0.106666666666667
"2518",0.106666666666667
"2519",0.106666666666667
"2520",0.106666666666667
"2521",0.106666666666667
"2522",0.106666666666667
"2523",0.106666666666667
"2524",0.106666666666667
"2525",0.106666666666667
"2526",0.106666666666667
"2527",0.106666666666667
"2528",0.106666666666667
"2529",0.106666666666667
"2530",0.106666666666667
"2531",0.106666666666667
"2532",0.106666666666667
"2533",0.106666666666667
"2534",0.106666666666667
"2535",0.106666666666667
"2536",0.106666666666667
"2537",0.106666666666667
"2538",0.106666666666667
"2539",0.106666666666667
"2540",0.105
"2541",0.106666666666667
"2542",0.106666666666667
"2543",0.106666666666667
"2544",0.106666666666667
"2545",0.106666666666667
"2546",0.106666666666667
"2547",0.11
"2548",0.106666666666667
"2549",0.106666666666667
"2550",0.106666666666667
"2551",0.106666666666667
"2552",0.106666666666667
"2553",0.106666666666667
"2554",0.106666666666667
"2555",0.106666666666667
"2556",0.106666666666667
"2557",0.106666666666667
"2558",0.106666666666667
"2559",0.106666666666667
"2560",0.106666666666667
"2561",0.106666666666667
"2562",0.106666666666667
"2563",0.106666666666667
"2564",0.106666666666667
"2565",0.106666666666667
"2566",0.106666666666667
"2567",0.106666666666667
"2568",0.106666666666667
"2569",0.106666666666667
"2570",0.106666666666667
"2571",0.105
"2572",0.106666666666667
"2573",0.106666666666667
"2574",0.106666666666667
"2575",0.106666666666667
"2576",0.106666666666667
"2577",0.106666666666667
"2578",0.11
"2579",0.106666666666667
"2580",0.106666666666667
"2581",0.106666666666667
"2582",0.106666666666667
"2583",0.106666666666667
"2584",0.106666666666667
"2585",0.106666666666667
"2586",0.106666666666667
"2587",0.106666666666667
"2588",0.106666666666667
"2589",0.106666666666667
"2590",0.106666666666667
"2591",0.106666666666667
"2592",0.106666666666667
"2593",0.106666666666667
"2594",0.106666666666667
"2595",0.106666666666667
"2596",0.106666666666667
"2597",0.106666666666667
"2598",0.106666666666667
"2599",0.106666666666667
"2600",0.106666666666667
"2601",0.106666666666667
"2602",0.105
"2603",0.106666666666667
"2604",0.106666666666667
"2605",0.106666666666667
"2606",0.106666666666667
"2607",0.106666666666667
"2608",0.106666666666667
"2609",0.11
"2610",0.106666666666667
"2611",0.106666666666667
"2612",0.106666666666667
"2613",0.106666666666667
"2614",0.106666666666667
"2615",0.106666666666667
"2616",0.106666666666667
"2617",0.106666666666667
"2618",0.106666666666667
"2619",0.106666666666667
"2620",0.106666666666667
"2621",0.106666666666667
"2622",0.106666666666667
"2623",0.106666666666667
"2624",0.106666666666667
"2625",0.106666666666667
"2626",0.106666666666667
"2627",0.106666666666667
"2628",0.106666666666667
"2629",0.106666666666667
"2630",0.106666666666667
"2631",0.106666666666667
"2632",0.106666666666667
"2633",0.105
"2634",0.106666666666667
"2635",0.106666666666667
"2636",0.106666666666667
"2637",0.106666666666667
"2638",0.106666666666667
"2639",0.106666666666667
"2640",0.11
"2641",0.106666666666667
"2642",0.106666666666667
"2643",0.106666666666667
"2644",0.106666666666667
"2645",0.106666666666667
"2646",0.106666666666667
"2647",0.106666666666667
"2648",0.106666666666667
"2649",0.106666666666667
"2650",0.106666666666667
"2651",0.106666666666667
"2652",0.106666666666667
"2653",0.106666666666667
"2654",0.106666666666667
"2655",0.106666666666667
"2656",0.106666666666667
"2657",0.106666666666667
"2658",0.106666666666667
"2659",0.106666666666667
"2660",0.106666666666667
"2661",0.106666666666667
"2662",0.106666666666667
"2663",0.106666666666667
"2664",0.105
"2665",0.106666666666667
"2666",0.106666666666667
"2667",0.106666666666667
"2668",0.106666666666667
"2669",0.106666666666667
"2670",0.106666666666667
"2671",0.11
"2672",0.106666666666667
"2673",0.106666666666667
"2674",0.106666666666667
"2675",0.106666666666667
"2676",0.106666666666667
"2677",0.106666666666667
"2678",0.106666666666667
"2679",0.106666666666667
"2680",0.106666666666667
"2681",0.106666666666667
"2682",0.106666666666667
"2683",0.106666666666667
"2684",0.106666666666667
"2685",0.106666666666667
"2686",0.106666666666667
"2687",0.106666666666667
"2688",0.106666666666667
"2689",0.106666666666667
"2690",0.106666666666667
"2691",0.106666666666667
"2692",0.106666666666667
"2693",0.106666666666667
"2694",0.106666666666667
"2695",0.105
"2696",0.106666666666667
"2697",0.106666666666667
"2698",0.106666666666667
"2699",0.106666666666667
"2700",0.106666666666667
"2701",0.106666666666667
"2702",0.11
"2703",0.106666666666667
"2704",0.106666666666667
"2705",0.106666666666667
"2706",0.106666666666667
"2707",0.106666666666667
"2708",0.106666666666667
"2709",0.106666666666667
"2710",0.106666666666667
"2711",0.106666666666667
"2712",0.106666666666667
"2713",0.106666666666667
"2714",0.106666666666667
"2715",0.106666666666667
"2716",0.106666666666667
"2717",0.106666666666667
"2718",0.106666666666667
"2719",0.106666666666667
"2720",0.106666666666667
"2721",0.106666666666667
"2722",0.106666666666667
"2723",0.106666666666667
"2724",0.106666666666667
"2725",0.106666666666667
"2726",0.105
"2727",0.106666666666667
"2728",0.106666666666667
"2729",0.106666666666667
"2730",0.106666666666667
"2731",0.106666666666667
"2732",0.106666666666667
"2733",0.11
"2734",0.106666666666667
"2735",0.106666666666667
"2736",0.106666666666667
"2737",0.106666666666667
"2738",0.106666666666667
"2739",0.106666666666667
"2740",0.106666666666667
"2741",0.106666666666667
"2742",0.106666666666667
"2743",0.106666666666667
"2744",0.106666666666667
"2745",0.106666666666667
"2746",0.106666666666667
"2747",0.106666666666667
"2748",0.106666666666667
"2749",0.106666666666667
"2750",0.106666666666667
"2751",0.106666666666667
"2752",0.106666666666667
"2753",0.106666666666667
"2754",0.106666666666667
"2755",0.106666666666667
"2756",0.106666666666667
"2757",0.105
"2758",0.106666666666667
"2759",0.106666666666667
"2760",0.106666666666667
"2761",0.106666666666667
"2762",0.106666666666667
"2763",0.106666666666667
"2764",0.11
"2765",0.106666666666667
"2766",0.106666666666667
"2767",0.106666666666667
"2768",0.106666666666667
"2769",0.106666666666667
"2770",0.106666666666667
"2771",0.106666666666667
"2772",0.106666666666667
"2773",0.106666666666667
"2774",0.106666666666667
"2775",0.106666666666667
"2776",0.106666666666667
"2777",0.106666666666667
"2778",0.106666666666667
"2779",0.106666666666667
"2780",0.106666666666667
"2781",0.106666666666667
"2782",0.106666666666667
"2783",0.106666666666667
"2784",0.106666666666667
"2785",0.106666666666667
"2786",0.106666666666667
"2787",0.106666666666667
"2788",0.105
"2789",0.106666666666667
"2790",0.106666666666667
"2791",0.106666666666667
"2792",0.106666666666667
"2793",0.106666666666667
"2794",0.106666666666667
"2795",0.11
"2796",0.106666666666667
"2797",0.106666666666667
"2798",0.106666666666667
"2799",0.106666666666667
"2800",0.106666666666667
"2801",0.106666666666667
"2802",0.106666666666667
"2803",0.106666666666667
"2804",0.106666666666667
"2805",0.106666666666667
"2806",0.106666666666667
"2807",0.106666666666667
"2808",0.106666666666667
"2809",0.106666666666667
"2810",0.106666666666667
"2811",0.106666666666667
"2812",0.106666666666667
"2813",0.106666666666667
"2814",0.106666666666667
"2815",0.106666666666667
"2816",0.106666666666667
"2817",0.106666666666667
"2818",0.106666666666667
"2819",0.105
"2820",0.106666666666667
"2821",0.106666666666667
"2822",0.106666666666667
"2823",0.106666666666667
"2824",0.106666666666667
"2825",0.106666666666667
"2826",0.11
"2827",0.106666666666667
"2828",0.106666666666667
"2829",0.106666666666667
"2830",0.106666666666667
"2831",0.106666666666667
"2832",0.106666666666667
"2833",0.106666666666667
"2834",0.106666666666667
"2835",0.106666666666667
"2836",0.106666666666667
"2837",0.106666666666667
"2838",0.106666666666667
"2839",0.106666666666667
"2840",0.106666666666667
"2841",0.106666666666667
"2842",0.106666666666667
"2843",0.106666666666667
"2844",0.106666666666667
"2845",0.106666666666667
"2846",0.106666666666667
"2847",0.106666666666667
"2848",0.106666666666667
"2849",0.106666666666667
"2850",0.105
"2851",0.106666666666667
"2852",0.106666666666667
"2853",0.106666666666667
"2854",0.106666666666667
"2855",0.106666666666667
"2856",0.106666666666667
"2857",0.11
"2858",0.106666666666667
"2859",0.106666666666667
"2860",0.106666666666667
"2861",0.106666666666667
"2862",0.106666666666667
"2863",0.106666666666667
"2864",0.106666666666667
"2865",0.106666666666667
"2866",0.106666666666667
"2867",0.106666666666667
"2868",0.106666666666667
"2869",0.106666666666667
"2870",0.106666666666667
"2871",0.106666666666667
"2872",0.106666666666667
"2873",0.106666666666667
"2874",0.106666666666667
"2875",0.106666666666667
"2876",0.106666666666667
"2877",0.106666666666667
"2878",0.106666666666667
"2879",0.106666666666667
"2880",0.106666666666667
"2881",0.105
"2882",0.106666666666667
"2883",0.106666666666667
"2884",0.106666666666667
"2885",0.106666666666667
"2886",0.106666666666667
"2887",0.106666666666667
"2888",0.11
"2889",0.106666666666667
"2890",0.106666666666667
"2891",0.106666666666667
"2892",0.106666666666667
"2893",0.106666666666667
"2894",0.106666666666667
"2895",0.106666666666667
"2896",0.106666666666667
"2897",0.106666666666667
"2898",0.106666666666667
"2899",0.106666666666667
"2900",0.106666666666667
"2901",0.106666666666667
"2902",0.106666666666667
"2903",0.106666666666667
"2904",0.106666666666667
"2905",0.106666666666667
"2906",0.106666666666667
"2907",0.106666666666667
"2908",0.106666666666667
"2909",0.106666666666667
"2910",0.106666666666667
"2911",0.106666666666667
"2912",0.105
"2913",0.106666666666667
"2914",0.106666666666667
"2915",0.106666666666667
"2916",0.106666666666667
"2917",0.106666666666667
"2918",0.106666666666667
"2919",0.11
"2920",0.106666666666667
"2921",0.106666666666667
"2922",0.106666666666667
"2923",0.106666666666667
"2924",0.106666666666667
"2925",0.106666666666667
"2926",0.106666666666667
"2927",0.106666666666667
"2928",0.106666666666667
"2929",0.106666666666667
"2930",0.106666666666667
"2931",0.106666666666667
"2932",0.106666666666667
"2933",0.106666666666667
"2934",0.106666666666667
"2935",0.106666666666667
"2936",0.106666666666667
"2937",0.106666666666667
"2938",0.106666666666667
"2939",0.106666666666667
"2940",0.106666666666667
"2941",0.106666666666667
"2942",0.106666666666667
"2943",0.105
"2944",0.106666666666667
"2945",0.106666666666667
"2946",0.106666666666667
"2947",0.106666666666667
"2948",0.106666666666667
"2949",0.106666666666667
"2950",0.11
"2951",0.106666666666667
"2952",0.106666666666667
"2953",0.106666666666667
"2954",0.106666666666667
"2955",0.106666666666667
"2956",0.106666666666667
"2957",0.106666666666667
"2958",0.106666666666667
"2959",0.106666666666667
"2960",0.106666666666667
"2961",0.106666666666667
"2962",0.106666666666667
"2963",0.106666666666667
"2964",0.106666666666667
"2965",0.106666666666667
"2966",0.106666666666667
"2967",0.106666666666667
"2968",0.106666666666667
"2969",0.106666666666667
"2970",0.106666666666667
"2971",0.106666666666667
"2972",0.106666666666667
"2973",0.106666666666667
"2974",0.105
"2975",0.106666666666667
"2976",0.106666666666667
"2977",0.106666666666667
"2978",0.106666666666667
"2979",0.106666666666667
"2980",0.106666666666667
"2981",0.11
"2982",0.106666666666667
"2983",0.106666666666667
"2984",0.106666666666667
"2985",0.106666666666667
"2986",0.106666666666667
"2987",0.106666666666667
"2988",0.106666666666667
"2989",0.106666666666667
"2990",0.106666666666667
"2991",0.106666666666667
"2992",0.106666666666667
"2993",0.106666666666667
"2994",0.106666666666667
"2995",0.106666666666667
"2996",0.106666666666667
"2997",0.106666666666667
"2998",0.106666666666667
"2999",0.106666666666667
"3000",0.106666666666667
"3001",0.106666666666667
"3002",0.106666666666667
"3003",0.106666666666667
"3004",0.106666666666667
"3005",0.105
"3006",0.106666666666667
"3007",0.106666666666667
"3008",0.106666666666667
"3009",0.106666666666667
"3010",0.106666666666667
"3011",0.106666666666667
"3012",0.11
"3013",0.106666666666667
"3014",0.106666666666667
"3015",0.106666666666667
"3016",0.106666666666667
"3017",0.106666666666667
"3018",0.106666666666667
"3019",0.106666666666667
"3020",0.106666666666667
"3021",0.106666666666667
"3022",0.106666666666667
"3023",0.106666666666667
"3024",0.106666666666667
"3025",0.106666666666667
"3026",0.106666666666667
"3027",0.106666666666667
"3028",0.106666666666667
"3029",0.106666666666667
"3030",0.106666666666667
"3031",0.106666666666667
"3032",0.106666666666667
"3033",0.106666666666667
"3034",0.106666666666667
"3035",0.106666666666667
"3036",0.105
"3037",0.106666666666667
"3038",0.106666666666667
"3039",0.106666666666667
"3040",0.106666666666667
"3041",0.106666666666667
"3042",0.106666666666667
"3043",0.11
"3044",0.106666666666667
"3045",0.106666666666667
"3046",0.106666666666667
"3047",0.106666666666667
"3048",0.106666666666667
"3049",0.106666666666667
"3050",0.106666666666667
"3051",0.106666666666667
"3052",0.106666666666667
"3053",0.106666666666667
"3054",0.106666666666667
"3055",0.106666666666667
"3056",0.106666666666667
"3057",0.106666666666667
"3058",0.106666666666667
"3059",0.106666666666667
"3060",0.106666666666667
"3061",0.106666666666667
"3062",0.106666666666667
"3063",0.106666666666667
"3064",0.106666666666667
"3065",0.106666666666667
"3066",0.106666666666667
"3067",0.105
"3068",0.106666666666667
"3069",0.106666666666667
"3070",0.148333333333333
"3071",0.148333333333333
"3072",0.148333333333333
"3073",0.148333333333333
"3074",0.151666666666667
"3075",0.148333333333333
"3076",0.148333333333333
"3077",0.148333333333333
"3078",0.148333333333333
"3079",0.148333333333333
"3080",0.148333333333333
"3081",0.148333333333333
"3082",0.148333333333333
"3083",0.148333333333333
"3084",0.148333333333333
"3085",0.148333333333333
"3086",0.148333333333333
"3087",0.148333333333333
"3088",0.148333333333333
"3089",0.148333333333333
"3090",0.148333333333333
"3091",0.148333333333333
"3092",0.148333333333333
"3093",0.148333333333333
"3094",0.148333333333333
"3095",0.148333333333333
"3096",0.148333333333333
"3097",0.148333333333333
"3098",0.146666666666667
"3099",0.148333333333333
"3100",0.148333333333333
"3101",0.153333333333333
"3102",0.153333333333333
"3103",0.153333333333333
"3104",0.153333333333333
"3105",0.156666666666667
"3106",0.153333333333333
"3107",0.153333333333333
"3108",0.153333333333333
"3109",0.153333333333333
"3110",0.153333333333333
"3111",0.153333333333333
"3112",0.153333333333333
"3113",0.153333333333333
"3114",0.153333333333333
"3115",0.153333333333333
"3116",0.153333333333333
"3117",0.153333333333333
"3118",0.153333333333333
"3119",0.153333333333333
"3120",0.153333333333333
"3121",0.153333333333333
"3122",0.153333333333333
"3123",0.153333333333333
"3124",0.153333333333333
"3125",0.153333333333333
"3126",0.153333333333333
"3127",0.153333333333333
"3128",0.153333333333333
"3129",0.151666666666667
"3130",0.153333333333333
"3131",0.153333333333333
"3132",0.15
"3133",0.15
"3134",0.15
"3135",0.15
"3136",0.153333333333333
"3137",0.15
"3138",0.15
"3139",0.15
"3140",0.15
"3141",0.15
"3142",0.15
"3143",0.15
"3144",0.15
"3145",0.15
"3146",0.15
"3147",0.15
"3148",0.15
"3149",0.15
"3150",0.15
"3151",0.15
"3152",0.15
"3153",0.15
"3154",0.15
"3155",0.15
"3156",0.15
"3157",0.15
"3158",0.15
"3159",0.15
"3160",0.148333333333333
"3161",0.15
"3162",0.15
"3163",0.15
"3164",0.15
"3165",0.15
"3166",0.15
"3167",0.153333333333333
"3168",0.15
"3169",0.15
"3170",0.15
"3171",0.15
"3172",0.15
"3173",0.15
"3174",0.15
"3175",0.15
"3176",0.15
"3177",0.15
"3178",0.15
"3179",0.15
"3180",0.15
"3181",0.15
"3182",0.15
"3183",0.15
"3184",0.15
"3185",0.15
"3186",0.15
"3187",0.15
"3188",0.15
"3189",0.15
"3190",0.15
"3191",0.148333333333333
"3192",0.15
"3193",0.15
"3194",0.138333333333333
"3195",0.138333333333333
"3196",0.138333333333333
"3197",0.138333333333333
"3198",0.141666666666667
"3199",0.138333333333333
"3200",0.138333333333333
"3201",0.138333333333333
"3202",0.138333333333333
"3203",0.138333333333333
"3204",0.138333333333333
"3205",0.138333333333333
"3206",0.138333333333333
"3207",0.138333333333333
"3208",0.138333333333333
"3209",0.138333333333333
"3210",0.138333333333333
"3211",0.138333333333333
"3212",0.138333333333333
"3213",0.138333333333333
"3214",0.138333333333333
"3215",0.138333333333333
"3216",0.138333333333333
"3217",0.138333333333333
"3218",0.138333333333333
"3219",0.138333333333333
"3220",0.138333333333333
"3221",0.138333333333333
"3222",0.136666666666667
"3223",0.138333333333333
"3224",0.138333333333333
"3225",0.138333333333333
"3226",0.138333333333333
"3227",0.138333333333333
"3228",0.138333333333333
"3229",0.141666666666667
"3230",0.138333333333333
"3231",0.138333333333333
"3232",0.138333333333333
"3233",0.138333333333333
"3234",0.138333333333333
"3235",0.138333333333333
"3236",0.138333333333333
"3237",0.138333333333333
"3238",0.138333333333333
"3239",0.138333333333333
"3240",0.138333333333333
"3241",0.138333333333333
"3242",0.138333333333333
"3243",0.138333333333333
"3244",0.138333333333333
"3245",0.138333333333333
"3246",0.138333333333333
"3247",0.138333333333333
"3248",0.138333333333333
"3249",0.138333333333333
"3250",0.138333333333333
"3251",0.138333333333333
"3252",0.138333333333333
"3253",0.136666666666667
"3254",0.138333333333333
"3255",0.138333333333333
"3256",0.14
"3257",0.14
"3258",0.14
"3259",0.14
"3260",0.143333333333333
"3261",0.14
"3262",0.14
"3263",0.14
"3264",0.14
"3265",0.14
"3266",0.14
"3267",0.14
"3268",0.14
"3269",0.14
"3270",0.14
"3271",0.14
"3272",0.14
"3273",0.14
"3274",0.14
"3275",0.14
"3276",0.14
"3277",0.14
"3278",0.14
"3279",0.14
"3280",0.14
"3281",0.14
"3282",0.14
"3283",0.14
"3284",0.138333333333333
"3285",0.14
"3286",0.14
"3287",0.138333333333333
"3288",0.138333333333333
"3289",0.138333333333333
"3290",0.138333333333333
"3291",0.141666666666667
"3292",0.138333333333333
"3293",0.138333333333333
"3294",0.138333333333333
"3295",0.138333333333333
"3296",0.138333333333333
"3297",0.138333333333333
"3298",0.138333333333333
"3299",0.138333333333333
"3300",0.138333333333333
"3301",0.138333333333333
"3302",0.138333333333333
"3303",0.138333333333333
"3304",0.138333333333333
"3305",0.138333333333333
"3306",0.138333333333333
"3307",0.138333333333333
"3308",0.138333333333333
"3309",0.138333333333333
"3310",0.138333333333333
"3311",0.138333333333333
"3312",0.138333333333333
"3313",0.138333333333333
"3314",0.138333333333333
"3315",0.136666666666667
"3316",0.138333333333333
"3317",0.138333333333333
"3318",0.138333333333333
"3319",0.138333333333333
"3320",0.138333333333333
"3321",0.138333333333333
"3322",0.141666666666667
"3323",0.138333333333333
"3324",0.138333333333333
"3325",0.138333333333333
"3326",0.138333333333333
"3327",0.138333333333333
"3328",0.138333333333333
"3329",0.138333333333333
"3330",0.138333333333333
"3331",0.138333333333333
"3332",0.138333333333333
"3333",0.138333333333333
"3334",0.138333333333333
"3335",0.138333333333333
"3336",0.138333333333333
"3337",0.138333333333333
"3338",0.138333333333333
"3339",0.138333333333333
"3340",0.138333333333333
"3341",0.138333333333333
"3342",0.138333333333333
"3343",0.138333333333333
"3344",0.138333333333333
"3345",0.138333333333333
"3346",0.136666666666667
"3347",0.138333333333333
"3348",0.138333333333333
"3349",0.138333333333333
"3350",0.138333333333333
"3351",0.138333333333333
"3352",0.138333333333333
"3353",0.141666666666667
"3354",0.138333333333333
"3355",0.138333333333333
"3356",0.138333333333333
"3357",0.138333333333333
"3358",0.138333333333333
"3359",0.138333333333333
"3360",0.138333333333333
"3361",0.138333333333333
"3362",0.138333333333333
"3363",0.138333333333333
"3364",0.138333333333333
"3365",0.138333333333333
"3366",0.138333333333333
"3367",0.138333333333333
"3368",0.138333333333333
"3369",0.138333333333333
"3370",0.138333333333333
"3371",0.138333333333333
"3372",0.138333333333333
"3373",0.138333333333333
"3374",0.138333333333333
"3375",0.138333333333333
"3376",0.138333333333333
"3377",0.136666666666667
"3378",0.138333333333333
"3379",0.138333333333333
"3380",0.143333333333333
"3381",0.143333333333333
"3382",0.143333333333333
"3383",0.143333333333333
"3384",0.146666666666667
"3385",0.143333333333333
"3386",0.143333333333333
"3387",0.143333333333333
"3388",0.143333333333333
"3389",0.143333333333333
"3390",0.143333333333333
"3391",0.143333333333333
"3392",0.143333333333333
"3393",0.143333333333333
"3394",0.143333333333333
"3395",0.143333333333333
"3396",0.143333333333333
"3397",0.143333333333333
"3398",0.143333333333333
"3399",0.143333333333333
"3400",0.143333333333333
"3401",0.143333333333333
"3402",0.143333333333333
"3403",0.143333333333333
"3404",0.143333333333333
"3405",0.143333333333333
"3406",0.143333333333333
"3407",0.143333333333333
"3408",0.141666666666667
"3409",0.143333333333333
"3410",0.143333333333333
"3411",0.14
"3412",0.14
"3413",0.14
"3414",0.14
"3415",0.143333333333333
"3416",0.14
"3417",0.14
"3418",0.14
"3419",0.14
"3420",0.14
"3421",0.14
"3422",0.14
"3423",0.14
"3424",0.14
"3425",0.14
"3426",0.14
"3427",0.14
"3428",0.14
"3429",0.14
"3430",0.14
"3431",0.14
"3432",0.14
"3433",0.14
"3434",0.14
"3435",0.14
"3436",0.14
"3437",0.14
"3438",0.14
"3439",0.138333333333333
"3440",0.14
"3441",0.14
"3442",0.138333333333333
"3443",0.138333333333333
"3444",0.138333333333333
"3445",0.138333333333333
"3446",0.141666666666667
"3447",0.138333333333333
"3448",0.138333333333333
"3449",0.138333333333333
"3450",0.138333333333333
"3451",0.138333333333333
"3452",0.138333333333333
"3453",0.138333333333333
"3454",0.138333333333333
"3455",0.138333333333333
"3456",0.138333333333333
"3457",0.138333333333333
"3458",0.138333333333333
"3459",0.138333333333333
"3460",0.138333333333333
"3461",0.138333333333333
"3462",0.138333333333333
"3463",0.138333333333333
"3464",0.138333333333333
"3465",0.138333333333333
"3466",0.138333333333333
"3467",0.138333333333333
"3468",0.138333333333333
"3469",0.138333333333333
"3470",0.136666666666667
"3471",0.138333333333333
"3472",0.138333333333333
"3473",0.14
"3474",0.14
"3475",0.14
"3476",0.14
"3477",0.143333333333333
"3478",0.14
"3479",0.14
"3480",0.14
"3481",0.14
"3482",0.14
"3483",0.14
"3484",0.14
"3485",0.14
"3486",0.14
"3487",0.14
"3488",0.14
"3489",0.14
"3490",0.14
"3491",0.14
"3492",0.14
"3493",0.14
"3494",0.14
"3495",0.14
"3496",0.14
"3497",0.14
"3498",0.14
"3499",0.14
"3500",0.14
"3501",0.138333333333333
"3502",0.14
"3503",0.14
"3504",0.138333333333333
"3505",0.138333333333333
"3506",0.138333333333333
"3507",0.138333333333333
"3508",0.141666666666667
"3509",0.138333333333333
"3510",0.138333333333333
"3511",0.138333333333333
"3512",0.138333333333333
"3513",0.138333333333333
"3514",0.138333333333333
"3515",0.138333333333333
"3516",0.138333333333333
"3517",0.138333333333333
"3518",0.138333333333333
"3519",0.138333333333333
"3520",0.138333333333333
"3521",0.138333333333333
"3522",0.138333333333333
"3523",0.138333333333333
"3524",0.138333333333333
"3525",0.138333333333333
"3526",0.138333333333333
"3527",0.138333333333333
"3528",0.138333333333333
"3529",0.138333333333333
"3530",0.138333333333333
"3531",0.138333333333333
"3532",0.136666666666667
"3533",0.138333333333333
"3534",0.138333333333333
"3535",0.143333333333333
"3536",0.143333333333333
"3537",0.143333333333333
"3538",0.143333333333333
"3539",0.146666666666667
"3540",0.143333333333333
"3541",0.143333333333333
"3542",0.143333333333333
"3543",0.143333333333333
"3544",0.143333333333333
"3545",0.143333333333333
"3546",0.143333333333333
"3547",0.143333333333333
"3548",0.143333333333333
"3549",0.143333333333333
"3550",0.143333333333333
"3551",0.143333333333333
"3552",0.143333333333333
"3553",0.143333333333333
"3554",0.143333333333333
"3555",0.143333333333333
"3556",0.143333333333333
"3557",0.143333333333333
"3558",0.143333333333333
"3559",0.143333333333333
"3560",0.143333333333333
"3561",0.143333333333333
"3562",0.143333333333333
"3563",0.141666666666667
"3564",0.143333333333333
"3565",0.143333333333333
"3566",0.14
"3567",0.14
"3568",0.14
"3569",0.14
"3570",0.143333333333333
"3571",0.14
"3572",0.14
"3573",0.14
"3574",0.14
"3575",0.14
"3576",0.14
"3577",0.14
"3578",0.14
"3579",0.14
"3580",0.14
"3581",0.14
"3582",0.14
"3583",0.14
"3584",0.14
"3585",0.14
"3586",0.14
"3587",0.14
"3588",0.14
"3589",0.14
"3590",0.14
"3591",0.14
"3592",0.14
"3593",0.14
"3594",0.138333333333333
"3595",0.14
"3596",0.14
"3597",0.14
"3598",0.14
"3599",0.14
"3600",0.14
"3601",0.143333333333333
"3602",0.14
"3603",0.14
"3604",0.14
"3605",0.14
"3606",0.14
"3607",0.14
"3608",0.14
"3609",0.14
"3610",0.14
"3611",0.14
"3612",0.14
"3613",0.14
"3614",0.14
"3615",0.14
"3616",0.14
"3617",0.14
"3618",0.14
"3619",0.14
"3620",0.14
"3621",0.14
"3622",0.14
"3623",0.14
"3624",0.14
"3625",0.138333333333333
"3626",0.14
"3627",0.14
"3628",0.143333333333333
"3629",0.143333333333333
"3630",0.143333333333333
"3631",0.143333333333333
"3632",0.146666666666667
"3633",0.143333333333333
"3634",0.143333333333333
"3635",0.143333333333333
"3636",0.143333333333333
"3637",0.143333333333333
"3638",0.143333333333333
"3639",0.143333333333333
"3640",0.143333333333333
"3641",0.143333333333333
"3642",0.143333333333333
"3643",0.143333333333333
"3644",0.143333333333333
"3645",0.143333333333333
"3646",0.143333333333333
"3647",0.143333333333333
"3648",0.143333333333333
"3649",0.143333333333333
"3650",0.143333333333333
"3651",0.143333333333333
"3652",0.143333333333333
"3653",0.143333333333333
"3654",0.143333333333333
"3655",0.143333333333333
"3656",0.141666666666667
"3657",0.143333333333333
"3658",0.143333333333333
"3659",0.138333333333333
"3660",0.138333333333333
"3661",0.138333333333333
"3662",0.138333333333333
"3663",0.141666666666667
"3664",0.138333333333333
"3665",0.138333333333333
"3666",0.138333333333333
"3667",0.138333333333333
"3668",0.138333333333333
"3669",0.138333333333333
"3670",0.138333333333333
"3671",0.138333333333333
"3672",0.138333333333333
"3673",0.138333333333333
"3674",0.138333333333333
"3675",0.138333333333333
"3676",0.138333333333333
"3677",0.138333333333333
"3678",0.138333333333333
"3679",0.138333333333333
"3680",0.138333333333333
"3681",0.138333333333333
"3682",0.138333333333333
"3683",0.138333333333333
"3684",0.138333333333333
"3685",0.138333333333333
"3686",0.138333333333333
"3687",0.136666666666667
"3688",0.138333333333333
"3689",0.138333333333333
"3690",0.143333333333333
"3691",0.143333333333333
"3692",0.143333333333333
"3693",0.143333333333333
"3694",0.146666666666667
"3695",0.143333333333333
"3696",0.143333333333333
"3697",0.143333333333333
"3698",0.143333333333333
"3699",0.143333333333333
"3700",0.143333333333333
"3701",0.143333333333333
"3702",0.143333333333333
"3703",0.143333333333333
"3704",0.143333333333333
"3705",0.143333333333333
"3706",0.143333333333333
"3707",0.143333333333333
"3708",0.143333333333333
"3709",0.143333333333333
"3710",0.143333333333333
"3711",0.143333333333333
"3712",0.143333333333333
"3713",0.143333333333333
"3714",0.143333333333333
"3715",0.143333333333333
"3716",0.143333333333333
"3717",0.143333333333333
"3718",0.141666666666667
"3719",0.143333333333333
"3720",0.143333333333333
"3721",0.143333333333333
"3722",0.143333333333333
"3723",0.143333333333333
"3724",0.143333333333333
"3725",0.146666666666667
"3726",0.143333333333333
"3727",0.143333333333333
"3728",0.143333333333333
"3729",0.143333333333333
"3730",0.143333333333333
"3731",0.143333333333333
"3732",0.143333333333333
"3733",0.143333333333333
"3734",0.143333333333333
"3735",0.143333333333333
"3736",0.143333333333333
"3737",0.143333333333333
"3738",0.143333333333333
"3739",0.143333333333333
"3740",0.143333333333333
"3741",0.143333333333333
"3742",0.143333333333333
"3743",0.143333333333333
"3744",0.143333333333333
"3745",0.143333333333333
"3746",0.143333333333333
"3747",0.143333333333333
"3748",0.143333333333333
"3749",0.141666666666667
"3750",0.143333333333333
"3751",0.143333333333333
"3752",0.143333333333333
"3753",0.143333333333333
"3754",0.143333333333333
"3755",0.143333333333333
"3756",0.146666666666667
"3757",0.143333333333333
"3758",0.143333333333333
"3759",0.143333333333333
"3760",0.143333333333333
"3761",0.143333333333333
"3762",0.143333333333333
"3763",0.143333333333333
"3764",0.143333333333333
"3765",0.143333333333333
"3766",0.143333333333333
"3767",0.143333333333333
"3768",0.143333333333333
"3769",0.143333333333333
"3770",0.143333333333333
"3771",0.143333333333333
"3772",0.143333333333333
"3773",0.143333333333333
"3774",0.143333333333333
"3775",0.143333333333333
"3776",0.143333333333333
"3777",0.143333333333333
"3778",0.143333333333333
"3779",0.143333333333333
"3780",0.141666666666667
"3781",0.143333333333333
"3782",0.143333333333333
"3783",0.14
"3784",0.14
"3785",0.14
"3786",0.14
"3787",0.143333333333333
"3788",0.14
"3789",0.14
"3790",0.14
"3791",0.14
"3792",0.14
"3793",0.14
"3794",0.14
"3795",0.14
"3796",0.14
"3797",0.14
"3798",0.14
"3799",0.14
"3800",0.14
"3801",0.14
"3802",0.14
"3803",0.14
"3804",0.14
"3805",0.14
"3806",0.14
"3807",0.14
"3808",0.14
"3809",0.14
"3810",0.14
"3811",0.138333333333333
"3812",0.14
"3813",0.14
"3814",0.138333333333333
"3815",0.138333333333333
"3816",0.138333333333333
"3817",0.138333333333333
"3818",0.141666666666667
"3819",0.138333333333333
"3820",0.138333333333333
"3821",0.138333333333333
"3822",0.138333333333333
"3823",0.138333333333333
"3824",0.138333333333333
"3825",0.138333333333333
"3826",0.138333333333333
"3827",0.138333333333333
"3828",0.138333333333333
"3829",0.138333333333333
"3830",0.138333333333333
"3831",0.138333333333333
"3832",0.138333333333333
"3833",0.138333333333333
"3834",0.138333333333333
"3835",0.138333333333333
"3836",0.138333333333333
"3837",0.138333333333333
"3838",0.138333333333333
"3839",0.138333333333333
"3840",0.138333333333333
"3841",0.138333333333333
"3842",0.136666666666667
"3843",0.138333333333333
"3844",0.138333333333333
"3845",0.14
"3846",0.14
"3847",0.14
"3848",0.14
"3849",0.143333333333333
"3850",0.14
"3851",0.14
"3852",0.14
"3853",0.14
"3854",0.14
"3855",0.14
"3856",0.14
"3857",0.14
"3858",0.14
"3859",0.14
"3860",0.14
"3861",0.14
"3862",0.14
"3863",0.14
"3864",0.14
"3865",0.14
"3866",0.14
"3867",0.14
"3868",0.14
"3869",0.14
"3870",0.14
"3871",0.14
"3872",0.14
"3873",0.138333333333333
"3874",0.14
"3875",0.14
"3876",0.14
"3877",0.14
"3878",0.14
"3879",0.14
"3880",0.143333333333333
"3881",0.14
"3882",0.14
"3883",0.14
"3884",0.14
"3885",0.14
"3886",0.14
"3887",0.14
"3888",0.14
"3889",0.14
"3890",0.14
"3891",0.14
"3892",0.14
"3893",0.14
"3894",0.14
"3895",0.14
"3896",0.14
"3897",0.14
"3898",0.14
"3899",0.14
"3900",0.14
"3901",0.14
"3902",0.14
"3903",0.14
"3904",0.138333333333333
"3905",0.14
"3906",0.14
"3907",0.14
"3908",0.14
"3909",0.14
"3910",0.14
"3911",0.143333333333333
"3912",0.14
"3913",0.14
"3914",0.14
"3915",0.14
"3916",0.14
"3917",0.14
"3918",0.14
"3919",0.14
"3920",0.14
"3921",0.14
"3922",0.14
"3923",0.14
"3924",0.14
"3925",0.14
"3926",0.14
"3927",0.14
"3928",0.14
"3929",0.14
"3930",0.14
"3931",0.14
"3932",0.14
"3933",0.14
"3934",0.14
"3935",0.138333333333333
"3936",0.14
"3937",0.14
"3938",0.143333333333333
"3939",0.143333333333333
"3940",0.143333333333333
"3941",0.143333333333333
"3942",0.146666666666667
"3943",0.143333333333333
"3944",0.143333333333333
"3945",0.143333333333333
"3946",0.143333333333333
"3947",0.143333333333333
"3948",0.143333333333333
"3949",0.143333333333333
"3950",0.143333333333333
"3951",0.143333333333333
"3952",0.143333333333333
"3953",0.143333333333333
"3954",0.143333333333333
"3955",0.143333333333333
"3956",0.143333333333333
"3957",0.143333333333333
"3958",0.143333333333333
"3959",0.143333333333333
"3960",0.143333333333333
"3961",0.143333333333333
"3962",0.143333333333333
"3963",0.143333333333333
"3964",0.143333333333333
"3965",0.143333333333333
"3966",0.141666666666667
"3967",0.143333333333333
"3968",0.143333333333333
"3969",0.14
"3970",0.14
"3971",0.14
"3972",0.14
"3973",0.143333333333333
"3974",0.14
"3975",0.14
"3976",0.14
"3977",0.14
"3978",0.14
"3979",0.14
"3980",0.14
"3981",0.14
"3982",0.14
"3983",0.14
"3984",0.14
"3985",0.14
"3986",0.14
"3987",0.14
"3988",0.14
"3989",0.14
"3990",0.14
"3991",0.14
"3992",0.14
"3993",0.14
"3994",0.14
"3995",0.14
"3996",0.14
"3997",0.138333333333333
"3998",0.14
"3999",0.14
"4000",0.138333333333333
"4001",0.138333333333333
"4002",0.138333333333333
"4003",0.138333333333333
"4004",0.141666666666667
"4005",0.138333333333333
"4006",0.138333333333333
"4007",0.138333333333333
"4008",0.138333333333333
"4009",0.138333333333333
"4010",0.138333333333333
"4011",0.138333333333333
"4012",0.138333333333333
"4013",0.138333333333333
"4014",0.138333333333333
"4015",0.138333333333333
"4016",0.138333333333333
"4017",0.138333333333333
"4018",0.138333333333333
"4019",0.138333333333333
"4020",0.138333333333333
"4021",0.138333333333333
"4022",0.138333333333333
"4023",0.138333333333333
"4024",0.138333333333333
"4025",0.138333333333333
"4026",0.138333333333333
"4027",0.138333333333333
"4028",0.136666666666667
"4029",0.138333333333333
"4030",0.138333333333333
"4031",0.145
"4032",0.145
"4033",0.145
"4034",0.145
"4035",0.148333333333333
"4036",0.145
"4037",0.145
"4038",0.145
"4039",0.145
"4040",0.145
"4041",0.145
"4042",0.145
"4043",0.145
"4044",0.145
"4045",0.145
"4046",0.145
"4047",0.145
"4048",0.145
"4049",0.145
"4050",0.145
"4051",0.145
"4052",0.145
"4053",0.145
"4054",0.145
"4055",0.145
"4056",0.145
"4057",0.145
"4058",0.145
"4059",0.143333333333333
"4060",0.145
"4061",0.145
"4062",0.143333333333333
"4063",0.143333333333333
"4064",0.143333333333333
"4065",0.143333333333333
"4066",0.146666666666667
"4067",0.143333333333333
"4068",0.143333333333333
"4069",0.143333333333333
"4070",0.143333333333333
"4071",0.143333333333333
"4072",0.143333333333333
"4073",0.143333333333333
"4074",0.143333333333333
"4075",0.143333333333333
"4076",0.143333333333333
"4077",0.143333333333333
"4078",0.143333333333333
"4079",0.143333333333333
"4080",0.143333333333333
"4081",0.143333333333333
"4082",0.143333333333333
"4083",0.143333333333333
"4084",0.143333333333333
"4085",0.143333333333333
"4086",0.143333333333333
"4087",0.143333333333333
"4088",0.143333333333333
"4089",0.143333333333333
"4090",0.141666666666667
"4091",0.143333333333333
"4092",0.143333333333333
"4093",0.14
"4094",0.14
"4095",0.14
"4096",0.14
"4097",0.143333333333333
"4098",0.14
"4099",0.14
"4100",0.14
"4101",0.14
"4102",0.14
"4103",0.14
"4104",0.14
"4105",0.14
"4106",0.14
"4107",0.14
"4108",0.14
"4109",0.14
"4110",0.14
"4111",0.14
"4112",0.14
"4113",0.14
"4114",0.14
"4115",0.14
"4116",0.14
"4117",0.14
"4118",0.14
"4119",0.14
"4120",0.14
"4121",0.138333333333333
"4122",0.14
"4123",0.14
"4124",0.138333333333333
"4125",0.138333333333333
"4126",0.138333333333333
"4127",0.138333333333333
"4128",0.141666666666667
"4129",0.138333333333333
"4130",0.138333333333333
"4131",0.138333333333333
"4132",0.138333333333333
"4133",0.138333333333333
"4134",0.138333333333333
"4135",0.138333333333333
"4136",0.138333333333333
"4137",0.138333333333333
"4138",0.138333333333333
"4139",0.138333333333333
"4140",0.138333333333333
"4141",0.138333333333333
"4142",0.138333333333333
"4143",0.138333333333333
"4144",0.138333333333333
"4145",0.138333333333333
"4146",0.138333333333333
"4147",0.138333333333333
"4148",0.138333333333333
"4149",0.138333333333333
"4150",0.138333333333333
"4151",0.138333333333333
"4152",0.136666666666667
"4153",0.138333333333333
"4154",0.138333333333333
"4155",0.14
"4156",0.14
"4157",0.14
"4158",0.14
"4159",0.143333333333333
"4160",0.14
"4161",0.14
"4162",0.14
"4163",0.14
"4164",0.14
"4165",0.14
"4166",0.14
"4167",0.14
"4168",0.14
"4169",0.14
"4170",0.14
"4171",0.14
"4172",0.14
"4173",0.14
"4174",0.14
"4175",0.14
"4176",0.14
"4177",0.14
"4178",0.14
"4179",0.14
"4180",0.14
"4181",0.14
"4182",0.14
"4183",0.138333333333333
"4184",0.14
"4185",0.14
"4186",0.138333333333333
"4187",0.138333333333333
"4188",0.138333333333333
"4189",0.138333333333333
"4190",0.141666666666667
"4191",0.138333333333333
"4192",0.138333333333333
"4193",0.138333333333333
"4194",0.138333333333333
"4195",0.138333333333333
"4196",0.138333333333333
"4197",0.138333333333333
"4198",0.138333333333333
"4199",0.138333333333333
"4200",0.138333333333333
"4201",0.138333333333333
"4202",0.138333333333333
"4203",0.138333333333333
"4204",0.138333333333333
"4205",0.138333333333333
"4206",0.138333333333333
"4207",0.138333333333333
"4208",0.138333333333333
"4209",0.138333333333333
"4210",0.138333333333333
"4211",0.138333333333333
"4212",0.138333333333333
"4213",0.138333333333333
"4214",0.136666666666667
"4215",0.138333333333333
"4216",0.138333333333333
"4217",0.138333333333333
"4218",0.138333333333333
"4219",0.138333333333333
"4220",0.138333333333333
"4221",0.141666666666667
"4222",0.138333333333333
"4223",0.138333333333333
"4224",0.138333333333333
"4225",0.138333333333333
"4226",0.138333333333333
"4227",0.138333333333333
"4228",0.138333333333333
"4229",0.138333333333333
"4230",0.138333333333333
"4231",0.138333333333333
"4232",0.138333333333333
"4233",0.138333333333333
"4234",0.138333333333333
"4235",0.138333333333333
"4236",0.138333333333333
"4237",0.138333333333333
"4238",0.138333333333333
"4239",0.138333333333333
"4240",0.138333333333333
"4241",0.138333333333333
"4242",0.138333333333333
"4243",0.138333333333333
"4244",0.138333333333333
"4245",0.136666666666667
"4246",0.138333333333333
"4247",0.138333333333333
"4248",0.143333333333333
"4249",0.143333333333333
"4250",0.143333333333333
"4251",0.143333333333333
"4252",0.146666666666667
"4253",0.143333333333333
"4254",0.143333333333333
"4255",0.143333333333333
"4256",0.143333333333333
"4257",0.143333333333333
"4258",0.143333333333333
"4259",0.143333333333333
"4260",0.143333333333333
"4261",0.143333333333333
"4262",0.143333333333333
"4263",0.143333333333333
"4264",0.143333333333333
"4265",0.143333333333333
"4266",0.143333333333333
"4267",0.143333333333333
"4268",0.143333333333333
"4269",0.143333333333333
"4270",0.143333333333333
"4271",0.143333333333333
"4272",0.143333333333333
"4273",0.143333333333333
"4274",0.143333333333333
"4275",0.143333333333333
"4276",0.141666666666667
"4277",0.143333333333333
"4278",0.143333333333333
"4279",0.14
"4280",0.14
"4281",0.14
"4282",0.14
"4283",0.143333333333333
"4284",0.14
"4285",0.14
"4286",0.14
"4287",0.14
"4288",0.14
"4289",0.14
"4290",0.14
"4291",0.14
"4292",0.14
"4293",0.14
"4294",0.14
"4295",0.14
"4296",0.14
"4297",0.14
"4298",0.14
"4299",0.14
"4300",0.14
"4301",0.14
"4302",0.14
"4303",0.14
"4304",0.14
"4305",0.14
"4306",0.14
"4307",0.138333333333333
"4308",0.14
"4309",0.14
"4310",0.14
"4311",0.14
"4312",0.14
"4313",0.14
"4314",0.143333333333333
"4315",0.14
"4316",0.14
"4317",0.14
"4318",0.14
"4319",0.14
"4320",0.14
"4321",0.14
"4322",0.14
"4323",0.14
"4324",0.14
"4325",0.14
"4326",0.14
"4327",0.14
"4328",0.14
"4329",0.14
"4330",0.14
"4331",0.14
"4332",0.14
"4333",0.14
"4334",0.14
"4335",0.14
"4336",0.14
"4337",0.14
"4338",0.138333333333333
"4339",0.14
"4340",0.14
"4341",0.143333333333333
"4342",0.143333333333333
"4343",0.143333333333333
"4344",0.143333333333333
"4345",0.146666666666667
"4346",0.143333333333333
"4347",0.143333333333333
"4348",0.143333333333333
"4349",0.143333333333333
"4350",0.143333333333333
"4351",0.143333333333333
"4352",0.143333333333333
"4353",0.143333333333333
"4354",0.143333333333333
"4355",0.143333333333333
"4356",0.143333333333333
"4357",0.143333333333333
"4358",0.143333333333333
"4359",0.143333333333333
"4360",0.143333333333333
"4361",0.143333333333333
"4362",0.143333333333333
"4363",0.143333333333333
"4364",0.143333333333333
"4365",0.143333333333333
"4366",0.143333333333333
"4367",0.143333333333333
"4368",0.143333333333333
"4369",0.141666666666667
"4370",0.143333333333333
"4371",0.143333333333333
"4372",0.14
"4373",0.14
"4374",0.14
"4375",0.14
"4376",0.143333333333333
"4377",0.14
"4378",0.14
"4379",0.14
"4380",0.14
"4381",0.14
"4382",0.14
"4383",0.14
"4384",0.14
"4385",0.14
"4386",0.14
"4387",0.14
"4388",0.14
"4389",0.14
"4390",0.14
"4391",0.14
"4392",0.14
"4393",0.14
"4394",0.14
"4395",0.14
"4396",0.14
"4397",0.14
"4398",0.14
"4399",0.14
"4400",0.138333333333333
"4401",0.14
"4402",0.14
"4403",0.138333333333333
"4404",0.138333333333333
"4405",0.138333333333333
"4406",0.138333333333333
"4407",0.141666666666667
"4408",0.138333333333333
"4409",0.138333333333333
"4410",0.138333333333333
"4411",0.138333333333333
"4412",0.138333333333333
"4413",0.138333333333333
"4414",0.138333333333333
"4415",0.138333333333333
"4416",0.138333333333333
"4417",0.138333333333333
"4418",0.138333333333333
"4419",0.138333333333333
"4420",0.138333333333333
"4421",0.138333333333333
"4422",0.138333333333333
"4423",0.138333333333333
"4424",0.138333333333333
"4425",0.138333333333333
"4426",0.138333333333333
"4427",0.138333333333333
"4428",0.138333333333333
"4429",0.138333333333333
"4430",0.138333333333333
"4431",0.136666666666667
"4432",0.138333333333333
"4433",0.138333333333333
"4434",0.143333333333333
"4435",0.143333333333333
"4436",0.143333333333333
"4437",0.143333333333333
"4438",0.146666666666667
"4439",0.143333333333333
"4440",0.143333333333333
"4441",0.143333333333333
"4442",0.143333333333333
"4443",0.143333333333333
"4444",0.143333333333333
"4445",0.143333333333333
"4446",0.143333333333333
"4447",0.143333333333333
"4448",0.143333333333333
"4449",0.143333333333333
"4450",0.143333333333333
"4451",0.143333333333333
"4452",0.143333333333333
"4453",0.143333333333333
"4454",0.143333333333333
"4455",0.143333333333333
"4456",0.143333333333333
"4457",0.143333333333333
"4458",0.143333333333333
"4459",0.143333333333333
"4460",0.143333333333333
"4461",0.143333333333333
"4462",0.141666666666667
"4463",0.143333333333333
"4464",0.143333333333333
"4465",0.131666666666667
"4466",0.131666666666667
"4467",0.131666666666667
"4468",0.131666666666667
"4469",0.135
"4470",0.131666666666667
"4471",0.131666666666667
"4472",0.131666666666667
"4473",0.131666666666667
"4474",0.131666666666667
"4475",0.131666666666667
"4476",0.131666666666667
"4477",0.131666666666667
"4478",0.131666666666667
"4479",0.131666666666667
"4480",0.131666666666667
"4481",0.131666666666667
"4482",0.131666666666667
"4483",0.131666666666667
"4484",0.131666666666667
"4485",0.131666666666667
"4486",0.131666666666667
"4487",0.131666666666667
"4488",0.131666666666667
"4489",0.131666666666667
"4490",0.131666666666667
"4491",0.131666666666667
"4492",0.131666666666667
"4493",0.131666666666667
"4494",0.131666666666667
"4495",0.131666666666667
"4496",0.135
"4497",0.135
"4498",0.135
"4499",0.135
"4500",0.138333333333333
"4501",0.135
"4502",0.135
"4503",0.135
"4504",0.135
"4505",0.135
"4506",0.135
"4507",0.135
"4508",0.135
"4509",0.135
"4510",0.135
"4511",0.135
"4512",0.135
"4513",0.135
"4514",0.135
"4515",0.135
"4516",0.135
"4517",0.135
"4518",0.135
"4519",0.135
"4520",0.135
"4521",0.135
"4522",0.135
"4523",0.135
"4524",0.133333333333333
"4525",0.135
"4526",0.135
"4527",0.135
"4528",0.135
"4529",0.135
"4530",0.135
"4531",0.138333333333333
"4532",0.135
"4533",0.135
"4534",0.135
"4535",0.135
"4536",0.135
"4537",0.135
"4538",0.135
"4539",0.135
"4540",0.135
"4541",0.135
"4542",0.135
"4543",0.135
"4544",0.135
"4545",0.135
"4546",0.135
"4547",0.135
"4548",0.135
"4549",0.135
"4550",0.135
"4551",0.135
"4552",0.135
"4553",0.135
"4554",0.135
"4555",0.133333333333333
"4556",0.135
"4557",0.135
"4558",0.133333333333333
"4559",0.133333333333333
"4560",0.133333333333333
"4561",0.133333333333333
"4562",0.136666666666667
"4563",0.133333333333333
"4564",0.133333333333333
"4565",0.133333333333333
"4566",0.133333333333333
"4567",0.133333333333333
"4568",0.133333333333333
"4569",0.133333333333333
"4570",0.133333333333333
"4571",0.133333333333333
"4572",0.133333333333333
"4573",0.133333333333333
"4574",0.133333333333333
"4575",0.133333333333333
"4576",0.133333333333333
"4577",0.133333333333333
"4578",0.133333333333333
"4579",0.133333333333333
"4580",0.133333333333333
"4581",0.133333333333333
"4582",0.133333333333333
"4583",0.133333333333333
"4584",0.133333333333333
"4585",0.133333333333333
"4586",0.131666666666667
"4587",0.133333333333333
"4588",0.133333333333333
"4589",0.135
"4590",0.135
"4591",0.135
"4592",0.135
"4593",0.138333333333333
"4594",0.135
"4595",0.135
"4596",0.135
"4597",0.135
"4598",0.135
"4599",0.135
"4600",0.135
"4601",0.135
"4602",0.135
"4603",0.135
"4604",0.135
"4605",0.135
"4606",0.135
"4607",0.135
"4608",0.135
"4609",0.135
"4610",0.135
"4611",0.135
"4612",0.135
"4613",0.135
"4614",0.135
"4615",0.135
"4616",0.135
"4617",0.135
"4618",0.135
"4619",0.135
"4620",0.135
"4621",0.135
"4622",0.135
"4623",0.135
"4624",0.138333333333333
"4625",0.135
"4626",0.135
"4627",0.135
"4628",0.135
"4629",0.135
"4630",0.135
"4631",0.135
"4632",0.135
"4633",0.135
"4634",0.135
"4635",0.135
"4636",0.135
"4637",0.135
"4638",0.135
"4639",0.135
"4640",0.135
"4641",0.135
"4642",0.135
"4643",0.135
"4644",0.135
"4645",0.135
"4646",0.135
"4647",0.135
"4648",0.135
"4649",0.135
"4650",0.135
"4651",0.131666666666667
"4652",0.131666666666667
"4653",0.131666666666667
"4654",0.131666666666667
"4655",0.135
"4656",0.131666666666667
"4657",0.131666666666667
"4658",0.131666666666667
"4659",0.131666666666667
"4660",0.131666666666667
"4661",0.131666666666667
"4662",0.131666666666667
"4663",0.131666666666667
"4664",0.131666666666667
"4665",0.131666666666667
"4666",0.131666666666667
"4667",0.131666666666667
"4668",0.131666666666667
"4669",0.131666666666667
"4670",0.131666666666667
"4671",0.131666666666667
"4672",0.131666666666667
"4673",0.131666666666667
"4674",0.131666666666667
"4675",0.131666666666667
"4676",0.131666666666667
"4677",0.131666666666667
"4678",0.131666666666667
"4679",0.131666666666667
"4680",0.131666666666667
"4681",0.131666666666667
"4682",0.131666666666667
"4683",0.131666666666667
"4684",0.131666666666667
"4685",0.131666666666667
"4686",0.135
"4687",0.131666666666667
"4688",0.131666666666667
"4689",0.131666666666667
"4690",0.131666666666667
"4691",0.131666666666667
"4692",0.131666666666667
"4693",0.131666666666667
"4694",0.131666666666667
"4695",0.131666666666667
"4696",0.131666666666667
"4697",0.131666666666667
"4698",0.131666666666667
"4699",0.131666666666667
"4700",0.131666666666667
"4701",0.131666666666667
"4702",0.131666666666667
"4703",0.131666666666667
"4704",0.131666666666667
"4705",0.131666666666667
"4706",0.131666666666667
"4707",0.131666666666667
"4708",0.131666666666667
"4709",0.131666666666667
"4710",0.13
"4711",0.131666666666667
"4712",0.131666666666667
"4713",0.136666666666667
"4714",0.136666666666667
"4715",0.136666666666667
"4716",0.136666666666667
"4717",0.14
"4718",0.136666666666667
"4719",0.136666666666667
"4720",0.136666666666667
"4721",0.136666666666667
"4722",0.136666666666667
"4723",0.136666666666667
"4724",0.136666666666667
"4725",0.136666666666667
"4726",0.136666666666667
"4727",0.136666666666667
"4728",0.136666666666667
"4729",0.136666666666667
"4730",0.136666666666667
"4731",0.136666666666667
"4732",0.136666666666667
"4733",0.136666666666667
"4734",0.136666666666667
"4735",0.136666666666667
"4736",0.136666666666667
"4737",0.136666666666667
"4738",0.136666666666667
"4739",0.136666666666667
"4740",0.136666666666667
"4741",0.135
"4742",0.136666666666667
"4743",0.136666666666667
"4744",0.131666666666667
"4745",0.131666666666667
"4746",0.131666666666667
"4747",0.131666666666667
"4748",0.135
"4749",0.131666666666667
"4750",0.131666666666667
"4751",0.131666666666667
"4752",0.131666666666667
"4753",0.131666666666667
"4754",0.131666666666667
"4755",0.131666666666667
"4756",0.131666666666667
"4757",0.131666666666667
"4758",0.131666666666667
"4759",0.131666666666667
"4760",0.131666666666667
"4761",0.131666666666667
"4762",0.131666666666667
"4763",0.131666666666667
"4764",0.131666666666667
"4765",0.131666666666667
"4766",0.131666666666667
"4767",0.131666666666667
"4768",0.131666666666667
"4769",0.131666666666667
"4770",0.131666666666667
"4771",0.131666666666667
"4772",0.131666666666667
"4773",0.131666666666667
"4774",0.131666666666667
"4775",0.131666666666667
"4776",0.131666666666667
"4777",0.131666666666667
"4778",0.131666666666667
"4779",0.135
"4780",0.131666666666667
"4781",0.131666666666667
"4782",0.131666666666667
"4783",0.131666666666667
"4784",0.131666666666667
"4785",0.131666666666667
"4786",0.131666666666667
"4787",0.131666666666667
"4788",0.131666666666667
"4789",0.131666666666667
"4790",0.131666666666667
"4791",0.131666666666667
"4792",0.131666666666667
"4793",0.131666666666667
"4794",0.131666666666667
"4795",0.131666666666667
"4796",0.131666666666667
"4797",0.131666666666667
"4798",0.131666666666667
"4799",0.131666666666667
"4800",0.131666666666667
"4801",0.131666666666667
"4802",0.131666666666667
"4803",0.131666666666667
"4804",0.131666666666667
"4805",0.131666666666667
"4806",0.131666666666667
"4807",0.131666666666667
"4808",0.131666666666667
"4809",0.131666666666667
"4810",0.135
"4811",0.131666666666667
"4812",0.131666666666667
"4813",0.131666666666667
"4814",0.131666666666667
"4815",0.131666666666667
"4816",0.131666666666667
"4817",0.131666666666667
"4818",0.131666666666667
"4819",0.131666666666667
"4820",0.131666666666667
"4821",0.131666666666667
"4822",0.131666666666667
"4823",0.131666666666667
"4824",0.131666666666667
"4825",0.131666666666667
"4826",0.131666666666667
"4827",0.131666666666667
"4828",0.131666666666667
"4829",0.131666666666667
"4830",0.131666666666667
"4831",0.131666666666667
"4832",0.131666666666667
"4833",0.131666666666667
"4834",0.131666666666667
"4835",0.131666666666667
"4836",0.131666666666667
"4837",0.13
"4838",0.13
"4839",0.13
"4840",0.13
"4841",0.133333333333333
"4842",0.13
"4843",0.13
"4844",0.13
"4845",0.13
"4846",0.13
"4847",0.13
"4848",0.13
"4849",0.13
"4850",0.13
"4851",0.13
"4852",0.13
"4853",0.13
"4854",0.13
"4855",0.13
"4856",0.13
"4857",0.13
"4858",0.13
"4859",0.13
"4860",0.13
"4861",0.13
"4862",0.13
"4863",0.13
"4864",0.13
"4865",0.128333333333333
"4866",0.13
"4867",0.13
"4868",0.13
"4869",0.13
"4870",0.13
"4871",0.13
"4872",0.133333333333333
"4873",0.13
"4874",0.13
"4875",0.13
"4876",0.13
"4877",0.13
"4878",0.13
"4879",0.13
"4880",0.13
"4881",0.13
"4882",0.13
"4883",0.13
"4884",0.13
"4885",0.13
"4886",0.13
"4887",0.13
"4888",0.13
"4889",0.13
"4890",0.13
"4891",0.13
"4892",0.13
"4893",0.13
"4894",0.13
"4895",0.13
"4896",0.128333333333333
"4897",0.13
"4898",0.13
"4899",0.131666666666667
"4900",0.131666666666667
"4901",0.131666666666667
"4902",0.131666666666667
"4903",0.135
"4904",0.131666666666667
"4905",0.131666666666667
"4906",0.131666666666667
"4907",0.131666666666667
"4908",0.131666666666667
"4909",0.131666666666667
"4910",0.131666666666667
"4911",0.131666666666667
"4912",0.131666666666667
"4913",0.131666666666667
"4914",0.131666666666667
"4915",0.131666666666667
"4916",0.131666666666667
"4917",0.131666666666667
"4918",0.131666666666667
"4919",0.131666666666667
"4920",0.131666666666667
"4921",0.131666666666667
"4922",0.131666666666667
"4923",0.131666666666667
"4924",0.131666666666667
"4925",0.131666666666667
"4926",0.131666666666667
"4927",0.131666666666667
"4928",0.131666666666667
"4929",0.131666666666667
"4930",0.13
"4931",0.13
"4932",0.13
"4933",0.13
"4934",0.133333333333333
"4935",0.13
"4936",0.13
"4937",0.13
"4938",0.13
"4939",0.13
"4940",0.13
"4941",0.13
"4942",0.13
"4943",0.13
"4944",0.13
"4945",0.13
"4946",0.13
"4947",0.13
"4948",0.13
"4949",0.13
"4950",0.13
"4951",0.13
"4952",0.13
"4953",0.13
"4954",0.13
"4955",0.13
"4956",0.13
"4957",0.13
"4958",0.13
"4959",0.13
"4960",0.13
"4961",0.1
"4962",0.1
"4963",0.1
"4964",0.1
"4965",0.103333333333333
"4966",0.1
"4967",0.1
"4968",0.1
"4969",0.1
"4970",0.1
"4971",0.1
"4972",0.1
"4973",0.1
"4974",0.1
"4975",0.1
"4976",0.1
"4977",0.1
"4978",0.1
"4979",0.1
"4980",0.1
"4981",0.1
"4982",0.1
"4983",0.1
"4984",0.1
"4985",0.1
"4986",0.1
"4987",0.1
"4988",0.1
"4989",0.101666666666667
"4990",0.1
"4991",0.1
"4992",0.1
"4993",0.1
"4994",0.1
"4995",0.1
"4996",0.103333333333333
"4997",0.1
"4998",0.1
"4999",0.1
"5000",0.1
"5001",0.1
"5002",0.1
"5003",0.1
"5004",0.1
"5005",0.1
"5006",0.1
"5007",0.1
"5008",0.1
"5009",0.1
"5010",0.1
"5011",0.1
"5012",0.1
"5013",0.1
"5014",0.1
"5015",0.1
"5016",0.1
"5017",0.1
"5018",0.1
"5019",0.1
"5020",0.101666666666667
"5021",0.1
"5022",0.1
"5023",0.1
"5024",0.1
"5025",0.1
"5026",0.1
"5027",0.103333333333333
"5028",0.1
"5029",0.1
"5030",0.1
"5031",0.1
"5032",0.1
"5033",0.1
"5034",0.1
"5035",0.1
"5036",0.1
"5037",0.1
"5038",0.1
"5039",0.1
"5040",0.1
"5041",0.1
"5042",0.1
"5043",0.1
"5044",0.1
"5045",0.1
"5046",0.1
"5047",0.1
"5048",0.1
"5049",0.1
"5050",0.1
"5051",0.101666666666667
"5052",0.1
"5053",0.1
"5054",0.1
"5055",0.1
"5056",0.1
"5057",0.1
"5058",0.103333333333333
"5059",0.1
"5060",0.1
"5061",0.1
"5062",0.1
"5063",0.1
"5064",0.1
"5065",0.1
"5066",0.1
"5067",0.1
"5068",0.1
"5069",0.1
"5070",0.1
"5071",0.1
"5072",0.1
"5073",0.1
"5074",0.1
"5075",0.1
"5076",0.1
"5077",0.1
"5078",0.1
"5079",0.1
"5080",0.1
"5081",0.1
"5082",0.101666666666667
"5083",0.1
"5084",0.1
"5085",0.113333333333333
"5086",0.113333333333333
"5087",0.113333333333333
"5088",0.113333333333333
"5089",0.113333333333333
"5090",0.113333333333333
"5091",0.113333333333333
"5092",0.113333333333333
"5093",0.113333333333333
"5094",0.111666666666667
"5095",0.113333333333333
"5096",0.113333333333333
"5097",0.113333333333333
"5098",0.113333333333333
"5099",0.113333333333333
"5100",0.113333333333333
"5101",0.113333333333333
"5102",0.113333333333333
"5103",0.113333333333333
"5104",0.113333333333333
"5105",0.113333333333333
"5106",0.111666666666667
"5107",0.113333333333333
"5108",0.113333333333333
"5109",0.13
"5110",0.13
"5111",0.13
"5112",0.13
"5113",0.13
"5114",0.13
"5115",0.13
"5116",0.13
"5117",0.13
"5118",0.128333333333333
"5119",0.13
"5120",0.13
"5121",0.131666666666667
"5122",0.131666666666667
"5123",0.131666666666667
"5124",0.131666666666667
"5125",0.131666666666667
"5126",0.131666666666667
"5127",0.131666666666667
"5128",0.131666666666667
"5129",0.131666666666667
"5130",0.13
"5131",0.131666666666667
"5132",0.131666666666667
"5133",0.13
"5134",0.13
"5135",0.13
"5136",0.13
"5137",0.13
"5138",0.13
"5139",0.13
"5140",0.13
"5141",0.13
"5142",0.128333333333333
"5143",0.13
"5144",0.13
"5145",0.13
"5146",0.13
"5147",0.13
"5148",0.13
"5149",0.13
"5150",0.13
"5151",0.13
"5152",0.13
"5153",0.13
"5154",0.128333333333333
"5155",0.13
"5156",0.13
"5157",0.13
"5158",0.13
"5159",0.13
"5160",0.13
"5161",0.13
"5162",0.13
"5163",0.13
"5164",0.13
"5165",0.13
"5166",0.128333333333333
"5167",0.13
"5168",0.13
"5169",0.128333333333333
"5170",0.128333333333333
"5171",0.128333333333333
"5172",0.128333333333333
"5173",0.128333333333333
"5174",0.128333333333333
"5175",0.128333333333333
"5176",0.128333333333333
"5177",0.128333333333333
"5178",0.126666666666667
"5179",0.128333333333333
"5180",0.128333333333333
"5181",0.13
"5182",0.13
"5183",0.13
"5184",0.13
"5185",0.13
"5186",0.13
"5187",0.13
"5188",0.13
"5189",0.13
"5190",0.128333333333333
"5191",0.13
"5192",0.13
"5193",0.126666666666667
"5194",0.126666666666667
"5195",0.126666666666667
"5196",0.126666666666667
"5197",0.126666666666667
"5198",0.126666666666667
"5199",0.126666666666667
"5200",0.126666666666667
"5201",0.126666666666667
"5202",0.125
"5203",0.126666666666667
"5204",0.126666666666667
"5205",0.106666666666667
"5206",0.106666666666667
"5207",0.106666666666667
"5208",0.106666666666667
"5209",0.106666666666667
"5210",0.106666666666667
"5211",0.106666666666667
"5212",0.106666666666667
"5213",0.106666666666667
"5214",0.108333333333333
"5215",0.106666666666667
"5216",0.106666666666667
"5217",0.108333333333333
"5218",0.108333333333333
"5219",0.108333333333333
"5220",0.108333333333333
"5221",0.108333333333333
"5222",0.108333333333333
"5223",0.108333333333333
"5224",0.108333333333333
"5225",0.108333333333333
"5226",0.11
"5227",0.108333333333333
"5228",0.108333333333333
"5229",0.106666666666667
"5230",0.106666666666667
"5231",0.106666666666667
"5232",0.106666666666667
"5233",0.106666666666667
"5234",0.106666666666667
"5235",0.106666666666667
"5236",0.106666666666667
"5237",0.106666666666667
"5238",0.108333333333333
"5239",0.106666666666667
"5240",0.106666666666667
"5241",0.105
"5242",0.105
"5243",0.105
"5244",0.105
"5245",0.105
"5246",0.105
"5247",0.105
"5248",0.105
"5249",0.105
"5250",0.106666666666667
"5251",0.105
"5252",0.105
"5253",0.106666666666667
"5254",0.106666666666667
"5255",0.106666666666667
"5256",0.106666666666667
"5257",0.106666666666667
"5258",0.106666666666667
"5259",0.106666666666667
"5260",0.106666666666667
"5261",0.106666666666667
"5262",0.108333333333333
"5263",0.106666666666667
"5264",0.106666666666667
"5265",0.106666666666667
"5266",0.106666666666667
"5267",0.106666666666667
"5268",0.106666666666667
"5269",0.106666666666667
"5270",0.106666666666667
"5271",0.106666666666667
"5272",0.106666666666667
"5273",0.106666666666667
"5274",0.108333333333333
"5275",0.106666666666667
"5276",0.106666666666667
"5277",0.106666666666667
"5278",0.106666666666667
"5279",0.106666666666667
"5280",0.106666666666667
"5281",0.106666666666667
"5282",0.106666666666667
"5283",0.106666666666667
"5284",0.106666666666667
"5285",0.106666666666667
"5286",0.108333333333333
"5287",0.106666666666667
"5288",0.106666666666667
"5289",0.125
"5290",0.125
"5291",0.125
"5292",0.125
"5293",0.125
"5294",0.125
"5295",0.125
"5296",0.125
"5297",0.125
"5298",0.123333333333333
"5299",0.125
"5300",0.125
"5301",0.125
"5302",0.125
"5303",0.125
"5304",0.125
"5305",0.125
"5306",0.125
"5307",0.125
"5308",0.125
"5309",0.125
"5310",0.123333333333333
"5311",0.125
"5312",0.125
"5313",0.126666666666667
"5314",0.126666666666667
"5315",0.126666666666667
"5316",0.126666666666667
"5317",0.126666666666667
"5318",0.126666666666667
"5319",0.126666666666667
"5320",0.126666666666667
"5321",0.126666666666667
"5322",0.125
"5323",0.126666666666667
"5324",0.126666666666667
"5325",0.12
"5326",0.12
"5327",0.12
"5328",0.12
"5329",0.12
"5330",0.12
"5331",0.12
"5332",0.12
"5333",0.12
"5334",0.118333333333333
"5335",0.12
"5336",0.12
"5337",0.12
"5338",0.12
"5339",0.12
"5340",0.12
"5341",0.12
"5342",0.12
"5343",0.12
"5344",0.12
"5345",0.12
"5346",0.118333333333333
"5347",0.12
"5348",0.12
"5349",0.118333333333333
"5350",0.118333333333333
"5351",0.118333333333333
"5352",0.118333333333333
"5353",0.118333333333333
"5354",0.118333333333333
"5355",0.118333333333333
"5356",0.118333333333333
"5357",0.118333333333333
"5358",0.116666666666667
"5359",0.118333333333333
"5360",0.118333333333333
"5361",0.123333333333333
"5362",0.123333333333333
"5363",0.123333333333333
"5364",0.123333333333333
"5365",0.123333333333333
"5366",0.123333333333333
"5367",0.123333333333333
"5368",0.123333333333333
"5369",0.123333333333333
"5370",0.121666666666667
"5371",0.123333333333333
"5372",0.123333333333333
"5373",0.116666666666667
"5374",0.116666666666667
"5375",0.116666666666667
"5376",0.116666666666667
"5377",0.116666666666667
"5378",0.116666666666667
"5379",0.116666666666667
"5380",0.116666666666667
"5381",0.116666666666667
"5382",0.115
"5383",0.116666666666667
"5384",0.116666666666667
"5385",0.12
"5386",0.12
"5387",0.12
"5388",0.12
"5389",0.12
"5390",0.12
"5391",0.12
"5392",0.12
"5393",0.12
"5394",0.118333333333333
"5395",0.12
"5396",0.12
"5397",0.12
"5398",0.12
"5399",0.12
"5400",0.12
"5401",0.12
"5402",0.12
"5403",0.12
"5404",0.12
"5405",0.12
"5406",0.118333333333333
"5407",0.12
"5408",0.12
"5409",0.118333333333333
"5410",0.118333333333333
"5411",0.118333333333333
"5412",0.118333333333333
"5413",0.118333333333333
"5414",0.118333333333333
"5415",0.118333333333333
"5416",0.118333333333333
"5417",0.118333333333333
"5418",0.116666666666667
"5419",0.118333333333333
"5420",0.118333333333333
"5421",0.12
"5422",0.12
"5423",0.12
"5424",0.12
"5425",0.12
"5426",0.12
"5427",0.12
"5428",0.12
"5429",0.12
"5430",0.118333333333333
"5431",0.12
"5432",0.12
"5433",0.116666666666667
"5434",0.116666666666667
"5435",0.116666666666667
"5436",0.116666666666667
"5437",0.116666666666667
"5438",0.116666666666667
"5439",0.116666666666667
"5440",0.116666666666667
"5441",0.116666666666667
"5442",0.115
"5443",0.116666666666667
"5444",0.116666666666667
"5445",0.118333333333333
"5446",0.118333333333333
"5447",0.118333333333333
"5448",0.118333333333333
"5449",0.118333333333333
"5450",0.118333333333333
"5451",0.118333333333333
"5452",0.118333333333333
"5453",0.118333333333333
"5454",0.116666666666667
"5455",0.118333333333333
"5456",0.118333333333333
"5457",0.118333333333333
"5458",0.118333333333333
"5459",0.118333333333333
"5460",0.118333333333333
"5461",0.118333333333333
"5462",0.118333333333333
"5463",0.118333333333333
"5464",0.118333333333333
"5465",0.118333333333333
"5466",0.116666666666667
"5467",0.118333333333333
"5468",0.118333333333333
"5469",0.12
"5470",0.12
"5471",0.12
"5472",0.12
"5473",0.12
"5474",0.12
"5475",0.12
"5476",0.12
"5477",0.12
"5478",0.118333333333333
"5479",0.12
"5480",0.12
"5481",0.12
"5482",0.12
"5483",0.12
"5484",0.12
"5485",0.12
"5486",0.12
"5487",0.12
"5488",0.12
"5489",0.12
"5490",0.118333333333333
"5491",0.12
"5492",0.12
"5493",0.118333333333333
"5494",0.118333333333333
"5495",0.118333333333333
"5496",0.118333333333333
"5497",0.118333333333333
"5498",0.118333333333333
"5499",0.118333333333333
"5500",0.118333333333333
"5501",0.118333333333333
"5502",0.116666666666667
"5503",0.118333333333333
"5504",0.118333333333333
"5505",0.116666666666667
"5506",0.116666666666667
"5507",0.116666666666667
"5508",0.116666666666667
"5509",0.116666666666667
"5510",0.116666666666667
"5511",0.116666666666667
"5512",0.116666666666667
"5513",0.116666666666667
"5514",0.115
"5515",0.116666666666667
"5516",0.116666666666667
"5517",0.12
"5518",0.12
"5519",0.12
"5520",0.12
"5521",0.12
"5522",0.12
"5523",0.12
"5524",0.12
"5525",0.12
"5526",0.118333333333333
"5527",0.12
"5528",0.12
"5529",0.116666666666667
"5530",0.116666666666667
"5531",0.116666666666667
"5532",0.116666666666667
"5533",0.116666666666667
"5534",0.116666666666667
"5535",0.116666666666667
"5536",0.116666666666667
"5537",0.116666666666667
"5538",0.115
"5539",0.116666666666667
"5540",0.116666666666667
"5541",0.116666666666667
"5542",0.116666666666667
"5543",0.116666666666667
"5544",0.116666666666667
"5545",0.116666666666667
"5546",0.116666666666667
"5547",0.116666666666667
"5548",0.116666666666667
"5549",0.116666666666667
"5550",0.115
"5551",0.116666666666667
"5552",0.116666666666667
"5553",0.118333333333333
"5554",0.118333333333333
"5555",0.118333333333333
"5556",0.118333333333333
"5557",0.118333333333333
"5558",0.118333333333333
"5559",0.118333333333333
"5560",0.118333333333333
"5561",0.118333333333333
"5562",0.116666666666667
"5563",0.118333333333333
"5564",0.118333333333333
"5565",0.12
"5566",0.12
"5567",0.12
"5568",0.12
"5569",0.12
"5570",0.12
"5571",0.12
"5572",0.12
"5573",0.12
"5574",0.118333333333333
"5575",0.12
"5576",0.12
"5577",0.116666666666667
"5578",0.116666666666667
"5579",0.116666666666667
"5580",0.116666666666667
"5581",0.116666666666667
"5582",0.116666666666667
"5583",0.116666666666667
"5584",0.116666666666667
"5585",0.116666666666667
"5586",0.115
"5587",0.116666666666667
"5588",0.116666666666667
"5589",0.118333333333333
"5590",0.118333333333333
"5591",0.118333333333333
"5592",0.118333333333333
"5593",0.118333333333333
"5594",0.118333333333333
"5595",0.118333333333333
"5596",0.118333333333333
"5597",0.118333333333333
"5598",0.116666666666667
"5599",0.118333333333333
"5600",0.118333333333333
"5601",0.118333333333333
"5602",0.118333333333333
"5603",0.118333333333333
"5604",0.118333333333333
"5605",0.118333333333333
"5606",0.118333333333333
"5607",0.118333333333333
"5608",0.118333333333333
"5609",0.118333333333333
"5610",0.116666666666667
"5611",0.118333333333333
"5612",0.118333333333333
"5613",0.118333333333333
"5614",0.118333333333333
"5615",0.118333333333333
"5616",0.118333333333333
"5617",0.118333333333333
"5618",0.118333333333333
"5619",0.118333333333333
"5620",0.118333333333333
"5621",0.118333333333333
"5622",0.116666666666667
"5623",0.118333333333333
"5624",0.118333333333333
"5625",0.123333333333333
"5626",0.123333333333333
"5627",0.123333333333333
"5628",0.123333333333333
"5629",0.123333333333333
"5630",0.123333333333333
"5631",0.123333333333333
"5632",0.123333333333333
"5633",0.123333333333333
"5634",0.123333333333333
"5635",0.123333333333333
"5636",0.123333333333333
"5637",0.133333333333333
"5638",0.133333333333333
"5639",0.133333333333333
"5640",0.133333333333333
"5641",0.133333333333333
"5642",0.133333333333333
"5643",0.133333333333333
"5644",0.133333333333333
"5645",0.133333333333333
"5646",0.131666666666667
"5647",0.133333333333333
"5648",0.133333333333333
"5649",0.13
"5650",0.13
"5651",0.13
"5652",0.13
"5653",0.13
"5654",0.13
"5655",0.13
"5656",0.13
"5657",0.13
"5658",0.128333333333333
"5659",0.13
"5660",0.13
"5661",0.133333333333333
"5662",0.133333333333333
"5663",0.133333333333333
"5664",0.133333333333333
"5665",0.133333333333333
"5666",0.133333333333333
"5667",0.133333333333333
"5668",0.133333333333333
"5669",0.133333333333333
"5670",0.133333333333333
"5671",0.133333333333333
"5672",0.133333333333333
"5673",0.131666666666667
"5674",0.131666666666667
"5675",0.131666666666667
"5676",0.131666666666667
"5677",0.131666666666667
"5678",0.131666666666667
"5679",0.131666666666667
"5680",0.131666666666667
"5681",0.131666666666667
"5682",0.13
"5683",0.131666666666667
"5684",0.131666666666667
"5685",0.131666666666667
"5686",0.131666666666667
"5687",0.131666666666667
"5688",0.131666666666667
"5689",0.131666666666667
"5690",0.131666666666667
"5691",0.131666666666667
"5692",0.131666666666667
"5693",0.131666666666667
"5694",0.13
"5695",0.131666666666667
"5696",0.131666666666667
"5697",0.13
"5698",0.13
"5699",0.13
"5700",0.13
"5701",0.13
"5702",0.13
"5703",0.13
"5704",0.13
"5705",0.13
"5706",0.128333333333333
"5707",0.13
"5708",0.13
"5709",0.131666666666667
"5710",0.131666666666667
"5711",0.131666666666667
"5712",0.131666666666667
"5713",0.131666666666667
"5714",0.131666666666667
"5715",0.131666666666667
"5716",0.131666666666667
"5717",0.131666666666667
"5718",0.13
"5719",0.131666666666667
"5720",0.131666666666667
"5721",0.133333333333333
"5722",0.133333333333333
"5723",0.133333333333333
"5724",0.133333333333333
"5725",0.133333333333333
"5726",0.133333333333333
"5727",0.133333333333333
"5728",0.133333333333333
"5729",0.133333333333333
"5730",0.131666666666667
"5731",0.133333333333333
"5732",0.133333333333333
"5733",0.133333333333333
"5734",0.133333333333333
"5735",0.133333333333333
"5736",0.133333333333333
"5737",0.133333333333333
"5738",0.133333333333333
"5739",0.133333333333333
"5740",0.133333333333333
"5741",0.133333333333333
"5742",0.131666666666667
"5743",0.133333333333333
"5744",0.133333333333333
"5745",0.131666666666667
"5746",0.131666666666667
"5747",0.131666666666667
"5748",0.131666666666667
"5749",0.131666666666667
"5750",0.131666666666667
"5751",0.131666666666667
"5752",0.131666666666667
"5753",0.131666666666667
"5754",0.13
"5755",0.131666666666667
"5756",0.131666666666667
"5757",0.131666666666667
"5758",0.131666666666667
"5759",0.131666666666667
"5760",0.131666666666667
"5761",0.131666666666667
"5762",0.131666666666667
"5763",0.131666666666667
"5764",0.131666666666667
"5765",0.131666666666667
"5766",0.13
"5767",0.131666666666667
"5768",0.131666666666667
"5769",0.131666666666667
"5770",0.131666666666667
"5771",0.131666666666667
"5772",0.131666666666667
"5773",0.131666666666667
"5774",0.131666666666667
"5775",0.131666666666667
"5776",0.131666666666667
"5777",0.131666666666667
"5778",0.13
"5779",0.131666666666667
"5780",0.131666666666667
"5781",0.0983333333333333
"5782",0.0983333333333333
"5783",0.0983333333333333
"5784",0.0983333333333333
"5785",0.0983333333333333
"5786",0.0983333333333333
"5787",0.0983333333333333
"5788",0.0983333333333333
"5789",0.0983333333333333
"5790",0.1
"5791",0.0983333333333333
"5792",0.0983333333333333
"5793",0.0983333333333333
"5794",0.0983333333333333
"5795",0.0983333333333333
"5796",0.0983333333333333
"5797",0.0983333333333333
"5798",0.0983333333333333
"5799",0.0983333333333333
"5800",0.0983333333333333
"5801",0.0983333333333333
"5802",0.1
"5803",0.0983333333333333
"5804",0.0983333333333333
"5805",0.0983333333333333
"5806",0.0983333333333333
"5807",0.0983333333333333
"5808",0.0983333333333333
"5809",0.0983333333333333
"5810",0.0983333333333333
"5811",0.0983333333333333
"5812",0.0983333333333333
"5813",0.0983333333333333
"5814",0.1
"5815",0.0983333333333333
"5816",0.0983333333333333
"5817",0.11
"5818",0.11
"5819",0.11
"5820",0.11
"5821",0.11
"5822",0.11
"5823",0.11
"5824",0.11
"5825",0.11
"5826",0.111666666666667
"5827",0.11
"5828",0.11
"5829",0.11
"5830",0.11
"5831",0.11
"5832",0.11
"5833",0.11
"5834",0.11
"5835",0.11
"5836",0.11
"5837",0.11
"5838",0.111666666666667
"5839",0.11
"5840",0.11
"5841",0.113333333333333
"5842",0.113333333333333
"5843",0.113333333333333
"5844",0.113333333333333
"5845",0.113333333333333
"5846",0.113333333333333
"5847",0.113333333333333
"5848",0.113333333333333
"5849",0.113333333333333
"5850",0.111666666666667
"5851",0.113333333333333
"5852",0.113333333333333
"5853",0.12
"5854",0.12
"5855",0.12
"5856",0.12
"5857",0.12
"5858",0.12
"5859",0.12
"5860",0.12
"5861",0.12
"5862",0.118333333333333
"5863",0.12
"5864",0.12
"5865",0.118333333333333
"5866",0.118333333333333
"5867",0.118333333333333
"5868",0.118333333333333
"5869",0.118333333333333
"5870",0.118333333333333
"5871",0.118333333333333
"5872",0.118333333333333
"5873",0.118333333333333
"5874",0.118333333333333
"5875",0.118333333333333
"5876",0.118333333333333
"5877",0.12
"5878",0.12
"5879",0.12
"5880",0.12
"5881",0.12
"5882",0.12
"5883",0.12
"5884",0.12
"5885",0.12
"5886",0.118333333333333
"5887",0.12
"5888",0.12
"5889",0.126666666666667
"5890",0.126666666666667
"5891",0.126666666666667
"5892",0.126666666666667
"5893",0.126666666666667
"5894",0.126666666666667
"5895",0.126666666666667
"5896",0.126666666666667
"5897",0.126666666666667
"5898",0.125
"5899",0.126666666666667
"5900",0.126666666666667
"5901",0.126666666666667
"5902",0.126666666666667
"5903",0.126666666666667
"5904",0.126666666666667
"5905",0.126666666666667
"5906",0.126666666666667
"5907",0.126666666666667
"5908",0.126666666666667
"5909",0.126666666666667
"5910",0.125
"5911",0.126666666666667
"5912",0.126666666666667
"5913",0.146666666666667
"5914",0.146666666666667
"5915",0.146666666666667
"5916",0.146666666666667
"5917",0.146666666666667
"5918",0.146666666666667
"5919",0.146666666666667
"5920",0.146666666666667
"5921",0.146666666666667
"5922",0.145
"5923",0.146666666666667
"5924",0.146666666666667
"5925",0.15
"5926",0.15
"5927",0.15
"5928",0.15
"5929",0.15
"5930",0.15
"5931",0.15
"5932",0.15
"5933",0.15
"5934",0.148333333333333
"5935",0.15
"5936",0.15
"5937",0.146666666666667
"5938",0.146666666666667
"5939",0.146666666666667
"5940",0.146666666666667
"5941",0.146666666666667
"5942",0.146666666666667
"5943",0.146666666666667
"5944",0.146666666666667
"5945",0.146666666666667
"5946",0.145
"5947",0.146666666666667
"5948",0.146666666666667
"5949",0.146666666666667
"5950",0.146666666666667
"5951",0.146666666666667
"5952",0.146666666666667
"5953",0.146666666666667
"5954",0.146666666666667
"5955",0.146666666666667
"5956",0.146666666666667
"5957",0.146666666666667
"5958",0.145
"5959",0.146666666666667
"5960",0.146666666666667
"5961",0.125
"5962",0.125
"5963",0.125
"5964",0.125
"5965",0.125
"5966",0.125
"5967",0.125
"5968",0.125
"5969",0.125
"5970",0.125
"5971",0.125
"5972",0.125
"5973",0.126666666666667
"5974",0.126666666666667
"5975",0.126666666666667
"5976",0.126666666666667
"5977",0.126666666666667
"5978",0.126666666666667
"5979",0.126666666666667
"5980",0.126666666666667
"5981",0.126666666666667
"5982",0.126666666666667
"5983",0.126666666666667
"5984",0.126666666666667
"5985",0.0983333333333333
"5986",0.0983333333333333
"5987",0.0983333333333333
"5988",0.0983333333333333
"5989",0.0983333333333333
"5990",0.0983333333333333
"5991",0.0983333333333333
"5992",0.0983333333333333
"5993",0.0983333333333333
"5994",0.1
"5995",0.0983333333333333
"5996",0.0983333333333333
"5997",0.103333333333333
"5998",0.103333333333333
"5999",0.103333333333333
"6000",0.103333333333333
"6001",0.103333333333333
"6002",0.103333333333333
"6003",0.103333333333333
"6004",0.103333333333333
"6005",0.103333333333333
"6006",0.105
"6007",0.103333333333333
"6008",0.103333333333333
"6009",0.0983333333333333
"6010",0.0983333333333333
"6011",0.0983333333333333
"6012",0.0983333333333333
"6013",0.0983333333333333
"6014",0.0983333333333333
"6015",0.0983333333333333
"6016",0.0983333333333333
"6017",0.0983333333333333
"6018",0.1
"6019",0.0983333333333333
"6020",0.0983333333333333
"6021",0.105
"6022",0.105
"6023",0.105
"6024",0.105
"6025",0.105
"6026",0.105
"6027",0.105
"6028",0.105
"6029",0.105
"6030",0.106666666666667
"6031",0.105
"6032",0.105
"6033",0.103333333333333
"6034",0.103333333333333
"6035",0.103333333333333
"6036",0.103333333333333
"6037",0.103333333333333
"6038",0.103333333333333
"6039",0.103333333333333
"6040",0.103333333333333
"6041",0.103333333333333
"6042",0.105
"6043",0.103333333333333
"6044",0.103333333333333
"6045",0.105
"6046",0.105
"6047",0.105
"6048",0.105
"6049",0.105
"6050",0.105
"6051",0.105
"6052",0.105
"6053",0.105
"6054",0.106666666666667
"6055",0.105
"6056",0.105
"6057",0.103333333333333
"6058",0.103333333333333
"6059",0.103333333333333
"6060",0.103333333333333
"6061",0.103333333333333
"6062",0.103333333333333
"6063",0.103333333333333
"6064",0.103333333333333
"6065",0.103333333333333
"6066",0.105
"6067",0.103333333333333
"6068",0.103333333333333
"6069",0.106666666666667
"6070",0.106666666666667
"6071",0.106666666666667
"6072",0.106666666666667
"6073",0.106666666666667
"6074",0.106666666666667
"6075",0.106666666666667
"6076",0.106666666666667
"6077",0.106666666666667
"6078",0.108333333333333
"6079",0.106666666666667
"6080",0.106666666666667
"6081",0.0933333333333333
"6082",0.0933333333333333
"6083",0.0933333333333333
"6084",0.0933333333333333
"6085",0.0933333333333333
"6086",0.0933333333333333
"6087",0.0933333333333333
"6088",0.0933333333333333
"6089",0.0933333333333333
"6090",0.095
"6091",0.0933333333333333
"6092",0.0933333333333333
"6093",0.09
"6094",0.09
"6095",0.09
"6096",0.09
"6097",0.09
"6098",0.09
"6099",0.09
"6100",0.09
"6101",0.09
"6102",0.0916666666666667
"6103",0.09
"6104",0.09
"6105",0.09
"6106",0.09
"6107",0.09
"6108",0.09
"6109",0.09
"6110",0.09
"6111",0.09
"6112",0.09
"6113",0.09
"6114",0.0916666666666667
"6115",0.09
"6116",0.09
"6117",0.121666666666667
"6118",0.121666666666667
"6119",0.121666666666667
"6120",0.121666666666667
"6121",0.121666666666667
"6122",0.121666666666667
"6123",0.121666666666667
"6124",0.121666666666667
"6125",0.121666666666667
"6126",0.12
"6127",0.121666666666667
"6128",0.121666666666667
"6129",0.121666666666667
"6130",0.121666666666667
"6131",0.121666666666667
"6132",0.121666666666667
"6133",0.121666666666667
"6134",0.121666666666667
"6135",0.121666666666667
"6136",0.121666666666667
"6137",0.121666666666667
"6138",0.12
"6139",0.121666666666667
"6140",0.121666666666667
"6141",0.121666666666667
"6142",0.121666666666667
"6143",0.121666666666667
"6144",0.121666666666667
"6145",0.121666666666667
"6146",0.121666666666667
"6147",0.121666666666667
"6148",0.121666666666667
"6149",0.121666666666667
"6150",0.12
"6151",0.121666666666667
"6152",0.121666666666667
"6153",0.123333333333333
"6154",0.123333333333333
"6155",0.123333333333333
"6156",0.123333333333333
"6157",0.123333333333333
"6158",0.123333333333333
"6159",0.123333333333333
"6160",0.123333333333333
"6161",0.123333333333333
"6162",0.121666666666667
"6163",0.123333333333333
"6164",0.123333333333333
"6165",0.121666666666667
"6166",0.121666666666667
"6167",0.121666666666667
"6168",0.121666666666667
"6169",0.121666666666667
"6170",0.121666666666667
"6171",0.121666666666667
"6172",0.121666666666667
"6173",0.121666666666667
"6174",0.12
"6175",0.121666666666667
"6176",0.121666666666667
"6177",0.123333333333333
"6178",0.123333333333333
"6179",0.123333333333333
"6180",0.123333333333333
"6181",0.123333333333333
"6182",0.123333333333333
"6183",0.123333333333333
"6184",0.123333333333333
"6185",0.123333333333333
"6186",0.121666666666667
"6187",0.123333333333333
"6188",0.123333333333333
"6189",0.123333333333333
"6190",0.123333333333333
"6191",0.123333333333333
"6192",0.123333333333333
"6193",0.123333333333333
"6194",0.123333333333333
"6195",0.123333333333333
"6196",0.123333333333333
"6197",0.123333333333333
"6198",0.121666666666667
"6199",0.123333333333333
"6200",0.123333333333333
"6201",0.121666666666667
"6202",0.121666666666667
"6203",0.121666666666667
"6204",0.121666666666667
"6205",0.121666666666667
"6206",0.121666666666667
"6207",0.121666666666667
"6208",0.121666666666667
"6209",0.121666666666667
"6210",0.12
"6211",0.121666666666667
"6212",0.121666666666667
"6213",0.121666666666667
"6214",0.121666666666667
"6215",0.121666666666667
"6216",0.121666666666667
"6217",0.121666666666667
"6218",0.121666666666667
"6219",0.121666666666667
"6220",0.121666666666667
"6221",0.121666666666667
"6222",0.12
"6223",0.121666666666667
"6224",0.121666666666667
"6225",0.121666666666667
"6226",0.121666666666667
"6227",0.121666666666667
"6228",0.121666666666667
"6229",0.121666666666667
"6230",0.121666666666667
"6231",0.121666666666667
"6232",0.121666666666667
"6233",0.121666666666667
"6234",0.12
"6235",0.121666666666667
"6236",0.121666666666667
"6237",0.121666666666667
"6238",0.121666666666667
"6239",0.121666666666667
"6240",0.121666666666667
"6241",0.121666666666667
"6242",0.121666666666667
"6243",0.121666666666667
"6244",0.121666666666667
"6245",0.121666666666667
"6246",0.12
"6247",0.121666666666667
"6248",0.121666666666667
"6249",0.123333333333333
"6250",0.123333333333333
"6251",0.123333333333333
"6252",0.123333333333333
"6253",0.123333333333333
"6254",0.123333333333333
"6255",0.123333333333333
"6256",0.123333333333333
"6257",0.123333333333333
"6258",0.121666666666667
"6259",0.123333333333333
"6260",0.123333333333333
"6261",0.123333333333333
"6262",0.123333333333333
"6263",0.123333333333333
"6264",0.123333333333333
"6265",0.123333333333333
"6266",0.123333333333333
"6267",0.123333333333333
"6268",0.123333333333333
"6269",0.123333333333333
"6270",0.121666666666667
"6271",0.123333333333333
"6272",0.123333333333333
"6273",0.121666666666667
"6274",0.121666666666667
"6275",0.121666666666667
"6276",0.121666666666667
"6277",0.121666666666667
"6278",0.121666666666667
"6279",0.121666666666667
"6280",0.121666666666667
"6281",0.121666666666667
"6282",0.12
"6283",0.121666666666667
"6284",0.121666666666667
"6285",0.121666666666667
"6286",0.121666666666667
"6287",0.121666666666667
"6288",0.121666666666667
"6289",0.121666666666667
"6290",0.121666666666667
"6291",0.121666666666667
"6292",0.121666666666667
"6293",0.121666666666667
"6294",0.12
"6295",0.121666666666667
"6296",0.121666666666667
"6297",0.123333333333333
"6298",0.123333333333333
"6299",0.123333333333333
"6300",0.123333333333333
"6301",0.123333333333333
"6302",0.123333333333333
"6303",0.123333333333333
"6304",0.123333333333333
"6305",0.123333333333333
"6306",0.121666666666667
"6307",0.123333333333333
"6308",0.123333333333333
"6309",0.121666666666667
"6310",0.121666666666667
"6311",0.121666666666667
"6312",0.121666666666667
"6313",0.121666666666667
"6314",0.121666666666667
"6315",0.121666666666667
"6316",0.121666666666667
"6317",0.121666666666667
"6318",0.12
"6319",0.121666666666667
"6320",0.121666666666667
"6321",0.123333333333333
"6322",0.123333333333333
"6323",0.123333333333333
"6324",0.123333333333333
"6325",0.123333333333333
"6326",0.123333333333333
"6327",0.123333333333333
"6328",0.123333333333333
"6329",0.123333333333333
"6330",0.121666666666667
"6331",0.123333333333333
"6332",0.123333333333333
"6333",0.121666666666667
"6334",0.121666666666667
"6335",0.121666666666667
"6336",0.121666666666667
"6337",0.121666666666667
"6338",0.121666666666667
"6339",0.121666666666667
"6340",0.121666666666667
"6341",0.121666666666667
"6342",0.12
"6343",0.121666666666667
"6344",0.121666666666667
"6345",0.123333333333333
"6346",0.123333333333333
"6347",0.123333333333333
"6348",0.123333333333333
"6349",0.123333333333333
"6350",0.123333333333333
"6351",0.123333333333333
"6352",0.123333333333333
"6353",0.123333333333333
"6354",0.121666666666667
"6355",0.123333333333333
"6356",0.123333333333333
"6357",0.121666666666667
"6358",0.121666666666667
"6359",0.121666666666667
"6360",0.121666666666667
"6361",0.121666666666667
"6362",0.121666666666667
"6363",0.121666666666667
"6364",0.121666666666667
"6365",0.121666666666667
"6366",0.12
"6367",0.121666666666667
"6368",0.121666666666667
"6369",0.123333333333333
"6370",0.123333333333333
"6371",0.123333333333333
"6372",0.123333333333333
"6373",0.123333333333333
"6374",0.123333333333333
"6375",0.123333333333333
"6376",0.123333333333333
"6377",0.123333333333333
"6378",0.121666666666667
"6379",0.123333333333333
"6380",0.123333333333333
"6381",0.121666666666667
"6382",0.121666666666667
"6383",0.121666666666667
"6384",0.121666666666667
"6385",0.121666666666667
"6386",0.121666666666667
"6387",0.121666666666667
"6388",0.121666666666667
"6389",0.121666666666667
"6390",0.12
"6391",0.121666666666667
"6392",0.121666666666667
"6393",0.121666666666667
"6394",0.121666666666667
"6395",0.121666666666667
"6396",0.121666666666667
"6397",0.121666666666667
"6398",0.121666666666667
"6399",0.121666666666667
"6400",0.121666666666667
"6401",0.121666666666667
"6402",0.12
"6403",0.121666666666667
"6404",0.121666666666667
"6405",0.121666666666667
"6406",0.121666666666667
"6407",0.121666666666667
"6408",0.121666666666667
"6409",0.121666666666667
"6410",0.121666666666667
"6411",0.121666666666667
"6412",0.121666666666667
"6413",0.121666666666667
"6414",0.12
"6415",0.121666666666667
"6416",0.121666666666667
"6417",0.123333333333333
"6418",0.123333333333333
"6419",0.123333333333333
"6420",0.123333333333333
"6421",0.123333333333333
"6422",0.123333333333333
"6423",0.123333333333333
"6424",0.123333333333333
"6425",0.123333333333333
"6426",0.121666666666667
"6427",0.123333333333333
"6428",0.123333333333333
"6429",0.123333333333333
"6430",0.123333333333333
"6431",0.123333333333333
"6432",0.123333333333333
"6433",0.123333333333333
"6434",0.123333333333333
"6435",0.123333333333333
"6436",0.123333333333333
"6437",0.123333333333333
"6438",0.121666666666667
"6439",0.123333333333333
"6440",0.123333333333333
"6441",0.121666666666667
"6442",0.121666666666667
"6443",0.121666666666667
"6444",0.121666666666667
"6445",0.121666666666667
"6446",0.121666666666667
"6447",0.121666666666667
"6448",0.121666666666667
"6449",0.121666666666667
"6450",0.12
"6451",0.121666666666667
"6452",0.121666666666667
"6453",0.121666666666667
"6454",0.121666666666667
"6455",0.121666666666667
"6456",0.121666666666667
"6457",0.121666666666667
"6458",0.121666666666667
"6459",0.121666666666667
"6460",0.121666666666667
"6461",0.121666666666667
"6462",0.12
"6463",0.121666666666667
"6464",0.121666666666667
"6465",0.12
"6466",0.12
"6467",0.12
"6468",0.12
"6469",0.12
"6470",0.12
"6471",0.12
"6472",0.12
"6473",0.12
"6474",0.118333333333333
"6475",0.12
"6476",0.12
"6477",0.123333333333333
"6478",0.123333333333333
"6479",0.123333333333333
"6480",0.123333333333333
"6481",0.123333333333333
"6482",0.123333333333333
"6483",0.123333333333333
"6484",0.123333333333333
"6485",0.123333333333333
"6486",0.121666666666667
"6487",0.123333333333333
"6488",0.123333333333333
"6489",0.121666666666667
"6490",0.121666666666667
"6491",0.121666666666667
"6492",0.121666666666667
"6493",0.121666666666667
"6494",0.121666666666667
"6495",0.121666666666667
"6496",0.121666666666667
"6497",0.121666666666667
"6498",0.12
"6499",0.121666666666667
"6500",0.121666666666667
"6501",0.123333333333333
"6502",0.123333333333333
"6503",0.123333333333333
"6504",0.123333333333333
"6505",0.123333333333333
"6506",0.123333333333333
"6507",0.123333333333333
"6508",0.123333333333333
"6509",0.123333333333333
"6510",0.121666666666667
"6511",0.123333333333333
"6512",0.123333333333333
"6513",0.123333333333333
"6514",0.123333333333333
"6515",0.123333333333333
"6516",0.123333333333333
"6517",0.123333333333333
"6518",0.123333333333333
"6519",0.123333333333333
"6520",0.123333333333333
"6521",0.123333333333333
"6522",0.121666666666667
"6523",0.123333333333333
"6524",0.123333333333333
"6525",0.121666666666667
"6526",0.121666666666667
"6527",0.121666666666667
"6528",0.121666666666667
"6529",0.121666666666667
"6530",0.121666666666667
"6531",0.121666666666667
"6532",0.121666666666667
"6533",0.121666666666667
"6534",0.12
"6535",0.121666666666667
"6536",0.121666666666667
"6537",0.121666666666667
"6538",0.121666666666667
"6539",0.121666666666667
"6540",0.121666666666667
"6541",0.121666666666667
"6542",0.121666666666667
"6543",0.121666666666667
"6544",0.121666666666667
"6545",0.121666666666667
"6546",0.12
"6547",0.121666666666667
"6548",0.121666666666667
"6549",0.123333333333333
"6550",0.123333333333333
"6551",0.123333333333333
"6552",0.123333333333333
"6553",0.123333333333333
"6554",0.123333333333333
"6555",0.123333333333333
"6556",0.123333333333333
"6557",0.123333333333333
"6558",0.121666666666667
"6559",0.123333333333333
"6560",0.123333333333333
"6561",0.121666666666667
"6562",0.121666666666667
"6563",0.121666666666667
"6564",0.121666666666667
"6565",0.121666666666667
"6566",0.121666666666667
"6567",0.121666666666667
"6568",0.121666666666667
"6569",0.121666666666667
"6570",0.12
"6571",0.121666666666667
"6572",0.121666666666667
"6573",0.121666666666667
"6574",0.121666666666667
"6575",0.121666666666667
"6576",0.121666666666667
"6577",0.121666666666667
"6578",0.121666666666667
"6579",0.121666666666667
"6580",0.121666666666667
"6581",0.121666666666667
"6582",0.12
"6583",0.121666666666667
"6584",0.121666666666667
"6585",0.121666666666667
"6586",0.121666666666667
"6587",0.121666666666667
"6588",0.121666666666667
"6589",0.121666666666667
"6590",0.121666666666667
"6591",0.121666666666667
"6592",0.121666666666667
"6593",0.121666666666667
"6594",0.12
"6595",0.121666666666667
"6596",0.121666666666667
"6597",0.121666666666667
"6598",0.121666666666667
"6599",0.121666666666667
"6600",0.121666666666667
"6601",0.121666666666667
"6602",0.121666666666667
"6603",0.121666666666667
"6604",0.121666666666667
"6605",0.121666666666667
"6606",0.12
"6607",0.121666666666667
"6608",0.121666666666667
"6609",0.121666666666667
"6610",0.121666666666667
"6611",0.121666666666667
"6612",0.121666666666667
"6613",0.121666666666667
"6614",0.121666666666667
"6615",0.121666666666667
"6616",0.121666666666667
"6617",0.121666666666667
"6618",0.12
"6619",0.121666666666667
"6620",0.121666666666667
"6621",0.123333333333333
"6622",0.123333333333333
"6623",0.123333333333333
"6624",0.123333333333333
"6625",0.123333333333333
"6626",0.123333333333333
"6627",0.123333333333333
"6628",0.123333333333333
"6629",0.123333333333333
"6630",0.121666666666667
"6631",0.123333333333333
"6632",0.123333333333333
"6633",0.121666666666667
"6634",0.121666666666667
"6635",0.121666666666667
"6636",0.121666666666667
"6637",0.121666666666667
"6638",0.121666666666667
"6639",0.121666666666667
"6640",0.121666666666667
"6641",0.121666666666667
"6642",0.12
"6643",0.121666666666667
"6644",0.121666666666667
"6645",0.121666666666667
"6646",0.121666666666667
"6647",0.121666666666667
"6648",0.121666666666667
"6649",0.121666666666667
"6650",0.121666666666667
"6651",0.121666666666667
"6652",0.121666666666667
"6653",0.121666666666667
"6654",0.12
"6655",0.121666666666667
"6656",0.121666666666667
"6657",0.121666666666667
"6658",0.121666666666667
"6659",0.121666666666667
"6660",0.121666666666667
"6661",0.121666666666667
"6662",0.121666666666667
"6663",0.121666666666667
"6664",0.121666666666667
"6665",0.121666666666667
"6666",0.12
"6667",0.121666666666667
"6668",0.121666666666667
"6669",0.123333333333333
"6670",0.123333333333333
"6671",0.123333333333333
"6672",0.123333333333333
"6673",0.123333333333333
"6674",0.123333333333333
"6675",0.123333333333333
"6676",0.123333333333333
"6677",0.123333333333333
"6678",0.121666666666667
"6679",0.123333333333333
"6680",0.123333333333333
"6681",0.123333333333333
"6682",0.123333333333333
"6683",0.123333333333333
"6684",0.123333333333333
"6685",0.123333333333333
"6686",0.123333333333333
"6687",0.123333333333333
"6688",0.123333333333333
"6689",0.123333333333333
"6690",0.121666666666667
"6691",0.123333333333333
"6692",0.123333333333333
"6693",0.123333333333333
"6694",0.123333333333333
"6695",0.123333333333333
"6696",0.123333333333333
"6697",0.123333333333333
"6698",0.123333333333333
"6699",0.123333333333333
"6700",0.123333333333333
"6701",0.123333333333333
"6702",0.121666666666667
"6703",0.123333333333333
"6704",0.123333333333333
"6705",0.121666666666667
"6706",0.121666666666667
"6707",0.121666666666667
"6708",0.121666666666667
"6709",0.121666666666667
"6710",0.121666666666667
"6711",0.121666666666667
"6712",0.121666666666667
"6713",0.121666666666667
"6714",0.12
"6715",0.121666666666667
"6716",0.121666666666667
"6717",0.121666666666667
"6718",0.121666666666667
"6719",0.121666666666667
"6720",0.121666666666667
"6721",0.121666666666667
"6722",0.121666666666667
"6723",0.121666666666667
"6724",0.121666666666667
"6725",0.121666666666667
"6726",0.12
"6727",0.121666666666667
"6728",0.121666666666667
"6729",0.123333333333333
"6730",0.123333333333333
"6731",0.123333333333333
"6732",0.123333333333333
"6733",0.123333333333333
"6734",0.123333333333333
"6735",0.123333333333333
"6736",0.123333333333333
"6737",0.123333333333333
"6738",0.121666666666667
"6739",0.123333333333333
"6740",0.123333333333333
"6741",0.121666666666667
"6742",0.121666666666667
"6743",0.121666666666667
"6744",0.121666666666667
"6745",0.121666666666667
"6746",0.121666666666667
"6747",0.121666666666667
"6748",0.121666666666667
"6749",0.121666666666667
"6750",0.12
"6751",0.121666666666667
"6752",0.121666666666667
"6753",0.121666666666667
"6754",0.121666666666667
"6755",0.121666666666667
"6756",0.121666666666667
"6757",0.121666666666667
"6758",0.121666666666667
"6759",0.121666666666667
"6760",0.121666666666667
"6761",0.121666666666667
"6762",0.12
"6763",0.121666666666667
"6764",0.121666666666667
"6765",0.121666666666667
"6766",0.121666666666667
"6767",0.121666666666667
"6768",0.121666666666667
"6769",0.121666666666667
"6770",0.121666666666667
"6771",0.121666666666667
"6772",0.121666666666667
"6773",0.121666666666667
"6774",0.12
"6775",0.121666666666667
"6776",0.121666666666667
"6777",0.121666666666667
"6778",0.121666666666667
"6779",0.121666666666667
"6780",0.121666666666667
"6781",0.121666666666667
"6782",0.121666666666667
"6783",0.121666666666667
"6784",0.121666666666667
"6785",0.121666666666667
"6786",0.12
"6787",0.121666666666667
"6788",0.121666666666667
"6789",0.123333333333333
"6790",0.123333333333333
"6791",0.123333333333333
"6792",0.123333333333333
"6793",0.123333333333333
"6794",0.123333333333333
"6795",0.123333333333333
"6796",0.123333333333333
"6797",0.123333333333333
"6798",0.121666666666667
"6799",0.123333333333333
"6800",0.123333333333333
"6801",0.121666666666667
"6802",0.121666666666667
"6803",0.121666666666667
"6804",0.121666666666667
"6805",0.121666666666667
"6806",0.121666666666667
"6807",0.121666666666667
"6808",0.121666666666667
"6809",0.121666666666667
"6810",0.12
"6811",0.121666666666667
"6812",0.121666666666667
"6813",0.121666666666667
"6814",0.121666666666667
"6815",0.121666666666667
"6816",0.121666666666667
"6817",0.121666666666667
"6818",0.121666666666667
"6819",0.121666666666667
"6820",0.121666666666667
"6821",0.121666666666667
"6822",0.12
"6823",0.121666666666667
"6824",0.121666666666667
"6825",0.12
"6826",0.12
"6827",0.12
"6828",0.12
"6829",0.12
"6830",0.12
"6831",0.12
"6832",0.12
"6833",0.12
"6834",0.118333333333333
"6835",0.12
"6836",0.12
"6837",0.121666666666667
"6838",0.121666666666667
"6839",0.121666666666667
"6840",0.121666666666667
"6841",0.121666666666667
"6842",0.121666666666667
"6843",0.121666666666667
"6844",0.121666666666667
"6845",0.121666666666667
"6846",0.12
"6847",0.121666666666667
"6848",0.121666666666667
"6849",0.121666666666667
"6850",0.121666666666667
"6851",0.121666666666667
"6852",0.121666666666667
"6853",0.121666666666667
"6854",0.121666666666667
"6855",0.121666666666667
"6856",0.121666666666667
"6857",0.121666666666667
"6858",0.12
"6859",0.121666666666667
"6860",0.121666666666667
"6861",0.123333333333333
"6862",0.123333333333333
"6863",0.123333333333333
"6864",0.123333333333333
"6865",0.123333333333333
"6866",0.123333333333333
"6867",0.123333333333333
"6868",0.123333333333333
"6869",0.123333333333333
"6870",0.121666666666667
"6871",0.123333333333333
"6872",0.123333333333333
"6873",0.123333333333333
"6874",0.123333333333333
"6875",0.123333333333333
"6876",0.123333333333333
"6877",0.123333333333333
"6878",0.123333333333333
"6879",0.123333333333333
"6880",0.123333333333333
"6881",0.123333333333333
"6882",0.121666666666667
"6883",0.123333333333333
"6884",0.123333333333333
"6885",0.121666666666667
"6886",0.121666666666667
"6887",0.121666666666667
"6888",0.121666666666667
"6889",0.121666666666667
"6890",0.121666666666667
"6891",0.121666666666667
"6892",0.121666666666667
"6893",0.121666666666667
"6894",0.12
"6895",0.121666666666667
"6896",0.121666666666667
"6897",0.121666666666667
"6898",0.121666666666667
"6899",0.121666666666667
"6900",0.121666666666667
"6901",0.121666666666667
"6902",0.121666666666667
"6903",0.121666666666667
"6904",0.121666666666667
"6905",0.121666666666667
"6906",0.12
"6907",0.121666666666667
"6908",0.121666666666667
"6909",0.121666666666667
"6910",0.121666666666667
"6911",0.121666666666667
"6912",0.121666666666667
"6913",0.121666666666667
"6914",0.121666666666667
"6915",0.121666666666667
"6916",0.121666666666667
"6917",0.121666666666667
"6918",0.12
"6919",0.121666666666667
"6920",0.121666666666667
"6921",0.121666666666667
"6922",0.121666666666667
"6923",0.121666666666667
"6924",0.121666666666667
"6925",0.121666666666667
"6926",0.121666666666667
"6927",0.121666666666667
"6928",0.121666666666667
"6929",0.121666666666667
"6930",0.12
"6931",0.121666666666667
"6932",0.121666666666667
"6933",0.123333333333333
"6934",0.123333333333333
"6935",0.123333333333333
"6936",0.123333333333333
"6937",0.123333333333333
"6938",0.123333333333333
"6939",0.123333333333333
"6940",0.123333333333333
"6941",0.123333333333333
"6942",0.121666666666667
"6943",0.123333333333333
"6944",0.123333333333333
"6945",0.121666666666667
"6946",0.121666666666667
"6947",0.121666666666667
"6948",0.121666666666667
"6949",0.121666666666667
"6950",0.121666666666667
"6951",0.121666666666667
"6952",0.121666666666667
"6953",0.121666666666667
"6954",0.12
"6955",0.121666666666667
"6956",0.121666666666667
"6957",0.121666666666667
"6958",0.121666666666667
"6959",0.121666666666667
"6960",0.121666666666667
"6961",0.121666666666667
"6962",0.121666666666667
"6963",0.121666666666667
"6964",0.121666666666667
"6965",0.121666666666667
"6966",0.12
"6967",0.121666666666667
"6968",0.121666666666667
"6969",0.121666666666667
"6970",0.121666666666667
"6971",0.121666666666667
"6972",0.121666666666667
"6973",0.121666666666667
"6974",0.121666666666667
"6975",0.121666666666667
"6976",0.121666666666667
"6977",0.121666666666667
"6978",0.12
"6979",0.121666666666667
"6980",0.121666666666667
"6981",0.12
"6982",0.12
"6983",0.12
"6984",0.12
"6985",0.12
"6986",0.12
"6987",0.12
"6988",0.12
"6989",0.12
"6990",0.118333333333333
"6991",0.12
"6992",0.12
"6993",0.123333333333333
"6994",0.123333333333333
"6995",0.123333333333333
"6996",0.123333333333333
"6997",0.123333333333333
"6998",0.123333333333333
"6999",0.123333333333333
"7000",0.123333333333333
"7001",0.123333333333333
"7002",0.121666666666667
"7003",0.123333333333333
"7004",0.123333333333333
"7005",0.121666666666667
"7006",0.121666666666667
"7007",0.121666666666667
"7008",0.121666666666667
"7009",0.121666666666667
"7010",0.121666666666667
"7011",0.121666666666667
"7012",0.121666666666667
"7013",0.121666666666667
"7014",0.12
"7015",0.121666666666667
"7016",0.121666666666667
"7017",0.121666666666667
"7018",0.121666666666667
"7019",0.121666666666667
"7020",0.121666666666667
"7021",0.121666666666667
"7022",0.121666666666667
"7023",0.121666666666667
"7024",0.121666666666667
"7025",0.121666666666667
"7026",0.12
"7027",0.121666666666667
"7028",0.121666666666667
"7029",0.121666666666667
"7030",0.121666666666667
"7031",0.121666666666667
"7032",0.121666666666667
"7033",0.121666666666667
"7034",0.121666666666667
"7035",0.121666666666667
"7036",0.121666666666667
"7037",0.121666666666667
"7038",0.12
"7039",0.121666666666667
"7040",0.121666666666667
"7041",0.123333333333333
"7042",0.123333333333333
"7043",0.123333333333333
"7044",0.123333333333333
"7045",0.123333333333333
"7046",0.123333333333333
"7047",0.123333333333333
"7048",0.123333333333333
"7049",0.123333333333333
"7050",0.121666666666667
"7051",0.123333333333333
"7052",0.123333333333333
"7053",0.121666666666667
"7054",0.121666666666667
"7055",0.121666666666667
"7056",0.121666666666667
"7057",0.121666666666667
"7058",0.121666666666667
"7059",0.121666666666667
"7060",0.121666666666667
"7061",0.121666666666667
"7062",0.12
"7063",0.121666666666667
"7064",0.121666666666667
"7065",0.121666666666667
"7066",0.121666666666667
"7067",0.121666666666667
"7068",0.121666666666667
"7069",0.121666666666667
"7070",0.121666666666667
"7071",0.121666666666667
"7072",0.121666666666667
"7073",0.121666666666667
"7074",0.12
"7075",0.121666666666667
"7076",0.121666666666667
"7077",0.121666666666667
"7078",0.121666666666667
"7079",0.121666666666667
"7080",0.121666666666667
"7081",0.121666666666667
"7082",0.121666666666667
"7083",0.121666666666667
"7084",0.121666666666667
"7085",0.121666666666667
"7086",0.12
"7087",0.121666666666667
"7088",0.121666666666667
"7089",0.121666666666667
"7090",0.121666666666667
"7091",0.121666666666667
"7092",0.121666666666667
"7093",0.121666666666667
"7094",0.121666666666667
"7095",0.121666666666667
"7096",0.121666666666667
"7097",0.121666666666667
"7098",0.12
"7099",0.121666666666667
"7100",0.121666666666667
"7101",0.123333333333333
"7102",0.123333333333333
"7103",0.123333333333333
"7104",0.123333333333333
"7105",0.123333333333333
"7106",0.123333333333333
"7107",0.123333333333333
"7108",0.123333333333333
"7109",0.123333333333333
"7110",0.121666666666667
"7111",0.123333333333333
"7112",0.123333333333333
"7113",0.123333333333333
"7114",0.123333333333333
"7115",0.123333333333333
"7116",0.123333333333333
"7117",0.123333333333333
"7118",0.123333333333333
"7119",0.123333333333333
"7120",0.123333333333333
"7121",0.123333333333333
"7122",0.121666666666667
"7123",0.123333333333333
"7124",0.123333333333333
"7125",0.12
"7126",0.12
"7127",0.12
"7128",0.12
"7129",0.12
"7130",0.12
"7131",0.12
"7132",0.12
"7133",0.12
"7134",0.118333333333333
"7135",0.12
"7136",0.12
"7137",0.123333333333333
"7138",0.123333333333333
"7139",0.123333333333333
"7140",0.123333333333333
"7141",0.123333333333333
"7142",0.123333333333333
"7143",0.123333333333333
"7144",0.123333333333333
"7145",0.123333333333333
"7146",0.121666666666667
"7147",0.123333333333333
"7148",0.123333333333333
"7149",0.123333333333333
"7150",0.123333333333333
"7151",0.123333333333333
"7152",0.123333333333333
"7153",0.123333333333333
"7154",0.123333333333333
"7155",0.123333333333333
"7156",0.123333333333333
"7157",0.123333333333333
"7158",0.121666666666667
"7159",0.123333333333333
"7160",0.123333333333333
"7161",0.126666666666667
"7162",0.126666666666667
"7163",0.126666666666667
"7164",0.126666666666667
"7165",0.126666666666667
"7166",0.126666666666667
"7167",0.126666666666667
"7168",0.126666666666667
"7169",0.126666666666667
"7170",0.125
"7171",0.126666666666667
"7172",0.126666666666667
"7173",0.12
"7174",0.12
"7175",0.12
"7176",0.12
"7177",0.12
"7178",0.12
"7179",0.12
"7180",0.12
"7181",0.12
"7182",0.118333333333333
"7183",0.12
"7184",0.12
"7185",0.13
"7186",0.13
"7187",0.13
"7188",0.13
"7189",0.13
"7190",0.13
"7191",0.13
"7192",0.13
"7193",0.13
"7194",0.128333333333333
"7195",0.13
"7196",0.13
"7197",0.12
"7198",0.12
"7199",0.12
"7200",0.12
"7201",0.12
"7202",0.12
"7203",0.12
"7204",0.12
"7205",0.12
"7206",0.118333333333333
"7207",0.12
"7208",0.12
"7209",0.13
"7210",0.13
"7211",0.13
"7212",0.13
"7213",0.13
"7214",0.13
"7215",0.13
"7216",0.13
"7217",0.13
"7218",0.13
"7219",0.13
"7220",0.13
"7221",0.13
"7222",0.13
"7223",0.13
"7224",0.13
"7225",0.13
"7226",0.13
"7227",0.13
"7228",0.13
"7229",0.13
"7230",0.13
"7231",0.13
"7232",0.13
"7233",0.128333333333333
"7234",0.128333333333333
"7235",0.128333333333333
"7236",0.128333333333333
"7237",0.128333333333333
"7238",0.128333333333333
"7239",0.128333333333333
"7240",0.128333333333333
"7241",0.128333333333333
"7242",0.128333333333333
"7243",0.128333333333333
"7244",0.128333333333333
"7245",0.135
"7246",0.135
"7247",0.135
"7248",0.135
"7249",0.135
"7250",0.135
"7251",0.135
"7252",0.135
"7253",0.135
"7254",0.133333333333333
"7255",0.135
"7256",0.135
"7257",0.131666666666667
"7258",0.131666666666667
"7259",0.131666666666667
"7260",0.131666666666667
"7261",0.131666666666667
"7262",0.131666666666667
"7263",0.131666666666667
"7264",0.131666666666667
"7265",0.131666666666667
"7266",0.13
"7267",0.131666666666667
"7268",0.131666666666667
"7269",0.131666666666667
"7270",0.131666666666667
"7271",0.131666666666667
"7272",0.131666666666667
"7273",0.131666666666667
"7274",0.131666666666667
"7275",0.131666666666667
"7276",0.131666666666667
"7277",0.131666666666667
"7278",0.13
"7279",0.131666666666667
"7280",0.131666666666667
"7281",0.133333333333333
"7282",0.133333333333333
"7283",0.133333333333333
"7284",0.133333333333333
"7285",0.133333333333333
"7286",0.133333333333333
"7287",0.133333333333333
"7288",0.133333333333333
"7289",0.133333333333333
"7290",0.131666666666667
"7291",0.133333333333333
"7292",0.133333333333333
"7293",0.133333333333333
"7294",0.133333333333333
"7295",0.133333333333333
"7296",0.133333333333333
"7297",0.133333333333333
"7298",0.133333333333333
"7299",0.133333333333333
"7300",0.133333333333333
"7301",0.133333333333333
"7302",0.131666666666667
"7303",0.133333333333333
"7304",0.133333333333333
"7305",0.0716666666666667
"7306",0.0716666666666667
"7307",0.0716666666666667
"7308",0.0716666666666667
"7309",0.0716666666666667
"7310",0.0716666666666667
"7311",0.0716666666666667
"7312",0.0716666666666667
"7313",0.0716666666666667
"7314",0.0733333333333333
"7315",0.0716666666666667
"7316",0.0716666666666667
"7317",0.07
"7318",0.07
"7319",0.07
"7320",0.07
"7321",0.07
"7322",0.07
"7323",0.07
"7324",0.07
"7325",0.07
"7326",0.0716666666666667
"7327",0.07
"7328",0.07
"7329",0.0733333333333333
"7330",0.0733333333333333
"7331",0.0733333333333333
"7332",0.0733333333333333
"7333",0.0733333333333333
"7334",0.0733333333333333
"7335",0.0733333333333333
"7336",0.0733333333333333
"7337",0.0733333333333333
"7338",0.075
"7339",0.0733333333333333
"7340",0.0733333333333333
"7341",0.0716666666666667
"7342",0.0716666666666667
"7343",0.0716666666666667
"7344",0.0716666666666667
"7345",0.0716666666666667
"7346",0.0716666666666667
"7347",0.0716666666666667
"7348",0.0716666666666667
"7349",0.0716666666666667
"7350",0.0733333333333333
"7351",0.0716666666666667
"7352",0.0716666666666667
"7353",0.0733333333333333
"7354",0.0733333333333333
"7355",0.0733333333333333
"7356",0.0733333333333333
"7357",0.0733333333333333
"7358",0.0733333333333333
"7359",0.0733333333333333
"7360",0.0733333333333333
"7361",0.0733333333333333
"7362",0.075
"7363",0.0733333333333333
"7364",0.0733333333333333
"7365",0.0716666666666667
"7366",0.0716666666666667
"7367",0.0716666666666667
"7368",0.0716666666666667
"7369",0.0716666666666667
"7370",0.0716666666666667
"7371",0.0716666666666667
"7372",0.0716666666666667
"7373",0.0716666666666667
"7374",0.0733333333333333
"7375",0.0716666666666667
"7376",0.0716666666666667
"7377",0.0733333333333333
"7378",0.0733333333333333
"7379",0.0733333333333333
"7380",0.0733333333333333
"7381",0.0733333333333333
"7382",0.0733333333333333
"7383",0.0733333333333333
"7384",0.0733333333333333
"7385",0.0733333333333333
"7386",0.075
"7387",0.0733333333333333
"7388",0.0733333333333333
"7389",0.0716666666666667
"7390",0.0716666666666667
"7391",0.0716666666666667
"7392",0.0716666666666667
"7393",0.0716666666666667
"7394",0.0716666666666667
"7395",0.0716666666666667
"7396",0.0716666666666667
"7397",0.0716666666666667
"7398",0.0733333333333333
"7399",0.0716666666666667
"7400",0.0716666666666667
"7401",0.0733333333333333
"7402",0.0733333333333333
"7403",0.0733333333333333
"7404",0.0733333333333333
"7405",0.0733333333333333
"7406",0.0733333333333333
"7407",0.0733333333333333
"7408",0.0733333333333333
"7409",0.0733333333333333
"7410",0.075
"7411",0.0733333333333333
"7412",0.0733333333333333
"7413",0.0733333333333333
"7414",0.0733333333333333
"7415",0.0733333333333333
"7416",0.0733333333333333
"7417",0.0733333333333333
"7418",0.0733333333333333
"7419",0.0733333333333333
"7420",0.0733333333333333
"7421",0.0733333333333333
"7422",0.075
"7423",0.0733333333333333
"7424",0.0733333333333333
"7425",0.0733333333333333
"7426",0.0733333333333333
"7427",0.0733333333333333
"7428",0.0733333333333333
"7429",0.0733333333333333
"7430",0.0733333333333333
"7431",0.0733333333333333
"7432",0.0733333333333333
"7433",0.0733333333333333
"7434",0.075
"7435",0.0733333333333333
"7436",0.0733333333333333
"7437",0.0716666666666667
"7438",0.0716666666666667
"7439",0.0716666666666667
"7440",0.0716666666666667
"7441",0.0716666666666667
"7442",0.0716666666666667
"7443",0.0716666666666667
"7444",0.0716666666666667
"7445",0.0716666666666667
"7446",0.0733333333333333
"7447",0.0716666666666667
"7448",0.0716666666666667
"7449",0.128333333333333
"7450",0.128333333333333
"7451",0.128333333333333
"7452",0.128333333333333
"7453",0.128333333333333
"7454",0.128333333333333
"7455",0.128333333333333
"7456",0.128333333333333
"7457",0.128333333333333
"7458",0.126666666666667
"7459",0.128333333333333
"7460",0.128333333333333
"7461",0.128333333333333
"7462",0.128333333333333
"7463",0.128333333333333
"7464",0.128333333333333
"7465",0.128333333333333
"7466",0.128333333333333
"7467",0.128333333333333
"7468",0.128333333333333
"7469",0.128333333333333
"7470",0.126666666666667
"7471",0.128333333333333
"7472",0.128333333333333
"7473",0.126666666666667
"7474",0.126666666666667
"7475",0.126666666666667
"7476",0.126666666666667
"7477",0.126666666666667
"7478",0.126666666666667
"7479",0.126666666666667
"7480",0.126666666666667
"7481",0.126666666666667
"7482",0.125
"7483",0.126666666666667
"7484",0.126666666666667
"7485",0.128333333333333
"7486",0.128333333333333
"7487",0.128333333333333
"7488",0.128333333333333
"7489",0.128333333333333
"7490",0.128333333333333
"7491",0.128333333333333
"7492",0.128333333333333
"7493",0.128333333333333
"7494",0.126666666666667
"7495",0.128333333333333
"7496",0.128333333333333
"7497",0.105
"7498",0.105
"7499",0.105
"7500",0.105
"7501",0.105
"7502",0.105
"7503",0.105
"7504",0.105
"7505",0.105
"7506",0.105
"7507",0.105
"7508",0.105
"7509",0.101666666666667
"7510",0.101666666666667
"7511",0.101666666666667
"7512",0.101666666666667
"7513",0.101666666666667
"7514",0.101666666666667
"7515",0.101666666666667
"7516",0.101666666666667
"7517",0.101666666666667
"7518",0.101666666666667
"7519",0.101666666666667
"7520",0.101666666666667
"7521",0.105
"7522",0.105
"7523",0.105
"7524",0.105
"7525",0.105
"7526",0.105
"7527",0.105
"7528",0.105
"7529",0.105
"7530",0.105
"7531",0.105
"7532",0.105
"7533",0.105
"7534",0.105
"7535",0.105
"7536",0.105
"7537",0.105
"7538",0.105
"7539",0.105
"7540",0.105
"7541",0.105
"7542",0.105
"7543",0.105
"7544",0.105
"7545",0.108333333333333
"7546",0.108333333333333
"7547",0.108333333333333
"7548",0.108333333333333
"7549",0.108333333333333
"7550",0.108333333333333
"7551",0.108333333333333
"7552",0.108333333333333
"7553",0.108333333333333
"7554",0.108333333333333
"7555",0.108333333333333
"7556",0.108333333333333
"7557",0.105
"7558",0.105
"7559",0.105
"7560",0.105
"7561",0.105
"7562",0.105
"7563",0.105
"7564",0.105
"7565",0.105
"7566",0.105
"7567",0.105
"7568",0.105
"7569",0.106666666666667
"7570",0.106666666666667
"7571",0.106666666666667
"7572",0.106666666666667
"7573",0.106666666666667
"7574",0.106666666666667
"7575",0.106666666666667
"7576",0.106666666666667
"7577",0.106666666666667
"7578",0.106666666666667
"7579",0.106666666666667
"7580",0.106666666666667
"7581",0.1
"7582",0.1
"7583",0.1
"7584",0.1
"7585",0.1
"7586",0.1
"7587",0.1
"7588",0.1
"7589",0.1
"7590",0.1
"7591",0.1
"7592",0.1
"7593",0.101666666666667
"7594",0.101666666666667
"7595",0.101666666666667
"7596",0.101666666666667
"7597",0.101666666666667
"7598",0.101666666666667
"7599",0.101666666666667
"7600",0.101666666666667
"7601",0.101666666666667
"7602",0.101666666666667
"7603",0.101666666666667
"7604",0.101666666666667
"7605",0.101666666666667
"7606",0.101666666666667
"7607",0.101666666666667
"7608",0.101666666666667
"7609",0.101666666666667
"7610",0.101666666666667
"7611",0.101666666666667
"7612",0.101666666666667
"7613",0.101666666666667
"7614",0.101666666666667
"7615",0.101666666666667
"7616",0.101666666666667
"7617",0.131666666666667
"7618",0.131666666666667
"7619",0.131666666666667
"7620",0.131666666666667
"7621",0.131666666666667
"7622",0.131666666666667
"7623",0.131666666666667
"7624",0.131666666666667
"7625",0.131666666666667
"7626",0.131666666666667
"7627",0.131666666666667
"7628",0.131666666666667
"7629",0.131666666666667
"7630",0.131666666666667
"7631",0.131666666666667
"7632",0.131666666666667
"7633",0.131666666666667
"7634",0.131666666666667
"7635",0.131666666666667
"7636",0.131666666666667
"7637",0.131666666666667
"7638",0.131666666666667
"7639",0.131666666666667
"7640",0.131666666666667
"7641",0.131666666666667
"7642",0.131666666666667
"7643",0.131666666666667
"7644",0.131666666666667
"7645",0.131666666666667
"7646",0.131666666666667
"7647",0.131666666666667
"7648",0.131666666666667
"7649",0.131666666666667
"7650",0.131666666666667
"7651",0.131666666666667
"7652",0.131666666666667
"7653",0.0983333333333333
"7654",0.0983333333333333
"7655",0.0983333333333333
"7656",0.0983333333333333
"7657",0.0983333333333333
"7658",0.0983333333333333
"7659",0.0983333333333333
"7660",0.0983333333333333
"7661",0.0983333333333333
"7662",0.0966666666666667
"7663",0.0983333333333333
"7664",0.0983333333333333
"7665",0.0966666666666667
"7666",0.0966666666666667
"7667",0.0966666666666667
"7668",0.0966666666666667
"7669",0.0966666666666667
"7670",0.0966666666666667
"7671",0.0966666666666667
"7672",0.0966666666666667
"7673",0.0966666666666667
"7674",0.095
"7675",0.0966666666666667
"7676",0.0966666666666667
"7677",0.101666666666667
"7678",0.101666666666667
"7679",0.101666666666667
"7680",0.101666666666667
"7681",0.101666666666667
"7682",0.101666666666667
"7683",0.101666666666667
"7684",0.101666666666667
"7685",0.101666666666667
"7686",0.1
"7687",0.101666666666667
"7688",0.101666666666667
"7689",0.101666666666667
"7690",0.101666666666667
"7691",0.101666666666667
"7692",0.101666666666667
"7693",0.101666666666667
"7694",0.101666666666667
"7695",0.101666666666667
"7696",0.101666666666667
"7697",0.101666666666667
"7698",0.1
"7699",0.101666666666667
"7700",0.101666666666667
"7701",0.128333333333333
"7702",0.128333333333333
"7703",0.128333333333333
"7704",0.128333333333333
"7705",0.128333333333333
"7706",0.128333333333333
"7707",0.128333333333333
"7708",0.128333333333333
"7709",0.128333333333333
"7710",0.126666666666667
"7711",0.128333333333333
"7712",0.128333333333333
"7713",0.13
"7714",0.13
"7715",0.13
"7716",0.13
"7717",0.13
"7718",0.13
"7719",0.13
"7720",0.13
"7721",0.13
"7722",0.128333333333333
"7723",0.13
"7724",0.13
"7725",0.13
"7726",0.13
"7727",0.13
"7728",0.13
"7729",0.13
"7730",0.13
"7731",0.13
"7732",0.13
"7733",0.13
"7734",0.128333333333333
"7735",0.13
"7736",0.13
"7737",0.13
"7738",0.13
"7739",0.13
"7740",0.13
"7741",0.13
"7742",0.13
"7743",0.13
"7744",0.13
"7745",0.13
"7746",0.128333333333333
"7747",0.13
"7748",0.13
"7749",0.133333333333333
"7750",0.133333333333333
"7751",0.133333333333333
"7752",0.133333333333333
"7753",0.133333333333333
"7754",0.133333333333333
"7755",0.133333333333333
"7756",0.133333333333333
"7757",0.133333333333333
"7758",0.131666666666667
"7759",0.133333333333333
"7760",0.133333333333333
"7761",0.13
"7762",0.13
"7763",0.13
"7764",0.13
"7765",0.13
"7766",0.13
"7767",0.13
"7768",0.13
"7769",0.13
"7770",0.128333333333333
"7771",0.13
"7772",0.13
"7773",0.13
"7774",0.13
"7775",0.13
"7776",0.13
"7777",0.13
"7778",0.13
"7779",0.13
"7780",0.13
"7781",0.13
"7782",0.128333333333333
"7783",0.13
"7784",0.13
"7785",0.133333333333333
"7786",0.133333333333333
"7787",0.133333333333333
"7788",0.133333333333333
"7789",0.133333333333333
"7790",0.133333333333333
"7791",0.133333333333333
"7792",0.133333333333333
"7793",0.133333333333333
"7794",0.131666666666667
"7795",0.133333333333333
"7796",0.133333333333333
"7797",0.128333333333333
"7798",0.128333333333333
"7799",0.128333333333333
"7800",0.128333333333333
"7801",0.128333333333333
"7802",0.128333333333333
"7803",0.128333333333333
"7804",0.128333333333333
"7805",0.128333333333333
"7806",0.126666666666667
"7807",0.128333333333333
"7808",0.128333333333333
"7809",0.13
"7810",0.13
"7811",0.13
"7812",0.13
"7813",0.13
"7814",0.13
"7815",0.13
"7816",0.13
"7817",0.13
"7818",0.128333333333333
"7819",0.13
"7820",0.13
"7821",0.128333333333333
"7822",0.128333333333333
"7823",0.128333333333333
"7824",0.128333333333333
"7825",0.128333333333333
"7826",0.128333333333333
"7827",0.128333333333333
"7828",0.128333333333333
"7829",0.128333333333333
"7830",0.126666666666667
"7831",0.128333333333333
"7832",0.128333333333333
"7833",0.13
"7834",0.13
"7835",0.13
"7836",0.13
"7837",0.13
"7838",0.13
"7839",0.13
"7840",0.13
"7841",0.13
"7842",0.128333333333333
"7843",0.13
"7844",0.13
"7845",0.128333333333333
"7846",0.128333333333333
"7847",0.128333333333333
"7848",0.128333333333333
"7849",0.128333333333333
"7850",0.128333333333333
"7851",0.128333333333333
"7852",0.128333333333333
"7853",0.128333333333333
"7854",0.126666666666667
"7855",0.128333333333333
"7856",0.128333333333333
"7857",0.13
"7858",0.13
"7859",0.13
"7860",0.13
"7861",0.13
"7862",0.13
"7863",0.13
"7864",0.13
"7865",0.13
"7866",0.128333333333333
"7867",0.13
"7868",0.13
"7869",0.13
"7870",0.13
"7871",0.13
"7872",0.13
"7873",0.13
"7874",0.13
"7875",0.13
"7876",0.13
"7877",0.13
"7878",0.128333333333333
"7879",0.13
"7880",0.13
"7881",0.13
"7882",0.13
"7883",0.13
"7884",0.13
"7885",0.13
"7886",0.13
"7887",0.13
"7888",0.13
"7889",0.13
"7890",0.128333333333333
"7891",0.13
"7892",0.13
"7893",0.128333333333333
"7894",0.128333333333333
"7895",0.128333333333333
"7896",0.128333333333333
"7897",0.128333333333333
"7898",0.128333333333333
"7899",0.128333333333333
"7900",0.128333333333333
"7901",0.128333333333333
"7902",0.126666666666667
"7903",0.128333333333333
"7904",0.128333333333333
"7905",0.131666666666667
"7906",0.131666666666667
"7907",0.131666666666667
"7908",0.131666666666667
"7909",0.131666666666667
"7910",0.131666666666667
"7911",0.131666666666667
"7912",0.131666666666667
"7913",0.131666666666667
"7914",0.13
"7915",0.131666666666667
"7916",0.131666666666667
"7917",0.13
"7918",0.13
"7919",0.13
"7920",0.13
"7921",0.13
"7922",0.13
"7923",0.13
"7924",0.13
"7925",0.13
"7926",0.128333333333333
"7927",0.13
"7928",0.13
"7929",0.131666666666667
"7930",0.131666666666667
"7931",0.131666666666667
"7932",0.131666666666667
"7933",0.131666666666667
"7934",0.131666666666667
"7935",0.131666666666667
"7936",0.131666666666667
"7937",0.131666666666667
"7938",0.13
"7939",0.131666666666667
"7940",0.131666666666667
"7941",0.131666666666667
"7942",0.131666666666667
"7943",0.131666666666667
"7944",0.131666666666667
"7945",0.131666666666667
"7946",0.131666666666667
"7947",0.131666666666667
"7948",0.131666666666667
"7949",0.131666666666667
"7950",0.13
"7951",0.131666666666667
"7952",0.131666666666667
"7953",0.13
"7954",0.13
"7955",0.13
"7956",0.13
"7957",0.13
"7958",0.13
"7959",0.13
"7960",0.13
"7961",0.13
"7962",0.128333333333333
"7963",0.13
"7964",0.13
"7965",0.128333333333333
"7966",0.128333333333333
"7967",0.128333333333333
"7968",0.128333333333333
"7969",0.128333333333333
"7970",0.128333333333333
"7971",0.128333333333333
"7972",0.128333333333333
"7973",0.128333333333333
"7974",0.126666666666667
"7975",0.128333333333333
"7976",0.128333333333333
"7977",0.128333333333333
"7978",0.128333333333333
"7979",0.128333333333333
"7980",0.128333333333333
"7981",0.128333333333333
"7982",0.128333333333333
"7983",0.128333333333333
"7984",0.128333333333333
"7985",0.128333333333333
"7986",0.126666666666667
"7987",0.128333333333333
"7988",0.128333333333333
"7989",0.128333333333333
"7990",0.128333333333333
"7991",0.128333333333333
"7992",0.128333333333333
"7993",0.128333333333333
"7994",0.128333333333333
"7995",0.128333333333333
"7996",0.128333333333333
"7997",0.128333333333333
"7998",0.126666666666667
"7999",0.128333333333333
"8000",0.128333333333333
"8001",0.128333333333333
"8002",0.128333333333333
"8003",0.128333333333333
"8004",0.128333333333333
"8005",0.128333333333333
"8006",0.128333333333333
"8007",0.128333333333333
"8008",0.128333333333333
"8009",0.128333333333333
"8010",0.126666666666667
"8011",0.128333333333333
"8012",0.128333333333333
"8013",0.13
"8014",0.13
"8015",0.13
"8016",0.13
"8017",0.13
"8018",0.13
"8019",0.13
"8020",0.13
"8021",0.13
"8022",0.128333333333333
"8023",0.13
"8024",0.13
"8025",0.1
"8026",0.1
"8027",0.1
"8028",0.1
"8029",0.1
"8030",0.1
"8031",0.1
"8032",0.1
"8033",0.1
"8034",0.101666666666667
"8035",0.1
"8036",0.1
"8037",0.106666666666667
"8038",0.106666666666667
"8039",0.106666666666667
"8040",0.106666666666667
"8041",0.106666666666667
"8042",0.106666666666667
"8043",0.106666666666667
"8044",0.106666666666667
"8045",0.106666666666667
"8046",0.108333333333333
"8047",0.106666666666667
"8048",0.106666666666667
"8049",0.108333333333333
"8050",0.108333333333333
"8051",0.108333333333333
"8052",0.108333333333333
"8053",0.108333333333333
"8054",0.108333333333333
"8055",0.108333333333333
"8056",0.108333333333333
"8057",0.108333333333333
"8058",0.11
"8059",0.108333333333333
"8060",0.108333333333333
"8061",0.108333333333333
"8062",0.108333333333333
"8063",0.108333333333333
"8064",0.108333333333333
"8065",0.108333333333333
"8066",0.108333333333333
"8067",0.108333333333333
"8068",0.108333333333333
"8069",0.108333333333333
"8070",0.11
"8071",0.108333333333333
"8072",0.108333333333333
"8073",0.126666666666667
"8074",0.126666666666667
"8075",0.126666666666667
"8076",0.126666666666667
"8077",0.126666666666667
"8078",0.126666666666667
"8079",0.126666666666667
"8080",0.126666666666667
"8081",0.126666666666667
"8082",0.125
"8083",0.126666666666667
"8084",0.126666666666667
"8085",0.126666666666667
"8086",0.126666666666667
"8087",0.126666666666667
"8088",0.126666666666667
"8089",0.126666666666667
"8090",0.126666666666667
"8091",0.126666666666667
"8092",0.126666666666667
"8093",0.126666666666667
"8094",0.125
"8095",0.126666666666667
"8096",0.126666666666667
"8097",0.126666666666667
"8098",0.126666666666667
"8099",0.126666666666667
"8100",0.126666666666667
"8101",0.126666666666667
"8102",0.126666666666667
"8103",0.126666666666667
"8104",0.126666666666667
"8105",0.126666666666667
"8106",0.125
"8107",0.126666666666667
"8108",0.126666666666667
"8109",0.135
"8110",0.135
"8111",0.135
"8112",0.135
"8113",0.135
"8114",0.135
"8115",0.135
"8116",0.135
"8117",0.135
"8118",0.133333333333333
"8119",0.135
"8120",0.135
"8121",0.133333333333333
"8122",0.133333333333333
"8123",0.133333333333333
"8124",0.133333333333333
"8125",0.133333333333333
"8126",0.133333333333333
"8127",0.133333333333333
"8128",0.133333333333333
"8129",0.133333333333333
"8130",0.131666666666667
"8131",0.133333333333333
"8132",0.133333333333333
"8133",0.133333333333333
"8134",0.133333333333333
"8135",0.133333333333333
"8136",0.133333333333333
"8137",0.133333333333333
"8138",0.133333333333333
"8139",0.133333333333333
"8140",0.133333333333333
"8141",0.133333333333333
"8142",0.131666666666667
"8143",0.133333333333333
"8144",0.133333333333333
"8145",0.135
"8146",0.135
"8147",0.135
"8148",0.135
"8149",0.135
"8150",0.135
"8151",0.135
"8152",0.135
"8153",0.135
"8154",0.133333333333333
"8155",0.135
"8156",0.135
"8157",0.133333333333333
"8158",0.133333333333333
"8159",0.133333333333333
"8160",0.133333333333333
"8161",0.133333333333333
"8162",0.133333333333333
"8163",0.133333333333333
"8164",0.133333333333333
"8165",0.133333333333333
"8166",0.131666666666667
"8167",0.133333333333333
"8168",0.133333333333333
"8169",0.133333333333333
"8170",0.133333333333333
"8171",0.133333333333333
"8172",0.133333333333333
"8173",0.133333333333333
"8174",0.133333333333333
"8175",0.133333333333333
"8176",0.133333333333333
"8177",0.133333333333333
"8178",0.131666666666667
"8179",0.133333333333333
"8180",0.133333333333333
"8181",0.135
"8182",0.135
"8183",0.135
"8184",0.135
"8185",0.135
"8186",0.135
"8187",0.135
"8188",0.135
"8189",0.135
"8190",0.133333333333333
"8191",0.135
"8192",0.135
"8193",0.135
"8194",0.135
"8195",0.135
"8196",0.135
"8197",0.135
"8198",0.135
"8199",0.135
"8200",0.135
"8201",0.135
"8202",0.133333333333333
"8203",0.135
"8204",0.135
"8205",0.135
"8206",0.135
"8207",0.135
"8208",0.135
"8209",0.135
"8210",0.135
"8211",0.135
"8212",0.135
"8213",0.135
"8214",0.133333333333333
"8215",0.135
"8216",0.135
"8217",0.135
"8218",0.135
"8219",0.135
"8220",0.135
"8221",0.135
"8222",0.135
"8223",0.135
"8224",0.135
"8225",0.135
"8226",0.133333333333333
"8227",0.135
"8228",0.135
"8229",0.135
"8230",0.135
"8231",0.135
"8232",0.135
"8233",0.135
"8234",0.135
"8235",0.135
"8236",0.135
"8237",0.135
"8238",0.133333333333333
"8239",0.135
"8240",0.135
"8241",0.133333333333333
"8242",0.133333333333333
"8243",0.133333333333333
"8244",0.133333333333333
"8245",0.133333333333333
"8246",0.133333333333333
"8247",0.133333333333333
"8248",0.133333333333333
"8249",0.133333333333333
"8250",0.131666666666667
"8251",0.133333333333333
"8252",0.133333333333333
"8253",0.135
"8254",0.135
"8255",0.135
"8256",0.135
"8257",0.135
"8258",0.135
"8259",0.135
"8260",0.135
"8261",0.135
"8262",0.133333333333333
"8263",0.135
"8264",0.135
"8265",0.135
"8266",0.135
"8267",0.135
"8268",0.135
"8269",0.135
"8270",0.135
"8271",0.135
"8272",0.135
"8273",0.135
"8274",0.133333333333333
"8275",0.135
"8276",0.135
"8277",0.135
"8278",0.135
"8279",0.135
"8280",0.135
"8281",0.135
"8282",0.135
"8283",0.135
"8284",0.135
"8285",0.135
"8286",0.133333333333333
"8287",0.135
"8288",0.135
"8289",0.135
"8290",0.135
"8291",0.135
"8292",0.135
"8293",0.135
"8294",0.135
"8295",0.135
"8296",0.135
"8297",0.135
"8298",0.133333333333333
"8299",0.135
"8300",0.135
"8301",0.131666666666667
"8302",0.131666666666667
"8303",0.131666666666667
"8304",0.131666666666667
"8305",0.131666666666667
"8306",0.131666666666667
"8307",0.131666666666667
"8308",0.131666666666667
"8309",0.131666666666667
"8310",0.13
"8311",0.131666666666667
"8312",0.131666666666667
"8313",0.131666666666667
"8314",0.131666666666667
"8315",0.131666666666667
"8316",0.131666666666667
"8317",0.131666666666667
"8318",0.131666666666667
"8319",0.131666666666667
"8320",0.131666666666667
"8321",0.131666666666667
"8322",0.131666666666667
"8323",0.131666666666667
"8324",0.131666666666667
"8325",0.133333333333333
"8326",0.133333333333333
"8327",0.133333333333333
"8328",0.133333333333333
"8329",0.133333333333333
"8330",0.133333333333333
"8331",0.133333333333333
"8332",0.133333333333333
"8333",0.133333333333333
"8334",0.131666666666667
"8335",0.133333333333333
"8336",0.133333333333333
"8337",0.125
"8338",0.125
"8339",0.125
"8340",0.125
"8341",0.125
"8342",0.125
"8343",0.125
"8344",0.125
"8345",0.125
"8346",0.123333333333333
"8347",0.125
"8348",0.125
"8349",0.125
"8350",0.125
"8351",0.125
"8352",0.125
"8353",0.125
"8354",0.125
"8355",0.125
"8356",0.125
"8357",0.125
"8358",0.123333333333333
"8359",0.125
"8360",0.125
"8361",0.125
"8362",0.125
"8363",0.125
"8364",0.125
"8365",0.125
"8366",0.125
"8367",0.125
"8368",0.125
"8369",0.125
"8370",0.123333333333333
"8371",0.125
"8372",0.125
"8373",0.0883333333333333
"8374",0.0883333333333333
"8375",0.0883333333333333
"8376",0.0883333333333333
"8377",0.0883333333333333
"8378",0.0883333333333333
"8379",0.0883333333333333
"8380",0.0883333333333333
"8381",0.0883333333333333
"8382",0.0866666666666667
"8383",0.0883333333333333
"8384",0.0883333333333333
"8385",0.0833333333333333
"8386",0.0833333333333333
"8387",0.0833333333333333
"8388",0.0833333333333333
"8389",0.0833333333333333
"8390",0.0833333333333333
"8391",0.0833333333333333
"8392",0.0833333333333333
"8393",0.0833333333333333
"8394",0.0816666666666667
"8395",0.0833333333333333
"8396",0.0833333333333333
"8397",0.0833333333333333
"8398",0.0833333333333333
"8399",0.0833333333333333
"8400",0.0833333333333333
"8401",0.0833333333333333
"8402",0.0833333333333333
"8403",0.0833333333333333
"8404",0.0833333333333333
"8405",0.0833333333333333
"8406",0.0816666666666667
"8407",0.0833333333333333
"8408",0.0833333333333333
"8409",0.09
"8410",0.09
"8411",0.09
"8412",0.09
"8413",0.09
"8414",0.09
"8415",0.09
"8416",0.09
"8417",0.09
"8418",0.0883333333333333
"8419",0.09
"8420",0.09
"8421",0.0833333333333333
"8422",0.0833333333333333
"8423",0.0833333333333333
"8424",0.0833333333333333
"8425",0.0833333333333333
"8426",0.0833333333333333
"8427",0.0833333333333333
"8428",0.0833333333333333
"8429",0.0833333333333333
"8430",0.0816666666666667
"8431",0.0833333333333333
"8432",0.0833333333333333
"8433",0.0833333333333333
"8434",0.0833333333333333
"8435",0.0833333333333333
"8436",0.0833333333333333
"8437",0.0833333333333333
"8438",0.0833333333333333
"8439",0.0833333333333333
"8440",0.0833333333333333
"8441",0.0833333333333333
"8442",0.0816666666666667
"8443",0.0833333333333333
"8444",0.0833333333333333
"8445",0.0833333333333333
"8446",0.0833333333333333
"8447",0.0833333333333333
"8448",0.0833333333333333
"8449",0.0833333333333333
"8450",0.0833333333333333
"8451",0.0833333333333333
"8452",0.0833333333333333
"8453",0.0833333333333333
"8454",0.0816666666666667
"8455",0.0833333333333333
"8456",0.0833333333333333
"8457",0.0833333333333333
"8458",0.0833333333333333
"8459",0.0833333333333333
"8460",0.0833333333333333
"8461",0.0833333333333333
"8462",0.0833333333333333
"8463",0.0833333333333333
"8464",0.0833333333333333
"8465",0.0833333333333333
"8466",0.0816666666666667
"8467",0.0833333333333333
"8468",0.0833333333333333
"8469",0.0833333333333333
"8470",0.0833333333333333
"8471",0.0833333333333333
"8472",0.0833333333333333
"8473",0.0833333333333333
"8474",0.0833333333333333
"8475",0.0833333333333333
"8476",0.0833333333333333
"8477",0.0833333333333333
"8478",0.0816666666666667
"8479",0.0833333333333333
"8480",0.0833333333333333
"8481",0.095
"8482",0.095
"8483",0.095
"8484",0.095
"8485",0.095
"8486",0.095
"8487",0.095
"8488",0.095
"8489",0.095
"8490",0.0933333333333333
"8491",0.095
"8492",0.095
"8493",0.095
"8494",0.095
"8495",0.095
"8496",0.095
"8497",0.095
"8498",0.095
"8499",0.095
"8500",0.095
"8501",0.095
"8502",0.0933333333333333
"8503",0.095
"8504",0.095
"8505",0.0933333333333333
"8506",0.0933333333333333
"8507",0.0933333333333333
"8508",0.0933333333333333
"8509",0.0933333333333333
"8510",0.0933333333333333
"8511",0.0933333333333333
"8512",0.0933333333333333
"8513",0.0933333333333333
"8514",0.0916666666666667
"8515",0.0933333333333333
"8516",0.0933333333333333
"8517",0.0933333333333333
"8518",0.0933333333333333
"8519",0.0933333333333333
"8520",0.0933333333333333
"8521",0.0933333333333333
"8522",0.0933333333333333
"8523",0.0933333333333333
"8524",0.0933333333333333
"8525",0.0933333333333333
"8526",0.0916666666666667
"8527",0.0933333333333333
"8528",0.0933333333333333
"8529",0.0933333333333333
"8530",0.0933333333333333
"8531",0.0933333333333333
"8532",0.0933333333333333
"8533",0.0933333333333333
"8534",0.0933333333333333
"8535",0.0933333333333333
"8536",0.0933333333333333
"8537",0.0933333333333333
"8538",0.0933333333333333
"8539",0.0933333333333333
"8540",0.0933333333333333
"8541",0.0966666666666667
"8542",0.0966666666666667
"8543",0.0966666666666667
"8544",0.0966666666666667
"8545",0.0966666666666667
"8546",0.0966666666666667
"8547",0.0966666666666667
"8548",0.0966666666666667
"8549",0.0966666666666667
"8550",0.095
"8551",0.0966666666666667
"8552",0.0966666666666667
"8553",0.0966666666666667
"8554",0.0966666666666667
"8555",0.0966666666666667
"8556",0.0966666666666667
"8557",0.0966666666666667
"8558",0.0966666666666667
"8559",0.0966666666666667
"8560",0.0966666666666667
"8561",0.0966666666666667
"8562",0.095
"8563",0.0966666666666667
"8564",0.0966666666666667
"8565",0.0966666666666667
"8566",0.0966666666666667
"8567",0.0966666666666667
"8568",0.0966666666666667
"8569",0.0966666666666667
"8570",0.0966666666666667
"8571",0.0966666666666667
"8572",0.0966666666666667
"8573",0.0966666666666667
"8574",0.095
"8575",0.0966666666666667
"8576",0.0966666666666667
"8577",0.0916666666666667
"8578",0.0916666666666667
"8579",0.0916666666666667
"8580",0.0916666666666667
"8581",0.0916666666666667
"8582",0.0916666666666667
"8583",0.0916666666666667
"8584",0.0916666666666667
"8585",0.0916666666666667
"8586",0.09
"8587",0.0916666666666667
"8588",0.0916666666666667
"8589",0.0933333333333333
"8590",0.0933333333333333
"8591",0.0933333333333333
"8592",0.0933333333333333
"8593",0.0933333333333333
"8594",0.0933333333333333
"8595",0.0933333333333333
"8596",0.0933333333333333
"8597",0.0933333333333333
"8598",0.0916666666666667
"8599",0.0933333333333333
"8600",0.0933333333333333
"8601",0.095
"8602",0.095
"8603",0.095
"8604",0.095
"8605",0.095
"8606",0.095
"8607",0.095
"8608",0.095
"8609",0.095
"8610",0.0933333333333333
"8611",0.095
"8612",0.095
"8613",0.095
"8614",0.095
"8615",0.095
"8616",0.095
"8617",0.095
"8618",0.095
"8619",0.095
"8620",0.095
"8621",0.095
"8622",0.0933333333333333
"8623",0.095
"8624",0.095
"8625",0.095
"8626",0.095
"8627",0.095
"8628",0.095
"8629",0.095
"8630",0.095
"8631",0.095
"8632",0.095
"8633",0.095
"8634",0.0933333333333333
"8635",0.095
"8636",0.095
"8637",0.118333333333333
"8638",0.118333333333333
"8639",0.118333333333333
"8640",0.118333333333333
"8641",0.118333333333333
"8642",0.118333333333333
"8643",0.118333333333333
"8644",0.118333333333333
"8645",0.118333333333333
"8646",0.118333333333333
"8647",0.118333333333333
"8648",0.118333333333333
"8649",0.118333333333333
"8650",0.118333333333333
"8651",0.118333333333333
"8652",0.118333333333333
"8653",0.118333333333333
"8654",0.118333333333333
"8655",0.118333333333333
"8656",0.118333333333333
"8657",0.118333333333333
"8658",0.118333333333333
"8659",0.118333333333333
"8660",0.118333333333333
"8661",0.121666666666667
"8662",0.121666666666667
"8663",0.121666666666667
"8664",0.121666666666667
"8665",0.121666666666667
"8666",0.121666666666667
"8667",0.121666666666667
"8668",0.121666666666667
"8669",0.121666666666667
"8670",0.121666666666667
"8671",0.121666666666667
"8672",0.121666666666667
"8673",0.12
"8674",0.12
"8675",0.12
"8676",0.12
"8677",0.12
"8678",0.12
"8679",0.12
"8680",0.12
"8681",0.12
"8682",0.12
"8683",0.12
"8684",0.12
"8685",0.118333333333333
"8686",0.118333333333333
"8687",0.118333333333333
"8688",0.118333333333333
"8689",0.118333333333333
"8690",0.118333333333333
"8691",0.118333333333333
"8692",0.118333333333333
"8693",0.118333333333333
"8694",0.118333333333333
"8695",0.118333333333333
"8696",0.118333333333333
"8697",0.118333333333333
"8698",0.118333333333333
"8699",0.118333333333333
"8700",0.118333333333333
"8701",0.118333333333333
"8702",0.118333333333333
"8703",0.118333333333333
"8704",0.118333333333333
"8705",0.118333333333333
"8706",0.118333333333333
"8707",0.118333333333333
"8708",0.118333333333333
"8709",0.12
"8710",0.12
"8711",0.12
"8712",0.12
"8713",0.12
"8714",0.12
"8715",0.12
"8716",0.12
"8717",0.12
"8718",0.12
"8719",0.12
"8720",0.12
"8721",0.12
"8722",0.12
"8723",0.12
"8724",0.12
"8725",0.12
"8726",0.12
"8727",0.12
"8728",0.12
"8729",0.12
"8730",0.12
"8731",0.12
"8732",0.12
"8733",0.121666666666667
"8734",0.121666666666667
"8735",0.121666666666667
"8736",0.121666666666667
"8737",0.121666666666667
"8738",0.121666666666667
"8739",0.121666666666667
"8740",0.121666666666667
"8741",0.121666666666667
"8742",0.121666666666667
"8743",0.121666666666667
"8744",0.121666666666667
"8745",0.123333333333333
"8746",0.123333333333333
"8747",0.123333333333333
"8748",0.123333333333333
"8749",0.123333333333333
"8750",0.123333333333333
"8751",0.123333333333333
"8752",0.123333333333333
"8753",0.123333333333333
"8754",0.123333333333333
"8755",0.123333333333333
"8756",0.123333333333333
"8757",0.12
"8758",0.12
"8759",0.12
"8760",0.12
"8761",0.12
"8762",0.12
"8763",0.12
"8764",0.12
"8765",0.12
"8766",0.12
"8767",0.12
"8768",0.12
"8769",0.12
"8770",0.12
"8771",0.12
"8772",0.12
"8773",0.12
"8774",0.12
"8775",0.12
"8776",0.12
"8777",0.12
"8778",0.12
"8779",0.12
"8780",0.12
"8781",0.0966666666666667
"8782",0.0966666666666667
"8783",0.0966666666666667
"8784",0.0966666666666667
"8785",0.0966666666666667
"8786",0.0966666666666667
"8787",0.0966666666666667
"8788",0.0966666666666667
"8789",0.0966666666666667
"8790",0.095
"8791",0.0966666666666667
"8792",0.0966666666666667
"8793",0.0966666666666667
"8794",0.0966666666666667
"8795",0.0966666666666667
"8796",0.0966666666666667
"8797",0.0966666666666667
"8798",0.0966666666666667
"8799",0.0966666666666667
"8800",0.0966666666666667
"8801",0.0966666666666667
"8802",0.095
"8803",0.0966666666666667
"8804",0.0966666666666667
"8805",0.0983333333333333
"8806",0.0983333333333333
"8807",0.0983333333333333
"8808",0.0983333333333333
"8809",0.0983333333333333
"8810",0.0983333333333333
"8811",0.0983333333333333
"8812",0.0983333333333333
"8813",0.0983333333333333
"8814",0.0966666666666667
"8815",0.0983333333333333
"8816",0.0983333333333333
"8817",0.0966666666666667
"8818",0.0966666666666667
"8819",0.0966666666666667
"8820",0.0966666666666667
"8821",0.0966666666666667
"8822",0.0966666666666667
"8823",0.0966666666666667
"8824",0.0966666666666667
"8825",0.0966666666666667
"8826",0.095
"8827",0.0966666666666667
"8828",0.0966666666666667
"8829",0.0966666666666667
"8830",0.0966666666666667
"8831",0.0966666666666667
"8832",0.0966666666666667
"8833",0.0966666666666667
"8834",0.0966666666666667
"8835",0.0966666666666667
"8836",0.0966666666666667
"8837",0.0966666666666667
"8838",0.095
"8839",0.0966666666666667
"8840",0.0966666666666667
"8841",0.0966666666666667
"8842",0.0966666666666667
"8843",0.0966666666666667
"8844",0.0966666666666667
"8845",0.0966666666666667
"8846",0.0966666666666667
"8847",0.0966666666666667
"8848",0.0966666666666667
"8849",0.0966666666666667
"8850",0.0966666666666667
"8851",0.0966666666666667
"8852",0.0966666666666667
"8853",0.0966666666666667
"8854",0.0966666666666667
"8855",0.0966666666666667
"8856",0.0966666666666667
"8857",0.0966666666666667
"8858",0.0966666666666667
"8859",0.0966666666666667
"8860",0.0966666666666667
"8861",0.0966666666666667
"8862",0.095
"8863",0.0966666666666667
"8864",0.0966666666666667
"8865",0.0966666666666667
"8866",0.0966666666666667
"8867",0.0966666666666667
"8868",0.0966666666666667
"8869",0.0966666666666667
"8870",0.0966666666666667
"8871",0.0966666666666667
"8872",0.0966666666666667
"8873",0.0966666666666667
"8874",0.095
"8875",0.0966666666666667
"8876",0.0966666666666667
"8877",0.106666666666667
"8878",0.106666666666667
"8879",0.106666666666667
"8880",0.106666666666667
"8881",0.106666666666667
"8882",0.106666666666667
"8883",0.106666666666667
"8884",0.106666666666667
"8885",0.106666666666667
"8886",0.105
"8887",0.106666666666667
"8888",0.106666666666667
"8889",0.14
"8890",0.14
"8891",0.14
"8892",0.14
"8893",0.14
"8894",0.14
"8895",0.14
"8896",0.14
"8897",0.14
"8898",0.138333333333333
"8899",0.14
"8900",0.14
"8901",0.14
"8902",0.14
"8903",0.14
"8904",0.14
"8905",0.14
"8906",0.14
"8907",0.14
"8908",0.14
"8909",0.14
"8910",0.138333333333333
"8911",0.14
"8912",0.14
"8913",0.0916666666666667
"8914",0.0916666666666667
"8915",0.0916666666666667
"8916",0.0916666666666667
"8917",0.0916666666666667
"8918",0.0916666666666667
"8919",0.0916666666666667
"8920",0.0916666666666667
"8921",0.0916666666666667
"8922",0.09
"8923",0.0916666666666667
"8924",0.0916666666666667
"8925",0.0916666666666667
"8926",0.0916666666666667
"8927",0.0916666666666667
"8928",0.0916666666666667
"8929",0.0916666666666667
"8930",0.0916666666666667
"8931",0.0916666666666667
"8932",0.0916666666666667
"8933",0.0916666666666667
"8934",0.09
"8935",0.0916666666666667
"8936",0.0916666666666667
"8937",0.113333333333333
"8938",0.113333333333333
"8939",0.113333333333333
"8940",0.113333333333333
"8941",0.116666666666667
"8942",0.113333333333333
"8943",0.113333333333333
"8944",0.113333333333333
"8945",0.113333333333333
"8946",0.113333333333333
"8947",0.113333333333333
"8948",0.113333333333333
"8949",0.113333333333333
"8950",0.113333333333333
"8951",0.113333333333333
"8952",0.113333333333333
"8953",0.113333333333333
"8954",0.113333333333333
"8955",0.113333333333333
"8956",0.113333333333333
"8957",0.113333333333333
"8958",0.113333333333333
"8959",0.113333333333333
"8960",0.116666666666667
"8961",0.113333333333333
"8962",0.113333333333333
"8963",0.113333333333333
"8964",0.113333333333333
"8965",0.113333333333333
"8966",0.113333333333333
"8967",0.113333333333333
"8968",0.113333333333333
"8969",0.113333333333333
"8970",0.113333333333333
"8971",0.113333333333333
"8972",0.113333333333333
"8973",0.113333333333333
"8974",0.113333333333333
"8975",0.13
"8976",0.13
"8977",0.13
"8978",0.13
"8979",0.133333333333333
"8980",0.13
"8981",0.13
"8982",0.13
"8983",0.13
"8984",0.13
"8985",0.13
"8986",0.13
"8987",0.13
"8988",0.13
"8989",0.13
"8990",0.13
"8991",0.13
"8992",0.13
"8993",0.13
"8994",0.131666666666667
"8995",0.131666666666667
"8996",0.131666666666667
"8997",0.131666666666667
"8998",0.135
"8999",0.131666666666667
"9000",0.131666666666667
"9001",0.131666666666667
"9002",0.131666666666667
"9003",0.131666666666667
"9004",0.131666666666667
"9005",0.131666666666667
"9006",0.131666666666667
"9007",0.131666666666667
"9008",0.131666666666667
"9009",0.131666666666667
"9010",0.131666666666667
"9011",0.131666666666667
"9012",0.131666666666667
"9013",0.13
"9014",0.13
"9015",0.13
"9016",0.13
"9017",0.133333333333333
"9018",0.13
"9019",0.13
"9020",0.13
"9021",0.13
"9022",0.13
"9023",0.13
"9024",0.13
"9025",0.13
"9026",0.13
"9027",0.13
"9028",0.13
"9029",0.13
"9030",0.13
"9031",0.13
"9032",0.13
"9033",0.13
"9034",0.13
"9035",0.13
"9036",0.133333333333333
"9037",0.13
"9038",0.13
"9039",0.13
"9040",0.13
"9041",0.13
"9042",0.13
"9043",0.13
"9044",0.13
"9045",0.13
"9046",0.13
"9047",0.13
"9048",0.13
"9049",0.13
"9050",0.13
"9051",0.13
"9052",0.13
"9053",0.13
"9054",0.13
"9055",0.133333333333333
"9056",0.13
"9057",0.13
"9058",0.13
"9059",0.13
"9060",0.13
"9061",0.13
"9062",0.13
"9063",0.13
"9064",0.13
"9065",0.13
"9066",0.13
"9067",0.13
"9068",0.13
"9069",0.13
"9070",0.128333333333333
"9071",0.128333333333333
"9072",0.128333333333333
"9073",0.128333333333333
"9074",0.131666666666667
"9075",0.128333333333333
"9076",0.128333333333333
"9077",0.128333333333333
"9078",0.128333333333333
"9079",0.128333333333333
"9080",0.128333333333333
"9081",0.128333333333333
"9082",0.128333333333333
"9083",0.128333333333333
"9084",0.128333333333333
"9085",0.128333333333333
"9086",0.128333333333333
"9087",0.128333333333333
"9088",0.128333333333333
"9089",0.13
"9090",0.13
"9091",0.13
"9092",0.13
"9093",0.133333333333333
"9094",0.13
"9095",0.13
"9096",0.13
"9097",0.13
"9098",0.13
"9099",0.13
"9100",0.13
"9101",0.13
"9102",0.13
"9103",0.13
"9104",0.13
"9105",0.13
"9106",0.13
"9107",0.13
"9108",0.126666666666667
"9109",0.126666666666667
"9110",0.126666666666667
"9111",0.126666666666667
"9112",0.13
"9113",0.126666666666667
"9114",0.126666666666667
"9115",0.126666666666667
"9116",0.126666666666667
"9117",0.126666666666667
"9118",0.126666666666667
"9119",0.126666666666667
"9120",0.126666666666667
"9121",0.126666666666667
"9122",0.126666666666667
"9123",0.126666666666667
"9124",0.126666666666667
"9125",0.126666666666667
"9126",0.126666666666667
"9127",0.106666666666667
"9128",0.106666666666667
"9129",0.106666666666667
"9130",0.106666666666667
"9131",0.11
"9132",0.106666666666667
"9133",0.106666666666667
"9134",0.106666666666667
"9135",0.106666666666667
"9136",0.106666666666667
"9137",0.106666666666667
"9138",0.106666666666667
"9139",0.106666666666667
"9140",0.106666666666667
"9141",0.106666666666667
"9142",0.106666666666667
"9143",0.106666666666667
"9144",0.106666666666667
"9145",0.106666666666667
"9146",0.108333333333333
"9147",0.108333333333333
"9148",0.108333333333333
"9149",0.108333333333333
"9150",0.111666666666667
"9151",0.108333333333333
"9152",0.108333333333333
"9153",0.108333333333333
"9154",0.108333333333333
"9155",0.108333333333333
"9156",0.108333333333333
"9157",0.108333333333333
"9158",0.108333333333333
"9159",0.108333333333333
"9160",0.108333333333333
"9161",0.108333333333333
"9162",0.108333333333333
"9163",0.108333333333333
"9164",0.108333333333333
"9165",0.106666666666667
"9166",0.106666666666667
"9167",0.106666666666667
"9168",0.106666666666667
"9169",0.11
"9170",0.106666666666667
"9171",0.106666666666667
"9172",0.106666666666667
"9173",0.106666666666667
"9174",0.106666666666667
"9175",0.106666666666667
"9176",0.106666666666667
"9177",0.106666666666667
"9178",0.106666666666667
"9179",0.106666666666667
"9180",0.106666666666667
"9181",0.106666666666667
"9182",0.106666666666667
"9183",0.106666666666667
"9184",0.105
"9185",0.105
"9186",0.105
"9187",0.105
"9188",0.108333333333333
"9189",0.105
"9190",0.105
"9191",0.105
"9192",0.105
"9193",0.105
"9194",0.105
"9195",0.105
"9196",0.105
"9197",0.105
"9198",0.105
"9199",0.105
"9200",0.105
"9201",0.105
"9202",0.105
"9203",0.106666666666667
"9204",0.106666666666667
"9205",0.106666666666667
"9206",0.106666666666667
"9207",0.11
"9208",0.106666666666667
"9209",0.106666666666667
"9210",0.106666666666667
"9211",0.106666666666667
"9212",0.106666666666667
"9213",0.106666666666667
"9214",0.106666666666667
"9215",0.106666666666667
"9216",0.106666666666667
"9217",0.106666666666667
"9218",0.106666666666667
"9219",0.106666666666667
"9220",0.106666666666667
"9221",0.106666666666667
"9222",0.106666666666667
"9223",0.106666666666667
"9224",0.106666666666667
"9225",0.106666666666667
"9226",0.11
"9227",0.106666666666667
"9228",0.106666666666667
"9229",0.106666666666667
"9230",0.106666666666667
"9231",0.106666666666667
"9232",0.106666666666667
"9233",0.106666666666667
"9234",0.106666666666667
"9235",0.106666666666667
"9236",0.106666666666667
"9237",0.106666666666667
"9238",0.106666666666667
"9239",0.106666666666667
"9240",0.106666666666667
"9241",0.106666666666667
"9242",0.106666666666667
"9243",0.106666666666667
"9244",0.106666666666667
"9245",0.11
"9246",0.106666666666667
"9247",0.106666666666667
"9248",0.106666666666667
"9249",0.106666666666667
"9250",0.106666666666667
"9251",0.106666666666667
"9252",0.106666666666667
"9253",0.106666666666667
"9254",0.106666666666667
"9255",0.106666666666667
"9256",0.106666666666667
"9257",0.106666666666667
"9258",0.106666666666667
"9259",0.106666666666667
"9260",0.125
"9261",0.125
"9262",0.125
"9263",0.125
"9264",0.128333333333333
"9265",0.125
"9266",0.125
"9267",0.125
"9268",0.125
"9269",0.125
"9270",0.125
"9271",0.125
"9272",0.125
"9273",0.125
"9274",0.125
"9275",0.125
"9276",0.125
"9277",0.125
"9278",0.125
"9279",0.125
"9280",0.125
"9281",0.125
"9282",0.125
"9283",0.128333333333333
"9284",0.125
"9285",0.125
"9286",0.125
"9287",0.125
"9288",0.125
"9289",0.125
"9290",0.125
"9291",0.125
"9292",0.125
"9293",0.125
"9294",0.125
"9295",0.125
"9296",0.125
"9297",0.125
"9298",0.126666666666667
"9299",0.126666666666667
"9300",0.126666666666667
"9301",0.126666666666667
"9302",0.13
"9303",0.126666666666667
"9304",0.126666666666667
"9305",0.126666666666667
"9306",0.126666666666667
"9307",0.126666666666667
"9308",0.126666666666667
"9309",0.126666666666667
"9310",0.126666666666667
"9311",0.126666666666667
"9312",0.126666666666667
"9313",0.126666666666667
"9314",0.126666666666667
"9315",0.126666666666667
"9316",0.126666666666667
"9317",0.12
"9318",0.12
"9319",0.12
"9320",0.12
"9321",0.123333333333333
"9322",0.12
"9323",0.12
"9324",0.12
"9325",0.12
"9326",0.12
"9327",0.12
"9328",0.12
"9329",0.12
"9330",0.12
"9331",0.12
"9332",0.12
"9333",0.12
"9334",0.12
"9335",0.12
"9336",0.12
"9337",0.12
"9338",0.12
"9339",0.12
"9340",0.123333333333333
"9341",0.12
"9342",0.12
"9343",0.12
"9344",0.12
"9345",0.12
"9346",0.12
"9347",0.12
"9348",0.12
"9349",0.12
"9350",0.12
"9351",0.12
"9352",0.12
"9353",0.12
"9354",0.12
"9355",0.118333333333333
"9356",0.118333333333333
"9357",0.118333333333333
"9358",0.118333333333333
"9359",0.121666666666667
"9360",0.118333333333333
"9361",0.118333333333333
"9362",0.118333333333333
"9363",0.118333333333333
"9364",0.118333333333333
"9365",0.118333333333333
"9366",0.118333333333333
"9367",0.118333333333333
"9368",0.118333333333333
"9369",0.118333333333333
"9370",0.118333333333333
"9371",0.118333333333333
"9372",0.118333333333333
"9373",0.118333333333333
"9374",0.123333333333333
"9375",0.123333333333333
"9376",0.123333333333333
"9377",0.123333333333333
"9378",0.126666666666667
"9379",0.123333333333333
"9380",0.123333333333333
"9381",0.123333333333333
"9382",0.123333333333333
"9383",0.123333333333333
"9384",0.123333333333333
"9385",0.123333333333333
"9386",0.123333333333333
"9387",0.123333333333333
"9388",0.123333333333333
"9389",0.123333333333333
"9390",0.123333333333333
"9391",0.123333333333333
"9392",0.123333333333333
"9393",0.116666666666667
"9394",0.116666666666667
"9395",0.116666666666667
"9396",0.116666666666667
"9397",0.12
"9398",0.116666666666667
"9399",0.116666666666667
"9400",0.116666666666667
"9401",0.116666666666667
"9402",0.116666666666667
"9403",0.116666666666667
"9404",0.116666666666667
"9405",0.116666666666667
"9406",0.116666666666667
"9407",0.116666666666667
"9408",0.116666666666667
"9409",0.116666666666667
"9410",0.116666666666667
"9411",0.116666666666667
"9412",0.12
"9413",0.12
"9414",0.12
"9415",0.12
"9416",0.123333333333333
"9417",0.12
"9418",0.12
"9419",0.12
"9420",0.12
"9421",0.12
"9422",0.12
"9423",0.12
"9424",0.12
"9425",0.12
"9426",0.12
"9427",0.12
"9428",0.12
"9429",0.12
"9430",0.12
"9431",0.12
"9432",0.12
"9433",0.12
"9434",0.12
"9435",0.123333333333333
"9436",0.12
"9437",0.12
"9438",0.12
"9439",0.12
"9440",0.12
"9441",0.12
"9442",0.12
"9443",0.12
"9444",0.12
"9445",0.12
"9446",0.12
"9447",0.12
"9448",0.12
"9449",0.12
"9450",0.118333333333333
"9451",0.118333333333333
"9452",0.118333333333333
"9453",0.118333333333333
"9454",0.121666666666667
"9455",0.118333333333333
"9456",0.118333333333333
"9457",0.118333333333333
"9458",0.118333333333333
"9459",0.118333333333333
"9460",0.118333333333333
"9461",0.118333333333333
"9462",0.118333333333333
"9463",0.118333333333333
"9464",0.118333333333333
"9465",0.118333333333333
"9466",0.118333333333333
"9467",0.118333333333333
"9468",0.118333333333333
"9469",0.12
"9470",0.12
"9471",0.12
"9472",0.12
"9473",0.123333333333333
"9474",0.12
"9475",0.12
"9476",0.12
"9477",0.12
"9478",0.12
"9479",0.12
"9480",0.12
"9481",0.12
"9482",0.12
"9483",0.12
"9484",0.12
"9485",0.12
"9486",0.12
"9487",0.12
"9488",0.116666666666667
"9489",0.116666666666667
"9490",0.116666666666667
"9491",0.116666666666667
"9492",0.12
"9493",0.116666666666667
"9494",0.116666666666667
"9495",0.116666666666667
"9496",0.116666666666667
"9497",0.116666666666667
"9498",0.116666666666667
"9499",0.116666666666667
"9500",0.116666666666667
"9501",0.116666666666667
"9502",0.116666666666667
"9503",0.116666666666667
"9504",0.116666666666667
"9505",0.116666666666667
"9506",0.116666666666667
"9507",0.118333333333333
"9508",0.118333333333333
"9509",0.118333333333333
"9510",0.118333333333333
"9511",0.121666666666667
"9512",0.118333333333333
"9513",0.118333333333333
"9514",0.118333333333333
"9515",0.118333333333333
"9516",0.118333333333333
"9517",0.118333333333333
"9518",0.118333333333333
"9519",0.118333333333333
"9520",0.118333333333333
"9521",0.118333333333333
"9522",0.118333333333333
"9523",0.118333333333333
"9524",0.118333333333333
"9525",0.118333333333333
"9526",0.118333333333333
"9527",0.118333333333333
"9528",0.118333333333333
"9529",0.118333333333333
"9530",0.121666666666667
"9531",0.118333333333333
"9532",0.118333333333333
"9533",0.118333333333333
"9534",0.118333333333333
"9535",0.118333333333333
"9536",0.118333333333333
"9537",0.118333333333333
"9538",0.118333333333333
"9539",0.118333333333333
"9540",0.118333333333333
"9541",0.118333333333333
"9542",0.118333333333333
"9543",0.118333333333333
"9544",0.118333333333333
"9545",0.12
"9546",0.12
"9547",0.12
"9548",0.12
"9549",0.123333333333333
"9550",0.12
"9551",0.12
"9552",0.12
"9553",0.12
"9554",0.12
"9555",0.12
"9556",0.12
"9557",0.12
"9558",0.12
"9559",0.12
"9560",0.12
"9561",0.12
"9562",0.12
"9563",0.12
"9564",0.12
"9565",0.12
"9566",0.12
"9567",0.12
"9568",0.123333333333333
"9569",0.12
"9570",0.12
"9571",0.12
"9572",0.12
"9573",0.12
"9574",0.12
"9575",0.12
"9576",0.12
"9577",0.12
"9578",0.12
"9579",0.12
"9580",0.12
"9581",0.12
"9582",0.12
"9583",0.118333333333333
"9584",0.118333333333333
"9585",0.118333333333333
"9586",0.118333333333333
"9587",0.121666666666667
"9588",0.118333333333333
"9589",0.118333333333333
"9590",0.118333333333333
"9591",0.118333333333333
"9592",0.118333333333333
"9593",0.118333333333333
"9594",0.118333333333333
"9595",0.118333333333333
"9596",0.118333333333333
"9597",0.118333333333333
"9598",0.118333333333333
"9599",0.118333333333333
"9600",0.118333333333333
"9601",0.118333333333333
"9602",0.116666666666667
"9603",0.116666666666667
"9604",0.116666666666667
"9605",0.116666666666667
"9606",0.12
"9607",0.116666666666667
"9608",0.116666666666667
"9609",0.116666666666667
"9610",0.116666666666667
"9611",0.116666666666667
"9612",0.116666666666667
"9613",0.116666666666667
"9614",0.116666666666667
"9615",0.116666666666667
"9616",0.116666666666667
"9617",0.116666666666667
"9618",0.116666666666667
"9619",0.116666666666667
"9620",0.116666666666667
"9621",0.12
"9622",0.12
"9623",0.12
"9624",0.12
"9625",0.123333333333333
"9626",0.12
"9627",0.12
"9628",0.12
"9629",0.12
"9630",0.12
"9631",0.12
"9632",0.12
"9633",0.12
"9634",0.12
"9635",0.12
"9636",0.12
"9637",0.12
"9638",0.12
"9639",0.12
"9640",0.116666666666667
"9641",0.116666666666667
"9642",0.116666666666667
"9643",0.116666666666667
"9644",0.12
"9645",0.116666666666667
"9646",0.116666666666667
"9647",0.116666666666667
"9648",0.116666666666667
"9649",0.116666666666667
"9650",0.116666666666667
"9651",0.116666666666667
"9652",0.116666666666667
"9653",0.116666666666667
"9654",0.116666666666667
"9655",0.116666666666667
"9656",0.116666666666667
"9657",0.116666666666667
"9658",0.116666666666667
"9659",0.116666666666667
"9660",0.116666666666667
"9661",0.116666666666667
"9662",0.116666666666667
"9663",0.12
"9664",0.116666666666667
"9665",0.116666666666667
"9666",0.116666666666667
"9667",0.116666666666667
"9668",0.116666666666667
"9669",0.116666666666667
"9670",0.116666666666667
"9671",0.116666666666667
"9672",0.116666666666667
"9673",0.116666666666667
"9674",0.116666666666667
"9675",0.116666666666667
"9676",0.116666666666667
"9677",0.116666666666667
"9678",0.118333333333333
"9679",0.118333333333333
"9680",0.118333333333333
"9681",0.118333333333333
"9682",0.121666666666667
"9683",0.118333333333333
"9684",0.118333333333333
"9685",0.118333333333333
"9686",0.118333333333333
"9687",0.118333333333333
"9688",0.118333333333333
"9689",0.118333333333333
"9690",0.118333333333333
"9691",0.118333333333333
"9692",0.118333333333333
"9693",0.118333333333333
"9694",0.118333333333333
"9695",0.118333333333333
"9696",0.118333333333333
"9697",0.12
"9698",0.12
"9699",0.12
"9700",0.12
"9701",0.123333333333333
"9702",0.12
"9703",0.12
"9704",0.12
"9705",0.12
"9706",0.12
"9707",0.12
"9708",0.12
"9709",0.12
"9710",0.12
"9711",0.12
"9712",0.12
"9713",0.12
"9714",0.12
"9715",0.12
"9716",0.116666666666667
"9717",0.116666666666667
"9718",0.116666666666667
"9719",0.116666666666667
"9720",0.12
"9721",0.116666666666667
"9722",0.116666666666667
"9723",0.116666666666667
"9724",0.116666666666667
"9725",0.116666666666667
"9726",0.116666666666667
"9727",0.116666666666667
"9728",0.116666666666667
"9729",0.116666666666667
"9730",0.116666666666667
"9731",0.116666666666667
"9732",0.116666666666667
"9733",0.116666666666667
"9734",0.116666666666667
"9735",0.118333333333333
"9736",0.118333333333333
"9737",0.118333333333333
"9738",0.118333333333333
"9739",0.121666666666667
"9740",0.118333333333333
"9741",0.118333333333333
"9742",0.118333333333333
"9743",0.118333333333333
"9744",0.118333333333333
"9745",0.118333333333333
"9746",0.118333333333333
"9747",0.118333333333333
"9748",0.118333333333333
"9749",0.118333333333333
"9750",0.118333333333333
"9751",0.118333333333333
"9752",0.118333333333333
"9753",0.118333333333333
"9754",0.118333333333333
"9755",0.118333333333333
"9756",0.118333333333333
"9757",0.118333333333333
"9758",0.121666666666667
"9759",0.118333333333333
"9760",0.118333333333333
"9761",0.118333333333333
"9762",0.118333333333333
"9763",0.118333333333333
"9764",0.118333333333333
"9765",0.118333333333333
"9766",0.118333333333333
"9767",0.118333333333333
"9768",0.118333333333333
"9769",0.118333333333333
"9770",0.118333333333333
"9771",0.118333333333333
"9772",0.118333333333333
"9773",0.118333333333333
"9774",0.118333333333333
"9775",0.118333333333333
"9776",0.118333333333333
"9777",0.121666666666667
"9778",0.118333333333333
"9779",0.118333333333333
"9780",0.118333333333333
"9781",0.118333333333333
"9782",0.118333333333333
"9783",0.118333333333333
"9784",0.118333333333333
"9785",0.118333333333333
"9786",0.118333333333333
"9787",0.118333333333333
"9788",0.118333333333333
"9789",0.118333333333333
"9790",0.118333333333333
"9791",0.118333333333333
"9792",0.123333333333333
"9793",0.123333333333333
"9794",0.123333333333333
"9795",0.123333333333333
"9796",0.126666666666667
"9797",0.123333333333333
"9798",0.123333333333333
"9799",0.123333333333333
"9800",0.123333333333333
"9801",0.123333333333333
"9802",0.123333333333333
"9803",0.123333333333333
"9804",0.123333333333333
"9805",0.123333333333333
"9806",0.123333333333333
"9807",0.123333333333333
"9808",0.123333333333333
"9809",0.123333333333333
"9810",0.123333333333333
"9811",0.133333333333333
"9812",0.133333333333333
"9813",0.133333333333333
"9814",0.133333333333333
"9815",0.133333333333333
"9816",0.133333333333333
"9817",0.133333333333333
"9818",0.133333333333333
"9819",0.133333333333333
"9820",0.133333333333333
"9821",0.133333333333333
"9822",0.133333333333333
"9823",0.133333333333333
"9824",0.133333333333333
"9825",0.133333333333333
"9826",0.133333333333333
"9827",0.133333333333333
"9828",0.133333333333333
"9829",0.133333333333333
"9830",0.13
"9831",0.13
"9832",0.13
"9833",0.13
"9834",0.13
"9835",0.13
"9836",0.13
"9837",0.13
"9838",0.13
"9839",0.13
"9840",0.13
"9841",0.13
"9842",0.13
"9843",0.13
"9844",0.13
"9845",0.13
"9846",0.13
"9847",0.13
"9848",0.13
"9849",0.133333333333333
"9850",0.133333333333333
"9851",0.133333333333333
"9852",0.133333333333333
"9853",0.133333333333333
"9854",0.133333333333333
"9855",0.133333333333333
"9856",0.133333333333333
"9857",0.133333333333333
"9858",0.133333333333333
"9859",0.133333333333333
"9860",0.133333333333333
"9861",0.133333333333333
"9862",0.133333333333333
"9863",0.133333333333333
"9864",0.133333333333333
"9865",0.133333333333333
"9866",0.133333333333333
"9867",0.133333333333333
"9868",0.131666666666667
"9869",0.131666666666667
"9870",0.131666666666667
"9871",0.131666666666667
"9872",0.131666666666667
"9873",0.131666666666667
"9874",0.131666666666667
"9875",0.131666666666667
"9876",0.131666666666667
"9877",0.131666666666667
"9878",0.131666666666667
"9879",0.131666666666667
"9880",0.131666666666667
"9881",0.131666666666667
"9882",0.131666666666667
"9883",0.131666666666667
"9884",0.131666666666667
"9885",0.131666666666667
"9886",0.131666666666667
"9887",0.131666666666667
"9888",0.131666666666667
"9889",0.131666666666667
"9890",0.131666666666667
"9891",0.131666666666667
"9892",0.131666666666667
"9893",0.131666666666667
"9894",0.131666666666667
"9895",0.131666666666667
"9896",0.131666666666667
"9897",0.131666666666667
"9898",0.131666666666667
"9899",0.131666666666667
"9900",0.131666666666667
"9901",0.131666666666667
"9902",0.131666666666667
"9903",0.131666666666667
"9904",0.131666666666667
"9905",0.131666666666667
"9906",0.13
"9907",0.13
"9908",0.13
"9909",0.13
"9910",0.13
"9911",0.13
"9912",0.13
"9913",0.13
"9914",0.13
"9915",0.13
"9916",0.13
"9917",0.13
"9918",0.13
"9919",0.13
"9920",0.13
"9921",0.13
"9922",0.13
"9923",0.13
"9924",0.13
"9925",0.131666666666667
"9926",0.131666666666667
"9927",0.131666666666667
"9928",0.131666666666667
"9929",0.131666666666667
"9930",0.131666666666667
"9931",0.131666666666667
"9932",0.131666666666667
"9933",0.131666666666667
"9934",0.131666666666667
"9935",0.131666666666667
"9936",0.131666666666667
"9937",0.131666666666667
"9938",0.131666666666667
"9939",0.131666666666667
"9940",0.131666666666667
"9941",0.131666666666667
"9942",0.131666666666667
"9943",0.131666666666667
"9944",0.133333333333333
"9945",0.133333333333333
"9946",0.133333333333333
"9947",0.133333333333333
"9948",0.133333333333333
"9949",0.133333333333333
"9950",0.133333333333333
"9951",0.133333333333333
"9952",0.133333333333333
"9953",0.133333333333333
"9954",0.133333333333333
"9955",0.133333333333333
"9956",0.133333333333333
"9957",0.133333333333333
"9958",0.133333333333333
"9959",0.133333333333333
"9960",0.133333333333333
"9961",0.133333333333333
"9962",0.133333333333333
"9963",0.133333333333333
"9964",0.133333333333333
"9965",0.133333333333333
"9966",0.133333333333333
"9967",0.133333333333333
"9968",0.133333333333333
"9969",0.133333333333333
"9970",0.133333333333333
"9971",0.133333333333333
"9972",0.133333333333333
"9973",0.133333333333333
"9974",0.133333333333333
"9975",0.133333333333333
"9976",0.133333333333333
"9977",0.133333333333333
"9978",0.133333333333333
"9979",0.133333333333333
"9980",0.133333333333333
"9981",0.133333333333333
"9982",0.131666666666667
"9983",0.131666666666667
"9984",0.131666666666667
"9985",0.131666666666667
"9986",0.131666666666667
"9987",0.131666666666667
"9988",0.131666666666667
"9989",0.131666666666667
"9990",0.131666666666667
"9991",0.131666666666667
"9992",0.131666666666667
"9993",0.131666666666667
"9994",0.131666666666667
"9995",0.131666666666667
"9996",0.131666666666667
"9997",0.131666666666667
"9998",0.131666666666667
"9999",0.131666666666667
"10000",0.131666666666667
"10001",0.131666666666667
"10002",0.131666666666667
"10003",0.131666666666667
"10004",0.131666666666667
"10005",0.131666666666667
"10006",0.131666666666667
"10007",0.131666666666667
"10008",0.131666666666667
"10009",0.131666666666667
"10010",0.131666666666667
"10011",0.131666666666667
"10012",0.131666666666667
"10013",0.131666666666667
"10014",0.131666666666667
"10015",0.131666666666667
"10016",0.131666666666667
"10017",0.131666666666667
"10018",0.131666666666667
"10019",0.131666666666667
"10020",0.131666666666667
"10021",0.131666666666667
"10022",0.131666666666667
"10023",0.131666666666667
"10024",0.131666666666667
"10025",0.131666666666667
"10026",0.131666666666667
"10027",0.131666666666667
"10028",0.131666666666667
"10029",0.131666666666667
"10030",0.131666666666667
"10031",0.131666666666667
"10032",0.131666666666667
"10033",0.131666666666667
"10034",0.131666666666667
"10035",0.131666666666667
"10036",0.131666666666667
"10037",0.131666666666667
"10038",0.131666666666667
"10039",0.0983333333333333
"10040",0.0983333333333333
"10041",0.0983333333333333
"10042",0.0983333333333333
"10043",0.101666666666667
"10044",0.0983333333333333
"10045",0.0983333333333333
"10046",0.0983333333333333
"10047",0.0983333333333333
"10048",0.0983333333333333
"10049",0.0983333333333333
"10050",0.0983333333333333
"10051",0.0983333333333333
"10052",0.0983333333333333
"10053",0.0983333333333333
"10054",0.0983333333333333
"10055",0.0983333333333333
"10056",0.0983333333333333
"10057",0.0983333333333333
"10058",0.0983333333333333
"10059",0.0983333333333333
"10060",0.0983333333333333
"10061",0.0983333333333333
"10062",0.101666666666667
"10063",0.0983333333333333
"10064",0.0983333333333333
"10065",0.0983333333333333
"10066",0.0983333333333333
"10067",0.0983333333333333
"10068",0.0983333333333333
"10069",0.0983333333333333
"10070",0.0983333333333333
"10071",0.0983333333333333
"10072",0.0983333333333333
"10073",0.0983333333333333
"10074",0.0983333333333333
"10075",0.0983333333333333
"10076",0.0983333333333333
"10077",0.0983333333333333
"10078",0.0983333333333333
"10079",0.0983333333333333
"10080",0.0983333333333333
"10081",0.101666666666667
"10082",0.0983333333333333
"10083",0.0983333333333333
"10084",0.0983333333333333
"10085",0.0983333333333333
"10086",0.0983333333333333
"10087",0.0983333333333333
"10088",0.0983333333333333
"10089",0.0983333333333333
"10090",0.0983333333333333
"10091",0.0983333333333333
"10092",0.0983333333333333
"10093",0.0983333333333333
"10094",0.0983333333333333
"10095",0.0983333333333333
"10096",0.11
"10097",0.11
"10098",0.11
"10099",0.11
"10100",0.113333333333333
"10101",0.11
"10102",0.11
"10103",0.11
"10104",0.11
"10105",0.11
"10106",0.11
"10107",0.11
"10108",0.11
"10109",0.11
"10110",0.11
"10111",0.11
"10112",0.11
"10113",0.11
"10114",0.11
"10115",0.11
"10116",0.11
"10117",0.11
"10118",0.11
"10119",0.113333333333333
"10120",0.11
"10121",0.11
"10122",0.11
"10123",0.11
"10124",0.11
"10125",0.11
"10126",0.11
"10127",0.11
"10128",0.11
"10129",0.11
"10130",0.11
"10131",0.11
"10132",0.11
"10133",0.11
"10134",0.113333333333333
"10135",0.113333333333333
"10136",0.113333333333333
"10137",0.113333333333333
"10138",0.116666666666667
"10139",0.113333333333333
"10140",0.113333333333333
"10141",0.113333333333333
"10142",0.113333333333333
"10143",0.113333333333333
"10144",0.113333333333333
"10145",0.113333333333333
"10146",0.113333333333333
"10147",0.113333333333333
"10148",0.113333333333333
"10149",0.113333333333333
"10150",0.113333333333333
"10151",0.113333333333333
"10152",0.113333333333333
"10153",0.12
"10154",0.12
"10155",0.12
"10156",0.12
"10157",0.123333333333333
"10158",0.12
"10159",0.12
"10160",0.12
"10161",0.12
"10162",0.12
"10163",0.12
"10164",0.12
"10165",0.12
"10166",0.12
"10167",0.12
"10168",0.12
"10169",0.12
"10170",0.12
"10171",0.12
"10172",0.118333333333333
"10173",0.118333333333333
"10174",0.118333333333333
"10175",0.118333333333333
"10176",0.121666666666667
"10177",0.118333333333333
"10178",0.118333333333333
"10179",0.118333333333333
"10180",0.118333333333333
"10181",0.118333333333333
"10182",0.118333333333333
"10183",0.118333333333333
"10184",0.118333333333333
"10185",0.118333333333333
"10186",0.118333333333333
"10187",0.118333333333333
"10188",0.118333333333333
"10189",0.118333333333333
"10190",0.118333333333333
"10191",0.12
"10192",0.12
"10193",0.12
"10194",0.12
"10195",0.123333333333333
"10196",0.12
"10197",0.12
"10198",0.12
"10199",0.12
"10200",0.12
"10201",0.12
"10202",0.12
"10203",0.12
"10204",0.12
"10205",0.12
"10206",0.12
"10207",0.12
"10208",0.12
"10209",0.12
"10210",0.126666666666667
"10211",0.126666666666667
"10212",0.126666666666667
"10213",0.126666666666667
"10214",0.13
"10215",0.126666666666667
"10216",0.126666666666667
"10217",0.126666666666667
"10218",0.126666666666667
"10219",0.126666666666667
"10220",0.126666666666667
"10221",0.126666666666667
"10222",0.126666666666667
"10223",0.126666666666667
"10224",0.126666666666667
"10225",0.126666666666667
"10226",0.126666666666667
"10227",0.126666666666667
"10228",0.126666666666667
"10229",0.126666666666667
"10230",0.126666666666667
"10231",0.126666666666667
"10232",0.126666666666667
"10233",0.13
"10234",0.126666666666667
"10235",0.126666666666667
"10236",0.126666666666667
"10237",0.126666666666667
"10238",0.126666666666667
"10239",0.126666666666667
"10240",0.126666666666667
"10241",0.126666666666667
"10242",0.126666666666667
"10243",0.126666666666667
"10244",0.126666666666667
"10245",0.126666666666667
"10246",0.126666666666667
"10247",0.126666666666667
"10248",0.146666666666667
"10249",0.146666666666667
"10250",0.146666666666667
"10251",0.146666666666667
"10252",0.15
"10253",0.146666666666667
"10254",0.146666666666667
"10255",0.146666666666667
"10256",0.146666666666667
"10257",0.146666666666667
"10258",0.146666666666667
"10259",0.146666666666667
"10260",0.146666666666667
"10261",0.146666666666667
"10262",0.146666666666667
"10263",0.146666666666667
"10264",0.146666666666667
"10265",0.146666666666667
"10266",0.146666666666667
"10267",0.15
"10268",0.15
"10269",0.15
"10270",0.15
"10271",0.153333333333333
"10272",0.15
"10273",0.15
"10274",0.15
"10275",0.15
"10276",0.15
"10277",0.15
"10278",0.15
"10279",0.15
"10280",0.15
"10281",0.15
"10282",0.15
"10283",0.15
"10284",0.15
"10285",0.15
"10286",0.146666666666667
"10287",0.146666666666667
"10288",0.146666666666667
"10289",0.146666666666667
"10290",0.15
"10291",0.146666666666667
"10292",0.146666666666667
"10293",0.146666666666667
"10294",0.146666666666667
"10295",0.146666666666667
"10296",0.146666666666667
"10297",0.146666666666667
"10298",0.146666666666667
"10299",0.146666666666667
"10300",0.146666666666667
"10301",0.146666666666667
"10302",0.146666666666667
"10303",0.146666666666667
"10304",0.146666666666667
"10305",0.146666666666667
"10306",0.146666666666667
"10307",0.146666666666667
"10308",0.146666666666667
"10309",0.15
"10310",0.146666666666667
"10311",0.146666666666667
"10312",0.146666666666667
"10313",0.146666666666667
"10314",0.146666666666667
"10315",0.146666666666667
"10316",0.146666666666667
"10317",0.146666666666667
"10318",0.146666666666667
"10319",0.146666666666667
"10320",0.146666666666667
"10321",0.146666666666667
"10322",0.146666666666667
"10323",0.146666666666667
"10324",0.125
"10325",0.125
"10326",0.125
"10327",0.125
"10328",0.128333333333333
"10329",0.125
"10330",0.125
"10331",0.125
"10332",0.125
"10333",0.125
"10334",0.125
"10335",0.125
"10336",0.125
"10337",0.125
"10338",0.125
"10339",0.125
"10340",0.125
"10341",0.125
"10342",0.125
"10343",0.126666666666667
"10344",0.126666666666667
"10345",0.126666666666667
"10346",0.126666666666667
"10347",0.13
"10348",0.126666666666667
"10349",0.126666666666667
"10350",0.126666666666667
"10351",0.126666666666667
"10352",0.126666666666667
"10353",0.126666666666667
"10354",0.126666666666667
"10355",0.126666666666667
"10356",0.126666666666667
"10357",0.126666666666667
"10358",0.126666666666667
"10359",0.126666666666667
"10360",0.126666666666667
"10361",0.126666666666667
"10362",0.0983333333333333
"10363",0.0983333333333333
"10364",0.0983333333333333
"10365",0.0983333333333333
"10366",0.101666666666667
"10367",0.0983333333333333
"10368",0.0983333333333333
"10369",0.0983333333333333
"10370",0.0983333333333333
"10371",0.0983333333333333
"10372",0.0983333333333333
"10373",0.0983333333333333
"10374",0.0983333333333333
"10375",0.0983333333333333
"10376",0.0983333333333333
"10377",0.0983333333333333
"10378",0.0983333333333333
"10379",0.0983333333333333
"10380",0.0983333333333333
"10381",0.103333333333333
"10382",0.103333333333333
"10383",0.103333333333333
"10384",0.103333333333333
"10385",0.106666666666667
"10386",0.103333333333333
"10387",0.103333333333333
"10388",0.103333333333333
"10389",0.103333333333333
"10390",0.103333333333333
"10391",0.103333333333333
"10392",0.103333333333333
"10393",0.103333333333333
"10394",0.103333333333333
"10395",0.103333333333333
"10396",0.103333333333333
"10397",0.103333333333333
"10398",0.103333333333333
"10399",0.103333333333333
"10400",0.0983333333333333
"10401",0.0983333333333333
"10402",0.0983333333333333
"10403",0.0983333333333333
"10404",0.101666666666667
"10405",0.0983333333333333
"10406",0.0983333333333333
"10407",0.0983333333333333
"10408",0.0983333333333333
"10409",0.0983333333333333
"10410",0.0983333333333333
"10411",0.0983333333333333
"10412",0.0983333333333333
"10413",0.0983333333333333
"10414",0.0983333333333333
"10415",0.0983333333333333
"10416",0.0983333333333333
"10417",0.0983333333333333
"10418",0.0983333333333333
"10419",0.105
"10420",0.105
"10421",0.105
"10422",0.105
"10423",0.108333333333333
"10424",0.105
"10425",0.105
"10426",0.105
"10427",0.105
"10428",0.105
"10429",0.105
"10430",0.105
"10431",0.105
"10432",0.105
"10433",0.105
"10434",0.105
"10435",0.105
"10436",0.105
"10437",0.105
"10438",0.103333333333333
"10439",0.103333333333333
"10440",0.103333333333333
"10441",0.103333333333333
"10442",0.106666666666667
"10443",0.103333333333333
"10444",0.103333333333333
"10445",0.103333333333333
"10446",0.103333333333333
"10447",0.103333333333333
"10448",0.103333333333333
"10449",0.103333333333333
"10450",0.103333333333333
"10451",0.103333333333333
"10452",0.103333333333333
"10453",0.103333333333333
"10454",0.103333333333333
"10455",0.103333333333333
"10456",0.103333333333333
"10457",0.105
"10458",0.105
"10459",0.105
"10460",0.105
"10461",0.108333333333333
"10462",0.105
"10463",0.105
"10464",0.105
"10465",0.105
"10466",0.105
"10467",0.105
"10468",0.105
"10469",0.105
"10470",0.105
"10471",0.105
"10472",0.105
"10473",0.105
"10474",0.105
"10475",0.105
"10476",0.103333333333333
"10477",0.103333333333333
"10478",0.103333333333333
"10479",0.103333333333333
"10480",0.106666666666667
"10481",0.103333333333333
"10482",0.103333333333333
"10483",0.103333333333333
"10484",0.103333333333333
"10485",0.103333333333333
"10486",0.103333333333333
"10487",0.103333333333333
"10488",0.103333333333333
"10489",0.103333333333333
"10490",0.103333333333333
"10491",0.103333333333333
"10492",0.103333333333333
"10493",0.103333333333333
"10494",0.103333333333333
"10495",0.106666666666667
"10496",0.106666666666667
"10497",0.106666666666667
"10498",0.106666666666667
"10499",0.11
"10500",0.106666666666667
"10501",0.106666666666667
"10502",0.106666666666667
"10503",0.106666666666667
"10504",0.106666666666667
"10505",0.106666666666667
"10506",0.106666666666667
"10507",0.106666666666667
"10508",0.106666666666667
"10509",0.106666666666667
"10510",0.106666666666667
"10511",0.106666666666667
"10512",0.106666666666667
"10513",0.106666666666667
"10514",0.0933333333333333
"10515",0.0933333333333333
"10516",0.0933333333333333
"10517",0.0933333333333333
"10518",0.0966666666666667
"10519",0.0933333333333333
"10520",0.0933333333333333
"10521",0.0933333333333333
"10522",0.0933333333333333
"10523",0.0933333333333333
"10524",0.0933333333333333
"10525",0.0933333333333333
"10526",0.0933333333333333
"10527",0.0933333333333333
"10528",0.0933333333333333
"10529",0.0933333333333333
"10530",0.0933333333333333
"10531",0.0933333333333333
"10532",0.0933333333333333
"10533",0.09
"10534",0.09
"10535",0.09
"10536",0.09
"10537",0.0933333333333333
"10538",0.09
"10539",0.09
"10540",0.09
"10541",0.09
"10542",0.09
"10543",0.09
"10544",0.09
"10545",0.09
"10546",0.09
"10547",0.09
"10548",0.09
"10549",0.09
"10550",0.09
"10551",0.09
"10552",0.09
"10553",0.09
"10554",0.09
"10555",0.09
"10556",0.0933333333333333
"10557",0.09
"10558",0.09
"10559",0.09
"10560",0.09
"10561",0.09
"10562",0.09
"10563",0.09
"10564",0.09
"10565",0.09
"10566",0.09
"10567",0.09
"10568",0.09
"10569",0.09
"10570",0.09
"10571",0.121666666666667
"10572",0.121666666666667
"10573",0.121666666666667
"10574",0.121666666666667
"10575",0.125
"10576",0.121666666666667
"10577",0.121666666666667
"10578",0.121666666666667
"10579",0.121666666666667
"10580",0.121666666666667
"10581",0.121666666666667
"10582",0.121666666666667
"10583",0.121666666666667
"10584",0.121666666666667
"10585",0.121666666666667
"10586",0.121666666666667
"10587",0.121666666666667
"10588",0.121666666666667
"10589",0.121666666666667
"10590",0.121666666666667
"10591",0.121666666666667
"10592",0.121666666666667
"10593",0.121666666666667
"10594",0.125
"10595",0.121666666666667
"10596",0.121666666666667
"10597",0.121666666666667
"10598",0.121666666666667
"10599",0.121666666666667
"10600",0.121666666666667
"10601",0.121666666666667
"10602",0.121666666666667
"10603",0.121666666666667
"10604",0.121666666666667
"10605",0.121666666666667
"10606",0.121666666666667
"10607",0.121666666666667
"10608",0.121666666666667
"10609",0.121666666666667
"10610",0.121666666666667
"10611",0.121666666666667
"10612",0.121666666666667
"10613",0.125
"10614",0.121666666666667
"10615",0.121666666666667
"10616",0.121666666666667
"10617",0.121666666666667
"10618",0.121666666666667
"10619",0.121666666666667
"10620",0.121666666666667
"10621",0.121666666666667
"10622",0.121666666666667
"10623",0.121666666666667
"10624",0.121666666666667
"10625",0.121666666666667
"10626",0.121666666666667
"10627",0.121666666666667
"10628",0.123333333333333
"10629",0.123333333333333
"10630",0.123333333333333
"10631",0.123333333333333
"10632",0.126666666666667
"10633",0.123333333333333
"10634",0.123333333333333
"10635",0.123333333333333
"10636",0.123333333333333
"10637",0.123333333333333
"10638",0.123333333333333
"10639",0.123333333333333
"10640",0.123333333333333
"10641",0.123333333333333
"10642",0.123333333333333
"10643",0.123333333333333
"10644",0.123333333333333
"10645",0.123333333333333
"10646",0.123333333333333
"10647",0.121666666666667
"10648",0.121666666666667
"10649",0.121666666666667
"10650",0.121666666666667
"10651",0.125
"10652",0.121666666666667
"10653",0.121666666666667
"10654",0.121666666666667
"10655",0.121666666666667
"10656",0.121666666666667
"10657",0.121666666666667
"10658",0.121666666666667
"10659",0.121666666666667
"10660",0.121666666666667
"10661",0.121666666666667
"10662",0.121666666666667
"10663",0.121666666666667
"10664",0.121666666666667
"10665",0.121666666666667
"10666",0.123333333333333
"10667",0.123333333333333
"10668",0.123333333333333
"10669",0.123333333333333
"10670",0.126666666666667
"10671",0.123333333333333
"10672",0.123333333333333
"10673",0.123333333333333
"10674",0.123333333333333
"10675",0.123333333333333
"10676",0.123333333333333
"10677",0.123333333333333
"10678",0.123333333333333
"10679",0.123333333333333
"10680",0.123333333333333
"10681",0.123333333333333
"10682",0.123333333333333
"10683",0.123333333333333
"10684",0.123333333333333
"10685",0.123333333333333
"10686",0.123333333333333
"10687",0.123333333333333
"10688",0.123333333333333
"10689",0.126666666666667
"10690",0.123333333333333
"10691",0.123333333333333
"10692",0.123333333333333
"10693",0.123333333333333
"10694",0.123333333333333
"10695",0.123333333333333
"10696",0.123333333333333
"10697",0.123333333333333
"10698",0.123333333333333
"10699",0.123333333333333
"10700",0.123333333333333
"10701",0.123333333333333
"10702",0.123333333333333
"10703",0.123333333333333
"10704",0.121666666666667
"10705",0.121666666666667
"10706",0.121666666666667
"10707",0.121666666666667
"10708",0.125
"10709",0.121666666666667
"10710",0.121666666666667
"10711",0.121666666666667
"10712",0.121666666666667
"10713",0.121666666666667
"10714",0.121666666666667
"10715",0.121666666666667
"10716",0.121666666666667
"10717",0.121666666666667
"10718",0.121666666666667
"10719",0.121666666666667
"10720",0.121666666666667
"10721",0.121666666666667
"10722",0.121666666666667
"10723",0.121666666666667
"10724",0.121666666666667
"10725",0.121666666666667
"10726",0.121666666666667
"10727",0.125
"10728",0.121666666666667
"10729",0.121666666666667
"10730",0.121666666666667
"10731",0.121666666666667
"10732",0.121666666666667
"10733",0.121666666666667
"10734",0.121666666666667
"10735",0.121666666666667
"10736",0.121666666666667
"10737",0.121666666666667
"10738",0.121666666666667
"10739",0.121666666666667
"10740",0.121666666666667
"10741",0.121666666666667
"10742",0.121666666666667
"10743",0.121666666666667
"10744",0.121666666666667
"10745",0.121666666666667
"10746",0.125
"10747",0.121666666666667
"10748",0.121666666666667
"10749",0.121666666666667
"10750",0.121666666666667
"10751",0.121666666666667
"10752",0.121666666666667
"10753",0.121666666666667
"10754",0.121666666666667
"10755",0.121666666666667
"10756",0.121666666666667
"10757",0.121666666666667
"10758",0.121666666666667
"10759",0.121666666666667
"10760",0.121666666666667
"10761",0.121666666666667
"10762",0.121666666666667
"10763",0.121666666666667
"10764",0.121666666666667
"10765",0.125
"10766",0.121666666666667
"10767",0.121666666666667
"10768",0.121666666666667
"10769",0.121666666666667
"10770",0.121666666666667
"10771",0.121666666666667
"10772",0.121666666666667
"10773",0.121666666666667
"10774",0.121666666666667
"10775",0.121666666666667
"10776",0.121666666666667
"10777",0.121666666666667
"10778",0.121666666666667
"10779",0.121666666666667
"10780",0.123333333333333
"10781",0.123333333333333
"10782",0.123333333333333
"10783",0.123333333333333
"10784",0.126666666666667
"10785",0.123333333333333
"10786",0.123333333333333
"10787",0.123333333333333
"10788",0.123333333333333
"10789",0.123333333333333
"10790",0.123333333333333
"10791",0.123333333333333
"10792",0.123333333333333
"10793",0.123333333333333
"10794",0.123333333333333
"10795",0.123333333333333
"10796",0.123333333333333
"10797",0.123333333333333
"10798",0.123333333333333
"10799",0.123333333333333
"10800",0.123333333333333
"10801",0.123333333333333
"10802",0.123333333333333
"10803",0.126666666666667
"10804",0.123333333333333
"10805",0.123333333333333
"10806",0.123333333333333
"10807",0.123333333333333
"10808",0.123333333333333
"10809",0.123333333333333
"10810",0.123333333333333
"10811",0.123333333333333
"10812",0.123333333333333
"10813",0.123333333333333
"10814",0.123333333333333
"10815",0.123333333333333
"10816",0.123333333333333
"10817",0.123333333333333
"10818",0.121666666666667
"10819",0.121666666666667
"10820",0.121666666666667
"10821",0.121666666666667
"10822",0.125
"10823",0.121666666666667
"10824",0.121666666666667
"10825",0.121666666666667
"10826",0.121666666666667
"10827",0.121666666666667
"10828",0.121666666666667
"10829",0.121666666666667
"10830",0.121666666666667
"10831",0.121666666666667
"10832",0.121666666666667
"10833",0.121666666666667
"10834",0.121666666666667
"10835",0.121666666666667
"10836",0.121666666666667
"10837",0.121666666666667
"10838",0.121666666666667
"10839",0.121666666666667
"10840",0.121666666666667
"10841",0.125
"10842",0.121666666666667
"10843",0.121666666666667
"10844",0.121666666666667
"10845",0.121666666666667
"10846",0.121666666666667
"10847",0.121666666666667
"10848",0.121666666666667
"10849",0.121666666666667
"10850",0.121666666666667
"10851",0.121666666666667
"10852",0.121666666666667
"10853",0.121666666666667
"10854",0.121666666666667
"10855",0.121666666666667
"10856",0.123333333333333
"10857",0.123333333333333
"10858",0.123333333333333
"10859",0.123333333333333
"10860",0.126666666666667
"10861",0.123333333333333
"10862",0.123333333333333
"10863",0.123333333333333
"10864",0.123333333333333
"10865",0.123333333333333
"10866",0.123333333333333
"10867",0.123333333333333
"10868",0.123333333333333
"10869",0.123333333333333
"10870",0.123333333333333
"10871",0.123333333333333
"10872",0.123333333333333
"10873",0.123333333333333
"10874",0.123333333333333
"10875",0.121666666666667
"10876",0.121666666666667
"10877",0.121666666666667
"10878",0.121666666666667
"10879",0.125
"10880",0.121666666666667
"10881",0.121666666666667
"10882",0.121666666666667
"10883",0.121666666666667
"10884",0.121666666666667
"10885",0.121666666666667
"10886",0.121666666666667
"10887",0.121666666666667
"10888",0.121666666666667
"10889",0.121666666666667
"10890",0.121666666666667
"10891",0.121666666666667
"10892",0.121666666666667
"10893",0.121666666666667
"10894",0.123333333333333
"10895",0.123333333333333
"10896",0.123333333333333
"10897",0.123333333333333
"10898",0.126666666666667
"10899",0.123333333333333
"10900",0.123333333333333
"10901",0.123333333333333
"10902",0.123333333333333
"10903",0.123333333333333
"10904",0.123333333333333
"10905",0.123333333333333
"10906",0.123333333333333
"10907",0.123333333333333
"10908",0.123333333333333
"10909",0.123333333333333
"10910",0.123333333333333
"10911",0.123333333333333
"10912",0.123333333333333
"10913",0.121666666666667
"10914",0.121666666666667
"10915",0.121666666666667
"10916",0.121666666666667
"10917",0.125
"10918",0.121666666666667
"10919",0.121666666666667
"10920",0.121666666666667
"10921",0.121666666666667
"10922",0.121666666666667
"10923",0.121666666666667
"10924",0.121666666666667
"10925",0.121666666666667
"10926",0.121666666666667
"10927",0.121666666666667
"10928",0.121666666666667
"10929",0.121666666666667
"10930",0.121666666666667
"10931",0.121666666666667
"10932",0.123333333333333
"10933",0.123333333333333
"10934",0.123333333333333
"10935",0.123333333333333
"10936",0.126666666666667
"10937",0.123333333333333
"10938",0.123333333333333
"10939",0.123333333333333
"10940",0.123333333333333
"10941",0.123333333333333
"10942",0.123333333333333
"10943",0.123333333333333
"10944",0.123333333333333
"10945",0.123333333333333
"10946",0.123333333333333
"10947",0.123333333333333
"10948",0.123333333333333
"10949",0.123333333333333
"10950",0.123333333333333
"10951",0.121666666666667
"10952",0.121666666666667
"10953",0.121666666666667
"10954",0.121666666666667
"10955",0.125
"10956",0.121666666666667
"10957",0.121666666666667
"10958",0.121666666666667
"10959",0.121666666666667
"10960",0.121666666666667
"10961",0.121666666666667
"10962",0.121666666666667
"10963",0.121666666666667
"10964",0.121666666666667
"10965",0.121666666666667
"10966",0.121666666666667
"10967",0.121666666666667
"10968",0.121666666666667
"10969",0.121666666666667
"10970",0.123333333333333
"10971",0.123333333333333
"10972",0.123333333333333
"10973",0.123333333333333
"10974",0.126666666666667
"10975",0.123333333333333
"10976",0.123333333333333
"10977",0.123333333333333
"10978",0.123333333333333
"10979",0.123333333333333
"10980",0.123333333333333
"10981",0.123333333333333
"10982",0.123333333333333
"10983",0.123333333333333
"10984",0.123333333333333
"10985",0.123333333333333
"10986",0.123333333333333
"10987",0.123333333333333
"10988",0.123333333333333
"10989",0.121666666666667
"10990",0.121666666666667
"10991",0.121666666666667
"10992",0.121666666666667
"10993",0.125
"10994",0.121666666666667
"10995",0.121666666666667
"10996",0.121666666666667
"10997",0.121666666666667
"10998",0.121666666666667
"10999",0.121666666666667
"11000",0.121666666666667
"11001",0.121666666666667
"11002",0.121666666666667
"11003",0.121666666666667
"11004",0.121666666666667
"11005",0.121666666666667
"11006",0.121666666666667
"11007",0.121666666666667
"11008",0.121666666666667
"11009",0.121666666666667
"11010",0.121666666666667
"11011",0.121666666666667
"11012",0.125
"11013",0.121666666666667
"11014",0.121666666666667
"11015",0.121666666666667
"11016",0.121666666666667
"11017",0.121666666666667
"11018",0.121666666666667
"11019",0.121666666666667
"11020",0.121666666666667
"11021",0.121666666666667
"11022",0.121666666666667
"11023",0.121666666666667
"11024",0.121666666666667
"11025",0.121666666666667
"11026",0.121666666666667
"11027",0.121666666666667
"11028",0.121666666666667
"11029",0.121666666666667
"11030",0.121666666666667
"11031",0.125
"11032",0.121666666666667
"11033",0.121666666666667
"11034",0.121666666666667
"11035",0.121666666666667
"11036",0.121666666666667
"11037",0.121666666666667
"11038",0.121666666666667
"11039",0.121666666666667
"11040",0.121666666666667
"11041",0.121666666666667
"11042",0.121666666666667
"11043",0.121666666666667
"11044",0.121666666666667
"11045",0.121666666666667
"11046",0.123333333333333
"11047",0.123333333333333
"11048",0.123333333333333
"11049",0.123333333333333
"11050",0.126666666666667
"11051",0.123333333333333
"11052",0.123333333333333
"11053",0.123333333333333
"11054",0.123333333333333
"11055",0.123333333333333
"11056",0.123333333333333
"11057",0.123333333333333
"11058",0.123333333333333
"11059",0.123333333333333
"11060",0.123333333333333
"11061",0.123333333333333
"11062",0.123333333333333
"11063",0.123333333333333
"11064",0.123333333333333
"11065",0.123333333333333
"11066",0.123333333333333
"11067",0.123333333333333
"11068",0.123333333333333
"11069",0.126666666666667
"11070",0.123333333333333
"11071",0.123333333333333
"11072",0.123333333333333
"11073",0.123333333333333
"11074",0.123333333333333
"11075",0.123333333333333
"11076",0.123333333333333
"11077",0.123333333333333
"11078",0.123333333333333
"11079",0.123333333333333
"11080",0.123333333333333
"11081",0.123333333333333
"11082",0.123333333333333
"11083",0.123333333333333
"11084",0.121666666666667
"11085",0.121666666666667
"11086",0.121666666666667
"11087",0.121666666666667
"11088",0.125
"11089",0.121666666666667
"11090",0.121666666666667
"11091",0.121666666666667
"11092",0.121666666666667
"11093",0.121666666666667
"11094",0.121666666666667
"11095",0.121666666666667
"11096",0.121666666666667
"11097",0.121666666666667
"11098",0.121666666666667
"11099",0.121666666666667
"11100",0.121666666666667
"11101",0.121666666666667
"11102",0.121666666666667
"11103",0.121666666666667
"11104",0.121666666666667
"11105",0.121666666666667
"11106",0.121666666666667
"11107",0.125
"11108",0.121666666666667
"11109",0.121666666666667
"11110",0.121666666666667
"11111",0.121666666666667
"11112",0.121666666666667
"11113",0.121666666666667
"11114",0.121666666666667
"11115",0.121666666666667
"11116",0.121666666666667
"11117",0.121666666666667
"11118",0.121666666666667
"11119",0.121666666666667
"11120",0.121666666666667
"11121",0.121666666666667
"11122",0.12
"11123",0.12
"11124",0.12
"11125",0.12
"11126",0.123333333333333
"11127",0.12
"11128",0.12
"11129",0.12
"11130",0.12
"11131",0.12
"11132",0.12
"11133",0.12
"11134",0.12
"11135",0.12
"11136",0.12
"11137",0.12
"11138",0.12
"11139",0.12
"11140",0.12
"11141",0.123333333333333
"11142",0.123333333333333
"11143",0.123333333333333
"11144",0.123333333333333
"11145",0.126666666666667
"11146",0.123333333333333
"11147",0.123333333333333
"11148",0.123333333333333
"11149",0.123333333333333
"11150",0.123333333333333
"11151",0.123333333333333
"11152",0.123333333333333
"11153",0.123333333333333
"11154",0.123333333333333
"11155",0.123333333333333
"11156",0.123333333333333
"11157",0.123333333333333
"11158",0.123333333333333
"11159",0.123333333333333
"11160",0.121666666666667
"11161",0.121666666666667
"11162",0.121666666666667
"11163",0.121666666666667
"11164",0.125
"11165",0.121666666666667
"11166",0.121666666666667
"11167",0.121666666666667
"11168",0.121666666666667
"11169",0.121666666666667
"11170",0.121666666666667
"11171",0.121666666666667
"11172",0.121666666666667
"11173",0.121666666666667
"11174",0.121666666666667
"11175",0.121666666666667
"11176",0.121666666666667
"11177",0.121666666666667
"11178",0.121666666666667
"11179",0.123333333333333
"11180",0.123333333333333
"11181",0.123333333333333
"11182",0.123333333333333
"11183",0.126666666666667
"11184",0.123333333333333
"11185",0.123333333333333
"11186",0.123333333333333
"11187",0.123333333333333
"11188",0.123333333333333
"11189",0.123333333333333
"11190",0.123333333333333
"11191",0.123333333333333
"11192",0.123333333333333
"11193",0.123333333333333
"11194",0.123333333333333
"11195",0.123333333333333
"11196",0.123333333333333
"11197",0.123333333333333
"11198",0.123333333333333
"11199",0.123333333333333
"11200",0.123333333333333
"11201",0.123333333333333
"11202",0.126666666666667
"11203",0.123333333333333
"11204",0.123333333333333
"11205",0.123333333333333
"11206",0.123333333333333
"11207",0.123333333333333
"11208",0.123333333333333
"11209",0.123333333333333
"11210",0.123333333333333
"11211",0.123333333333333
"11212",0.123333333333333
"11213",0.123333333333333
"11214",0.123333333333333
"11215",0.123333333333333
"11216",0.123333333333333
"11217",0.121666666666667
"11218",0.121666666666667
"11219",0.121666666666667
"11220",0.121666666666667
"11221",0.125
"11222",0.121666666666667
"11223",0.121666666666667
"11224",0.121666666666667
"11225",0.121666666666667
"11226",0.121666666666667
"11227",0.121666666666667
"11228",0.121666666666667
"11229",0.121666666666667
"11230",0.121666666666667
"11231",0.121666666666667
"11232",0.121666666666667
"11233",0.121666666666667
"11234",0.121666666666667
"11235",0.121666666666667
"11236",0.121666666666667
"11237",0.121666666666667
"11238",0.121666666666667
"11239",0.121666666666667
"11240",0.125
"11241",0.121666666666667
"11242",0.121666666666667
"11243",0.121666666666667
"11244",0.121666666666667
"11245",0.121666666666667
"11246",0.121666666666667
"11247",0.121666666666667
"11248",0.121666666666667
"11249",0.121666666666667
"11250",0.121666666666667
"11251",0.121666666666667
"11252",0.121666666666667
"11253",0.121666666666667
"11254",0.121666666666667
"11255",0.123333333333333
"11256",0.123333333333333
"11257",0.123333333333333
"11258",0.123333333333333
"11259",0.126666666666667
"11260",0.123333333333333
"11261",0.123333333333333
"11262",0.123333333333333
"11263",0.123333333333333
"11264",0.123333333333333
"11265",0.123333333333333
"11266",0.123333333333333
"11267",0.123333333333333
"11268",0.123333333333333
"11269",0.123333333333333
"11270",0.123333333333333
"11271",0.123333333333333
"11272",0.123333333333333
"11273",0.123333333333333
"11274",0.121666666666667
"11275",0.121666666666667
"11276",0.121666666666667
"11277",0.121666666666667
"11278",0.125
"11279",0.121666666666667
"11280",0.121666666666667
"11281",0.121666666666667
"11282",0.121666666666667
"11283",0.121666666666667
"11284",0.121666666666667
"11285",0.121666666666667
"11286",0.121666666666667
"11287",0.121666666666667
"11288",0.121666666666667
"11289",0.121666666666667
"11290",0.121666666666667
"11291",0.121666666666667
"11292",0.121666666666667
"11293",0.121666666666667
"11294",0.121666666666667
"11295",0.121666666666667
"11296",0.121666666666667
"11297",0.125
"11298",0.121666666666667
"11299",0.121666666666667
"11300",0.121666666666667
"11301",0.121666666666667
"11302",0.121666666666667
"11303",0.121666666666667
"11304",0.121666666666667
"11305",0.121666666666667
"11306",0.121666666666667
"11307",0.121666666666667
"11308",0.121666666666667
"11309",0.121666666666667
"11310",0.121666666666667
"11311",0.121666666666667
"11312",0.121666666666667
"11313",0.121666666666667
"11314",0.121666666666667
"11315",0.121666666666667
"11316",0.125
"11317",0.121666666666667
"11318",0.121666666666667
"11319",0.121666666666667
"11320",0.121666666666667
"11321",0.121666666666667
"11322",0.121666666666667
"11323",0.121666666666667
"11324",0.121666666666667
"11325",0.121666666666667
"11326",0.121666666666667
"11327",0.121666666666667
"11328",0.121666666666667
"11329",0.121666666666667
"11330",0.121666666666667
"11331",0.121666666666667
"11332",0.121666666666667
"11333",0.121666666666667
"11334",0.121666666666667
"11335",0.125
"11336",0.121666666666667
"11337",0.121666666666667
"11338",0.121666666666667
"11339",0.121666666666667
"11340",0.121666666666667
"11341",0.121666666666667
"11342",0.121666666666667
"11343",0.121666666666667
"11344",0.121666666666667
"11345",0.121666666666667
"11346",0.121666666666667
"11347",0.121666666666667
"11348",0.121666666666667
"11349",0.121666666666667
"11350",0.121666666666667
"11351",0.121666666666667
"11352",0.121666666666667
"11353",0.121666666666667
"11354",0.125
"11355",0.121666666666667
"11356",0.121666666666667
"11357",0.121666666666667
"11358",0.121666666666667
"11359",0.121666666666667
"11360",0.121666666666667
"11361",0.121666666666667
"11362",0.121666666666667
"11363",0.121666666666667
"11364",0.121666666666667
"11365",0.121666666666667
"11366",0.121666666666667
"11367",0.121666666666667
"11368",0.121666666666667
"11369",0.123333333333333
"11370",0.123333333333333
"11371",0.123333333333333
"11372",0.123333333333333
"11373",0.126666666666667
"11374",0.123333333333333
"11375",0.123333333333333
"11376",0.123333333333333
"11377",0.123333333333333
"11378",0.123333333333333
"11379",0.123333333333333
"11380",0.123333333333333
"11381",0.123333333333333
"11382",0.123333333333333
"11383",0.123333333333333
"11384",0.123333333333333
"11385",0.123333333333333
"11386",0.123333333333333
"11387",0.123333333333333
"11388",0.121666666666667
"11389",0.121666666666667
"11390",0.121666666666667
"11391",0.121666666666667
"11392",0.125
"11393",0.121666666666667
"11394",0.121666666666667
"11395",0.121666666666667
"11396",0.121666666666667
"11397",0.121666666666667
"11398",0.121666666666667
"11399",0.121666666666667
"11400",0.121666666666667
"11401",0.121666666666667
"11402",0.121666666666667
"11403",0.121666666666667
"11404",0.121666666666667
"11405",0.121666666666667
"11406",0.121666666666667
"11407",0.121666666666667
"11408",0.121666666666667
"11409",0.121666666666667
"11410",0.121666666666667
"11411",0.125
"11412",0.121666666666667
"11413",0.121666666666667
"11414",0.121666666666667
"11415",0.121666666666667
"11416",0.121666666666667
"11417",0.121666666666667
"11418",0.121666666666667
"11419",0.121666666666667
"11420",0.121666666666667
"11421",0.121666666666667
"11422",0.121666666666667
"11423",0.121666666666667
"11424",0.121666666666667
"11425",0.121666666666667
"11426",0.121666666666667
"11427",0.121666666666667
"11428",0.121666666666667
"11429",0.121666666666667
"11430",0.125
"11431",0.121666666666667
"11432",0.121666666666667
"11433",0.121666666666667
"11434",0.121666666666667
"11435",0.121666666666667
"11436",0.121666666666667
"11437",0.121666666666667
"11438",0.121666666666667
"11439",0.121666666666667
"11440",0.121666666666667
"11441",0.121666666666667
"11442",0.121666666666667
"11443",0.121666666666667
"11444",0.121666666666667
"11445",0.123333333333333
"11446",0.123333333333333
"11447",0.123333333333333
"11448",0.123333333333333
"11449",0.126666666666667
"11450",0.123333333333333
"11451",0.123333333333333
"11452",0.123333333333333
"11453",0.123333333333333
"11454",0.123333333333333
"11455",0.123333333333333
"11456",0.123333333333333
"11457",0.123333333333333
"11458",0.123333333333333
"11459",0.123333333333333
"11460",0.123333333333333
"11461",0.123333333333333
"11462",0.123333333333333
"11463",0.123333333333333
"11464",0.123333333333333
"11465",0.123333333333333
"11466",0.123333333333333
"11467",0.123333333333333
"11468",0.126666666666667
"11469",0.123333333333333
"11470",0.123333333333333
"11471",0.123333333333333
"11472",0.123333333333333
"11473",0.123333333333333
"11474",0.123333333333333
"11475",0.123333333333333
"11476",0.123333333333333
"11477",0.123333333333333
"11478",0.123333333333333
"11479",0.123333333333333
"11480",0.123333333333333
"11481",0.123333333333333
"11482",0.123333333333333
"11483",0.123333333333333
"11484",0.123333333333333
"11485",0.123333333333333
"11486",0.123333333333333
"11487",0.126666666666667
"11488",0.123333333333333
"11489",0.123333333333333
"11490",0.123333333333333
"11491",0.123333333333333
"11492",0.123333333333333
"11493",0.123333333333333
"11494",0.123333333333333
"11495",0.123333333333333
"11496",0.123333333333333
"11497",0.123333333333333
"11498",0.123333333333333
"11499",0.123333333333333
"11500",0.123333333333333
"11501",0.123333333333333
"11502",0.121666666666667
"11503",0.121666666666667
"11504",0.121666666666667
"11505",0.121666666666667
"11506",0.125
"11507",0.121666666666667
"11508",0.121666666666667
"11509",0.121666666666667
"11510",0.121666666666667
"11511",0.121666666666667
"11512",0.121666666666667
"11513",0.121666666666667
"11514",0.121666666666667
"11515",0.121666666666667
"11516",0.121666666666667
"11517",0.121666666666667
"11518",0.121666666666667
"11519",0.121666666666667
"11520",0.121666666666667
"11521",0.121666666666667
"11522",0.121666666666667
"11523",0.121666666666667
"11524",0.121666666666667
"11525",0.125
"11526",0.121666666666667
"11527",0.121666666666667
"11528",0.121666666666667
"11529",0.121666666666667
"11530",0.121666666666667
"11531",0.121666666666667
"11532",0.121666666666667
"11533",0.121666666666667
"11534",0.121666666666667
"11535",0.121666666666667
"11536",0.121666666666667
"11537",0.121666666666667
"11538",0.121666666666667
"11539",0.121666666666667
"11540",0.123333333333333
"11541",0.123333333333333
"11542",0.123333333333333
"11543",0.123333333333333
"11544",0.126666666666667
"11545",0.123333333333333
"11546",0.123333333333333
"11547",0.123333333333333
"11548",0.123333333333333
"11549",0.123333333333333
"11550",0.123333333333333
"11551",0.123333333333333
"11552",0.123333333333333
"11553",0.123333333333333
"11554",0.123333333333333
"11555",0.123333333333333
"11556",0.123333333333333
"11557",0.123333333333333
"11558",0.123333333333333
"11559",0.121666666666667
"11560",0.121666666666667
"11561",0.121666666666667
"11562",0.121666666666667
"11563",0.125
"11564",0.121666666666667
"11565",0.121666666666667
"11566",0.121666666666667
"11567",0.121666666666667
"11568",0.121666666666667
"11569",0.121666666666667
"11570",0.121666666666667
"11571",0.121666666666667
"11572",0.121666666666667
"11573",0.121666666666667
"11574",0.121666666666667
"11575",0.121666666666667
"11576",0.121666666666667
"11577",0.121666666666667
"11578",0.121666666666667
"11579",0.121666666666667
"11580",0.121666666666667
"11581",0.121666666666667
"11582",0.125
"11583",0.121666666666667
"11584",0.121666666666667
"11585",0.121666666666667
"11586",0.121666666666667
"11587",0.121666666666667
"11588",0.121666666666667
"11589",0.121666666666667
"11590",0.121666666666667
"11591",0.121666666666667
"11592",0.121666666666667
"11593",0.121666666666667
"11594",0.121666666666667
"11595",0.121666666666667
"11596",0.121666666666667
"11597",0.121666666666667
"11598",0.121666666666667
"11599",0.121666666666667
"11600",0.121666666666667
"11601",0.125
"11602",0.121666666666667
"11603",0.121666666666667
"11604",0.121666666666667
"11605",0.121666666666667
"11606",0.121666666666667
"11607",0.121666666666667
"11608",0.121666666666667
"11609",0.121666666666667
"11610",0.121666666666667
"11611",0.121666666666667
"11612",0.121666666666667
"11613",0.121666666666667
"11614",0.121666666666667
"11615",0.121666666666667
"11616",0.121666666666667
"11617",0.121666666666667
"11618",0.121666666666667
"11619",0.121666666666667
"11620",0.125
"11621",0.121666666666667
"11622",0.121666666666667
"11623",0.121666666666667
"11624",0.121666666666667
"11625",0.121666666666667
"11626",0.121666666666667
"11627",0.121666666666667
"11628",0.121666666666667
"11629",0.121666666666667
"11630",0.121666666666667
"11631",0.121666666666667
"11632",0.121666666666667
"11633",0.121666666666667
"11634",0.121666666666667
"11635",0.123333333333333
"11636",0.123333333333333
"11637",0.123333333333333
"11638",0.123333333333333
"11639",0.126666666666667
"11640",0.123333333333333
"11641",0.123333333333333
"11642",0.123333333333333
"11643",0.123333333333333
"11644",0.123333333333333
"11645",0.123333333333333
"11646",0.123333333333333
"11647",0.123333333333333
"11648",0.123333333333333
"11649",0.123333333333333
"11650",0.123333333333333
"11651",0.123333333333333
"11652",0.123333333333333
"11653",0.123333333333333
"11654",0.121666666666667
"11655",0.121666666666667
"11656",0.121666666666667
"11657",0.121666666666667
"11658",0.125
"11659",0.121666666666667
"11660",0.121666666666667
"11661",0.121666666666667
"11662",0.121666666666667
"11663",0.121666666666667
"11664",0.121666666666667
"11665",0.121666666666667
"11666",0.121666666666667
"11667",0.121666666666667
"11668",0.121666666666667
"11669",0.121666666666667
"11670",0.121666666666667
"11671",0.121666666666667
"11672",0.121666666666667
"11673",0.121666666666667
"11674",0.121666666666667
"11675",0.121666666666667
"11676",0.121666666666667
"11677",0.125
"11678",0.121666666666667
"11679",0.121666666666667
"11680",0.121666666666667
"11681",0.121666666666667
"11682",0.121666666666667
"11683",0.121666666666667
"11684",0.121666666666667
"11685",0.121666666666667
"11686",0.121666666666667
"11687",0.121666666666667
"11688",0.121666666666667
"11689",0.121666666666667
"11690",0.121666666666667
"11691",0.121666666666667
"11692",0.12
"11693",0.12
"11694",0.12
"11695",0.12
"11696",0.123333333333333
"11697",0.12
"11698",0.12
"11699",0.12
"11700",0.12
"11701",0.12
"11702",0.12
"11703",0.12
"11704",0.12
"11705",0.12
"11706",0.12
"11707",0.12
"11708",0.12
"11709",0.12
"11710",0.12
"11711",0.121666666666667
"11712",0.121666666666667
"11713",0.121666666666667
"11714",0.121666666666667
"11715",0.125
"11716",0.121666666666667
"11717",0.121666666666667
"11718",0.121666666666667
"11719",0.121666666666667
"11720",0.121666666666667
"11721",0.121666666666667
"11722",0.121666666666667
"11723",0.121666666666667
"11724",0.121666666666667
"11725",0.121666666666667
"11726",0.121666666666667
"11727",0.121666666666667
"11728",0.121666666666667
"11729",0.121666666666667
"11730",0.121666666666667
"11731",0.121666666666667
"11732",0.121666666666667
"11733",0.121666666666667
"11734",0.125
"11735",0.121666666666667
"11736",0.121666666666667
"11737",0.121666666666667
"11738",0.121666666666667
"11739",0.121666666666667
"11740",0.121666666666667
"11741",0.121666666666667
"11742",0.121666666666667
"11743",0.121666666666667
"11744",0.121666666666667
"11745",0.121666666666667
"11746",0.121666666666667
"11747",0.121666666666667
"11748",0.121666666666667
"11749",0.123333333333333
"11750",0.123333333333333
"11751",0.123333333333333
"11752",0.123333333333333
"11753",0.126666666666667
"11754",0.123333333333333
"11755",0.123333333333333
"11756",0.123333333333333
"11757",0.123333333333333
"11758",0.123333333333333
"11759",0.123333333333333
"11760",0.123333333333333
"11761",0.123333333333333
"11762",0.123333333333333
"11763",0.123333333333333
"11764",0.123333333333333
"11765",0.123333333333333
"11766",0.123333333333333
"11767",0.123333333333333
"11768",0.123333333333333
"11769",0.123333333333333
"11770",0.123333333333333
"11771",0.123333333333333
"11772",0.126666666666667
"11773",0.123333333333333
"11774",0.123333333333333
"11775",0.123333333333333
"11776",0.123333333333333
"11777",0.123333333333333
"11778",0.123333333333333
"11779",0.123333333333333
"11780",0.123333333333333
"11781",0.123333333333333
"11782",0.123333333333333
"11783",0.123333333333333
"11784",0.123333333333333
"11785",0.123333333333333
"11786",0.123333333333333
"11787",0.121666666666667
"11788",0.121666666666667
"11789",0.121666666666667
"11790",0.121666666666667
"11791",0.125
"11792",0.121666666666667
"11793",0.121666666666667
"11794",0.121666666666667
"11795",0.121666666666667
"11796",0.121666666666667
"11797",0.121666666666667
"11798",0.121666666666667
"11799",0.121666666666667
"11800",0.121666666666667
"11801",0.121666666666667
"11802",0.121666666666667
"11803",0.121666666666667
"11804",0.121666666666667
"11805",0.121666666666667
"11806",0.121666666666667
"11807",0.121666666666667
"11808",0.121666666666667
"11809",0.121666666666667
"11810",0.125
"11811",0.121666666666667
"11812",0.121666666666667
"11813",0.121666666666667
"11814",0.121666666666667
"11815",0.121666666666667
"11816",0.121666666666667
"11817",0.121666666666667
"11818",0.121666666666667
"11819",0.121666666666667
"11820",0.121666666666667
"11821",0.121666666666667
"11822",0.121666666666667
"11823",0.121666666666667
"11824",0.121666666666667
"11825",0.121666666666667
"11826",0.121666666666667
"11827",0.121666666666667
"11828",0.121666666666667
"11829",0.125
"11830",0.121666666666667
"11831",0.121666666666667
"11832",0.121666666666667
"11833",0.121666666666667
"11834",0.121666666666667
"11835",0.121666666666667
"11836",0.121666666666667
"11837",0.121666666666667
"11838",0.121666666666667
"11839",0.121666666666667
"11840",0.121666666666667
"11841",0.121666666666667
"11842",0.121666666666667
"11843",0.121666666666667
"11844",0.121666666666667
"11845",0.121666666666667
"11846",0.121666666666667
"11847",0.121666666666667
"11848",0.125
"11849",0.121666666666667
"11850",0.121666666666667
"11851",0.121666666666667
"11852",0.121666666666667
"11853",0.121666666666667
"11854",0.121666666666667
"11855",0.121666666666667
"11856",0.121666666666667
"11857",0.121666666666667
"11858",0.121666666666667
"11859",0.121666666666667
"11860",0.121666666666667
"11861",0.121666666666667
"11862",0.121666666666667
"11863",0.123333333333333
"11864",0.123333333333333
"11865",0.123333333333333
"11866",0.123333333333333
"11867",0.126666666666667
"11868",0.123333333333333
"11869",0.123333333333333
"11870",0.123333333333333
"11871",0.123333333333333
"11872",0.123333333333333
"11873",0.123333333333333
"11874",0.123333333333333
"11875",0.123333333333333
"11876",0.123333333333333
"11877",0.123333333333333
"11878",0.123333333333333
"11879",0.123333333333333
"11880",0.123333333333333
"11881",0.123333333333333
"11882",0.121666666666667
"11883",0.121666666666667
"11884",0.121666666666667
"11885",0.121666666666667
"11886",0.125
"11887",0.121666666666667
"11888",0.121666666666667
"11889",0.121666666666667
"11890",0.121666666666667
"11891",0.121666666666667
"11892",0.121666666666667
"11893",0.121666666666667
"11894",0.121666666666667
"11895",0.121666666666667
"11896",0.121666666666667
"11897",0.121666666666667
"11898",0.121666666666667
"11899",0.121666666666667
"11900",0.121666666666667
"11901",0.121666666666667
"11902",0.121666666666667
"11903",0.121666666666667
"11904",0.121666666666667
"11905",0.125
"11906",0.121666666666667
"11907",0.121666666666667
"11908",0.121666666666667
"11909",0.121666666666667
"11910",0.121666666666667
"11911",0.121666666666667
"11912",0.121666666666667
"11913",0.121666666666667
"11914",0.121666666666667
"11915",0.121666666666667
"11916",0.121666666666667
"11917",0.121666666666667
"11918",0.121666666666667
"11919",0.121666666666667
"11920",0.121666666666667
"11921",0.121666666666667
"11922",0.121666666666667
"11923",0.121666666666667
"11924",0.125
"11925",0.121666666666667
"11926",0.121666666666667
"11927",0.121666666666667
"11928",0.121666666666667
"11929",0.121666666666667
"11930",0.121666666666667
"11931",0.121666666666667
"11932",0.121666666666667
"11933",0.121666666666667
"11934",0.121666666666667
"11935",0.121666666666667
"11936",0.121666666666667
"11937",0.121666666666667
"11938",0.121666666666667
"11939",0.12
"11940",0.12
"11941",0.12
"11942",0.12
"11943",0.123333333333333
"11944",0.12
"11945",0.12
"11946",0.12
"11947",0.12
"11948",0.12
"11949",0.12
"11950",0.12
"11951",0.12
"11952",0.12
"11953",0.12
"11954",0.12
"11955",0.12
"11956",0.12
"11957",0.12
"11958",0.123333333333333
"11959",0.123333333333333
"11960",0.123333333333333
"11961",0.123333333333333
"11962",0.126666666666667
"11963",0.123333333333333
"11964",0.123333333333333
"11965",0.123333333333333
"11966",0.123333333333333
"11967",0.123333333333333
"11968",0.123333333333333
"11969",0.123333333333333
"11970",0.123333333333333
"11971",0.123333333333333
"11972",0.123333333333333
"11973",0.123333333333333
"11974",0.123333333333333
"11975",0.123333333333333
"11976",0.123333333333333
"11977",0.121666666666667
"11978",0.121666666666667
"11979",0.121666666666667
"11980",0.121666666666667
"11981",0.125
"11982",0.121666666666667
"11983",0.121666666666667
"11984",0.121666666666667
"11985",0.121666666666667
"11986",0.121666666666667
"11987",0.121666666666667
"11988",0.121666666666667
"11989",0.121666666666667
"11990",0.121666666666667
"11991",0.121666666666667
"11992",0.121666666666667
"11993",0.121666666666667
"11994",0.121666666666667
"11995",0.121666666666667
"11996",0.121666666666667
"11997",0.121666666666667
"11998",0.121666666666667
"11999",0.121666666666667
"12000",0.125
"12001",0.121666666666667
"12002",0.121666666666667
"12003",0.121666666666667
"12004",0.121666666666667
"12005",0.121666666666667
"12006",0.121666666666667
"12007",0.121666666666667
"12008",0.121666666666667
"12009",0.121666666666667
"12010",0.121666666666667
"12011",0.121666666666667
"12012",0.121666666666667
"12013",0.121666666666667
"12014",0.121666666666667
"12015",0.121666666666667
"12016",0.121666666666667
"12017",0.121666666666667
"12018",0.121666666666667
"12019",0.125
"12020",0.121666666666667
"12021",0.121666666666667
"12022",0.121666666666667
"12023",0.121666666666667
"12024",0.121666666666667
"12025",0.121666666666667
"12026",0.121666666666667
"12027",0.121666666666667
"12028",0.121666666666667
"12029",0.121666666666667
"12030",0.121666666666667
"12031",0.121666666666667
"12032",0.121666666666667
"12033",0.121666666666667
"12034",0.123333333333333
"12035",0.123333333333333
"12036",0.123333333333333
"12037",0.123333333333333
"12038",0.126666666666667
"12039",0.123333333333333
"12040",0.123333333333333
"12041",0.123333333333333
"12042",0.123333333333333
"12043",0.123333333333333
"12044",0.123333333333333
"12045",0.123333333333333
"12046",0.123333333333333
"12047",0.123333333333333
"12048",0.123333333333333
"12049",0.123333333333333
"12050",0.123333333333333
"12051",0.123333333333333
"12052",0.123333333333333
"12053",0.121666666666667
"12054",0.121666666666667
"12055",0.121666666666667
"12056",0.121666666666667
"12057",0.125
"12058",0.121666666666667
"12059",0.121666666666667
"12060",0.121666666666667
"12061",0.121666666666667
"12062",0.121666666666667
"12063",0.121666666666667
"12064",0.121666666666667
"12065",0.121666666666667
"12066",0.121666666666667
"12067",0.121666666666667
"12068",0.121666666666667
"12069",0.121666666666667
"12070",0.121666666666667
"12071",0.121666666666667
"12072",0.121666666666667
"12073",0.121666666666667
"12074",0.121666666666667
"12075",0.121666666666667
"12076",0.125
"12077",0.121666666666667
"12078",0.121666666666667
"12079",0.121666666666667
"12080",0.121666666666667
"12081",0.121666666666667
"12082",0.121666666666667
"12083",0.121666666666667
"12084",0.121666666666667
"12085",0.121666666666667
"12086",0.121666666666667
"12087",0.121666666666667
"12088",0.121666666666667
"12089",0.121666666666667
"12090",0.121666666666667
"12091",0.121666666666667
"12092",0.121666666666667
"12093",0.121666666666667
"12094",0.121666666666667
"12095",0.125
"12096",0.121666666666667
"12097",0.121666666666667
"12098",0.121666666666667
"12099",0.121666666666667
"12100",0.121666666666667
"12101",0.121666666666667
"12102",0.121666666666667
"12103",0.121666666666667
"12104",0.121666666666667
"12105",0.121666666666667
"12106",0.121666666666667
"12107",0.121666666666667
"12108",0.121666666666667
"12109",0.121666666666667
"12110",0.121666666666667
"12111",0.121666666666667
"12112",0.121666666666667
"12113",0.121666666666667
"12114",0.125
"12115",0.121666666666667
"12116",0.121666666666667
"12117",0.121666666666667
"12118",0.121666666666667
"12119",0.121666666666667
"12120",0.121666666666667
"12121",0.121666666666667
"12122",0.121666666666667
"12123",0.121666666666667
"12124",0.121666666666667
"12125",0.121666666666667
"12126",0.121666666666667
"12127",0.121666666666667
"12128",0.121666666666667
"12129",0.123333333333333
"12130",0.123333333333333
"12131",0.123333333333333
"12132",0.123333333333333
"12133",0.126666666666667
"12134",0.123333333333333
"12135",0.123333333333333
"12136",0.123333333333333
"12137",0.123333333333333
"12138",0.123333333333333
"12139",0.123333333333333
"12140",0.123333333333333
"12141",0.123333333333333
"12142",0.123333333333333
"12143",0.123333333333333
"12144",0.123333333333333
"12145",0.123333333333333
"12146",0.123333333333333
"12147",0.123333333333333
"12148",0.123333333333333
"12149",0.123333333333333
"12150",0.123333333333333
"12151",0.123333333333333
"12152",0.126666666666667
"12153",0.123333333333333
"12154",0.123333333333333
"12155",0.123333333333333
"12156",0.123333333333333
"12157",0.123333333333333
"12158",0.123333333333333
"12159",0.123333333333333
"12160",0.123333333333333
"12161",0.123333333333333
"12162",0.123333333333333
"12163",0.123333333333333
"12164",0.123333333333333
"12165",0.123333333333333
"12166",0.123333333333333
"12167",0.12
"12168",0.12
"12169",0.12
"12170",0.12
"12171",0.123333333333333
"12172",0.12
"12173",0.12
"12174",0.12
"12175",0.12
"12176",0.12
"12177",0.12
"12178",0.12
"12179",0.12
"12180",0.12
"12181",0.12
"12182",0.12
"12183",0.12
"12184",0.12
"12185",0.12
"12186",0.123333333333333
"12187",0.123333333333333
"12188",0.123333333333333
"12189",0.123333333333333
"12190",0.126666666666667
"12191",0.123333333333333
"12192",0.123333333333333
"12193",0.123333333333333
"12194",0.123333333333333
"12195",0.123333333333333
"12196",0.123333333333333
"12197",0.123333333333333
"12198",0.123333333333333
"12199",0.123333333333333
"12200",0.123333333333333
"12201",0.123333333333333
"12202",0.123333333333333
"12203",0.123333333333333
"12204",0.123333333333333
"12205",0.123333333333333
"12206",0.123333333333333
"12207",0.123333333333333
"12208",0.123333333333333
"12209",0.126666666666667
"12210",0.123333333333333
"12211",0.123333333333333
"12212",0.123333333333333
"12213",0.123333333333333
"12214",0.123333333333333
"12215",0.123333333333333
"12216",0.123333333333333
"12217",0.123333333333333
"12218",0.123333333333333
"12219",0.123333333333333
"12220",0.123333333333333
"12221",0.123333333333333
"12222",0.123333333333333
"12223",0.123333333333333
"12224",0.126666666666667
"12225",0.126666666666667
"12226",0.126666666666667
"12227",0.126666666666667
"12228",0.13
"12229",0.126666666666667
"12230",0.126666666666667
"12231",0.126666666666667
"12232",0.126666666666667
"12233",0.126666666666667
"12234",0.126666666666667
"12235",0.126666666666667
"12236",0.126666666666667
"12237",0.126666666666667
"12238",0.126666666666667
"12239",0.126666666666667
"12240",0.126666666666667
"12241",0.126666666666667
"12242",0.126666666666667
"12243",0.12
"12244",0.12
"12245",0.12
"12246",0.12
"12247",0.123333333333333
"12248",0.12
"12249",0.12
"12250",0.12
"12251",0.12
"12252",0.12
"12253",0.12
"12254",0.12
"12255",0.12
"12256",0.12
"12257",0.12
"12258",0.12
"12259",0.12
"12260",0.12
"12261",0.12
"12262",0.13
"12263",0.13
"12264",0.13
"12265",0.13
"12266",0.133333333333333
"12267",0.13
"12268",0.13
"12269",0.13
"12270",0.13
"12271",0.13
"12272",0.13
"12273",0.13
"12274",0.13
"12275",0.13
"12276",0.13
"12277",0.13
"12278",0.13
"12279",0.13
"12280",0.13
"12281",0.12
"12282",0.12
"12283",0.12
"12284",0.12
"12285",0.123333333333333
"12286",0.12
"12287",0.12
"12288",0.12
"12289",0.12
"12290",0.12
"12291",0.12
"12292",0.12
"12293",0.12
"12294",0.12
"12295",0.12
"12296",0.12
"12297",0.12
"12298",0.12
"12299",0.12
"12300",0.13
"12301",0.13
"12302",0.13
"12303",0.13
"12304",0.133333333333333
"12305",0.13
"12306",0.13
"12307",0.13
"12308",0.13
"12309",0.13
"12310",0.13
"12311",0.13
"12312",0.13
"12313",0.13
"12314",0.13
"12315",0.13
"12316",0.13
"12317",0.13
"12318",0.13
"12319",0.13
"12320",0.13
"12321",0.13
"12322",0.13
"12323",0.133333333333333
"12324",0.13
"12325",0.13
"12326",0.13
"12327",0.13
"12328",0.13
"12329",0.13
"12330",0.13
"12331",0.13
"12332",0.13
"12333",0.13
"12334",0.13
"12335",0.13
"12336",0.13
"12337",0.13
"12338",0.128333333333333
"12339",0.128333333333333
"12340",0.128333333333333
"12341",0.128333333333333
"12342",0.131666666666667
"12343",0.128333333333333
"12344",0.128333333333333
"12345",0.128333333333333
"12346",0.128333333333333
"12347",0.128333333333333
"12348",0.128333333333333
"12349",0.128333333333333
"12350",0.128333333333333
"12351",0.128333333333333
"12352",0.128333333333333
"12353",0.128333333333333
"12354",0.128333333333333
"12355",0.128333333333333
"12356",0.128333333333333
"12357",0.135
"12358",0.135
"12359",0.135
"12360",0.135
"12361",0.135
"12362",0.135
"12363",0.135
"12364",0.135
"12365",0.135
"12366",0.135
"12367",0.135
"12368",0.135
"12369",0.135
"12370",0.135
"12371",0.135
"12372",0.135
"12373",0.135
"12374",0.135
"12375",0.135
"12376",0.131666666666667
"12377",0.131666666666667
"12378",0.131666666666667
"12379",0.131666666666667
"12380",0.131666666666667
"12381",0.131666666666667
"12382",0.131666666666667
"12383",0.131666666666667
"12384",0.131666666666667
"12385",0.131666666666667
"12386",0.131666666666667
"12387",0.131666666666667
"12388",0.131666666666667
"12389",0.131666666666667
"12390",0.131666666666667
"12391",0.131666666666667
"12392",0.131666666666667
"12393",0.131666666666667
"12394",0.131666666666667
"12395",0.131666666666667
"12396",0.131666666666667
"12397",0.131666666666667
"12398",0.131666666666667
"12399",0.131666666666667
"12400",0.131666666666667
"12401",0.131666666666667
"12402",0.131666666666667
"12403",0.131666666666667
"12404",0.131666666666667
"12405",0.131666666666667
"12406",0.131666666666667
"12407",0.131666666666667
"12408",0.131666666666667
"12409",0.131666666666667
"12410",0.131666666666667
"12411",0.131666666666667
"12412",0.131666666666667
"12413",0.131666666666667
"12414",0.133333333333333
"12415",0.133333333333333
"12416",0.133333333333333
"12417",0.133333333333333
"12418",0.133333333333333
"12419",0.133333333333333
"12420",0.133333333333333
"12421",0.133333333333333
"12422",0.133333333333333
"12423",0.133333333333333
"12424",0.133333333333333
"12425",0.133333333333333
"12426",0.133333333333333
"12427",0.133333333333333
"12428",0.133333333333333
"12429",0.133333333333333
"12430",0.133333333333333
"12431",0.133333333333333
"12432",0.133333333333333
"12433",0.133333333333333
"12434",0.133333333333333
"12435",0.133333333333333
"12436",0.133333333333333
"12437",0.133333333333333
"12438",0.133333333333333
"12439",0.133333333333333
"12440",0.133333333333333
"12441",0.133333333333333
"12442",0.133333333333333
"12443",0.133333333333333
"12444",0.133333333333333
"12445",0.133333333333333
"12446",0.133333333333333
"12447",0.133333333333333
"12448",0.133333333333333
"12449",0.133333333333333
"12450",0.133333333333333
"12451",0.133333333333333
"12452",0.0716666666666667
"12453",0.0716666666666667
"12454",0.0716666666666667
"12455",0.0716666666666667
"12456",0.0716666666666667
"12457",0.0716666666666667
"12458",0.0716666666666667
"12459",0.0716666666666667
"12460",0.0716666666666667
"12461",0.0716666666666667
"12462",0.0716666666666667
"12463",0.0716666666666667
"12464",0.0716666666666667
"12465",0.0716666666666667
"12466",0.0716666666666667
"12467",0.0716666666666667
"12468",0.0716666666666667
"12469",0.0716666666666667
"12470",0.0716666666666667
"12471",0.07
"12472",0.07
"12473",0.07
"12474",0.07
"12475",0.07
"12476",0.07
"12477",0.07
"12478",0.07
"12479",0.07
"12480",0.07
"12481",0.07
"12482",0.07
"12483",0.07
"12484",0.07
"12485",0.07
"12486",0.07
"12487",0.07
"12488",0.07
"12489",0.07
"12490",0.0733333333333333
"12491",0.0733333333333333
"12492",0.0733333333333333
"12493",0.0733333333333333
"12494",0.0733333333333333
"12495",0.0733333333333333
"12496",0.0733333333333333
"12497",0.0733333333333333
"12498",0.0733333333333333
"12499",0.0733333333333333
"12500",0.0733333333333333
"12501",0.0733333333333333
"12502",0.0733333333333333
"12503",0.0733333333333333
"12504",0.0733333333333333
"12505",0.0733333333333333
"12506",0.0733333333333333
"12507",0.0733333333333333
"12508",0.0733333333333333
"12509",0.0716666666666667
"12510",0.0716666666666667
"12511",0.0716666666666667
"12512",0.0716666666666667
"12513",0.0716666666666667
"12514",0.0716666666666667
"12515",0.0716666666666667
"12516",0.0716666666666667
"12517",0.0716666666666667
"12518",0.0716666666666667
"12519",0.0716666666666667
"12520",0.0716666666666667
"12521",0.0716666666666667
"12522",0.0716666666666667
"12523",0.0716666666666667
"12524",0.0716666666666667
"12525",0.0716666666666667
"12526",0.0716666666666667
"12527",0.0716666666666667
"12528",0.0733333333333333
"12529",0.0733333333333333
"12530",0.0733333333333333
"12531",0.0733333333333333
"12532",0.0733333333333333
"12533",0.0733333333333333
"12534",0.0733333333333333
"12535",0.0733333333333333
"12536",0.0733333333333333
"12537",0.0733333333333333
"12538",0.0733333333333333
"12539",0.0733333333333333
"12540",0.0733333333333333
"12541",0.0733333333333333
"12542",0.0733333333333333
"12543",0.0733333333333333
"12544",0.0733333333333333
"12545",0.0733333333333333
"12546",0.0733333333333333
"12547",0.0716666666666667
"12548",0.0716666666666667
"12549",0.0716666666666667
"12550",0.0716666666666667
"12551",0.0716666666666667
"12552",0.0716666666666667
"12553",0.0716666666666667
"12554",0.0716666666666667
"12555",0.0716666666666667
"12556",0.0716666666666667
"12557",0.0716666666666667
"12558",0.0716666666666667
"12559",0.0716666666666667
"12560",0.0716666666666667
"12561",0.0716666666666667
"12562",0.0716666666666667
"12563",0.0716666666666667
"12564",0.0716666666666667
"12565",0.0716666666666667
"12566",0.0733333333333333
"12567",0.0733333333333333
"12568",0.0733333333333333
"12569",0.0733333333333333
"12570",0.0733333333333333
"12571",0.0733333333333333
"12572",0.0733333333333333
"12573",0.0733333333333333
"12574",0.0733333333333333
"12575",0.0733333333333333
"12576",0.0733333333333333
"12577",0.0733333333333333
"12578",0.0733333333333333
"12579",0.0733333333333333
"12580",0.0733333333333333
"12581",0.0733333333333333
"12582",0.0733333333333333
"12583",0.0733333333333333
"12584",0.0733333333333333
"12585",0.0716666666666667
"12586",0.0716666666666667
"12587",0.0716666666666667
"12588",0.0716666666666667
"12589",0.0716666666666667
"12590",0.0716666666666667
"12591",0.0716666666666667
"12592",0.0716666666666667
"12593",0.0716666666666667
"12594",0.0716666666666667
"12595",0.0716666666666667
"12596",0.0716666666666667
"12597",0.0716666666666667
"12598",0.0716666666666667
"12599",0.0716666666666667
"12600",0.0716666666666667
"12601",0.0716666666666667
"12602",0.0716666666666667
"12603",0.0716666666666667
"12604",0.0733333333333333
"12605",0.0733333333333333
"12606",0.0733333333333333
"12607",0.0733333333333333
"12608",0.0733333333333333
"12609",0.0733333333333333
"12610",0.0733333333333333
"12611",0.0733333333333333
"12612",0.0733333333333333
"12613",0.0733333333333333
"12614",0.0733333333333333
"12615",0.0733333333333333
"12616",0.0733333333333333
"12617",0.0733333333333333
"12618",0.0733333333333333
"12619",0.0733333333333333
"12620",0.0733333333333333
"12621",0.0733333333333333
"12622",0.0733333333333333
"12623",0.0733333333333333
"12624",0.0733333333333333
"12625",0.0733333333333333
"12626",0.0733333333333333
"12627",0.0733333333333333
"12628",0.0733333333333333
"12629",0.0733333333333333
"12630",0.0733333333333333
"12631",0.0733333333333333
"12632",0.0733333333333333
"12633",0.0733333333333333
"12634",0.0733333333333333
"12635",0.0733333333333333
"12636",0.0733333333333333
"12637",0.0733333333333333
"12638",0.0733333333333333
"12639",0.0733333333333333
"12640",0.0733333333333333
"12641",0.0733333333333333
"12642",0.0733333333333333
"12643",0.0733333333333333
"12644",0.0733333333333333
"12645",0.0733333333333333
"12646",0.0733333333333333
"12647",0.0733333333333333
"12648",0.0733333333333333
"12649",0.0733333333333333
"12650",0.0733333333333333
"12651",0.0733333333333333
"12652",0.0733333333333333
"12653",0.0733333333333333
"12654",0.0733333333333333
"12655",0.0733333333333333
"12656",0.0733333333333333
"12657",0.0733333333333333
"12658",0.0733333333333333
"12659",0.0733333333333333
"12660",0.0733333333333333
"12661",0.0716666666666667
"12662",0.0716666666666667
"12663",0.0716666666666667
"12664",0.0716666666666667
"12665",0.0716666666666667
"12666",0.0716666666666667
"12667",0.0716666666666667
"12668",0.0716666666666667
"12669",0.0716666666666667
"12670",0.0716666666666667
"12671",0.0716666666666667
"12672",0.0716666666666667
"12673",0.0716666666666667
"12674",0.0716666666666667
"12675",0.0716666666666667
"12676",0.0716666666666667
"12677",0.0716666666666667
"12678",0.0716666666666667
"12679",0.0716666666666667
"12680",0.128333333333333
"12681",0.128333333333333
"12682",0.128333333333333
"12683",0.128333333333333
"12684",0.131666666666667
"12685",0.128333333333333
"12686",0.128333333333333
"12687",0.128333333333333
"12688",0.128333333333333
"12689",0.128333333333333
"12690",0.128333333333333
"12691",0.128333333333333
"12692",0.128333333333333
"12693",0.128333333333333
"12694",0.128333333333333
"12695",0.128333333333333
"12696",0.128333333333333
"12697",0.128333333333333
"12698",0.128333333333333
"12699",0.128333333333333
"12700",0.128333333333333
"12701",0.128333333333333
"12702",0.128333333333333
"12703",0.131666666666667
"12704",0.128333333333333
"12705",0.128333333333333
"12706",0.128333333333333
"12707",0.128333333333333
"12708",0.128333333333333
"12709",0.128333333333333
"12710",0.128333333333333
"12711",0.128333333333333
"12712",0.128333333333333
"12713",0.128333333333333
"12714",0.128333333333333
"12715",0.128333333333333
"12716",0.128333333333333
"12717",0.128333333333333
"12718",0.126666666666667
"12719",0.126666666666667
"12720",0.126666666666667
"12721",0.126666666666667
"12722",0.13
"12723",0.126666666666667
"12724",0.126666666666667
"12725",0.126666666666667
"12726",0.126666666666667
"12727",0.126666666666667
"12728",0.126666666666667
"12729",0.126666666666667
"12730",0.126666666666667
"12731",0.126666666666667
"12732",0.126666666666667
"12733",0.126666666666667
"12734",0.126666666666667
"12735",0.126666666666667
"12736",0.126666666666667
"12737",0.128333333333333
"12738",0.128333333333333
"12739",0.128333333333333
"12740",0.128333333333333
"12741",0.131666666666667
"12742",0.128333333333333
"12743",0.128333333333333
"12744",0.128333333333333
"12745",0.128333333333333
"12746",0.128333333333333
"12747",0.128333333333333
"12748",0.128333333333333
"12749",0.128333333333333
"12750",0.128333333333333
"12751",0.128333333333333
"12752",0.128333333333333
"12753",0.128333333333333
"12754",0.128333333333333
"12755",0.128333333333333
"12756",0.105
"12757",0.105
"12758",0.105
"12759",0.105
"12760",0.108333333333333
"12761",0.105
"12762",0.105
"12763",0.105
"12764",0.105
"12765",0.105
"12766",0.105
"12767",0.105
"12768",0.105
"12769",0.105
"12770",0.105
"12771",0.105
"12772",0.105
"12773",0.105
"12774",0.105
"12775",0.101666666666667
"12776",0.101666666666667
"12777",0.101666666666667
"12778",0.101666666666667
"12779",0.105
"12780",0.101666666666667
"12781",0.101666666666667
"12782",0.101666666666667
"12783",0.101666666666667
"12784",0.101666666666667
"12785",0.101666666666667
"12786",0.101666666666667
"12787",0.101666666666667
"12788",0.101666666666667
"12789",0.101666666666667
"12790",0.101666666666667
"12791",0.101666666666667
"12792",0.101666666666667
"12793",0.101666666666667
"12794",0.105
"12795",0.105
"12796",0.105
"12797",0.105
"12798",0.108333333333333
"12799",0.105
"12800",0.105
"12801",0.105
"12802",0.105
"12803",0.105
"12804",0.105
"12805",0.105
"12806",0.105
"12807",0.105
"12808",0.105
"12809",0.105
"12810",0.105
"12811",0.105
"12812",0.105
"12813",0.105
"12814",0.105
"12815",0.105
"12816",0.105
"12817",0.108333333333333
"12818",0.105
"12819",0.105
"12820",0.105
"12821",0.105
"12822",0.105
"12823",0.105
"12824",0.105
"12825",0.105
"12826",0.105
"12827",0.105
"12828",0.105
"12829",0.105
"12830",0.105
"12831",0.105
"12832",0.108333333333333
"12833",0.108333333333333
"12834",0.108333333333333
"12835",0.108333333333333
"12836",0.111666666666667
"12837",0.108333333333333
"12838",0.108333333333333
"12839",0.108333333333333
"12840",0.108333333333333
"12841",0.108333333333333
"12842",0.108333333333333
"12843",0.108333333333333
"12844",0.108333333333333
"12845",0.108333333333333
"12846",0.108333333333333
"12847",0.108333333333333
"12848",0.108333333333333
"12849",0.108333333333333
"12850",0.108333333333333
"12851",0.105
"12852",0.105
"12853",0.105
"12854",0.105
"12855",0.108333333333333
"12856",0.105
"12857",0.105
"12858",0.105
"12859",0.105
"12860",0.105
"12861",0.105
"12862",0.105
"12863",0.105
"12864",0.105
"12865",0.105
"12866",0.105
"12867",0.105
"12868",0.105
"12869",0.105
"12870",0.106666666666667
"12871",0.106666666666667
"12872",0.106666666666667
"12873",0.106666666666667
"12874",0.11
"12875",0.106666666666667
"12876",0.106666666666667
"12877",0.106666666666667
"12878",0.106666666666667
"12879",0.106666666666667
"12880",0.106666666666667
"12881",0.106666666666667
"12882",0.106666666666667
"12883",0.106666666666667
"12884",0.106666666666667
"12885",0.106666666666667
"12886",0.106666666666667
"12887",0.106666666666667
"12888",0.106666666666667
"12889",0.1
"12890",0.1
"12891",0.1
"12892",0.1
"12893",0.103333333333333
"12894",0.1
"12895",0.1
"12896",0.1
"12897",0.1
"12898",0.1
"12899",0.1
"12900",0.1
"12901",0.1
"12902",0.1
"12903",0.1
"12904",0.1
"12905",0.1
"12906",0.1
"12907",0.1
"12908",0.101666666666667
"12909",0.101666666666667
"12910",0.101666666666667
"12911",0.101666666666667
"12912",0.105
"12913",0.101666666666667
"12914",0.101666666666667
"12915",0.101666666666667
"12916",0.101666666666667
"12917",0.101666666666667
"12918",0.101666666666667
"12919",0.101666666666667
"12920",0.101666666666667
"12921",0.101666666666667
"12922",0.101666666666667
"12923",0.101666666666667
"12924",0.101666666666667
"12925",0.101666666666667
"12926",0.101666666666667
"12927",0.101666666666667
"12928",0.101666666666667
"12929",0.101666666666667
"12930",0.101666666666667
"12931",0.105
"12932",0.101666666666667
"12933",0.101666666666667
"12934",0.101666666666667
"12935",0.101666666666667
"12936",0.101666666666667
"12937",0.101666666666667
"12938",0.101666666666667
"12939",0.101666666666667
"12940",0.101666666666667
"12941",0.101666666666667
"12942",0.101666666666667
"12943",0.101666666666667
"12944",0.101666666666667
"12945",0.101666666666667
"12946",0.131666666666667
"12947",0.131666666666667
"12948",0.131666666666667
"12949",0.131666666666667
"12950",0.135
"12951",0.131666666666667
"12952",0.131666666666667
"12953",0.131666666666667
"12954",0.131666666666667
"12955",0.131666666666667
"12956",0.131666666666667
"12957",0.131666666666667
"12958",0.131666666666667
"12959",0.131666666666667
"12960",0.131666666666667
"12961",0.131666666666667
"12962",0.131666666666667
"12963",0.131666666666667
"12964",0.131666666666667
"12965",0.131666666666667
"12966",0.131666666666667
"12967",0.131666666666667
"12968",0.131666666666667
"12969",0.135
"12970",0.131666666666667
"12971",0.131666666666667
"12972",0.131666666666667
"12973",0.131666666666667
"12974",0.131666666666667
"12975",0.131666666666667
"12976",0.131666666666667
"12977",0.131666666666667
"12978",0.131666666666667
"12979",0.131666666666667
"12980",0.131666666666667
"12981",0.131666666666667
"12982",0.131666666666667
"12983",0.131666666666667
"12984",0.131666666666667
"12985",0.131666666666667
"12986",0.131666666666667
"12987",0.131666666666667
"12988",0.135
"12989",0.131666666666667
"12990",0.131666666666667
"12991",0.131666666666667
"12992",0.131666666666667
"12993",0.131666666666667
"12994",0.131666666666667
"12995",0.131666666666667
"12996",0.131666666666667
"12997",0.131666666666667
"12998",0.131666666666667
"12999",0.131666666666667
"13000",0.131666666666667
"13001",0.131666666666667
"13002",0.131666666666667
"13003",0.0983333333333333
"13004",0.0983333333333333
"13005",0.0983333333333333
"13006",0.0983333333333333
"13007",0.101666666666667
"13008",0.0983333333333333
"13009",0.0983333333333333
"13010",0.0983333333333333
"13011",0.0983333333333333
"13012",0.0983333333333333
"13013",0.0983333333333333
"13014",0.0983333333333333
"13015",0.0983333333333333
"13016",0.0983333333333333
"13017",0.0983333333333333
"13018",0.0983333333333333
"13019",0.0983333333333333
"13020",0.0983333333333333
"13021",0.0983333333333333
"13022",0.0966666666666667
"13023",0.0966666666666667
"13024",0.0966666666666667
"13025",0.0966666666666667
"13026",0.1
"13027",0.0966666666666667
"13028",0.0966666666666667
"13029",0.0966666666666667
"13030",0.0966666666666667
"13031",0.0966666666666667
"13032",0.0966666666666667
"13033",0.0966666666666667
"13034",0.0966666666666667
"13035",0.0966666666666667
"13036",0.0966666666666667
"13037",0.0966666666666667
"13038",0.0966666666666667
"13039",0.0966666666666667
"13040",0.0966666666666667
"13041",0.101666666666667
"13042",0.101666666666667
"13043",0.101666666666667
"13044",0.101666666666667
"13045",0.105
"13046",0.101666666666667
"13047",0.101666666666667
"13048",0.101666666666667
"13049",0.101666666666667
"13050",0.101666666666667
"13051",0.101666666666667
"13052",0.101666666666667
"13053",0.101666666666667
"13054",0.101666666666667
"13055",0.101666666666667
"13056",0.101666666666667
"13057",0.101666666666667
"13058",0.101666666666667
"13059",0.101666666666667
"13060",0.101666666666667
"13061",0.101666666666667
"13062",0.101666666666667
"13063",0.101666666666667
"13064",0.105
"13065",0.101666666666667
"13066",0.101666666666667
"13067",0.101666666666667
"13068",0.101666666666667
"13069",0.101666666666667
"13070",0.101666666666667
"13071",0.101666666666667
"13072",0.101666666666667
"13073",0.101666666666667
"13074",0.101666666666667
"13075",0.101666666666667
"13076",0.101666666666667
"13077",0.101666666666667
"13078",0.101666666666667
"13079",0.128333333333333
"13080",0.128333333333333
"13081",0.128333333333333
"13082",0.128333333333333
"13083",0.131666666666667
"13084",0.128333333333333
"13085",0.128333333333333
"13086",0.128333333333333
"13087",0.128333333333333
"13088",0.128333333333333
"13089",0.128333333333333
"13090",0.128333333333333
"13091",0.128333333333333
"13092",0.128333333333333
"13093",0.128333333333333
"13094",0.128333333333333
"13095",0.128333333333333
"13096",0.128333333333333
"13097",0.128333333333333
"13098",0.13
"13099",0.13
"13100",0.13
"13101",0.13
"13102",0.133333333333333
"13103",0.13
"13104",0.13
"13105",0.13
"13106",0.13
"13107",0.13
"13108",0.13
"13109",0.13
"13110",0.13
"13111",0.13
"13112",0.13
"13113",0.13
"13114",0.13
"13115",0.13
"13116",0.13
"13117",0.13
"13118",0.13
"13119",0.13
"13120",0.13
"13121",0.133333333333333
"13122",0.13
"13123",0.13
"13124",0.13
"13125",0.13
"13126",0.13
"13127",0.13
"13128",0.13
"13129",0.13
"13130",0.13
"13131",0.13
"13132",0.13
"13133",0.13
"13134",0.13
"13135",0.13
"13136",0.13
"13137",0.13
"13138",0.13
"13139",0.13
"13140",0.133333333333333
"13141",0.13
"13142",0.13
"13143",0.13
"13144",0.13
"13145",0.13
"13146",0.13
"13147",0.13
"13148",0.13
"13149",0.13
"13150",0.13
"13151",0.13
"13152",0.13
"13153",0.13
"13154",0.13
"13155",0.133333333333333
"13156",0.133333333333333
"13157",0.133333333333333
"13158",0.133333333333333
"13159",0.136666666666667
"13160",0.133333333333333
"13161",0.133333333333333
"13162",0.133333333333333
"13163",0.133333333333333
"13164",0.133333333333333
"13165",0.133333333333333
"13166",0.133333333333333
"13167",0.133333333333333
"13168",0.133333333333333
"13169",0.133333333333333
"13170",0.133333333333333
"13171",0.133333333333333
"13172",0.133333333333333
"13173",0.133333333333333
"13174",0.13
"13175",0.13
"13176",0.13
"13177",0.13
"13178",0.133333333333333
"13179",0.13
"13180",0.13
"13181",0.13
"13182",0.13
"13183",0.13
"13184",0.13
"13185",0.13
"13186",0.13
"13187",0.13
"13188",0.13
"13189",0.13
"13190",0.13
"13191",0.13
"13192",0.13
"13193",0.13
"13194",0.13
"13195",0.13
"13196",0.13
"13197",0.133333333333333
"13198",0.13
"13199",0.13
"13200",0.13
"13201",0.13
"13202",0.13
"13203",0.13
"13204",0.13
"13205",0.13
"13206",0.13
"13207",0.13
"13208",0.13
"13209",0.13
"13210",0.13
"13211",0.13
"13212",0.133333333333333
"13213",0.133333333333333
"13214",0.133333333333333
"13215",0.133333333333333
"13216",0.136666666666667
"13217",0.133333333333333
"13218",0.133333333333333
"13219",0.133333333333333
"13220",0.133333333333333
"13221",0.133333333333333
"13222",0.133333333333333
"13223",0.133333333333333
"13224",0.133333333333333
"13225",0.133333333333333
"13226",0.133333333333333
"13227",0.133333333333333
"13228",0.133333333333333
"13229",0.133333333333333
"13230",0.133333333333333
"13231",0.128333333333333
"13232",0.128333333333333
"13233",0.128333333333333
"13234",0.128333333333333
"13235",0.131666666666667
"13236",0.128333333333333
"13237",0.128333333333333
"13238",0.128333333333333
"13239",0.128333333333333
"13240",0.128333333333333
"13241",0.128333333333333
"13242",0.128333333333333
"13243",0.128333333333333
"13244",0.128333333333333
"13245",0.128333333333333
"13246",0.128333333333333
"13247",0.128333333333333
"13248",0.128333333333333
"13249",0.128333333333333
"13250",0.13
"13251",0.13
"13252",0.13
"13253",0.13
"13254",0.133333333333333
"13255",0.13
"13256",0.13
"13257",0.13
"13258",0.13
"13259",0.13
"13260",0.13
"13261",0.13
"13262",0.13
"13263",0.13
"13264",0.13
"13265",0.13
"13266",0.13
"13267",0.13
"13268",0.13
"13269",0.128333333333333
"13270",0.128333333333333
"13271",0.128333333333333
"13272",0.128333333333333
"13273",0.131666666666667
"13274",0.128333333333333
"13275",0.128333333333333
"13276",0.128333333333333
"13277",0.128333333333333
"13278",0.128333333333333
"13279",0.128333333333333
"13280",0.128333333333333
"13281",0.128333333333333
"13282",0.128333333333333
"13283",0.128333333333333
"13284",0.128333333333333
"13285",0.128333333333333
"13286",0.128333333333333
"13287",0.128333333333333
"13288",0.13
"13289",0.13
"13290",0.13
"13291",0.13
"13292",0.133333333333333
"13293",0.13
"13294",0.13
"13295",0.13
"13296",0.13
"13297",0.13
"13298",0.13
"13299",0.13
"13300",0.13
"13301",0.13
"13302",0.13
"13303",0.13
"13304",0.13
"13305",0.13
"13306",0.13
"13307",0.128333333333333
"13308",0.128333333333333
"13309",0.128333333333333
"13310",0.128333333333333
"13311",0.131666666666667
"13312",0.128333333333333
"13313",0.128333333333333
"13314",0.128333333333333
"13315",0.128333333333333
"13316",0.128333333333333
"13317",0.128333333333333
"13318",0.128333333333333
"13319",0.128333333333333
"13320",0.128333333333333
"13321",0.128333333333333
"13322",0.128333333333333
"13323",0.128333333333333
"13324",0.128333333333333
"13325",0.128333333333333
"13326",0.13
"13327",0.13
"13328",0.13
"13329",0.13
"13330",0.133333333333333
"13331",0.13
"13332",0.13
"13333",0.13
"13334",0.13
"13335",0.13
"13336",0.13
"13337",0.13
"13338",0.13
"13339",0.13
"13340",0.13
"13341",0.13
"13342",0.13
"13343",0.13
"13344",0.13
"13345",0.13
"13346",0.13
"13347",0.13
"13348",0.13
"13349",0.133333333333333
"13350",0.13
"13351",0.13
"13352",0.13
"13353",0.13
"13354",0.13
"13355",0.13
"13356",0.13
"13357",0.13
"13358",0.13
"13359",0.13
"13360",0.13
"13361",0.13
"13362",0.13
"13363",0.13
"13364",0.13
"13365",0.13
"13366",0.13
"13367",0.13
"13368",0.133333333333333
"13369",0.13
"13370",0.13
"13371",0.13
"13372",0.13
"13373",0.13
"13374",0.13
"13375",0.13
"13376",0.13
"13377",0.13
"13378",0.13
"13379",0.13
"13380",0.13
"13381",0.13
"13382",0.13
"13383",0.128333333333333
"13384",0.128333333333333
"13385",0.128333333333333
"13386",0.128333333333333
"13387",0.131666666666667
"13388",0.128333333333333
"13389",0.128333333333333
"13390",0.128333333333333
"13391",0.128333333333333
"13392",0.128333333333333
"13393",0.128333333333333
"13394",0.128333333333333
"13395",0.128333333333333
"13396",0.128333333333333
"13397",0.128333333333333
"13398",0.128333333333333
"13399",0.128333333333333
"13400",0.128333333333333
"13401",0.128333333333333
"13402",0.131666666666667
"13403",0.131666666666667
"13404",0.131666666666667
"13405",0.131666666666667
"13406",0.135
"13407",0.131666666666667
"13408",0.131666666666667
"13409",0.131666666666667
"13410",0.131666666666667
"13411",0.131666666666667
"13412",0.131666666666667
"13413",0.131666666666667
"13414",0.131666666666667
"13415",0.131666666666667
"13416",0.131666666666667
"13417",0.131666666666667
"13418",0.131666666666667
"13419",0.131666666666667
"13420",0.131666666666667
"13421",0.13
"13422",0.13
"13423",0.13
"13424",0.13
"13425",0.133333333333333
"13426",0.13
"13427",0.13
"13428",0.13
"13429",0.13
"13430",0.13
"13431",0.13
"13432",0.13
"13433",0.13
"13434",0.13
"13435",0.13
"13436",0.13
"13437",0.13
"13438",0.13
"13439",0.13
"13440",0.131666666666667
"13441",0.131666666666667
"13442",0.131666666666667
"13443",0.131666666666667
"13444",0.135
"13445",0.131666666666667
"13446",0.131666666666667
"13447",0.131666666666667
"13448",0.131666666666667
"13449",0.131666666666667
"13450",0.131666666666667
"13451",0.131666666666667
"13452",0.131666666666667
"13453",0.131666666666667
"13454",0.131666666666667
"13455",0.131666666666667
"13456",0.131666666666667
"13457",0.131666666666667
"13458",0.131666666666667
"13459",0.131666666666667
"13460",0.131666666666667
"13461",0.131666666666667
"13462",0.131666666666667
"13463",0.135
"13464",0.131666666666667
"13465",0.131666666666667
"13466",0.131666666666667
"13467",0.131666666666667
"13468",0.131666666666667
"13469",0.131666666666667
"13470",0.131666666666667
"13471",0.131666666666667
"13472",0.131666666666667
"13473",0.131666666666667
"13474",0.131666666666667
"13475",0.131666666666667
"13476",0.131666666666667
"13477",0.131666666666667
"13478",0.13
"13479",0.13
"13480",0.13
"13481",0.13
"13482",0.133333333333333
"13483",0.13
"13484",0.13
"13485",0.13
"13486",0.13
"13487",0.13
"13488",0.13
"13489",0.13
"13490",0.13
"13491",0.13
"13492",0.13
"13493",0.13
"13494",0.13
"13495",0.13
"13496",0.13
"13497",0.128333333333333
"13498",0.128333333333333
"13499",0.128333333333333
"13500",0.128333333333333
"13501",0.131666666666667
"13502",0.128333333333333
"13503",0.128333333333333
"13504",0.128333333333333
"13505",0.128333333333333
"13506",0.128333333333333
"13507",0.128333333333333
"13508",0.128333333333333
"13509",0.128333333333333
"13510",0.128333333333333
"13511",0.128333333333333
"13512",0.128333333333333
"13513",0.128333333333333
"13514",0.128333333333333
"13515",0.128333333333333
"13516",0.128333333333333
"13517",0.128333333333333
"13518",0.128333333333333
"13519",0.128333333333333
"13520",0.131666666666667
"13521",0.128333333333333
"13522",0.128333333333333
"13523",0.128333333333333
"13524",0.128333333333333
"13525",0.128333333333333
"13526",0.128333333333333
"13527",0.128333333333333
"13528",0.128333333333333
"13529",0.128333333333333
"13530",0.128333333333333
"13531",0.128333333333333
"13532",0.128333333333333
"13533",0.128333333333333
"13534",0.128333333333333
"13535",0.128333333333333
"13536",0.128333333333333
"13537",0.128333333333333
"13538",0.128333333333333
"13539",0.131666666666667
"13540",0.128333333333333
"13541",0.128333333333333
"13542",0.128333333333333
"13543",0.128333333333333
"13544",0.128333333333333
"13545",0.128333333333333
"13546",0.128333333333333
"13547",0.128333333333333
"13548",0.128333333333333
"13549",0.128333333333333
"13550",0.128333333333333
"13551",0.128333333333333
"13552",0.128333333333333
"13553",0.128333333333333
"13554",0.128333333333333
"13555",0.128333333333333
"13556",0.128333333333333
"13557",0.128333333333333
"13558",0.131666666666667
"13559",0.128333333333333
"13560",0.128333333333333
"13561",0.128333333333333
"13562",0.128333333333333
"13563",0.128333333333333
"13564",0.128333333333333
"13565",0.128333333333333
"13566",0.128333333333333
"13567",0.128333333333333
"13568",0.128333333333333
"13569",0.128333333333333
"13570",0.128333333333333
"13571",0.128333333333333
"13572",0.128333333333333
"13573",0.13
"13574",0.13
"13575",0.13
"13576",0.13
"13577",0.133333333333333
"13578",0.13
"13579",0.13
"13580",0.13
"13581",0.13
"13582",0.13
"13583",0.13
"13584",0.13
"13585",0.13
"13586",0.13
"13587",0.13
"13588",0.13
"13589",0.13
"13590",0.13
"13591",0.13
"13592",0.1
"13593",0.1
"13594",0.1
"13595",0.1
"13596",0.103333333333333
"13597",0.1
"13598",0.1
"13599",0.1
"13600",0.1
"13601",0.1
"13602",0.1
"13603",0.1
"13604",0.1
"13605",0.1
"13606",0.1
"13607",0.1
"13608",0.1
"13609",0.1
"13610",0.1
"13611",0.106666666666667
"13612",0.106666666666667
"13613",0.106666666666667
"13614",0.106666666666667
"13615",0.11
"13616",0.106666666666667
"13617",0.106666666666667
"13618",0.106666666666667
"13619",0.106666666666667
"13620",0.106666666666667
"13621",0.106666666666667
"13622",0.106666666666667
"13623",0.106666666666667
"13624",0.106666666666667
"13625",0.106666666666667
"13626",0.106666666666667
"13627",0.106666666666667
"13628",0.106666666666667
"13629",0.106666666666667
"13630",0.108333333333333
"13631",0.108333333333333
"13632",0.108333333333333
"13633",0.108333333333333
"13634",0.111666666666667
"13635",0.108333333333333
"13636",0.108333333333333
"13637",0.108333333333333
"13638",0.108333333333333
"13639",0.108333333333333
"13640",0.108333333333333
"13641",0.108333333333333
"13642",0.108333333333333
"13643",0.108333333333333
"13644",0.108333333333333
"13645",0.108333333333333
"13646",0.108333333333333
"13647",0.108333333333333
"13648",0.108333333333333
"13649",0.108333333333333
"13650",0.108333333333333
"13651",0.108333333333333
"13652",0.108333333333333
"13653",0.111666666666667
"13654",0.108333333333333
"13655",0.108333333333333
"13656",0.108333333333333
"13657",0.108333333333333
"13658",0.108333333333333
"13659",0.108333333333333
"13660",0.108333333333333
"13661",0.108333333333333
"13662",0.108333333333333
"13663",0.108333333333333
"13664",0.108333333333333
"13665",0.108333333333333
"13666",0.108333333333333
"13667",0.108333333333333
"13668",0.126666666666667
"13669",0.126666666666667
"13670",0.126666666666667
"13671",0.126666666666667
"13672",0.13
"13673",0.126666666666667
"13674",0.126666666666667
"13675",0.126666666666667
"13676",0.126666666666667
"13677",0.126666666666667
"13678",0.126666666666667
"13679",0.126666666666667
"13680",0.126666666666667
"13681",0.126666666666667
"13682",0.126666666666667
"13683",0.126666666666667
"13684",0.126666666666667
"13685",0.126666666666667
"13686",0.126666666666667
"13687",0.126666666666667
"13688",0.126666666666667
"13689",0.126666666666667
"13690",0.126666666666667
"13691",0.13
"13692",0.126666666666667
"13693",0.126666666666667
"13694",0.126666666666667
"13695",0.126666666666667
"13696",0.126666666666667
"13697",0.126666666666667
"13698",0.126666666666667
"13699",0.126666666666667
"13700",0.126666666666667
"13701",0.126666666666667
"13702",0.126666666666667
"13703",0.126666666666667
"13704",0.126666666666667
"13705",0.126666666666667
"13706",0.126666666666667
"13707",0.126666666666667
"13708",0.126666666666667
"13709",0.126666666666667
"13710",0.13
"13711",0.126666666666667
"13712",0.126666666666667
"13713",0.126666666666667
"13714",0.126666666666667
"13715",0.126666666666667
"13716",0.126666666666667
"13717",0.126666666666667
"13718",0.126666666666667
"13719",0.126666666666667
"13720",0.126666666666667
"13721",0.126666666666667
"13722",0.126666666666667
"13723",0.126666666666667
"13724",0.126666666666667
"13725",0.135
"13726",0.135
"13727",0.135
"13728",0.135
"13729",0.138333333333333
"13730",0.135
"13731",0.135
"13732",0.135
"13733",0.135
"13734",0.135
"13735",0.135
"13736",0.135
"13737",0.135
"13738",0.135
"13739",0.135
"13740",0.135
"13741",0.135
"13742",0.135
"13743",0.135
"13744",0.133333333333333
"13745",0.133333333333333
"13746",0.133333333333333
"13747",0.133333333333333
"13748",0.136666666666667
"13749",0.133333333333333
"13750",0.133333333333333
"13751",0.133333333333333
"13752",0.133333333333333
"13753",0.133333333333333
"13754",0.133333333333333
"13755",0.133333333333333
"13756",0.133333333333333
"13757",0.133333333333333
"13758",0.133333333333333
"13759",0.133333333333333
"13760",0.133333333333333
"13761",0.133333333333333
"13762",0.133333333333333
"13763",0.133333333333333
"13764",0.133333333333333
"13765",0.133333333333333
"13766",0.133333333333333
"13767",0.136666666666667
"13768",0.133333333333333
"13769",0.133333333333333
"13770",0.133333333333333
"13771",0.133333333333333
"13772",0.133333333333333
"13773",0.133333333333333
"13774",0.133333333333333
"13775",0.133333333333333
"13776",0.133333333333333
"13777",0.133333333333333
"13778",0.133333333333333
"13779",0.133333333333333
"13780",0.133333333333333
"13781",0.133333333333333
"13782",0.135
"13783",0.135
"13784",0.135
"13785",0.135
"13786",0.138333333333333
"13787",0.135
"13788",0.135
"13789",0.135
"13790",0.135
"13791",0.135
"13792",0.135
"13793",0.135
"13794",0.135
"13795",0.135
"13796",0.135
"13797",0.135
"13798",0.135
"13799",0.135
"13800",0.135
"13801",0.133333333333333
"13802",0.133333333333333
"13803",0.133333333333333
"13804",0.133333333333333
"13805",0.136666666666667
"13806",0.133333333333333
"13807",0.133333333333333
"13808",0.133333333333333
"13809",0.133333333333333
"13810",0.133333333333333
"13811",0.133333333333333
"13812",0.133333333333333
"13813",0.133333333333333
"13814",0.133333333333333
"13815",0.133333333333333
"13816",0.133333333333333
"13817",0.133333333333333
"13818",0.133333333333333
"13819",0.133333333333333
"13820",0.133333333333333
"13821",0.133333333333333
"13822",0.133333333333333
"13823",0.133333333333333
"13824",0.136666666666667
"13825",0.133333333333333
"13826",0.133333333333333
"13827",0.133333333333333
"13828",0.133333333333333
"13829",0.133333333333333
"13830",0.133333333333333
"13831",0.133333333333333
"13832",0.133333333333333
"13833",0.133333333333333
"13834",0.133333333333333
"13835",0.133333333333333
"13836",0.133333333333333
"13837",0.133333333333333
"13838",0.133333333333333
"13839",0.135
"13840",0.135
"13841",0.135
"13842",0.135
"13843",0.138333333333333
"13844",0.135
"13845",0.135
"13846",0.135
"13847",0.135
"13848",0.135
"13849",0.135
"13850",0.135
"13851",0.135
"13852",0.135
"13853",0.135
"13854",0.135
"13855",0.135
"13856",0.135
"13857",0.135
"13858",0.135
"13859",0.135
"13860",0.135
"13861",0.135
"13862",0.138333333333333
"13863",0.135
"13864",0.135
"13865",0.135
"13866",0.135
"13867",0.135
"13868",0.135
"13869",0.135
"13870",0.135
"13871",0.135
"13872",0.135
"13873",0.135
"13874",0.135
"13875",0.135
"13876",0.135
"13877",0.135
"13878",0.135
"13879",0.135
"13880",0.135
"13881",0.138333333333333
"13882",0.135
"13883",0.135
"13884",0.135
"13885",0.135
"13886",0.135
"13887",0.135
"13888",0.135
"13889",0.135
"13890",0.135
"13891",0.135
"13892",0.135
"13893",0.135
"13894",0.135
"13895",0.135
"13896",0.135
"13897",0.135
"13898",0.135
"13899",0.135
"13900",0.138333333333333
"13901",0.135
"13902",0.135
"13903",0.135
"13904",0.135
"13905",0.135
"13906",0.135
"13907",0.135
"13908",0.135
"13909",0.135
"13910",0.135
"13911",0.135
"13912",0.135
"13913",0.135
"13914",0.135
"13915",0.135
"13916",0.135
"13917",0.135
"13918",0.135
"13919",0.138333333333333
"13920",0.135
"13921",0.135
"13922",0.135
"13923",0.135
"13924",0.135
"13925",0.135
"13926",0.135
"13927",0.135
"13928",0.135
"13929",0.135
"13930",0.135
"13931",0.135
"13932",0.135
"13933",0.135
"13934",0.133333333333333
"13935",0.133333333333333
"13936",0.133333333333333
"13937",0.133333333333333
"13938",0.136666666666667
"13939",0.133333333333333
"13940",0.133333333333333
"13941",0.133333333333333
"13942",0.133333333333333
"13943",0.133333333333333
"13944",0.133333333333333
"13945",0.133333333333333
"13946",0.133333333333333
"13947",0.133333333333333
"13948",0.133333333333333
"13949",0.133333333333333
"13950",0.133333333333333
"13951",0.133333333333333
"13952",0.133333333333333
"13953",0.135
"13954",0.135
"13955",0.135
"13956",0.135
"13957",0.138333333333333
"13958",0.135
"13959",0.135
"13960",0.135
"13961",0.135
"13962",0.135
"13963",0.135
"13964",0.135
"13965",0.135
"13966",0.135
"13967",0.135
"13968",0.135
"13969",0.135
"13970",0.135
"13971",0.135
"13972",0.135
"13973",0.135
"13974",0.135
"13975",0.135
"13976",0.138333333333333
"13977",0.135
"13978",0.135
"13979",0.135
"13980",0.135
"13981",0.135
"13982",0.135
"13983",0.135
"13984",0.135
"13985",0.135
"13986",0.135
"13987",0.135
"13988",0.135
"13989",0.135
"13990",0.135
"13991",0.135
"13992",0.135
"13993",0.135
"13994",0.135
"13995",0.138333333333333
"13996",0.135
"13997",0.135
"13998",0.135
"13999",0.135
"14000",0.135
"14001",0.135
"14002",0.135
"14003",0.135
"14004",0.135
"14005",0.135
"14006",0.135
"14007",0.135
"14008",0.135
"14009",0.135
"14010",0.135
"14011",0.135
"14012",0.135
"14013",0.135
"14014",0.138333333333333
"14015",0.135
"14016",0.135
"14017",0.135
"14018",0.135
"14019",0.135
"14020",0.135
"14021",0.135
"14022",0.135
"14023",0.135
"14024",0.135
"14025",0.135
"14026",0.135
"14027",0.135
"14028",0.135
"14029",0.131666666666667
"14030",0.131666666666667
"14031",0.131666666666667
"14032",0.131666666666667
"14033",0.131666666666667
"14034",0.131666666666667
"14035",0.131666666666667
"14036",0.131666666666667
"14037",0.131666666666667
"14038",0.131666666666667
"14039",0.131666666666667
"14040",0.131666666666667
"14041",0.131666666666667
"14042",0.131666666666667
"14043",0.131666666666667
"14044",0.131666666666667
"14045",0.131666666666667
"14046",0.131666666666667
"14047",0.131666666666667
"14048",0.131666666666667
"14049",0.131666666666667
"14050",0.131666666666667
"14051",0.131666666666667
"14052",0.131666666666667
"14053",0.131666666666667
"14054",0.131666666666667
"14055",0.131666666666667
"14056",0.131666666666667
"14057",0.131666666666667
"14058",0.131666666666667
"14059",0.131666666666667
"14060",0.131666666666667
"14061",0.131666666666667
"14062",0.131666666666667
"14063",0.131666666666667
"14064",0.131666666666667
"14065",0.131666666666667
"14066",0.131666666666667
"14067",0.133333333333333
"14068",0.133333333333333
"14069",0.133333333333333
"14070",0.133333333333333
"14071",0.133333333333333
"14072",0.133333333333333
"14073",0.133333333333333
"14074",0.133333333333333
"14075",0.133333333333333
"14076",0.133333333333333
"14077",0.133333333333333
"14078",0.133333333333333
"14079",0.133333333333333
"14080",0.133333333333333
"14081",0.133333333333333
"14082",0.133333333333333
"14083",0.133333333333333
"14084",0.133333333333333
"14085",0.133333333333333
"14086",0.125
"14087",0.125
"14088",0.125
"14089",0.125
"14090",0.128333333333333
"14091",0.125
"14092",0.125
"14093",0.125
"14094",0.125
"14095",0.125
"14096",0.125
"14097",0.125
"14098",0.125
"14099",0.125
"14100",0.125
"14101",0.125
"14102",0.125
"14103",0.125
"14104",0.125
"14105",0.125
"14106",0.125
"14107",0.125
"14108",0.125
"14109",0.128333333333333
"14110",0.125
"14111",0.125
"14112",0.125
"14113",0.125
"14114",0.125
"14115",0.125
"14116",0.125
"14117",0.125
"14118",0.125
"14119",0.125
"14120",0.125
"14121",0.125
"14122",0.125
"14123",0.125
"14124",0.125
"14125",0.125
"14126",0.125
"14127",0.125
"14128",0.128333333333333
"14129",0.125
"14130",0.125
"14131",0.125
"14132",0.125
"14133",0.125
"14134",0.125
"14135",0.125
"14136",0.125
"14137",0.125
"14138",0.125
"14139",0.125
"14140",0.125
"14141",0.125
"14142",0.125
"14143",0.0883333333333333
"14144",0.0883333333333333
"14145",0.0883333333333333
"14146",0.0883333333333333
"14147",0.0916666666666667
"14148",0.0883333333333333
"14149",0.0883333333333333
"14150",0.0883333333333333
"14151",0.0883333333333333
"14152",0.0883333333333333
"14153",0.0883333333333333
"14154",0.0883333333333333
"14155",0.0883333333333333
"14156",0.0883333333333333
"14157",0.0883333333333333
"14158",0.0883333333333333
"14159",0.0883333333333333
"14160",0.0883333333333333
"14161",0.0883333333333333
"14162",0.0833333333333333
"14163",0.0833333333333333
"14164",0.0833333333333333
"14165",0.0833333333333333
"14166",0.0866666666666667
"14167",0.0833333333333333
"14168",0.0833333333333333
"14169",0.0833333333333333
"14170",0.0833333333333333
"14171",0.0833333333333333
"14172",0.0833333333333333
"14173",0.0833333333333333
"14174",0.0833333333333333
"14175",0.0833333333333333
"14176",0.0833333333333333
"14177",0.0833333333333333
"14178",0.0833333333333333
"14179",0.0833333333333333
"14180",0.0833333333333333
"14181",0.0833333333333333
"14182",0.0833333333333333
"14183",0.0833333333333333
"14184",0.0833333333333333
"14185",0.0866666666666667
"14186",0.0833333333333333
"14187",0.0833333333333333
"14188",0.0833333333333333
"14189",0.0833333333333333
"14190",0.0833333333333333
"14191",0.0833333333333333
"14192",0.0833333333333333
"14193",0.0833333333333333
"14194",0.0833333333333333
"14195",0.0833333333333333
"14196",0.0833333333333333
"14197",0.0833333333333333
"14198",0.0833333333333333
"14199",0.0833333333333333
"14200",0.09
"14201",0.09
"14202",0.09
"14203",0.09
"14204",0.0933333333333333
"14205",0.09
"14206",0.09
"14207",0.09
"14208",0.09
"14209",0.09
"14210",0.09
"14211",0.09
"14212",0.09
"14213",0.09
"14214",0.09
"14215",0.09
"14216",0.09
"14217",0.09
"14218",0.09
"14219",0.0833333333333333
"14220",0.0833333333333333
"14221",0.0833333333333333
"14222",0.0833333333333333
"14223",0.0866666666666667
"14224",0.0833333333333333
"14225",0.0833333333333333
"14226",0.0833333333333333
"14227",0.0833333333333333
"14228",0.0833333333333333
"14229",0.0833333333333333
"14230",0.0833333333333333
"14231",0.0833333333333333
"14232",0.0833333333333333
"14233",0.0833333333333333
"14234",0.0833333333333333
"14235",0.0833333333333333
"14236",0.0833333333333333
"14237",0.0833333333333333
"14238",0.0833333333333333
"14239",0.0833333333333333
"14240",0.0833333333333333
"14241",0.0833333333333333
"14242",0.0866666666666667
"14243",0.0833333333333333
"14244",0.0833333333333333
"14245",0.0833333333333333
"14246",0.0833333333333333
"14247",0.0833333333333333
"14248",0.0833333333333333
"14249",0.0833333333333333
"14250",0.0833333333333333
"14251",0.0833333333333333
"14252",0.0833333333333333
"14253",0.0833333333333333
"14254",0.0833333333333333
"14255",0.0833333333333333
"14256",0.0833333333333333
"14257",0.0833333333333333
"14258",0.0833333333333333
"14259",0.0833333333333333
"14260",0.0833333333333333
"14261",0.0866666666666667
"14262",0.0833333333333333
"14263",0.0833333333333333
"14264",0.0833333333333333
"14265",0.0833333333333333
"14266",0.0833333333333333
"14267",0.0833333333333333
"14268",0.0833333333333333
"14269",0.0833333333333333
"14270",0.0833333333333333
"14271",0.0833333333333333
"14272",0.0833333333333333
"14273",0.0833333333333333
"14274",0.0833333333333333
"14275",0.0833333333333333
"14276",0.0833333333333333
"14277",0.0833333333333333
"14278",0.0833333333333333
"14279",0.0833333333333333
"14280",0.0866666666666667
"14281",0.0833333333333333
"14282",0.0833333333333333
"14283",0.0833333333333333
"14284",0.0833333333333333
"14285",0.0833333333333333
"14286",0.0833333333333333
"14287",0.0833333333333333
"14288",0.0833333333333333
"14289",0.0833333333333333
"14290",0.0833333333333333
"14291",0.0833333333333333
"14292",0.0833333333333333
"14293",0.0833333333333333
"14294",0.0833333333333333
"14295",0.0833333333333333
"14296",0.0833333333333333
"14297",0.0833333333333333
"14298",0.0833333333333333
"14299",0.0866666666666667
"14300",0.0833333333333333
"14301",0.0833333333333333
"14302",0.0833333333333333
"14303",0.0833333333333333
"14304",0.0833333333333333
"14305",0.0833333333333333
"14306",0.0833333333333333
"14307",0.0833333333333333
"14308",0.0833333333333333
"14309",0.0833333333333333
"14310",0.0833333333333333
"14311",0.0833333333333333
"14312",0.0833333333333333
"14313",0.0833333333333333
"14314",0.095
"14315",0.095
"14316",0.095
"14317",0.095
"14318",0.0983333333333333
"14319",0.095
"14320",0.095
"14321",0.095
"14322",0.095
"14323",0.095
"14324",0.095
"14325",0.095
"14326",0.095
"14327",0.095
"14328",0.095
"14329",0.095
"14330",0.095
"14331",0.095
"14332",0.095
"14333",0.095
"14334",0.095
"14335",0.095
"14336",0.095
"14337",0.0983333333333333
"14338",0.095
"14339",0.095
"14340",0.095
"14341",0.095
"14342",0.095
"14343",0.095
"14344",0.095
"14345",0.095
"14346",0.095
"14347",0.095
"14348",0.095
"14349",0.095
"14350",0.095
"14351",0.095
"14352",0.0933333333333333
"14353",0.0933333333333333
"14354",0.0933333333333333
"14355",0.0933333333333333
"14356",0.0966666666666667
"14357",0.0933333333333333
"14358",0.0933333333333333
"14359",0.0933333333333333
"14360",0.0933333333333333
"14361",0.0933333333333333
"14362",0.0933333333333333
"14363",0.0933333333333333
"14364",0.0933333333333333
"14365",0.0933333333333333
"14366",0.0933333333333333
"14367",0.0933333333333333
"14368",0.0933333333333333
"14369",0.0933333333333333
"14370",0.0933333333333333
"14371",0.0933333333333333
"14372",0.0933333333333333
"14373",0.0933333333333333
"14374",0.0933333333333333
"14375",0.0966666666666667
"14376",0.0933333333333333
"14377",0.0933333333333333
"14378",0.0933333333333333
"14379",0.0933333333333333
"14380",0.0933333333333333
"14381",0.0933333333333333
"14382",0.0933333333333333
"14383",0.0933333333333333
"14384",0.0933333333333333
"14385",0.0933333333333333
"14386",0.0933333333333333
"14387",0.0933333333333333
"14388",0.0933333333333333
"14389",0.0933333333333333
"14390",0.0933333333333333
"14391",0.0933333333333333
"14392",0.0933333333333333
"14393",0.0933333333333333
"14394",0.0966666666666667
"14395",0.0933333333333333
"14396",0.0933333333333333
"14397",0.0933333333333333
"14398",0.0933333333333333
"14399",0.0933333333333333
"14400",0.0933333333333333
"14401",0.0933333333333333
"14402",0.0933333333333333
"14403",0.0933333333333333
"14404",0.0933333333333333
"14405",0.0933333333333333
"14406",0.0933333333333333
"14407",0.0933333333333333
"14408",0.0933333333333333
"14409",0.0966666666666667
"14410",0.0966666666666667
"14411",0.0966666666666667
"14412",0.0966666666666667
"14413",0.1
"14414",0.0966666666666667
"14415",0.0966666666666667
"14416",0.0966666666666667
"14417",0.0966666666666667
"14418",0.0966666666666667
"14419",0.0966666666666667
"14420",0.0966666666666667
"14421",0.0966666666666667
"14422",0.0966666666666667
"14423",0.0966666666666667
"14424",0.0966666666666667
"14425",0.0966666666666667
"14426",0.0966666666666667
"14427",0.0966666666666667
"14428",0.0966666666666667
"14429",0.0966666666666667
"14430",0.0966666666666667
"14431",0.0966666666666667
"14432",0.1
"14433",0.0966666666666667
"14434",0.0966666666666667
"14435",0.0966666666666667
"14436",0.0966666666666667
"14437",0.0966666666666667
"14438",0.0966666666666667
"14439",0.0966666666666667
"14440",0.0966666666666667
"14441",0.0966666666666667
"14442",0.0966666666666667
"14443",0.0966666666666667
"14444",0.0966666666666667
"14445",0.0966666666666667
"14446",0.0966666666666667
"14447",0.0966666666666667
"14448",0.0966666666666667
"14449",0.0966666666666667
"14450",0.0966666666666667
"14451",0.1
"14452",0.0966666666666667
"14453",0.0966666666666667
"14454",0.0966666666666667
"14455",0.0966666666666667
"14456",0.0966666666666667
"14457",0.0966666666666667
"14458",0.0966666666666667
"14459",0.0966666666666667
"14460",0.0966666666666667
"14461",0.0966666666666667
"14462",0.0966666666666667
"14463",0.0966666666666667
"14464",0.0966666666666667
"14465",0.0966666666666667
"14466",0.0916666666666667
"14467",0.0916666666666667
"14468",0.0916666666666667
"14469",0.0916666666666667
"14470",0.095
"14471",0.0916666666666667
"14472",0.0916666666666667
"14473",0.0916666666666667
"14474",0.0916666666666667
"14475",0.0916666666666667
"14476",0.0916666666666667
"14477",0.0916666666666667
"14478",0.0916666666666667
"14479",0.0916666666666667
"14480",0.0916666666666667
"14481",0.0916666666666667
"14482",0.0916666666666667
"14483",0.0916666666666667
"14484",0.0916666666666667
"14485",0.0933333333333333
"14486",0.0933333333333333
"14487",0.0933333333333333
"14488",0.0933333333333333
"14489",0.0966666666666667
"14490",0.0933333333333333
"14491",0.0933333333333333
"14492",0.0933333333333333
"14493",0.0933333333333333
"14494",0.0933333333333333
"14495",0.0933333333333333
"14496",0.0933333333333333
"14497",0.0933333333333333
"14498",0.0933333333333333
"14499",0.0933333333333333
"14500",0.0933333333333333
"14501",0.0933333333333333
"14502",0.0933333333333333
"14503",0.0933333333333333
"14504",0.095
"14505",0.095
"14506",0.095
"14507",0.095
"14508",0.0983333333333333
"14509",0.095
"14510",0.095
"14511",0.095
"14512",0.095
"14513",0.095
"14514",0.095
"14515",0.095
"14516",0.095
"14517",0.095
"14518",0.095
"14519",0.095
"14520",0.095
"14521",0.095
"14522",0.095
"14523",0.095
"14524",0.095
"14525",0.095
"14526",0.095
"14527",0.0983333333333333
"14528",0.095
"14529",0.095
"14530",0.095
"14531",0.095
"14532",0.095
"14533",0.095
"14534",0.095
"14535",0.095
"14536",0.095
"14537",0.095
"14538",0.095
"14539",0.095
"14540",0.095
"14541",0.095
"14542",0.095
"14543",0.095
"14544",0.095
"14545",0.095
"14546",0.0983333333333333
"14547",0.095
"14548",0.095
"14549",0.095
"14550",0.095
"14551",0.095
"14552",0.095
"14553",0.095
"14554",0.095
"14555",0.095
"14556",0.095
"14557",0.095
"14558",0.095
"14559",0.095
"14560",0.095
"14561",0.118333333333333
"14562",0.118333333333333
"14563",0.118333333333333
"14564",0.118333333333333
"14565",0.121666666666667
"14566",0.118333333333333
"14567",0.118333333333333
"14568",0.118333333333333
"14569",0.118333333333333
"14570",0.118333333333333
"14571",0.118333333333333
"14572",0.118333333333333
"14573",0.118333333333333
"14574",0.118333333333333
"14575",0.118333333333333
"14576",0.118333333333333
"14577",0.118333333333333
"14578",0.118333333333333
"14579",0.118333333333333
"14580",0.118333333333333
"14581",0.118333333333333
"14582",0.118333333333333
"14583",0.118333333333333
"14584",0.121666666666667
"14585",0.118333333333333
"14586",0.118333333333333
"14587",0.118333333333333
"14588",0.118333333333333
"14589",0.118333333333333
"14590",0.118333333333333
"14591",0.118333333333333
"14592",0.118333333333333
"14593",0.118333333333333
"14594",0.118333333333333
"14595",0.118333333333333
"14596",0.118333333333333
"14597",0.118333333333333
"14598",0.118333333333333
"14599",0.121666666666667
"14600",0.121666666666667
"14601",0.121666666666667
"14602",0.121666666666667
"14603",0.125
"14604",0.121666666666667
"14605",0.121666666666667
"14606",0.121666666666667
"14607",0.121666666666667
"14608",0.121666666666667
"14609",0.121666666666667
"14610",0.121666666666667
"14611",0.121666666666667
"14612",0.121666666666667
"14613",0.121666666666667
"14614",0.121666666666667
"14615",0.121666666666667
"14616",0.121666666666667
"14617",0.121666666666667
"14618",0.12
"14619",0.12
"14620",0.12
"14621",0.12
"14622",0.123333333333333
"14623",0.12
"14624",0.12
"14625",0.12
"14626",0.12
"14627",0.12
"14628",0.12
"14629",0.12
"14630",0.12
"14631",0.12
"14632",0.12
"14633",0.12
"14634",0.12
"14635",0.12
"14636",0.12
"14637",0.118333333333333
"14638",0.118333333333333
"14639",0.118333333333333
"14640",0.118333333333333
"14641",0.121666666666667
"14642",0.118333333333333
"14643",0.118333333333333
"14644",0.118333333333333
"14645",0.118333333333333
"14646",0.118333333333333
"14647",0.118333333333333
"14648",0.118333333333333
"14649",0.118333333333333
"14650",0.118333333333333
"14651",0.118333333333333
"14652",0.118333333333333
"14653",0.118333333333333
"14654",0.118333333333333
"14655",0.118333333333333
"14656",0.118333333333333
"14657",0.118333333333333
"14658",0.118333333333333
"14659",0.118333333333333
"14660",0.121666666666667
"14661",0.118333333333333
"14662",0.118333333333333
"14663",0.118333333333333
"14664",0.118333333333333
"14665",0.118333333333333
"14666",0.118333333333333
"14667",0.118333333333333
"14668",0.118333333333333
"14669",0.118333333333333
"14670",0.118333333333333
"14671",0.118333333333333
"14672",0.118333333333333
"14673",0.118333333333333
"14674",0.118333333333333
"14675",0.12
"14676",0.12
"14677",0.12
"14678",0.12
"14679",0.123333333333333
"14680",0.12
"14681",0.12
"14682",0.12
"14683",0.12
"14684",0.12
"14685",0.12
"14686",0.12
"14687",0.12
"14688",0.12
"14689",0.12
"14690",0.12
"14691",0.12
"14692",0.12
"14693",0.12
"14694",0.12
"14695",0.12
"14696",0.12
"14697",0.12
"14698",0.123333333333333
"14699",0.12
"14700",0.12
"14701",0.12
"14702",0.12
"14703",0.12
"14704",0.12
"14705",0.12
"14706",0.12
"14707",0.12
"14708",0.12
"14709",0.12
"14710",0.12
"14711",0.12
"14712",0.12
"14713",0.121666666666667
"14714",0.121666666666667
"14715",0.121666666666667
"14716",0.121666666666667
"14717",0.125
"14718",0.121666666666667
"14719",0.121666666666667
"14720",0.121666666666667
"14721",0.121666666666667
"14722",0.121666666666667
"14723",0.121666666666667
"14724",0.121666666666667
"14725",0.121666666666667
"14726",0.121666666666667
"14727",0.121666666666667
"14728",0.121666666666667
"14729",0.121666666666667
"14730",0.121666666666667
"14731",0.121666666666667
"14732",0.123333333333333
"14733",0.123333333333333
"14734",0.123333333333333
"14735",0.123333333333333
"14736",0.126666666666667
"14737",0.123333333333333
"14738",0.123333333333333
"14739",0.123333333333333
"14740",0.123333333333333
"14741",0.123333333333333
"14742",0.123333333333333
"14743",0.123333333333333
"14744",0.123333333333333
"14745",0.123333333333333
"14746",0.123333333333333
"14747",0.123333333333333
"14748",0.123333333333333
"14749",0.123333333333333
"14750",0.123333333333333
"14751",0.12
"14752",0.12
"14753",0.12
"14754",0.12
"14755",0.123333333333333
"14756",0.12
"14757",0.12
"14758",0.12
"14759",0.12
"14760",0.12
"14761",0.12
"14762",0.12
"14763",0.12
"14764",0.12
"14765",0.12
"14766",0.12
"14767",0.12
"14768",0.12
"14769",0.12
"14770",0.12
"14771",0.12
"14772",0.12
"14773",0.12
"14774",0.123333333333333
"14775",0.12
"14776",0.12
"14777",0.12
"14778",0.12
"14779",0.12
"14780",0.12
"14781",0.12
"14782",0.12
"14783",0.12
"14784",0.12
"14785",0.12
"14786",0.12
"14787",0.12
"14788",0.12
"14789",0.0966666666666667
"14790",0.0966666666666667
"14791",0.0966666666666667
"14792",0.0966666666666667
"14793",0.1
"14794",0.0966666666666667
"14795",0.0966666666666667
"14796",0.0966666666666667
"14797",0.0966666666666667
"14798",0.0966666666666667
"14799",0.0966666666666667
"14800",0.0966666666666667
"14801",0.0966666666666667
"14802",0.0966666666666667
"14803",0.0966666666666667
"14804",0.0966666666666667
"14805",0.0966666666666667
"14806",0.0966666666666667
"14807",0.0966666666666667
"14808",0.0966666666666667
"14809",0.0966666666666667
"14810",0.0966666666666667
"14811",0.0966666666666667
"14812",0.1
"14813",0.0966666666666667
"14814",0.0966666666666667
"14815",0.0966666666666667
"14816",0.0966666666666667
"14817",0.0966666666666667
"14818",0.0966666666666667
"14819",0.0966666666666667
"14820",0.0966666666666667
"14821",0.0966666666666667
"14822",0.0966666666666667
"14823",0.0966666666666667
"14824",0.0966666666666667
"14825",0.0966666666666667
"14826",0.0966666666666667
"14827",0.0983333333333333
"14828",0.0983333333333333
"14829",0.0983333333333333
"14830",0.0983333333333333
"14831",0.101666666666667
"14832",0.0983333333333333
"14833",0.0983333333333333
"14834",0.0983333333333333
"14835",0.0983333333333333
"14836",0.0983333333333333
"14837",0.0983333333333333
"14838",0.0983333333333333
"14839",0.0983333333333333
"14840",0.0983333333333333
"14841",0.0983333333333333
"14842",0.0983333333333333
"14843",0.0983333333333333
"14844",0.0983333333333333
"14845",0.0983333333333333
"14846",0.0966666666666667
"14847",0.0966666666666667
"14848",0.0966666666666667
"14849",0.0966666666666667
"14850",0.1
"14851",0.0966666666666667
"14852",0.0966666666666667
"14853",0.0966666666666667
"14854",0.0966666666666667
"14855",0.0966666666666667
"14856",0.0966666666666667
"14857",0.0966666666666667
"14858",0.0966666666666667
"14859",0.0966666666666667
"14860",0.0966666666666667
"14861",0.0966666666666667
"14862",0.0966666666666667
"14863",0.0966666666666667
"14864",0.0966666666666667
"14865",0.0966666666666667
"14866",0.0966666666666667
"14867",0.0966666666666667
"14868",0.0966666666666667
"14869",0.1
"14870",0.0966666666666667
"14871",0.0966666666666667
"14872",0.0966666666666667
"14873",0.0966666666666667
"14874",0.0966666666666667
"14875",0.0966666666666667
"14876",0.0966666666666667
"14877",0.0966666666666667
"14878",0.0966666666666667
"14879",0.0966666666666667
"14880",0.0966666666666667
"14881",0.0966666666666667
"14882",0.0966666666666667
"14883",0.0966666666666667
"14884",0.0966666666666667
"14885",0.0966666666666667
"14886",0.0966666666666667
"14887",0.0966666666666667
"14888",0.1
"14889",0.0966666666666667
"14890",0.0966666666666667
"14891",0.0966666666666667
"14892",0.0966666666666667
"14893",0.0966666666666667
"14894",0.0966666666666667
"14895",0.0966666666666667
"14896",0.0966666666666667
"14897",0.0966666666666667
"14898",0.0966666666666667
"14899",0.0966666666666667
"14900",0.0966666666666667
"14901",0.0966666666666667
"14902",0.0966666666666667
"14903",0.0966666666666667
"14904",0.0966666666666667
"14905",0.0966666666666667
"14906",0.0966666666666667
"14907",0.1
"14908",0.0966666666666667
"14909",0.0966666666666667
"14910",0.0966666666666667
"14911",0.0966666666666667
"14912",0.0966666666666667
"14913",0.0966666666666667
"14914",0.0966666666666667
"14915",0.0966666666666667
"14916",0.0966666666666667
"14917",0.0966666666666667
"14918",0.0966666666666667
"14919",0.0966666666666667
"14920",0.0966666666666667
"14921",0.0966666666666667
"14922",0.0966666666666667
"14923",0.0966666666666667
"14924",0.0966666666666667
"14925",0.0966666666666667
"14926",0.1
"14927",0.0966666666666667
"14928",0.0966666666666667
"14929",0.0966666666666667
"14930",0.0966666666666667
"14931",0.0966666666666667
"14932",0.0966666666666667
"14933",0.0966666666666667
"14934",0.0966666666666667
"14935",0.0966666666666667
"14936",0.0966666666666667
"14937",0.0966666666666667
"14938",0.0966666666666667
"14939",0.0966666666666667
"14940",0.0966666666666667
"14941",0.106666666666667
"14942",0.106666666666667
"14943",0.106666666666667
"14944",0.106666666666667
"14945",0.11
"14946",0.106666666666667
"14947",0.106666666666667
"14948",0.106666666666667
"14949",0.106666666666667
"14950",0.106666666666667
"14951",0.106666666666667
"14952",0.106666666666667
"14953",0.106666666666667
"14954",0.106666666666667
"14955",0.106666666666667
"14956",0.106666666666667
"14957",0.106666666666667
"14958",0.106666666666667
"14959",0.106666666666667
"14960",0.14
"14961",0.14
"14962",0.14
"14963",0.14
"14964",0.143333333333333
"14965",0.14
"14966",0.14
"14967",0.14
"14968",0.14
"14969",0.14
"14970",0.14
"14971",0.14
"14972",0.14
"14973",0.14
"14974",0.14
"14975",0.14
"14976",0.14
"14977",0.14
"14978",0.14
"14979",0.14
"14980",0.14
"14981",0.14
"14982",0.14
"14983",0.143333333333333
"14984",0.14
"14985",0.14
"14986",0.14
"14987",0.14
"14988",0.14
"14989",0.14
"14990",0.14
"14991",0.14
"14992",0.14
"14993",0.14
"14994",0.14
"14995",0.14
"14996",0.14
"14997",0.14
"14998",0.0916666666666667
"14999",0.0916666666666667
"15000",0.0916666666666667
"15001",0.0916666666666667
"15002",0.095
"15003",0.0916666666666667
"15004",0.0916666666666667
"15005",0.0916666666666667
"15006",0.0916666666666667
"15007",0.0916666666666667
"15008",0.0916666666666667
"15009",0.0916666666666667
"15010",0.0916666666666667
"15011",0.0916666666666667
"15012",0.0916666666666667
"15013",0.0916666666666667
"15014",0.0916666666666667
"15015",0.0916666666666667
"15016",0.0916666666666667
"15017",0.0916666666666667
"15018",0.0916666666666667
"15019",0.0916666666666667
"15020",0.0916666666666667
"15021",0.095
"15022",0.0916666666666667
"15023",0.0916666666666667
"15024",0.0916666666666667
"15025",0.0916666666666667
"15026",0.0916666666666667
"15027",0.0916666666666667
"15028",0.0916666666666667
"15029",0.0916666666666667
"15030",0.0916666666666667
"15031",0.0916666666666667
"15032",0.0916666666666667
"15033",0.0916666666666667
"15034",0.0916666666666667
"15035",0.0916666666666667
"15036",0.133333333333333
"15037",0.133333333333333
"15038",0.133333333333333
"15039",0.133333333333333
"15040",0.133333333333333
"15041",0.133333333333333
"15042",0.133333333333333
"15043",0.133333333333333
"15044",0.133333333333333
"15045",0.133333333333333
"15046",0.133333333333333
"15047",0.133333333333333
"15048",0.133333333333333
"15049",0.133333333333333
"15050",0.133333333333333
"15051",0.133333333333333
"15052",0.133333333333333
"15053",0.133333333333333
"15054",0.133333333333333
"15055",0.133333333333333
"15056",0.133333333333333
"15057",0.133333333333333
"15058",0.133333333333333
"15059",0.133333333333333
"15060",0.133333333333333
"15061",0.133333333333333
"15062",0.133333333333333
"15063",0.133333333333333
"15064",0.131666666666667
"15065",0.133333333333333
"15066",0.133333333333333
"15067",0.148333333333333
"15068",0.148333333333333
"15069",0.148333333333333
"15070",0.148333333333333
"15071",0.151666666666667
"15072",0.148333333333333
"15073",0.148333333333333
"15074",0.148333333333333
"15075",0.148333333333333
"15076",0.148333333333333
"15077",0.148333333333333
"15078",0.148333333333333
"15079",0.148333333333333
"15080",0.148333333333333
"15081",0.148333333333333
"15082",0.148333333333333
"15083",0.148333333333333
"15084",0.148333333333333
"15085",0.148333333333333
"15086",0.148333333333333
"15087",0.148333333333333
"15088",0.148333333333333
"15089",0.148333333333333
"15090",0.148333333333333
"15091",0.148333333333333
"15092",0.148333333333333
"15093",0.148333333333333
"15094",0.148333333333333
"15095",0.146666666666667
"15096",0.148333333333333
"15097",0.148333333333333
"15098",0.131666666666667
"15099",0.131666666666667
"15100",0.131666666666667
"15101",0.131666666666667
"15102",0.135
"15103",0.131666666666667
"15104",0.131666666666667
"15105",0.131666666666667
"15106",0.131666666666667
"15107",0.131666666666667
"15108",0.131666666666667
"15109",0.131666666666667
"15110",0.131666666666667
"15111",0.131666666666667
"15112",0.131666666666667
"15113",0.131666666666667
"15114",0.131666666666667
"15115",0.131666666666667
"15116",0.131666666666667
"15117",0.131666666666667
"15118",0.131666666666667
"15119",0.131666666666667
"15120",0.131666666666667
"15121",0.131666666666667
"15122",0.131666666666667
"15123",0.131666666666667
"15124",0.131666666666667
"15125",0.131666666666667
"15126",0.13
"15127",0.131666666666667
"15128",0.131666666666667
"15129",0.131666666666667
"15130",0.131666666666667
"15131",0.131666666666667
"15132",0.131666666666667
"15133",0.135
"15134",0.131666666666667
"15135",0.131666666666667
"15136",0.131666666666667
"15137",0.131666666666667
"15138",0.131666666666667
"15139",0.131666666666667
"15140",0.131666666666667
"15141",0.131666666666667
"15142",0.131666666666667
"15143",0.131666666666667
"15144",0.131666666666667
"15145",0.131666666666667
"15146",0.131666666666667
"15147",0.131666666666667
"15148",0.131666666666667
"15149",0.131666666666667
"15150",0.131666666666667
"15151",0.131666666666667
"15152",0.131666666666667
"15153",0.131666666666667
"15154",0.131666666666667
"15155",0.131666666666667
"15156",0.131666666666667
"15157",0.13
"15158",0.131666666666667
"15159",0.131666666666667
"15160",0.15
"15161",0.15
"15162",0.15
"15163",0.15
"15164",0.153333333333333
"15165",0.15
"15166",0.15
"15167",0.15
"15168",0.15
"15169",0.15
"15170",0.15
"15171",0.15
"15172",0.15
"15173",0.15
"15174",0.15
"15175",0.15
"15176",0.15
"15177",0.15
"15178",0.15
"15179",0.15
"15180",0.15
"15181",0.15
"15182",0.15
"15183",0.15
"15184",0.15
"15185",0.15
"15186",0.15
"15187",0.15
"15188",0.148333333333333
"15189",0.15
"15190",0.15
"15191",0.128333333333333
"15192",0.128333333333333
"15193",0.128333333333333
"15194",0.128333333333333
"15195",0.131666666666667
"15196",0.128333333333333
"15197",0.128333333333333
"15198",0.128333333333333
"15199",0.128333333333333
"15200",0.128333333333333
"15201",0.128333333333333
"15202",0.128333333333333
"15203",0.128333333333333
"15204",0.128333333333333
"15205",0.128333333333333
"15206",0.128333333333333
"15207",0.128333333333333
"15208",0.128333333333333
"15209",0.128333333333333
"15210",0.128333333333333
"15211",0.128333333333333
"15212",0.128333333333333
"15213",0.128333333333333
"15214",0.128333333333333
"15215",0.128333333333333
"15216",0.128333333333333
"15217",0.128333333333333
"15218",0.128333333333333
"15219",0.126666666666667
"15220",0.128333333333333
"15221",0.128333333333333
"15222",0.101666666666667
"15223",0.101666666666667
"15224",0.101666666666667
"15225",0.101666666666667
"15226",0.105
"15227",0.101666666666667
"15228",0.101666666666667
"15229",0.101666666666667
"15230",0.101666666666667
"15231",0.101666666666667
"15232",0.101666666666667
"15233",0.101666666666667
"15234",0.101666666666667
"15235",0.101666666666667
"15236",0.101666666666667
"15237",0.101666666666667
"15238",0.101666666666667
"15239",0.101666666666667
"15240",0.101666666666667
"15241",0.101666666666667
"15242",0.101666666666667
"15243",0.101666666666667
"15244",0.101666666666667
"15245",0.101666666666667
"15246",0.101666666666667
"15247",0.101666666666667
"15248",0.101666666666667
"15249",0.101666666666667
"15250",0.101666666666667
"15251",0.101666666666667
"15252",0.101666666666667
"15253",0.11
"15254",0.11
"15255",0.11
"15256",0.11
"15257",0.113333333333333
"15258",0.11
"15259",0.11
"15260",0.11
"15261",0.11
"15262",0.11
"15263",0.11
"15264",0.11
"15265",0.11
"15266",0.11
"15267",0.11
"15268",0.11
"15269",0.11
"15270",0.11
"15271",0.11
"15272",0.11
"15273",0.11
"15274",0.11
"15275",0.11
"15276",0.11
"15277",0.11
"15278",0.11
"15279",0.11
"15280",0.11
"15281",0.111666666666667
"15282",0.11
"15283",0.11
"15284",0.108333333333333
"15285",0.108333333333333
"15286",0.108333333333333
"15287",0.108333333333333
"15288",0.111666666666667
"15289",0.108333333333333
"15290",0.108333333333333
"15291",0.108333333333333
"15292",0.108333333333333
"15293",0.108333333333333
"15294",0.108333333333333
"15295",0.108333333333333
"15296",0.108333333333333
"15297",0.108333333333333
"15298",0.108333333333333
"15299",0.108333333333333
"15300",0.108333333333333
"15301",0.108333333333333
"15302",0.108333333333333
"15303",0.108333333333333
"15304",0.108333333333333
"15305",0.108333333333333
"15306",0.108333333333333
"15307",0.108333333333333
"15308",0.108333333333333
"15309",0.108333333333333
"15310",0.108333333333333
"15311",0.108333333333333
"15312",0.11
"15313",0.108333333333333
"15314",0.108333333333333
"15315",0.108333333333333
"15316",0.108333333333333
"15317",0.108333333333333
"15318",0.108333333333333
"15319",0.111666666666667
"15320",0.108333333333333
"15321",0.108333333333333
"15322",0.108333333333333
"15323",0.108333333333333
"15324",0.108333333333333
"15325",0.108333333333333
"15326",0.108333333333333
"15327",0.108333333333333
"15328",0.108333333333333
"15329",0.108333333333333
"15330",0.108333333333333
"15331",0.108333333333333
"15332",0.108333333333333
"15333",0.108333333333333
"15334",0.108333333333333
"15335",0.108333333333333
"15336",0.108333333333333
"15337",0.108333333333333
"15338",0.108333333333333
"15339",0.108333333333333
"15340",0.108333333333333
"15341",0.108333333333333
"15342",0.108333333333333
"15343",0.11
"15344",0.108333333333333
"15345",0.108333333333333
"15346",0.108333333333333
"15347",0.108333333333333
"15348",0.108333333333333
"15349",0.108333333333333
"15350",0.111666666666667
"15351",0.108333333333333
"15352",0.108333333333333
"15353",0.108333333333333
"15354",0.108333333333333
"15355",0.108333333333333
"15356",0.108333333333333
"15357",0.108333333333333
"15358",0.108333333333333
"15359",0.108333333333333
"15360",0.108333333333333
"15361",0.108333333333333
"15362",0.108333333333333
"15363",0.108333333333333
"15364",0.108333333333333
"15365",0.108333333333333
"15366",0.108333333333333
"15367",0.108333333333333
"15368",0.108333333333333
"15369",0.108333333333333
"15370",0.108333333333333
"15371",0.108333333333333
"15372",0.108333333333333
"15373",0.108333333333333
"15374",0.11
"15375",0.108333333333333
"15376",0.108333333333333
"15377",0.11
"15378",0.11
"15379",0.11
"15380",0.11
"15381",0.113333333333333
"15382",0.11
"15383",0.11
"15384",0.11
"15385",0.11
"15386",0.11
"15387",0.11
"15388",0.11
"15389",0.11
"15390",0.11
"15391",0.11
"15392",0.11
"15393",0.11
"15394",0.11
"15395",0.11
"15396",0.11
"15397",0.11
"15398",0.11
"15399",0.11
"15400",0.11
"15401",0.11
"15402",0.11
"15403",0.11
"15404",0.11
"15405",0.111666666666667
"15406",0.11
"15407",0.11
"15408",0.135
"15409",0.135
"15410",0.135
"15411",0.135
"15412",0.138333333333333
"15413",0.135
"15414",0.135
"15415",0.135
"15416",0.135
"15417",0.135
"15418",0.135
"15419",0.135
"15420",0.135
"15421",0.135
"15422",0.135
"15423",0.135
"15424",0.135
"15425",0.135
"15426",0.135
"15427",0.135
"15428",0.135
"15429",0.135
"15430",0.135
"15431",0.135
"15432",0.135
"15433",0.135
"15434",0.135
"15435",0.135
"15436",0.133333333333333
"15437",0.135
"15438",0.135
"15439",0.133333333333333
"15440",0.133333333333333
"15441",0.133333333333333
"15442",0.133333333333333
"15443",0.136666666666667
"15444",0.133333333333333
"15445",0.133333333333333
"15446",0.133333333333333
"15447",0.133333333333333
"15448",0.133333333333333
"15449",0.133333333333333
"15450",0.133333333333333
"15451",0.133333333333333
"15452",0.133333333333333
"15453",0.133333333333333
"15454",0.133333333333333
"15455",0.133333333333333
"15456",0.133333333333333
"15457",0.133333333333333
"15458",0.133333333333333
"15459",0.133333333333333
"15460",0.133333333333333
"15461",0.133333333333333
"15462",0.133333333333333
"15463",0.133333333333333
"15464",0.133333333333333
"15465",0.133333333333333
"15466",0.133333333333333
"15467",0.131666666666667
"15468",0.133333333333333
"15469",0.133333333333333
"15470",0.135
"15471",0.135
"15472",0.135
"15473",0.135
"15474",0.138333333333333
"15475",0.135
"15476",0.135
"15477",0.135
"15478",0.135
"15479",0.135
"15480",0.135
"15481",0.135
"15482",0.135
"15483",0.135
"15484",0.135
"15485",0.135
"15486",0.135
"15487",0.135
"15488",0.135
"15489",0.135
"15490",0.135
"15491",0.135
"15492",0.135
"15493",0.135
"15494",0.135
"15495",0.135
"15496",0.135
"15497",0.135
"15498",0.133333333333333
"15499",0.135
"15500",0.135
"15501",0.135
"15502",0.135
"15503",0.135
"15504",0.135
"15505",0.138333333333333
"15506",0.135
"15507",0.135
"15508",0.135
"15509",0.135
"15510",0.135
"15511",0.135
"15512",0.135
"15513",0.135
"15514",0.135
"15515",0.135
"15516",0.135
"15517",0.135
"15518",0.135
"15519",0.135
"15520",0.135
"15521",0.135
"15522",0.135
"15523",0.135
"15524",0.135
"15525",0.135
"15526",0.135
"15527",0.135
"15528",0.135
"15529",0.133333333333333
"15530",0.135
"15531",0.135
"15532",0.135
"15533",0.135
"15534",0.135
"15535",0.135
"15536",0.138333333333333
"15537",0.135
"15538",0.135
"15539",0.135
"15540",0.135
"15541",0.135
"15542",0.135
"15543",0.135
"15544",0.135
"15545",0.135
"15546",0.135
"15547",0.135
"15548",0.135
"15549",0.135
"15550",0.135
"15551",0.135
"15552",0.135
"15553",0.135
"15554",0.135
"15555",0.135
"15556",0.135
"15557",0.135
"15558",0.135
"15559",0.135
"15560",0.133333333333333
"15561",0.135
"15562",0.135
"15563",0.133333333333333
"15564",0.133333333333333
"15565",0.133333333333333
"15566",0.133333333333333
"15567",0.136666666666667
"15568",0.133333333333333
"15569",0.133333333333333
"15570",0.133333333333333
"15571",0.133333333333333
"15572",0.133333333333333
"15573",0.133333333333333
"15574",0.133333333333333
"15575",0.133333333333333
"15576",0.133333333333333
"15577",0.133333333333333
"15578",0.133333333333333
"15579",0.133333333333333
"15580",0.133333333333333
"15581",0.133333333333333
"15582",0.133333333333333
"15583",0.133333333333333
"15584",0.133333333333333
"15585",0.133333333333333
"15586",0.133333333333333
"15587",0.133333333333333
"15588",0.133333333333333
"15589",0.133333333333333
"15590",0.133333333333333
"15591",0.131666666666667
"15592",0.133333333333333
"15593",0.133333333333333
"15594",0.128333333333333
"15595",0.128333333333333
"15596",0.128333333333333
"15597",0.128333333333333
"15598",0.128333333333333
"15599",0.128333333333333
"15600",0.128333333333333
"15601",0.128333333333333
"15602",0.128333333333333
"15603",0.128333333333333
"15604",0.128333333333333
"15605",0.128333333333333
"15606",0.128333333333333
"15607",0.128333333333333
"15608",0.128333333333333
"15609",0.128333333333333
"15610",0.128333333333333
"15611",0.128333333333333
"15612",0.128333333333333
"15613",0.128333333333333
"15614",0.128333333333333
"15615",0.128333333333333
"15616",0.128333333333333
"15617",0.128333333333333
"15618",0.128333333333333
"15619",0.128333333333333
"15620",0.128333333333333
"15621",0.128333333333333
"15622",0.126666666666667
"15623",0.128333333333333
"15624",0.128333333333333
"15625",0.128333333333333
"15626",0.128333333333333
"15627",0.128333333333333
"15628",0.128333333333333
"15629",0.128333333333333
"15630",0.128333333333333
"15631",0.128333333333333
"15632",0.128333333333333
"15633",0.128333333333333
"15634",0.128333333333333
"15635",0.128333333333333
"15636",0.128333333333333
"15637",0.128333333333333
"15638",0.128333333333333
"15639",0.128333333333333
"15640",0.128333333333333
"15641",0.128333333333333
"15642",0.128333333333333
"15643",0.128333333333333
"15644",0.128333333333333
"15645",0.128333333333333
"15646",0.128333333333333
"15647",0.128333333333333
"15648",0.128333333333333
"15649",0.128333333333333
"15650",0.128333333333333
"15651",0.128333333333333
"15652",0.128333333333333
"15653",0.126666666666667
"15654",0.128333333333333
"15655",0.128333333333333
"15656",0.138333333333333
"15657",0.138333333333333
"15658",0.14
"15659",0.138333333333333
"15660",0.138333333333333
"15661",0.14
"15662",0.136666666666667
"15663",0.136666666666667
"15664",0.138333333333333
"15665",0.138333333333333
"15666",0.138333333333333
"15667",0.14
"15668",0.138333333333333
"15669",0.138333333333333
"15670",0.14
"15671",0.121666666666667
"15672",0.121666666666667
"15673",0.12
"15674",0.123333333333333
"15675",0.123333333333333
"15676",0.121666666666667
"15677",0.121666666666667
"15678",0.121666666666667
"15679",0.12
"15680",0.123333333333333
"15681",0.123333333333333
"15682",0.121666666666667
"15683",0.121666666666667
"15684",0.121666666666667
"15685",0.12
"15686",0.123333333333333
"15687",0.123333333333333
"15688",0.121666666666667
"15689",0.123333333333333
"15690",0.123333333333333
"15691",0.121666666666667
"15692",0.123333333333333
"15693",0.123333333333333
"15694",0.121666666666667
"15695",0.121666666666667
"15696",0.121666666666667
"15697",0.12
"15698",0.121666666666667
"15699",0.121666666666667
"15700",0.12
"15701",0.121666666666667
"15702",0.121666666666667
"15703",0.12
"15704",0.121666666666667
"15705",0.121666666666667
"15706",0.12
"15707",0.123333333333333
"15708",0.123333333333333
"15709",0.121666666666667
"15710",0.123333333333333
"15711",0.123333333333333
"15712",0.121666666666667
"15713",0.121666666666667
"15714",0.121666666666667
"15715",0.12
"15716",0.121666666666667
"15717",0.121666666666667
"15718",0.12
"15719",0.0933333333333333
"15720",0.0933333333333333
"15721",0.095
"15722",0.0933333333333333
"15723",0.0933333333333333
"15724",0.095
"15725",0.0916666666666667
"15726",0.0916666666666667
"15727",0.0933333333333333
"15728",0.0933333333333333
"15729",0.0933333333333333
"15730",0.095
"15731",0.0933333333333333
"15732",0.0933333333333333
"15733",0.095
"15734",0.0916666666666667
"15735",0.0916666666666667
"15736",0.0933333333333333
"15737",0.0916666666666667
"15738",0.0916666666666667
"15739",0.0933333333333333
"15740",0.0916666666666667
"15741",0.0916666666666667
"15742",0.0933333333333333
"15743",0.0916666666666667
"15744",0.0916666666666667
"15745",0.0933333333333333
"15746",0.0933333333333333
"15747",0.0933333333333333
"15748",0.095
"15749",0.0916666666666667
"15750",0.0916666666666667
"15751",0.0933333333333333
"15752",0.0916666666666667
"15753",0.0916666666666667
"15754",0.0933333333333333
"15755",0.0916666666666667
"15756",0.0916666666666667
"15757",0.0933333333333333
"15758",0.0916666666666667
"15759",0.0916666666666667
"15760",0.0933333333333333
"15761",0.0916666666666667
"15762",0.0916666666666667
"15763",0.0933333333333333
"15764",0.0916666666666667
"15765",0.0916666666666667
"15766",0.0933333333333333
"15767",0.0933333333333333
"15768",0.0933333333333333
"15769",0.095
"15770",0.0916666666666667
"15771",0.0916666666666667
"15772",0.0933333333333333
"15773",0.0916666666666667
"15774",0.0916666666666667
"15775",0.0933333333333333
"15776",0.09
"15777",0.09
"15778",0.0916666666666667
"15779",0.0933333333333333
"15780",0.0933333333333333
"15781",0.095
"15782",0.0916666666666667
"15783",0.0916666666666667
"15784",0.0933333333333333
"15785",0.0916666666666667
"15786",0.0916666666666667
"15787",0.0933333333333333
"15788",0.0916666666666667
"15789",0.0916666666666667
"15790",0.0933333333333333
"15791",0.0916666666666667
"15792",0.0916666666666667
"15793",0.0933333333333333
"15794",0.0916666666666667
"15795",0.0916666666666667
"15796",0.0933333333333333
"15797",0.09
"15798",0.09
"15799",0.0916666666666667
"15800",0.0916666666666667
"15801",0.0916666666666667
"15802",0.0933333333333333
"15803",0.0916666666666667
"15804",0.0916666666666667
"15805",0.0933333333333333
"15806",0.0933333333333333
"15807",0.0933333333333333
"15808",0.095
"15809",0.0916666666666667
"15810",0.0916666666666667
"15811",0.0933333333333333
"15812",0.0916666666666667
"15813",0.0916666666666667
"15814",0.0933333333333333
"15815",0.0916666666666667
"15816",0.0916666666666667
"15817",0.0933333333333333
"15818",0.0916666666666667
"15819",0.0916666666666667
"15820",0.0933333333333333
"15821",0.0933333333333333
"15822",0.0933333333333333
"15823",0.095
"15824",0.0933333333333333
"15825",0.0933333333333333
"15826",0.095
"15827",0.0916666666666667
"15828",0.0916666666666667
"15829",0.0933333333333333
"15830",0.0916666666666667
"15831",0.0916666666666667
"15832",0.0933333333333333
"15833",0.0916666666666667
"15834",0.0916666666666667
"15835",0.0933333333333333
"15836",0.0916666666666667
"15837",0.0916666666666667
"15838",0.0933333333333333
"15839",0.0916666666666667
"15840",0.0916666666666667
"15841",0.0933333333333333
"15842",0.0916666666666667
"15843",0.0916666666666667
"15844",0.0933333333333333
"15845",0.0916666666666667
"15846",0.0916666666666667
"15847",0.0933333333333333
"15848",0.0933333333333333
"15849",0.0933333333333333
"15850",0.0916666666666667
"15851",0.0916666666666667
"15852",0.0916666666666667
"15853",0.0933333333333333
"15854",0.0916666666666667
"15855",0.0916666666666667
"15856",0.0933333333333333
"15857",0.0933333333333333
"15858",0.0933333333333333
"15859",0.095
"15860",0.0916666666666667
"15861",0.0916666666666667
"15862",0.0933333333333333
"15863",0.0916666666666667
"15864",0.0916666666666667
"15865",0.0933333333333333
"15866",0.0916666666666667
"15867",0.0916666666666667
"15868",0.0933333333333333
"15869",0.115
"15870",0.115
"15871",0.116666666666667
"15872",0.125
"15873",0.125
"15874",0.125
"15875",0.125
"15876",0.125
"15877",0.125
"15878",0.125
"15879",0.125
"15880",0.125
"15881",0.125
"15882",0.125
"15883",0.125
"15884",0.125
"15885",0.125
"15886",0.125
"15887",0.125
"15888",0.125
"15889",0.125
"15890",0.126666666666667
"15891",0.126666666666667
"15892",0.126666666666667
"15893",0.125
"15894",0.125
"15895",0.125
"15896",0.125
"15897",0.125
"15898",0.125
"15899",0.125
"15900",0.125
"15901",0.125
"15902",0.125
"15903",0.125
"15904",0.125
"15905",0.125
"15906",0.125
"15907",0.125
"15908",0.125
"15909",0.125
"15910",0.125
"15911",0.125
"15912",0.125
"15913",0.125
"15914",0.125
"15915",0.125
"15916",0.125
"15917",0.125
"15918",0.125
"15919",0.125
"15920",0.125
"15921",0.125
"15922",0.125
"15923",0.125
"15924",0.125
"15925",0.125
"15926",0.125
"15927",0.125
"15928",0.125
"15929",0.125
"15930",0.125
"15931",0.125
"15932",0.125
"15933",0.125
"15934",0.125
"15935",0.125
"15936",0.125
"15937",0.125
"15938",0.125
"15939",0.125
"15940",0.125
"15941",0.125
"15942",0.125
"15943",0.125
"15944",0.125
"15945",0.125
"15946",0.125
"15947",0.125
"15948",0.125
"15949",0.125
"15950",0.125
"15951",0.125
"15952",0.125
"15953",0.11
"15954",0.11
"15955",0.111666666666667
"15956",0.111666666666667
"15957",0.111666666666667
"15958",0.113333333333333
"15959",0.108333333333333
"15960",0.108333333333333
"15961",0.11
"15962",0.108333333333333
"15963",0.108333333333333
"15964",0.11
"15965",0.103333333333333
"15966",0.103333333333333
"15967",0.105
"15968",0.103333333333333
"15969",0.103333333333333
"15970",0.105
"15971",0.103333333333333
"15972",0.103333333333333
"15973",0.105
"15974",0.103333333333333
"15975",0.103333333333333
"15976",0.105
"15977",0.103333333333333
"15978",0.103333333333333
"15979",0.105
"15980",0.103333333333333
"15981",0.103333333333333
"15982",0.105
"15983",0.106666666666667
"15984",0.106666666666667
"15985",0.108333333333333
"15986",0.105
"15987",0.105
"15988",0.106666666666667
"15989",0.103333333333333
"15990",0.103333333333333
"15991",0.105
"15992",0.105
"15993",0.105
"15994",0.106666666666667
"15995",0.103333333333333
"15996",0.103333333333333
"15997",0.105
"15998",0.106666666666667
"15999",0.106666666666667
"16000",0.108333333333333
"16001",0.105
"16002",0.105
"16003",0.106666666666667
"16004",0.103333333333333
"16005",0.103333333333333
"16006",0.105
"16007",0.106666666666667
"16008",0.106666666666667
"16009",0.108333333333333
"16010",0.103333333333333
"16011",0.103333333333333
"16012",0.105
"16013",0.106666666666667
"16014",0.106666666666667
"16015",0.108333333333333
"16016",0.106666666666667
"16017",0.106666666666667
"16018",0.108333333333333
"16019",0.106666666666667
"16020",0.106666666666667
"16021",0.108333333333333
"16022",0.105
"16023",0.105
"16024",0.106666666666667
"16025",0.103333333333333
"16026",0.103333333333333
"16027",0.105
"16028",0.105
"16029",0.105
"16030",0.106666666666667
"16031",0.105
"16032",0.105
"16033",0.106666666666667
"16034",0.105
"16035",0.105
"16036",0.106666666666667
"16037",0.106666666666667
"16038",0.106666666666667
"16039",0.108333333333333
"16040",0.105
"16041",0.105
"16042",0.106666666666667
"16043",0.103333333333333
"16044",0.103333333333333
"16045",0.105
"16046",0.108333333333333
"16047",0.108333333333333
"16048",0.11
"16049",0.106666666666667
"16050",0.106666666666667
"16051",0.108333333333333
"16052",0.103333333333333
"16053",0.103333333333333
"16054",0.105
"16055",0.103333333333333
"16056",0.103333333333333
"16057",0.105
"16058",0.105
"16059",0.105
"16060",0.106666666666667
"16061",0.103333333333333
"16062",0.103333333333333
"16063",0.105
"16064",0.103333333333333
"16065",0.103333333333333
"16066",0.105
"16067",0.106666666666667
"16068",0.106666666666667
"16069",0.108333333333333
"16070",0.105
"16071",0.105
"16072",0.106666666666667
"16073",0.105
"16074",0.105
"16075",0.106666666666667
"16076",0.106666666666667
"16077",0.106666666666667
"16078",0.108333333333333
"16079",0.105
"16080",0.105
"16081",0.106666666666667
"16082",0.103333333333333
"16083",0.103333333333333
"16084",0.105
"16085",0.106666666666667
"16086",0.106666666666667
"16087",0.108333333333333
"16088",0.108333333333333
"16089",0.108333333333333
"16090",0.11
"16091",0.11
"16092",0.11
"16093",0.111666666666667
"16094",0.11
"16095",0.11
"16096",0.111666666666667
"16097",0.111666666666667
"16098",0.111666666666667
"16099",0.113333333333333
"16100",0.115
"16101",0.115
"16102",0.116666666666667
"16103",0.115
"16104",0.115
"16105",0.116666666666667
"16106",0.111666666666667
"16107",0.111666666666667
"16108",0.113333333333333
"16109",0.11
"16110",0.11
"16111",0.111666666666667
"16112",0.115
"16113",0.115
"16114",0.116666666666667
"16115",0.111666666666667
"16116",0.111666666666667
"16117",0.113333333333333
"16118",0.0316666666666667
"16119",0.0316666666666667
"16120",0.0333333333333333
"16121",0.0316666666666667
"16122",0.0316666666666667
"16123",0.0333333333333333
"16124",0.0316666666666667
"16125",0.0316666666666667
"16126",0.0333333333333333
"16127",0.0333333333333333
"16128",0.0333333333333333
"16129",0.035
"16130",0.0316666666666667
"16131",0.0316666666666667
"16132",0.0333333333333333
"16133",0.03
"16134",0.03
"16135",0.0316666666666667
"16136",0.126666666666667
"16137",0.126666666666667
"16138",0.128333333333333
"16139",0.126666666666667
"16140",0.126666666666667
"16141",0.128333333333333
"16142",0.126666666666667
"16143",0.126666666666667
"16144",0.128333333333333
"16145",0.126666666666667
"16146",0.126666666666667
"16147",0.128333333333333
"16148",0.125
"16149",0.125
"16150",0.126666666666667
"16151",0.125
"16152",0.125
"16153",0.126666666666667
"16154",0.125
"16155",0.125
"16156",0.126666666666667
"16157",0.125
"16158",0.125
"16159",0.126666666666667
"16160",0.128333333333333
"16161",0.128333333333333
"16162",0.13
"16163",0.125
"16164",0.125
"16165",0.126666666666667
"16166",0.125
"16167",0.125
"16168",0.126666666666667
"16169",0.125
"16170",0.125
"16171",0.126666666666667
"16172",0.125
"16173",0.125
"16174",0.126666666666667
"16175",0.125
"16176",0.125
"16177",0.126666666666667
"16178",0.125
"16179",0.125
"16180",0.126666666666667
"16181",0.125
"16182",0.125
"16183",0.126666666666667
"16184",0.125
"16185",0.125
"16186",0.126666666666667
"16187",0.125
"16188",0.125
"16189",0.126666666666667
"16190",0.125
"16191",0.125
"16192",0.126666666666667
"16193",0.125
"16194",0.125
"16195",0.126666666666667
"16196",0.125
"16197",0.125
"16198",0.126666666666667
"16199",0.125
"16200",0.125
"16201",0.126666666666667
"16202",0.125
"16203",0.125
"16204",0.126666666666667
"16205",0.148333333333333
"16206",0.148333333333333
"16207",0.15
"16208",0.148333333333333
"16209",0.148333333333333
"16210",0.15
"16211",0.131666666666667
"16212",0.131666666666667
"16213",0.13
"16214",0.138333333333333
"16215",0.138333333333333
"16216",0.136666666666667
"16217",0.136666666666667
"16218",0.136666666666667
"16219",0.135
"16220",0.131666666666667
"16221",0.131666666666667
"16222",0.13
"16223",0.131666666666667
"16224",0.131666666666667
"16225",0.13
"16226",0.135
"16227",0.135
"16228",0.133333333333333
"16229",0.136666666666667
"16230",0.136666666666667
"16231",0.135
"16232",0.135
"16233",0.135
"16234",0.133333333333333
"16235",0.12
"16236",0.12
"16237",0.12
"16238",0.12
"16239",0.12
"16240",0.12
"16241",0.12
"16242",0.12
"16243",0.12
"16244",0.12
"16245",0.12
"16246",0.12
"16247",0.12
"16248",0.12
"16249",0.12
"16250",0.12
"16251",0.12
"16252",0.12
"16253",0.12
"16254",0.12
"16255",0.12
"16256",0.143333333333333
"16257",0.143333333333333
"16258",0.141666666666667
"16259",0.146666666666667
"16260",0.146666666666667
"16261",0.145
"16262",0.145
"16263",0.145
"16264",0.143333333333333
"16265",0.148333333333333
"16266",0.148333333333333
"16267",0.146666666666667
"16268",0.143333333333333
"16269",0.143333333333333
"16270",0.145
"16271",0.143333333333333
"16272",0.143333333333333
"16273",0.141666666666667
"16274",0.143333333333333
"16275",0.143333333333333
"16276",0.141666666666667
"16277",0.145
"16278",0.145
"16279",0.143333333333333
"16280",0.143333333333333
"16281",0.143333333333333
"16282",0.141666666666667
"16283",0.143333333333333
"16284",0.143333333333333
"16285",0.145
"16286",0.145
"16287",0.145
"16288",0.143333333333333
"16289",0.145
"16290",0.145
"16291",0.143333333333333
"16292",0.143333333333333
"16293",0.143333333333333
"16294",0.141666666666667
"16295",0.146666666666667
"16296",0.146666666666667
"16297",0.145
"16298",0.145
"16299",0.145
"16300",0.143333333333333
"16301",0.143333333333333
"16302",0.143333333333333
"16303",0.145
"16304",0.146666666666667
"16305",0.146666666666667
"16306",0.145
"16307",0.143333333333333
"16308",0.143333333333333
"16309",0.145
"16310",0.143333333333333
"16311",0.143333333333333
"16312",0.145
"16313",0.145
"16314",0.145
"16315",0.143333333333333
"16316",0.146666666666667
"16317",0.146666666666667
"16318",0.145
"16319",0.143333333333333
"16320",0.143333333333333
"16321",0.145
"16322",0.145
"16323",0.145
"16324",0.143333333333333
"16325",0.145
"16326",0.145
"16327",0.143333333333333
"16328",0.145
"16329",0.145
"16330",0.143333333333333
"16331",0.1
"16332",0.1
"16333",0.101666666666667
"16334",0.04
"16335",0.04
"16336",0.0416666666666667
"16337",0.0416666666666667
"16338",0.0416666666666667
"16339",0.0433333333333333
"16340",0.045
"16341",0.045
"16342",0.0466666666666667
"16343",0.0416666666666667
"16344",0.0416666666666667
"16345",0.0433333333333333
"16346",0.0433333333333333
"16347",0.0433333333333333
"16348",0.045
"16349",0.04
"16350",0.04
"16351",0.0416666666666667
"16352",0.0416666666666667
"16353",0.0416666666666667
"16354",0.0433333333333333
"16355",0.04
"16356",0.04
"16357",0.0416666666666667
"16358",0.0433333333333333
"16359",0.0433333333333333
"16360",0.045
"16361",0.04
"16362",0.04
"16363",0.0416666666666667
"16364",0.0416666666666667
"16365",0.0416666666666667
"16366",0.0433333333333333
"16367",0.0416666666666667
"16368",0.0416666666666667
"16369",0.0433333333333333
"16370",0.121666666666667
"16371",0.121666666666667
"16372",0.123333333333333
"16373",0.121666666666667
"16374",0.121666666666667
"16375",0.123333333333333
"16376",0.121666666666667
"16377",0.121666666666667
"16378",0.123333333333333
"16379",0.12
"16380",0.12
"16381",0.12
"16382",0.121666666666667
"16383",0.121666666666667
"16384",0.121666666666667
"16385",0.118333333333333
"16386",0.118333333333333
"16387",0.118333333333333
"16388",0.128333333333333
"16389",0.128333333333333
"16390",0.13
"16391",0.13
"16392",0.13
"16393",0.131666666666667
"16394",0.128333333333333
"16395",0.128333333333333
"16396",0.13
"16397",0.1
"16398",0.1
"16399",0.101666666666667
"16400",0.1
"16401",0.1
"16402",0.101666666666667
"16403",0.141666666666667
"16404",0.141666666666667
"16405",0.141666666666667
"16406",0.146666666666667
"16407",0.146666666666667
"16408",0.146666666666667
"16409",0.141666666666667
"16410",0.141666666666667
"16411",0.141666666666667
"16412",0.141666666666667
"16413",0.141666666666667
"16414",0.141666666666667
"16415",0.0683333333333333
"16416",0.0683333333333333
"16417",0.07
"16418",0.07
"16419",0.07
"16420",0.0683333333333333
"16421",0.12
"16422",0.12
"16423",0.118333333333333
"16424",0.123333333333333
"16425",0.123333333333333
"16426",0.121666666666667
"16427",0.12
"16428",0.12
"16429",0.118333333333333
"16430",0.121666666666667
"16431",0.121666666666667
"16432",0.12
"16433",0.123333333333333
"16434",0.123333333333333
"16435",0.121666666666667
"16436",0.121666666666667
"16437",0.121666666666667
"16438",0.12
"16439",0.123333333333333
"16440",0.123333333333333
"16441",0.121666666666667
"16442",0.123333333333333
"16443",0.123333333333333
"16444",0.121666666666667
"16445",0.126666666666667
"16446",0.126666666666667
"16447",0.128333333333333
"16448",0.12
"16449",0.12
"16450",0.121666666666667
"16451",0.12
"16452",0.12
"16453",0.121666666666667
"16454",0.0916666666666667
"16455",0.0916666666666667
"16456",0.0933333333333333
"16457",0.0916666666666667
"16458",0.0916666666666667
"16459",0.0933333333333333
"16460",0.0916666666666667
"16461",0.0916666666666667
"16462",0.0933333333333333
"16463",0.0916666666666667
"16464",0.0916666666666667
"16465",0.0933333333333333
"16466",0.0916666666666667
"16467",0.0916666666666667
"16468",0.0933333333333333
"16469",0.0916666666666667
"16470",0.0916666666666667
"16471",0.0933333333333333
"16472",0.0916666666666667
"16473",0.0916666666666667
"16474",0.09
"16475",0.0916666666666667
"16476",0.0916666666666667
"16477",0.0933333333333333
"16478",0.0916666666666667
"16479",0.0916666666666667
"16480",0.0933333333333333
"16481",0.0916666666666667
"16482",0.0916666666666667
"16483",0.0933333333333333
"16484",0.0933333333333333
"16485",0.0933333333333333
"16486",0.095
"16487",0.0916666666666667
"16488",0.0916666666666667
"16489",0.09
"16490",0.0916666666666667
"16491",0.0916666666666667
"16492",0.09
"16493",0.09
"16494",0.09
"16495",0.0916666666666667
"16496",0.0916666666666667
"16497",0.0916666666666667
"16498",0.0933333333333333
"16499",0.0916666666666667
"16500",0.0916666666666667
"16501",0.0933333333333333
"16502",0.0916666666666667
"16503",0.0916666666666667
"16504",0.0933333333333333
"16505",0.0916666666666667
"16506",0.0916666666666667
"16507",0.09
"16508",0.0916666666666667
"16509",0.0916666666666667
"16510",0.0933333333333333
"16511",0.0916666666666667
"16512",0.0916666666666667
"16513",0.09
"16514",0.0916666666666667
"16515",0.0916666666666667
"16516",0.0933333333333333
"16517",0.0916666666666667
"16518",0.0916666666666667
"16519",0.09
"16520",0.0916666666666667
"16521",0.0916666666666667
"16522",0.0933333333333333
"16523",0.0933333333333333
"16524",0.0933333333333333
"16525",0.095
"16526",0.0916666666666667
"16527",0.0916666666666667
"16528",0.0933333333333333
"16529",0.0916666666666667
"16530",0.0916666666666667
"16531",0.09
"16532",0.09
"16533",0.09
"16534",0.0916666666666667
"16535",0.09
"16536",0.09
"16537",0.0916666666666667
"16538",0.0933333333333333
"16539",0.0933333333333333
"16540",0.095
"16541",0.0933333333333333
"16542",0.0933333333333333
"16543",0.095
"16544",0.0916666666666667
"16545",0.0916666666666667
"16546",0.09
"16547",0.0916666666666667
"16548",0.0916666666666667
"16549",0.0933333333333333
"16550",0.0916666666666667
"16551",0.0916666666666667
"16552",0.09
"16553",0.0933333333333333
"16554",0.0933333333333333
"16555",0.0916666666666667
"16556",0.0916666666666667
"16557",0.0916666666666667
"16558",0.0933333333333333
"16559",0.0916666666666667
"16560",0.0916666666666667
"16561",0.0933333333333333
"16562",0.09
"16563",0.09
"16564",0.0916666666666667
"16565",0.0916666666666667
"16566",0.0916666666666667
"16567",0.0933333333333333
"16568",0.0916666666666667
"16569",0.0916666666666667
"16570",0.0933333333333333
"16571",0.0916666666666667
"16572",0.0916666666666667
"16573",0.0933333333333333
"16574",0.0916666666666667
"16575",0.0916666666666667
"16576",0.0933333333333333
"16577",0.0933333333333333
"16578",0.0933333333333333
"16579",0.095
"16580",0.0916666666666667
"16581",0.0916666666666667
"16582",0.09
"16583",0.09
"16584",0.09
"16585",0.0916666666666667
"16586",0.0916666666666667
"16587",0.0916666666666667
"16588",0.0933333333333333
"16589",0.09
"16590",0.09
"16591",0.0916666666666667
"16592",0.0916666666666667
"16593",0.0916666666666667
"16594",0.09
"16595",0.0916666666666667
"16596",0.0916666666666667
"16597",0.09
"16598",0.09
"16599",0.09
"16600",0.0916666666666667
"16601",0.0916666666666667
"16602",0.0916666666666667
"16603",0.0933333333333333
"16604",0.0916666666666667
"16605",0.0916666666666667
"16606",0.0933333333333333
"16607",0.0916666666666667
"16608",0.0916666666666667
"16609",0.09
"16610",0.0916666666666667
"16611",0.0916666666666667
"16612",0.0933333333333333
"16613",0.0916666666666667
"16614",0.0916666666666667
"16615",0.0933333333333333
"16616",0.09
"16617",0.09
"16618",0.0916666666666667
"16619",0.09
"16620",0.09
"16621",0.0916666666666667
"16622",0.09
"16623",0.09
"16624",0.0916666666666667
"16625",0.0916666666666667
"16626",0.0916666666666667
"16627",0.0933333333333333
"16628",0.0916666666666667
"16629",0.0916666666666667
"16630",0.0933333333333333
"16631",0.0933333333333333
"16632",0.0933333333333333
"16633",0.095
"16634",0.0916666666666667
"16635",0.0916666666666667
"16636",0.0933333333333333
"16637",0.0933333333333333
"16638",0.0933333333333333
"16639",0.095
"16640",0.0916666666666667
"16641",0.0916666666666667
"16642",0.09
"16643",0.0916666666666667
"16644",0.0916666666666667
"16645",0.09
"16646",0.0916666666666667
"16647",0.0916666666666667
"16648",0.0933333333333333
"16649",0.09
"16650",0.09
"16651",0.0916666666666667
"16652",0.0916666666666667
"16653",0.0916666666666667
"16654",0.0933333333333333
"16655",0.0916666666666667
"16656",0.0916666666666667
"16657",0.0933333333333333
"16658",0.0916666666666667
"16659",0.0916666666666667
"16660",0.09
"16661",0.0933333333333333
"16662",0.0933333333333333
"16663",0.095
"16664",0.0916666666666667
"16665",0.0916666666666667
"16666",0.0933333333333333
"16667",0.0916666666666667
"16668",0.0916666666666667
"16669",0.0933333333333333
"16670",0.0933333333333333
"16671",0.0933333333333333
"16672",0.095
"16673",0.0916666666666667
"16674",0.0916666666666667
"16675",0.09
"16676",0.0916666666666667
"16677",0.0916666666666667
"16678",0.0933333333333333
"16679",0.0916666666666667
"16680",0.0916666666666667
"16681",0.0933333333333333
"16682",0.0916666666666667
"16683",0.0916666666666667
"16684",0.0933333333333333
"16685",0.0916666666666667
"16686",0.0916666666666667
"16687",0.0933333333333333
"16688",0.0916666666666667
"16689",0.0916666666666667
"16690",0.0933333333333333
"16691",0.09
"16692",0.09
"16693",0.0916666666666667
"16694",0.0916666666666667
"16695",0.0916666666666667
"16696",0.0933333333333333
"16697",0.0916666666666667
"16698",0.0916666666666667
"16699",0.0933333333333333
"16700",0.09
"16701",0.09
"16702",0.0916666666666667
"16703",0.0933333333333333
"16704",0.0933333333333333
"16705",0.095
"16706",0.0933333333333333
"16707",0.0933333333333333
"16708",0.095
"16709",0.0916666666666667
"16710",0.0916666666666667
"16711",0.0933333333333333
"16712",0.0916666666666667
"16713",0.0916666666666667
"16714",0.09
"16715",0.095
"16716",0.095
"16717",0.0966666666666667
"16718",0.0916666666666667
"16719",0.0916666666666667
"16720",0.09
"16721",0.0916666666666667
"16722",0.0916666666666667
"16723",0.09
"16724",0.0916666666666667
"16725",0.0916666666666667
"16726",0.09
"16727",0.138333333333333
"16728",0.138333333333333
"16729",0.136666666666667
"16730",0.14
"16731",0.14
"16732",0.138333333333333
"16733",0.136666666666667
"16734",0.136666666666667
"16735",0.135
"16736",0.0416666666666667
"16737",0.0416666666666667
"16738",0.0433333333333333
"16739",0.0383333333333333
"16740",0.0383333333333333
"16741",0.04
"16742",0.0416666666666667
"16743",0.0416666666666667
"16744",0.0433333333333333
"16745",0.04
"16746",0.04
"16747",0.0416666666666667
"16748",0.04
"16749",0.04
"16750",0.0416666666666667
"16751",0.125
"16752",0.125
"16753",0.123333333333333
"16754",0.126666666666667
"16755",0.126666666666667
"16756",0.125
"16757",0.126666666666667
"16758",0.126666666666667
"16759",0.125
"16760",0.125
"16761",0.125
"16762",0.123333333333333
"16763",0.126666666666667
"16764",0.126666666666667
"16765",0.125
"16766",0.125
"16767",0.125
"16768",0.123333333333333
"16769",0.126666666666667
"16770",0.126666666666667
"16771",0.125
"16772",0.125
"16773",0.125
"16774",0.123333333333333
"16775",0.126666666666667
"16776",0.126666666666667
"16777",0.125
"16778",0.126666666666667
"16779",0.126666666666667
"16780",0.125
"16781",0.126666666666667
"16782",0.126666666666667
"16783",0.125
"16784",0.125
"16785",0.125
"16786",0.123333333333333
"16787",0.0283333333333333
"16788",0.0283333333333333
"16789",0.03
"16790",0.0283333333333333
"16791",0.0283333333333333
"16792",0.03
"16793",0.0283333333333333
"16794",0.0283333333333333
"16795",0.03
"16796",0.0283333333333333
"16797",0.0283333333333333
"16798",0.03
"16799",0.13
"16800",0.13
"16801",0.131666666666667
"16802",0.13
"16803",0.13
"16804",0.131666666666667
"16805",0.13
"16806",0.13
"16807",0.131666666666667
"16808",0.13
"16809",0.13
"16810",0.131666666666667
"16811",0.131666666666667
"16812",0.131666666666667
"16813",0.13
"16814",0.13
"16815",0.13
"16816",0.131666666666667
"16817",0.131666666666667
"16818",0.131666666666667
"16819",0.133333333333333
"16820",0.131666666666667
"16821",0.131666666666667
"16822",0.133333333333333
"16823",0.133333333333333
"16824",0.133333333333333
"16825",0.135
"16826",0.13
"16827",0.13
"16828",0.131666666666667
"16829",0.136666666666667
"16830",0.136666666666667
"16831",0.135
"16832",0.136666666666667
"16833",0.136666666666667
"16834",0.135
"16835",0.136666666666667
"16836",0.136666666666667
"16837",0.135
"16838",0.13
"16839",0.13
"16840",0.131666666666667
"16841",0.13
"16842",0.13
"16843",0.131666666666667
"16844",0.126666666666667
"16845",0.126666666666667
"16846",0.125
"16847",0.126666666666667
"16848",0.126666666666667
"16849",0.125
"16850",0.0983333333333333
"16851",0.0983333333333333
"16852",0.0966666666666667
"16853",0.1
"16854",0.1
"16855",0.0983333333333333
"16856",0.0966666666666667
"16857",0.0966666666666667
"16858",0.095
"16859",0.0966666666666667
"16860",0.0966666666666667
"16861",0.095
"16862",0.101666666666667
"16863",0.101666666666667
"16864",0.1
"16865",0.095
"16866",0.095
"16867",0.0966666666666667
"16868",0.095
"16869",0.095
"16870",0.0966666666666667
"16871",0.101666666666667
"16872",0.101666666666667
"16873",0.1
"16874",0.0983333333333333
"16875",0.0983333333333333
"16876",0.1
"16877",0.095
"16878",0.095
"16879",0.0966666666666667
"16880",0.0983333333333333
"16881",0.0983333333333333
"16882",0.0966666666666667
"16883",0.095
"16884",0.095
"16885",0.0966666666666667
"16886",0.0983333333333333
"16887",0.0983333333333333
"16888",0.1
"16889",0.1
"16890",0.1
"16891",0.101666666666667
"16892",0.0966666666666667
"16893",0.0966666666666667
"16894",0.095
"16895",0.095
"16896",0.095
"16897",0.0966666666666667
"16898",0.0983333333333333
"16899",0.0983333333333333
"16900",0.1
"16901",0.0983333333333333
"16902",0.0983333333333333
"16903",0.1
"16904",0.1
"16905",0.1
"16906",0.101666666666667
"16907",0.0983333333333333
"16908",0.0983333333333333
"16909",0.1
"16910",0.0983333333333333
"16911",0.0983333333333333
"16912",0.1
"16913",0.1
"16914",0.1
"16915",0.101666666666667
"16916",0.0983333333333333
"16917",0.0983333333333333
"16918",0.1
"16919",0.0983333333333333
"16920",0.0983333333333333
"16921",0.0966666666666667
"16922",0.0983333333333333
"16923",0.0983333333333333
"16924",0.1
"16925",0.0983333333333333
"16926",0.0983333333333333
"16927",0.1
"16928",0.095
"16929",0.095
"16930",0.0966666666666667
"16931",0.12
"16932",0.12
"16933",0.118333333333333
"16934",0.121666666666667
"16935",0.121666666666667
"16936",0.121666666666667
"16937",0.123333333333333
"16938",0.123333333333333
"16939",0.123333333333333
"16940",0.12
"16941",0.12
"16942",0.12
"16943",0.00333333333333333
"16944",0.00333333333333333
"16945",0.00166666666666667
"16946",0.00333333333333333
"16947",0.00333333333333333
"16948",0.00166666666666667
"16949",0.00333333333333333
"16950",0.00333333333333333
"16951",0.00166666666666667
"16952",0.103333333333333
"16953",0.103333333333333
"16954",0.105
"16955",0.101666666666667
"16956",0.101666666666667
"16957",0.103333333333333
"16958",0.101666666666667
"16959",0.101666666666667
"16960",0.103333333333333
"16961",0.103333333333333
"16962",0.103333333333333
"16963",0.105
"16964",0.101666666666667
"16965",0.101666666666667
"16966",0.103333333333333
"16967",0.101666666666667
"16968",0.101666666666667
"16969",0.103333333333333
"16970",0.103333333333333
"16971",0.103333333333333
"16972",0.105
"16973",0.103333333333333
"16974",0.103333333333333
"16975",0.105
"16976",0.103333333333333
"16977",0.103333333333333
"16978",0.105
"16979",0.103333333333333
"16980",0.103333333333333
"16981",0.105
"16982",0.103333333333333
"16983",0.103333333333333
"16984",0.105
"16985",0.101666666666667
"16986",0.101666666666667
"16987",0.103333333333333
"16988",0.103333333333333
"16989",0.103333333333333
"16990",0.105
"16991",0.103333333333333
"16992",0.103333333333333
"16993",0.105
"16994",0.103333333333333
"16995",0.103333333333333
"16996",0.105
"16997",0.103333333333333
"16998",0.103333333333333
"16999",0.105
"17000",0.0416666666666667
"17001",0.0416666666666667
"17002",0.0433333333333333
"17003",0.0433333333333333
"17004",0.0433333333333333
"17005",0.045
"17006",0.0433333333333333
"17007",0.0433333333333333
"17008",0.045
"17009",0.0966666666666667
"17010",0.0966666666666667
"17011",0.0983333333333333
"17012",0.0966666666666667
"17013",0.0966666666666667
"17014",0.0983333333333333
"17015",0.0966666666666667
"17016",0.0966666666666667
"17017",0.0983333333333333
"17018",0.133333333333333
"17019",0.133333333333333
"17020",0.131666666666667
"17021",0.133333333333333
"17022",0.133333333333333
"17023",0.131666666666667
"17024",0.133333333333333
"17025",0.133333333333333
"17026",0.131666666666667
"17027",0.133333333333333
"17028",0.133333333333333
"17029",0.135
"17030",0.133333333333333
"17031",0.133333333333333
"17032",0.131666666666667
"17033",0.133333333333333
"17034",0.133333333333333
"17035",0.131666666666667
"17036",0.133333333333333
"17037",0.133333333333333
"17038",0.131666666666667
"17039",0.133333333333333
"17040",0.133333333333333
"17041",0.131666666666667
"17042",0.133333333333333
"17043",0.133333333333333
"17044",0.131666666666667
"17045",0.13
"17046",0.13
"17047",0.128333333333333
"17048",0.13
"17049",0.13
"17050",0.131666666666667
"17051",0.131666666666667
"17052",0.131666666666667
"17053",0.13
"17054",0.131666666666667
"17055",0.131666666666667
"17056",0.13
"17057",0.13
"17058",0.13
"17059",0.131666666666667
"17060",0.131666666666667
"17061",0.131666666666667
"17062",0.13
"17063",0.133333333333333
"17064",0.133333333333333
"17065",0.131666666666667
"17066",0.131666666666667
"17067",0.131666666666667
"17068",0.13
"17069",0.131666666666667
"17070",0.131666666666667
"17071",0.13
"17072",0.13
"17073",0.13
"17074",0.128333333333333
"17075",0.13
"17076",0.13
"17077",0.128333333333333
"17078",0.13
"17079",0.13
"17080",0.131666666666667
"17081",0.13
"17082",0.13
"17083",0.128333333333333
"17084",0.126666666666667
"17085",0.126666666666667
"17086",0.125
"17087",0.128333333333333
"17088",0.128333333333333
"17089",0.126666666666667
"17090",0.128333333333333
"17091",0.128333333333333
"17092",0.126666666666667
"17093",0.126666666666667
"17094",0.126666666666667
"17095",0.125
"17096",0.125
"17097",0.125
"17098",0.126666666666667
"17099",0.125
"17100",0.125
"17101",0.123333333333333
"17102",0.126666666666667
"17103",0.126666666666667
"17104",0.125
"17105",0.126666666666667
"17106",0.126666666666667
"17107",0.125
"17108",0.126666666666667
"17109",0.126666666666667
"17110",0.128333333333333
"17111",0.128333333333333
"17112",0.128333333333333
"17113",0.126666666666667
"17114",0.126666666666667
"17115",0.126666666666667
"17116",0.125
"17117",0.126666666666667
"17118",0.126666666666667
"17119",0.125
"17120",0.13
"17121",0.13
"17122",0.128333333333333
"17123",0.131666666666667
"17124",0.131666666666667
"17125",0.13
"17126",0.131666666666667
"17127",0.131666666666667
"17128",0.13
"17129",0.13
"17130",0.13
"17131",0.128333333333333
"17132",0.131666666666667
"17133",0.131666666666667
"17134",0.13
"17135",0.133333333333333
"17136",0.133333333333333
"17137",0.131666666666667
"17138",0.13
"17139",0.13
"17140",0.128333333333333
"17141",0.13
"17142",0.13
"17143",0.128333333333333
"17144",0.125
"17145",0.125
"17146",0.125
"17147",0.101666666666667
"17148",0.101666666666667
"17149",0.103333333333333
"17150",0.111666666666667
"17151",0.111666666666667
"17152",0.113333333333333
"17153",0.116666666666667
"17154",0.116666666666667
"17155",0.118333333333333
"17156",0.116666666666667
"17157",0.116666666666667
"17158",0.118333333333333
"17159",0.125
"17160",0.125
"17161",0.126666666666667
"17162",0.125
"17163",0.125
"17164",0.126666666666667
"17165",0.125
"17166",0.125
"17167",0.126666666666667
"17168",0.125
"17169",0.125
"17170",0.126666666666667
"17171",0.125
"17172",0.125
"17173",0.126666666666667
"17174",0.125
"17175",0.125
"17176",0.126666666666667
"17177",0.125
"17178",0.125
"17179",0.126666666666667
"17180",0.125
"17181",0.125
"17182",0.126666666666667
"17183",0.125
"17184",0.125
"17185",0.126666666666667
"17186",0.123333333333333
"17187",0.123333333333333
"17188",0.125
"17189",0.125
"17190",0.125
"17191",0.126666666666667
"17192",0.125
"17193",0.125
"17194",0.126666666666667
"17195",0.04
"17196",0.04
"17197",0.0416666666666667
"17198",0.128333333333333
"17199",0.128333333333333
"17200",0.13
"17201",0.0983333333333333
"17202",0.0983333333333333
"17203",0.1
"17204",0.0983333333333333
"17205",0.0983333333333333
"17206",0.1
"17207",0.13
"17208",0.13
"17209",0.131666666666667
"17210",0.0283333333333333
"17211",0.0283333333333333
"17212",0.03
"17213",0.13
"17214",0.13
"17215",0.131666666666667
"17216",0.123333333333333
"17217",0.123333333333333
"17218",0.123333333333333
"17219",0.12
"17220",0.12
"17221",0.12
"17222",0.12
"17223",0.12
"17224",0.12
"17225",0.123333333333333
"17226",0.123333333333333
"17227",0.123333333333333
"17228",0.123333333333333
"17229",0.123333333333333
"17230",0.123333333333333
"17231",0.103333333333333
"17232",0.103333333333333
"17233",0.105
"17234",0.101666666666667
"17235",0.101666666666667
"17236",0.103333333333333
"17237",0.103333333333333
"17238",0.103333333333333
"17239",0.105
"17240",0.103333333333333
"17241",0.103333333333333
"17242",0.105
"17243",0.103333333333333
"17244",0.103333333333333
"17245",0.105
"17246",0.101666666666667
"17247",0.101666666666667
"17248",0.103333333333333
"17249",0.0416666666666667
"17250",0.0416666666666667
"17251",0.0433333333333333
"17252",0.0416666666666667
"17253",0.0416666666666667
"17254",0.0433333333333333
