"","x"
"1",0.135
"2",0.135
"3",0.133333333333333
"4",0.131666666666667
"5",0.131666666666667
"6",0.135
"7",0.135
"8",0.133333333333333
"9",0.135
"10",0.131666666666667
"11",0.133333333333333
"12",0.133333333333333
"13",0.135
"14",0.135
"15",0.133333333333333
"16",0.131666666666667
"17",0.135
"18",0.131666666666667
"19",0.131666666666667
"20",0.133333333333333
"21",0.135
"22",0.131666666666667
"23",0.133333333333333
"24",0.133333333333333
"25",0.133333333333333
"26",0.135
"27",0.135
"28",0.133333333333333
"29",0.131666666666667
"30",0.131666666666667
"31",0.135
"32",0.135
"33",0.133333333333333
"34",0.135
"35",0.131666666666667
"36",0.133333333333333
"37",0.133333333333333
"38",0.135
"39",0.135
"40",0.133333333333333
"41",0.131666666666667
"42",0.135
"43",0.131666666666667
"44",0.131666666666667
"45",0.133333333333333
"46",0.135
"47",0.131666666666667
"48",0.133333333333333
"49",0.133333333333333
"50",0.133333333333333
"51",0.13
"52",0.13
"53",0.128333333333333
"54",0.126666666666667
"55",0.126666666666667
"56",0.13
"57",0.13
"58",0.128333333333333
"59",0.13
"60",0.126666666666667
"61",0.128333333333333
"62",0.128333333333333
"63",0.13
"64",0.13
"65",0.128333333333333
"66",0.126666666666667
"67",0.13
"68",0.126666666666667
"69",0.126666666666667
"70",0.128333333333333
"71",0.13
"72",0.126666666666667
"73",0.128333333333333
"74",0.128333333333333
"75",0.128333333333333
"76",0.135
"77",0.135
"78",0.133333333333333
"79",0.131666666666667
"80",0.131666666666667
"81",0.135
"82",0.135
"83",0.133333333333333
"84",0.135
"85",0.131666666666667
"86",0.133333333333333
"87",0.133333333333333
"88",0.135
"89",0.135
"90",0.133333333333333
"91",0.131666666666667
"92",0.135
"93",0.131666666666667
"94",0.131666666666667
"95",0.133333333333333
"96",0.135
"97",0.131666666666667
"98",0.133333333333333
"99",0.133333333333333
"100",0.133333333333333
"101",0.135
"102",0.135
"103",0.133333333333333
"104",0.131666666666667
"105",0.131666666666667
"106",0.135
"107",0.135
"108",0.133333333333333
"109",0.135
"110",0.131666666666667
"111",0.133333333333333
"112",0.133333333333333
"113",0.135
"114",0.135
"115",0.133333333333333
"116",0.131666666666667
"117",0.135
"118",0.131666666666667
"119",0.131666666666667
"120",0.133333333333333
"121",0.135
"122",0.131666666666667
"123",0.133333333333333
"124",0.133333333333333
"125",0.133333333333333
"126",0.11
"127",0.113333333333333
"128",0.111666666666667
"129",0.115
"130",0.113333333333333
"131",0.11
"132",0.11
"133",0.111666666666667
"134",0.11
"135",0.113333333333333
"136",0.111666666666667
"137",0.111666666666667
"138",0.11
"139",0.113333333333333
"140",0.111666666666667
"141",0.113333333333333
"142",0.113333333333333
"143",0.113333333333333
"144",0.113333333333333
"145",0.111666666666667
"146",0.113333333333333
"147",0.113333333333333
"148",0.111666666666667
"149",0.111666666666667
"150",0.111666666666667
"151",0.111666666666667
"152",0.115
"153",0.113333333333333
"154",0.116666666666667
"155",0.115
"156",0.111666666666667
"157",0.111666666666667
"158",0.113333333333333
"159",0.111666666666667
"160",0.115
"161",0.113333333333333
"162",0.113333333333333
"163",0.111666666666667
"164",0.115
"165",0.113333333333333
"166",0.115
"167",0.115
"168",0.115
"169",0.115
"170",0.113333333333333
"171",0.115
"172",0.115
"173",0.113333333333333
"174",0.113333333333333
"175",0.113333333333333
"176",0.111666666666667
"177",0.115
"178",0.113333333333333
"179",0.116666666666667
"180",0.115
"181",0.111666666666667
"182",0.111666666666667
"183",0.113333333333333
"184",0.111666666666667
"185",0.115
"186",0.113333333333333
"187",0.113333333333333
"188",0.111666666666667
"189",0.115
"190",0.113333333333333
"191",0.115
"192",0.115
"193",0.115
"194",0.115
"195",0.113333333333333
"196",0.115
"197",0.115
"198",0.113333333333333
"199",0.113333333333333
"200",0.113333333333333
"201",0.111666666666667
"202",0.115
"203",0.113333333333333
"204",0.116666666666667
"205",0.115
"206",0.111666666666667
"207",0.111666666666667
"208",0.113333333333333
"209",0.111666666666667
"210",0.115
"211",0.113333333333333
"212",0.113333333333333
"213",0.111666666666667
"214",0.115
"215",0.113333333333333
"216",0.115
"217",0.115
"218",0.115
"219",0.115
"220",0.113333333333333
"221",0.115
"222",0.115
"223",0.113333333333333
"224",0.113333333333333
"225",0.113333333333333
"226",0.11
"227",0.113333333333333
"228",0.111666666666667
"229",0.115
"230",0.113333333333333
"231",0.11
"232",0.11
"233",0.111666666666667
"234",0.11
"235",0.113333333333333
"236",0.111666666666667
"237",0.111666666666667
"238",0.11
"239",0.113333333333333
"240",0.111666666666667
"241",0.113333333333333
"242",0.113333333333333
"243",0.113333333333333
"244",0.113333333333333
"245",0.111666666666667
"246",0.113333333333333
"247",0.113333333333333
"248",0.111666666666667
"249",0.111666666666667
"250",0.111666666666667
"251",0.111666666666667
"252",0.115
"253",0.113333333333333
"254",0.116666666666667
"255",0.115
"256",0.111666666666667
"257",0.111666666666667
"258",0.113333333333333
"259",0.111666666666667
"260",0.115
"261",0.113333333333333
"262",0.113333333333333
"263",0.111666666666667
"264",0.115
"265",0.113333333333333
"266",0.115
"267",0.115
"268",0.115
"269",0.115
"270",0.113333333333333
"271",0.115
"272",0.115
"273",0.113333333333333
"274",0.113333333333333
"275",0.113333333333333
"276",0.111666666666667
"277",0.115
"278",0.113333333333333
"279",0.116666666666667
"280",0.115
"281",0.111666666666667
"282",0.111666666666667
"283",0.113333333333333
"284",0.111666666666667
"285",0.115
"286",0.113333333333333
"287",0.113333333333333
"288",0.111666666666667
"289",0.115
"290",0.113333333333333
"291",0.115
"292",0.115
"293",0.115
"294",0.115
"295",0.113333333333333
"296",0.115
"297",0.115
"298",0.113333333333333
"299",0.113333333333333
"300",0.113333333333333
"301",0.113333333333333
"302",0.116666666666667
"303",0.115
"304",0.118333333333333
"305",0.116666666666667
"306",0.113333333333333
"307",0.113333333333333
"308",0.115
"309",0.113333333333333
"310",0.116666666666667
"311",0.115
"312",0.115
"313",0.113333333333333
"314",0.116666666666667
"315",0.115
"316",0.116666666666667
"317",0.116666666666667
"318",0.116666666666667
"319",0.116666666666667
"320",0.115
"321",0.116666666666667
"322",0.116666666666667
"323",0.115
"324",0.115
"325",0.115
"326",0.111666666666667
"327",0.115
"328",0.113333333333333
"329",0.116666666666667
"330",0.115
"331",0.111666666666667
"332",0.111666666666667
"333",0.113333333333333
"334",0.111666666666667
"335",0.115
"336",0.113333333333333
"337",0.113333333333333
"338",0.111666666666667
"339",0.115
"340",0.113333333333333
"341",0.115
"342",0.115
"343",0.115
"344",0.115
"345",0.113333333333333
"346",0.115
"347",0.115
"348",0.113333333333333
"349",0.113333333333333
"350",0.113333333333333
"351",0.11
"352",0.113333333333333
"353",0.111666666666667
"354",0.115
"355",0.113333333333333
"356",0.11
"357",0.11
"358",0.111666666666667
"359",0.11
"360",0.113333333333333
"361",0.111666666666667
"362",0.111666666666667
"363",0.11
"364",0.113333333333333
"365",0.111666666666667
"366",0.113333333333333
"367",0.113333333333333
"368",0.113333333333333
"369",0.113333333333333
"370",0.111666666666667
"371",0.113333333333333
"372",0.113333333333333
"373",0.111666666666667
"374",0.111666666666667
"375",0.111666666666667
"376",0.111666666666667
"377",0.115
"378",0.113333333333333
"379",0.116666666666667
"380",0.115
"381",0.111666666666667
"382",0.111666666666667
"383",0.113333333333333
"384",0.111666666666667
"385",0.115
"386",0.113333333333333
"387",0.113333333333333
"388",0.111666666666667
"389",0.115
"390",0.113333333333333
"391",0.115
"392",0.115
"393",0.115
"394",0.115
"395",0.113333333333333
"396",0.115
"397",0.115
"398",0.113333333333333
"399",0.113333333333333
"400",0.113333333333333
"401",0.11
"402",0.113333333333333
"403",0.111666666666667
"404",0.115
"405",0.113333333333333
"406",0.11
"407",0.11
"408",0.111666666666667
"409",0.11
"410",0.113333333333333
"411",0.111666666666667
"412",0.111666666666667
"413",0.11
"414",0.113333333333333
"415",0.111666666666667
"416",0.113333333333333
"417",0.113333333333333
"418",0.113333333333333
"419",0.113333333333333
"420",0.111666666666667
"421",0.113333333333333
"422",0.113333333333333
"423",0.111666666666667
"424",0.111666666666667
"425",0.111666666666667
"426",0.111666666666667
"427",0.115
"428",0.113333333333333
"429",0.116666666666667
"430",0.115
"431",0.111666666666667
"432",0.111666666666667
"433",0.113333333333333
"434",0.111666666666667
"435",0.115
"436",0.113333333333333
"437",0.113333333333333
"438",0.111666666666667
"439",0.115
"440",0.113333333333333
"441",0.115
"442",0.115
"443",0.115
"444",0.115
"445",0.113333333333333
"446",0.115
"447",0.115
"448",0.113333333333333
"449",0.113333333333333
"450",0.113333333333333
"451",0.111666666666667
"452",0.115
"453",0.113333333333333
"454",0.116666666666667
"455",0.115
"456",0.111666666666667
"457",0.111666666666667
"458",0.113333333333333
"459",0.111666666666667
"460",0.115
"461",0.113333333333333
"462",0.113333333333333
"463",0.111666666666667
"464",0.115
"465",0.113333333333333
"466",0.115
"467",0.115
"468",0.115
"469",0.115
"470",0.113333333333333
"471",0.115
"472",0.115
"473",0.113333333333333
"474",0.113333333333333
"475",0.113333333333333
"476",0.111666666666667
"477",0.115
"478",0.113333333333333
"479",0.116666666666667
"480",0.115
"481",0.111666666666667
"482",0.111666666666667
"483",0.113333333333333
"484",0.111666666666667
"485",0.115
"486",0.113333333333333
"487",0.113333333333333
"488",0.111666666666667
"489",0.115
"490",0.113333333333333
"491",0.115
"492",0.115
"493",0.115
"494",0.115
"495",0.113333333333333
"496",0.115
"497",0.115
"498",0.113333333333333
"499",0.113333333333333
"500",0.113333333333333
"501",0.111666666666667
"502",0.115
"503",0.113333333333333
"504",0.116666666666667
"505",0.115
"506",0.111666666666667
"507",0.111666666666667
"508",0.113333333333333
"509",0.111666666666667
"510",0.115
"511",0.113333333333333
"512",0.113333333333333
"513",0.111666666666667
"514",0.115
"515",0.113333333333333
"516",0.115
"517",0.115
"518",0.115
"519",0.115
"520",0.113333333333333
"521",0.115
"522",0.115
"523",0.113333333333333
"524",0.113333333333333
"525",0.113333333333333
"526",0.138333333333333
"527",0.138333333333333
"528",0.136666666666667
"529",0.136666666666667
"530",0.138333333333333
"531",0.138333333333333
"532",0.138333333333333
"533",0.136666666666667
"534",0.138333333333333
"535",0.138333333333333
"536",0.136666666666667
"537",0.136666666666667
"538",0.138333333333333
"539",0.138333333333333
"540",0.136666666666667
"541",0.138333333333333
"542",0.138333333333333
"543",0.138333333333333
"544",0.138333333333333
"545",0.136666666666667
"546",0.138333333333333
"547",0.138333333333333
"548",0.136666666666667
"549",0.136666666666667
"550",0.136666666666667
"551",0.138333333333333
"552",0.138333333333333
"553",0.136666666666667
"554",0.136666666666667
"555",0.138333333333333
"556",0.138333333333333
"557",0.138333333333333
"558",0.136666666666667
"559",0.138333333333333
"560",0.138333333333333
"561",0.136666666666667
"562",0.136666666666667
"563",0.138333333333333
"564",0.138333333333333
"565",0.136666666666667
"566",0.138333333333333
"567",0.138333333333333
"568",0.138333333333333
"569",0.138333333333333
"570",0.136666666666667
"571",0.138333333333333
"572",0.138333333333333
"573",0.136666666666667
"574",0.136666666666667
"575",0.136666666666667
"576",0.138333333333333
"577",0.138333333333333
"578",0.136666666666667
"579",0.136666666666667
"580",0.138333333333333
"581",0.138333333333333
"582",0.138333333333333
"583",0.136666666666667
"584",0.138333333333333
"585",0.138333333333333
"586",0.136666666666667
"587",0.136666666666667
"588",0.138333333333333
"589",0.138333333333333
"590",0.136666666666667
"591",0.138333333333333
"592",0.138333333333333
"593",0.138333333333333
"594",0.138333333333333
"595",0.136666666666667
"596",0.138333333333333
"597",0.138333333333333
"598",0.136666666666667
"599",0.136666666666667
"600",0.136666666666667
"601",0.14
"602",0.14
"603",0.138333333333333
"604",0.138333333333333
"605",0.14
"606",0.14
"607",0.14
"608",0.138333333333333
"609",0.14
"610",0.14
"611",0.138333333333333
"612",0.138333333333333
"613",0.14
"614",0.14
"615",0.138333333333333
"616",0.14
"617",0.14
"618",0.14
"619",0.14
"620",0.138333333333333
"621",0.14
"622",0.14
"623",0.138333333333333
"624",0.138333333333333
"625",0.138333333333333
"626",0.14
"627",0.14
"628",0.138333333333333
"629",0.138333333333333
"630",0.14
"631",0.14
"632",0.14
"633",0.138333333333333
"634",0.14
"635",0.14
"636",0.138333333333333
"637",0.138333333333333
"638",0.14
"639",0.14
"640",0.138333333333333
"641",0.14
"642",0.14
"643",0.14
"644",0.14
"645",0.138333333333333
"646",0.14
"647",0.14
"648",0.138333333333333
"649",0.138333333333333
"650",0.138333333333333
"651",0.136666666666667
"652",0.136666666666667
"653",0.135
"654",0.135
"655",0.136666666666667
"656",0.136666666666667
"657",0.136666666666667
"658",0.135
"659",0.136666666666667
"660",0.136666666666667
"661",0.135
"662",0.135
"663",0.136666666666667
"664",0.136666666666667
"665",0.135
"666",0.136666666666667
"667",0.136666666666667
"668",0.136666666666667
"669",0.136666666666667
"670",0.135
"671",0.136666666666667
"672",0.136666666666667
"673",0.135
"674",0.135
"675",0.135
"676",0.138333333333333
"677",0.138333333333333
"678",0.136666666666667
"679",0.136666666666667
"680",0.138333333333333
"681",0.138333333333333
"682",0.138333333333333
"683",0.136666666666667
"684",0.138333333333333
"685",0.138333333333333
"686",0.136666666666667
"687",0.136666666666667
"688",0.138333333333333
"689",0.138333333333333
"690",0.136666666666667
"691",0.138333333333333
"692",0.138333333333333
"693",0.138333333333333
"694",0.138333333333333
"695",0.136666666666667
"696",0.138333333333333
"697",0.138333333333333
"698",0.136666666666667
"699",0.136666666666667
"700",0.136666666666667
"701",0.138333333333333
"702",0.138333333333333
"703",0.136666666666667
"704",0.136666666666667
"705",0.138333333333333
"706",0.138333333333333
"707",0.138333333333333
"708",0.136666666666667
"709",0.138333333333333
"710",0.138333333333333
"711",0.136666666666667
"712",0.136666666666667
"713",0.138333333333333
"714",0.138333333333333
"715",0.136666666666667
"716",0.138333333333333
"717",0.138333333333333
"718",0.138333333333333
"719",0.138333333333333
"720",0.136666666666667
"721",0.138333333333333
"722",0.138333333333333
"723",0.136666666666667
"724",0.136666666666667
"725",0.136666666666667
"726",0.138333333333333
"727",0.138333333333333
"728",0.136666666666667
"729",0.136666666666667
"730",0.138333333333333
"731",0.138333333333333
"732",0.138333333333333
"733",0.136666666666667
"734",0.138333333333333
"735",0.138333333333333
"736",0.136666666666667
"737",0.136666666666667
"738",0.138333333333333
"739",0.138333333333333
"740",0.136666666666667
"741",0.138333333333333
"742",0.138333333333333
"743",0.138333333333333
"744",0.138333333333333
"745",0.136666666666667
"746",0.138333333333333
"747",0.138333333333333
"748",0.136666666666667
"749",0.136666666666667
"750",0.136666666666667
"751",0.14
"752",0.14
"753",0.138333333333333
"754",0.138333333333333
"755",0.14
"756",0.14
"757",0.14
"758",0.138333333333333
"759",0.14
"760",0.14
"761",0.138333333333333
"762",0.138333333333333
"763",0.14
"764",0.14
"765",0.138333333333333
"766",0.14
"767",0.14
"768",0.14
"769",0.14
"770",0.138333333333333
"771",0.14
"772",0.14
"773",0.138333333333333
"774",0.138333333333333
"775",0.138333333333333
"776",0.138333333333333
"777",0.138333333333333
"778",0.136666666666667
"779",0.136666666666667
"780",0.138333333333333
"781",0.138333333333333
"782",0.138333333333333
"783",0.136666666666667
"784",0.138333333333333
"785",0.138333333333333
"786",0.136666666666667
"787",0.136666666666667
"788",0.138333333333333
"789",0.138333333333333
"790",0.136666666666667
"791",0.138333333333333
"792",0.138333333333333
"793",0.138333333333333
"794",0.138333333333333
"795",0.136666666666667
"796",0.138333333333333
"797",0.138333333333333
"798",0.136666666666667
"799",0.136666666666667
"800",0.136666666666667
"801",0.138333333333333
"802",0.138333333333333
"803",0.136666666666667
"804",0.136666666666667
"805",0.138333333333333
"806",0.138333333333333
"807",0.138333333333333
"808",0.136666666666667
"809",0.138333333333333
"810",0.138333333333333
"811",0.136666666666667
"812",0.136666666666667
"813",0.138333333333333
"814",0.138333333333333
"815",0.136666666666667
"816",0.138333333333333
"817",0.138333333333333
"818",0.138333333333333
"819",0.138333333333333
"820",0.136666666666667
"821",0.138333333333333
"822",0.138333333333333
"823",0.136666666666667
"824",0.136666666666667
"825",0.136666666666667
"826",0.138333333333333
"827",0.138333333333333
"828",0.136666666666667
"829",0.136666666666667
"830",0.138333333333333
"831",0.138333333333333
"832",0.138333333333333
"833",0.136666666666667
"834",0.138333333333333
"835",0.138333333333333
"836",0.136666666666667
"837",0.136666666666667
"838",0.138333333333333
"839",0.138333333333333
"840",0.136666666666667
"841",0.138333333333333
"842",0.138333333333333
"843",0.138333333333333
"844",0.138333333333333
"845",0.136666666666667
"846",0.138333333333333
"847",0.138333333333333
"848",0.136666666666667
"849",0.136666666666667
"850",0.136666666666667
"851",0.138333333333333
"852",0.138333333333333
"853",0.136666666666667
"854",0.136666666666667
"855",0.138333333333333
"856",0.138333333333333
"857",0.138333333333333
"858",0.136666666666667
"859",0.138333333333333
"860",0.138333333333333
"861",0.136666666666667
"862",0.136666666666667
"863",0.138333333333333
"864",0.138333333333333
"865",0.136666666666667
"866",0.138333333333333
"867",0.138333333333333
"868",0.138333333333333
"869",0.138333333333333
"870",0.136666666666667
"871",0.138333333333333
"872",0.138333333333333
"873",0.136666666666667
"874",0.136666666666667
"875",0.136666666666667
"876",0.138333333333333
"877",0.138333333333333
"878",0.136666666666667
"879",0.136666666666667
"880",0.138333333333333
"881",0.138333333333333
"882",0.138333333333333
"883",0.136666666666667
"884",0.138333333333333
"885",0.138333333333333
"886",0.136666666666667
"887",0.136666666666667
"888",0.138333333333333
"889",0.138333333333333
"890",0.136666666666667
"891",0.138333333333333
"892",0.138333333333333
"893",0.138333333333333
"894",0.138333333333333
"895",0.136666666666667
"896",0.138333333333333
"897",0.138333333333333
"898",0.136666666666667
"899",0.136666666666667
"900",0.136666666666667
"901",0.138333333333333
"902",0.138333333333333
"903",0.136666666666667
"904",0.136666666666667
"905",0.138333333333333
"906",0.138333333333333
"907",0.138333333333333
"908",0.136666666666667
"909",0.138333333333333
"910",0.138333333333333
"911",0.136666666666667
"912",0.136666666666667
"913",0.138333333333333
"914",0.138333333333333
"915",0.136666666666667
"916",0.138333333333333
"917",0.138333333333333
"918",0.138333333333333
"919",0.138333333333333
"920",0.136666666666667
"921",0.138333333333333
"922",0.138333333333333
"923",0.136666666666667
"924",0.136666666666667
"925",0.136666666666667
"926",0.14
"927",0.14
"928",0.138333333333333
"929",0.138333333333333
"930",0.14
"931",0.14
"932",0.14
"933",0.138333333333333
"934",0.14
"935",0.14
"936",0.138333333333333
"937",0.138333333333333
"938",0.14
"939",0.14
"940",0.138333333333333
"941",0.14
"942",0.14
"943",0.14
"944",0.14
"945",0.138333333333333
"946",0.14
"947",0.14
"948",0.138333333333333
"949",0.138333333333333
"950",0.138333333333333
"951",0.138333333333333
"952",0.138333333333333
"953",0.136666666666667
"954",0.136666666666667
"955",0.138333333333333
"956",0.138333333333333
"957",0.138333333333333
"958",0.136666666666667
"959",0.138333333333333
"960",0.138333333333333
"961",0.136666666666667
"962",0.136666666666667
"963",0.138333333333333
"964",0.138333333333333
"965",0.136666666666667
"966",0.138333333333333
"967",0.138333333333333
"968",0.138333333333333
"969",0.138333333333333
"970",0.136666666666667
"971",0.138333333333333
"972",0.138333333333333
"973",0.136666666666667
"974",0.136666666666667
"975",0.136666666666667
"976",0.138333333333333
"977",0.138333333333333
"978",0.136666666666667
"979",0.136666666666667
"980",0.138333333333333
"981",0.138333333333333
"982",0.138333333333333
"983",0.136666666666667
"984",0.138333333333333
"985",0.138333333333333
"986",0.136666666666667
"987",0.136666666666667
"988",0.138333333333333
"989",0.138333333333333
"990",0.136666666666667
"991",0.138333333333333
"992",0.138333333333333
"993",0.138333333333333
"994",0.138333333333333
"995",0.136666666666667
"996",0.138333333333333
"997",0.138333333333333
"998",0.136666666666667
"999",0.136666666666667
"1000",0.136666666666667
"1001",0.136666666666667
"1002",0.136666666666667
"1003",0.135
"1004",0.135
"1005",0.136666666666667
"1006",0.136666666666667
"1007",0.136666666666667
"1008",0.135
"1009",0.136666666666667
"1010",0.136666666666667
"1011",0.135
"1012",0.135
"1013",0.136666666666667
"1014",0.136666666666667
"1015",0.135
"1016",0.136666666666667
"1017",0.136666666666667
"1018",0.136666666666667
"1019",0.136666666666667
"1020",0.135
"1021",0.136666666666667
"1022",0.136666666666667
"1023",0.135
"1024",0.135
"1025",0.135
"1026",0.138333333333333
"1027",0.138333333333333
"1028",0.136666666666667
"1029",0.136666666666667
"1030",0.138333333333333
"1031",0.138333333333333
"1032",0.138333333333333
"1033",0.136666666666667
"1034",0.138333333333333
"1035",0.138333333333333
"1036",0.136666666666667
"1037",0.136666666666667
"1038",0.138333333333333
"1039",0.138333333333333
"1040",0.136666666666667
"1041",0.138333333333333
"1042",0.138333333333333
"1043",0.138333333333333
"1044",0.138333333333333
"1045",0.136666666666667
"1046",0.138333333333333
"1047",0.138333333333333
"1048",0.136666666666667
"1049",0.136666666666667
"1050",0.136666666666667
"1051",0.138333333333333
"1052",0.138333333333333
"1053",0.136666666666667
"1054",0.136666666666667
"1055",0.138333333333333
"1056",0.138333333333333
"1057",0.138333333333333
"1058",0.136666666666667
"1059",0.138333333333333
"1060",0.138333333333333
"1061",0.136666666666667
"1062",0.136666666666667
"1063",0.138333333333333
"1064",0.138333333333333
"1065",0.136666666666667
"1066",0.138333333333333
"1067",0.138333333333333
"1068",0.138333333333333
"1069",0.138333333333333
"1070",0.136666666666667
"1071",0.138333333333333
"1072",0.138333333333333
"1073",0.136666666666667
"1074",0.136666666666667
"1075",0.136666666666667
"1076",0.138333333333333
"1077",0.138333333333333
"1078",0.136666666666667
"1079",0.136666666666667
"1080",0.138333333333333
"1081",0.138333333333333
"1082",0.138333333333333
"1083",0.136666666666667
"1084",0.138333333333333
"1085",0.138333333333333
"1086",0.136666666666667
"1087",0.136666666666667
"1088",0.138333333333333
"1089",0.138333333333333
"1090",0.136666666666667
"1091",0.138333333333333
"1092",0.138333333333333
"1093",0.138333333333333
"1094",0.138333333333333
"1095",0.136666666666667
"1096",0.138333333333333
"1097",0.138333333333333
"1098",0.136666666666667
"1099",0.136666666666667
"1100",0.136666666666667
"1101",0.138333333333333
"1102",0.138333333333333
"1103",0.136666666666667
"1104",0.136666666666667
"1105",0.138333333333333
"1106",0.138333333333333
"1107",0.138333333333333
"1108",0.136666666666667
"1109",0.138333333333333
"1110",0.138333333333333
"1111",0.136666666666667
"1112",0.136666666666667
"1113",0.138333333333333
"1114",0.138333333333333
"1115",0.136666666666667
"1116",0.138333333333333
"1117",0.138333333333333
"1118",0.138333333333333
"1119",0.138333333333333
"1120",0.136666666666667
"1121",0.138333333333333
"1122",0.138333333333333
"1123",0.136666666666667
"1124",0.136666666666667
"1125",0.136666666666667
"1126",0.138333333333333
"1127",0.138333333333333
"1128",0.136666666666667
"1129",0.136666666666667
"1130",0.138333333333333
"1131",0.138333333333333
"1132",0.138333333333333
"1133",0.136666666666667
"1134",0.138333333333333
"1135",0.138333333333333
"1136",0.136666666666667
"1137",0.136666666666667
"1138",0.138333333333333
"1139",0.138333333333333
"1140",0.136666666666667
"1141",0.138333333333333
"1142",0.138333333333333
"1143",0.138333333333333
"1144",0.138333333333333
"1145",0.136666666666667
"1146",0.138333333333333
"1147",0.138333333333333
"1148",0.136666666666667
"1149",0.136666666666667
"1150",0.136666666666667
"1151",0.138333333333333
"1152",0.138333333333333
"1153",0.136666666666667
"1154",0.136666666666667
"1155",0.138333333333333
"1156",0.138333333333333
"1157",0.138333333333333
"1158",0.136666666666667
"1159",0.138333333333333
"1160",0.138333333333333
"1161",0.136666666666667
"1162",0.136666666666667
"1163",0.138333333333333
"1164",0.138333333333333
"1165",0.136666666666667
"1166",0.138333333333333
"1167",0.138333333333333
"1168",0.138333333333333
"1169",0.138333333333333
"1170",0.136666666666667
"1171",0.138333333333333
"1172",0.138333333333333
"1173",0.136666666666667
"1174",0.136666666666667
"1175",0.136666666666667
"1176",0.14
"1177",0.14
"1178",0.138333333333333
"1179",0.138333333333333
"1180",0.14
"1181",0.14
"1182",0.14
"1183",0.138333333333333
"1184",0.14
"1185",0.14
"1186",0.138333333333333
"1187",0.138333333333333
"1188",0.14
"1189",0.14
"1190",0.138333333333333
"1191",0.14
"1192",0.14
"1193",0.14
"1194",0.14
"1195",0.138333333333333
"1196",0.14
"1197",0.14
"1198",0.138333333333333
"1199",0.138333333333333
"1200",0.138333333333333
"1201",0.138333333333333
"1202",0.138333333333333
"1203",0.136666666666667
"1204",0.136666666666667
"1205",0.138333333333333
"1206",0.138333333333333
"1207",0.138333333333333
"1208",0.136666666666667
"1209",0.138333333333333
"1210",0.138333333333333
"1211",0.136666666666667
"1212",0.136666666666667
"1213",0.138333333333333
"1214",0.138333333333333
"1215",0.136666666666667
"1216",0.138333333333333
"1217",0.138333333333333
"1218",0.138333333333333
"1219",0.138333333333333
"1220",0.136666666666667
"1221",0.138333333333333
"1222",0.138333333333333
"1223",0.136666666666667
"1224",0.136666666666667
"1225",0.136666666666667
"1226",0.138333333333333
"1227",0.138333333333333
"1228",0.136666666666667
"1229",0.136666666666667
"1230",0.138333333333333
"1231",0.138333333333333
"1232",0.138333333333333
"1233",0.136666666666667
"1234",0.138333333333333
"1235",0.138333333333333
"1236",0.136666666666667
"1237",0.136666666666667
"1238",0.138333333333333
"1239",0.138333333333333
"1240",0.136666666666667
"1241",0.138333333333333
"1242",0.138333333333333
"1243",0.138333333333333
"1244",0.138333333333333
"1245",0.136666666666667
"1246",0.138333333333333
"1247",0.138333333333333
"1248",0.136666666666667
"1249",0.136666666666667
"1250",0.136666666666667
"1251",0.138333333333333
"1252",0.138333333333333
"1253",0.136666666666667
"1254",0.136666666666667
"1255",0.138333333333333
"1256",0.138333333333333
"1257",0.138333333333333
"1258",0.136666666666667
"1259",0.138333333333333
"1260",0.138333333333333
"1261",0.136666666666667
"1262",0.136666666666667
"1263",0.138333333333333
"1264",0.138333333333333
"1265",0.136666666666667
"1266",0.138333333333333
"1267",0.138333333333333
"1268",0.138333333333333
"1269",0.138333333333333
"1270",0.136666666666667
"1271",0.138333333333333
"1272",0.138333333333333
"1273",0.136666666666667
"1274",0.136666666666667
"1275",0.136666666666667
"1276",0.138333333333333
"1277",0.138333333333333
"1278",0.136666666666667
"1279",0.136666666666667
"1280",0.138333333333333
"1281",0.138333333333333
"1282",0.138333333333333
"1283",0.136666666666667
"1284",0.138333333333333
"1285",0.138333333333333
"1286",0.136666666666667
"1287",0.136666666666667
"1288",0.138333333333333
"1289",0.138333333333333
"1290",0.136666666666667
"1291",0.138333333333333
"1292",0.138333333333333
"1293",0.138333333333333
"1294",0.138333333333333
"1295",0.136666666666667
"1296",0.138333333333333
"1297",0.138333333333333
"1298",0.136666666666667
"1299",0.136666666666667
"1300",0.136666666666667
"1301",0.138333333333333
"1302",0.138333333333333
"1303",0.136666666666667
"1304",0.136666666666667
"1305",0.138333333333333
"1306",0.138333333333333
"1307",0.138333333333333
"1308",0.136666666666667
"1309",0.138333333333333
"1310",0.138333333333333
"1311",0.136666666666667
"1312",0.136666666666667
"1313",0.138333333333333
"1314",0.138333333333333
"1315",0.136666666666667
"1316",0.138333333333333
"1317",0.138333333333333
"1318",0.138333333333333
"1319",0.138333333333333
"1320",0.136666666666667
"1321",0.138333333333333
"1322",0.138333333333333
"1323",0.136666666666667
"1324",0.136666666666667
"1325",0.136666666666667
"1326",0.138333333333333
"1327",0.138333333333333
"1328",0.136666666666667
"1329",0.136666666666667
"1330",0.138333333333333
"1331",0.138333333333333
"1332",0.138333333333333
"1333",0.136666666666667
"1334",0.138333333333333
"1335",0.138333333333333
"1336",0.136666666666667
"1337",0.136666666666667
"1338",0.138333333333333
"1339",0.138333333333333
"1340",0.136666666666667
"1341",0.138333333333333
"1342",0.138333333333333
"1343",0.138333333333333
"1344",0.138333333333333
"1345",0.136666666666667
"1346",0.138333333333333
"1347",0.138333333333333
"1348",0.136666666666667
"1349",0.136666666666667
"1350",0.136666666666667
"1351",0.138333333333333
"1352",0.138333333333333
"1353",0.136666666666667
"1354",0.136666666666667
"1355",0.138333333333333
"1356",0.138333333333333
"1357",0.138333333333333
"1358",0.136666666666667
"1359",0.138333333333333
"1360",0.138333333333333
"1361",0.136666666666667
"1362",0.136666666666667
"1363",0.138333333333333
"1364",0.138333333333333
"1365",0.136666666666667
"1366",0.138333333333333
"1367",0.138333333333333
"1368",0.138333333333333
"1369",0.138333333333333
"1370",0.136666666666667
"1371",0.138333333333333
"1372",0.138333333333333
"1373",0.136666666666667
"1374",0.136666666666667
"1375",0.136666666666667
"1376",0.14
"1377",0.14
"1378",0.138333333333333
"1379",0.138333333333333
"1380",0.14
"1381",0.14
"1382",0.14
"1383",0.138333333333333
"1384",0.14
"1385",0.14
"1386",0.138333333333333
"1387",0.138333333333333
"1388",0.14
"1389",0.14
"1390",0.138333333333333
"1391",0.14
"1392",0.14
"1393",0.14
"1394",0.14
"1395",0.138333333333333
"1396",0.14
"1397",0.14
"1398",0.138333333333333
"1399",0.138333333333333
"1400",0.138333333333333
"1401",0.138333333333333
"1402",0.138333333333333
"1403",0.136666666666667
"1404",0.136666666666667
"1405",0.138333333333333
"1406",0.138333333333333
"1407",0.138333333333333
"1408",0.136666666666667
"1409",0.138333333333333
"1410",0.138333333333333
"1411",0.136666666666667
"1412",0.136666666666667
"1413",0.138333333333333
"1414",0.138333333333333
"1415",0.136666666666667
"1416",0.138333333333333
"1417",0.138333333333333
"1418",0.138333333333333
"1419",0.138333333333333
"1420",0.136666666666667
"1421",0.138333333333333
"1422",0.138333333333333
"1423",0.136666666666667
"1424",0.136666666666667
"1425",0.136666666666667
"1426",0.138333333333333
"1427",0.138333333333333
"1428",0.136666666666667
"1429",0.136666666666667
"1430",0.138333333333333
"1431",0.138333333333333
"1432",0.138333333333333
"1433",0.136666666666667
"1434",0.138333333333333
"1435",0.138333333333333
"1436",0.136666666666667
"1437",0.136666666666667
"1438",0.138333333333333
"1439",0.138333333333333
"1440",0.136666666666667
"1441",0.138333333333333
"1442",0.138333333333333
"1443",0.138333333333333
"1444",0.138333333333333
"1445",0.136666666666667
"1446",0.138333333333333
"1447",0.138333333333333
"1448",0.136666666666667
"1449",0.136666666666667
"1450",0.136666666666667
"1451",0.138333333333333
"1452",0.138333333333333
"1453",0.136666666666667
"1454",0.136666666666667
"1455",0.138333333333333
"1456",0.138333333333333
"1457",0.138333333333333
"1458",0.136666666666667
"1459",0.138333333333333
"1460",0.138333333333333
"1461",0.136666666666667
"1462",0.136666666666667
"1463",0.138333333333333
"1464",0.138333333333333
"1465",0.136666666666667
"1466",0.138333333333333
"1467",0.138333333333333
"1468",0.138333333333333
"1469",0.138333333333333
"1470",0.136666666666667
"1471",0.138333333333333
"1472",0.138333333333333
"1473",0.136666666666667
"1474",0.136666666666667
"1475",0.136666666666667
"1476",0.138333333333333
"1477",0.138333333333333
"1478",0.136666666666667
"1479",0.136666666666667
"1480",0.138333333333333
"1481",0.138333333333333
"1482",0.138333333333333
"1483",0.136666666666667
"1484",0.138333333333333
"1485",0.138333333333333
"1486",0.136666666666667
"1487",0.136666666666667
"1488",0.138333333333333
"1489",0.138333333333333
"1490",0.136666666666667
"1491",0.138333333333333
"1492",0.138333333333333
"1493",0.138333333333333
"1494",0.138333333333333
"1495",0.136666666666667
"1496",0.138333333333333
"1497",0.138333333333333
"1498",0.136666666666667
"1499",0.136666666666667
"1500",0.136666666666667
"1501",0.138333333333333
"1502",0.138333333333333
"1503",0.136666666666667
"1504",0.136666666666667
"1505",0.138333333333333
"1506",0.138333333333333
"1507",0.138333333333333
"1508",0.136666666666667
"1509",0.138333333333333
"1510",0.138333333333333
"1511",0.136666666666667
"1512",0.136666666666667
"1513",0.138333333333333
"1514",0.138333333333333
"1515",0.136666666666667
"1516",0.138333333333333
"1517",0.138333333333333
"1518",0.138333333333333
"1519",0.138333333333333
"1520",0.136666666666667
"1521",0.138333333333333
"1522",0.138333333333333
"1523",0.136666666666667
"1524",0.136666666666667
"1525",0.136666666666667
"1526",0.138333333333333
"1527",0.138333333333333
"1528",0.136666666666667
"1529",0.136666666666667
"1530",0.138333333333333
"1531",0.138333333333333
"1532",0.138333333333333
"1533",0.136666666666667
"1534",0.138333333333333
"1535",0.138333333333333
"1536",0.136666666666667
"1537",0.136666666666667
"1538",0.138333333333333
"1539",0.138333333333333
"1540",0.136666666666667
"1541",0.138333333333333
"1542",0.138333333333333
"1543",0.138333333333333
"1544",0.138333333333333
"1545",0.136666666666667
"1546",0.138333333333333
"1547",0.138333333333333
"1548",0.136666666666667
"1549",0.136666666666667
"1550",0.136666666666667
"1551",0.138333333333333
"1552",0.138333333333333
"1553",0.136666666666667
"1554",0.136666666666667
"1555",0.138333333333333
"1556",0.138333333333333
"1557",0.138333333333333
"1558",0.136666666666667
"1559",0.138333333333333
"1560",0.138333333333333
"1561",0.136666666666667
"1562",0.136666666666667
"1563",0.138333333333333
"1564",0.138333333333333
"1565",0.136666666666667
"1566",0.138333333333333
"1567",0.138333333333333
"1568",0.138333333333333
"1569",0.138333333333333
"1570",0.136666666666667
"1571",0.138333333333333
"1572",0.138333333333333
"1573",0.136666666666667
"1574",0.136666666666667
"1575",0.136666666666667
"1576",0.138333333333333
"1577",0.138333333333333
"1578",0.136666666666667
"1579",0.136666666666667
"1580",0.138333333333333
"1581",0.138333333333333
"1582",0.138333333333333
"1583",0.136666666666667
"1584",0.138333333333333
"1585",0.138333333333333
"1586",0.136666666666667
"1587",0.136666666666667
"1588",0.138333333333333
"1589",0.138333333333333
"1590",0.136666666666667
"1591",0.138333333333333
"1592",0.138333333333333
"1593",0.138333333333333
"1594",0.138333333333333
"1595",0.136666666666667
"1596",0.138333333333333
"1597",0.138333333333333
"1598",0.136666666666667
"1599",0.136666666666667
"1600",0.136666666666667
"1601",0.136666666666667
"1602",0.136666666666667
"1603",0.135
"1604",0.135
"1605",0.14
"1606",0.136666666666667
"1607",0.136666666666667
"1608",0.135
"1609",0.136666666666667
"1610",0.14
"1611",0.135
"1612",0.135
"1613",0.136666666666667
"1614",0.136666666666667
"1615",0.135
"1616",0.14
"1617",0.136666666666667
"1618",0.14
"1619",0.14
"1620",0.135
"1621",0.136666666666667
"1622",0.14
"1623",0.135
"1624",0.135
"1625",0.135
"1626",0.14
"1627",0.14
"1628",0.138333333333333
"1629",0.138333333333333
"1630",0.14
"1631",0.14
"1632",0.14
"1633",0.138333333333333
"1634",0.14
"1635",0.14
"1636",0.138333333333333
"1637",0.138333333333333
"1638",0.14
"1639",0.14
"1640",0.138333333333333
"1641",0.14
"1642",0.14
"1643",0.14
"1644",0.14
"1645",0.138333333333333
"1646",0.14
"1647",0.14
"1648",0.138333333333333
"1649",0.138333333333333
"1650",0.138333333333333
"1651",0.138333333333333
"1652",0.138333333333333
"1653",0.136666666666667
"1654",0.136666666666667
"1655",0.138333333333333
"1656",0.138333333333333
"1657",0.138333333333333
"1658",0.136666666666667
"1659",0.138333333333333
"1660",0.138333333333333
"1661",0.136666666666667
"1662",0.136666666666667
"1663",0.138333333333333
"1664",0.138333333333333
"1665",0.136666666666667
"1666",0.138333333333333
"1667",0.138333333333333
"1668",0.138333333333333
"1669",0.138333333333333
"1670",0.136666666666667
"1671",0.138333333333333
"1672",0.138333333333333
"1673",0.136666666666667
"1674",0.136666666666667
"1675",0.136666666666667
"1676",0.138333333333333
"1677",0.138333333333333
"1678",0.136666666666667
"1679",0.136666666666667
"1680",0.138333333333333
"1681",0.138333333333333
"1682",0.138333333333333
"1683",0.136666666666667
"1684",0.138333333333333
"1685",0.138333333333333
"1686",0.136666666666667
"1687",0.136666666666667
"1688",0.138333333333333
"1689",0.138333333333333
"1690",0.136666666666667
"1691",0.138333333333333
"1692",0.138333333333333
"1693",0.138333333333333
"1694",0.138333333333333
"1695",0.136666666666667
"1696",0.138333333333333
"1697",0.138333333333333
"1698",0.136666666666667
"1699",0.136666666666667
"1700",0.136666666666667
"1701",0.138333333333333
"1702",0.138333333333333
"1703",0.136666666666667
"1704",0.136666666666667
"1705",0.138333333333333
"1706",0.138333333333333
"1707",0.138333333333333
"1708",0.136666666666667
"1709",0.138333333333333
"1710",0.138333333333333
"1711",0.136666666666667
"1712",0.136666666666667
"1713",0.138333333333333
"1714",0.138333333333333
"1715",0.136666666666667
"1716",0.138333333333333
"1717",0.138333333333333
"1718",0.138333333333333
"1719",0.138333333333333
"1720",0.136666666666667
"1721",0.138333333333333
"1722",0.138333333333333
"1723",0.136666666666667
"1724",0.136666666666667
"1725",0.136666666666667
"1726",0.138333333333333
"1727",0.138333333333333
"1728",0.136666666666667
"1729",0.136666666666667
"1730",0.138333333333333
"1731",0.138333333333333
"1732",0.138333333333333
"1733",0.136666666666667
"1734",0.138333333333333
"1735",0.138333333333333
"1736",0.136666666666667
"1737",0.136666666666667
"1738",0.138333333333333
"1739",0.138333333333333
"1740",0.136666666666667
"1741",0.138333333333333
"1742",0.138333333333333
"1743",0.138333333333333
"1744",0.138333333333333
"1745",0.136666666666667
"1746",0.138333333333333
"1747",0.138333333333333
"1748",0.136666666666667
"1749",0.136666666666667
"1750",0.136666666666667
"1751",0.138333333333333
"1752",0.138333333333333
"1753",0.136666666666667
"1754",0.136666666666667
"1755",0.138333333333333
"1756",0.138333333333333
"1757",0.138333333333333
"1758",0.136666666666667
"1759",0.138333333333333
"1760",0.138333333333333
"1761",0.136666666666667
"1762",0.136666666666667
"1763",0.138333333333333
"1764",0.138333333333333
"1765",0.136666666666667
"1766",0.138333333333333
"1767",0.138333333333333
"1768",0.138333333333333
"1769",0.138333333333333
"1770",0.136666666666667
"1771",0.138333333333333
"1772",0.138333333333333
"1773",0.136666666666667
"1774",0.136666666666667
"1775",0.136666666666667
"1776",0.125
"1777",0.128333333333333
"1778",0.126666666666667
"1779",0.125
"1780",0.125
"1781",0.125
"1782",0.125
"1783",0.126666666666667
"1784",0.125
"1785",0.125
"1786",0.126666666666667
"1787",0.126666666666667
"1788",0.125
"1789",0.128333333333333
"1790",0.126666666666667
"1791",0.125
"1792",0.128333333333333
"1793",0.125
"1794",0.125
"1795",0.126666666666667
"1796",0.128333333333333
"1797",0.125
"1798",0.126666666666667
"1799",0.126666666666667
"1800",0.126666666666667
"1801",0.123333333333333
"1802",0.123333333333333
"1803",0.121666666666667
"1804",0.123333333333333
"1805",0.121666666666667
"1806",0.123333333333333
"1807",0.123333333333333
"1808",0.121666666666667
"1809",0.123333333333333
"1810",0.121666666666667
"1811",0.121666666666667
"1812",0.121666666666667
"1813",0.123333333333333
"1814",0.123333333333333
"1815",0.121666666666667
"1816",0.121666666666667
"1817",0.123333333333333
"1818",0.121666666666667
"1819",0.121666666666667
"1820",0.121666666666667
"1821",0.123333333333333
"1822",0.121666666666667
"1823",0.121666666666667
"1824",0.121666666666667
"1825",0.121666666666667
"1826",0.123333333333333
"1827",0.123333333333333
"1828",0.121666666666667
"1829",0.123333333333333
"1830",0.121666666666667
"1831",0.123333333333333
"1832",0.123333333333333
"1833",0.121666666666667
"1834",0.123333333333333
"1835",0.121666666666667
"1836",0.121666666666667
"1837",0.121666666666667
"1838",0.123333333333333
"1839",0.123333333333333
"1840",0.121666666666667
"1841",0.121666666666667
"1842",0.123333333333333
"1843",0.121666666666667
"1844",0.121666666666667
"1845",0.121666666666667
"1846",0.123333333333333
"1847",0.121666666666667
"1848",0.121666666666667
"1849",0.121666666666667
"1850",0.121666666666667
"1851",0.123333333333333
"1852",0.123333333333333
"1853",0.121666666666667
"1854",0.123333333333333
"1855",0.121666666666667
"1856",0.123333333333333
"1857",0.123333333333333
"1858",0.121666666666667
"1859",0.123333333333333
"1860",0.121666666666667
"1861",0.121666666666667
"1862",0.121666666666667
"1863",0.123333333333333
"1864",0.123333333333333
"1865",0.121666666666667
"1866",0.121666666666667
"1867",0.123333333333333
"1868",0.121666666666667
"1869",0.121666666666667
"1870",0.121666666666667
"1871",0.123333333333333
"1872",0.121666666666667
"1873",0.121666666666667
"1874",0.121666666666667
"1875",0.121666666666667
"1876",0.123333333333333
"1877",0.123333333333333
"1878",0.121666666666667
"1879",0.123333333333333
"1880",0.121666666666667
"1881",0.123333333333333
"1882",0.123333333333333
"1883",0.121666666666667
"1884",0.123333333333333
"1885",0.121666666666667
"1886",0.121666666666667
"1887",0.121666666666667
"1888",0.123333333333333
"1889",0.123333333333333
"1890",0.121666666666667
"1891",0.121666666666667
"1892",0.123333333333333
"1893",0.121666666666667
"1894",0.121666666666667
"1895",0.121666666666667
"1896",0.123333333333333
"1897",0.121666666666667
"1898",0.121666666666667
"1899",0.121666666666667
"1900",0.121666666666667
"1901",0.121666666666667
"1902",0.121666666666667
"1903",0.12
"1904",0.121666666666667
"1905",0.12
"1906",0.121666666666667
"1907",0.121666666666667
"1908",0.12
"1909",0.121666666666667
"1910",0.12
"1911",0.12
"1912",0.12
"1913",0.121666666666667
"1914",0.121666666666667
"1915",0.12
"1916",0.12
"1917",0.121666666666667
"1918",0.12
"1919",0.12
"1920",0.12
"1921",0.121666666666667
"1922",0.12
"1923",0.12
"1924",0.12
"1925",0.12
"1926",0.123333333333333
"1927",0.123333333333333
"1928",0.121666666666667
"1929",0.123333333333333
"1930",0.121666666666667
"1931",0.123333333333333
"1932",0.123333333333333
"1933",0.121666666666667
"1934",0.123333333333333
"1935",0.121666666666667
"1936",0.121666666666667
"1937",0.121666666666667
"1938",0.123333333333333
"1939",0.123333333333333
"1940",0.121666666666667
"1941",0.121666666666667
"1942",0.123333333333333
"1943",0.121666666666667
"1944",0.121666666666667
"1945",0.121666666666667
"1946",0.123333333333333
"1947",0.121666666666667
"1948",0.121666666666667
"1949",0.121666666666667
"1950",0.121666666666667
"1951",0.125
"1952",0.125
"1953",0.123333333333333
"1954",0.125
"1955",0.123333333333333
"1956",0.125
"1957",0.125
"1958",0.123333333333333
"1959",0.125
"1960",0.123333333333333
"1961",0.123333333333333
"1962",0.123333333333333
"1963",0.125
"1964",0.125
"1965",0.123333333333333
"1966",0.123333333333333
"1967",0.125
"1968",0.123333333333333
"1969",0.123333333333333
"1970",0.123333333333333
"1971",0.125
"1972",0.123333333333333
"1973",0.123333333333333
"1974",0.123333333333333
"1975",0.123333333333333
"1976",0.123333333333333
"1977",0.123333333333333
"1978",0.121666666666667
"1979",0.123333333333333
"1980",0.121666666666667
"1981",0.123333333333333
"1982",0.123333333333333
"1983",0.121666666666667
"1984",0.123333333333333
"1985",0.121666666666667
"1986",0.121666666666667
"1987",0.121666666666667
"1988",0.123333333333333
"1989",0.123333333333333
"1990",0.121666666666667
"1991",0.121666666666667
"1992",0.123333333333333
"1993",0.121666666666667
"1994",0.121666666666667
"1995",0.121666666666667
"1996",0.123333333333333
"1997",0.121666666666667
"1998",0.121666666666667
"1999",0.121666666666667
"2000",0.121666666666667
"2001",0.123333333333333
"2002",0.123333333333333
"2003",0.121666666666667
"2004",0.123333333333333
"2005",0.121666666666667
"2006",0.123333333333333
"2007",0.123333333333333
"2008",0.121666666666667
"2009",0.123333333333333
"2010",0.121666666666667
"2011",0.121666666666667
"2012",0.121666666666667
"2013",0.123333333333333
"2014",0.123333333333333
"2015",0.121666666666667
"2016",0.121666666666667
"2017",0.123333333333333
"2018",0.121666666666667
"2019",0.121666666666667
"2020",0.121666666666667
"2021",0.123333333333333
"2022",0.121666666666667
"2023",0.121666666666667
"2024",0.121666666666667
"2025",0.121666666666667
"2026",0.123333333333333
"2027",0.123333333333333
"2028",0.121666666666667
"2029",0.123333333333333
"2030",0.121666666666667
"2031",0.123333333333333
"2032",0.123333333333333
"2033",0.121666666666667
"2034",0.123333333333333
"2035",0.121666666666667
"2036",0.121666666666667
"2037",0.121666666666667
"2038",0.123333333333333
"2039",0.123333333333333
"2040",0.121666666666667
"2041",0.121666666666667
"2042",0.123333333333333
"2043",0.121666666666667
"2044",0.121666666666667
"2045",0.121666666666667
"2046",0.123333333333333
"2047",0.121666666666667
"2048",0.121666666666667
"2049",0.121666666666667
"2050",0.121666666666667
"2051",0.123333333333333
"2052",0.123333333333333
"2053",0.121666666666667
"2054",0.123333333333333
"2055",0.121666666666667
"2056",0.123333333333333
"2057",0.123333333333333
"2058",0.121666666666667
"2059",0.123333333333333
"2060",0.121666666666667
"2061",0.121666666666667
"2062",0.121666666666667
"2063",0.123333333333333
"2064",0.123333333333333
"2065",0.121666666666667
"2066",0.121666666666667
"2067",0.123333333333333
"2068",0.121666666666667
"2069",0.121666666666667
"2070",0.121666666666667
"2071",0.123333333333333
"2072",0.121666666666667
"2073",0.121666666666667
"2074",0.121666666666667
"2075",0.121666666666667
"2076",0.123333333333333
"2077",0.123333333333333
"2078",0.121666666666667
"2079",0.123333333333333
"2080",0.121666666666667
"2081",0.123333333333333
"2082",0.123333333333333
"2083",0.121666666666667
"2084",0.123333333333333
"2085",0.121666666666667
"2086",0.121666666666667
"2087",0.121666666666667
"2088",0.123333333333333
"2089",0.123333333333333
"2090",0.121666666666667
"2091",0.121666666666667
"2092",0.123333333333333
"2093",0.121666666666667
"2094",0.121666666666667
"2095",0.121666666666667
"2096",0.123333333333333
"2097",0.121666666666667
"2098",0.121666666666667
"2099",0.121666666666667
"2100",0.121666666666667
"2101",0.123333333333333
"2102",0.123333333333333
"2103",0.121666666666667
"2104",0.123333333333333
"2105",0.121666666666667
"2106",0.123333333333333
"2107",0.123333333333333
"2108",0.121666666666667
"2109",0.123333333333333
"2110",0.121666666666667
"2111",0.121666666666667
"2112",0.121666666666667
"2113",0.123333333333333
"2114",0.123333333333333
"2115",0.121666666666667
"2116",0.121666666666667
"2117",0.123333333333333
"2118",0.121666666666667
"2119",0.121666666666667
"2120",0.121666666666667
"2121",0.123333333333333
"2122",0.121666666666667
"2123",0.121666666666667
"2124",0.121666666666667
"2125",0.121666666666667
"2126",0.123333333333333
"2127",0.123333333333333
"2128",0.121666666666667
"2129",0.123333333333333
"2130",0.121666666666667
"2131",0.123333333333333
"2132",0.123333333333333
"2133",0.121666666666667
"2134",0.123333333333333
"2135",0.121666666666667
"2136",0.121666666666667
"2137",0.121666666666667
"2138",0.123333333333333
"2139",0.123333333333333
"2140",0.121666666666667
"2141",0.121666666666667
"2142",0.123333333333333
"2143",0.121666666666667
"2144",0.121666666666667
"2145",0.121666666666667
"2146",0.123333333333333
"2147",0.121666666666667
"2148",0.121666666666667
"2149",0.121666666666667
"2150",0.121666666666667
"2151",0.123333333333333
"2152",0.123333333333333
"2153",0.121666666666667
"2154",0.123333333333333
"2155",0.121666666666667
"2156",0.123333333333333
"2157",0.123333333333333
"2158",0.121666666666667
"2159",0.123333333333333
"2160",0.121666666666667
"2161",0.121666666666667
"2162",0.121666666666667
"2163",0.123333333333333
"2164",0.123333333333333
"2165",0.121666666666667
"2166",0.121666666666667
"2167",0.123333333333333
"2168",0.121666666666667
"2169",0.121666666666667
"2170",0.121666666666667
"2171",0.123333333333333
"2172",0.121666666666667
"2173",0.121666666666667
"2174",0.121666666666667
"2175",0.121666666666667
"2176",0.123333333333333
"2177",0.123333333333333
"2178",0.121666666666667
"2179",0.123333333333333
"2180",0.121666666666667
"2181",0.123333333333333
"2182",0.123333333333333
"2183",0.121666666666667
"2184",0.123333333333333
"2185",0.121666666666667
"2186",0.121666666666667
"2187",0.121666666666667
"2188",0.123333333333333
"2189",0.123333333333333
"2190",0.121666666666667
"2191",0.121666666666667
"2192",0.123333333333333
"2193",0.121666666666667
"2194",0.121666666666667
"2195",0.121666666666667
"2196",0.123333333333333
"2197",0.121666666666667
"2198",0.121666666666667
"2199",0.121666666666667
"2200",0.121666666666667
"2201",0.123333333333333
"2202",0.123333333333333
"2203",0.121666666666667
"2204",0.123333333333333
"2205",0.121666666666667
"2206",0.123333333333333
"2207",0.123333333333333
"2208",0.121666666666667
"2209",0.123333333333333
"2210",0.121666666666667
"2211",0.121666666666667
"2212",0.121666666666667
"2213",0.123333333333333
"2214",0.123333333333333
"2215",0.121666666666667
"2216",0.121666666666667
"2217",0.123333333333333
"2218",0.121666666666667
"2219",0.121666666666667
"2220",0.121666666666667
"2221",0.123333333333333
"2222",0.121666666666667
"2223",0.121666666666667
"2224",0.121666666666667
"2225",0.121666666666667
"2226",0.123333333333333
"2227",0.123333333333333
"2228",0.121666666666667
"2229",0.123333333333333
"2230",0.121666666666667
"2231",0.123333333333333
"2232",0.123333333333333
"2233",0.121666666666667
"2234",0.123333333333333
"2235",0.121666666666667
"2236",0.121666666666667
"2237",0.121666666666667
"2238",0.123333333333333
"2239",0.123333333333333
"2240",0.121666666666667
"2241",0.121666666666667
"2242",0.123333333333333
"2243",0.121666666666667
"2244",0.121666666666667
"2245",0.121666666666667
"2246",0.123333333333333
"2247",0.121666666666667
"2248",0.121666666666667
"2249",0.121666666666667
"2250",0.121666666666667
"2251",0.123333333333333
"2252",0.123333333333333
"2253",0.121666666666667
"2254",0.123333333333333
"2255",0.121666666666667
"2256",0.123333333333333
"2257",0.123333333333333
"2258",0.121666666666667
"2259",0.123333333333333
"2260",0.121666666666667
"2261",0.121666666666667
"2262",0.121666666666667
"2263",0.123333333333333
"2264",0.123333333333333
"2265",0.121666666666667
"2266",0.121666666666667
"2267",0.123333333333333
"2268",0.121666666666667
"2269",0.121666666666667
"2270",0.121666666666667
"2271",0.123333333333333
"2272",0.121666666666667
"2273",0.121666666666667
"2274",0.121666666666667
"2275",0.121666666666667
"2276",0.123333333333333
"2277",0.123333333333333
"2278",0.121666666666667
"2279",0.123333333333333
"2280",0.121666666666667
"2281",0.123333333333333
"2282",0.123333333333333
"2283",0.121666666666667
"2284",0.123333333333333
"2285",0.121666666666667
"2286",0.121666666666667
"2287",0.121666666666667
"2288",0.123333333333333
"2289",0.123333333333333
"2290",0.121666666666667
"2291",0.121666666666667
"2292",0.123333333333333
"2293",0.121666666666667
"2294",0.121666666666667
"2295",0.121666666666667
"2296",0.123333333333333
"2297",0.121666666666667
"2298",0.121666666666667
"2299",0.121666666666667
"2300",0.121666666666667
"2301",0.123333333333333
"2302",0.123333333333333
"2303",0.121666666666667
"2304",0.123333333333333
"2305",0.121666666666667
"2306",0.123333333333333
"2307",0.123333333333333
"2308",0.121666666666667
"2309",0.123333333333333
"2310",0.121666666666667
"2311",0.121666666666667
"2312",0.121666666666667
"2313",0.123333333333333
"2314",0.123333333333333
"2315",0.121666666666667
"2316",0.121666666666667
"2317",0.123333333333333
"2318",0.121666666666667
"2319",0.121666666666667
"2320",0.121666666666667
"2321",0.123333333333333
"2322",0.121666666666667
"2323",0.121666666666667
"2324",0.121666666666667
"2325",0.121666666666667
"2326",0.123333333333333
"2327",0.123333333333333
"2328",0.121666666666667
"2329",0.123333333333333
"2330",0.121666666666667
"2331",0.123333333333333
"2332",0.123333333333333
"2333",0.121666666666667
"2334",0.123333333333333
"2335",0.121666666666667
"2336",0.121666666666667
"2337",0.121666666666667
"2338",0.123333333333333
"2339",0.123333333333333
"2340",0.121666666666667
"2341",0.121666666666667
"2342",0.123333333333333
"2343",0.121666666666667
"2344",0.121666666666667
"2345",0.121666666666667
"2346",0.123333333333333
"2347",0.121666666666667
"2348",0.121666666666667
"2349",0.121666666666667
"2350",0.121666666666667
"2351",0.123333333333333
"2352",0.123333333333333
"2353",0.121666666666667
"2354",0.123333333333333
"2355",0.121666666666667
"2356",0.123333333333333
"2357",0.123333333333333
"2358",0.121666666666667
"2359",0.123333333333333
"2360",0.121666666666667
"2361",0.121666666666667
"2362",0.121666666666667
"2363",0.123333333333333
"2364",0.123333333333333
"2365",0.121666666666667
"2366",0.121666666666667
"2367",0.123333333333333
"2368",0.121666666666667
"2369",0.121666666666667
"2370",0.121666666666667
"2371",0.123333333333333
"2372",0.121666666666667
"2373",0.121666666666667
"2374",0.121666666666667
"2375",0.121666666666667
"2376",0.123333333333333
"2377",0.123333333333333
"2378",0.121666666666667
"2379",0.123333333333333
"2380",0.121666666666667
"2381",0.123333333333333
"2382",0.123333333333333
"2383",0.121666666666667
"2384",0.123333333333333
"2385",0.121666666666667
"2386",0.121666666666667
"2387",0.121666666666667
"2388",0.123333333333333
"2389",0.123333333333333
"2390",0.121666666666667
"2391",0.121666666666667
"2392",0.123333333333333
"2393",0.121666666666667
"2394",0.121666666666667
"2395",0.121666666666667
"2396",0.123333333333333
"2397",0.121666666666667
"2398",0.121666666666667
"2399",0.121666666666667
"2400",0.121666666666667
"2401",0.123333333333333
"2402",0.123333333333333
"2403",0.121666666666667
"2404",0.123333333333333
"2405",0.121666666666667
"2406",0.123333333333333
"2407",0.123333333333333
"2408",0.121666666666667
"2409",0.123333333333333
"2410",0.121666666666667
"2411",0.121666666666667
"2412",0.121666666666667
"2413",0.123333333333333
"2414",0.123333333333333
"2415",0.121666666666667
"2416",0.121666666666667
"2417",0.123333333333333
"2418",0.121666666666667
"2419",0.121666666666667
"2420",0.121666666666667
"2421",0.123333333333333
"2422",0.121666666666667
"2423",0.121666666666667
"2424",0.121666666666667
"2425",0.121666666666667
"2426",0.123333333333333
"2427",0.123333333333333
"2428",0.121666666666667
"2429",0.123333333333333
"2430",0.121666666666667
"2431",0.123333333333333
"2432",0.123333333333333
"2433",0.121666666666667
"2434",0.123333333333333
"2435",0.121666666666667
"2436",0.121666666666667
"2437",0.121666666666667
"2438",0.123333333333333
"2439",0.123333333333333
"2440",0.121666666666667
"2441",0.121666666666667
"2442",0.123333333333333
"2443",0.121666666666667
"2444",0.121666666666667
"2445",0.121666666666667
"2446",0.123333333333333
"2447",0.121666666666667
"2448",0.121666666666667
"2449",0.121666666666667
"2450",0.121666666666667
"2451",0.123333333333333
"2452",0.123333333333333
"2453",0.121666666666667
"2454",0.123333333333333
"2455",0.121666666666667
"2456",0.123333333333333
"2457",0.123333333333333
"2458",0.121666666666667
"2459",0.123333333333333
"2460",0.121666666666667
"2461",0.121666666666667
"2462",0.121666666666667
"2463",0.123333333333333
"2464",0.123333333333333
"2465",0.121666666666667
"2466",0.121666666666667
"2467",0.123333333333333
"2468",0.121666666666667
"2469",0.121666666666667
"2470",0.121666666666667
"2471",0.123333333333333
"2472",0.121666666666667
"2473",0.121666666666667
"2474",0.121666666666667
"2475",0.121666666666667
"2476",0.151666666666667
"2477",0.151666666666667
"2478",0.15
"2479",0.151666666666667
"2480",0.148333333333333
"2481",0.151666666666667
"2482",0.151666666666667
"2483",0.15
"2484",0.151666666666667
"2485",0.148333333333333
"2486",0.15
"2487",0.15
"2488",0.151666666666667
"2489",0.151666666666667
"2490",0.15
"2491",0.148333333333333
"2492",0.151666666666667
"2493",0.148333333333333
"2494",0.148333333333333
"2495",0.15
"2496",0.151666666666667
"2497",0.148333333333333
"2498",0.15
"2499",0.15
"2500",0.15
"2501",0.155
"2502",0.155
"2503",0.153333333333333
"2504",0.155
"2505",0.151666666666667
"2506",0.155
"2507",0.155
"2508",0.153333333333333
"2509",0.155
"2510",0.151666666666667
"2511",0.153333333333333
"2512",0.153333333333333
"2513",0.155
"2514",0.155
"2515",0.153333333333333
"2516",0.151666666666667
"2517",0.155
"2518",0.151666666666667
"2519",0.151666666666667
"2520",0.153333333333333
"2521",0.155
"2522",0.151666666666667
"2523",0.153333333333333
"2524",0.153333333333333
"2525",0.153333333333333
"2526",0.151666666666667
"2527",0.151666666666667
"2528",0.15
"2529",0.151666666666667
"2530",0.148333333333333
"2531",0.151666666666667
"2532",0.151666666666667
"2533",0.15
"2534",0.151666666666667
"2535",0.148333333333333
"2536",0.15
"2537",0.15
"2538",0.151666666666667
"2539",0.151666666666667
"2540",0.15
"2541",0.148333333333333
"2542",0.151666666666667
"2543",0.148333333333333
"2544",0.148333333333333
"2545",0.15
"2546",0.151666666666667
"2547",0.148333333333333
"2548",0.15
"2549",0.15
"2550",0.15
"2551",0.151666666666667
"2552",0.151666666666667
"2553",0.15
"2554",0.151666666666667
"2555",0.148333333333333
"2556",0.151666666666667
"2557",0.151666666666667
"2558",0.15
"2559",0.151666666666667
"2560",0.148333333333333
"2561",0.15
"2562",0.15
"2563",0.151666666666667
"2564",0.151666666666667
"2565",0.15
"2566",0.148333333333333
"2567",0.151666666666667
"2568",0.148333333333333
"2569",0.148333333333333
"2570",0.15
"2571",0.151666666666667
"2572",0.148333333333333
"2573",0.15
"2574",0.15
"2575",0.15
"2576",0.133333333333333
"2577",0.133333333333333
"2578",0.131666666666667
"2579",0.13
"2580",0.133333333333333
"2581",0.133333333333333
"2582",0.133333333333333
"2583",0.131666666666667
"2584",0.133333333333333
"2585",0.133333333333333
"2586",0.131666666666667
"2587",0.131666666666667
"2588",0.133333333333333
"2589",0.133333333333333
"2590",0.131666666666667
"2591",0.133333333333333
"2592",0.133333333333333
"2593",0.133333333333333
"2594",0.133333333333333
"2595",0.131666666666667
"2596",0.133333333333333
"2597",0.133333333333333
"2598",0.131666666666667
"2599",0.131666666666667
"2600",0.131666666666667
"2601",0.133333333333333
"2602",0.133333333333333
"2603",0.131666666666667
"2604",0.13
"2605",0.133333333333333
"2606",0.133333333333333
"2607",0.133333333333333
"2608",0.131666666666667
"2609",0.133333333333333
"2610",0.133333333333333
"2611",0.131666666666667
"2612",0.131666666666667
"2613",0.133333333333333
"2614",0.133333333333333
"2615",0.131666666666667
"2616",0.133333333333333
"2617",0.133333333333333
"2618",0.133333333333333
"2619",0.133333333333333
"2620",0.131666666666667
"2621",0.133333333333333
"2622",0.133333333333333
"2623",0.131666666666667
"2624",0.131666666666667
"2625",0.131666666666667
"2626",0.135
"2627",0.135
"2628",0.133333333333333
"2629",0.131666666666667
"2630",0.135
"2631",0.135
"2632",0.135
"2633",0.133333333333333
"2634",0.135
"2635",0.135
"2636",0.133333333333333
"2637",0.133333333333333
"2638",0.135
"2639",0.135
"2640",0.133333333333333
"2641",0.135
"2642",0.135
"2643",0.135
"2644",0.135
"2645",0.133333333333333
"2646",0.135
"2647",0.135
"2648",0.133333333333333
"2649",0.133333333333333
"2650",0.133333333333333
"2651",0.133333333333333
"2652",0.133333333333333
"2653",0.131666666666667
"2654",0.13
"2655",0.133333333333333
"2656",0.133333333333333
"2657",0.133333333333333
"2658",0.131666666666667
"2659",0.133333333333333
"2660",0.133333333333333
"2661",0.131666666666667
"2662",0.131666666666667
"2663",0.133333333333333
"2664",0.133333333333333
"2665",0.131666666666667
"2666",0.133333333333333
"2667",0.133333333333333
"2668",0.133333333333333
"2669",0.133333333333333
"2670",0.131666666666667
"2671",0.133333333333333
"2672",0.133333333333333
"2673",0.131666666666667
"2674",0.131666666666667
"2675",0.131666666666667
"2676",0.133333333333333
"2677",0.133333333333333
"2678",0.131666666666667
"2679",0.13
"2680",0.133333333333333
"2681",0.133333333333333
"2682",0.133333333333333
"2683",0.131666666666667
"2684",0.133333333333333
"2685",0.133333333333333
"2686",0.131666666666667
"2687",0.131666666666667
"2688",0.133333333333333
"2689",0.133333333333333
"2690",0.131666666666667
"2691",0.133333333333333
"2692",0.133333333333333
"2693",0.133333333333333
"2694",0.133333333333333
"2695",0.131666666666667
"2696",0.133333333333333
"2697",0.133333333333333
"2698",0.131666666666667
"2699",0.131666666666667
"2700",0.131666666666667
"2701",0.133333333333333
"2702",0.133333333333333
"2703",0.131666666666667
"2704",0.13
"2705",0.133333333333333
"2706",0.133333333333333
"2707",0.133333333333333
"2708",0.131666666666667
"2709",0.133333333333333
"2710",0.133333333333333
"2711",0.131666666666667
"2712",0.131666666666667
"2713",0.133333333333333
"2714",0.133333333333333
"2715",0.131666666666667
"2716",0.133333333333333
"2717",0.133333333333333
"2718",0.133333333333333
"2719",0.133333333333333
"2720",0.131666666666667
"2721",0.133333333333333
"2722",0.133333333333333
"2723",0.131666666666667
"2724",0.131666666666667
"2725",0.131666666666667
"2726",0.136666666666667
"2727",0.136666666666667
"2728",0.135
"2729",0.133333333333333
"2730",0.136666666666667
"2731",0.136666666666667
"2732",0.136666666666667
"2733",0.135
"2734",0.136666666666667
"2735",0.136666666666667
"2736",0.135
"2737",0.135
"2738",0.136666666666667
"2739",0.136666666666667
"2740",0.135
"2741",0.136666666666667
"2742",0.136666666666667
"2743",0.136666666666667
"2744",0.136666666666667
"2745",0.135
"2746",0.136666666666667
"2747",0.136666666666667
"2748",0.135
"2749",0.135
"2750",0.135
"2751",0.133333333333333
"2752",0.133333333333333
"2753",0.131666666666667
"2754",0.13
"2755",0.133333333333333
"2756",0.133333333333333
"2757",0.133333333333333
"2758",0.131666666666667
"2759",0.133333333333333
"2760",0.133333333333333
"2761",0.131666666666667
"2762",0.131666666666667
"2763",0.133333333333333
"2764",0.133333333333333
"2765",0.131666666666667
"2766",0.133333333333333
"2767",0.133333333333333
"2768",0.133333333333333
"2769",0.133333333333333
"2770",0.131666666666667
"2771",0.133333333333333
"2772",0.133333333333333
"2773",0.131666666666667
"2774",0.131666666666667
"2775",0.131666666666667
"2776",0.133333333333333
"2777",0.133333333333333
"2778",0.131666666666667
"2779",0.13
"2780",0.133333333333333
"2781",0.133333333333333
"2782",0.133333333333333
"2783",0.131666666666667
"2784",0.133333333333333
"2785",0.133333333333333
"2786",0.131666666666667
"2787",0.131666666666667
"2788",0.133333333333333
"2789",0.133333333333333
"2790",0.131666666666667
"2791",0.133333333333333
"2792",0.133333333333333
"2793",0.133333333333333
"2794",0.133333333333333
"2795",0.131666666666667
"2796",0.133333333333333
"2797",0.133333333333333
"2798",0.131666666666667
"2799",0.131666666666667
"2800",0.131666666666667
"2801",0.133333333333333
"2802",0.133333333333333
"2803",0.131666666666667
"2804",0.13
"2805",0.133333333333333
"2806",0.133333333333333
"2807",0.133333333333333
"2808",0.131666666666667
"2809",0.133333333333333
"2810",0.133333333333333
"2811",0.131666666666667
"2812",0.131666666666667
"2813",0.133333333333333
"2814",0.133333333333333
"2815",0.131666666666667
"2816",0.133333333333333
"2817",0.133333333333333
"2818",0.133333333333333
"2819",0.133333333333333
"2820",0.131666666666667
"2821",0.133333333333333
"2822",0.133333333333333
"2823",0.131666666666667
"2824",0.131666666666667
"2825",0.131666666666667
"2826",0.133333333333333
"2827",0.133333333333333
"2828",0.131666666666667
"2829",0.13
"2830",0.133333333333333
"2831",0.133333333333333
"2832",0.133333333333333
"2833",0.131666666666667
"2834",0.133333333333333
"2835",0.133333333333333
"2836",0.131666666666667
"2837",0.131666666666667
"2838",0.133333333333333
"2839",0.133333333333333
"2840",0.131666666666667
"2841",0.133333333333333
"2842",0.133333333333333
"2843",0.133333333333333
"2844",0.133333333333333
"2845",0.131666666666667
"2846",0.133333333333333
"2847",0.133333333333333
"2848",0.131666666666667
"2849",0.131666666666667
"2850",0.131666666666667
"2851",0.136666666666667
"2852",0.136666666666667
"2853",0.135
"2854",0.133333333333333
"2855",0.136666666666667
"2856",0.136666666666667
"2857",0.136666666666667
"2858",0.135
"2859",0.136666666666667
"2860",0.136666666666667
"2861",0.135
"2862",0.135
"2863",0.136666666666667
"2864",0.136666666666667
"2865",0.135
"2866",0.136666666666667
"2867",0.136666666666667
"2868",0.136666666666667
"2869",0.136666666666667
"2870",0.135
"2871",0.136666666666667
"2872",0.136666666666667
"2873",0.135
"2874",0.135
"2875",0.135
"2876",0.133333333333333
"2877",0.133333333333333
"2878",0.131666666666667
"2879",0.13
"2880",0.133333333333333
"2881",0.133333333333333
"2882",0.133333333333333
"2883",0.131666666666667
"2884",0.133333333333333
"2885",0.133333333333333
"2886",0.131666666666667
"2887",0.131666666666667
"2888",0.133333333333333
"2889",0.133333333333333
"2890",0.131666666666667
"2891",0.133333333333333
"2892",0.133333333333333
"2893",0.133333333333333
"2894",0.133333333333333
"2895",0.131666666666667
"2896",0.133333333333333
"2897",0.133333333333333
"2898",0.131666666666667
"2899",0.131666666666667
"2900",0.131666666666667
"2901",0.135
"2902",0.135
"2903",0.133333333333333
"2904",0.131666666666667
"2905",0.135
"2906",0.135
"2907",0.135
"2908",0.133333333333333
"2909",0.135
"2910",0.135
"2911",0.133333333333333
"2912",0.133333333333333
"2913",0.135
"2914",0.135
"2915",0.133333333333333
"2916",0.135
"2917",0.135
"2918",0.135
"2919",0.135
"2920",0.133333333333333
"2921",0.135
"2922",0.135
"2923",0.133333333333333
"2924",0.133333333333333
"2925",0.133333333333333
"2926",0.136666666666667
"2927",0.136666666666667
"2928",0.135
"2929",0.133333333333333
"2930",0.136666666666667
"2931",0.136666666666667
"2932",0.136666666666667
"2933",0.135
"2934",0.136666666666667
"2935",0.136666666666667
"2936",0.135
"2937",0.135
"2938",0.136666666666667
"2939",0.136666666666667
"2940",0.135
"2941",0.136666666666667
"2942",0.136666666666667
"2943",0.136666666666667
"2944",0.136666666666667
"2945",0.135
"2946",0.136666666666667
"2947",0.136666666666667
"2948",0.135
"2949",0.135
"2950",0.135
"2951",0.133333333333333
"2952",0.133333333333333
"2953",0.131666666666667
"2954",0.13
"2955",0.133333333333333
"2956",0.133333333333333
"2957",0.133333333333333
"2958",0.131666666666667
"2959",0.133333333333333
"2960",0.133333333333333
"2961",0.131666666666667
"2962",0.131666666666667
"2963",0.133333333333333
"2964",0.133333333333333
"2965",0.131666666666667
"2966",0.133333333333333
"2967",0.133333333333333
"2968",0.133333333333333
"2969",0.133333333333333
"2970",0.131666666666667
"2971",0.133333333333333
"2972",0.133333333333333
"2973",0.131666666666667
"2974",0.131666666666667
"2975",0.131666666666667
"2976",0.136666666666667
"2977",0.136666666666667
"2978",0.135
"2979",0.133333333333333
"2980",0.136666666666667
"2981",0.136666666666667
"2982",0.136666666666667
"2983",0.135
"2984",0.136666666666667
"2985",0.136666666666667
"2986",0.135
"2987",0.135
"2988",0.136666666666667
"2989",0.136666666666667
"2990",0.135
"2991",0.136666666666667
"2992",0.136666666666667
"2993",0.136666666666667
"2994",0.136666666666667
"2995",0.135
"2996",0.136666666666667
"2997",0.136666666666667
"2998",0.135
"2999",0.135
"3000",0.135
"3001",0.136666666666667
"3002",0.136666666666667
"3003",0.135
"3004",0.133333333333333
"3005",0.136666666666667
"3006",0.136666666666667
"3007",0.136666666666667
"3008",0.135
"3009",0.136666666666667
"3010",0.136666666666667
"3011",0.135
"3012",0.135
"3013",0.136666666666667
"3014",0.136666666666667
"3015",0.135
"3016",0.136666666666667
"3017",0.136666666666667
"3018",0.136666666666667
"3019",0.136666666666667
"3020",0.135
"3021",0.136666666666667
"3022",0.136666666666667
"3023",0.135
"3024",0.135
"3025",0.135
"3026",0.136666666666667
"3027",0.136666666666667
"3028",0.135
"3029",0.133333333333333
"3030",0.136666666666667
"3031",0.136666666666667
"3032",0.136666666666667
"3033",0.135
"3034",0.136666666666667
"3035",0.136666666666667
"3036",0.135
"3037",0.135
"3038",0.136666666666667
"3039",0.136666666666667
"3040",0.135
"3041",0.136666666666667
"3042",0.136666666666667
"3043",0.136666666666667
"3044",0.136666666666667
"3045",0.135
"3046",0.136666666666667
"3047",0.136666666666667
"3048",0.135
"3049",0.135
"3050",0.135
"3051",0.133333333333333
"3052",0.133333333333333
"3053",0.131666666666667
"3054",0.13
"3055",0.133333333333333
"3056",0.133333333333333
"3057",0.133333333333333
"3058",0.131666666666667
"3059",0.133333333333333
"3060",0.133333333333333
"3061",0.131666666666667
"3062",0.131666666666667
"3063",0.133333333333333
"3064",0.133333333333333
"3065",0.131666666666667
"3066",0.133333333333333
"3067",0.133333333333333
"3068",0.133333333333333
"3069",0.133333333333333
"3070",0.131666666666667
"3071",0.133333333333333
"3072",0.133333333333333
"3073",0.131666666666667
"3074",0.131666666666667
"3075",0.131666666666667
"3076",0.133333333333333
"3077",0.133333333333333
"3078",0.131666666666667
"3079",0.13
"3080",0.133333333333333
"3081",0.133333333333333
"3082",0.133333333333333
"3083",0.131666666666667
"3084",0.133333333333333
"3085",0.133333333333333
"3086",0.131666666666667
"3087",0.131666666666667
"3088",0.133333333333333
"3089",0.133333333333333
"3090",0.131666666666667
"3091",0.133333333333333
"3092",0.133333333333333
"3093",0.133333333333333
"3094",0.133333333333333
"3095",0.131666666666667
"3096",0.133333333333333
"3097",0.133333333333333
"3098",0.131666666666667
"3099",0.131666666666667
"3100",0.131666666666667
"3101",0.133333333333333
"3102",0.133333333333333
"3103",0.131666666666667
"3104",0.13
"3105",0.133333333333333
"3106",0.133333333333333
"3107",0.133333333333333
"3108",0.131666666666667
"3109",0.133333333333333
"3110",0.133333333333333
"3111",0.131666666666667
"3112",0.131666666666667
"3113",0.133333333333333
"3114",0.133333333333333
"3115",0.131666666666667
"3116",0.133333333333333
"3117",0.133333333333333
"3118",0.133333333333333
"3119",0.133333333333333
"3120",0.131666666666667
"3121",0.133333333333333
"3122",0.133333333333333
"3123",0.131666666666667
"3124",0.131666666666667
"3125",0.131666666666667
"3126",0.133333333333333
"3127",0.133333333333333
"3128",0.131666666666667
"3129",0.13
"3130",0.133333333333333
"3131",0.133333333333333
"3132",0.133333333333333
"3133",0.131666666666667
"3134",0.133333333333333
"3135",0.133333333333333
"3136",0.131666666666667
"3137",0.131666666666667
"3138",0.133333333333333
"3139",0.133333333333333
"3140",0.131666666666667
"3141",0.133333333333333
"3142",0.133333333333333
"3143",0.133333333333333
"3144",0.133333333333333
"3145",0.131666666666667
"3146",0.133333333333333
"3147",0.133333333333333
"3148",0.131666666666667
"3149",0.131666666666667
"3150",0.131666666666667
"3151",0.133333333333333
"3152",0.133333333333333
"3153",0.131666666666667
"3154",0.13
"3155",0.133333333333333
"3156",0.133333333333333
"3157",0.133333333333333
"3158",0.131666666666667
"3159",0.133333333333333
"3160",0.133333333333333
"3161",0.131666666666667
"3162",0.131666666666667
"3163",0.133333333333333
"3164",0.133333333333333
"3165",0.131666666666667
"3166",0.133333333333333
"3167",0.133333333333333
"3168",0.133333333333333
"3169",0.133333333333333
"3170",0.131666666666667
"3171",0.133333333333333
"3172",0.133333333333333
"3173",0.131666666666667
"3174",0.131666666666667
"3175",0.131666666666667
"3176",0.136666666666667
"3177",0.136666666666667
"3178",0.135
"3179",0.133333333333333
"3180",0.136666666666667
"3181",0.136666666666667
"3182",0.136666666666667
"3183",0.135
"3184",0.136666666666667
"3185",0.136666666666667
"3186",0.135
"3187",0.135
"3188",0.136666666666667
"3189",0.136666666666667
"3190",0.135
"3191",0.136666666666667
"3192",0.136666666666667
"3193",0.136666666666667
"3194",0.136666666666667
"3195",0.135
"3196",0.136666666666667
"3197",0.136666666666667
"3198",0.135
"3199",0.135
"3200",0.135
"3201",0.133333333333333
"3202",0.133333333333333
"3203",0.131666666666667
"3204",0.13
"3205",0.133333333333333
"3206",0.133333333333333
"3207",0.133333333333333
"3208",0.131666666666667
"3209",0.133333333333333
"3210",0.133333333333333
"3211",0.131666666666667
"3212",0.131666666666667
"3213",0.133333333333333
"3214",0.133333333333333
"3215",0.131666666666667
"3216",0.133333333333333
"3217",0.133333333333333
"3218",0.133333333333333
"3219",0.133333333333333
"3220",0.131666666666667
"3221",0.133333333333333
"3222",0.133333333333333
"3223",0.131666666666667
"3224",0.131666666666667
"3225",0.131666666666667
"3226",0.133333333333333
"3227",0.133333333333333
"3228",0.131666666666667
"3229",0.13
"3230",0.133333333333333
"3231",0.133333333333333
"3232",0.133333333333333
"3233",0.131666666666667
"3234",0.133333333333333
"3235",0.133333333333333
"3236",0.131666666666667
"3237",0.131666666666667
"3238",0.133333333333333
"3239",0.133333333333333
"3240",0.131666666666667
"3241",0.133333333333333
"3242",0.133333333333333
"3243",0.133333333333333
"3244",0.133333333333333
"3245",0.131666666666667
"3246",0.133333333333333
"3247",0.133333333333333
"3248",0.131666666666667
"3249",0.131666666666667
"3250",0.131666666666667
"3251",0.138333333333333
"3252",0.138333333333333
"3253",0.136666666666667
"3254",0.135
"3255",0.138333333333333
"3256",0.138333333333333
"3257",0.138333333333333
"3258",0.136666666666667
"3259",0.138333333333333
"3260",0.138333333333333
"3261",0.136666666666667
"3262",0.136666666666667
"3263",0.138333333333333
"3264",0.138333333333333
"3265",0.136666666666667
"3266",0.138333333333333
"3267",0.138333333333333
"3268",0.138333333333333
"3269",0.138333333333333
"3270",0.136666666666667
"3271",0.138333333333333
"3272",0.138333333333333
"3273",0.136666666666667
"3274",0.136666666666667
"3275",0.136666666666667
"3276",0.136666666666667
"3277",0.136666666666667
"3278",0.135
"3279",0.133333333333333
"3280",0.136666666666667
"3281",0.136666666666667
"3282",0.136666666666667
"3283",0.135
"3284",0.136666666666667
"3285",0.136666666666667
"3286",0.135
"3287",0.135
"3288",0.136666666666667
"3289",0.136666666666667
"3290",0.135
"3291",0.136666666666667
"3292",0.136666666666667
"3293",0.136666666666667
"3294",0.136666666666667
"3295",0.135
"3296",0.136666666666667
"3297",0.136666666666667
"3298",0.135
"3299",0.135
"3300",0.135
"3301",0.135
"3302",0.135
"3303",0.133333333333333
"3304",0.131666666666667
"3305",0.135
"3306",0.135
"3307",0.135
"3308",0.133333333333333
"3309",0.135
"3310",0.135
"3311",0.133333333333333
"3312",0.133333333333333
"3313",0.135
"3314",0.135
"3315",0.133333333333333
"3316",0.135
"3317",0.135
"3318",0.135
"3319",0.135
"3320",0.133333333333333
"3321",0.135
"3322",0.135
"3323",0.133333333333333
"3324",0.133333333333333
"3325",0.133333333333333
"3326",0.133333333333333
"3327",0.133333333333333
"3328",0.131666666666667
"3329",0.13
"3330",0.133333333333333
"3331",0.133333333333333
"3332",0.133333333333333
"3333",0.131666666666667
"3334",0.133333333333333
"3335",0.133333333333333
"3336",0.131666666666667
"3337",0.131666666666667
"3338",0.133333333333333
"3339",0.133333333333333
"3340",0.131666666666667
"3341",0.133333333333333
"3342",0.133333333333333
"3343",0.133333333333333
"3344",0.133333333333333
"3345",0.131666666666667
"3346",0.133333333333333
"3347",0.133333333333333
"3348",0.131666666666667
"3349",0.131666666666667
"3350",0.131666666666667
"3351",0.133333333333333
"3352",0.133333333333333
"3353",0.131666666666667
"3354",0.13
"3355",0.133333333333333
"3356",0.133333333333333
"3357",0.133333333333333
"3358",0.131666666666667
"3359",0.133333333333333
"3360",0.133333333333333
"3361",0.131666666666667
"3362",0.131666666666667
"3363",0.133333333333333
"3364",0.133333333333333
"3365",0.131666666666667
"3366",0.133333333333333
"3367",0.133333333333333
"3368",0.133333333333333
"3369",0.133333333333333
"3370",0.131666666666667
"3371",0.133333333333333
"3372",0.133333333333333
"3373",0.131666666666667
"3374",0.131666666666667
"3375",0.131666666666667
"3376",0.133333333333333
"3377",0.133333333333333
"3378",0.131666666666667
"3379",0.13
"3380",0.133333333333333
"3381",0.133333333333333
"3382",0.133333333333333
"3383",0.131666666666667
"3384",0.133333333333333
"3385",0.133333333333333
"3386",0.131666666666667
"3387",0.131666666666667
"3388",0.133333333333333
"3389",0.133333333333333
"3390",0.131666666666667
"3391",0.133333333333333
"3392",0.133333333333333
"3393",0.133333333333333
"3394",0.133333333333333
"3395",0.131666666666667
"3396",0.133333333333333
"3397",0.133333333333333
"3398",0.131666666666667
"3399",0.131666666666667
"3400",0.131666666666667
"3401",0.133333333333333
"3402",0.133333333333333
"3403",0.131666666666667
"3404",0.13
"3405",0.133333333333333
"3406",0.133333333333333
"3407",0.133333333333333
"3408",0.131666666666667
"3409",0.133333333333333
"3410",0.133333333333333
"3411",0.131666666666667
"3412",0.131666666666667
"3413",0.133333333333333
"3414",0.133333333333333
"3415",0.131666666666667
"3416",0.133333333333333
"3417",0.133333333333333
"3418",0.133333333333333
"3419",0.133333333333333
"3420",0.131666666666667
"3421",0.133333333333333
"3422",0.133333333333333
"3423",0.131666666666667
"3424",0.131666666666667
"3425",0.131666666666667
"3426",0.136666666666667
"3427",0.136666666666667
"3428",0.135
"3429",0.133333333333333
"3430",0.136666666666667
"3431",0.136666666666667
"3432",0.136666666666667
"3433",0.135
"3434",0.136666666666667
"3435",0.136666666666667
"3436",0.135
"3437",0.135
"3438",0.136666666666667
"3439",0.136666666666667
"3440",0.135
"3441",0.136666666666667
"3442",0.136666666666667
"3443",0.136666666666667
"3444",0.136666666666667
"3445",0.135
"3446",0.136666666666667
"3447",0.136666666666667
"3448",0.135
"3449",0.135
"3450",0.135
"3451",0.133333333333333
"3452",0.133333333333333
"3453",0.131666666666667
"3454",0.13
"3455",0.133333333333333
"3456",0.133333333333333
"3457",0.133333333333333
"3458",0.131666666666667
"3459",0.133333333333333
"3460",0.133333333333333
"3461",0.131666666666667
"3462",0.131666666666667
"3463",0.133333333333333
"3464",0.133333333333333
"3465",0.131666666666667
"3466",0.133333333333333
"3467",0.133333333333333
"3468",0.133333333333333
"3469",0.133333333333333
"3470",0.131666666666667
"3471",0.133333333333333
"3472",0.133333333333333
"3473",0.131666666666667
"3474",0.131666666666667
"3475",0.131666666666667
"3476",0.133333333333333
"3477",0.133333333333333
"3478",0.131666666666667
"3479",0.13
"3480",0.133333333333333
"3481",0.133333333333333
"3482",0.133333333333333
"3483",0.131666666666667
"3484",0.133333333333333
"3485",0.133333333333333
"3486",0.131666666666667
"3487",0.131666666666667
"3488",0.133333333333333
"3489",0.133333333333333
"3490",0.131666666666667
"3491",0.133333333333333
"3492",0.133333333333333
"3493",0.133333333333333
"3494",0.133333333333333
"3495",0.131666666666667
"3496",0.133333333333333
"3497",0.133333333333333
"3498",0.131666666666667
"3499",0.131666666666667
"3500",0.131666666666667
"3501",0.136666666666667
"3502",0.136666666666667
"3503",0.135
"3504",0.133333333333333
"3505",0.136666666666667
"3506",0.136666666666667
"3507",0.136666666666667
"3508",0.135
"3509",0.136666666666667
"3510",0.136666666666667
"3511",0.135
"3512",0.135
"3513",0.136666666666667
"3514",0.136666666666667
"3515",0.135
"3516",0.136666666666667
"3517",0.136666666666667
"3518",0.136666666666667
"3519",0.136666666666667
"3520",0.135
"3521",0.136666666666667
"3522",0.136666666666667
"3523",0.135
"3524",0.135
"3525",0.135
"3526",0.133333333333333
"3527",0.133333333333333
"3528",0.131666666666667
"3529",0.13
"3530",0.133333333333333
"3531",0.133333333333333
"3532",0.133333333333333
"3533",0.131666666666667
"3534",0.133333333333333
"3535",0.133333333333333
"3536",0.131666666666667
"3537",0.131666666666667
"3538",0.133333333333333
"3539",0.133333333333333
"3540",0.131666666666667
"3541",0.133333333333333
"3542",0.133333333333333
"3543",0.133333333333333
"3544",0.133333333333333
"3545",0.131666666666667
"3546",0.133333333333333
"3547",0.133333333333333
"3548",0.131666666666667
"3549",0.131666666666667
"3550",0.131666666666667
"3551",0.133333333333333
"3552",0.133333333333333
"3553",0.131666666666667
"3554",0.13
"3555",0.133333333333333
"3556",0.133333333333333
"3557",0.133333333333333
"3558",0.131666666666667
"3559",0.133333333333333
"3560",0.133333333333333
"3561",0.131666666666667
"3562",0.131666666666667
"3563",0.133333333333333
"3564",0.133333333333333
"3565",0.131666666666667
"3566",0.133333333333333
"3567",0.133333333333333
"3568",0.133333333333333
"3569",0.133333333333333
"3570",0.131666666666667
"3571",0.133333333333333
"3572",0.133333333333333
"3573",0.131666666666667
"3574",0.131666666666667
"3575",0.131666666666667
"3576",0.136666666666667
"3577",0.136666666666667
"3578",0.135
"3579",0.133333333333333
"3580",0.136666666666667
"3581",0.136666666666667
"3582",0.136666666666667
"3583",0.135
"3584",0.136666666666667
"3585",0.136666666666667
"3586",0.135
"3587",0.135
"3588",0.136666666666667
"3589",0.136666666666667
"3590",0.135
"3591",0.136666666666667
"3592",0.136666666666667
"3593",0.136666666666667
"3594",0.136666666666667
"3595",0.135
"3596",0.136666666666667
"3597",0.136666666666667
"3598",0.135
"3599",0.135
"3600",0.135
"3601",0.133333333333333
"3602",0.13
"3603",0.131666666666667
"3604",0.126666666666667
"3605",0.13
"3606",0.133333333333333
"3607",0.133333333333333
"3608",0.131666666666667
"3609",0.133333333333333
"3610",0.13
"3611",0.131666666666667
"3612",0.131666666666667
"3613",0.133333333333333
"3614",0.13
"3615",0.131666666666667
"3616",0.13
"3617",0.13
"3618",0.13
"3619",0.13
"3620",0.131666666666667
"3621",0.13
"3622",0.13
"3623",0.131666666666667
"3624",0.131666666666667
"3625",0.131666666666667
"3626",0.133333333333333
"3627",0.13
"3628",0.131666666666667
"3629",0.126666666666667
"3630",0.13
"3631",0.133333333333333
"3632",0.133333333333333
"3633",0.131666666666667
"3634",0.133333333333333
"3635",0.13
"3636",0.131666666666667
"3637",0.131666666666667
"3638",0.133333333333333
"3639",0.13
"3640",0.131666666666667
"3641",0.13
"3642",0.13
"3643",0.13
"3644",0.13
"3645",0.131666666666667
"3646",0.13
"3647",0.13
"3648",0.131666666666667
"3649",0.131666666666667
"3650",0.131666666666667
"3651",0.133333333333333
"3652",0.13
"3653",0.131666666666667
"3654",0.126666666666667
"3655",0.13
"3656",0.133333333333333
"3657",0.133333333333333
"3658",0.131666666666667
"3659",0.133333333333333
"3660",0.13
"3661",0.131666666666667
"3662",0.131666666666667
"3663",0.133333333333333
"3664",0.13
"3665",0.131666666666667
"3666",0.13
"3667",0.13
"3668",0.13
"3669",0.13
"3670",0.131666666666667
"3671",0.13
"3672",0.13
"3673",0.131666666666667
"3674",0.131666666666667
"3675",0.131666666666667
"3676",0.141666666666667
"3677",0.141666666666667
"3678",0.14
"3679",0.138333333333333
"3680",0.138333333333333
"3681",0.141666666666667
"3682",0.141666666666667
"3683",0.14
"3684",0.141666666666667
"3685",0.138333333333333
"3686",0.14
"3687",0.14
"3688",0.141666666666667
"3689",0.141666666666667
"3690",0.14
"3691",0.138333333333333
"3692",0.141666666666667
"3693",0.138333333333333
"3694",0.138333333333333
"3695",0.14
"3696",0.141666666666667
"3697",0.138333333333333
"3698",0.14
"3699",0.14
"3700",0.14
"3701",0.14
"3702",0.14
"3703",0.138333333333333
"3704",0.14
"3705",0.136666666666667
"3706",0.14
"3707",0.14
"3708",0.138333333333333
"3709",0.14
"3710",0.136666666666667
"3711",0.138333333333333
"3712",0.138333333333333
"3713",0.14
"3714",0.14
"3715",0.138333333333333
"3716",0.136666666666667
"3717",0.14
"3718",0.136666666666667
"3719",0.136666666666667
"3720",0.138333333333333
"3721",0.14
"3722",0.136666666666667
"3723",0.138333333333333
"3724",0.138333333333333
"3725",0.138333333333333
"3726",0.143333333333333
"3727",0.143333333333333
"3728",0.141666666666667
"3729",0.14
"3730",0.14
"3731",0.143333333333333
"3732",0.143333333333333
"3733",0.141666666666667
"3734",0.143333333333333
"3735",0.14
"3736",0.141666666666667
"3737",0.141666666666667
"3738",0.143333333333333
"3739",0.143333333333333
"3740",0.141666666666667
"3741",0.14
"3742",0.143333333333333
"3743",0.14
"3744",0.14
"3745",0.141666666666667
"3746",0.143333333333333
"3747",0.14
"3748",0.141666666666667
"3749",0.141666666666667
"3750",0.141666666666667
"3751",0.138333333333333
"3752",0.138333333333333
"3753",0.136666666666667
"3754",0.138333333333333
"3755",0.135
"3756",0.138333333333333
"3757",0.138333333333333
"3758",0.136666666666667
"3759",0.138333333333333
"3760",0.135
"3761",0.136666666666667
"3762",0.136666666666667
"3763",0.138333333333333
"3764",0.138333333333333
"3765",0.136666666666667
"3766",0.135
"3767",0.138333333333333
"3768",0.135
"3769",0.135
"3770",0.136666666666667
"3771",0.138333333333333
"3772",0.135
"3773",0.136666666666667
"3774",0.136666666666667
"3775",0.136666666666667
"3776",0.138333333333333
"3777",0.138333333333333
"3778",0.136666666666667
"3779",0.135
"3780",0.135
"3781",0.138333333333333
"3782",0.138333333333333
"3783",0.136666666666667
"3784",0.138333333333333
"3785",0.135
"3786",0.136666666666667
"3787",0.136666666666667
"3788",0.138333333333333
"3789",0.138333333333333
"3790",0.136666666666667
"3791",0.135
"3792",0.138333333333333
"3793",0.135
"3794",0.135
"3795",0.136666666666667
"3796",0.138333333333333
"3797",0.135
"3798",0.136666666666667
"3799",0.136666666666667
"3800",0.136666666666667
"3801",0.143333333333333
"3802",0.143333333333333
"3803",0.141666666666667
"3804",0.14
"3805",0.14
"3806",0.143333333333333
"3807",0.143333333333333
"3808",0.141666666666667
"3809",0.143333333333333
"3810",0.14
"3811",0.141666666666667
"3812",0.141666666666667
"3813",0.143333333333333
"3814",0.143333333333333
"3815",0.141666666666667
"3816",0.14
"3817",0.143333333333333
"3818",0.14
"3819",0.14
"3820",0.141666666666667
"3821",0.143333333333333
"3822",0.14
"3823",0.141666666666667
"3824",0.141666666666667
"3825",0.141666666666667
"3826",0.14
"3827",0.14
"3828",0.138333333333333
"3829",0.14
"3830",0.136666666666667
"3831",0.14
"3832",0.14
"3833",0.138333333333333
"3834",0.14
"3835",0.136666666666667
"3836",0.138333333333333
"3837",0.138333333333333
"3838",0.14
"3839",0.14
"3840",0.138333333333333
"3841",0.136666666666667
"3842",0.14
"3843",0.136666666666667
"3844",0.136666666666667
"3845",0.138333333333333
"3846",0.14
"3847",0.136666666666667
"3848",0.138333333333333
"3849",0.138333333333333
"3850",0.138333333333333
"3851",0.138333333333333
"3852",0.141666666666667
"3853",0.14
"3854",0.14
"3855",0.141666666666667
"3856",0.138333333333333
"3857",0.138333333333333
"3858",0.14
"3859",0.138333333333333
"3860",0.141666666666667
"3861",0.14
"3862",0.14
"3863",0.138333333333333
"3864",0.141666666666667
"3865",0.14
"3866",0.141666666666667
"3867",0.141666666666667
"3868",0.141666666666667
"3869",0.141666666666667
"3870",0.14
"3871",0.141666666666667
"3872",0.141666666666667
"3873",0.14
"3874",0.14
"3875",0.14
"3876",0.138333333333333
"3877",0.141666666666667
"3878",0.14
"3879",0.14
"3880",0.141666666666667
"3881",0.138333333333333
"3882",0.138333333333333
"3883",0.14
"3884",0.138333333333333
"3885",0.141666666666667
"3886",0.14
"3887",0.14
"3888",0.138333333333333
"3889",0.141666666666667
"3890",0.14
"3891",0.141666666666667
"3892",0.141666666666667
"3893",0.141666666666667
"3894",0.141666666666667
"3895",0.14
"3896",0.141666666666667
"3897",0.141666666666667
"3898",0.14
"3899",0.14
"3900",0.14
"3901",0.135
"3902",0.138333333333333
"3903",0.136666666666667
"3904",0.136666666666667
"3905",0.138333333333333
"3906",0.135
"3907",0.135
"3908",0.136666666666667
"3909",0.135
"3910",0.138333333333333
"3911",0.136666666666667
"3912",0.136666666666667
"3913",0.135
"3914",0.138333333333333
"3915",0.136666666666667
"3916",0.138333333333333
"3917",0.138333333333333
"3918",0.138333333333333
"3919",0.138333333333333
"3920",0.136666666666667
"3921",0.138333333333333
"3922",0.138333333333333
"3923",0.136666666666667
"3924",0.136666666666667
"3925",0.136666666666667
"3926",0.133333333333333
"3927",0.136666666666667
"3928",0.135
"3929",0.135
"3930",0.136666666666667
"3931",0.133333333333333
"3932",0.133333333333333
"3933",0.135
"3934",0.133333333333333
"3935",0.136666666666667
"3936",0.135
"3937",0.135
"3938",0.133333333333333
"3939",0.136666666666667
"3940",0.135
"3941",0.136666666666667
"3942",0.136666666666667
"3943",0.136666666666667
"3944",0.136666666666667
"3945",0.135
"3946",0.136666666666667
"3947",0.136666666666667
"3948",0.135
"3949",0.135
"3950",0.135
"3951",0.138333333333333
"3952",0.141666666666667
"3953",0.14
"3954",0.14
"3955",0.141666666666667
"3956",0.138333333333333
"3957",0.138333333333333
"3958",0.14
"3959",0.138333333333333
"3960",0.141666666666667
"3961",0.14
"3962",0.14
"3963",0.138333333333333
"3964",0.141666666666667
"3965",0.14
"3966",0.141666666666667
"3967",0.141666666666667
"3968",0.141666666666667
"3969",0.141666666666667
"3970",0.14
"3971",0.141666666666667
"3972",0.141666666666667
"3973",0.14
"3974",0.14
"3975",0.14
"3976",0.138333333333333
"3977",0.141666666666667
"3978",0.14
"3979",0.14
"3980",0.141666666666667
"3981",0.138333333333333
"3982",0.138333333333333
"3983",0.14
"3984",0.138333333333333
"3985",0.141666666666667
"3986",0.14
"3987",0.14
"3988",0.138333333333333
"3989",0.141666666666667
"3990",0.14
"3991",0.141666666666667
"3992",0.141666666666667
"3993",0.141666666666667
"3994",0.141666666666667
"3995",0.14
"3996",0.141666666666667
"3997",0.141666666666667
"3998",0.14
"3999",0.14
"4000",0.14
"4001",0.12
"4002",0.12
"4003",0.118333333333333
"4004",0.118333333333333
"4005",0.116666666666667
"4006",0.12
"4007",0.12
"4008",0.118333333333333
"4009",0.12
"4010",0.116666666666667
"4011",0.118333333333333
"4012",0.118333333333333
"4013",0.12
"4014",0.12
"4015",0.118333333333333
"4016",0.116666666666667
"4017",0.12
"4018",0.116666666666667
"4019",0.116666666666667
"4020",0.118333333333333
"4021",0.12
"4022",0.116666666666667
"4023",0.118333333333333
"4024",0.118333333333333
"4025",0.118333333333333
"4026",0.12
"4027",0.12
"4028",0.118333333333333
"4029",0.118333333333333
"4030",0.116666666666667
"4031",0.12
"4032",0.12
"4033",0.118333333333333
"4034",0.12
"4035",0.116666666666667
"4036",0.118333333333333
"4037",0.118333333333333
"4038",0.12
"4039",0.12
"4040",0.118333333333333
"4041",0.116666666666667
"4042",0.12
"4043",0.116666666666667
"4044",0.116666666666667
"4045",0.118333333333333
"4046",0.12
"4047",0.116666666666667
"4048",0.118333333333333
"4049",0.118333333333333
"4050",0.118333333333333
"4051",0.12
"4052",0.12
"4053",0.118333333333333
"4054",0.118333333333333
"4055",0.116666666666667
"4056",0.12
"4057",0.12
"4058",0.118333333333333
"4059",0.12
"4060",0.116666666666667
"4061",0.118333333333333
"4062",0.118333333333333
"4063",0.12
"4064",0.12
"4065",0.118333333333333
"4066",0.116666666666667
"4067",0.12
"4068",0.116666666666667
"4069",0.116666666666667
"4070",0.118333333333333
"4071",0.12
"4072",0.116666666666667
"4073",0.118333333333333
"4074",0.118333333333333
"4075",0.118333333333333
"4076",0.12
"4077",0.12
"4078",0.118333333333333
"4079",0.118333333333333
"4080",0.116666666666667
"4081",0.12
"4082",0.12
"4083",0.118333333333333
"4084",0.12
"4085",0.116666666666667
"4086",0.118333333333333
"4087",0.118333333333333
"4088",0.12
"4089",0.12
"4090",0.118333333333333
"4091",0.116666666666667
"4092",0.12
"4093",0.116666666666667
"4094",0.116666666666667
"4095",0.118333333333333
"4096",0.12
"4097",0.116666666666667
"4098",0.118333333333333
"4099",0.118333333333333
"4100",0.118333333333333
"4101",0.12
"4102",0.12
"4103",0.118333333333333
"4104",0.123333333333333
"4105",0.116666666666667
"4106",0.12
"4107",0.12
"4108",0.118333333333333
"4109",0.12
"4110",0.116666666666667
"4111",0.118333333333333
"4112",0.118333333333333
"4113",0.12
"4114",0.12
"4115",0.118333333333333
"4116",0.116666666666667
"4117",0.12
"4118",0.116666666666667
"4119",0.116666666666667
"4120",0.118333333333333
"4121",0.12
"4122",0.116666666666667
"4123",0.118333333333333
"4124",0.118333333333333
"4125",0.118333333333333
"4126",0.12
"4127",0.12
"4128",0.118333333333333
"4129",0.123333333333333
"4130",0.116666666666667
"4131",0.12
"4132",0.12
"4133",0.118333333333333
"4134",0.12
"4135",0.116666666666667
"4136",0.118333333333333
"4137",0.118333333333333
"4138",0.12
"4139",0.12
"4140",0.118333333333333
"4141",0.116666666666667
"4142",0.12
"4143",0.116666666666667
"4144",0.116666666666667
"4145",0.118333333333333
"4146",0.12
"4147",0.116666666666667
"4148",0.118333333333333
"4149",0.118333333333333
"4150",0.118333333333333
"4151",0.12
"4152",0.12
"4153",0.118333333333333
"4154",0.123333333333333
"4155",0.116666666666667
"4156",0.12
"4157",0.12
"4158",0.118333333333333
"4159",0.12
"4160",0.116666666666667
"4161",0.118333333333333
"4162",0.118333333333333
"4163",0.12
"4164",0.12
"4165",0.118333333333333
"4166",0.116666666666667
"4167",0.12
"4168",0.116666666666667
"4169",0.116666666666667
"4170",0.118333333333333
"4171",0.12
"4172",0.116666666666667
"4173",0.118333333333333
"4174",0.118333333333333
"4175",0.118333333333333
"4176",0.12
"4177",0.12
"4178",0.118333333333333
"4179",0.123333333333333
"4180",0.116666666666667
"4181",0.12
"4182",0.12
"4183",0.118333333333333
"4184",0.12
"4185",0.116666666666667
"4186",0.118333333333333
"4187",0.118333333333333
"4188",0.12
"4189",0.12
"4190",0.118333333333333
"4191",0.116666666666667
"4192",0.12
"4193",0.116666666666667
"4194",0.116666666666667
"4195",0.118333333333333
"4196",0.12
"4197",0.116666666666667
"4198",0.118333333333333
"4199",0.118333333333333
"4200",0.118333333333333
"4201",0.123333333333333
"4202",0.123333333333333
"4203",0.121666666666667
"4204",0.126666666666667
"4205",0.12
"4206",0.123333333333333
"4207",0.123333333333333
"4208",0.121666666666667
"4209",0.123333333333333
"4210",0.12
"4211",0.121666666666667
"4212",0.121666666666667
"4213",0.123333333333333
"4214",0.123333333333333
"4215",0.121666666666667
"4216",0.12
"4217",0.123333333333333
"4218",0.12
"4219",0.12
"4220",0.121666666666667
"4221",0.123333333333333
"4222",0.12
"4223",0.121666666666667
"4224",0.121666666666667
"4225",0.121666666666667
"4226",0.12
"4227",0.12
"4228",0.118333333333333
"4229",0.123333333333333
"4230",0.116666666666667
"4231",0.12
"4232",0.12
"4233",0.118333333333333
"4234",0.12
"4235",0.116666666666667
"4236",0.118333333333333
"4237",0.118333333333333
"4238",0.12
"4239",0.12
"4240",0.118333333333333
"4241",0.116666666666667
"4242",0.12
"4243",0.116666666666667
"4244",0.116666666666667
"4245",0.118333333333333
"4246",0.12
"4247",0.116666666666667
"4248",0.118333333333333
"4249",0.118333333333333
"4250",0.118333333333333
"4251",0.12
"4252",0.12
"4253",0.118333333333333
"4254",0.123333333333333
"4255",0.116666666666667
"4256",0.12
"4257",0.12
"4258",0.118333333333333
"4259",0.12
"4260",0.116666666666667
"4261",0.118333333333333
"4262",0.118333333333333
"4263",0.12
"4264",0.12
"4265",0.118333333333333
"4266",0.116666666666667
"4267",0.12
"4268",0.116666666666667
"4269",0.116666666666667
"4270",0.118333333333333
"4271",0.12
"4272",0.116666666666667
"4273",0.118333333333333
"4274",0.118333333333333
"4275",0.118333333333333
"4276",0.12
"4277",0.12
"4278",0.118333333333333
"4279",0.123333333333333
"4280",0.116666666666667
"4281",0.12
"4282",0.12
"4283",0.118333333333333
"4284",0.12
"4285",0.116666666666667
"4286",0.118333333333333
"4287",0.118333333333333
"4288",0.12
"4289",0.12
"4290",0.118333333333333
"4291",0.116666666666667
"4292",0.12
"4293",0.116666666666667
"4294",0.116666666666667
"4295",0.118333333333333
"4296",0.12
"4297",0.116666666666667
"4298",0.118333333333333
"4299",0.118333333333333
"4300",0.118333333333333
"4301",0.12
"4302",0.12
"4303",0.118333333333333
"4304",0.123333333333333
"4305",0.116666666666667
"4306",0.12
"4307",0.12
"4308",0.118333333333333
"4309",0.12
"4310",0.116666666666667
"4311",0.118333333333333
"4312",0.118333333333333
"4313",0.12
"4314",0.12
"4315",0.118333333333333
"4316",0.116666666666667
"4317",0.12
"4318",0.116666666666667
"4319",0.116666666666667
"4320",0.118333333333333
"4321",0.12
"4322",0.116666666666667
"4323",0.118333333333333
"4324",0.118333333333333
"4325",0.118333333333333
"4326",0.12
"4327",0.12
"4328",0.118333333333333
"4329",0.123333333333333
"4330",0.116666666666667
"4331",0.12
"4332",0.12
"4333",0.118333333333333
"4334",0.12
"4335",0.116666666666667
"4336",0.118333333333333
"4337",0.118333333333333
"4338",0.12
"4339",0.12
"4340",0.118333333333333
"4341",0.116666666666667
"4342",0.12
"4343",0.116666666666667
"4344",0.116666666666667
"4345",0.118333333333333
"4346",0.12
"4347",0.116666666666667
"4348",0.118333333333333
"4349",0.118333333333333
"4350",0.118333333333333
"4351",0.12
"4352",0.12
"4353",0.118333333333333
"4354",0.123333333333333
"4355",0.116666666666667
"4356",0.12
"4357",0.12
"4358",0.118333333333333
"4359",0.12
"4360",0.116666666666667
"4361",0.118333333333333
"4362",0.118333333333333
"4363",0.12
"4364",0.12
"4365",0.118333333333333
"4366",0.116666666666667
"4367",0.12
"4368",0.116666666666667
"4369",0.116666666666667
"4370",0.118333333333333
"4371",0.12
"4372",0.116666666666667
"4373",0.118333333333333
"4374",0.118333333333333
"4375",0.118333333333333
"4376",0.12
"4377",0.12
"4378",0.118333333333333
"4379",0.123333333333333
"4380",0.116666666666667
"4381",0.12
"4382",0.12
"4383",0.118333333333333
"4384",0.12
"4385",0.116666666666667
"4386",0.118333333333333
"4387",0.118333333333333
"4388",0.12
"4389",0.12
"4390",0.118333333333333
"4391",0.116666666666667
"4392",0.12
"4393",0.116666666666667
"4394",0.116666666666667
"4395",0.118333333333333
"4396",0.12
"4397",0.116666666666667
"4398",0.118333333333333
"4399",0.118333333333333
"4400",0.118333333333333
"4401",0.12
"4402",0.12
"4403",0.118333333333333
"4404",0.123333333333333
"4405",0.116666666666667
"4406",0.12
"4407",0.12
"4408",0.118333333333333
"4409",0.12
"4410",0.116666666666667
"4411",0.118333333333333
"4412",0.118333333333333
"4413",0.12
"4414",0.12
"4415",0.118333333333333
"4416",0.116666666666667
"4417",0.12
"4418",0.116666666666667
"4419",0.116666666666667
"4420",0.118333333333333
"4421",0.12
"4422",0.116666666666667
"4423",0.118333333333333
"4424",0.118333333333333
"4425",0.118333333333333
"4426",0.12
"4427",0.12
"4428",0.118333333333333
"4429",0.123333333333333
"4430",0.116666666666667
"4431",0.12
"4432",0.12
"4433",0.118333333333333
"4434",0.12
"4435",0.116666666666667
"4436",0.118333333333333
"4437",0.118333333333333
"4438",0.12
"4439",0.12
"4440",0.118333333333333
"4441",0.116666666666667
"4442",0.12
"4443",0.116666666666667
"4444",0.116666666666667
"4445",0.118333333333333
"4446",0.12
"4447",0.116666666666667
"4448",0.118333333333333
"4449",0.118333333333333
"4450",0.118333333333333
"4451",0.12
"4452",0.12
"4453",0.118333333333333
"4454",0.123333333333333
"4455",0.116666666666667
"4456",0.12
"4457",0.12
"4458",0.118333333333333
"4459",0.12
"4460",0.116666666666667
"4461",0.118333333333333
"4462",0.118333333333333
"4463",0.12
"4464",0.12
"4465",0.118333333333333
"4466",0.116666666666667
"4467",0.12
"4468",0.116666666666667
"4469",0.116666666666667
"4470",0.118333333333333
"4471",0.12
"4472",0.116666666666667
"4473",0.118333333333333
"4474",0.118333333333333
"4475",0.118333333333333
"4476",0.12
"4477",0.12
"4478",0.118333333333333
"4479",0.123333333333333
"4480",0.116666666666667
"4481",0.12
"4482",0.12
"4483",0.118333333333333
"4484",0.12
"4485",0.116666666666667
"4486",0.118333333333333
"4487",0.118333333333333
"4488",0.12
"4489",0.12
"4490",0.118333333333333
"4491",0.116666666666667
"4492",0.12
"4493",0.116666666666667
"4494",0.116666666666667
"4495",0.118333333333333
"4496",0.12
"4497",0.116666666666667
"4498",0.118333333333333
"4499",0.118333333333333
"4500",0.118333333333333
"4501",0.12
"4502",0.12
"4503",0.118333333333333
"4504",0.123333333333333
"4505",0.116666666666667
"4506",0.12
"4507",0.12
"4508",0.118333333333333
"4509",0.12
"4510",0.116666666666667
"4511",0.118333333333333
"4512",0.118333333333333
"4513",0.12
"4514",0.12
"4515",0.118333333333333
"4516",0.116666666666667
"4517",0.12
"4518",0.116666666666667
"4519",0.116666666666667
"4520",0.118333333333333
"4521",0.12
"4522",0.116666666666667
"4523",0.118333333333333
"4524",0.118333333333333
"4525",0.118333333333333
"4526",0.12
"4527",0.12
"4528",0.118333333333333
"4529",0.123333333333333
"4530",0.116666666666667
"4531",0.12
"4532",0.12
"4533",0.118333333333333
"4534",0.12
"4535",0.116666666666667
"4536",0.118333333333333
"4537",0.118333333333333
"4538",0.12
"4539",0.12
"4540",0.118333333333333
"4541",0.116666666666667
"4542",0.12
"4543",0.116666666666667
"4544",0.116666666666667
"4545",0.118333333333333
"4546",0.12
"4547",0.116666666666667
"4548",0.118333333333333
"4549",0.118333333333333
"4550",0.118333333333333
"4551",0.12
"4552",0.12
"4553",0.118333333333333
"4554",0.123333333333333
"4555",0.116666666666667
"4556",0.12
"4557",0.12
"4558",0.118333333333333
"4559",0.12
"4560",0.116666666666667
"4561",0.118333333333333
"4562",0.118333333333333
"4563",0.12
"4564",0.12
"4565",0.118333333333333
"4566",0.116666666666667
"4567",0.12
"4568",0.116666666666667
"4569",0.116666666666667
"4570",0.118333333333333
"4571",0.12
"4572",0.116666666666667
"4573",0.118333333333333
"4574",0.118333333333333
"4575",0.118333333333333
"4576",0.135
"4577",0.135
"4578",0.133333333333333
"4579",0.138333333333333
"4580",0.131666666666667
"4581",0.135
"4582",0.135
"4583",0.133333333333333
"4584",0.135
"4585",0.131666666666667
"4586",0.133333333333333
"4587",0.133333333333333
"4588",0.135
"4589",0.135
"4590",0.133333333333333
"4591",0.131666666666667
"4592",0.135
"4593",0.131666666666667
"4594",0.131666666666667
"4595",0.133333333333333
"4596",0.135
"4597",0.131666666666667
"4598",0.133333333333333
"4599",0.133333333333333
"4600",0.133333333333333
"4601",0.135
"4602",0.135
"4603",0.133333333333333
"4604",0.138333333333333
"4605",0.131666666666667
"4606",0.135
"4607",0.135
"4608",0.133333333333333
"4609",0.135
"4610",0.131666666666667
"4611",0.133333333333333
"4612",0.133333333333333
"4613",0.135
"4614",0.135
"4615",0.133333333333333
"4616",0.131666666666667
"4617",0.135
"4618",0.131666666666667
"4619",0.131666666666667
"4620",0.133333333333333
"4621",0.135
"4622",0.131666666666667
"4623",0.133333333333333
"4624",0.133333333333333
"4625",0.133333333333333
"4626",0.116666666666667
"4627",0.113333333333333
"4628",0.115
"4629",0.116666666666667
"4630",0.113333333333333
"4631",0.116666666666667
"4632",0.116666666666667
"4633",0.115
"4634",0.116666666666667
"4635",0.113333333333333
"4636",0.115
"4637",0.115
"4638",0.116666666666667
"4639",0.113333333333333
"4640",0.115
"4641",0.113333333333333
"4642",0.113333333333333
"4643",0.113333333333333
"4644",0.113333333333333
"4645",0.115
"4646",0.113333333333333
"4647",0.113333333333333
"4648",0.115
"4649",0.115
"4650",0.115
"4651",0.13
"4652",0.126666666666667
"4653",0.128333333333333
"4654",0.13
"4655",0.126666666666667
"4656",0.13
"4657",0.13
"4658",0.128333333333333
"4659",0.13
"4660",0.126666666666667
"4661",0.128333333333333
"4662",0.128333333333333
"4663",0.13
"4664",0.126666666666667
"4665",0.128333333333333
"4666",0.126666666666667
"4667",0.126666666666667
"4668",0.126666666666667
"4669",0.126666666666667
"4670",0.128333333333333
"4671",0.126666666666667
"4672",0.126666666666667
"4673",0.128333333333333
"4674",0.128333333333333
"4675",0.128333333333333
"4676",0.128333333333333
"4677",0.125
"4678",0.126666666666667
"4679",0.128333333333333
"4680",0.125
"4681",0.128333333333333
"4682",0.128333333333333
"4683",0.126666666666667
"4684",0.128333333333333
"4685",0.125
"4686",0.126666666666667
"4687",0.126666666666667
"4688",0.128333333333333
"4689",0.125
"4690",0.126666666666667
"4691",0.125
"4692",0.125
"4693",0.125
"4694",0.125
"4695",0.126666666666667
"4696",0.125
"4697",0.125
"4698",0.126666666666667
"4699",0.126666666666667
"4700",0.126666666666667
"4701",0.116666666666667
"4702",0.113333333333333
"4703",0.115
"4704",0.116666666666667
"4705",0.113333333333333
"4706",0.116666666666667
"4707",0.116666666666667
"4708",0.115
"4709",0.116666666666667
"4710",0.113333333333333
"4711",0.115
"4712",0.115
"4713",0.116666666666667
"4714",0.113333333333333
"4715",0.115
"4716",0.113333333333333
"4717",0.113333333333333
"4718",0.113333333333333
"4719",0.113333333333333
"4720",0.115
"4721",0.113333333333333
"4722",0.113333333333333
"4723",0.115
"4724",0.115
"4725",0.115
"4726",0.116666666666667
"4727",0.113333333333333
"4728",0.115
"4729",0.116666666666667
"4730",0.113333333333333
"4731",0.116666666666667
"4732",0.116666666666667
"4733",0.115
"4734",0.116666666666667
"4735",0.113333333333333
"4736",0.115
"4737",0.115
"4738",0.116666666666667
"4739",0.113333333333333
"4740",0.115
"4741",0.113333333333333
"4742",0.113333333333333
"4743",0.113333333333333
"4744",0.113333333333333
"4745",0.115
"4746",0.113333333333333
"4747",0.113333333333333
"4748",0.115
"4749",0.115
"4750",0.115
"4751",0.126666666666667
"4752",0.123333333333333
"4753",0.125
"4754",0.126666666666667
"4755",0.123333333333333
"4756",0.126666666666667
"4757",0.126666666666667
"4758",0.125
"4759",0.126666666666667
"4760",0.123333333333333
"4761",0.125
"4762",0.125
"4763",0.126666666666667
"4764",0.123333333333333
"4765",0.125
"4766",0.123333333333333
"4767",0.123333333333333
"4768",0.123333333333333
"4769",0.123333333333333
"4770",0.125
"4771",0.123333333333333
"4772",0.123333333333333
"4773",0.125
"4774",0.125
"4775",0.125
"4776",0.128333333333333
"4777",0.125
"4778",0.126666666666667
"4779",0.128333333333333
"4780",0.125
"4781",0.128333333333333
"4782",0.128333333333333
"4783",0.126666666666667
"4784",0.128333333333333
"4785",0.125
"4786",0.126666666666667
"4787",0.126666666666667
"4788",0.128333333333333
"4789",0.125
"4790",0.126666666666667
"4791",0.125
"4792",0.125
"4793",0.125
"4794",0.125
"4795",0.126666666666667
"4796",0.125
"4797",0.125
"4798",0.126666666666667
"4799",0.126666666666667
"4800",0.126666666666667
"4801",0.125
"4802",0.121666666666667
"4803",0.123333333333333
"4804",0.125
"4805",0.121666666666667
"4806",0.125
"4807",0.125
"4808",0.123333333333333
"4809",0.125
"4810",0.121666666666667
"4811",0.123333333333333
"4812",0.123333333333333
"4813",0.125
"4814",0.121666666666667
"4815",0.123333333333333
"4816",0.121666666666667
"4817",0.121666666666667
"4818",0.121666666666667
"4819",0.121666666666667
"4820",0.123333333333333
"4821",0.121666666666667
"4822",0.121666666666667
"4823",0.123333333333333
"4824",0.123333333333333
"4825",0.123333333333333
"4826",0.126666666666667
"4827",0.13
"4828",0.128333333333333
"4829",0.13
"4830",0.128333333333333
"4831",0.126666666666667
"4832",0.126666666666667
"4833",0.128333333333333
"4834",0.126666666666667
"4835",0.128333333333333
"4836",0.128333333333333
"4837",0.128333333333333
"4838",0.126666666666667
"4839",0.13
"4840",0.128333333333333
"4841",0.128333333333333
"4842",0.13
"4843",0.128333333333333
"4844",0.128333333333333
"4845",0.128333333333333
"4846",0.13
"4847",0.128333333333333
"4848",0.128333333333333
"4849",0.128333333333333
"4850",0.128333333333333
"4851",0.126666666666667
"4852",0.13
"4853",0.128333333333333
"4854",0.13
"4855",0.128333333333333
"4856",0.126666666666667
"4857",0.126666666666667
"4858",0.128333333333333
"4859",0.126666666666667
"4860",0.128333333333333
"4861",0.128333333333333
"4862",0.128333333333333
"4863",0.126666666666667
"4864",0.13
"4865",0.128333333333333
"4866",0.128333333333333
"4867",0.13
"4868",0.128333333333333
"4869",0.128333333333333
"4870",0.128333333333333
"4871",0.13
"4872",0.128333333333333
"4873",0.128333333333333
"4874",0.128333333333333
"4875",0.128333333333333
"4876",0.126666666666667
"4877",0.13
"4878",0.128333333333333
"4879",0.13
"4880",0.128333333333333
"4881",0.126666666666667
"4882",0.126666666666667
"4883",0.128333333333333
"4884",0.126666666666667
"4885",0.128333333333333
"4886",0.128333333333333
"4887",0.128333333333333
"4888",0.126666666666667
"4889",0.13
"4890",0.128333333333333
"4891",0.128333333333333
"4892",0.13
"4893",0.128333333333333
"4894",0.128333333333333
"4895",0.128333333333333
"4896",0.13
"4897",0.128333333333333
"4898",0.128333333333333
"4899",0.128333333333333
"4900",0.128333333333333
"4901",0.125
"4902",0.128333333333333
"4903",0.126666666666667
"4904",0.128333333333333
"4905",0.126666666666667
"4906",0.125
"4907",0.125
"4908",0.126666666666667
"4909",0.125
"4910",0.126666666666667
"4911",0.126666666666667
"4912",0.126666666666667
"4913",0.125
"4914",0.128333333333333
"4915",0.126666666666667
"4916",0.126666666666667
"4917",0.128333333333333
"4918",0.126666666666667
"4919",0.126666666666667
"4920",0.126666666666667
"4921",0.128333333333333
"4922",0.126666666666667
"4923",0.126666666666667
"4924",0.126666666666667
"4925",0.126666666666667
"4926",0.126666666666667
"4927",0.13
"4928",0.128333333333333
"4929",0.13
"4930",0.128333333333333
"4931",0.126666666666667
"4932",0.126666666666667
"4933",0.128333333333333
"4934",0.126666666666667
"4935",0.128333333333333
"4936",0.128333333333333
"4937",0.128333333333333
"4938",0.126666666666667
"4939",0.13
"4940",0.128333333333333
"4941",0.128333333333333
"4942",0.13
"4943",0.128333333333333
"4944",0.128333333333333
"4945",0.128333333333333
"4946",0.13
"4947",0.128333333333333
"4948",0.128333333333333
"4949",0.128333333333333
"4950",0.128333333333333
"4951",0.126666666666667
"4952",0.13
"4953",0.128333333333333
"4954",0.13
"4955",0.128333333333333
"4956",0.126666666666667
"4957",0.126666666666667
"4958",0.128333333333333
"4959",0.126666666666667
"4960",0.128333333333333
"4961",0.128333333333333
"4962",0.128333333333333
"4963",0.126666666666667
"4964",0.13
"4965",0.128333333333333
"4966",0.128333333333333
"4967",0.13
"4968",0.128333333333333
"4969",0.128333333333333
"4970",0.128333333333333
"4971",0.13
"4972",0.128333333333333
"4973",0.128333333333333
"4974",0.128333333333333
"4975",0.128333333333333
"4976",0.126666666666667
"4977",0.13
"4978",0.128333333333333
"4979",0.13
"4980",0.128333333333333
"4981",0.126666666666667
"4982",0.126666666666667
"4983",0.128333333333333
"4984",0.126666666666667
"4985",0.128333333333333
"4986",0.128333333333333
"4987",0.128333333333333
"4988",0.126666666666667
"4989",0.13
"4990",0.128333333333333
"4991",0.128333333333333
"4992",0.13
"4993",0.128333333333333
"4994",0.128333333333333
"4995",0.128333333333333
"4996",0.13
"4997",0.128333333333333
"4998",0.128333333333333
"4999",0.128333333333333
"5000",0.128333333333333
"5001",0.143333333333333
"5002",0.146666666666667
"5003",0.145
"5004",0.148333333333333
"5005",0.143333333333333
"5006",0.143333333333333
"5007",0.143333333333333
"5008",0.145
"5009",0.143333333333333
"5010",0.143333333333333
"5011",0.145
"5012",0.145
"5013",0.143333333333333
"5014",0.146666666666667
"5015",0.145
"5016",0.143333333333333
"5017",0.146666666666667
"5018",0.143333333333333
"5019",0.143333333333333
"5020",0.145
"5021",0.146666666666667
"5022",0.143333333333333
"5023",0.145
"5024",0.145
"5025",0.145
"5026",0.143333333333333
"5027",0.146666666666667
"5028",0.145
"5029",0.148333333333333
"5030",0.143333333333333
"5031",0.143333333333333
"5032",0.143333333333333
"5033",0.145
"5034",0.143333333333333
"5035",0.143333333333333
"5036",0.145
"5037",0.145
"5038",0.143333333333333
"5039",0.146666666666667
"5040",0.145
"5041",0.143333333333333
"5042",0.146666666666667
"5043",0.143333333333333
"5044",0.143333333333333
"5045",0.145
"5046",0.146666666666667
"5047",0.143333333333333
"5048",0.145
"5049",0.145
"5050",0.145
"5051",0.141666666666667
"5052",0.145
"5053",0.143333333333333
"5054",0.146666666666667
"5055",0.145
"5056",0.141666666666667
"5057",0.141666666666667
"5058",0.143333333333333
"5059",0.141666666666667
"5060",0.145
"5061",0.143333333333333
"5062",0.143333333333333
"5063",0.141666666666667
"5064",0.145
"5065",0.143333333333333
"5066",0.145
"5067",0.145
"5068",0.145
"5069",0.145
"5070",0.143333333333333
"5071",0.145
"5072",0.145
"5073",0.143333333333333
"5074",0.143333333333333
"5075",0.143333333333333
"5076",0.135
"5077",0.135
"5078",0.133333333333333
"5079",0.131666666666667
"5080",0.131666666666667
"5081",0.135
"5082",0.135
"5083",0.133333333333333
"5084",0.135
"5085",0.131666666666667
"5086",0.133333333333333
"5087",0.133333333333333
"5088",0.135
"5089",0.135
"5090",0.133333333333333
"5091",0.131666666666667
"5092",0.135
"5093",0.131666666666667
"5094",0.131666666666667
"5095",0.133333333333333
"5096",0.135
"5097",0.131666666666667
"5098",0.133333333333333
"5099",0.133333333333333
"5100",0.133333333333333
"5101",0.135
"5102",0.138333333333333
"5103",0.136666666666667
"5104",0.14
"5105",0.138333333333333
"5106",0.135
"5107",0.135
"5108",0.136666666666667
"5109",0.135
"5110",0.138333333333333
"5111",0.136666666666667
"5112",0.136666666666667
"5113",0.135
"5114",0.138333333333333
"5115",0.136666666666667
"5116",0.138333333333333
"5117",0.138333333333333
"5118",0.138333333333333
"5119",0.138333333333333
"5120",0.136666666666667
"5121",0.138333333333333
"5122",0.138333333333333
"5123",0.136666666666667
"5124",0.136666666666667
"5125",0.136666666666667
"5126",0.131666666666667
"5127",0.135
"5128",0.133333333333333
"5129",0.136666666666667
"5130",0.135
"5131",0.131666666666667
"5132",0.131666666666667
"5133",0.133333333333333
"5134",0.131666666666667
"5135",0.135
"5136",0.133333333333333
"5137",0.133333333333333
"5138",0.131666666666667
"5139",0.135
"5140",0.133333333333333
"5141",0.135
"5142",0.135
"5143",0.135
"5144",0.135
"5145",0.133333333333333
"5146",0.135
"5147",0.135
"5148",0.133333333333333
"5149",0.133333333333333
"5150",0.133333333333333
"5151",0.136666666666667
"5152",0.14
"5153",0.138333333333333
"5154",0.141666666666667
"5155",0.14
"5156",0.136666666666667
"5157",0.136666666666667
"5158",0.138333333333333
"5159",0.136666666666667
"5160",0.14
"5161",0.138333333333333
"5162",0.138333333333333
"5163",0.136666666666667
"5164",0.14
"5165",0.138333333333333
"5166",0.14
"5167",0.14
"5168",0.14
"5169",0.14
"5170",0.138333333333333
"5171",0.14
"5172",0.14
"5173",0.138333333333333
"5174",0.138333333333333
"5175",0.138333333333333
"5176",0.135
"5177",0.138333333333333
"5178",0.136666666666667
"5179",0.14
"5180",0.138333333333333
"5181",0.135
"5182",0.135
"5183",0.136666666666667
"5184",0.135
"5185",0.138333333333333
"5186",0.136666666666667
"5187",0.136666666666667
"5188",0.135
"5189",0.138333333333333
"5190",0.136666666666667
"5191",0.138333333333333
"5192",0.138333333333333
"5193",0.138333333333333
"5194",0.138333333333333
"5195",0.136666666666667
"5196",0.138333333333333
"5197",0.138333333333333
"5198",0.136666666666667
"5199",0.136666666666667
"5200",0.136666666666667
"5201",0.135
"5202",0.138333333333333
"5203",0.136666666666667
"5204",0.14
"5205",0.138333333333333
"5206",0.135
"5207",0.135
"5208",0.136666666666667
"5209",0.135
"5210",0.138333333333333
"5211",0.136666666666667
"5212",0.136666666666667
"5213",0.135
"5214",0.138333333333333
"5215",0.136666666666667
"5216",0.138333333333333
"5217",0.138333333333333
"5218",0.138333333333333
"5219",0.138333333333333
"5220",0.136666666666667
"5221",0.138333333333333
"5222",0.138333333333333
"5223",0.136666666666667
"5224",0.136666666666667
"5225",0.136666666666667
"5226",0.135
"5227",0.138333333333333
"5228",0.136666666666667
"5229",0.14
"5230",0.138333333333333
"5231",0.135
"5232",0.135
"5233",0.136666666666667
"5234",0.135
"5235",0.138333333333333
"5236",0.136666666666667
"5237",0.136666666666667
"5238",0.135
"5239",0.138333333333333
"5240",0.136666666666667
"5241",0.138333333333333
"5242",0.138333333333333
"5243",0.138333333333333
"5244",0.138333333333333
"5245",0.136666666666667
"5246",0.138333333333333
"5247",0.138333333333333
"5248",0.136666666666667
"5249",0.136666666666667
"5250",0.136666666666667
"5251",0.135
"5252",0.138333333333333
"5253",0.136666666666667
"5254",0.14
"5255",0.138333333333333
"5256",0.135
"5257",0.135
"5258",0.136666666666667
"5259",0.135
"5260",0.138333333333333
"5261",0.136666666666667
"5262",0.136666666666667
"5263",0.135
"5264",0.138333333333333
"5265",0.136666666666667
"5266",0.138333333333333
"5267",0.138333333333333
"5268",0.138333333333333
"5269",0.138333333333333
"5270",0.136666666666667
"5271",0.138333333333333
"5272",0.138333333333333
"5273",0.136666666666667
"5274",0.136666666666667
"5275",0.136666666666667
"5276",0.136666666666667
"5277",0.14
"5278",0.138333333333333
"5279",0.141666666666667
"5280",0.14
"5281",0.136666666666667
"5282",0.136666666666667
"5283",0.138333333333333
"5284",0.136666666666667
"5285",0.14
"5286",0.138333333333333
"5287",0.138333333333333
"5288",0.136666666666667
"5289",0.14
"5290",0.138333333333333
"5291",0.14
"5292",0.14
"5293",0.14
"5294",0.14
"5295",0.138333333333333
"5296",0.14
"5297",0.14
"5298",0.138333333333333
"5299",0.138333333333333
"5300",0.138333333333333
"5301",0.136666666666667
"5302",0.14
"5303",0.138333333333333
"5304",0.141666666666667
"5305",0.14
"5306",0.136666666666667
"5307",0.136666666666667
"5308",0.138333333333333
"5309",0.136666666666667
"5310",0.14
"5311",0.138333333333333
"5312",0.138333333333333
"5313",0.136666666666667
"5314",0.14
"5315",0.138333333333333
"5316",0.14
"5317",0.14
"5318",0.14
"5319",0.14
"5320",0.138333333333333
"5321",0.14
"5322",0.14
"5323",0.138333333333333
"5324",0.138333333333333
"5325",0.138333333333333
"5326",0.135
"5327",0.138333333333333
"5328",0.136666666666667
"5329",0.14
"5330",0.138333333333333
"5331",0.135
"5332",0.135
"5333",0.136666666666667
"5334",0.135
"5335",0.138333333333333
"5336",0.136666666666667
"5337",0.136666666666667
"5338",0.135
"5339",0.138333333333333
"5340",0.136666666666667
"5341",0.138333333333333
"5342",0.138333333333333
"5343",0.138333333333333
"5344",0.138333333333333
"5345",0.136666666666667
"5346",0.138333333333333
"5347",0.138333333333333
"5348",0.136666666666667
"5349",0.136666666666667
"5350",0.136666666666667
"5351",0.133333333333333
"5352",0.136666666666667
"5353",0.135
"5354",0.138333333333333
"5355",0.136666666666667
"5356",0.133333333333333
"5357",0.133333333333333
"5358",0.135
"5359",0.133333333333333
"5360",0.136666666666667
"5361",0.135
"5362",0.135
"5363",0.133333333333333
"5364",0.136666666666667
"5365",0.135
"5366",0.136666666666667
"5367",0.136666666666667
"5368",0.136666666666667
"5369",0.136666666666667
"5370",0.135
"5371",0.136666666666667
"5372",0.136666666666667
"5373",0.135
"5374",0.135
"5375",0.135
"5376",0.133333333333333
"5377",0.136666666666667
"5378",0.135
"5379",0.138333333333333
"5380",0.136666666666667
"5381",0.133333333333333
"5382",0.133333333333333
"5383",0.135
"5384",0.133333333333333
"5385",0.136666666666667
"5386",0.135
"5387",0.135
"5388",0.133333333333333
"5389",0.136666666666667
"5390",0.135
"5391",0.136666666666667
"5392",0.136666666666667
"5393",0.136666666666667
"5394",0.136666666666667
"5395",0.135
"5396",0.136666666666667
"5397",0.136666666666667
"5398",0.135
"5399",0.135
"5400",0.135
"5401",0.125
"5402",0.121666666666667
"5403",0.123333333333333
"5404",0.118333333333333
"5405",0.118333333333333
"5406",0.125
"5407",0.125
"5408",0.123333333333333
"5409",0.125
"5410",0.118333333333333
"5411",0.123333333333333
"5412",0.123333333333333
"5413",0.125
"5414",0.121666666666667
"5415",0.123333333333333
"5416",0.118333333333333
"5417",0.121666666666667
"5418",0.118333333333333
"5419",0.118333333333333
"5420",0.123333333333333
"5421",0.121666666666667
"5422",0.118333333333333
"5423",0.123333333333333
"5424",0.123333333333333
"5425",0.123333333333333
"5426",0.125
"5427",0.121666666666667
"5428",0.123333333333333
"5429",0.118333333333333
"5430",0.118333333333333
"5431",0.125
"5432",0.125
"5433",0.123333333333333
"5434",0.125
"5435",0.118333333333333
"5436",0.123333333333333
"5437",0.123333333333333
"5438",0.125
"5439",0.121666666666667
"5440",0.123333333333333
"5441",0.118333333333333
"5442",0.121666666666667
"5443",0.118333333333333
"5444",0.118333333333333
"5445",0.123333333333333
"5446",0.121666666666667
"5447",0.118333333333333
"5448",0.123333333333333
"5449",0.123333333333333
"5450",0.123333333333333
"5451",0.125
"5452",0.121666666666667
"5453",0.123333333333333
"5454",0.118333333333333
"5455",0.118333333333333
"5456",0.125
"5457",0.125
"5458",0.123333333333333
"5459",0.125
"5460",0.118333333333333
"5461",0.123333333333333
"5462",0.123333333333333
"5463",0.125
"5464",0.121666666666667
"5465",0.123333333333333
"5466",0.118333333333333
"5467",0.121666666666667
"5468",0.118333333333333
"5469",0.118333333333333
"5470",0.123333333333333
"5471",0.121666666666667
"5472",0.118333333333333
"5473",0.123333333333333
"5474",0.123333333333333
"5475",0.123333333333333
"5476",0.131666666666667
"5477",0.131666666666667
"5478",0.13
"5479",0.131666666666667
"5480",0.13
"5481",0.131666666666667
"5482",0.131666666666667
"5483",0.13
"5484",0.131666666666667
"5485",0.13
"5486",0.13
"5487",0.13
"5488",0.131666666666667
"5489",0.131666666666667
"5490",0.13
"5491",0.13
"5492",0.131666666666667
"5493",0.13
"5494",0.13
"5495",0.13
"5496",0.131666666666667
"5497",0.13
"5498",0.13
"5499",0.13
"5500",0.13
"5501",0.131666666666667
"5502",0.131666666666667
"5503",0.13
"5504",0.131666666666667
"5505",0.13
"5506",0.131666666666667
"5507",0.131666666666667
"5508",0.13
"5509",0.131666666666667
"5510",0.13
"5511",0.13
"5512",0.13
"5513",0.131666666666667
"5514",0.131666666666667
"5515",0.13
"5516",0.13
"5517",0.131666666666667
"5518",0.13
"5519",0.13
"5520",0.13
"5521",0.131666666666667
"5522",0.13
"5523",0.13
"5524",0.13
"5525",0.13
"5526",0.13
"5527",0.13
"5528",0.128333333333333
"5529",0.13
"5530",0.128333333333333
"5531",0.13
"5532",0.13
"5533",0.128333333333333
"5534",0.13
"5535",0.128333333333333
"5536",0.128333333333333
"5537",0.128333333333333
"5538",0.13
"5539",0.13
"5540",0.128333333333333
"5541",0.128333333333333
"5542",0.13
"5543",0.128333333333333
"5544",0.128333333333333
"5545",0.128333333333333
"5546",0.13
"5547",0.128333333333333
"5548",0.128333333333333
"5549",0.128333333333333
"5550",0.128333333333333
"5551",0.116666666666667
"5552",0.12
"5553",0.118333333333333
"5554",0.12
"5555",0.116666666666667
"5556",0.116666666666667
"5557",0.116666666666667
"5558",0.118333333333333
"5559",0.116666666666667
"5560",0.116666666666667
"5561",0.118333333333333
"5562",0.118333333333333
"5563",0.116666666666667
"5564",0.12
"5565",0.118333333333333
"5566",0.116666666666667
"5567",0.12
"5568",0.116666666666667
"5569",0.116666666666667
"5570",0.118333333333333
"5571",0.12
"5572",0.116666666666667
"5573",0.118333333333333
"5574",0.118333333333333
"5575",0.118333333333333
"5576",0.116666666666667
"5577",0.12
"5578",0.118333333333333
"5579",0.12
"5580",0.116666666666667
"5581",0.116666666666667
"5582",0.116666666666667
"5583",0.118333333333333
"5584",0.116666666666667
"5585",0.116666666666667
"5586",0.118333333333333
"5587",0.118333333333333
"5588",0.116666666666667
"5589",0.12
"5590",0.118333333333333
"5591",0.116666666666667
"5592",0.12
"5593",0.116666666666667
"5594",0.116666666666667
"5595",0.118333333333333
"5596",0.12
"5597",0.116666666666667
"5598",0.118333333333333
"5599",0.118333333333333
"5600",0.118333333333333
"5601",0.116666666666667
"5602",0.12
"5603",0.118333333333333
"5604",0.12
"5605",0.116666666666667
"5606",0.116666666666667
"5607",0.116666666666667
"5608",0.118333333333333
"5609",0.116666666666667
"5610",0.116666666666667
"5611",0.118333333333333
"5612",0.118333333333333
"5613",0.116666666666667
"5614",0.12
"5615",0.118333333333333
"5616",0.116666666666667
"5617",0.12
"5618",0.116666666666667
"5619",0.116666666666667
"5620",0.118333333333333
"5621",0.12
"5622",0.116666666666667
"5623",0.118333333333333
"5624",0.118333333333333
"5625",0.118333333333333
"5626",0.131666666666667
"5627",0.131666666666667
"5628",0.13
"5629",0.128333333333333
"5630",0.128333333333333
"5631",0.131666666666667
"5632",0.131666666666667
"5633",0.13
"5634",0.131666666666667
"5635",0.128333333333333
"5636",0.13
"5637",0.13
"5638",0.131666666666667
"5639",0.131666666666667
"5640",0.13
"5641",0.128333333333333
"5642",0.131666666666667
"5643",0.128333333333333
"5644",0.128333333333333
"5645",0.13
"5646",0.131666666666667
"5647",0.128333333333333
"5648",0.13
"5649",0.13
"5650",0.13
"5651",0.131666666666667
"5652",0.131666666666667
"5653",0.13
"5654",0.128333333333333
"5655",0.128333333333333
"5656",0.131666666666667
"5657",0.131666666666667
"5658",0.13
"5659",0.131666666666667
"5660",0.128333333333333
"5661",0.13
"5662",0.13
"5663",0.131666666666667
"5664",0.131666666666667
"5665",0.13
"5666",0.128333333333333
"5667",0.131666666666667
"5668",0.128333333333333
"5669",0.128333333333333
"5670",0.13
"5671",0.131666666666667
"5672",0.128333333333333
"5673",0.13
"5674",0.13
"5675",0.13
"5676",0.143333333333333
"5677",0.143333333333333
"5678",0.141666666666667
"5679",0.146666666666667
"5680",0.145
"5681",0.143333333333333
"5682",0.143333333333333
"5683",0.141666666666667
"5684",0.143333333333333
"5685",0.145
"5686",0.141666666666667
"5687",0.141666666666667
"5688",0.143333333333333
"5689",0.143333333333333
"5690",0.141666666666667
"5691",0.145
"5692",0.143333333333333
"5693",0.145
"5694",0.145
"5695",0.141666666666667
"5696",0.143333333333333
"5697",0.145
"5698",0.141666666666667
"5699",0.141666666666667
"5700",0.141666666666667
"5701",0.143333333333333
"5702",0.143333333333333
"5703",0.141666666666667
"5704",0.146666666666667
"5705",0.145
"5706",0.143333333333333
"5707",0.143333333333333
"5708",0.141666666666667
"5709",0.143333333333333
"5710",0.145
"5711",0.141666666666667
"5712",0.141666666666667
"5713",0.143333333333333
"5714",0.143333333333333
"5715",0.141666666666667
"5716",0.145
"5717",0.143333333333333
"5718",0.145
"5719",0.145
"5720",0.141666666666667
"5721",0.143333333333333
"5722",0.145
"5723",0.141666666666667
"5724",0.141666666666667
"5725",0.141666666666667
"5726",0.143333333333333
"5727",0.143333333333333
"5728",0.141666666666667
"5729",0.146666666666667
"5730",0.145
"5731",0.143333333333333
"5732",0.143333333333333
"5733",0.141666666666667
"5734",0.143333333333333
"5735",0.145
"5736",0.141666666666667
"5737",0.141666666666667
"5738",0.143333333333333
"5739",0.143333333333333
"5740",0.141666666666667
"5741",0.145
"5742",0.143333333333333
"5743",0.145
"5744",0.145
"5745",0.141666666666667
"5746",0.143333333333333
"5747",0.145
"5748",0.141666666666667
"5749",0.141666666666667
"5750",0.141666666666667
"5751",0.143333333333333
"5752",0.143333333333333
"5753",0.141666666666667
"5754",0.146666666666667
"5755",0.145
"5756",0.143333333333333
"5757",0.143333333333333
"5758",0.141666666666667
"5759",0.143333333333333
"5760",0.145
"5761",0.141666666666667
"5762",0.141666666666667
"5763",0.143333333333333
"5764",0.143333333333333
"5765",0.141666666666667
"5766",0.145
"5767",0.143333333333333
"5768",0.145
"5769",0.145
"5770",0.141666666666667
"5771",0.143333333333333
"5772",0.145
"5773",0.141666666666667
"5774",0.141666666666667
"5775",0.141666666666667
"5776",0.14
"5777",0.143333333333333
"5778",0.141666666666667
"5779",0.145
"5780",0.14
"5781",0.14
"5782",0.14
"5783",0.141666666666667
"5784",0.14
"5785",0.14
"5786",0.141666666666667
"5787",0.141666666666667
"5788",0.14
"5789",0.143333333333333
"5790",0.141666666666667
"5791",0.14
"5792",0.143333333333333
"5793",0.14
"5794",0.14
"5795",0.141666666666667
"5796",0.143333333333333
"5797",0.14
"5798",0.141666666666667
"5799",0.141666666666667
"5800",0.141666666666667
"5801",0.138333333333333
"5802",0.141666666666667
"5803",0.14
"5804",0.143333333333333
"5805",0.141666666666667
"5806",0.138333333333333
"5807",0.138333333333333
"5808",0.14
"5809",0.138333333333333
"5810",0.141666666666667
"5811",0.14
"5812",0.14
"5813",0.138333333333333
"5814",0.141666666666667
"5815",0.14
"5816",0.141666666666667
"5817",0.141666666666667
"5818",0.141666666666667
"5819",0.141666666666667
"5820",0.14
"5821",0.141666666666667
"5822",0.141666666666667
"5823",0.14
"5824",0.14
"5825",0.14
"5826",0.0916666666666667
"5827",0.0916666666666667
"5828",0.09
"5829",0.0933333333333333
"5830",0.095
"5831",0.0916666666666667
"5832",0.0916666666666667
"5833",0.09
"5834",0.0916666666666667
"5835",0.095
"5836",0.09
"5837",0.09
"5838",0.0916666666666667
"5839",0.0916666666666667
"5840",0.09
"5841",0.095
"5842",0.0916666666666667
"5843",0.095
"5844",0.095
"5845",0.09
"5846",0.0916666666666667
"5847",0.095
"5848",0.09
"5849",0.09
"5850",0.09
"5851",0.0983333333333333
"5852",0.0983333333333333
"5853",0.0966666666666667
"5854",0.1
"5855",0.101666666666667
"5856",0.0983333333333333
"5857",0.0983333333333333
"5858",0.0966666666666667
"5859",0.0983333333333333
"5860",0.101666666666667
"5861",0.0966666666666667
"5862",0.0966666666666667
"5863",0.0983333333333333
"5864",0.0983333333333333
"5865",0.0966666666666667
"5866",0.101666666666667
"5867",0.0983333333333333
"5868",0.101666666666667
"5869",0.101666666666667
"5870",0.0966666666666667
"5871",0.0983333333333333
"5872",0.101666666666667
"5873",0.0966666666666667
"5874",0.0966666666666667
"5875",0.0966666666666667
"5876",0.0916666666666667
"5877",0.0916666666666667
"5878",0.09
"5879",0.0933333333333333
"5880",0.095
"5881",0.0916666666666667
"5882",0.0916666666666667
"5883",0.09
"5884",0.0916666666666667
"5885",0.095
"5886",0.09
"5887",0.09
"5888",0.0916666666666667
"5889",0.0916666666666667
"5890",0.09
"5891",0.095
"5892",0.0916666666666667
"5893",0.095
"5894",0.095
"5895",0.09
"5896",0.0916666666666667
"5897",0.095
"5898",0.09
"5899",0.09
"5900",0.09
"5901",0.0966666666666667
"5902",0.1
"5903",0.0983333333333333
"5904",0.101666666666667
"5905",0.103333333333333
"5906",0.0966666666666667
"5907",0.0966666666666667
"5908",0.0983333333333333
"5909",0.0966666666666667
"5910",0.103333333333333
"5911",0.0983333333333333
"5912",0.0983333333333333
"5913",0.0966666666666667
"5914",0.1
"5915",0.0983333333333333
"5916",0.103333333333333
"5917",0.1
"5918",0.103333333333333
"5919",0.103333333333333
"5920",0.0983333333333333
"5921",0.1
"5922",0.103333333333333
"5923",0.0983333333333333
"5924",0.0983333333333333
"5925",0.0983333333333333
"5926",0.0983333333333333
"5927",0.0983333333333333
"5928",0.0966666666666667
"5929",0.1
"5930",0.101666666666667
"5931",0.0983333333333333
"5932",0.0983333333333333
"5933",0.0966666666666667
"5934",0.0983333333333333
"5935",0.101666666666667
"5936",0.0966666666666667
"5937",0.0966666666666667
"5938",0.0983333333333333
"5939",0.0983333333333333
"5940",0.0966666666666667
"5941",0.101666666666667
"5942",0.0983333333333333
"5943",0.101666666666667
"5944",0.101666666666667
"5945",0.0966666666666667
"5946",0.0983333333333333
"5947",0.101666666666667
"5948",0.0966666666666667
"5949",0.0966666666666667
"5950",0.0966666666666667
"5951",0.0966666666666667
"5952",0.1
"5953",0.0983333333333333
"5954",0.101666666666667
"5955",0.103333333333333
"5956",0.0966666666666667
"5957",0.0966666666666667
"5958",0.0983333333333333
"5959",0.0966666666666667
"5960",0.103333333333333
"5961",0.0983333333333333
"5962",0.0983333333333333
"5963",0.0966666666666667
"5964",0.1
"5965",0.0983333333333333
"5966",0.103333333333333
"5967",0.1
"5968",0.103333333333333
"5969",0.103333333333333
"5970",0.0983333333333333
"5971",0.1
"5972",0.103333333333333
"5973",0.0983333333333333
"5974",0.0983333333333333
"5975",0.0983333333333333
"5976",0.0983333333333333
"5977",0.0983333333333333
"5978",0.0966666666666667
"5979",0.1
"5980",0.101666666666667
"5981",0.0983333333333333
"5982",0.0983333333333333
"5983",0.0966666666666667
"5984",0.0983333333333333
"5985",0.101666666666667
"5986",0.0966666666666667
"5987",0.0966666666666667
"5988",0.0983333333333333
"5989",0.0983333333333333
"5990",0.0966666666666667
"5991",0.101666666666667
"5992",0.0983333333333333
"5993",0.101666666666667
"5994",0.101666666666667
"5995",0.0966666666666667
"5996",0.0983333333333333
"5997",0.101666666666667
"5998",0.0966666666666667
"5999",0.0966666666666667
"6000",0.0966666666666667
"6001",0.0983333333333333
"6002",0.101666666666667
"6003",0.1
"6004",0.103333333333333
"6005",0.105
"6006",0.0983333333333333
"6007",0.0983333333333333
"6008",0.1
"6009",0.0983333333333333
"6010",0.105
"6011",0.1
"6012",0.1
"6013",0.0983333333333333
"6014",0.101666666666667
"6015",0.1
"6016",0.105
"6017",0.101666666666667
"6018",0.105
"6019",0.105
"6020",0.1
"6021",0.101666666666667
"6022",0.105
"6023",0.1
"6024",0.1
"6025",0.1
"6026",0.105
"6027",0.108333333333333
"6028",0.106666666666667
"6029",0.108333333333333
"6030",0.105
"6031",0.105
"6032",0.105
"6033",0.106666666666667
"6034",0.105
"6035",0.105
"6036",0.106666666666667
"6037",0.106666666666667
"6038",0.105
"6039",0.108333333333333
"6040",0.106666666666667
"6041",0.105
"6042",0.108333333333333
"6043",0.105
"6044",0.105
"6045",0.106666666666667
"6046",0.108333333333333
"6047",0.105
"6048",0.106666666666667
"6049",0.106666666666667
"6050",0.106666666666667
"6051",0.106666666666667
"6052",0.11
"6053",0.108333333333333
"6054",0.11
"6055",0.106666666666667
"6056",0.106666666666667
"6057",0.106666666666667
"6058",0.108333333333333
"6059",0.106666666666667
"6060",0.106666666666667
"6061",0.108333333333333
"6062",0.108333333333333
"6063",0.106666666666667
"6064",0.11
"6065",0.108333333333333
"6066",0.106666666666667
"6067",0.11
"6068",0.106666666666667
"6069",0.106666666666667
"6070",0.108333333333333
"6071",0.11
"6072",0.106666666666667
"6073",0.108333333333333
"6074",0.108333333333333
"6075",0.108333333333333
"6076",0.106666666666667
"6077",0.11
"6078",0.108333333333333
"6079",0.11
"6080",0.106666666666667
"6081",0.106666666666667
"6082",0.106666666666667
"6083",0.108333333333333
"6084",0.106666666666667
"6085",0.106666666666667
"6086",0.108333333333333
"6087",0.108333333333333
"6088",0.106666666666667
"6089",0.11
"6090",0.108333333333333
"6091",0.106666666666667
"6092",0.11
"6093",0.106666666666667
"6094",0.106666666666667
"6095",0.108333333333333
"6096",0.11
"6097",0.106666666666667
"6098",0.108333333333333
"6099",0.108333333333333
"6100",0.108333333333333
"6101",0.128333333333333
"6102",0.128333333333333
"6103",0.126666666666667
"6104",0.128333333333333
"6105",0.125
"6106",0.128333333333333
"6107",0.128333333333333
"6108",0.126666666666667
"6109",0.128333333333333
"6110",0.125
"6111",0.126666666666667
"6112",0.126666666666667
"6113",0.128333333333333
"6114",0.128333333333333
"6115",0.126666666666667
"6116",0.125
"6117",0.128333333333333
"6118",0.125
"6119",0.125
"6120",0.126666666666667
"6121",0.128333333333333
"6122",0.125
"6123",0.126666666666667
"6124",0.126666666666667
"6125",0.126666666666667
"6126",0.128333333333333
"6127",0.128333333333333
"6128",0.126666666666667
"6129",0.128333333333333
"6130",0.125
"6131",0.128333333333333
"6132",0.128333333333333
"6133",0.126666666666667
"6134",0.128333333333333
"6135",0.125
"6136",0.126666666666667
"6137",0.126666666666667
"6138",0.128333333333333
"6139",0.128333333333333
"6140",0.126666666666667
"6141",0.125
"6142",0.128333333333333
"6143",0.125
"6144",0.125
"6145",0.126666666666667
"6146",0.128333333333333
"6147",0.125
"6148",0.126666666666667
"6149",0.126666666666667
"6150",0.126666666666667
"6151",0.128333333333333
"6152",0.128333333333333
"6153",0.126666666666667
"6154",0.128333333333333
"6155",0.125
"6156",0.128333333333333
"6157",0.128333333333333
"6158",0.126666666666667
"6159",0.128333333333333
"6160",0.125
"6161",0.126666666666667
"6162",0.126666666666667
"6163",0.128333333333333
"6164",0.128333333333333
"6165",0.126666666666667
"6166",0.125
"6167",0.128333333333333
"6168",0.125
"6169",0.125
"6170",0.126666666666667
"6171",0.128333333333333
"6172",0.125
"6173",0.126666666666667
"6174",0.126666666666667
"6175",0.126666666666667
"6176",0.13
"6177",0.13
"6178",0.128333333333333
"6179",0.13
"6180",0.126666666666667
"6181",0.13
"6182",0.13
"6183",0.128333333333333
"6184",0.13
"6185",0.126666666666667
"6186",0.128333333333333
"6187",0.128333333333333
"6188",0.13
"6189",0.13
"6190",0.128333333333333
"6191",0.126666666666667
"6192",0.13
"6193",0.126666666666667
"6194",0.126666666666667
"6195",0.128333333333333
"6196",0.13
"6197",0.126666666666667
"6198",0.128333333333333
"6199",0.128333333333333
"6200",0.128333333333333
"6201",0.128333333333333
"6202",0.128333333333333
"6203",0.126666666666667
"6204",0.128333333333333
"6205",0.125
"6206",0.128333333333333
"6207",0.128333333333333
"6208",0.126666666666667
"6209",0.128333333333333
"6210",0.125
"6211",0.126666666666667
"6212",0.126666666666667
"6213",0.128333333333333
"6214",0.128333333333333
"6215",0.126666666666667
"6216",0.125
"6217",0.128333333333333
"6218",0.125
"6219",0.125
"6220",0.126666666666667
"6221",0.128333333333333
"6222",0.125
"6223",0.126666666666667
"6224",0.126666666666667
"6225",0.126666666666667
"6226",0.13
"6227",0.13
"6228",0.128333333333333
"6229",0.13
"6230",0.126666666666667
"6231",0.13
"6232",0.13
"6233",0.128333333333333
"6234",0.13
"6235",0.126666666666667
"6236",0.128333333333333
"6237",0.128333333333333
"6238",0.13
"6239",0.13
"6240",0.128333333333333
"6241",0.126666666666667
"6242",0.13
"6243",0.126666666666667
"6244",0.126666666666667
"6245",0.128333333333333
"6246",0.13
"6247",0.126666666666667
"6248",0.128333333333333
"6249",0.128333333333333
"6250",0.128333333333333
"6251",0.128333333333333
"6252",0.128333333333333
"6253",0.126666666666667
"6254",0.128333333333333
"6255",0.128333333333333
"6256",0.128333333333333
"6257",0.128333333333333
"6258",0.126666666666667
"6259",0.128333333333333
"6260",0.128333333333333
"6261",0.126666666666667
"6262",0.126666666666667
"6263",0.128333333333333
"6264",0.128333333333333
"6265",0.126666666666667
"6266",0.128333333333333
"6267",0.128333333333333
"6268",0.128333333333333
"6269",0.128333333333333
"6270",0.126666666666667
"6271",0.128333333333333
"6272",0.128333333333333
"6273",0.126666666666667
"6274",0.126666666666667
"6275",0.126666666666667
"6276",0.128333333333333
"6277",0.128333333333333
"6278",0.126666666666667
"6279",0.128333333333333
"6280",0.125
"6281",0.128333333333333
"6282",0.128333333333333
"6283",0.126666666666667
"6284",0.128333333333333
"6285",0.125
"6286",0.126666666666667
"6287",0.126666666666667
"6288",0.128333333333333
"6289",0.128333333333333
"6290",0.126666666666667
"6291",0.125
"6292",0.128333333333333
"6293",0.125
"6294",0.125
"6295",0.126666666666667
"6296",0.128333333333333
"6297",0.125
"6298",0.126666666666667
"6299",0.126666666666667
"6300",0.126666666666667
"6301",0.128333333333333
"6302",0.128333333333333
"6303",0.126666666666667
"6304",0.128333333333333
"6305",0.125
"6306",0.128333333333333
"6307",0.128333333333333
"6308",0.126666666666667
"6309",0.128333333333333
"6310",0.125
"6311",0.126666666666667
"6312",0.126666666666667
"6313",0.128333333333333
"6314",0.128333333333333
"6315",0.126666666666667
"6316",0.125
"6317",0.128333333333333
"6318",0.125
"6319",0.125
"6320",0.126666666666667
"6321",0.128333333333333
"6322",0.125
"6323",0.126666666666667
"6324",0.126666666666667
"6325",0.126666666666667
"6326",0.128333333333333
"6327",0.128333333333333
"6328",0.126666666666667
"6329",0.128333333333333
"6330",0.125
"6331",0.128333333333333
"6332",0.128333333333333
"6333",0.126666666666667
"6334",0.128333333333333
"6335",0.125
"6336",0.126666666666667
"6337",0.126666666666667
"6338",0.128333333333333
"6339",0.128333333333333
"6340",0.126666666666667
"6341",0.125
"6342",0.128333333333333
"6343",0.125
"6344",0.125
"6345",0.126666666666667
"6346",0.128333333333333
"6347",0.125
"6348",0.126666666666667
"6349",0.126666666666667
"6350",0.126666666666667
"6351",0.128333333333333
"6352",0.128333333333333
"6353",0.126666666666667
"6354",0.128333333333333
"6355",0.125
"6356",0.128333333333333
"6357",0.128333333333333
"6358",0.126666666666667
"6359",0.128333333333333
"6360",0.125
"6361",0.126666666666667
"6362",0.126666666666667
"6363",0.128333333333333
"6364",0.128333333333333
"6365",0.126666666666667
"6366",0.125
"6367",0.128333333333333
"6368",0.125
"6369",0.125
"6370",0.126666666666667
"6371",0.128333333333333
"6372",0.125
"6373",0.126666666666667
"6374",0.126666666666667
"6375",0.126666666666667
"6376",0.128333333333333
"6377",0.128333333333333
"6378",0.126666666666667
"6379",0.128333333333333
"6380",0.128333333333333
"6381",0.128333333333333
"6382",0.128333333333333
"6383",0.126666666666667
"6384",0.128333333333333
"6385",0.128333333333333
"6386",0.126666666666667
"6387",0.126666666666667
"6388",0.128333333333333
"6389",0.128333333333333
"6390",0.126666666666667
"6391",0.128333333333333
"6392",0.128333333333333
"6393",0.128333333333333
"6394",0.128333333333333
"6395",0.126666666666667
"6396",0.128333333333333
"6397",0.128333333333333
"6398",0.126666666666667
"6399",0.126666666666667
"6400",0.126666666666667
"6401",0.128333333333333
"6402",0.128333333333333
"6403",0.126666666666667
"6404",0.128333333333333
"6405",0.128333333333333
"6406",0.128333333333333
"6407",0.128333333333333
"6408",0.126666666666667
"6409",0.128333333333333
"6410",0.128333333333333
"6411",0.126666666666667
"6412",0.126666666666667
"6413",0.128333333333333
"6414",0.128333333333333
"6415",0.126666666666667
"6416",0.128333333333333
"6417",0.128333333333333
"6418",0.128333333333333
"6419",0.128333333333333
"6420",0.126666666666667
"6421",0.128333333333333
"6422",0.128333333333333
"6423",0.126666666666667
"6424",0.126666666666667
"6425",0.126666666666667
"6426",0.128333333333333
"6427",0.128333333333333
"6428",0.126666666666667
"6429",0.128333333333333
"6430",0.125
"6431",0.128333333333333
"6432",0.128333333333333
"6433",0.126666666666667
"6434",0.128333333333333
"6435",0.125
"6436",0.126666666666667
"6437",0.126666666666667
"6438",0.128333333333333
"6439",0.128333333333333
"6440",0.126666666666667
"6441",0.125
"6442",0.128333333333333
"6443",0.125
"6444",0.125
"6445",0.126666666666667
"6446",0.128333333333333
"6447",0.125
"6448",0.126666666666667
"6449",0.126666666666667
"6450",0.126666666666667
"6451",0.128333333333333
"6452",0.128333333333333
"6453",0.126666666666667
"6454",0.128333333333333
"6455",0.125
"6456",0.128333333333333
"6457",0.128333333333333
"6458",0.126666666666667
"6459",0.128333333333333
"6460",0.125
"6461",0.126666666666667
"6462",0.126666666666667
"6463",0.128333333333333
"6464",0.128333333333333
"6465",0.126666666666667
"6466",0.125
"6467",0.128333333333333
"6468",0.125
"6469",0.125
"6470",0.126666666666667
"6471",0.128333333333333
"6472",0.125
"6473",0.126666666666667
"6474",0.126666666666667
"6475",0.126666666666667
"6476",0.13
"6477",0.13
"6478",0.128333333333333
"6479",0.13
"6480",0.126666666666667
"6481",0.13
"6482",0.13
"6483",0.128333333333333
"6484",0.13
"6485",0.126666666666667
"6486",0.128333333333333
"6487",0.128333333333333
"6488",0.13
"6489",0.13
"6490",0.128333333333333
"6491",0.126666666666667
"6492",0.13
"6493",0.126666666666667
"6494",0.126666666666667
"6495",0.128333333333333
"6496",0.13
"6497",0.126666666666667
"6498",0.128333333333333
"6499",0.128333333333333
"6500",0.128333333333333
"6501",0.128333333333333
"6502",0.128333333333333
"6503",0.126666666666667
"6504",0.128333333333333
"6505",0.125
"6506",0.128333333333333
"6507",0.128333333333333
"6508",0.126666666666667
"6509",0.128333333333333
"6510",0.125
"6511",0.126666666666667
"6512",0.126666666666667
"6513",0.128333333333333
"6514",0.128333333333333
"6515",0.126666666666667
"6516",0.125
"6517",0.128333333333333
"6518",0.125
"6519",0.125
"6520",0.126666666666667
"6521",0.128333333333333
"6522",0.125
"6523",0.126666666666667
"6524",0.126666666666667
"6525",0.126666666666667
"6526",0.128333333333333
"6527",0.128333333333333
"6528",0.126666666666667
"6529",0.128333333333333
"6530",0.128333333333333
"6531",0.128333333333333
"6532",0.128333333333333
"6533",0.126666666666667
"6534",0.128333333333333
"6535",0.128333333333333
"6536",0.126666666666667
"6537",0.126666666666667
"6538",0.128333333333333
"6539",0.128333333333333
"6540",0.126666666666667
"6541",0.128333333333333
"6542",0.128333333333333
"6543",0.128333333333333
"6544",0.128333333333333
"6545",0.126666666666667
"6546",0.128333333333333
"6547",0.128333333333333
"6548",0.126666666666667
"6549",0.126666666666667
"6550",0.126666666666667
"6551",0.128333333333333
"6552",0.128333333333333
"6553",0.126666666666667
"6554",0.128333333333333
"6555",0.125
"6556",0.128333333333333
"6557",0.128333333333333
"6558",0.126666666666667
"6559",0.128333333333333
"6560",0.125
"6561",0.126666666666667
"6562",0.126666666666667
"6563",0.128333333333333
"6564",0.128333333333333
"6565",0.126666666666667
"6566",0.125
"6567",0.128333333333333
"6568",0.125
"6569",0.125
"6570",0.126666666666667
"6571",0.128333333333333
"6572",0.125
"6573",0.126666666666667
"6574",0.126666666666667
"6575",0.126666666666667
"6576",0.128333333333333
"6577",0.128333333333333
"6578",0.126666666666667
"6579",0.128333333333333
"6580",0.128333333333333
"6581",0.128333333333333
"6582",0.128333333333333
"6583",0.126666666666667
"6584",0.128333333333333
"6585",0.128333333333333
"6586",0.126666666666667
"6587",0.126666666666667
"6588",0.128333333333333
"6589",0.128333333333333
"6590",0.126666666666667
"6591",0.128333333333333
"6592",0.128333333333333
"6593",0.128333333333333
"6594",0.128333333333333
"6595",0.126666666666667
"6596",0.128333333333333
"6597",0.128333333333333
"6598",0.126666666666667
"6599",0.126666666666667
"6600",0.126666666666667
"6601",0.128333333333333
"6602",0.128333333333333
"6603",0.126666666666667
"6604",0.128333333333333
"6605",0.125
"6606",0.128333333333333
"6607",0.128333333333333
"6608",0.126666666666667
"6609",0.128333333333333
"6610",0.125
"6611",0.126666666666667
"6612",0.126666666666667
"6613",0.128333333333333
"6614",0.128333333333333
"6615",0.126666666666667
"6616",0.125
"6617",0.128333333333333
"6618",0.125
"6619",0.125
"6620",0.126666666666667
"6621",0.128333333333333
"6622",0.125
"6623",0.126666666666667
"6624",0.126666666666667
"6625",0.126666666666667
"6626",0.13
"6627",0.13
"6628",0.128333333333333
"6629",0.13
"6630",0.13
"6631",0.13
"6632",0.13
"6633",0.128333333333333
"6634",0.13
"6635",0.13
"6636",0.128333333333333
"6637",0.128333333333333
"6638",0.13
"6639",0.13
"6640",0.128333333333333
"6641",0.13
"6642",0.13
"6643",0.13
"6644",0.13
"6645",0.128333333333333
"6646",0.13
"6647",0.13
"6648",0.128333333333333
"6649",0.128333333333333
"6650",0.128333333333333
"6651",0.128333333333333
"6652",0.128333333333333
"6653",0.126666666666667
"6654",0.128333333333333
"6655",0.125
"6656",0.128333333333333
"6657",0.128333333333333
"6658",0.126666666666667
"6659",0.128333333333333
"6660",0.125
"6661",0.126666666666667
"6662",0.126666666666667
"6663",0.128333333333333
"6664",0.128333333333333
"6665",0.126666666666667
"6666",0.125
"6667",0.128333333333333
"6668",0.125
"6669",0.125
"6670",0.126666666666667
"6671",0.128333333333333
"6672",0.125
"6673",0.126666666666667
"6674",0.126666666666667
"6675",0.126666666666667
"6676",0.128333333333333
"6677",0.128333333333333
"6678",0.126666666666667
"6679",0.128333333333333
"6680",0.125
"6681",0.128333333333333
"6682",0.128333333333333
"6683",0.126666666666667
"6684",0.128333333333333
"6685",0.125
"6686",0.126666666666667
"6687",0.126666666666667
"6688",0.128333333333333
"6689",0.128333333333333
"6690",0.126666666666667
"6691",0.125
"6692",0.128333333333333
"6693",0.125
"6694",0.125
"6695",0.126666666666667
"6696",0.128333333333333
"6697",0.125
"6698",0.126666666666667
"6699",0.126666666666667
"6700",0.126666666666667
"6701",0.128333333333333
"6702",0.128333333333333
"6703",0.126666666666667
"6704",0.128333333333333
"6705",0.125
"6706",0.128333333333333
"6707",0.128333333333333
"6708",0.126666666666667
"6709",0.128333333333333
"6710",0.125
"6711",0.126666666666667
"6712",0.126666666666667
"6713",0.128333333333333
"6714",0.128333333333333
"6715",0.126666666666667
"6716",0.125
"6717",0.128333333333333
"6718",0.125
"6719",0.125
"6720",0.126666666666667
"6721",0.128333333333333
"6722",0.125
"6723",0.126666666666667
"6724",0.126666666666667
"6725",0.126666666666667
"6726",0.128333333333333
"6727",0.128333333333333
"6728",0.126666666666667
"6729",0.128333333333333
"6730",0.128333333333333
"6731",0.128333333333333
"6732",0.128333333333333
"6733",0.126666666666667
"6734",0.128333333333333
"6735",0.128333333333333
"6736",0.126666666666667
"6737",0.126666666666667
"6738",0.128333333333333
"6739",0.128333333333333
"6740",0.126666666666667
"6741",0.128333333333333
"6742",0.128333333333333
"6743",0.128333333333333
"6744",0.128333333333333
"6745",0.126666666666667
"6746",0.128333333333333
"6747",0.128333333333333
"6748",0.126666666666667
"6749",0.126666666666667
"6750",0.126666666666667
"6751",0.128333333333333
"6752",0.128333333333333
"6753",0.126666666666667
"6754",0.128333333333333
"6755",0.125
"6756",0.128333333333333
"6757",0.128333333333333
"6758",0.126666666666667
"6759",0.128333333333333
"6760",0.125
"6761",0.126666666666667
"6762",0.126666666666667
"6763",0.128333333333333
"6764",0.128333333333333
"6765",0.126666666666667
"6766",0.125
"6767",0.128333333333333
"6768",0.125
"6769",0.125
"6770",0.126666666666667
"6771",0.128333333333333
"6772",0.125
"6773",0.126666666666667
"6774",0.126666666666667
"6775",0.126666666666667
"6776",0.133333333333333
"6777",0.133333333333333
"6778",0.131666666666667
"6779",0.133333333333333
"6780",0.13
"6781",0.133333333333333
"6782",0.133333333333333
"6783",0.131666666666667
"6784",0.133333333333333
"6785",0.13
"6786",0.131666666666667
"6787",0.131666666666667
"6788",0.133333333333333
"6789",0.133333333333333
"6790",0.131666666666667
"6791",0.13
"6792",0.133333333333333
"6793",0.13
"6794",0.13
"6795",0.131666666666667
"6796",0.133333333333333
"6797",0.13
"6798",0.131666666666667
"6799",0.131666666666667
"6800",0.131666666666667
"6801",0.128333333333333
"6802",0.128333333333333
"6803",0.126666666666667
"6804",0.128333333333333
"6805",0.125
"6806",0.128333333333333
"6807",0.128333333333333
"6808",0.126666666666667
"6809",0.128333333333333
"6810",0.125
"6811",0.126666666666667
"6812",0.126666666666667
"6813",0.128333333333333
"6814",0.128333333333333
"6815",0.126666666666667
"6816",0.125
"6817",0.128333333333333
"6818",0.125
"6819",0.125
"6820",0.126666666666667
"6821",0.128333333333333
"6822",0.125
"6823",0.126666666666667
"6824",0.126666666666667
"6825",0.126666666666667
"6826",0.126666666666667
"6827",0.126666666666667
"6828",0.125
"6829",0.126666666666667
"6830",0.123333333333333
"6831",0.126666666666667
"6832",0.126666666666667
"6833",0.125
"6834",0.126666666666667
"6835",0.123333333333333
"6836",0.125
"6837",0.125
"6838",0.126666666666667
"6839",0.126666666666667
"6840",0.125
"6841",0.123333333333333
"6842",0.126666666666667
"6843",0.123333333333333
"6844",0.123333333333333
"6845",0.125
"6846",0.126666666666667
"6847",0.123333333333333
"6848",0.125
"6849",0.125
"6850",0.125
"6851",0.128333333333333
"6852",0.128333333333333
"6853",0.126666666666667
"6854",0.128333333333333
"6855",0.128333333333333
"6856",0.128333333333333
"6857",0.128333333333333
"6858",0.126666666666667
"6859",0.128333333333333
"6860",0.128333333333333
"6861",0.126666666666667
"6862",0.126666666666667
"6863",0.128333333333333
"6864",0.128333333333333
"6865",0.126666666666667
"6866",0.128333333333333
"6867",0.128333333333333
"6868",0.128333333333333
"6869",0.128333333333333
"6870",0.126666666666667
"6871",0.128333333333333
"6872",0.128333333333333
"6873",0.126666666666667
"6874",0.126666666666667
"6875",0.126666666666667
"6876",0.128333333333333
"6877",0.128333333333333
"6878",0.126666666666667
"6879",0.128333333333333
"6880",0.125
"6881",0.128333333333333
"6882",0.128333333333333
"6883",0.126666666666667
"6884",0.128333333333333
"6885",0.125
"6886",0.126666666666667
"6887",0.126666666666667
"6888",0.128333333333333
"6889",0.128333333333333
"6890",0.126666666666667
"6891",0.125
"6892",0.128333333333333
"6893",0.125
"6894",0.125
"6895",0.126666666666667
"6896",0.128333333333333
"6897",0.125
"6898",0.126666666666667
"6899",0.126666666666667
"6900",0.126666666666667
"6901",0.128333333333333
"6902",0.128333333333333
"6903",0.126666666666667
"6904",0.128333333333333
"6905",0.128333333333333
"6906",0.128333333333333
"6907",0.128333333333333
"6908",0.126666666666667
"6909",0.128333333333333
"6910",0.128333333333333
"6911",0.126666666666667
"6912",0.126666666666667
"6913",0.128333333333333
"6914",0.128333333333333
"6915",0.126666666666667
"6916",0.128333333333333
"6917",0.128333333333333
"6918",0.128333333333333
"6919",0.128333333333333
"6920",0.126666666666667
"6921",0.128333333333333
"6922",0.128333333333333
"6923",0.126666666666667
"6924",0.126666666666667
"6925",0.126666666666667
"6926",0.126666666666667
"6927",0.126666666666667
"6928",0.125
"6929",0.126666666666667
"6930",0.126666666666667
"6931",0.126666666666667
"6932",0.126666666666667
"6933",0.125
"6934",0.126666666666667
"6935",0.126666666666667
"6936",0.125
"6937",0.125
"6938",0.126666666666667
"6939",0.126666666666667
"6940",0.125
"6941",0.126666666666667
"6942",0.126666666666667
"6943",0.126666666666667
"6944",0.126666666666667
"6945",0.125
"6946",0.126666666666667
"6947",0.126666666666667
"6948",0.125
"6949",0.125
"6950",0.125
"6951",0.128333333333333
"6952",0.128333333333333
"6953",0.126666666666667
"6954",0.128333333333333
"6955",0.125
"6956",0.128333333333333
"6957",0.128333333333333
"6958",0.126666666666667
"6959",0.128333333333333
"6960",0.125
"6961",0.126666666666667
"6962",0.126666666666667
"6963",0.128333333333333
"6964",0.128333333333333
"6965",0.126666666666667
"6966",0.125
"6967",0.128333333333333
"6968",0.125
"6969",0.125
"6970",0.126666666666667
"6971",0.128333333333333
"6972",0.125
"6973",0.126666666666667
"6974",0.126666666666667
"6975",0.126666666666667
"6976",0.128333333333333
"6977",0.128333333333333
"6978",0.126666666666667
"6979",0.128333333333333
"6980",0.125
"6981",0.128333333333333
"6982",0.128333333333333
"6983",0.126666666666667
"6984",0.128333333333333
"6985",0.125
"6986",0.126666666666667
"6987",0.126666666666667
"6988",0.128333333333333
"6989",0.128333333333333
"6990",0.126666666666667
"6991",0.125
"6992",0.128333333333333
"6993",0.125
"6994",0.125
"6995",0.126666666666667
"6996",0.128333333333333
"6997",0.125
"6998",0.126666666666667
"6999",0.126666666666667
"7000",0.126666666666667
"7001",0.13
"7002",0.13
"7003",0.128333333333333
"7004",0.13
"7005",0.126666666666667
"7006",0.13
"7007",0.13
"7008",0.128333333333333
"7009",0.13
"7010",0.126666666666667
"7011",0.128333333333333
"7012",0.128333333333333
"7013",0.13
"7014",0.13
"7015",0.128333333333333
"7016",0.126666666666667
"7017",0.13
"7018",0.126666666666667
"7019",0.126666666666667
"7020",0.128333333333333
"7021",0.13
"7022",0.126666666666667
"7023",0.128333333333333
"7024",0.128333333333333
"7025",0.128333333333333
"7026",0.128333333333333
"7027",0.128333333333333
"7028",0.126666666666667
"7029",0.128333333333333
"7030",0.125
"7031",0.128333333333333
"7032",0.128333333333333
"7033",0.126666666666667
"7034",0.128333333333333
"7035",0.125
"7036",0.126666666666667
"7037",0.126666666666667
"7038",0.128333333333333
"7039",0.128333333333333
"7040",0.126666666666667
"7041",0.125
"7042",0.128333333333333
"7043",0.125
"7044",0.125
"7045",0.126666666666667
"7046",0.128333333333333
"7047",0.125
"7048",0.126666666666667
"7049",0.126666666666667
"7050",0.126666666666667
"7051",0.128333333333333
"7052",0.128333333333333
"7053",0.126666666666667
"7054",0.128333333333333
"7055",0.125
"7056",0.128333333333333
"7057",0.128333333333333
"7058",0.126666666666667
"7059",0.128333333333333
"7060",0.125
"7061",0.126666666666667
"7062",0.126666666666667
"7063",0.128333333333333
"7064",0.128333333333333
"7065",0.126666666666667
"7066",0.125
"7067",0.128333333333333
"7068",0.125
"7069",0.125
"7070",0.126666666666667
"7071",0.128333333333333
"7072",0.125
"7073",0.126666666666667
"7074",0.126666666666667
"7075",0.126666666666667
"7076",0.128333333333333
"7077",0.128333333333333
"7078",0.126666666666667
"7079",0.128333333333333
"7080",0.125
"7081",0.128333333333333
"7082",0.128333333333333
"7083",0.126666666666667
"7084",0.128333333333333
"7085",0.125
"7086",0.126666666666667
"7087",0.126666666666667
"7088",0.128333333333333
"7089",0.128333333333333
"7090",0.126666666666667
"7091",0.125
"7092",0.128333333333333
"7093",0.125
"7094",0.125
"7095",0.126666666666667
"7096",0.128333333333333
"7097",0.125
"7098",0.126666666666667
"7099",0.126666666666667
"7100",0.126666666666667
"7101",0.128333333333333
"7102",0.128333333333333
"7103",0.126666666666667
"7104",0.128333333333333
"7105",0.125
"7106",0.128333333333333
"7107",0.128333333333333
"7108",0.126666666666667
"7109",0.128333333333333
"7110",0.125
"7111",0.126666666666667
"7112",0.126666666666667
"7113",0.128333333333333
"7114",0.128333333333333
"7115",0.126666666666667
"7116",0.125
"7117",0.128333333333333
"7118",0.125
"7119",0.125
"7120",0.126666666666667
"7121",0.128333333333333
"7122",0.125
"7123",0.126666666666667
"7124",0.126666666666667
"7125",0.126666666666667
"7126",0.128333333333333
"7127",0.128333333333333
"7128",0.126666666666667
"7129",0.128333333333333
"7130",0.125
"7131",0.128333333333333
"7132",0.128333333333333
"7133",0.126666666666667
"7134",0.128333333333333
"7135",0.125
"7136",0.126666666666667
"7137",0.126666666666667
"7138",0.128333333333333
"7139",0.128333333333333
"7140",0.126666666666667
"7141",0.125
"7142",0.128333333333333
"7143",0.125
"7144",0.125
"7145",0.126666666666667
"7146",0.128333333333333
"7147",0.125
"7148",0.126666666666667
"7149",0.126666666666667
"7150",0.126666666666667
"7151",0.128333333333333
"7152",0.128333333333333
"7153",0.126666666666667
"7154",0.128333333333333
"7155",0.128333333333333
"7156",0.128333333333333
"7157",0.128333333333333
"7158",0.126666666666667
"7159",0.128333333333333
"7160",0.128333333333333
"7161",0.126666666666667
"7162",0.126666666666667
"7163",0.128333333333333
"7164",0.128333333333333
"7165",0.126666666666667
"7166",0.128333333333333
"7167",0.128333333333333
"7168",0.128333333333333
"7169",0.128333333333333
"7170",0.126666666666667
"7171",0.128333333333333
"7172",0.128333333333333
"7173",0.126666666666667
"7174",0.126666666666667
"7175",0.126666666666667
"7176",0.13
"7177",0.13
"7178",0.128333333333333
"7179",0.13
"7180",0.126666666666667
"7181",0.13
"7182",0.13
"7183",0.128333333333333
"7184",0.13
"7185",0.126666666666667
"7186",0.128333333333333
"7187",0.128333333333333
"7188",0.13
"7189",0.13
"7190",0.128333333333333
"7191",0.126666666666667
"7192",0.13
"7193",0.126666666666667
"7194",0.126666666666667
"7195",0.128333333333333
"7196",0.13
"7197",0.126666666666667
"7198",0.128333333333333
"7199",0.128333333333333
"7200",0.128333333333333
"7201",0.128333333333333
"7202",0.128333333333333
"7203",0.126666666666667
"7204",0.128333333333333
"7205",0.125
"7206",0.128333333333333
"7207",0.128333333333333
"7208",0.126666666666667
"7209",0.128333333333333
"7210",0.125
"7211",0.126666666666667
"7212",0.126666666666667
"7213",0.128333333333333
"7214",0.128333333333333
"7215",0.126666666666667
"7216",0.125
"7217",0.128333333333333
"7218",0.125
"7219",0.125
"7220",0.126666666666667
"7221",0.128333333333333
"7222",0.125
"7223",0.126666666666667
"7224",0.126666666666667
"7225",0.126666666666667
"7226",0.128333333333333
"7227",0.128333333333333
"7228",0.126666666666667
"7229",0.128333333333333
"7230",0.125
"7231",0.128333333333333
"7232",0.128333333333333
"7233",0.126666666666667
"7234",0.128333333333333
"7235",0.125
"7236",0.126666666666667
"7237",0.126666666666667
"7238",0.128333333333333
"7239",0.128333333333333
"7240",0.126666666666667
"7241",0.125
"7242",0.128333333333333
"7243",0.125
"7244",0.125
"7245",0.126666666666667
"7246",0.128333333333333
"7247",0.125
"7248",0.126666666666667
"7249",0.126666666666667
"7250",0.126666666666667
"7251",0.128333333333333
"7252",0.128333333333333
"7253",0.126666666666667
"7254",0.128333333333333
"7255",0.128333333333333
"7256",0.128333333333333
"7257",0.128333333333333
"7258",0.126666666666667
"7259",0.128333333333333
"7260",0.128333333333333
"7261",0.126666666666667
"7262",0.126666666666667
"7263",0.128333333333333
"7264",0.128333333333333
"7265",0.126666666666667
"7266",0.128333333333333
"7267",0.128333333333333
"7268",0.128333333333333
"7269",0.128333333333333
"7270",0.126666666666667
"7271",0.128333333333333
"7272",0.128333333333333
"7273",0.126666666666667
"7274",0.126666666666667
"7275",0.126666666666667
"7276",0.128333333333333
"7277",0.128333333333333
"7278",0.126666666666667
"7279",0.128333333333333
"7280",0.128333333333333
"7281",0.128333333333333
"7282",0.128333333333333
"7283",0.126666666666667
"7284",0.128333333333333
"7285",0.128333333333333
"7286",0.126666666666667
"7287",0.126666666666667
"7288",0.128333333333333
"7289",0.128333333333333
"7290",0.126666666666667
"7291",0.128333333333333
"7292",0.128333333333333
"7293",0.128333333333333
"7294",0.128333333333333
"7295",0.126666666666667
"7296",0.128333333333333
"7297",0.128333333333333
"7298",0.126666666666667
"7299",0.126666666666667
"7300",0.126666666666667
"7301",0.13
"7302",0.13
"7303",0.128333333333333
"7304",0.13
"7305",0.126666666666667
"7306",0.13
"7307",0.13
"7308",0.128333333333333
"7309",0.13
"7310",0.126666666666667
"7311",0.128333333333333
"7312",0.128333333333333
"7313",0.13
"7314",0.13
"7315",0.128333333333333
"7316",0.126666666666667
"7317",0.13
"7318",0.126666666666667
"7319",0.126666666666667
"7320",0.128333333333333
"7321",0.13
"7322",0.126666666666667
"7323",0.128333333333333
"7324",0.128333333333333
"7325",0.128333333333333
"7326",0.128333333333333
"7327",0.128333333333333
"7328",0.126666666666667
"7329",0.128333333333333
"7330",0.125
"7331",0.128333333333333
"7332",0.128333333333333
"7333",0.126666666666667
"7334",0.128333333333333
"7335",0.125
"7336",0.126666666666667
"7337",0.126666666666667
"7338",0.128333333333333
"7339",0.128333333333333
"7340",0.126666666666667
"7341",0.125
"7342",0.128333333333333
"7343",0.125
"7344",0.125
"7345",0.126666666666667
"7346",0.128333333333333
"7347",0.125
"7348",0.126666666666667
"7349",0.126666666666667
"7350",0.126666666666667
"7351",0.128333333333333
"7352",0.128333333333333
"7353",0.126666666666667
"7354",0.128333333333333
"7355",0.125
"7356",0.128333333333333
"7357",0.128333333333333
"7358",0.126666666666667
"7359",0.128333333333333
"7360",0.125
"7361",0.126666666666667
"7362",0.126666666666667
"7363",0.128333333333333
"7364",0.128333333333333
"7365",0.126666666666667
"7366",0.125
"7367",0.128333333333333
"7368",0.125
"7369",0.125
"7370",0.126666666666667
"7371",0.128333333333333
"7372",0.125
"7373",0.126666666666667
"7374",0.126666666666667
"7375",0.126666666666667
"7376",0.128333333333333
"7377",0.128333333333333
"7378",0.126666666666667
"7379",0.128333333333333
"7380",0.128333333333333
"7381",0.128333333333333
"7382",0.128333333333333
"7383",0.126666666666667
"7384",0.128333333333333
"7385",0.128333333333333
"7386",0.126666666666667
"7387",0.126666666666667
"7388",0.128333333333333
"7389",0.128333333333333
"7390",0.126666666666667
"7391",0.128333333333333
"7392",0.128333333333333
"7393",0.128333333333333
"7394",0.128333333333333
"7395",0.126666666666667
"7396",0.128333333333333
"7397",0.128333333333333
"7398",0.126666666666667
"7399",0.126666666666667
"7400",0.126666666666667
"7401",0.128333333333333
"7402",0.128333333333333
"7403",0.126666666666667
"7404",0.128333333333333
"7405",0.125
"7406",0.128333333333333
"7407",0.128333333333333
"7408",0.126666666666667
"7409",0.128333333333333
"7410",0.125
"7411",0.126666666666667
"7412",0.126666666666667
"7413",0.128333333333333
"7414",0.128333333333333
"7415",0.126666666666667
"7416",0.125
"7417",0.128333333333333
"7418",0.125
"7419",0.125
"7420",0.126666666666667
"7421",0.128333333333333
"7422",0.125
"7423",0.126666666666667
"7424",0.126666666666667
"7425",0.126666666666667
"7426",0.128333333333333
"7427",0.128333333333333
"7428",0.126666666666667
"7429",0.128333333333333
"7430",0.125
"7431",0.128333333333333
"7432",0.128333333333333
"7433",0.126666666666667
"7434",0.128333333333333
"7435",0.125
"7436",0.126666666666667
"7437",0.126666666666667
"7438",0.128333333333333
"7439",0.128333333333333
"7440",0.126666666666667
"7441",0.125
"7442",0.128333333333333
"7443",0.125
"7444",0.125
"7445",0.126666666666667
"7446",0.128333333333333
"7447",0.125
"7448",0.126666666666667
"7449",0.126666666666667
"7450",0.126666666666667
"7451",0.128333333333333
"7452",0.128333333333333
"7453",0.126666666666667
"7454",0.128333333333333
"7455",0.125
"7456",0.128333333333333
"7457",0.128333333333333
"7458",0.126666666666667
"7459",0.128333333333333
"7460",0.125
"7461",0.126666666666667
"7462",0.126666666666667
"7463",0.128333333333333
"7464",0.128333333333333
"7465",0.126666666666667
"7466",0.125
"7467",0.128333333333333
"7468",0.125
"7469",0.125
"7470",0.126666666666667
"7471",0.128333333333333
"7472",0.125
"7473",0.126666666666667
"7474",0.126666666666667
"7475",0.126666666666667
"7476",0.128333333333333
"7477",0.128333333333333
"7478",0.126666666666667
"7479",0.128333333333333
"7480",0.125
"7481",0.128333333333333
"7482",0.128333333333333
"7483",0.126666666666667
"7484",0.128333333333333
"7485",0.125
"7486",0.126666666666667
"7487",0.126666666666667
"7488",0.128333333333333
"7489",0.128333333333333
"7490",0.126666666666667
"7491",0.125
"7492",0.128333333333333
"7493",0.125
"7494",0.125
"7495",0.126666666666667
"7496",0.128333333333333
"7497",0.125
"7498",0.126666666666667
"7499",0.126666666666667
"7500",0.126666666666667
"7501",0.13
"7502",0.13
"7503",0.128333333333333
"7504",0.13
"7505",0.126666666666667
"7506",0.13
"7507",0.13
"7508",0.128333333333333
"7509",0.13
"7510",0.126666666666667
"7511",0.128333333333333
"7512",0.128333333333333
"7513",0.13
"7514",0.13
"7515",0.128333333333333
"7516",0.126666666666667
"7517",0.13
"7518",0.126666666666667
"7519",0.126666666666667
"7520",0.128333333333333
"7521",0.13
"7522",0.126666666666667
"7523",0.128333333333333
"7524",0.128333333333333
"7525",0.128333333333333
"7526",0.128333333333333
"7527",0.128333333333333
"7528",0.126666666666667
"7529",0.128333333333333
"7530",0.125
"7531",0.128333333333333
"7532",0.128333333333333
"7533",0.126666666666667
"7534",0.128333333333333
"7535",0.125
"7536",0.126666666666667
"7537",0.126666666666667
"7538",0.128333333333333
"7539",0.128333333333333
"7540",0.126666666666667
"7541",0.125
"7542",0.128333333333333
"7543",0.125
"7544",0.125
"7545",0.126666666666667
"7546",0.128333333333333
"7547",0.125
"7548",0.126666666666667
"7549",0.126666666666667
"7550",0.126666666666667
"7551",0.128333333333333
"7552",0.128333333333333
"7553",0.126666666666667
"7554",0.128333333333333
"7555",0.125
"7556",0.128333333333333
"7557",0.128333333333333
"7558",0.126666666666667
"7559",0.128333333333333
"7560",0.125
"7561",0.126666666666667
"7562",0.126666666666667
"7563",0.128333333333333
"7564",0.128333333333333
"7565",0.126666666666667
"7566",0.125
"7567",0.128333333333333
"7568",0.125
"7569",0.125
"7570",0.126666666666667
"7571",0.128333333333333
"7572",0.125
"7573",0.126666666666667
"7574",0.126666666666667
"7575",0.126666666666667
"7576",0.126666666666667
"7577",0.126666666666667
"7578",0.125
"7579",0.126666666666667
"7580",0.123333333333333
"7581",0.126666666666667
"7582",0.126666666666667
"7583",0.125
"7584",0.126666666666667
"7585",0.123333333333333
"7586",0.125
"7587",0.125
"7588",0.126666666666667
"7589",0.126666666666667
"7590",0.125
"7591",0.123333333333333
"7592",0.126666666666667
"7593",0.123333333333333
"7594",0.123333333333333
"7595",0.125
"7596",0.126666666666667
"7597",0.123333333333333
"7598",0.125
"7599",0.125
"7600",0.125
"7601",0.128333333333333
"7602",0.128333333333333
"7603",0.126666666666667
"7604",0.128333333333333
"7605",0.125
"7606",0.128333333333333
"7607",0.128333333333333
"7608",0.126666666666667
"7609",0.128333333333333
"7610",0.125
"7611",0.126666666666667
"7612",0.126666666666667
"7613",0.128333333333333
"7614",0.128333333333333
"7615",0.126666666666667
"7616",0.125
"7617",0.128333333333333
"7618",0.125
"7619",0.125
"7620",0.126666666666667
"7621",0.128333333333333
"7622",0.125
"7623",0.126666666666667
"7624",0.126666666666667
"7625",0.126666666666667
"7626",0.128333333333333
"7627",0.128333333333333
"7628",0.126666666666667
"7629",0.128333333333333
"7630",0.125
"7631",0.128333333333333
"7632",0.128333333333333
"7633",0.126666666666667
"7634",0.128333333333333
"7635",0.125
"7636",0.126666666666667
"7637",0.126666666666667
"7638",0.128333333333333
"7639",0.128333333333333
"7640",0.126666666666667
"7641",0.125
"7642",0.128333333333333
"7643",0.125
"7644",0.125
"7645",0.126666666666667
"7646",0.128333333333333
"7647",0.125
"7648",0.126666666666667
"7649",0.126666666666667
"7650",0.126666666666667
"7651",0.128333333333333
"7652",0.128333333333333
"7653",0.126666666666667
"7654",0.128333333333333
"7655",0.128333333333333
"7656",0.128333333333333
"7657",0.128333333333333
"7658",0.126666666666667
"7659",0.128333333333333
"7660",0.128333333333333
"7661",0.126666666666667
"7662",0.126666666666667
"7663",0.128333333333333
"7664",0.128333333333333
"7665",0.126666666666667
"7666",0.128333333333333
"7667",0.128333333333333
"7668",0.128333333333333
"7669",0.128333333333333
"7670",0.126666666666667
"7671",0.128333333333333
"7672",0.128333333333333
"7673",0.126666666666667
"7674",0.126666666666667
"7675",0.126666666666667
"7676",0.128333333333333
"7677",0.128333333333333
"7678",0.126666666666667
"7679",0.128333333333333
"7680",0.128333333333333
"7681",0.128333333333333
"7682",0.128333333333333
"7683",0.126666666666667
"7684",0.128333333333333
"7685",0.128333333333333
"7686",0.126666666666667
"7687",0.126666666666667
"7688",0.128333333333333
"7689",0.128333333333333
"7690",0.126666666666667
"7691",0.128333333333333
"7692",0.128333333333333
"7693",0.128333333333333
"7694",0.128333333333333
"7695",0.126666666666667
"7696",0.128333333333333
"7697",0.128333333333333
"7698",0.126666666666667
"7699",0.126666666666667
"7700",0.126666666666667
"7701",0.128333333333333
"7702",0.128333333333333
"7703",0.126666666666667
"7704",0.128333333333333
"7705",0.125
"7706",0.128333333333333
"7707",0.128333333333333
"7708",0.126666666666667
"7709",0.128333333333333
"7710",0.125
"7711",0.126666666666667
"7712",0.126666666666667
"7713",0.128333333333333
"7714",0.128333333333333
"7715",0.126666666666667
"7716",0.125
"7717",0.128333333333333
"7718",0.125
"7719",0.125
"7720",0.126666666666667
"7721",0.128333333333333
"7722",0.125
"7723",0.126666666666667
"7724",0.126666666666667
"7725",0.126666666666667
"7726",0.128333333333333
"7727",0.128333333333333
"7728",0.126666666666667
"7729",0.128333333333333
"7730",0.125
"7731",0.128333333333333
"7732",0.128333333333333
"7733",0.126666666666667
"7734",0.128333333333333
"7735",0.125
"7736",0.126666666666667
"7737",0.126666666666667
"7738",0.128333333333333
"7739",0.128333333333333
"7740",0.126666666666667
"7741",0.125
"7742",0.128333333333333
"7743",0.125
"7744",0.125
"7745",0.126666666666667
"7746",0.128333333333333
"7747",0.125
"7748",0.126666666666667
"7749",0.126666666666667
"7750",0.126666666666667
"7751",0.128333333333333
"7752",0.128333333333333
"7753",0.126666666666667
"7754",0.128333333333333
"7755",0.125
"7756",0.128333333333333
"7757",0.128333333333333
"7758",0.126666666666667
"7759",0.128333333333333
"7760",0.125
"7761",0.126666666666667
"7762",0.126666666666667
"7763",0.128333333333333
"7764",0.128333333333333
"7765",0.126666666666667
"7766",0.125
"7767",0.128333333333333
"7768",0.125
"7769",0.125
"7770",0.126666666666667
"7771",0.128333333333333
"7772",0.125
"7773",0.126666666666667
"7774",0.126666666666667
"7775",0.126666666666667
"7776",0.128333333333333
"7777",0.128333333333333
"7778",0.126666666666667
"7779",0.128333333333333
"7780",0.125
"7781",0.128333333333333
"7782",0.128333333333333
"7783",0.126666666666667
"7784",0.128333333333333
"7785",0.125
"7786",0.126666666666667
"7787",0.126666666666667
"7788",0.128333333333333
"7789",0.128333333333333
"7790",0.126666666666667
"7791",0.125
"7792",0.128333333333333
"7793",0.125
"7794",0.125
"7795",0.126666666666667
"7796",0.128333333333333
"7797",0.125
"7798",0.126666666666667
"7799",0.126666666666667
"7800",0.126666666666667
"7801",0.128333333333333
"7802",0.128333333333333
"7803",0.126666666666667
"7804",0.128333333333333
"7805",0.128333333333333
"7806",0.128333333333333
"7807",0.128333333333333
"7808",0.126666666666667
"7809",0.128333333333333
"7810",0.128333333333333
"7811",0.126666666666667
"7812",0.126666666666667
"7813",0.128333333333333
"7814",0.128333333333333
"7815",0.126666666666667
"7816",0.128333333333333
"7817",0.128333333333333
"7818",0.128333333333333
"7819",0.128333333333333
"7820",0.126666666666667
"7821",0.128333333333333
"7822",0.128333333333333
"7823",0.126666666666667
"7824",0.126666666666667
"7825",0.126666666666667
"7826",0.128333333333333
"7827",0.128333333333333
"7828",0.126666666666667
"7829",0.128333333333333
"7830",0.125
"7831",0.128333333333333
"7832",0.128333333333333
"7833",0.126666666666667
"7834",0.128333333333333
"7835",0.125
"7836",0.126666666666667
"7837",0.126666666666667
"7838",0.128333333333333
"7839",0.128333333333333
"7840",0.126666666666667
"7841",0.125
"7842",0.128333333333333
"7843",0.125
"7844",0.125
"7845",0.126666666666667
"7846",0.128333333333333
"7847",0.125
"7848",0.126666666666667
"7849",0.126666666666667
"7850",0.126666666666667
"7851",0.128333333333333
"7852",0.128333333333333
"7853",0.126666666666667
"7854",0.128333333333333
"7855",0.125
"7856",0.128333333333333
"7857",0.128333333333333
"7858",0.126666666666667
"7859",0.128333333333333
"7860",0.125
"7861",0.126666666666667
"7862",0.126666666666667
"7863",0.128333333333333
"7864",0.128333333333333
"7865",0.126666666666667
"7866",0.125
"7867",0.128333333333333
"7868",0.125
"7869",0.125
"7870",0.126666666666667
"7871",0.128333333333333
"7872",0.125
"7873",0.126666666666667
"7874",0.126666666666667
"7875",0.126666666666667
"7876",0.128333333333333
"7877",0.128333333333333
"7878",0.126666666666667
"7879",0.128333333333333
"7880",0.125
"7881",0.128333333333333
"7882",0.128333333333333
"7883",0.126666666666667
"7884",0.128333333333333
"7885",0.125
"7886",0.126666666666667
"7887",0.126666666666667
"7888",0.128333333333333
"7889",0.128333333333333
"7890",0.126666666666667
"7891",0.125
"7892",0.128333333333333
"7893",0.125
"7894",0.125
"7895",0.126666666666667
"7896",0.128333333333333
"7897",0.125
"7898",0.126666666666667
"7899",0.126666666666667
"7900",0.126666666666667
"7901",0.126666666666667
"7902",0.126666666666667
"7903",0.125
"7904",0.126666666666667
"7905",0.123333333333333
"7906",0.126666666666667
"7907",0.126666666666667
"7908",0.125
"7909",0.126666666666667
"7910",0.123333333333333
"7911",0.125
"7912",0.125
"7913",0.126666666666667
"7914",0.126666666666667
"7915",0.125
"7916",0.123333333333333
"7917",0.126666666666667
"7918",0.123333333333333
"7919",0.123333333333333
"7920",0.125
"7921",0.126666666666667
"7922",0.123333333333333
"7923",0.125
"7924",0.125
"7925",0.125
"7926",0.128333333333333
"7927",0.128333333333333
"7928",0.126666666666667
"7929",0.128333333333333
"7930",0.128333333333333
"7931",0.128333333333333
"7932",0.128333333333333
"7933",0.126666666666667
"7934",0.128333333333333
"7935",0.128333333333333
"7936",0.126666666666667
"7937",0.126666666666667
"7938",0.128333333333333
"7939",0.128333333333333
"7940",0.126666666666667
"7941",0.128333333333333
"7942",0.128333333333333
"7943",0.128333333333333
"7944",0.128333333333333
"7945",0.126666666666667
"7946",0.128333333333333
"7947",0.128333333333333
"7948",0.126666666666667
"7949",0.126666666666667
"7950",0.126666666666667
"7951",0.128333333333333
"7952",0.128333333333333
"7953",0.126666666666667
"7954",0.128333333333333
"7955",0.125
"7956",0.128333333333333
"7957",0.128333333333333
"7958",0.126666666666667
"7959",0.128333333333333
"7960",0.125
"7961",0.126666666666667
"7962",0.126666666666667
"7963",0.128333333333333
"7964",0.128333333333333
"7965",0.126666666666667
"7966",0.125
"7967",0.128333333333333
"7968",0.125
"7969",0.125
"7970",0.126666666666667
"7971",0.128333333333333
"7972",0.125
"7973",0.126666666666667
"7974",0.126666666666667
"7975",0.126666666666667
"7976",0.128333333333333
"7977",0.128333333333333
"7978",0.126666666666667
"7979",0.128333333333333
"7980",0.125
"7981",0.128333333333333
"7982",0.128333333333333
"7983",0.126666666666667
"7984",0.128333333333333
"7985",0.125
"7986",0.126666666666667
"7987",0.126666666666667
"7988",0.128333333333333
"7989",0.128333333333333
"7990",0.126666666666667
"7991",0.125
"7992",0.128333333333333
"7993",0.125
"7994",0.125
"7995",0.126666666666667
"7996",0.128333333333333
"7997",0.125
"7998",0.126666666666667
"7999",0.126666666666667
"8000",0.126666666666667
"8001",0.128333333333333
"8002",0.128333333333333
"8003",0.126666666666667
"8004",0.128333333333333
"8005",0.125
"8006",0.128333333333333
"8007",0.128333333333333
"8008",0.126666666666667
"8009",0.128333333333333
"8010",0.125
"8011",0.126666666666667
"8012",0.126666666666667
"8013",0.128333333333333
"8014",0.128333333333333
"8015",0.126666666666667
"8016",0.125
"8017",0.128333333333333
"8018",0.125
"8019",0.125
"8020",0.126666666666667
"8021",0.128333333333333
"8022",0.125
"8023",0.126666666666667
"8024",0.126666666666667
"8025",0.126666666666667
"8026",0.13
"8027",0.13
"8028",0.128333333333333
"8029",0.13
"8030",0.126666666666667
"8031",0.13
"8032",0.13
"8033",0.128333333333333
"8034",0.13
"8035",0.126666666666667
"8036",0.128333333333333
"8037",0.128333333333333
"8038",0.13
"8039",0.13
"8040",0.128333333333333
"8041",0.126666666666667
"8042",0.13
"8043",0.126666666666667
"8044",0.126666666666667
"8045",0.128333333333333
"8046",0.13
"8047",0.126666666666667
"8048",0.128333333333333
"8049",0.128333333333333
"8050",0.128333333333333
"8051",0.128333333333333
"8052",0.128333333333333
"8053",0.126666666666667
"8054",0.128333333333333
"8055",0.125
"8056",0.128333333333333
"8057",0.128333333333333
"8058",0.126666666666667
"8059",0.128333333333333
"8060",0.125
"8061",0.126666666666667
"8062",0.126666666666667
"8063",0.128333333333333
"8064",0.128333333333333
"8065",0.126666666666667
"8066",0.125
"8067",0.128333333333333
"8068",0.125
"8069",0.125
"8070",0.126666666666667
"8071",0.128333333333333
"8072",0.125
"8073",0.126666666666667
"8074",0.126666666666667
"8075",0.126666666666667
"8076",0.128333333333333
"8077",0.128333333333333
"8078",0.126666666666667
"8079",0.128333333333333
"8080",0.125
"8081",0.128333333333333
"8082",0.128333333333333
"8083",0.126666666666667
"8084",0.128333333333333
"8085",0.125
"8086",0.126666666666667
"8087",0.126666666666667
"8088",0.128333333333333
"8089",0.128333333333333
"8090",0.126666666666667
"8091",0.125
"8092",0.128333333333333
"8093",0.125
"8094",0.125
"8095",0.126666666666667
"8096",0.128333333333333
"8097",0.125
"8098",0.126666666666667
"8099",0.126666666666667
"8100",0.126666666666667
"8101",0.128333333333333
"8102",0.128333333333333
"8103",0.126666666666667
"8104",0.128333333333333
"8105",0.125
"8106",0.128333333333333
"8107",0.128333333333333
"8108",0.126666666666667
"8109",0.128333333333333
"8110",0.125
"8111",0.126666666666667
"8112",0.126666666666667
"8113",0.128333333333333
"8114",0.128333333333333
"8115",0.126666666666667
"8116",0.125
"8117",0.128333333333333
"8118",0.125
"8119",0.125
"8120",0.126666666666667
"8121",0.128333333333333
"8122",0.125
"8123",0.126666666666667
"8124",0.126666666666667
"8125",0.126666666666667
"8126",0.128333333333333
"8127",0.128333333333333
"8128",0.126666666666667
"8129",0.128333333333333
"8130",0.125
"8131",0.128333333333333
"8132",0.128333333333333
"8133",0.126666666666667
"8134",0.128333333333333
"8135",0.125
"8136",0.126666666666667
"8137",0.126666666666667
"8138",0.128333333333333
"8139",0.128333333333333
"8140",0.126666666666667
"8141",0.125
"8142",0.128333333333333
"8143",0.125
"8144",0.125
"8145",0.126666666666667
"8146",0.128333333333333
"8147",0.125
"8148",0.126666666666667
"8149",0.126666666666667
"8150",0.126666666666667
"8151",0.13
"8152",0.13
"8153",0.128333333333333
"8154",0.13
"8155",0.126666666666667
"8156",0.13
"8157",0.13
"8158",0.128333333333333
"8159",0.13
"8160",0.126666666666667
"8161",0.128333333333333
"8162",0.128333333333333
"8163",0.13
"8164",0.13
"8165",0.128333333333333
"8166",0.126666666666667
"8167",0.13
"8168",0.126666666666667
"8169",0.126666666666667
"8170",0.128333333333333
"8171",0.13
"8172",0.126666666666667
"8173",0.128333333333333
"8174",0.128333333333333
"8175",0.128333333333333
"8176",0.13
"8177",0.13
"8178",0.128333333333333
"8179",0.13
"8180",0.126666666666667
"8181",0.13
"8182",0.13
"8183",0.128333333333333
"8184",0.13
"8185",0.126666666666667
"8186",0.128333333333333
"8187",0.128333333333333
"8188",0.13
"8189",0.13
"8190",0.128333333333333
"8191",0.126666666666667
"8192",0.13
"8193",0.126666666666667
"8194",0.126666666666667
"8195",0.128333333333333
"8196",0.13
"8197",0.126666666666667
"8198",0.128333333333333
"8199",0.128333333333333
"8200",0.128333333333333
"8201",0.126666666666667
"8202",0.126666666666667
"8203",0.125
"8204",0.126666666666667
"8205",0.123333333333333
"8206",0.126666666666667
"8207",0.126666666666667
"8208",0.125
"8209",0.126666666666667
"8210",0.123333333333333
"8211",0.125
"8212",0.125
"8213",0.126666666666667
"8214",0.126666666666667
"8215",0.125
"8216",0.123333333333333
"8217",0.126666666666667
"8218",0.123333333333333
"8219",0.123333333333333
"8220",0.125
"8221",0.126666666666667
"8222",0.123333333333333
"8223",0.125
"8224",0.125
"8225",0.125
"8226",0.13
"8227",0.13
"8228",0.128333333333333
"8229",0.13
"8230",0.126666666666667
"8231",0.13
"8232",0.13
"8233",0.128333333333333
"8234",0.13
"8235",0.126666666666667
"8236",0.128333333333333
"8237",0.128333333333333
"8238",0.13
"8239",0.13
"8240",0.128333333333333
"8241",0.126666666666667
"8242",0.13
"8243",0.126666666666667
"8244",0.126666666666667
"8245",0.128333333333333
"8246",0.13
"8247",0.126666666666667
"8248",0.128333333333333
"8249",0.128333333333333
"8250",0.128333333333333
"8251",0.128333333333333
"8252",0.128333333333333
"8253",0.126666666666667
"8254",0.128333333333333
"8255",0.128333333333333
"8256",0.128333333333333
"8257",0.128333333333333
"8258",0.126666666666667
"8259",0.128333333333333
"8260",0.128333333333333
"8261",0.126666666666667
"8262",0.126666666666667
"8263",0.128333333333333
"8264",0.128333333333333
"8265",0.126666666666667
"8266",0.128333333333333
"8267",0.128333333333333
"8268",0.128333333333333
"8269",0.128333333333333
"8270",0.126666666666667
"8271",0.128333333333333
"8272",0.128333333333333
"8273",0.126666666666667
"8274",0.126666666666667
"8275",0.126666666666667
"8276",0.135
"8277",0.135
"8278",0.133333333333333
"8279",0.131666666666667
"8280",0.131666666666667
"8281",0.135
"8282",0.135
"8283",0.133333333333333
"8284",0.135
"8285",0.131666666666667
"8286",0.133333333333333
"8287",0.133333333333333
"8288",0.135
"8289",0.135
"8290",0.133333333333333
"8291",0.131666666666667
"8292",0.135
"8293",0.131666666666667
"8294",0.131666666666667
"8295",0.133333333333333
"8296",0.135
"8297",0.131666666666667
"8298",0.133333333333333
"8299",0.133333333333333
"8300",0.133333333333333
"8301",0.136666666666667
"8302",0.14
"8303",0.138333333333333
"8304",0.141666666666667
"8305",0.14
"8306",0.136666666666667
"8307",0.136666666666667
"8308",0.138333333333333
"8309",0.136666666666667
"8310",0.14
"8311",0.138333333333333
"8312",0.138333333333333
"8313",0.136666666666667
"8314",0.14
"8315",0.138333333333333
"8316",0.14
"8317",0.14
"8318",0.14
"8319",0.14
"8320",0.138333333333333
"8321",0.14
"8322",0.14
"8323",0.138333333333333
"8324",0.138333333333333
"8325",0.138333333333333
"8326",0.141666666666667
"8327",0.145
"8328",0.143333333333333
"8329",0.146666666666667
"8330",0.145
"8331",0.141666666666667
"8332",0.141666666666667
"8333",0.143333333333333
"8334",0.141666666666667
"8335",0.145
"8336",0.143333333333333
"8337",0.143333333333333
"8338",0.141666666666667
"8339",0.145
"8340",0.143333333333333
"8341",0.145
"8342",0.145
"8343",0.145
"8344",0.145
"8345",0.143333333333333
"8346",0.145
"8347",0.145
"8348",0.143333333333333
"8349",0.143333333333333
"8350",0.143333333333333
"8351",0.136666666666667
"8352",0.14
"8353",0.138333333333333
"8354",0.141666666666667
"8355",0.14
"8356",0.136666666666667
"8357",0.136666666666667
"8358",0.138333333333333
"8359",0.136666666666667
"8360",0.14
"8361",0.138333333333333
"8362",0.138333333333333
"8363",0.136666666666667
"8364",0.14
"8365",0.138333333333333
"8366",0.14
"8367",0.14
"8368",0.14
"8369",0.14
"8370",0.138333333333333
"8371",0.14
"8372",0.14
"8373",0.138333333333333
"8374",0.138333333333333
"8375",0.138333333333333
"8376",0.136666666666667
"8377",0.136666666666667
"8378",0.135
"8379",0.136666666666667
"8380",0.136666666666667
"8381",0.136666666666667
"8382",0.136666666666667
"8383",0.135
"8384",0.136666666666667
"8385",0.136666666666667
"8386",0.135
"8387",0.135
"8388",0.136666666666667
"8389",0.136666666666667
"8390",0.135
"8391",0.136666666666667
"8392",0.136666666666667
"8393",0.136666666666667
"8394",0.136666666666667
"8395",0.135
"8396",0.136666666666667
"8397",0.136666666666667
"8398",0.135
"8399",0.135
"8400",0.135
"8401",0.136666666666667
"8402",0.136666666666667
"8403",0.135
"8404",0.136666666666667
"8405",0.136666666666667
"8406",0.136666666666667
"8407",0.136666666666667
"8408",0.135
"8409",0.136666666666667
"8410",0.136666666666667
"8411",0.135
"8412",0.135
"8413",0.136666666666667
"8414",0.136666666666667
"8415",0.135
"8416",0.136666666666667
"8417",0.136666666666667
"8418",0.136666666666667
"8419",0.136666666666667
"8420",0.135
"8421",0.136666666666667
"8422",0.136666666666667
"8423",0.135
"8424",0.135
"8425",0.135
"8426",0.136666666666667
"8427",0.136666666666667
"8428",0.135
"8429",0.136666666666667
"8430",0.136666666666667
"8431",0.136666666666667
"8432",0.136666666666667
"8433",0.135
"8434",0.136666666666667
"8435",0.136666666666667
"8436",0.135
"8437",0.135
"8438",0.136666666666667
"8439",0.136666666666667
"8440",0.135
"8441",0.136666666666667
"8442",0.136666666666667
"8443",0.136666666666667
"8444",0.136666666666667
"8445",0.135
"8446",0.136666666666667
"8447",0.136666666666667
"8448",0.135
"8449",0.135
"8450",0.135
"8451",0.138333333333333
"8452",0.141666666666667
"8453",0.14
"8454",0.143333333333333
"8455",0.141666666666667
"8456",0.138333333333333
"8457",0.138333333333333
"8458",0.14
"8459",0.138333333333333
"8460",0.141666666666667
"8461",0.14
"8462",0.14
"8463",0.138333333333333
"8464",0.141666666666667
"8465",0.14
"8466",0.141666666666667
"8467",0.141666666666667
"8468",0.141666666666667
"8469",0.141666666666667
"8470",0.14
"8471",0.141666666666667
"8472",0.141666666666667
"8473",0.14
"8474",0.14
"8475",0.14
"8476",0.135
"8477",0.138333333333333
"8478",0.136666666666667
"8479",0.14
"8480",0.138333333333333
"8481",0.135
"8482",0.135
"8483",0.136666666666667
"8484",0.135
"8485",0.138333333333333
"8486",0.136666666666667
"8487",0.136666666666667
"8488",0.135
"8489",0.138333333333333
"8490",0.136666666666667
"8491",0.138333333333333
"8492",0.138333333333333
"8493",0.138333333333333
"8494",0.138333333333333
"8495",0.136666666666667
"8496",0.138333333333333
"8497",0.138333333333333
"8498",0.136666666666667
"8499",0.136666666666667
"8500",0.136666666666667
"8501",0.133333333333333
"8502",0.136666666666667
"8503",0.135
"8504",0.138333333333333
"8505",0.136666666666667
"8506",0.133333333333333
"8507",0.133333333333333
"8508",0.135
"8509",0.133333333333333
"8510",0.136666666666667
"8511",0.135
"8512",0.135
"8513",0.133333333333333
"8514",0.136666666666667
"8515",0.135
"8516",0.136666666666667
"8517",0.136666666666667
"8518",0.136666666666667
"8519",0.136666666666667
"8520",0.135
"8521",0.136666666666667
"8522",0.136666666666667
"8523",0.135
"8524",0.135
"8525",0.135
"8526",0.136666666666667
"8527",0.14
"8528",0.138333333333333
"8529",0.141666666666667
"8530",0.14
"8531",0.136666666666667
"8532",0.136666666666667
"8533",0.138333333333333
"8534",0.136666666666667
"8535",0.14
"8536",0.138333333333333
"8537",0.138333333333333
"8538",0.136666666666667
"8539",0.14
"8540",0.138333333333333
"8541",0.14
"8542",0.14
"8543",0.14
"8544",0.14
"8545",0.138333333333333
"8546",0.14
"8547",0.14
"8548",0.138333333333333
"8549",0.138333333333333
"8550",0.138333333333333
"8551",0.136666666666667
"8552",0.14
"8553",0.138333333333333
"8554",0.141666666666667
"8555",0.14
"8556",0.136666666666667
"8557",0.136666666666667
"8558",0.138333333333333
"8559",0.136666666666667
"8560",0.14
"8561",0.138333333333333
"8562",0.138333333333333
"8563",0.136666666666667
"8564",0.14
"8565",0.138333333333333
"8566",0.14
"8567",0.14
"8568",0.14
"8569",0.14
"8570",0.138333333333333
"8571",0.14
"8572",0.14
"8573",0.138333333333333
"8574",0.138333333333333
"8575",0.138333333333333
"8576",0.12
"8577",0.123333333333333
"8578",0.121666666666667
"8579",0.12
"8580",0.123333333333333
"8581",0.12
"8582",0.12
"8583",0.121666666666667
"8584",0.12
"8585",0.123333333333333
"8586",0.121666666666667
"8587",0.121666666666667
"8588",0.12
"8589",0.123333333333333
"8590",0.121666666666667
"8591",0.123333333333333
"8592",0.123333333333333
"8593",0.123333333333333
"8594",0.123333333333333
"8595",0.121666666666667
"8596",0.123333333333333
"8597",0.123333333333333
"8598",0.121666666666667
"8599",0.121666666666667
"8600",0.121666666666667
"8601",0.12
"8602",0.123333333333333
"8603",0.121666666666667
"8604",0.12
"8605",0.123333333333333
"8606",0.12
"8607",0.12
"8608",0.121666666666667
"8609",0.12
"8610",0.123333333333333
"8611",0.121666666666667
"8612",0.121666666666667
"8613",0.12
"8614",0.123333333333333
"8615",0.121666666666667
"8616",0.123333333333333
"8617",0.123333333333333
"8618",0.123333333333333
"8619",0.123333333333333
"8620",0.121666666666667
"8621",0.123333333333333
"8622",0.123333333333333
"8623",0.121666666666667
"8624",0.121666666666667
"8625",0.121666666666667
"8626",0.121666666666667
"8627",0.125
"8628",0.123333333333333
"8629",0.121666666666667
"8630",0.125
"8631",0.121666666666667
"8632",0.121666666666667
"8633",0.123333333333333
"8634",0.121666666666667
"8635",0.125
"8636",0.123333333333333
"8637",0.123333333333333
"8638",0.121666666666667
"8639",0.125
"8640",0.123333333333333
"8641",0.125
"8642",0.125
"8643",0.125
"8644",0.125
"8645",0.123333333333333
"8646",0.125
"8647",0.125
"8648",0.123333333333333
"8649",0.123333333333333
"8650",0.123333333333333
"8651",0.12
"8652",0.123333333333333
"8653",0.121666666666667
"8654",0.12
"8655",0.123333333333333
"8656",0.12
"8657",0.12
"8658",0.121666666666667
"8659",0.12
"8660",0.123333333333333
"8661",0.121666666666667
"8662",0.121666666666667
"8663",0.12
"8664",0.123333333333333
"8665",0.121666666666667
"8666",0.123333333333333
"8667",0.123333333333333
"8668",0.123333333333333
"8669",0.123333333333333
"8670",0.121666666666667
"8671",0.123333333333333
"8672",0.123333333333333
"8673",0.121666666666667
"8674",0.121666666666667
"8675",0.121666666666667
"8676",0.121666666666667
"8677",0.125
"8678",0.123333333333333
"8679",0.121666666666667
"8680",0.125
"8681",0.121666666666667
"8682",0.121666666666667
"8683",0.123333333333333
"8684",0.121666666666667
"8685",0.125
"8686",0.123333333333333
"8687",0.123333333333333
"8688",0.121666666666667
"8689",0.125
"8690",0.123333333333333
"8691",0.125
"8692",0.125
"8693",0.125
"8694",0.125
"8695",0.123333333333333
"8696",0.125
"8697",0.125
"8698",0.123333333333333
"8699",0.123333333333333
"8700",0.123333333333333
"8701",0.12
"8702",0.123333333333333
"8703",0.121666666666667
"8704",0.12
"8705",0.123333333333333
"8706",0.12
"8707",0.12
"8708",0.121666666666667
"8709",0.12
"8710",0.123333333333333
"8711",0.121666666666667
"8712",0.121666666666667
"8713",0.12
"8714",0.123333333333333
"8715",0.121666666666667
"8716",0.123333333333333
"8717",0.123333333333333
"8718",0.123333333333333
"8719",0.123333333333333
"8720",0.121666666666667
"8721",0.123333333333333
"8722",0.123333333333333
"8723",0.121666666666667
"8724",0.121666666666667
"8725",0.121666666666667
"8726",0.121666666666667
"8727",0.125
"8728",0.123333333333333
"8729",0.121666666666667
"8730",0.125
"8731",0.121666666666667
"8732",0.121666666666667
"8733",0.123333333333333
"8734",0.121666666666667
"8735",0.125
"8736",0.123333333333333
"8737",0.123333333333333
"8738",0.121666666666667
"8739",0.125
"8740",0.123333333333333
"8741",0.125
"8742",0.125
"8743",0.125
"8744",0.125
"8745",0.123333333333333
"8746",0.125
"8747",0.125
"8748",0.123333333333333
"8749",0.123333333333333
"8750",0.123333333333333
"8751",0.12
"8752",0.123333333333333
"8753",0.121666666666667
"8754",0.12
"8755",0.123333333333333
"8756",0.12
"8757",0.12
"8758",0.121666666666667
"8759",0.12
"8760",0.123333333333333
"8761",0.121666666666667
"8762",0.121666666666667
"8763",0.12
"8764",0.123333333333333
"8765",0.121666666666667
"8766",0.123333333333333
"8767",0.123333333333333
"8768",0.123333333333333
"8769",0.123333333333333
"8770",0.121666666666667
"8771",0.123333333333333
"8772",0.123333333333333
"8773",0.121666666666667
"8774",0.121666666666667
"8775",0.121666666666667
"8776",0.121666666666667
"8777",0.125
"8778",0.123333333333333
"8779",0.121666666666667
"8780",0.125
"8781",0.121666666666667
"8782",0.121666666666667
"8783",0.123333333333333
"8784",0.121666666666667
"8785",0.125
"8786",0.123333333333333
"8787",0.123333333333333
"8788",0.121666666666667
"8789",0.125
"8790",0.123333333333333
"8791",0.125
"8792",0.125
"8793",0.125
"8794",0.125
"8795",0.123333333333333
"8796",0.125
"8797",0.125
"8798",0.123333333333333
"8799",0.123333333333333
"8800",0.123333333333333
"8801",0.121666666666667
"8802",0.125
"8803",0.123333333333333
"8804",0.121666666666667
"8805",0.125
"8806",0.121666666666667
"8807",0.121666666666667
"8808",0.123333333333333
"8809",0.121666666666667
"8810",0.125
"8811",0.123333333333333
"8812",0.123333333333333
"8813",0.121666666666667
"8814",0.125
"8815",0.123333333333333
"8816",0.125
"8817",0.125
"8818",0.125
"8819",0.125
"8820",0.123333333333333
"8821",0.125
"8822",0.125
"8823",0.123333333333333
"8824",0.123333333333333
"8825",0.123333333333333
"8826",0.121666666666667
"8827",0.125
"8828",0.123333333333333
"8829",0.121666666666667
"8830",0.125
"8831",0.121666666666667
"8832",0.121666666666667
"8833",0.123333333333333
"8834",0.121666666666667
"8835",0.125
"8836",0.123333333333333
"8837",0.123333333333333
"8838",0.121666666666667
"8839",0.125
"8840",0.123333333333333
"8841",0.125
"8842",0.125
"8843",0.125
"8844",0.125
"8845",0.123333333333333
"8846",0.125
"8847",0.125
"8848",0.123333333333333
"8849",0.123333333333333
"8850",0.123333333333333
"8851",0.12
"8852",0.123333333333333
"8853",0.121666666666667
"8854",0.12
"8855",0.123333333333333
"8856",0.12
"8857",0.12
"8858",0.121666666666667
"8859",0.12
"8860",0.123333333333333
"8861",0.121666666666667
"8862",0.121666666666667
"8863",0.12
"8864",0.123333333333333
"8865",0.121666666666667
"8866",0.123333333333333
"8867",0.123333333333333
"8868",0.123333333333333
"8869",0.123333333333333
"8870",0.121666666666667
"8871",0.123333333333333
"8872",0.123333333333333
"8873",0.121666666666667
"8874",0.121666666666667
"8875",0.121666666666667
"8876",0.136666666666667
"8877",0.14
"8878",0.138333333333333
"8879",0.138333333333333
"8880",0.136666666666667
"8881",0.136666666666667
"8882",0.136666666666667
"8883",0.138333333333333
"8884",0.136666666666667
"8885",0.136666666666667
"8886",0.138333333333333
"8887",0.138333333333333
"8888",0.136666666666667
"8889",0.14
"8890",0.138333333333333
"8891",0.136666666666667
"8892",0.14
"8893",0.136666666666667
"8894",0.136666666666667
"8895",0.138333333333333
"8896",0.14
"8897",0.136666666666667
"8898",0.138333333333333
"8899",0.138333333333333
"8900",0.138333333333333
"8901",0.136666666666667
"8902",0.14
"8903",0.138333333333333
"8904",0.138333333333333
"8905",0.136666666666667
"8906",0.136666666666667
"8907",0.136666666666667
"8908",0.138333333333333
"8909",0.136666666666667
"8910",0.136666666666667
"8911",0.138333333333333
"8912",0.138333333333333
"8913",0.136666666666667
"8914",0.14
"8915",0.138333333333333
"8916",0.136666666666667
"8917",0.14
"8918",0.136666666666667
"8919",0.136666666666667
"8920",0.138333333333333
"8921",0.14
"8922",0.136666666666667
"8923",0.138333333333333
"8924",0.138333333333333
"8925",0.138333333333333
"8926",0.135
"8927",0.138333333333333
"8928",0.136666666666667
"8929",0.136666666666667
"8930",0.135
"8931",0.135
"8932",0.135
"8933",0.136666666666667
"8934",0.135
"8935",0.135
"8936",0.136666666666667
"8937",0.136666666666667
"8938",0.135
"8939",0.138333333333333
"8940",0.136666666666667
"8941",0.135
"8942",0.138333333333333
"8943",0.135
"8944",0.135
"8945",0.136666666666667
"8946",0.138333333333333
"8947",0.135
"8948",0.136666666666667
"8949",0.136666666666667
"8950",0.136666666666667
"8951",0.136666666666667
"8952",0.14
"8953",0.138333333333333
"8954",0.138333333333333
"8955",0.136666666666667
"8956",0.136666666666667
"8957",0.136666666666667
"8958",0.138333333333333
"8959",0.136666666666667
"8960",0.136666666666667
"8961",0.138333333333333
"8962",0.138333333333333
"8963",0.136666666666667
"8964",0.14
"8965",0.138333333333333
"8966",0.136666666666667
"8967",0.14
"8968",0.136666666666667
"8969",0.136666666666667
"8970",0.138333333333333
"8971",0.14
"8972",0.136666666666667
"8973",0.138333333333333
"8974",0.138333333333333
"8975",0.138333333333333
"8976",0.11
"8977",0.113333333333333
"8978",0.111666666666667
"8979",0.113333333333333
"8980",0.11
"8981",0.11
"8982",0.11
"8983",0.111666666666667
"8984",0.11
"8985",0.11
"8986",0.111666666666667
"8987",0.111666666666667
"8988",0.11
"8989",0.113333333333333
"8990",0.111666666666667
"8991",0.11
"8992",0.113333333333333
"8993",0.11
"8994",0.11
"8995",0.111666666666667
"8996",0.113333333333333
"8997",0.11
"8998",0.111666666666667
"8999",0.111666666666667
"9000",0.111666666666667
"9001",0.11
"9002",0.113333333333333
"9003",0.111666666666667
"9004",0.113333333333333
"9005",0.11
"9006",0.11
"9007",0.11
"9008",0.111666666666667
"9009",0.11
"9010",0.11
"9011",0.111666666666667
"9012",0.111666666666667
"9013",0.11
"9014",0.113333333333333
"9015",0.111666666666667
"9016",0.11
"9017",0.113333333333333
"9018",0.11
"9019",0.11
"9020",0.111666666666667
"9021",0.113333333333333
"9022",0.11
"9023",0.111666666666667
"9024",0.111666666666667
"9025",0.111666666666667
"9026",0.11
"9027",0.113333333333333
"9028",0.111666666666667
"9029",0.113333333333333
"9030",0.11
"9031",0.11
"9032",0.11
"9033",0.111666666666667
"9034",0.11
"9035",0.11
"9036",0.111666666666667
"9037",0.111666666666667
"9038",0.11
"9039",0.113333333333333
"9040",0.111666666666667
"9041",0.11
"9042",0.113333333333333
"9043",0.11
"9044",0.11
"9045",0.111666666666667
"9046",0.113333333333333
"9047",0.11
"9048",0.111666666666667
"9049",0.111666666666667
"9050",0.111666666666667
"9051",0.11
"9052",0.113333333333333
"9053",0.111666666666667
"9054",0.113333333333333
"9055",0.11
"9056",0.11
"9057",0.11
"9058",0.111666666666667
"9059",0.11
"9060",0.11
"9061",0.111666666666667
"9062",0.111666666666667
"9063",0.11
"9064",0.113333333333333
"9065",0.111666666666667
"9066",0.11
"9067",0.113333333333333
"9068",0.11
"9069",0.11
"9070",0.111666666666667
"9071",0.113333333333333
"9072",0.11
"9073",0.111666666666667
"9074",0.111666666666667
"9075",0.111666666666667
"9076",0.113333333333333
"9077",0.116666666666667
"9078",0.115
"9079",0.116666666666667
"9080",0.116666666666667
"9081",0.113333333333333
"9082",0.113333333333333
"9083",0.115
"9084",0.113333333333333
"9085",0.116666666666667
"9086",0.115
"9087",0.115
"9088",0.113333333333333
"9089",0.116666666666667
"9090",0.115
"9091",0.116666666666667
"9092",0.116666666666667
"9093",0.116666666666667
"9094",0.116666666666667
"9095",0.115
"9096",0.116666666666667
"9097",0.116666666666667
"9098",0.115
"9099",0.115
"9100",0.115
"9101",0.11
"9102",0.113333333333333
"9103",0.111666666666667
"9104",0.113333333333333
"9105",0.11
"9106",0.11
"9107",0.11
"9108",0.111666666666667
"9109",0.11
"9110",0.11
"9111",0.111666666666667
"9112",0.111666666666667
"9113",0.11
"9114",0.113333333333333
"9115",0.111666666666667
"9116",0.11
"9117",0.113333333333333
"9118",0.11
"9119",0.11
"9120",0.111666666666667
"9121",0.113333333333333
"9122",0.11
"9123",0.111666666666667
"9124",0.111666666666667
"9125",0.111666666666667
"9126",0.111666666666667
"9127",0.115
"9128",0.113333333333333
"9129",0.115
"9130",0.111666666666667
"9131",0.111666666666667
"9132",0.111666666666667
"9133",0.113333333333333
"9134",0.111666666666667
"9135",0.111666666666667
"9136",0.113333333333333
"9137",0.113333333333333
"9138",0.111666666666667
"9139",0.115
"9140",0.113333333333333
"9141",0.111666666666667
"9142",0.115
"9143",0.111666666666667
"9144",0.111666666666667
"9145",0.113333333333333
"9146",0.115
"9147",0.111666666666667
"9148",0.113333333333333
"9149",0.113333333333333
"9150",0.113333333333333
"9151",0.108333333333333
"9152",0.111666666666667
"9153",0.11
"9154",0.111666666666667
"9155",0.108333333333333
"9156",0.108333333333333
"9157",0.108333333333333
"9158",0.11
"9159",0.108333333333333
"9160",0.108333333333333
"9161",0.11
"9162",0.11
"9163",0.108333333333333
"9164",0.111666666666667
"9165",0.11
"9166",0.108333333333333
"9167",0.111666666666667
"9168",0.108333333333333
"9169",0.108333333333333
"9170",0.11
"9171",0.111666666666667
"9172",0.108333333333333
"9173",0.11
"9174",0.11
"9175",0.11
"9176",0.113333333333333
"9177",0.116666666666667
"9178",0.115
"9179",0.116666666666667
"9180",0.113333333333333
"9181",0.113333333333333
"9182",0.113333333333333
"9183",0.115
"9184",0.113333333333333
"9185",0.113333333333333
"9186",0.115
"9187",0.115
"9188",0.113333333333333
"9189",0.116666666666667
"9190",0.115
"9191",0.113333333333333
"9192",0.116666666666667
"9193",0.113333333333333
"9194",0.113333333333333
"9195",0.115
"9196",0.116666666666667
"9197",0.113333333333333
"9198",0.115
"9199",0.115
"9200",0.115
"9201",0.11
"9202",0.113333333333333
"9203",0.111666666666667
"9204",0.113333333333333
"9205",0.11
"9206",0.11
"9207",0.11
"9208",0.111666666666667
"9209",0.11
"9210",0.11
"9211",0.111666666666667
"9212",0.111666666666667
"9213",0.11
"9214",0.113333333333333
"9215",0.111666666666667
"9216",0.11
"9217",0.113333333333333
"9218",0.11
"9219",0.11
"9220",0.111666666666667
"9221",0.113333333333333
"9222",0.11
"9223",0.111666666666667
"9224",0.111666666666667
"9225",0.111666666666667
"9226",0.141666666666667
"9227",0.141666666666667
"9228",0.14
"9229",0.141666666666667
"9230",0.141666666666667
"9231",0.141666666666667
"9232",0.141666666666667
"9233",0.14
"9234",0.141666666666667
"9235",0.141666666666667
"9236",0.14
"9237",0.14
"9238",0.141666666666667
"9239",0.141666666666667
"9240",0.14
"9241",0.141666666666667
"9242",0.141666666666667
"9243",0.141666666666667
"9244",0.141666666666667
"9245",0.14
"9246",0.141666666666667
"9247",0.141666666666667
"9248",0.14
"9249",0.14
"9250",0.14
"9251",0.141666666666667
"9252",0.141666666666667
"9253",0.14
"9254",0.141666666666667
"9255",0.141666666666667
"9256",0.141666666666667
"9257",0.141666666666667
"9258",0.14
"9259",0.141666666666667
"9260",0.141666666666667
"9261",0.14
"9262",0.14
"9263",0.141666666666667
"9264",0.141666666666667
"9265",0.14
"9266",0.141666666666667
"9267",0.141666666666667
"9268",0.141666666666667
"9269",0.141666666666667
"9270",0.14
"9271",0.141666666666667
"9272",0.141666666666667
"9273",0.14
"9274",0.14
"9275",0.14
"9276",0.141666666666667
"9277",0.141666666666667
"9278",0.14
"9279",0.141666666666667
"9280",0.141666666666667
"9281",0.141666666666667
"9282",0.141666666666667
"9283",0.14
"9284",0.141666666666667
"9285",0.141666666666667
"9286",0.14
"9287",0.14
"9288",0.141666666666667
"9289",0.141666666666667
"9290",0.14
"9291",0.141666666666667
"9292",0.141666666666667
"9293",0.141666666666667
"9294",0.141666666666667
"9295",0.14
"9296",0.141666666666667
"9297",0.141666666666667
"9298",0.14
"9299",0.14
"9300",0.14
"9301",0.11
"9302",0.113333333333333
"9303",0.111666666666667
"9304",0.116666666666667
"9305",0.113333333333333
"9306",0.11
"9307",0.11
"9308",0.111666666666667
"9309",0.11
"9310",0.113333333333333
"9311",0.111666666666667
"9312",0.111666666666667
"9313",0.11
"9314",0.113333333333333
"9315",0.111666666666667
"9316",0.113333333333333
"9317",0.113333333333333
"9318",0.113333333333333
"9319",0.113333333333333
"9320",0.111666666666667
"9321",0.113333333333333
"9322",0.113333333333333
"9323",0.111666666666667
"9324",0.111666666666667
"9325",0.111666666666667
"9326",0.108333333333333
"9327",0.111666666666667
"9328",0.11
"9329",0.115
"9330",0.111666666666667
"9331",0.108333333333333
"9332",0.108333333333333
"9333",0.11
"9334",0.108333333333333
"9335",0.111666666666667
"9336",0.11
"9337",0.11
"9338",0.108333333333333
"9339",0.111666666666667
"9340",0.11
"9341",0.111666666666667
"9342",0.111666666666667
"9343",0.111666666666667
"9344",0.111666666666667
"9345",0.11
"9346",0.111666666666667
"9347",0.111666666666667
"9348",0.11
"9349",0.11
"9350",0.11
"9351",0.113333333333333
"9352",0.116666666666667
"9353",0.115
"9354",0.12
"9355",0.116666666666667
"9356",0.113333333333333
"9357",0.113333333333333
"9358",0.115
"9359",0.113333333333333
"9360",0.116666666666667
"9361",0.115
"9362",0.115
"9363",0.113333333333333
"9364",0.116666666666667
"9365",0.115
"9366",0.116666666666667
"9367",0.116666666666667
"9368",0.116666666666667
"9369",0.116666666666667
"9370",0.115
"9371",0.116666666666667
"9372",0.116666666666667
"9373",0.115
"9374",0.115
"9375",0.115
"9376",0.113333333333333
"9377",0.116666666666667
"9378",0.115
"9379",0.12
"9380",0.116666666666667
"9381",0.113333333333333
"9382",0.113333333333333
"9383",0.115
"9384",0.113333333333333
"9385",0.116666666666667
"9386",0.115
"9387",0.115
"9388",0.113333333333333
"9389",0.116666666666667
"9390",0.115
"9391",0.116666666666667
"9392",0.116666666666667
"9393",0.116666666666667
"9394",0.116666666666667
"9395",0.115
"9396",0.116666666666667
"9397",0.116666666666667
"9398",0.115
"9399",0.115
"9400",0.115
"9401",0.128333333333333
"9402",0.128333333333333
"9403",0.126666666666667
"9404",0.125
"9405",0.128333333333333
"9406",0.128333333333333
"9407",0.128333333333333
"9408",0.126666666666667
"9409",0.128333333333333
"9410",0.128333333333333
"9411",0.126666666666667
"9412",0.126666666666667
"9413",0.128333333333333
"9414",0.128333333333333
"9415",0.126666666666667
"9416",0.128333333333333
"9417",0.128333333333333
"9418",0.128333333333333
"9419",0.128333333333333
"9420",0.126666666666667
"9421",0.128333333333333
"9422",0.128333333333333
"9423",0.126666666666667
"9424",0.126666666666667
"9425",0.126666666666667
"9426",0.131666666666667
"9427",0.131666666666667
"9428",0.13
"9429",0.128333333333333
"9430",0.131666666666667
"9431",0.131666666666667
"9432",0.131666666666667
"9433",0.13
"9434",0.131666666666667
"9435",0.131666666666667
"9436",0.13
"9437",0.13
"9438",0.131666666666667
"9439",0.131666666666667
"9440",0.13
"9441",0.131666666666667
"9442",0.131666666666667
"9443",0.131666666666667
"9444",0.131666666666667
"9445",0.13
"9446",0.131666666666667
"9447",0.131666666666667
"9448",0.13
"9449",0.13
"9450",0.13
"9451",0.128333333333333
"9452",0.128333333333333
"9453",0.126666666666667
"9454",0.125
"9455",0.128333333333333
"9456",0.128333333333333
"9457",0.128333333333333
"9458",0.126666666666667
"9459",0.128333333333333
"9460",0.128333333333333
"9461",0.126666666666667
"9462",0.126666666666667
"9463",0.128333333333333
"9464",0.128333333333333
"9465",0.126666666666667
"9466",0.128333333333333
"9467",0.128333333333333
"9468",0.128333333333333
"9469",0.128333333333333
"9470",0.126666666666667
"9471",0.128333333333333
"9472",0.128333333333333
"9473",0.126666666666667
"9474",0.126666666666667
"9475",0.126666666666667
"9476",0.128333333333333
"9477",0.128333333333333
"9478",0.126666666666667
"9479",0.125
"9480",0.128333333333333
"9481",0.128333333333333
"9482",0.128333333333333
"9483",0.126666666666667
"9484",0.128333333333333
"9485",0.128333333333333
"9486",0.126666666666667
"9487",0.126666666666667
"9488",0.128333333333333
"9489",0.128333333333333
"9490",0.126666666666667
"9491",0.128333333333333
"9492",0.128333333333333
"9493",0.128333333333333
"9494",0.128333333333333
"9495",0.126666666666667
"9496",0.128333333333333
"9497",0.128333333333333
"9498",0.126666666666667
"9499",0.126666666666667
"9500",0.126666666666667
"9501",0.13
"9502",0.13
"9503",0.128333333333333
"9504",0.126666666666667
"9505",0.13
"9506",0.13
"9507",0.13
"9508",0.128333333333333
"9509",0.13
"9510",0.13
"9511",0.128333333333333
"9512",0.128333333333333
"9513",0.13
"9514",0.13
"9515",0.128333333333333
"9516",0.13
"9517",0.13
"9518",0.13
"9519",0.13
"9520",0.128333333333333
"9521",0.13
"9522",0.13
"9523",0.128333333333333
"9524",0.128333333333333
"9525",0.128333333333333
"9526",0.13
"9527",0.13
"9528",0.128333333333333
"9529",0.126666666666667
"9530",0.126666666666667
"9531",0.13
"9532",0.13
"9533",0.128333333333333
"9534",0.13
"9535",0.126666666666667
"9536",0.128333333333333
"9537",0.128333333333333
"9538",0.13
"9539",0.13
"9540",0.128333333333333
"9541",0.126666666666667
"9542",0.13
"9543",0.126666666666667
"9544",0.126666666666667
"9545",0.128333333333333
"9546",0.13
"9547",0.126666666666667
"9548",0.128333333333333
"9549",0.128333333333333
"9550",0.128333333333333
"9551",0.13
"9552",0.13
"9553",0.128333333333333
"9554",0.126666666666667
"9555",0.126666666666667
"9556",0.13
"9557",0.13
"9558",0.128333333333333
"9559",0.13
"9560",0.126666666666667
"9561",0.128333333333333
"9562",0.128333333333333
"9563",0.13
"9564",0.13
"9565",0.128333333333333
"9566",0.126666666666667
"9567",0.13
"9568",0.126666666666667
"9569",0.126666666666667
"9570",0.128333333333333
"9571",0.13
"9572",0.126666666666667
"9573",0.128333333333333
"9574",0.128333333333333
"9575",0.128333333333333
"9576",0.13
"9577",0.13
"9578",0.128333333333333
"9579",0.126666666666667
"9580",0.13
"9581",0.13
"9582",0.13
"9583",0.128333333333333
"9584",0.13
"9585",0.13
"9586",0.128333333333333
"9587",0.128333333333333
"9588",0.13
"9589",0.13
"9590",0.128333333333333
"9591",0.13
"9592",0.13
"9593",0.13
"9594",0.13
"9595",0.128333333333333
"9596",0.13
"9597",0.13
"9598",0.128333333333333
"9599",0.128333333333333
"9600",0.128333333333333
"9601",0.136666666666667
"9602",0.136666666666667
"9603",0.135
"9604",0.133333333333333
"9605",0.133333333333333
"9606",0.136666666666667
"9607",0.136666666666667
"9608",0.135
"9609",0.136666666666667
"9610",0.133333333333333
"9611",0.135
"9612",0.135
"9613",0.136666666666667
"9614",0.136666666666667
"9615",0.135
"9616",0.133333333333333
"9617",0.136666666666667
"9618",0.133333333333333
"9619",0.133333333333333
"9620",0.135
"9621",0.136666666666667
"9622",0.133333333333333
"9623",0.135
"9624",0.135
"9625",0.135
"9626",0.13
"9627",0.13
"9628",0.128333333333333
"9629",0.126666666666667
"9630",0.126666666666667
"9631",0.13
"9632",0.13
"9633",0.128333333333333
"9634",0.13
"9635",0.126666666666667
"9636",0.128333333333333
"9637",0.128333333333333
"9638",0.13
"9639",0.13
"9640",0.128333333333333
"9641",0.126666666666667
"9642",0.13
"9643",0.126666666666667
"9644",0.126666666666667
"9645",0.128333333333333
"9646",0.13
"9647",0.126666666666667
"9648",0.128333333333333
"9649",0.128333333333333
"9650",0.128333333333333
"9651",0.128333333333333
"9652",0.128333333333333
"9653",0.126666666666667
"9654",0.125
"9655",0.128333333333333
"9656",0.128333333333333
"9657",0.128333333333333
"9658",0.126666666666667
"9659",0.128333333333333
"9660",0.128333333333333
"9661",0.126666666666667
"9662",0.126666666666667
"9663",0.128333333333333
"9664",0.128333333333333
"9665",0.126666666666667
"9666",0.128333333333333
"9667",0.128333333333333
"9668",0.128333333333333
"9669",0.128333333333333
"9670",0.126666666666667
"9671",0.128333333333333
"9672",0.128333333333333
"9673",0.126666666666667
"9674",0.126666666666667
"9675",0.126666666666667
"9676",0.13
"9677",0.13
"9678",0.128333333333333
"9679",0.126666666666667
"9680",0.126666666666667
"9681",0.13
"9682",0.13
"9683",0.128333333333333
"9684",0.13
"9685",0.126666666666667
"9686",0.128333333333333
"9687",0.128333333333333
"9688",0.13
"9689",0.13
"9690",0.128333333333333
"9691",0.126666666666667
"9692",0.13
"9693",0.126666666666667
"9694",0.126666666666667
"9695",0.128333333333333
"9696",0.13
"9697",0.126666666666667
"9698",0.128333333333333
"9699",0.128333333333333
"9700",0.128333333333333
"9701",0.131666666666667
"9702",0.131666666666667
"9703",0.13
"9704",0.128333333333333
"9705",0.128333333333333
"9706",0.131666666666667
"9707",0.131666666666667
"9708",0.13
"9709",0.131666666666667
"9710",0.128333333333333
"9711",0.13
"9712",0.13
"9713",0.131666666666667
"9714",0.131666666666667
"9715",0.13
"9716",0.128333333333333
"9717",0.131666666666667
"9718",0.128333333333333
"9719",0.128333333333333
"9720",0.13
"9721",0.131666666666667
"9722",0.128333333333333
"9723",0.13
"9724",0.13
"9725",0.13
"9726",0.133333333333333
"9727",0.133333333333333
"9728",0.131666666666667
"9729",0.13
"9730",0.13
"9731",0.133333333333333
"9732",0.133333333333333
"9733",0.131666666666667
"9734",0.133333333333333
"9735",0.13
"9736",0.131666666666667
"9737",0.131666666666667
"9738",0.133333333333333
"9739",0.133333333333333
"9740",0.131666666666667
"9741",0.13
"9742",0.133333333333333
"9743",0.13
"9744",0.13
"9745",0.131666666666667
"9746",0.133333333333333
"9747",0.13
"9748",0.131666666666667
"9749",0.131666666666667
"9750",0.131666666666667
"9751",0.128333333333333
"9752",0.128333333333333
"9753",0.126666666666667
"9754",0.125
"9755",0.128333333333333
"9756",0.128333333333333
"9757",0.128333333333333
"9758",0.126666666666667
"9759",0.128333333333333
"9760",0.128333333333333
"9761",0.126666666666667
"9762",0.126666666666667
"9763",0.128333333333333
"9764",0.128333333333333
"9765",0.126666666666667
"9766",0.128333333333333
"9767",0.128333333333333
"9768",0.128333333333333
"9769",0.128333333333333
"9770",0.126666666666667
"9771",0.128333333333333
"9772",0.128333333333333
"9773",0.126666666666667
"9774",0.126666666666667
"9775",0.126666666666667
"9776",0.13
"9777",0.13
"9778",0.128333333333333
"9779",0.126666666666667
"9780",0.126666666666667
"9781",0.13
"9782",0.13
"9783",0.128333333333333
"9784",0.13
"9785",0.126666666666667
"9786",0.128333333333333
"9787",0.128333333333333
"9788",0.13
"9789",0.13
"9790",0.128333333333333
"9791",0.126666666666667
"9792",0.13
"9793",0.126666666666667
"9794",0.126666666666667
"9795",0.128333333333333
"9796",0.13
"9797",0.126666666666667
"9798",0.128333333333333
"9799",0.128333333333333
"9800",0.128333333333333
"9801",0.136666666666667
"9802",0.136666666666667
"9803",0.135
"9804",0.133333333333333
"9805",0.133333333333333
"9806",0.136666666666667
"9807",0.136666666666667
"9808",0.135
"9809",0.136666666666667
"9810",0.133333333333333
"9811",0.135
"9812",0.135
"9813",0.136666666666667
"9814",0.136666666666667
"9815",0.135
"9816",0.133333333333333
"9817",0.136666666666667
"9818",0.133333333333333
"9819",0.133333333333333
"9820",0.135
"9821",0.136666666666667
"9822",0.133333333333333
"9823",0.135
"9824",0.135
"9825",0.135
"9826",0.135
"9827",0.135
"9828",0.133333333333333
"9829",0.131666666666667
"9830",0.131666666666667
"9831",0.135
"9832",0.135
"9833",0.133333333333333
"9834",0.135
"9835",0.131666666666667
"9836",0.133333333333333
"9837",0.133333333333333
"9838",0.135
"9839",0.135
"9840",0.133333333333333
"9841",0.131666666666667
"9842",0.135
"9843",0.131666666666667
"9844",0.131666666666667
"9845",0.133333333333333
"9846",0.135
"9847",0.131666666666667
"9848",0.133333333333333
"9849",0.133333333333333
"9850",0.133333333333333
"9851",0.133333333333333
"9852",0.133333333333333
"9853",0.131666666666667
"9854",0.13
"9855",0.13
"9856",0.133333333333333
"9857",0.133333333333333
"9858",0.131666666666667
"9859",0.133333333333333
"9860",0.13
"9861",0.131666666666667
"9862",0.131666666666667
"9863",0.133333333333333
"9864",0.133333333333333
"9865",0.131666666666667
"9866",0.13
"9867",0.133333333333333
"9868",0.13
"9869",0.13
"9870",0.131666666666667
"9871",0.133333333333333
"9872",0.13
"9873",0.131666666666667
"9874",0.131666666666667
"9875",0.131666666666667
"9876",0.135
"9877",0.135
"9878",0.133333333333333
"9879",0.131666666666667
"9880",0.131666666666667
"9881",0.135
"9882",0.135
"9883",0.133333333333333
"9884",0.135
"9885",0.131666666666667
"9886",0.133333333333333
"9887",0.133333333333333
"9888",0.135
"9889",0.135
"9890",0.133333333333333
"9891",0.131666666666667
"9892",0.135
"9893",0.131666666666667
"9894",0.131666666666667
"9895",0.133333333333333
"9896",0.135
"9897",0.131666666666667
"9898",0.133333333333333
"9899",0.133333333333333
"9900",0.133333333333333
"9901",0.135
"9902",0.135
"9903",0.133333333333333
"9904",0.131666666666667
"9905",0.131666666666667
"9906",0.135
"9907",0.135
"9908",0.133333333333333
"9909",0.135
"9910",0.131666666666667
"9911",0.133333333333333
"9912",0.133333333333333
"9913",0.135
"9914",0.135
"9915",0.133333333333333
"9916",0.131666666666667
"9917",0.135
"9918",0.131666666666667
"9919",0.131666666666667
"9920",0.133333333333333
"9921",0.135
"9922",0.131666666666667
"9923",0.133333333333333
"9924",0.133333333333333
"9925",0.133333333333333
"9926",0.135
"9927",0.135
"9928",0.133333333333333
"9929",0.131666666666667
"9930",0.131666666666667
"9931",0.135
"9932",0.135
"9933",0.133333333333333
"9934",0.135
"9935",0.131666666666667
"9936",0.133333333333333
"9937",0.133333333333333
"9938",0.135
"9939",0.135
"9940",0.133333333333333
"9941",0.131666666666667
"9942",0.135
"9943",0.131666666666667
"9944",0.131666666666667
"9945",0.133333333333333
"9946",0.135
"9947",0.131666666666667
"9948",0.133333333333333
"9949",0.133333333333333
"9950",0.133333333333333
"9951",0.131666666666667
"9952",0.131666666666667
"9953",0.13
"9954",0.128333333333333
"9955",0.128333333333333
"9956",0.131666666666667
"9957",0.131666666666667
"9958",0.13
"9959",0.131666666666667
"9960",0.128333333333333
"9961",0.13
"9962",0.13
"9963",0.131666666666667
"9964",0.131666666666667
"9965",0.13
"9966",0.128333333333333
"9967",0.131666666666667
"9968",0.128333333333333
"9969",0.128333333333333
"9970",0.13
"9971",0.131666666666667
"9972",0.128333333333333
"9973",0.13
"9974",0.13
"9975",0.13
"9976",0.128333333333333
"9977",0.128333333333333
"9978",0.126666666666667
"9979",0.125
"9980",0.128333333333333
"9981",0.128333333333333
"9982",0.128333333333333
"9983",0.126666666666667
"9984",0.128333333333333
"9985",0.128333333333333
"9986",0.126666666666667
"9987",0.126666666666667
"9988",0.128333333333333
"9989",0.128333333333333
"9990",0.126666666666667
"9991",0.128333333333333
"9992",0.128333333333333
"9993",0.128333333333333
"9994",0.128333333333333
"9995",0.126666666666667
"9996",0.128333333333333
"9997",0.128333333333333
"9998",0.126666666666667
"9999",0.126666666666667
"10000",0.126666666666667
"10001",0.136666666666667
"10002",0.136666666666667
"10003",0.135
"10004",0.133333333333333
"10005",0.133333333333333
"10006",0.136666666666667
"10007",0.136666666666667
"10008",0.135
"10009",0.136666666666667
"10010",0.133333333333333
"10011",0.135
"10012",0.135
"10013",0.136666666666667
"10014",0.136666666666667
"10015",0.135
"10016",0.133333333333333
"10017",0.136666666666667
"10018",0.133333333333333
"10019",0.133333333333333
"10020",0.135
"10021",0.136666666666667
"10022",0.133333333333333
"10023",0.135
"10024",0.135
"10025",0.135
"10026",0.136666666666667
"10027",0.136666666666667
"10028",0.135
"10029",0.133333333333333
"10030",0.133333333333333
"10031",0.136666666666667
"10032",0.136666666666667
"10033",0.135
"10034",0.136666666666667
"10035",0.133333333333333
"10036",0.135
"10037",0.135
"10038",0.136666666666667
"10039",0.136666666666667
"10040",0.135
"10041",0.133333333333333
"10042",0.136666666666667
"10043",0.133333333333333
"10044",0.133333333333333
"10045",0.135
"10046",0.136666666666667
"10047",0.133333333333333
"10048",0.135
"10049",0.135
"10050",0.135
"10051",0.13
"10052",0.13
"10053",0.128333333333333
"10054",0.126666666666667
"10055",0.126666666666667
"10056",0.13
"10057",0.13
"10058",0.128333333333333
"10059",0.13
"10060",0.126666666666667
"10061",0.128333333333333
"10062",0.128333333333333
"10063",0.13
"10064",0.13
"10065",0.128333333333333
"10066",0.126666666666667
"10067",0.13
"10068",0.126666666666667
"10069",0.126666666666667
"10070",0.128333333333333
"10071",0.13
"10072",0.126666666666667
"10073",0.128333333333333
"10074",0.128333333333333
"10075",0.128333333333333
"10076",0.106666666666667
"10077",0.11
"10078",0.108333333333333
"10079",0.113333333333333
"10080",0.11
"10081",0.106666666666667
"10082",0.106666666666667
"10083",0.108333333333333
"10084",0.106666666666667
"10085",0.11
"10086",0.108333333333333
"10087",0.108333333333333
"10088",0.106666666666667
"10089",0.11
"10090",0.108333333333333
"10091",0.11
"10092",0.11
"10093",0.11
"10094",0.11
"10095",0.108333333333333
"10096",0.11
"10097",0.11
"10098",0.108333333333333
"10099",0.108333333333333
"10100",0.108333333333333
"10101",0.126666666666667
"10102",0.13
"10103",0.128333333333333
"10104",0.13
"10105",0.128333333333333
"10106",0.126666666666667
"10107",0.126666666666667
"10108",0.128333333333333
"10109",0.126666666666667
"10110",0.128333333333333
"10111",0.128333333333333
"10112",0.128333333333333
"10113",0.126666666666667
"10114",0.13
"10115",0.128333333333333
"10116",0.128333333333333
"10117",0.13
"10118",0.128333333333333
"10119",0.128333333333333
"10120",0.128333333333333
"10121",0.13
"10122",0.128333333333333
"10123",0.128333333333333
"10124",0.128333333333333
"10125",0.128333333333333
"10126",0.126666666666667
"10127",0.13
"10128",0.128333333333333
"10129",0.13
"10130",0.128333333333333
"10131",0.126666666666667
"10132",0.126666666666667
"10133",0.128333333333333
"10134",0.126666666666667
"10135",0.128333333333333
"10136",0.128333333333333
"10137",0.128333333333333
"10138",0.126666666666667
"10139",0.13
"10140",0.128333333333333
"10141",0.128333333333333
"10142",0.13
"10143",0.128333333333333
"10144",0.128333333333333
"10145",0.128333333333333
"10146",0.13
"10147",0.128333333333333
"10148",0.128333333333333
"10149",0.128333333333333
"10150",0.128333333333333
"10151",0.125
"10152",0.128333333333333
"10153",0.126666666666667
"10154",0.128333333333333
"10155",0.126666666666667
"10156",0.125
"10157",0.125
"10158",0.126666666666667
"10159",0.125
"10160",0.126666666666667
"10161",0.126666666666667
"10162",0.126666666666667
"10163",0.125
"10164",0.128333333333333
"10165",0.126666666666667
"10166",0.126666666666667
"10167",0.128333333333333
"10168",0.126666666666667
"10169",0.126666666666667
"10170",0.126666666666667
"10171",0.128333333333333
"10172",0.126666666666667
"10173",0.126666666666667
"10174",0.126666666666667
"10175",0.126666666666667
"10176",0.141666666666667
"10177",0.145
"10178",0.143333333333333
"10179",0.146666666666667
"10180",0.145
"10181",0.141666666666667
"10182",0.141666666666667
"10183",0.143333333333333
"10184",0.141666666666667
"10185",0.145
"10186",0.143333333333333
"10187",0.143333333333333
"10188",0.141666666666667
"10189",0.145
"10190",0.143333333333333
"10191",0.145
"10192",0.145
"10193",0.145
"10194",0.145
"10195",0.143333333333333
"10196",0.145
"10197",0.145
"10198",0.143333333333333
"10199",0.143333333333333
"10200",0.143333333333333
"10201",0.141666666666667
"10202",0.145
"10203",0.143333333333333
"10204",0.146666666666667
"10205",0.145
"10206",0.141666666666667
"10207",0.141666666666667
"10208",0.143333333333333
"10209",0.141666666666667
"10210",0.145
"10211",0.143333333333333
"10212",0.143333333333333
"10213",0.141666666666667
"10214",0.145
"10215",0.143333333333333
"10216",0.145
"10217",0.145
"10218",0.145
"10219",0.145
"10220",0.143333333333333
"10221",0.145
"10222",0.145
"10223",0.143333333333333
"10224",0.143333333333333
"10225",0.143333333333333
"10226",0.141666666666667
"10227",0.145
"10228",0.143333333333333
"10229",0.146666666666667
"10230",0.145
"10231",0.141666666666667
"10232",0.141666666666667
"10233",0.143333333333333
"10234",0.141666666666667
"10235",0.145
"10236",0.143333333333333
"10237",0.143333333333333
"10238",0.141666666666667
"10239",0.145
"10240",0.143333333333333
"10241",0.145
"10242",0.145
"10243",0.145
"10244",0.145
"10245",0.143333333333333
"10246",0.145
"10247",0.145
"10248",0.143333333333333
"10249",0.143333333333333
"10250",0.143333333333333
"10251",0.123333333333333
"10252",0.123333333333333
"10253",0.121666666666667
"10254",0.12
"10255",0.12
"10256",0.123333333333333
"10257",0.123333333333333
"10258",0.121666666666667
"10259",0.123333333333333
"10260",0.12
"10261",0.121666666666667
"10262",0.121666666666667
"10263",0.123333333333333
"10264",0.123333333333333
"10265",0.121666666666667
"10266",0.12
"10267",0.123333333333333
"10268",0.12
"10269",0.12
"10270",0.121666666666667
"10271",0.123333333333333
"10272",0.12
"10273",0.121666666666667
"10274",0.121666666666667
"10275",0.121666666666667
"10276",0.121666666666667
"10277",0.121666666666667
"10278",0.12
"10279",0.118333333333333
"10280",0.118333333333333
"10281",0.121666666666667
"10282",0.121666666666667
"10283",0.12
"10284",0.121666666666667
"10285",0.118333333333333
"10286",0.12
"10287",0.12
"10288",0.121666666666667
"10289",0.121666666666667
"10290",0.12
"10291",0.118333333333333
"10292",0.121666666666667
"10293",0.118333333333333
"10294",0.118333333333333
"10295",0.12
"10296",0.121666666666667
"10297",0.118333333333333
"10298",0.12
"10299",0.12
"10300",0.12
"10301",0.123333333333333
"10302",0.123333333333333
"10303",0.121666666666667
"10304",0.12
"10305",0.12
"10306",0.123333333333333
"10307",0.123333333333333
"10308",0.121666666666667
"10309",0.123333333333333
"10310",0.12
"10311",0.121666666666667
"10312",0.121666666666667
"10313",0.123333333333333
"10314",0.123333333333333
"10315",0.121666666666667
"10316",0.12
"10317",0.123333333333333
"10318",0.12
"10319",0.12
"10320",0.121666666666667
"10321",0.123333333333333
"10322",0.12
"10323",0.121666666666667
"10324",0.121666666666667
"10325",0.121666666666667
"10326",0.123333333333333
"10327",0.123333333333333
"10328",0.121666666666667
"10329",0.12
"10330",0.12
"10331",0.123333333333333
"10332",0.123333333333333
"10333",0.121666666666667
"10334",0.123333333333333
"10335",0.12
"10336",0.121666666666667
"10337",0.121666666666667
"10338",0.123333333333333
"10339",0.123333333333333
"10340",0.121666666666667
"10341",0.12
"10342",0.123333333333333
"10343",0.12
"10344",0.12
"10345",0.121666666666667
"10346",0.123333333333333
"10347",0.12
"10348",0.121666666666667
"10349",0.121666666666667
"10350",0.121666666666667
"10351",0.123333333333333
"10352",0.123333333333333
"10353",0.121666666666667
"10354",0.12
"10355",0.12
"10356",0.123333333333333
"10357",0.123333333333333
"10358",0.121666666666667
"10359",0.123333333333333
"10360",0.12
"10361",0.121666666666667
"10362",0.121666666666667
"10363",0.123333333333333
"10364",0.123333333333333
"10365",0.121666666666667
"10366",0.12
"10367",0.123333333333333
"10368",0.12
"10369",0.12
"10370",0.121666666666667
"10371",0.123333333333333
"10372",0.12
"10373",0.121666666666667
"10374",0.121666666666667
"10375",0.121666666666667
"10376",0.123333333333333
"10377",0.123333333333333
"10378",0.121666666666667
"10379",0.12
"10380",0.12
"10381",0.123333333333333
"10382",0.123333333333333
"10383",0.121666666666667
"10384",0.123333333333333
"10385",0.12
"10386",0.121666666666667
"10387",0.121666666666667
"10388",0.123333333333333
"10389",0.123333333333333
"10390",0.121666666666667
"10391",0.12
"10392",0.123333333333333
"10393",0.12
"10394",0.12
"10395",0.121666666666667
"10396",0.123333333333333
"10397",0.12
"10398",0.121666666666667
"10399",0.121666666666667
"10400",0.121666666666667
"10401",0.123333333333333
"10402",0.123333333333333
"10403",0.121666666666667
"10404",0.12
"10405",0.12
"10406",0.123333333333333
"10407",0.123333333333333
"10408",0.121666666666667
"10409",0.123333333333333
"10410",0.12
"10411",0.121666666666667
"10412",0.121666666666667
"10413",0.123333333333333
"10414",0.123333333333333
"10415",0.121666666666667
"10416",0.12
"10417",0.123333333333333
"10418",0.12
"10419",0.12
"10420",0.121666666666667
"10421",0.123333333333333
"10422",0.12
"10423",0.121666666666667
"10424",0.121666666666667
"10425",0.121666666666667
"10426",0.123333333333333
"10427",0.123333333333333
"10428",0.121666666666667
"10429",0.12
"10430",0.12
"10431",0.123333333333333
"10432",0.123333333333333
"10433",0.121666666666667
"10434",0.123333333333333
"10435",0.12
"10436",0.121666666666667
"10437",0.121666666666667
"10438",0.123333333333333
"10439",0.123333333333333
"10440",0.121666666666667
"10441",0.12
"10442",0.123333333333333
"10443",0.12
"10444",0.12
"10445",0.121666666666667
"10446",0.123333333333333
"10447",0.12
"10448",0.121666666666667
"10449",0.121666666666667
"10450",0.121666666666667
"10451",0.123333333333333
"10452",0.123333333333333
"10453",0.121666666666667
"10454",0.12
"10455",0.12
"10456",0.123333333333333
"10457",0.123333333333333
"10458",0.121666666666667
"10459",0.123333333333333
"10460",0.12
"10461",0.121666666666667
"10462",0.121666666666667
"10463",0.123333333333333
"10464",0.123333333333333
"10465",0.121666666666667
"10466",0.12
"10467",0.123333333333333
"10468",0.12
"10469",0.12
"10470",0.121666666666667
"10471",0.123333333333333
"10472",0.12
"10473",0.121666666666667
"10474",0.121666666666667
"10475",0.121666666666667
"10476",0.123333333333333
"10477",0.123333333333333
"10478",0.121666666666667
"10479",0.12
"10480",0.12
"10481",0.123333333333333
"10482",0.123333333333333
"10483",0.121666666666667
"10484",0.123333333333333
"10485",0.12
"10486",0.121666666666667
"10487",0.121666666666667
"10488",0.123333333333333
"10489",0.123333333333333
"10490",0.121666666666667
"10491",0.12
"10492",0.123333333333333
"10493",0.12
"10494",0.12
"10495",0.121666666666667
"10496",0.123333333333333
"10497",0.12
"10498",0.121666666666667
"10499",0.121666666666667
"10500",0.121666666666667
"10501",0.123333333333333
"10502",0.123333333333333
"10503",0.121666666666667
"10504",0.12
"10505",0.12
"10506",0.123333333333333
"10507",0.123333333333333
"10508",0.121666666666667
"10509",0.123333333333333
"10510",0.12
"10511",0.121666666666667
"10512",0.121666666666667
"10513",0.123333333333333
"10514",0.123333333333333
"10515",0.121666666666667
"10516",0.12
"10517",0.123333333333333
"10518",0.12
"10519",0.12
"10520",0.121666666666667
"10521",0.123333333333333
"10522",0.12
"10523",0.121666666666667
"10524",0.121666666666667
"10525",0.121666666666667
"10526",0.123333333333333
"10527",0.123333333333333
"10528",0.121666666666667
"10529",0.12
"10530",0.12
"10531",0.123333333333333
"10532",0.123333333333333
"10533",0.121666666666667
"10534",0.123333333333333
"10535",0.12
"10536",0.121666666666667
"10537",0.121666666666667
"10538",0.123333333333333
"10539",0.123333333333333
"10540",0.121666666666667
"10541",0.12
"10542",0.123333333333333
"10543",0.12
"10544",0.12
"10545",0.121666666666667
"10546",0.123333333333333
"10547",0.12
"10548",0.121666666666667
"10549",0.121666666666667
"10550",0.121666666666667
"10551",0.123333333333333
"10552",0.123333333333333
"10553",0.121666666666667
"10554",0.12
"10555",0.12
"10556",0.123333333333333
"10557",0.123333333333333
"10558",0.121666666666667
"10559",0.123333333333333
"10560",0.12
"10561",0.121666666666667
"10562",0.121666666666667
"10563",0.123333333333333
"10564",0.123333333333333
"10565",0.121666666666667
"10566",0.12
"10567",0.123333333333333
"10568",0.12
"10569",0.12
"10570",0.121666666666667
"10571",0.123333333333333
"10572",0.12
"10573",0.121666666666667
"10574",0.121666666666667
"10575",0.121666666666667
"10576",0.123333333333333
"10577",0.123333333333333
"10578",0.121666666666667
"10579",0.12
"10580",0.12
"10581",0.123333333333333
"10582",0.123333333333333
"10583",0.121666666666667
"10584",0.123333333333333
"10585",0.12
"10586",0.121666666666667
"10587",0.121666666666667
"10588",0.123333333333333
"10589",0.123333333333333
"10590",0.121666666666667
"10591",0.12
"10592",0.123333333333333
"10593",0.12
"10594",0.12
"10595",0.121666666666667
"10596",0.123333333333333
"10597",0.12
"10598",0.121666666666667
"10599",0.121666666666667
"10600",0.121666666666667
"10601",0.123333333333333
"10602",0.123333333333333
"10603",0.121666666666667
"10604",0.12
"10605",0.12
"10606",0.123333333333333
"10607",0.123333333333333
"10608",0.121666666666667
"10609",0.123333333333333
"10610",0.12
"10611",0.121666666666667
"10612",0.121666666666667
"10613",0.123333333333333
"10614",0.123333333333333
"10615",0.121666666666667
"10616",0.12
"10617",0.123333333333333
"10618",0.12
"10619",0.12
"10620",0.121666666666667
"10621",0.123333333333333
"10622",0.12
"10623",0.121666666666667
"10624",0.121666666666667
"10625",0.121666666666667
"10626",0.123333333333333
"10627",0.123333333333333
"10628",0.121666666666667
"10629",0.12
"10630",0.12
"10631",0.123333333333333
"10632",0.123333333333333
"10633",0.121666666666667
"10634",0.123333333333333
"10635",0.12
"10636",0.121666666666667
"10637",0.121666666666667
"10638",0.123333333333333
"10639",0.123333333333333
"10640",0.121666666666667
"10641",0.12
"10642",0.123333333333333
"10643",0.12
"10644",0.12
"10645",0.121666666666667
"10646",0.123333333333333
"10647",0.12
"10648",0.121666666666667
"10649",0.121666666666667
"10650",0.121666666666667
"10651",0.133333333333333
"10652",0.136666666666667
"10653",0.135
"10654",0.138333333333333
"10655",0.136666666666667
"10656",0.133333333333333
"10657",0.133333333333333
"10658",0.135
"10659",0.133333333333333
"10660",0.136666666666667
"10661",0.135
"10662",0.135
"10663",0.133333333333333
"10664",0.136666666666667
"10665",0.135
"10666",0.136666666666667
"10667",0.136666666666667
"10668",0.136666666666667
"10669",0.136666666666667
"10670",0.135
"10671",0.136666666666667
"10672",0.136666666666667
"10673",0.135
"10674",0.135
"10675",0.135
"10676",0.133333333333333
"10677",0.136666666666667
"10678",0.135
"10679",0.138333333333333
"10680",0.136666666666667
"10681",0.133333333333333
"10682",0.133333333333333
"10683",0.135
"10684",0.133333333333333
"10685",0.136666666666667
"10686",0.135
"10687",0.135
"10688",0.133333333333333
"10689",0.136666666666667
"10690",0.135
"10691",0.136666666666667
"10692",0.136666666666667
"10693",0.136666666666667
"10694",0.136666666666667
"10695",0.135
"10696",0.136666666666667
"10697",0.136666666666667
"10698",0.135
"10699",0.135
"10700",0.135
"10701",0.135
"10702",0.138333333333333
"10703",0.136666666666667
"10704",0.14
"10705",0.138333333333333
"10706",0.135
"10707",0.135
"10708",0.136666666666667
"10709",0.135
"10710",0.138333333333333
"10711",0.136666666666667
"10712",0.136666666666667
"10713",0.135
"10714",0.138333333333333
"10715",0.136666666666667
"10716",0.138333333333333
"10717",0.138333333333333
"10718",0.138333333333333
"10719",0.138333333333333
"10720",0.136666666666667
"10721",0.138333333333333
"10722",0.138333333333333
"10723",0.136666666666667
"10724",0.136666666666667
"10725",0.136666666666667
"10726",0.131666666666667
"10727",0.131666666666667
"10728",0.13
"10729",0.128333333333333
"10730",0.128333333333333
"10731",0.131666666666667
"10732",0.131666666666667
"10733",0.13
"10734",0.131666666666667
"10735",0.128333333333333
"10736",0.13
"10737",0.13
"10738",0.131666666666667
"10739",0.131666666666667
"10740",0.13
"10741",0.128333333333333
"10742",0.131666666666667
"10743",0.128333333333333
"10744",0.128333333333333
"10745",0.13
"10746",0.131666666666667
"10747",0.128333333333333
"10748",0.13
"10749",0.13
"10750",0.13
"10751",0.131666666666667
"10752",0.131666666666667
"10753",0.13
"10754",0.128333333333333
"10755",0.128333333333333
"10756",0.131666666666667
"10757",0.131666666666667
"10758",0.13
"10759",0.131666666666667
"10760",0.128333333333333
"10761",0.13
"10762",0.13
"10763",0.131666666666667
"10764",0.131666666666667
"10765",0.13
"10766",0.128333333333333
"10767",0.131666666666667
"10768",0.128333333333333
"10769",0.128333333333333
"10770",0.13
"10771",0.131666666666667
"10772",0.128333333333333
"10773",0.13
"10774",0.13
"10775",0.13
"10776",0.131666666666667
"10777",0.131666666666667
"10778",0.13
"10779",0.128333333333333
"10780",0.128333333333333
"10781",0.131666666666667
"10782",0.131666666666667
"10783",0.13
"10784",0.131666666666667
"10785",0.128333333333333
"10786",0.13
"10787",0.13
"10788",0.131666666666667
"10789",0.131666666666667
"10790",0.13
"10791",0.128333333333333
"10792",0.131666666666667
"10793",0.128333333333333
"10794",0.128333333333333
"10795",0.13
"10796",0.131666666666667
"10797",0.128333333333333
"10798",0.13
"10799",0.13
"10800",0.13
"10801",0.111666666666667
"10802",0.111666666666667
"10803",0.11
"10804",0.111666666666667
"10805",0.111666666666667
"10806",0.111666666666667
"10807",0.111666666666667
"10808",0.11
"10809",0.111666666666667
"10810",0.111666666666667
"10811",0.11
"10812",0.11
"10813",0.111666666666667
"10814",0.111666666666667
"10815",0.11
"10816",0.111666666666667
"10817",0.111666666666667
"10818",0.111666666666667
"10819",0.111666666666667
"10820",0.11
"10821",0.111666666666667
"10822",0.111666666666667
"10823",0.11
"10824",0.11
"10825",0.11
"10826",0.111666666666667
"10827",0.111666666666667
"10828",0.11
"10829",0.108333333333333
"10830",0.111666666666667
"10831",0.111666666666667
"10832",0.111666666666667
"10833",0.11
"10834",0.111666666666667
"10835",0.111666666666667
"10836",0.11
"10837",0.11
"10838",0.111666666666667
"10839",0.111666666666667
"10840",0.11
"10841",0.111666666666667
"10842",0.111666666666667
"10843",0.111666666666667
"10844",0.111666666666667
"10845",0.11
"10846",0.111666666666667
"10847",0.111666666666667
"10848",0.11
"10849",0.11
"10850",0.11
"10851",0.111666666666667
"10852",0.111666666666667
"10853",0.11
"10854",0.108333333333333
"10855",0.111666666666667
"10856",0.111666666666667
"10857",0.111666666666667
"10858",0.11
"10859",0.111666666666667
"10860",0.111666666666667
"10861",0.11
"10862",0.11
"10863",0.111666666666667
"10864",0.111666666666667
"10865",0.11
"10866",0.111666666666667
"10867",0.111666666666667
"10868",0.111666666666667
"10869",0.111666666666667
"10870",0.11
"10871",0.111666666666667
"10872",0.111666666666667
"10873",0.11
"10874",0.11
"10875",0.11
"10876",0.12
"10877",0.12
"10878",0.118333333333333
"10879",0.116666666666667
"10880",0.116666666666667
"10881",0.12
"10882",0.12
"10883",0.118333333333333
"10884",0.12
"10885",0.116666666666667
"10886",0.118333333333333
"10887",0.118333333333333
"10888",0.12
"10889",0.12
"10890",0.118333333333333
"10891",0.116666666666667
"10892",0.12
"10893",0.116666666666667
"10894",0.116666666666667
"10895",0.118333333333333
"10896",0.12
"10897",0.116666666666667
"10898",0.118333333333333
"10899",0.118333333333333
"10900",0.118333333333333
"10901",0.111666666666667
"10902",0.111666666666667
"10903",0.11
"10904",0.108333333333333
"10905",0.111666666666667
"10906",0.111666666666667
"10907",0.111666666666667
"10908",0.11
"10909",0.111666666666667
"10910",0.111666666666667
"10911",0.11
"10912",0.11
"10913",0.111666666666667
"10914",0.111666666666667
"10915",0.11
"10916",0.111666666666667
"10917",0.111666666666667
"10918",0.111666666666667
"10919",0.111666666666667
"10920",0.11
"10921",0.111666666666667
"10922",0.111666666666667
"10923",0.11
"10924",0.11
"10925",0.11
"10926",0.111666666666667
"10927",0.111666666666667
"10928",0.11
"10929",0.108333333333333
"10930",0.111666666666667
"10931",0.111666666666667
"10932",0.111666666666667
"10933",0.11
"10934",0.111666666666667
"10935",0.111666666666667
"10936",0.11
"10937",0.11
"10938",0.111666666666667
"10939",0.111666666666667
"10940",0.11
"10941",0.111666666666667
"10942",0.111666666666667
"10943",0.111666666666667
"10944",0.111666666666667
"10945",0.11
"10946",0.111666666666667
"10947",0.111666666666667
"10948",0.11
"10949",0.11
"10950",0.11
"10951",0.111666666666667
"10952",0.111666666666667
"10953",0.11
"10954",0.108333333333333
"10955",0.111666666666667
"10956",0.111666666666667
"10957",0.111666666666667
"10958",0.11
"10959",0.111666666666667
"10960",0.111666666666667
"10961",0.11
"10962",0.11
"10963",0.111666666666667
"10964",0.111666666666667
"10965",0.11
"10966",0.111666666666667
"10967",0.111666666666667
"10968",0.111666666666667
"10969",0.111666666666667
"10970",0.11
"10971",0.111666666666667
"10972",0.111666666666667
"10973",0.11
"10974",0.11
"10975",0.11
"10976",0.111666666666667
"10977",0.111666666666667
"10978",0.11
"10979",0.108333333333333
"10980",0.111666666666667
"10981",0.111666666666667
"10982",0.111666666666667
"10983",0.11
"10984",0.111666666666667
"10985",0.111666666666667
"10986",0.11
"10987",0.11
"10988",0.111666666666667
"10989",0.111666666666667
"10990",0.11
"10991",0.111666666666667
"10992",0.111666666666667
"10993",0.111666666666667
"10994",0.111666666666667
"10995",0.11
"10996",0.111666666666667
"10997",0.111666666666667
"10998",0.11
"10999",0.11
"11000",0.11
"11001",0.111666666666667
"11002",0.111666666666667
"11003",0.11
"11004",0.108333333333333
"11005",0.111666666666667
"11006",0.111666666666667
"11007",0.111666666666667
"11008",0.11
"11009",0.111666666666667
"11010",0.111666666666667
"11011",0.11
"11012",0.11
"11013",0.111666666666667
"11014",0.111666666666667
"11015",0.11
"11016",0.111666666666667
"11017",0.111666666666667
"11018",0.111666666666667
"11019",0.111666666666667
"11020",0.11
"11021",0.111666666666667
"11022",0.111666666666667
"11023",0.11
"11024",0.11
"11025",0.11
"11026",0.111666666666667
"11027",0.111666666666667
"11028",0.11
"11029",0.111666666666667
"11030",0.111666666666667
"11031",0.111666666666667
"11032",0.111666666666667
"11033",0.11
"11034",0.111666666666667
"11035",0.111666666666667
"11036",0.11
"11037",0.11
"11038",0.111666666666667
"11039",0.111666666666667
"11040",0.11
"11041",0.111666666666667
"11042",0.111666666666667
"11043",0.111666666666667
"11044",0.111666666666667
"11045",0.11
"11046",0.111666666666667
"11047",0.111666666666667
"11048",0.11
"11049",0.11
"11050",0.11
"11051",0.115
"11052",0.115
"11053",0.113333333333333
"11054",0.115
"11055",0.111666666666667
"11056",0.115
"11057",0.115
"11058",0.113333333333333
"11059",0.115
"11060",0.111666666666667
"11061",0.113333333333333
"11062",0.113333333333333
"11063",0.115
"11064",0.115
"11065",0.113333333333333
"11066",0.111666666666667
"11067",0.115
"11068",0.111666666666667
"11069",0.111666666666667
"11070",0.113333333333333
"11071",0.115
"11072",0.111666666666667
"11073",0.113333333333333
"11074",0.113333333333333
"11075",0.113333333333333
"11076",0.11
"11077",0.11
"11078",0.108333333333333
"11079",0.11
"11080",0.11
"11081",0.11
"11082",0.11
"11083",0.108333333333333
"11084",0.11
"11085",0.11
"11086",0.108333333333333
"11087",0.108333333333333
"11088",0.11
"11089",0.11
"11090",0.108333333333333
"11091",0.11
"11092",0.11
"11093",0.11
"11094",0.11
"11095",0.108333333333333
"11096",0.11
"11097",0.11
"11098",0.108333333333333
"11099",0.108333333333333
"11100",0.108333333333333
"11101",0.11
"11102",0.11
"11103",0.108333333333333
"11104",0.11
"11105",0.11
"11106",0.11
"11107",0.11
"11108",0.108333333333333
"11109",0.11
"11110",0.11
"11111",0.108333333333333
"11112",0.108333333333333
"11113",0.11
"11114",0.11
"11115",0.108333333333333
"11116",0.11
"11117",0.11
"11118",0.11
"11119",0.11
"11120",0.108333333333333
"11121",0.11
"11122",0.11
"11123",0.108333333333333
"11124",0.108333333333333
"11125",0.108333333333333
"11126",0.115
"11127",0.115
"11128",0.113333333333333
"11129",0.115
"11130",0.111666666666667
"11131",0.115
"11132",0.115
"11133",0.113333333333333
"11134",0.115
"11135",0.111666666666667
"11136",0.113333333333333
"11137",0.113333333333333
"11138",0.115
"11139",0.115
"11140",0.113333333333333
"11141",0.111666666666667
"11142",0.115
"11143",0.111666666666667
"11144",0.111666666666667
"11145",0.113333333333333
"11146",0.115
"11147",0.111666666666667
"11148",0.113333333333333
"11149",0.113333333333333
"11150",0.113333333333333
"11151",0.113333333333333
"11152",0.113333333333333
"11153",0.111666666666667
"11154",0.113333333333333
"11155",0.113333333333333
"11156",0.113333333333333
"11157",0.113333333333333
"11158",0.111666666666667
"11159",0.113333333333333
"11160",0.113333333333333
"11161",0.111666666666667
"11162",0.111666666666667
"11163",0.113333333333333
"11164",0.113333333333333
"11165",0.111666666666667
"11166",0.113333333333333
"11167",0.113333333333333
"11168",0.113333333333333
"11169",0.113333333333333
"11170",0.111666666666667
"11171",0.113333333333333
"11172",0.113333333333333
"11173",0.111666666666667
"11174",0.111666666666667
"11175",0.111666666666667
"11176",0.115
"11177",0.115
"11178",0.113333333333333
"11179",0.115
"11180",0.115
"11181",0.115
"11182",0.115
"11183",0.113333333333333
"11184",0.115
"11185",0.115
"11186",0.113333333333333
"11187",0.113333333333333
"11188",0.115
"11189",0.115
"11190",0.113333333333333
"11191",0.115
"11192",0.115
"11193",0.115
"11194",0.115
"11195",0.113333333333333
"11196",0.115
"11197",0.115
"11198",0.113333333333333
"11199",0.113333333333333
"11200",0.113333333333333
"11201",0.115
"11202",0.115
"11203",0.113333333333333
"11204",0.115
"11205",0.115
"11206",0.115
"11207",0.115
"11208",0.113333333333333
"11209",0.115
"11210",0.115
"11211",0.113333333333333
"11212",0.113333333333333
"11213",0.115
"11214",0.115
"11215",0.113333333333333
"11216",0.115
"11217",0.115
"11218",0.115
"11219",0.115
"11220",0.113333333333333
"11221",0.115
"11222",0.115
"11223",0.113333333333333
"11224",0.113333333333333
"11225",0.113333333333333
"11226",0.111666666666667
"11227",0.111666666666667
"11228",0.11
"11229",0.111666666666667
"11230",0.111666666666667
"11231",0.111666666666667
"11232",0.111666666666667
"11233",0.11
"11234",0.111666666666667
"11235",0.111666666666667
"11236",0.11
"11237",0.11
"11238",0.111666666666667
"11239",0.111666666666667
"11240",0.11
"11241",0.111666666666667
"11242",0.111666666666667
"11243",0.111666666666667
"11244",0.111666666666667
"11245",0.11
"11246",0.111666666666667
"11247",0.111666666666667
"11248",0.11
"11249",0.11
"11250",0.11
"11251",0.11
"11252",0.11
"11253",0.108333333333333
"11254",0.11
"11255",0.11
"11256",0.11
"11257",0.11
"11258",0.108333333333333
"11259",0.11
"11260",0.11
"11261",0.108333333333333
"11262",0.108333333333333
"11263",0.11
"11264",0.11
"11265",0.108333333333333
"11266",0.11
"11267",0.11
"11268",0.11
"11269",0.11
"11270",0.108333333333333
"11271",0.11
"11272",0.11
"11273",0.108333333333333
"11274",0.108333333333333
"11275",0.108333333333333
"11276",0.111666666666667
"11277",0.111666666666667
"11278",0.11
"11279",0.111666666666667
"11280",0.111666666666667
"11281",0.111666666666667
"11282",0.111666666666667
"11283",0.11
"11284",0.111666666666667
"11285",0.111666666666667
"11286",0.11
"11287",0.11
"11288",0.111666666666667
"11289",0.111666666666667
"11290",0.11
"11291",0.111666666666667
"11292",0.111666666666667
"11293",0.111666666666667
"11294",0.111666666666667
"11295",0.11
"11296",0.111666666666667
"11297",0.111666666666667
"11298",0.11
"11299",0.11
"11300",0.11
"11301",0.115
"11302",0.115
"11303",0.113333333333333
"11304",0.115
"11305",0.111666666666667
"11306",0.115
"11307",0.115
"11308",0.113333333333333
"11309",0.115
"11310",0.111666666666667
"11311",0.113333333333333
"11312",0.113333333333333
"11313",0.115
"11314",0.115
"11315",0.113333333333333
"11316",0.111666666666667
"11317",0.115
"11318",0.111666666666667
"11319",0.111666666666667
"11320",0.113333333333333
"11321",0.115
"11322",0.111666666666667
"11323",0.113333333333333
"11324",0.113333333333333
"11325",0.113333333333333
"11326",0.111666666666667
"11327",0.111666666666667
"11328",0.11
"11329",0.111666666666667
"11330",0.111666666666667
"11331",0.111666666666667
"11332",0.111666666666667
"11333",0.11
"11334",0.111666666666667
"11335",0.111666666666667
"11336",0.11
"11337",0.11
"11338",0.111666666666667
"11339",0.111666666666667
"11340",0.11
"11341",0.111666666666667
"11342",0.111666666666667
"11343",0.111666666666667
"11344",0.111666666666667
"11345",0.11
"11346",0.111666666666667
"11347",0.111666666666667
"11348",0.11
"11349",0.11
"11350",0.11
"11351",0.148333333333333
"11352",0.148333333333333
"11353",0.15
"11354",0.148333333333333
"11355",0.148333333333333
"11356",0.148333333333333
"11357",0.148333333333333
"11358",0.15
"11359",0.148333333333333
"11360",0.148333333333333
"11361",0.15
"11362",0.15
"11363",0.148333333333333
"11364",0.148333333333333
"11365",0.15
"11366",0.148333333333333
"11367",0.148333333333333
"11368",0.148333333333333
"11369",0.148333333333333
"11370",0.15
"11371",0.148333333333333
"11372",0.148333333333333
"11373",0.15
"11374",0.15
"11375",0.15
"11376",0.151666666666667
"11377",0.151666666666667
"11378",0.153333333333333
"11379",0.151666666666667
"11380",0.151666666666667
"11381",0.151666666666667
"11382",0.151666666666667
"11383",0.153333333333333
"11384",0.151666666666667
"11385",0.151666666666667
"11386",0.153333333333333
"11387",0.153333333333333
"11388",0.151666666666667
"11389",0.151666666666667
"11390",0.153333333333333
"11391",0.151666666666667
"11392",0.151666666666667
"11393",0.151666666666667
"11394",0.151666666666667
"11395",0.153333333333333
"11396",0.151666666666667
"11397",0.151666666666667
"11398",0.153333333333333
"11399",0.153333333333333
"11400",0.153333333333333
"11401",0.151666666666667
"11402",0.151666666666667
"11403",0.153333333333333
"11404",0.151666666666667
"11405",0.151666666666667
"11406",0.151666666666667
"11407",0.151666666666667
"11408",0.153333333333333
"11409",0.151666666666667
"11410",0.151666666666667
"11411",0.153333333333333
"11412",0.153333333333333
"11413",0.151666666666667
"11414",0.151666666666667
"11415",0.153333333333333
"11416",0.151666666666667
"11417",0.151666666666667
"11418",0.151666666666667
"11419",0.151666666666667
"11420",0.153333333333333
"11421",0.151666666666667
"11422",0.151666666666667
"11423",0.153333333333333
"11424",0.153333333333333
"11425",0.153333333333333
"11426",0.15
"11427",0.15
"11428",0.151666666666667
"11429",0.15
"11430",0.15
"11431",0.15
"11432",0.15
"11433",0.151666666666667
"11434",0.15
"11435",0.15
"11436",0.151666666666667
"11437",0.151666666666667
"11438",0.15
"11439",0.15
"11440",0.151666666666667
"11441",0.15
"11442",0.15
"11443",0.15
"11444",0.15
"11445",0.151666666666667
"11446",0.15
"11447",0.15
"11448",0.151666666666667
"11449",0.151666666666667
"11450",0.151666666666667
"11451",0.151666666666667
"11452",0.151666666666667
"11453",0.153333333333333
"11454",0.151666666666667
"11455",0.148333333333333
"11456",0.151666666666667
"11457",0.151666666666667
"11458",0.153333333333333
"11459",0.151666666666667
"11460",0.148333333333333
"11461",0.153333333333333
"11462",0.153333333333333
"11463",0.151666666666667
"11464",0.151666666666667
"11465",0.153333333333333
"11466",0.148333333333333
"11467",0.151666666666667
"11468",0.148333333333333
"11469",0.148333333333333
"11470",0.153333333333333
"11471",0.151666666666667
"11472",0.148333333333333
"11473",0.153333333333333
"11474",0.153333333333333
"11475",0.153333333333333
"11476",0.148333333333333
"11477",0.148333333333333
"11478",0.15
"11479",0.148333333333333
"11480",0.148333333333333
"11481",0.148333333333333
"11482",0.148333333333333
"11483",0.15
"11484",0.148333333333333
"11485",0.148333333333333
"11486",0.15
"11487",0.15
"11488",0.148333333333333
"11489",0.148333333333333
"11490",0.15
"11491",0.148333333333333
"11492",0.148333333333333
"11493",0.148333333333333
"11494",0.148333333333333
"11495",0.15
"11496",0.148333333333333
"11497",0.148333333333333
"11498",0.15
"11499",0.15
"11500",0.15
"11501",0.15
"11502",0.15
"11503",0.151666666666667
"11504",0.15
"11505",0.15
"11506",0.15
"11507",0.15
"11508",0.151666666666667
"11509",0.15
"11510",0.15
"11511",0.151666666666667
"11512",0.151666666666667
"11513",0.15
"11514",0.15
"11515",0.151666666666667
"11516",0.15
"11517",0.15
"11518",0.15
"11519",0.15
"11520",0.151666666666667
"11521",0.15
"11522",0.15
"11523",0.151666666666667
"11524",0.151666666666667
"11525",0.151666666666667
"11526",0.15
"11527",0.15
"11528",0.151666666666667
"11529",0.15
"11530",0.15
"11531",0.15
"11532",0.15
"11533",0.151666666666667
"11534",0.15
"11535",0.15
"11536",0.151666666666667
"11537",0.151666666666667
"11538",0.15
"11539",0.15
"11540",0.151666666666667
"11541",0.15
"11542",0.15
"11543",0.15
"11544",0.15
"11545",0.151666666666667
"11546",0.15
"11547",0.15
"11548",0.151666666666667
"11549",0.151666666666667
"11550",0.151666666666667
"11551",0.151666666666667
"11552",0.151666666666667
"11553",0.153333333333333
"11554",0.151666666666667
"11555",0.148333333333333
"11556",0.151666666666667
"11557",0.151666666666667
"11558",0.153333333333333
"11559",0.151666666666667
"11560",0.148333333333333
"11561",0.153333333333333
"11562",0.153333333333333
"11563",0.151666666666667
"11564",0.151666666666667
"11565",0.153333333333333
"11566",0.148333333333333
"11567",0.151666666666667
"11568",0.148333333333333
"11569",0.148333333333333
"11570",0.153333333333333
"11571",0.151666666666667
"11572",0.148333333333333
"11573",0.153333333333333
"11574",0.153333333333333
"11575",0.153333333333333
"11576",0.15
"11577",0.15
"11578",0.151666666666667
"11579",0.15
"11580",0.15
"11581",0.15
"11582",0.15
"11583",0.151666666666667
"11584",0.15
"11585",0.15
"11586",0.151666666666667
"11587",0.151666666666667
"11588",0.15
"11589",0.15
"11590",0.151666666666667
"11591",0.15
"11592",0.15
"11593",0.15
"11594",0.15
"11595",0.151666666666667
"11596",0.15
"11597",0.15
"11598",0.151666666666667
"11599",0.151666666666667
"11600",0.151666666666667
"11601",0.15
"11602",0.15
"11603",0.151666666666667
"11604",0.15
"11605",0.15
"11606",0.15
"11607",0.15
"11608",0.151666666666667
"11609",0.15
"11610",0.15
"11611",0.151666666666667
"11612",0.151666666666667
"11613",0.15
"11614",0.15
"11615",0.151666666666667
"11616",0.15
"11617",0.15
"11618",0.15
"11619",0.15
"11620",0.151666666666667
"11621",0.15
"11622",0.15
"11623",0.151666666666667
"11624",0.151666666666667
"11625",0.151666666666667
"11626",0.148333333333333
"11627",0.148333333333333
"11628",0.15
"11629",0.148333333333333
"11630",0.148333333333333
"11631",0.148333333333333
"11632",0.148333333333333
"11633",0.15
"11634",0.148333333333333
"11635",0.148333333333333
"11636",0.15
"11637",0.15
"11638",0.148333333333333
"11639",0.148333333333333
"11640",0.15
"11641",0.148333333333333
"11642",0.148333333333333
"11643",0.148333333333333
"11644",0.148333333333333
"11645",0.15
"11646",0.148333333333333
"11647",0.148333333333333
"11648",0.15
"11649",0.15
"11650",0.15
"11651",0.106666666666667
"11652",0.106666666666667
"11653",0.105
"11654",0.108333333333333
"11655",0.106666666666667
"11656",0.106666666666667
"11657",0.106666666666667
"11658",0.105
"11659",0.106666666666667
"11660",0.106666666666667
"11661",0.105
"11662",0.105
"11663",0.106666666666667
"11664",0.106666666666667
"11665",0.105
"11666",0.106666666666667
"11667",0.106666666666667
"11668",0.106666666666667
"11669",0.106666666666667
"11670",0.105
"11671",0.106666666666667
"11672",0.106666666666667
"11673",0.105
"11674",0.105
"11675",0.105
"11676",0.105
"11677",0.105
"11678",0.103333333333333
"11679",0.106666666666667
"11680",0.105
"11681",0.105
"11682",0.105
"11683",0.103333333333333
"11684",0.105
"11685",0.105
"11686",0.103333333333333
"11687",0.103333333333333
"11688",0.105
"11689",0.105
"11690",0.103333333333333
"11691",0.105
"11692",0.105
"11693",0.105
"11694",0.105
"11695",0.103333333333333
"11696",0.105
"11697",0.105
"11698",0.103333333333333
"11699",0.103333333333333
"11700",0.103333333333333
"11701",0.103333333333333
"11702",0.103333333333333
"11703",0.101666666666667
"11704",0.105
"11705",0.103333333333333
"11706",0.103333333333333
"11707",0.103333333333333
"11708",0.101666666666667
"11709",0.103333333333333
"11710",0.103333333333333
"11711",0.101666666666667
"11712",0.101666666666667
"11713",0.103333333333333
"11714",0.103333333333333
"11715",0.101666666666667
"11716",0.103333333333333
"11717",0.103333333333333
"11718",0.103333333333333
"11719",0.103333333333333
"11720",0.101666666666667
"11721",0.103333333333333
"11722",0.103333333333333
"11723",0.101666666666667
"11724",0.101666666666667
"11725",0.101666666666667
"11726",0.106666666666667
"11727",0.106666666666667
"11728",0.105
"11729",0.108333333333333
"11730",0.106666666666667
"11731",0.106666666666667
"11732",0.106666666666667
"11733",0.105
"11734",0.106666666666667
"11735",0.106666666666667
"11736",0.105
"11737",0.105
"11738",0.106666666666667
"11739",0.106666666666667
"11740",0.105
"11741",0.106666666666667
"11742",0.106666666666667
"11743",0.106666666666667
"11744",0.106666666666667
"11745",0.105
"11746",0.106666666666667
"11747",0.106666666666667
"11748",0.105
"11749",0.105
"11750",0.105
"11751",0.105
"11752",0.105
"11753",0.103333333333333
"11754",0.106666666666667
"11755",0.105
"11756",0.105
"11757",0.105
"11758",0.103333333333333
"11759",0.105
"11760",0.105
"11761",0.103333333333333
"11762",0.103333333333333
"11763",0.105
"11764",0.105
"11765",0.103333333333333
"11766",0.105
"11767",0.105
"11768",0.105
"11769",0.105
"11770",0.103333333333333
"11771",0.105
"11772",0.105
"11773",0.103333333333333
"11774",0.103333333333333
"11775",0.103333333333333
"11776",0.106666666666667
"11777",0.106666666666667
"11778",0.105
"11779",0.108333333333333
"11780",0.106666666666667
"11781",0.106666666666667
"11782",0.106666666666667
"11783",0.105
"11784",0.106666666666667
"11785",0.106666666666667
"11786",0.105
"11787",0.105
"11788",0.106666666666667
"11789",0.106666666666667
"11790",0.105
"11791",0.106666666666667
"11792",0.106666666666667
"11793",0.106666666666667
"11794",0.106666666666667
"11795",0.105
"11796",0.106666666666667
"11797",0.106666666666667
"11798",0.105
"11799",0.105
"11800",0.105
"11801",0.106666666666667
"11802",0.106666666666667
"11803",0.105
"11804",0.108333333333333
"11805",0.106666666666667
"11806",0.106666666666667
"11807",0.106666666666667
"11808",0.105
"11809",0.106666666666667
"11810",0.106666666666667
"11811",0.105
"11812",0.105
"11813",0.106666666666667
"11814",0.106666666666667
"11815",0.105
"11816",0.106666666666667
"11817",0.106666666666667
"11818",0.106666666666667
"11819",0.106666666666667
"11820",0.105
"11821",0.106666666666667
"11822",0.106666666666667
"11823",0.105
"11824",0.105
"11825",0.105
"11826",0.106666666666667
"11827",0.106666666666667
"11828",0.105
"11829",0.108333333333333
"11830",0.106666666666667
"11831",0.106666666666667
"11832",0.106666666666667
"11833",0.105
"11834",0.106666666666667
"11835",0.106666666666667
"11836",0.105
"11837",0.105
"11838",0.106666666666667
"11839",0.106666666666667
"11840",0.105
"11841",0.106666666666667
"11842",0.106666666666667
"11843",0.106666666666667
"11844",0.106666666666667
"11845",0.105
"11846",0.106666666666667
"11847",0.106666666666667
"11848",0.105
"11849",0.105
"11850",0.105
"11851",0.123333333333333
"11852",0.123333333333333
"11853",0.121666666666667
"11854",0.123333333333333
"11855",0.121666666666667
"11856",0.123333333333333
"11857",0.123333333333333
"11858",0.121666666666667
"11859",0.123333333333333
"11860",0.121666666666667
"11861",0.121666666666667
"11862",0.121666666666667
"11863",0.123333333333333
"11864",0.123333333333333
"11865",0.121666666666667
"11866",0.121666666666667
"11867",0.123333333333333
"11868",0.121666666666667
"11869",0.121666666666667
"11870",0.121666666666667
"11871",0.123333333333333
"11872",0.121666666666667
"11873",0.121666666666667
"11874",0.121666666666667
"11875",0.121666666666667
"11876",0.135
"11877",0.135
"11878",0.133333333333333
"11879",0.131666666666667
"11880",0.135
"11881",0.135
"11882",0.135
"11883",0.133333333333333
"11884",0.135
"11885",0.135
"11886",0.133333333333333
"11887",0.133333333333333
"11888",0.135
"11889",0.135
"11890",0.133333333333333
"11891",0.135
"11892",0.135
"11893",0.135
"11894",0.135
"11895",0.133333333333333
"11896",0.135
"11897",0.135
"11898",0.133333333333333
"11899",0.133333333333333
"11900",0.133333333333333
"11901",0.133333333333333
"11902",0.133333333333333
"11903",0.131666666666667
"11904",0.13
"11905",0.133333333333333
"11906",0.133333333333333
"11907",0.133333333333333
"11908",0.131666666666667
"11909",0.133333333333333
"11910",0.133333333333333
"11911",0.131666666666667
"11912",0.131666666666667
"11913",0.133333333333333
"11914",0.133333333333333
"11915",0.131666666666667
"11916",0.133333333333333
"11917",0.133333333333333
"11918",0.133333333333333
"11919",0.133333333333333
"11920",0.131666666666667
"11921",0.133333333333333
"11922",0.133333333333333
"11923",0.131666666666667
"11924",0.131666666666667
"11925",0.131666666666667
"11926",0.115
"11927",0.115
"11928",0.113333333333333
"11929",0.118333333333333
"11930",0.111666666666667
"11931",0.115
"11932",0.115
"11933",0.113333333333333
"11934",0.115
"11935",0.111666666666667
"11936",0.113333333333333
"11937",0.113333333333333
"11938",0.115
"11939",0.115
"11940",0.113333333333333
"11941",0.111666666666667
"11942",0.115
"11943",0.111666666666667
"11944",0.111666666666667
"11945",0.113333333333333
"11946",0.115
"11947",0.111666666666667
"11948",0.113333333333333
"11949",0.113333333333333
"11950",0.113333333333333
"11951",0.115
"11952",0.115
"11953",0.113333333333333
"11954",0.118333333333333
"11955",0.111666666666667
"11956",0.115
"11957",0.115
"11958",0.113333333333333
"11959",0.115
"11960",0.111666666666667
"11961",0.113333333333333
"11962",0.113333333333333
"11963",0.115
"11964",0.115
"11965",0.113333333333333
"11966",0.111666666666667
"11967",0.115
"11968",0.111666666666667
"11969",0.111666666666667
"11970",0.113333333333333
"11971",0.115
"11972",0.111666666666667
"11973",0.113333333333333
"11974",0.113333333333333
"11975",0.113333333333333
"11976",0.12
"11977",0.12
"11978",0.118333333333333
"11979",0.123333333333333
"11980",0.116666666666667
"11981",0.12
"11982",0.12
"11983",0.118333333333333
"11984",0.12
"11985",0.116666666666667
"11986",0.118333333333333
"11987",0.118333333333333
"11988",0.12
"11989",0.12
"11990",0.118333333333333
"11991",0.116666666666667
"11992",0.12
"11993",0.116666666666667
"11994",0.116666666666667
"11995",0.118333333333333
"11996",0.12
"11997",0.116666666666667
"11998",0.118333333333333
"11999",0.118333333333333
"12000",0.118333333333333
"12001",0.12
"12002",0.12
"12003",0.118333333333333
"12004",0.123333333333333
"12005",0.116666666666667
"12006",0.12
"12007",0.12
"12008",0.118333333333333
"12009",0.12
"12010",0.116666666666667
"12011",0.118333333333333
"12012",0.118333333333333
"12013",0.12
"12014",0.12
"12015",0.118333333333333
"12016",0.116666666666667
"12017",0.12
"12018",0.116666666666667
"12019",0.116666666666667
"12020",0.118333333333333
"12021",0.12
"12022",0.116666666666667
"12023",0.118333333333333
"12024",0.118333333333333
"12025",0.118333333333333
"12026",0.12
"12027",0.12
"12028",0.118333333333333
"12029",0.123333333333333
"12030",0.116666666666667
"12031",0.12
"12032",0.12
"12033",0.118333333333333
"12034",0.12
"12035",0.116666666666667
"12036",0.118333333333333
"12037",0.118333333333333
"12038",0.12
"12039",0.12
"12040",0.118333333333333
"12041",0.116666666666667
"12042",0.12
"12043",0.116666666666667
"12044",0.116666666666667
"12045",0.118333333333333
"12046",0.12
"12047",0.116666666666667
"12048",0.118333333333333
"12049",0.118333333333333
"12050",0.118333333333333
"12051",0.12
"12052",0.12
"12053",0.118333333333333
"12054",0.123333333333333
"12055",0.116666666666667
"12056",0.12
"12057",0.12
"12058",0.118333333333333
"12059",0.12
"12060",0.116666666666667
"12061",0.118333333333333
"12062",0.118333333333333
"12063",0.12
"12064",0.12
"12065",0.118333333333333
"12066",0.116666666666667
"12067",0.12
"12068",0.116666666666667
"12069",0.116666666666667
"12070",0.118333333333333
"12071",0.12
"12072",0.116666666666667
"12073",0.118333333333333
"12074",0.118333333333333
"12075",0.118333333333333
"12076",0.12
"12077",0.12
"12078",0.118333333333333
"12079",0.123333333333333
"12080",0.116666666666667
"12081",0.12
"12082",0.12
"12083",0.118333333333333
"12084",0.12
"12085",0.116666666666667
"12086",0.118333333333333
"12087",0.118333333333333
"12088",0.12
"12089",0.12
"12090",0.118333333333333
"12091",0.116666666666667
"12092",0.12
"12093",0.116666666666667
"12094",0.116666666666667
"12095",0.118333333333333
"12096",0.12
"12097",0.116666666666667
"12098",0.118333333333333
"12099",0.118333333333333
"12100",0.118333333333333
"12101",0.12
"12102",0.12
"12103",0.118333333333333
"12104",0.123333333333333
"12105",0.116666666666667
"12106",0.12
"12107",0.12
"12108",0.118333333333333
"12109",0.12
"12110",0.116666666666667
"12111",0.118333333333333
"12112",0.118333333333333
"12113",0.12
"12114",0.12
"12115",0.118333333333333
"12116",0.116666666666667
"12117",0.12
"12118",0.116666666666667
"12119",0.116666666666667
"12120",0.118333333333333
"12121",0.12
"12122",0.116666666666667
"12123",0.118333333333333
"12124",0.118333333333333
"12125",0.118333333333333
"12126",0.12
"12127",0.12
"12128",0.118333333333333
"12129",0.123333333333333
"12130",0.116666666666667
"12131",0.12
"12132",0.12
"12133",0.118333333333333
"12134",0.12
"12135",0.116666666666667
"12136",0.118333333333333
"12137",0.118333333333333
"12138",0.12
"12139",0.12
"12140",0.118333333333333
"12141",0.116666666666667
"12142",0.12
"12143",0.116666666666667
"12144",0.116666666666667
"12145",0.118333333333333
"12146",0.12
"12147",0.116666666666667
"12148",0.118333333333333
"12149",0.118333333333333
"12150",0.118333333333333
"12151",0.12
"12152",0.12
"12153",0.118333333333333
"12154",0.123333333333333
"12155",0.116666666666667
"12156",0.12
"12157",0.12
"12158",0.118333333333333
"12159",0.12
"12160",0.116666666666667
"12161",0.118333333333333
"12162",0.118333333333333
"12163",0.12
"12164",0.12
"12165",0.118333333333333
"12166",0.116666666666667
"12167",0.12
"12168",0.116666666666667
"12169",0.116666666666667
"12170",0.118333333333333
"12171",0.12
"12172",0.116666666666667
"12173",0.118333333333333
"12174",0.118333333333333
"12175",0.118333333333333
"12176",0.12
"12177",0.12
"12178",0.118333333333333
"12179",0.123333333333333
"12180",0.116666666666667
"12181",0.12
"12182",0.12
"12183",0.118333333333333
"12184",0.12
"12185",0.116666666666667
"12186",0.118333333333333
"12187",0.118333333333333
"12188",0.12
"12189",0.12
"12190",0.118333333333333
"12191",0.116666666666667
"12192",0.12
"12193",0.116666666666667
"12194",0.116666666666667
"12195",0.118333333333333
"12196",0.12
"12197",0.116666666666667
"12198",0.118333333333333
"12199",0.118333333333333
"12200",0.118333333333333
"12201",0.118333333333333
"12202",0.118333333333333
"12203",0.116666666666667
"12204",0.121666666666667
"12205",0.115
"12206",0.118333333333333
"12207",0.118333333333333
"12208",0.116666666666667
"12209",0.118333333333333
"12210",0.115
"12211",0.116666666666667
"12212",0.116666666666667
"12213",0.118333333333333
"12214",0.118333333333333
"12215",0.116666666666667
"12216",0.115
"12217",0.118333333333333
"12218",0.115
"12219",0.115
"12220",0.116666666666667
"12221",0.118333333333333
"12222",0.115
"12223",0.116666666666667
"12224",0.116666666666667
"12225",0.116666666666667
"12226",0.12
"12227",0.12
"12228",0.118333333333333
"12229",0.123333333333333
"12230",0.116666666666667
"12231",0.12
"12232",0.12
"12233",0.118333333333333
"12234",0.12
"12235",0.116666666666667
"12236",0.118333333333333
"12237",0.118333333333333
"12238",0.12
"12239",0.12
"12240",0.118333333333333
"12241",0.116666666666667
"12242",0.12
"12243",0.116666666666667
"12244",0.116666666666667
"12245",0.118333333333333
"12246",0.12
"12247",0.116666666666667
"12248",0.118333333333333
"12249",0.118333333333333
"12250",0.118333333333333
"12251",0.12
"12252",0.12
"12253",0.118333333333333
"12254",0.123333333333333
"12255",0.116666666666667
"12256",0.12
"12257",0.12
"12258",0.118333333333333
"12259",0.12
"12260",0.116666666666667
"12261",0.118333333333333
"12262",0.118333333333333
"12263",0.12
"12264",0.12
"12265",0.118333333333333
"12266",0.116666666666667
"12267",0.12
"12268",0.116666666666667
"12269",0.116666666666667
"12270",0.118333333333333
"12271",0.12
"12272",0.116666666666667
"12273",0.118333333333333
"12274",0.118333333333333
"12275",0.118333333333333
"12276",0.136666666666667
"12277",0.14
"12278",0.138333333333333
"12279",0.141666666666667
"12280",0.14
"12281",0.136666666666667
"12282",0.136666666666667
"12283",0.138333333333333
"12284",0.136666666666667
"12285",0.14
"12286",0.138333333333333
"12287",0.138333333333333
"12288",0.136666666666667
"12289",0.14
"12290",0.138333333333333
"12291",0.14
"12292",0.14
"12293",0.14
"12294",0.14
"12295",0.138333333333333
"12296",0.14
"12297",0.14
"12298",0.138333333333333
"12299",0.138333333333333
"12300",0.138333333333333
"12301",0.156666666666667
"12302",0.156666666666667
"12303",0.155
"12304",0.156666666666667
"12305",0.153333333333333
"12306",0.156666666666667
"12307",0.156666666666667
"12308",0.155
"12309",0.156666666666667
"12310",0.153333333333333
"12311",0.155
"12312",0.155
"12313",0.156666666666667
"12314",0.156666666666667
"12315",0.155
"12316",0.153333333333333
"12317",0.156666666666667
"12318",0.153333333333333
"12319",0.153333333333333
"12320",0.155
"12321",0.156666666666667
"12322",0.153333333333333
"12323",0.155
"12324",0.155
"12325",0.155
"12326",0.131666666666667
"12327",0.131666666666667
"12328",0.13
"12329",0.128333333333333
"12330",0.128333333333333
"12331",0.131666666666667
"12332",0.131666666666667
"12333",0.13
"12334",0.131666666666667
"12335",0.128333333333333
"12336",0.13
"12337",0.13
"12338",0.131666666666667
"12339",0.131666666666667
"12340",0.13
"12341",0.128333333333333
"12342",0.131666666666667
"12343",0.128333333333333
"12344",0.128333333333333
"12345",0.13
"12346",0.131666666666667
"12347",0.128333333333333
"12348",0.13
"12349",0.13
"12350",0.13
"12351",0.131666666666667
"12352",0.131666666666667
"12353",0.13
"12354",0.128333333333333
"12355",0.128333333333333
"12356",0.131666666666667
"12357",0.131666666666667
"12358",0.13
"12359",0.131666666666667
"12360",0.128333333333333
"12361",0.13
"12362",0.13
"12363",0.131666666666667
"12364",0.131666666666667
"12365",0.13
"12366",0.128333333333333
"12367",0.131666666666667
"12368",0.128333333333333
"12369",0.128333333333333
"12370",0.13
"12371",0.131666666666667
"12372",0.128333333333333
"12373",0.13
"12374",0.13
"12375",0.13
"12376",0.158333333333333
"12377",0.158333333333333
"12378",0.156666666666667
"12379",0.158333333333333
"12380",0.155
"12381",0.158333333333333
"12382",0.158333333333333
"12383",0.156666666666667
"12384",0.158333333333333
"12385",0.155
"12386",0.156666666666667
"12387",0.156666666666667
"12388",0.158333333333333
"12389",0.158333333333333
"12390",0.156666666666667
"12391",0.155
"12392",0.158333333333333
"12393",0.155
"12394",0.155
"12395",0.156666666666667
"12396",0.158333333333333
"12397",0.155
"12398",0.156666666666667
"12399",0.156666666666667
"12400",0.156666666666667
"12401",0.136666666666667
"12402",0.14
"12403",0.138333333333333
"12404",0.138333333333333
"12405",0.136666666666667
"12406",0.136666666666667
"12407",0.136666666666667
"12408",0.138333333333333
"12409",0.136666666666667
"12410",0.136666666666667
"12411",0.138333333333333
"12412",0.138333333333333
"12413",0.136666666666667
"12414",0.14
"12415",0.138333333333333
"12416",0.136666666666667
"12417",0.14
"12418",0.136666666666667
"12419",0.136666666666667
"12420",0.138333333333333
"12421",0.14
"12422",0.136666666666667
"12423",0.138333333333333
"12424",0.138333333333333
"12425",0.138333333333333
"12426",0.11
"12427",0.113333333333333
"12428",0.111666666666667
"12429",0.113333333333333
"12430",0.11
"12431",0.11
"12432",0.11
"12433",0.111666666666667
"12434",0.11
"12435",0.11
"12436",0.111666666666667
"12437",0.111666666666667
"12438",0.11
"12439",0.113333333333333
"12440",0.111666666666667
"12441",0.11
"12442",0.113333333333333
"12443",0.11
"12444",0.11
"12445",0.111666666666667
"12446",0.113333333333333
"12447",0.11
"12448",0.111666666666667
"12449",0.111666666666667
"12450",0.111666666666667
"12451",0.126666666666667
"12452",0.13
"12453",0.128333333333333
"12454",0.13
"12455",0.128333333333333
"12456",0.126666666666667
"12457",0.126666666666667
"12458",0.128333333333333
"12459",0.126666666666667
"12460",0.128333333333333
"12461",0.128333333333333
"12462",0.128333333333333
"12463",0.126666666666667
"12464",0.13
"12465",0.128333333333333
"12466",0.128333333333333
"12467",0.13
"12468",0.128333333333333
"12469",0.128333333333333
"12470",0.128333333333333
"12471",0.13
"12472",0.128333333333333
"12473",0.128333333333333
"12474",0.128333333333333
"12475",0.128333333333333
"12476",0.125
"12477",0.128333333333333
"12478",0.126666666666667
"12479",0.128333333333333
"12480",0.126666666666667
"12481",0.125
"12482",0.125
"12483",0.126666666666667
"12484",0.125
"12485",0.126666666666667
"12486",0.126666666666667
"12487",0.126666666666667
"12488",0.125
"12489",0.128333333333333
"12490",0.126666666666667
"12491",0.126666666666667
"12492",0.128333333333333
"12493",0.126666666666667
"12494",0.126666666666667
"12495",0.126666666666667
"12496",0.128333333333333
"12497",0.126666666666667
"12498",0.126666666666667
"12499",0.126666666666667
"12500",0.126666666666667
"12501",0.125
"12502",0.128333333333333
"12503",0.126666666666667
"12504",0.128333333333333
"12505",0.126666666666667
"12506",0.125
"12507",0.125
"12508",0.126666666666667
"12509",0.125
"12510",0.126666666666667
"12511",0.126666666666667
"12512",0.126666666666667
"12513",0.125
"12514",0.128333333333333
"12515",0.126666666666667
"12516",0.126666666666667
"12517",0.128333333333333
"12518",0.126666666666667
"12519",0.126666666666667
"12520",0.126666666666667
"12521",0.128333333333333
"12522",0.126666666666667
"12523",0.126666666666667
"12524",0.126666666666667
"12525",0.126666666666667
"12526",0.126666666666667
"12527",0.13
"12528",0.128333333333333
"12529",0.13
"12530",0.128333333333333
"12531",0.126666666666667
"12532",0.126666666666667
"12533",0.128333333333333
"12534",0.126666666666667
"12535",0.128333333333333
"12536",0.128333333333333
"12537",0.128333333333333
"12538",0.126666666666667
"12539",0.13
"12540",0.128333333333333
"12541",0.128333333333333
"12542",0.13
"12543",0.128333333333333
"12544",0.128333333333333
"12545",0.128333333333333
"12546",0.13
"12547",0.128333333333333
"12548",0.128333333333333
"12549",0.128333333333333
"12550",0.128333333333333
"12551",0.126666666666667
"12552",0.13
"12553",0.128333333333333
"12554",0.13
"12555",0.128333333333333
"12556",0.126666666666667
"12557",0.126666666666667
"12558",0.128333333333333
"12559",0.126666666666667
"12560",0.128333333333333
"12561",0.128333333333333
"12562",0.128333333333333
"12563",0.126666666666667
"12564",0.13
"12565",0.128333333333333
"12566",0.128333333333333
"12567",0.13
"12568",0.128333333333333
"12569",0.128333333333333
"12570",0.128333333333333
"12571",0.13
"12572",0.128333333333333
"12573",0.128333333333333
"12574",0.128333333333333
"12575",0.128333333333333
"12576",0.123333333333333
"12577",0.123333333333333
"12578",0.121666666666667
"12579",0.12
"12580",0.12
"12581",0.123333333333333
"12582",0.123333333333333
"12583",0.121666666666667
"12584",0.123333333333333
"12585",0.12
"12586",0.121666666666667
"12587",0.121666666666667
"12588",0.123333333333333
"12589",0.123333333333333
"12590",0.121666666666667
"12591",0.12
"12592",0.123333333333333
"12593",0.12
"12594",0.12
"12595",0.121666666666667
"12596",0.123333333333333
"12597",0.12
"12598",0.121666666666667
"12599",0.121666666666667
"12600",0.121666666666667
"12601",0.121666666666667
"12602",0.121666666666667
"12603",0.12
"12604",0.118333333333333
"12605",0.118333333333333
"12606",0.121666666666667
"12607",0.121666666666667
"12608",0.12
"12609",0.121666666666667
"12610",0.118333333333333
"12611",0.12
"12612",0.12
"12613",0.121666666666667
"12614",0.121666666666667
"12615",0.12
"12616",0.118333333333333
"12617",0.121666666666667
"12618",0.118333333333333
"12619",0.118333333333333
"12620",0.12
"12621",0.121666666666667
"12622",0.118333333333333
"12623",0.12
"12624",0.12
"12625",0.12
"12626",0.123333333333333
"12627",0.123333333333333
"12628",0.121666666666667
"12629",0.12
"12630",0.12
"12631",0.123333333333333
"12632",0.123333333333333
"12633",0.121666666666667
"12634",0.123333333333333
"12635",0.12
"12636",0.121666666666667
"12637",0.121666666666667
"12638",0.123333333333333
"12639",0.123333333333333
"12640",0.121666666666667
"12641",0.12
"12642",0.123333333333333
"12643",0.12
"12644",0.12
"12645",0.121666666666667
"12646",0.123333333333333
"12647",0.12
"12648",0.121666666666667
"12649",0.121666666666667
"12650",0.121666666666667
"12651",0.123333333333333
"12652",0.123333333333333
"12653",0.121666666666667
"12654",0.12
"12655",0.12
"12656",0.123333333333333
"12657",0.123333333333333
"12658",0.121666666666667
"12659",0.123333333333333
"12660",0.12
"12661",0.121666666666667
"12662",0.121666666666667
"12663",0.123333333333333
"12664",0.123333333333333
"12665",0.121666666666667
"12666",0.12
"12667",0.123333333333333
"12668",0.12
"12669",0.12
"12670",0.121666666666667
"12671",0.123333333333333
"12672",0.12
"12673",0.121666666666667
"12674",0.121666666666667
"12675",0.121666666666667
"12676",0.123333333333333
"12677",0.123333333333333
"12678",0.121666666666667
"12679",0.12
"12680",0.12
"12681",0.123333333333333
"12682",0.123333333333333
"12683",0.121666666666667
"12684",0.123333333333333
"12685",0.12
"12686",0.121666666666667
"12687",0.121666666666667
"12688",0.123333333333333
"12689",0.123333333333333
"12690",0.121666666666667
"12691",0.12
"12692",0.123333333333333
"12693",0.12
"12694",0.12
"12695",0.121666666666667
"12696",0.123333333333333
"12697",0.12
"12698",0.121666666666667
"12699",0.121666666666667
"12700",0.121666666666667
"12701",0.123333333333333
"12702",0.123333333333333
"12703",0.121666666666667
"12704",0.12
"12705",0.12
"12706",0.123333333333333
"12707",0.123333333333333
"12708",0.121666666666667
"12709",0.123333333333333
"12710",0.12
"12711",0.121666666666667
"12712",0.121666666666667
"12713",0.123333333333333
"12714",0.123333333333333
"12715",0.121666666666667
"12716",0.12
"12717",0.123333333333333
"12718",0.12
"12719",0.12
"12720",0.121666666666667
"12721",0.123333333333333
"12722",0.12
"12723",0.121666666666667
"12724",0.121666666666667
"12725",0.121666666666667
"12726",0.135
"12727",0.138333333333333
"12728",0.136666666666667
"12729",0.14
"12730",0.138333333333333
"12731",0.135
"12732",0.135
"12733",0.136666666666667
"12734",0.135
"12735",0.138333333333333
"12736",0.136666666666667
"12737",0.136666666666667
"12738",0.135
"12739",0.138333333333333
"12740",0.136666666666667
"12741",0.138333333333333
"12742",0.138333333333333
"12743",0.138333333333333
"12744",0.138333333333333
"12745",0.136666666666667
"12746",0.138333333333333
"12747",0.138333333333333
"12748",0.136666666666667
"12749",0.136666666666667
"12750",0.136666666666667
"12751",0.135
"12752",0.138333333333333
"12753",0.136666666666667
"12754",0.14
"12755",0.138333333333333
"12756",0.135
"12757",0.135
"12758",0.136666666666667
"12759",0.135
"12760",0.138333333333333
"12761",0.136666666666667
"12762",0.136666666666667
"12763",0.135
"12764",0.138333333333333
"12765",0.136666666666667
"12766",0.138333333333333
"12767",0.138333333333333
"12768",0.138333333333333
"12769",0.138333333333333
"12770",0.136666666666667
"12771",0.138333333333333
"12772",0.138333333333333
"12773",0.136666666666667
"12774",0.136666666666667
"12775",0.136666666666667
"12776",0.118333333333333
"12777",0.118333333333333
"12778",0.118333333333333
"12779",0.118333333333333
"12780",0.106666666666667
"12781",0.106666666666667
"12782",0.118333333333333
"12783",0.118333333333333
"12784",0.118333333333333
"12785",0.118333333333333
"12786",0.113333333333333
"12787",0.113333333333333
"12788",0.115
"12789",0.115
"12790",0.111666666666667
"12791",0.111666666666667
"12792",0.115
"12793",0.115
"12794",0.113333333333333
"12795",0.113333333333333
"12796",0.115
"12797",0.115
"12798",0.115
"12799",0.115
"12800",0.113333333333333
"12801",0.113333333333333
"12802",0.111666666666667
"12803",0.111666666666667
"12804",0.113333333333333
"12805",0.113333333333333
"12806",0.111666666666667
"12807",0.111666666666667
"12808",0.113333333333333
"12809",0.113333333333333
"12810",0.115
"12811",0.115
"12812",0.115
"12813",0.115
"12814",0.111666666666667
"12815",0.111666666666667
"12816",0.111666666666667
"12817",0.111666666666667
"12818",0.095
"12819",0.095
"12820",0.0966666666666667
"12821",0.0966666666666667
"12822",0.095
"12823",0.095
"12824",0.0966666666666667
"12825",0.0966666666666667
"12826",0.0966666666666667
"12827",0.0966666666666667
"12828",0.0933333333333333
"12829",0.0933333333333333
"12830",0.095
"12831",0.095
"12832",0.095
"12833",0.095
"12834",0.095
"12835",0.095
"12836",0.0966666666666667
"12837",0.0966666666666667
"12838",0.095
"12839",0.095
"12840",0.095
"12841",0.095
"12842",0.095
"12843",0.095
"12844",0.095
"12845",0.095
"12846",0.095
"12847",0.095
"12848",0.095
"12849",0.095
"12850",0.0966666666666667
"12851",0.0966666666666667
"12852",0.095
"12853",0.095
"12854",0.095
"12855",0.095
"12856",0.0933333333333333
"12857",0.0933333333333333
"12858",0.095
"12859",0.095
"12860",0.0966666666666667
"12861",0.0966666666666667
"12862",0.095
"12863",0.095
"12864",0.095
"12865",0.095
"12866",0.095
"12867",0.095
"12868",0.0966666666666667
"12869",0.0966666666666667
"12870",0.0966666666666667
"12871",0.0966666666666667
"12872",0.095
"12873",0.095
"12874",0.095
"12875",0.095
"12876",0.0966666666666667
"12877",0.0966666666666667
"12878",0.095
"12879",0.095
"12880",0.095
"12881",0.095
"12882",0.095
"12883",0.095
"12884",0.095
"12885",0.095
"12886",0.0966666666666667
"12887",0.0966666666666667
"12888",0.0966666666666667
"12889",0.0966666666666667
"12890",0.095
"12891",0.095
"12892",0.095
"12893",0.095
"12894",0.095
"12895",0.095
"12896",0.095
"12897",0.095
"12898",0.095
"12899",0.095
"12900",0.095
"12901",0.095
"12902",0.095
"12903",0.095
"12904",0.0966666666666667
"12905",0.0966666666666667
"12906",0.0966666666666667
"12907",0.0966666666666667
"12908",0.095
"12909",0.095
"12910",0.0966666666666667
"12911",0.0966666666666667
"12912",0.095
"12913",0.095
"12914",0.095
"12915",0.095
"12916",0.095
"12917",0.095
"12918",0.113333333333333
"12919",0.113333333333333
"12920",0.12
"12921",0.12
"12922",0.12
"12923",0.12
"12924",0.12
"12925",0.12
"12926",0.12
"12927",0.12
"12928",0.121666666666667
"12929",0.121666666666667
"12930",0.12
"12931",0.12
"12932",0.121666666666667
"12933",0.121666666666667
"12934",0.12
"12935",0.12
"12936",0.12
"12937",0.12
"12938",0.12
"12939",0.12
"12940",0.12
"12941",0.12
"12942",0.12
"12943",0.12
"12944",0.12
"12945",0.12
"12946",0.12
"12947",0.12
"12948",0.12
"12949",0.12
"12950",0.12
"12951",0.12
"12952",0.12
"12953",0.12
"12954",0.12
"12955",0.12
"12956",0.12
"12957",0.12
"12958",0.12
"12959",0.12
"12960",0.12
"12961",0.12
"12962",0.12
"12963",0.12
"12964",0.12
"12965",0.12
"12966",0.12
"12967",0.12
"12968",0.12
"12969",0.12
"12970",0.12
"12971",0.12
"12972",0.12
"12973",0.12
"12974",0.113333333333333
"12975",0.113333333333333
"12976",0.118333333333333
"12977",0.118333333333333
"12978",0.115
"12979",0.115
"12980",0.115
"12981",0.115
"12982",0.103333333333333
"12983",0.103333333333333
"12984",0.103333333333333
"12985",0.103333333333333
"12986",0.105
"12987",0.105
"12988",0.103333333333333
"12989",0.103333333333333
"12990",0.103333333333333
"12991",0.103333333333333
"12992",0.103333333333333
"12993",0.103333333333333
"12994",0.105
"12995",0.105
"12996",0.101666666666667
"12997",0.101666666666667
"12998",0.103333333333333
"12999",0.103333333333333
"13000",0.101666666666667
"13001",0.101666666666667
"13002",0.103333333333333
"13003",0.103333333333333
"13004",0.105
"13005",0.105
"13006",0.101666666666667
"13007",0.101666666666667
"13008",0.105
"13009",0.105
"13010",0.105
"13011",0.105
"13012",0.103333333333333
"13013",0.103333333333333
"13014",0.105
"13015",0.105
"13016",0.105
"13017",0.105
"13018",0.105
"13019",0.105
"13020",0.101666666666667
"13021",0.101666666666667
"13022",0.103333333333333
"13023",0.103333333333333
"13024",0.101666666666667
"13025",0.101666666666667
"13026",0.101666666666667
"13027",0.101666666666667
"13028",0.101666666666667
"13029",0.101666666666667
"13030",0.105
"13031",0.105
"13032",0.101666666666667
"13033",0.101666666666667
"13034",0.103333333333333
"13035",0.103333333333333
"13036",0.103333333333333
"13037",0.103333333333333
"13038",0.105
"13039",0.105
"13040",0.105
"13041",0.105
"13042",0.103333333333333
"13043",0.103333333333333
"13044",0.101666666666667
"13045",0.101666666666667
"13046",0.103333333333333
"13047",0.103333333333333
"13048",0.103333333333333
"13049",0.103333333333333
"13050",0.105
"13051",0.105
"13052",0.101666666666667
"13053",0.101666666666667
"13054",0.101666666666667
"13055",0.101666666666667
"13056",0.105
"13057",0.105
"13058",0.101666666666667
"13059",0.101666666666667
"13060",0.103333333333333
"13061",0.103333333333333
"13062",0.105
"13063",0.105
"13064",0.0983333333333333
"13065",0.0983333333333333
"13066",0.1
"13067",0.1
"13068",0.1
"13069",0.1
"13070",0.04
"13071",0.04
"13072",0.0433333333333333
"13073",0.0433333333333333
"13074",0.0416666666666667
"13075",0.0416666666666667
"13076",0.0433333333333333
"13077",0.0433333333333333
"13078",0.0366666666666667
"13079",0.0366666666666667
"13080",0.04
"13081",0.04
"13082",0.045
"13083",0.045
"13084",0.0983333333333333
"13085",0.0983333333333333
"13086",0.0983333333333333
"13087",0.0983333333333333
"13088",0.095
"13089",0.095
"13090",0.095
"13091",0.095
"13092",0.0983333333333333
"13093",0.0983333333333333
"13094",0.1
"13095",0.1
"13096",0.126666666666667
"13097",0.126666666666667
"13098",0.126666666666667
"13099",0.126666666666667
"13100",0.126666666666667
"13101",0.126666666666667
"13102",0.126666666666667
"13103",0.126666666666667
"13104",0.126666666666667
"13105",0.126666666666667
"13106",0.126666666666667
"13107",0.126666666666667
"13108",0.126666666666667
"13109",0.126666666666667
"13110",0.126666666666667
"13111",0.126666666666667
"13112",0.13
"13113",0.13
"13114",0.126666666666667
"13115",0.126666666666667
"13116",0.126666666666667
"13117",0.126666666666667
"13118",0.126666666666667
"13119",0.126666666666667
"13120",0.126666666666667
"13121",0.126666666666667
"13122",0.126666666666667
"13123",0.126666666666667
"13124",0.126666666666667
"13125",0.126666666666667
"13126",0.126666666666667
"13127",0.126666666666667
"13128",0.126666666666667
"13129",0.126666666666667
"13130",0.126666666666667
"13131",0.126666666666667
"13132",0.126666666666667
"13133",0.126666666666667
"13134",0.126666666666667
"13135",0.126666666666667
"13136",0.126666666666667
"13137",0.126666666666667
"13138",0.126666666666667
"13139",0.126666666666667
"13140",0.126666666666667
"13141",0.126666666666667
"13142",0.135
"13143",0.135
"13144",0.135
"13145",0.135
"13146",0.145
"13147",0.145
"13148",0.15
"13149",0.15
"13150",0.148333333333333
"13151",0.148333333333333
"13152",0.145
"13153",0.145
"13154",0.145
"13155",0.145
"13156",0.146666666666667
"13157",0.146666666666667
"13158",0.148333333333333
"13159",0.148333333333333
"13160",0.148333333333333
"13161",0.148333333333333
"13162",0.125
"13163",0.125
"13164",0.123333333333333
"13165",0.123333333333333
"13166",0.125
"13167",0.125
"13168",0.126666666666667
"13169",0.126666666666667
"13170",0.125
"13171",0.125
"13172",0.125
"13173",0.125
"13174",0.125
"13175",0.125
"13176",0.1
"13177",0.1
"13178",0.1
"13179",0.1
"13180",0.101666666666667
"13181",0.101666666666667
"13182",0.131666666666667
"13183",0.131666666666667
"13184",0.131666666666667
"13185",0.131666666666667
"13186",0.13
"13187",0.13
"13188",0.128333333333333
"13189",0.128333333333333
"13190",0.128333333333333
"13191",0.128333333333333
"13192",0.131666666666667
"13193",0.131666666666667
"13194",0.131666666666667
"13195",0.131666666666667
"13196",0.13
"13197",0.13
"13198",0.131666666666667
"13199",0.131666666666667
"13200",0.128333333333333
"13201",0.128333333333333
"13202",0.13
"13203",0.13
"13204",0.13
"13205",0.13
"13206",0.131666666666667
"13207",0.131666666666667
"13208",0.131666666666667
"13209",0.131666666666667
"13210",0.13
"13211",0.13
"13212",0.128333333333333
"13213",0.128333333333333
"13214",0.131666666666667
"13215",0.131666666666667
"13216",0.128333333333333
"13217",0.128333333333333
"13218",0.128333333333333
"13219",0.128333333333333
"13220",0.13
"13221",0.13
"13222",0.131666666666667
"13223",0.131666666666667
"13224",0.128333333333333
"13225",0.128333333333333
"13226",0.13
"13227",0.13
"13228",0.13
"13229",0.13
"13230",0.13
"13231",0.13
"13232",0.02
"13233",0.02
"13234",0.0983333333333333
"13235",0.0983333333333333
"13236",0.1
"13237",0.1
"13238",0.101666666666667
"13239",0.101666666666667
"13240",0.0983333333333333
"13241",0.0983333333333333
"13242",0.1
"13243",0.1
"13244",0.1
"13245",0.1
"13246",0.0983333333333333
"13247",0.0983333333333333
"13248",0.1
"13249",0.1
"13250",0.1
"13251",0.1
"13252",0.0983333333333333
"13253",0.0983333333333333
"13254",0.0983333333333333
"13255",0.0983333333333333
"13256",0.0983333333333333
"13257",0.0983333333333333
"13258",0.121666666666667
"13259",0.121666666666667
"13260",0.121666666666667
"13261",0.121666666666667
"13262",0.121666666666667
"13263",0.121666666666667
"13264",0.121666666666667
"13265",0.121666666666667
"13266",0.125
"13267",0.125
"13268",0.121666666666667
"13269",0.121666666666667
"13270",0.108333333333333
"13271",0.108333333333333
"13272",0.111666666666667
"13273",0.111666666666667
"13274",0.108333333333333
"13275",0.108333333333333
"13276",0.153333333333333
"13277",0.153333333333333
"13278",0.151666666666667
"13279",0.151666666666667
"13280",0.153333333333333
"13281",0.153333333333333
"13282",0.153333333333333
"13283",0.153333333333333
"13284",0.103333333333333
"13285",0.103333333333333
"13286",0.105
"13287",0.105
"13288",0.126666666666667
"13289",0.126666666666667
"13290",0.125
"13291",0.125
"13292",0.126666666666667
"13293",0.126666666666667
"13294",0.126666666666667
"13295",0.126666666666667
"13296",0.125
"13297",0.125
"13298",0.126666666666667
"13299",0.126666666666667
"13300",0.125
"13301",0.125
"13302",0.125
"13303",0.125
"13304",0.121666666666667
"13305",0.121666666666667
"13306",0.123333333333333
"13307",0.123333333333333
"13308",0.123333333333333
"13309",0.123333333333333
"13310",0.085
"13311",0.085
"13312",0.085
"13313",0.085
"13314",0.085
"13315",0.085
"13316",0.085
"13317",0.085
"13318",0.085
"13319",0.085
"13320",0.085
"13321",0.085
"13322",0.09
"13323",0.09
"13324",0.085
"13325",0.085
"13326",0.085
"13327",0.085
"13328",0.085
"13329",0.085
"13330",0.0866666666666667
"13331",0.0866666666666667
"13332",0.09
"13333",0.09
"13334",0.09
"13335",0.09
"13336",0.085
"13337",0.085
"13338",0.085
"13339",0.085
"13340",0.0833333333333333
"13341",0.0833333333333333
"13342",0.085
"13343",0.085
"13344",0.0883333333333333
"13345",0.0883333333333333
"13346",0.085
"13347",0.085
"13348",0.09
"13349",0.09
"13350",0.085
"13351",0.085
"13352",0.0866666666666667
"13353",0.0866666666666667
"13354",0.085
"13355",0.085
"13356",0.0866666666666667
"13357",0.0866666666666667
"13358",0.085
"13359",0.085
"13360",0.09
"13361",0.09
"13362",0.0833333333333333
"13363",0.0833333333333333
"13364",0.0866666666666667
"13365",0.0866666666666667
"13366",0.0866666666666667
"13367",0.0866666666666667
"13368",0.0866666666666667
"13369",0.0866666666666667
"13370",0.0883333333333333
"13371",0.0883333333333333
"13372",0.085
"13373",0.085
"13374",0.09
"13375",0.09
"13376",0.0883333333333333
"13377",0.0883333333333333
"13378",0.085
"13379",0.085
"13380",0.085
"13381",0.085
"13382",0.0866666666666667
"13383",0.0866666666666667
"13384",0.085
"13385",0.085
"13386",0.085
"13387",0.085
"13388",0.085
"13389",0.085
"13390",0.085
"13391",0.085
"13392",0.0866666666666667
"13393",0.0866666666666667
"13394",0.0883333333333333
"13395",0.0883333333333333
"13396",0.0866666666666667
"13397",0.0866666666666667
"13398",0.085
"13399",0.085
"13400",0.085
"13401",0.085
"13402",0.0883333333333333
"13403",0.0883333333333333
"13404",0.09
"13405",0.09
"13406",0.0866666666666667
"13407",0.0866666666666667
"13408",0.085
"13409",0.085
"13410",0.085
"13411",0.085
"13412",0.09
"13413",0.09
"13414",0.085
"13415",0.085
"13416",0.085
"13417",0.085
"13418",0.085
"13419",0.085
"13420",0.085
"13421",0.085
"13422",0.0866666666666667
"13423",0.0866666666666667
"13424",0.085
"13425",0.085
"13426",0.085
"13427",0.085
"13428",0.0866666666666667
"13429",0.0866666666666667
"13430",0.085
"13431",0.085
"13432",0.0866666666666667
"13433",0.0866666666666667
"13434",0.0883333333333333
"13435",0.0883333333333333
"13436",0.0883333333333333
"13437",0.0883333333333333
"13438",0.085
"13439",0.085
"13440",0.085
"13441",0.085
"13442",0.085
"13443",0.085
"13444",0.085
"13445",0.085
"13446",0.0883333333333333
"13447",0.0883333333333333
"13448",0.0866666666666667
"13449",0.0866666666666667
"13450",0.085
"13451",0.085
"13452",0.085
"13453",0.085
"13454",0.0866666666666667
"13455",0.0866666666666667
"13456",0.09
"13457",0.09
"13458",0.085
"13459",0.085
"13460",0.085
"13461",0.085
"13462",0.085
"13463",0.085
"13464",0.085
"13465",0.085
"13466",0.085
"13467",0.085
"13468",0.085
"13469",0.085
"13470",0.085
"13471",0.085
"13472",0.085
"13473",0.085
"13474",0.0866666666666667
"13475",0.0866666666666667
"13476",0.0866666666666667
"13477",0.0866666666666667
"13478",0.0866666666666667
"13479",0.0866666666666667
"13480",0.0833333333333333
"13481",0.0833333333333333
"13482",0.0883333333333333
"13483",0.0883333333333333
"13484",0.025
"13485",0.025
"13486",0.09
"13487",0.09
"13488",0.0866666666666667
"13489",0.0866666666666667
"13490",0.09
"13491",0.09
"13492",0.143333333333333
"13493",0.143333333333333
"13494",0.143333333333333
"13495",0.143333333333333
"13496",0.145
"13497",0.145
"13498",0.101666666666667
"13499",0.101666666666667
"13500",0.0983333333333333
"13501",0.0983333333333333
"13502",0.0983333333333333
"13503",0.0983333333333333
"13504",0.1
"13505",0.1
"13506",0.1
"13507",0.1
"13508",0.128333333333333
"13509",0.128333333333333
"13510",0.126666666666667
"13511",0.126666666666667
"13512",0.128333333333333
"13513",0.128333333333333
"13514",0.128333333333333
"13515",0.128333333333333
"13516",0.128333333333333
"13517",0.128333333333333
"13518",0.128333333333333
"13519",0.128333333333333
"13520",0.128333333333333
"13521",0.128333333333333
"13522",0.128333333333333
"13523",0.128333333333333
"13524",0.128333333333333
"13525",0.128333333333333
"13526",0.128333333333333
"13527",0.128333333333333
"13528",0.128333333333333
"13529",0.128333333333333
"13530",0.128333333333333
"13531",0.128333333333333
"13532",0.0966666666666667
"13533",0.0966666666666667
"13534",0.0966666666666667
"13535",0.0966666666666667
"13536",0.0983333333333333
"13537",0.0983333333333333
"13538",0.0966666666666667
"13539",0.0966666666666667
"13540",0.128333333333333
"13541",0.128333333333333
"13542",0.128333333333333
"13543",0.128333333333333
"13544",0.128333333333333
"13545",0.128333333333333
"13546",0.128333333333333
"13547",0.128333333333333
"13548",0.126666666666667
"13549",0.126666666666667
"13550",0.128333333333333
"13551",0.128333333333333
"13552",0.13
"13553",0.13
"13554",0.13
"13555",0.13
"13556",0.125
"13557",0.125
"13558",0.128333333333333
"13559",0.128333333333333
"13560",0.141666666666667
"13561",0.141666666666667
"13562",0.141666666666667
"13563",0.141666666666667
"13564",0.141666666666667
"13565",0.141666666666667
"13566",0.125
"13567",0.125
"13568",0.123333333333333
"13569",0.123333333333333
"13570",0.125
"13571",0.125
"13572",0.125
"13573",0.125
"13574",0.02
"13575",0.02
"13576",0.0283333333333333
"13577",0.0283333333333333
"13578",0.0183333333333333
"13579",0.0183333333333333
"13580",0.0183333333333333
"13581",0.0183333333333333
"13582",0.025
"13583",0.025
"13584",0.015
"13585",0.015
"13586",0.015
"13587",0.015
"13588",0.025
"13589",0.025
"13590",0.015
"13591",0.015
"13592",0.015
"13593",0.015
"13594",0.02
"13595",0.02
"13596",0.015
"13597",0.015
"13598",0.02
"13599",0.02
"13600",0.0216666666666667
"13601",0.0216666666666667
"13602",0.0183333333333333
"13603",0.0183333333333333
"13604",0.015
"13605",0.015
"13606",0.015
"13607",0.015
"13608",0.0216666666666667
"13609",0.0216666666666667
"13610",0.0216666666666667
"13611",0.0216666666666667
"13612",0.0216666666666667
"13613",0.0216666666666667
"13614",0.0216666666666667
"13615",0.0216666666666667
"13616",0.02
"13617",0.02
"13618",0.02
"13619",0.02
"13620",0.02
"13621",0.02
"13622",0.015
"13623",0.015
"13624",0.015
"13625",0.015
"13626",0.015
"13627",0.015
"13628",0.121666666666667
"13629",0.121666666666667
"13630",0.121666666666667
"13631",0.121666666666667
"13632",0.125
"13633",0.125
"13634",0.126666666666667
"13635",0.126666666666667
"13636",0.101666666666667
"13637",0.101666666666667
"13638",0.101666666666667
"13639",0.101666666666667
"13640",0.101666666666667
"13641",0.101666666666667
"13642",0.0983333333333333
"13643",0.0983333333333333
"13644",0.0966666666666667
"13645",0.0966666666666667
"13646",0.0966666666666667
"13647",0.0966666666666667
"13648",0.0983333333333333
"13649",0.0983333333333333
"13650",0.0966666666666667
"13651",0.0966666666666667
"13652",0.0966666666666667
"13653",0.0966666666666667
"13654",0.0983333333333333
"13655",0.0983333333333333
"13656",0.0983333333333333
"13657",0.0983333333333333
"13658",0.0983333333333333
"13659",0.0983333333333333
"13660",0.0983333333333333
"13661",0.0983333333333333
"13662",0.0983333333333333
"13663",0.0983333333333333
"13664",0.0966666666666667
"13665",0.0966666666666667
"13666",0.0983333333333333
"13667",0.0983333333333333
"13668",0.0983333333333333
"13669",0.0983333333333333
"13670",0.0983333333333333
"13671",0.0983333333333333
"13672",0.0983333333333333
"13673",0.0983333333333333
"13674",0.0983333333333333
"13675",0.0983333333333333
"13676",0.0983333333333333
"13677",0.0983333333333333
"13678",0.1
"13679",0.1
"13680",0.0166666666666667
"13681",0.0166666666666667
"13682",0.0166666666666667
"13683",0.0166666666666667
"13684",0.0166666666666667
"13685",0.0166666666666667
"13686",0.128333333333333
"13687",0.128333333333333
"13688",0.121666666666667
"13689",0.121666666666667
"13690",0.121666666666667
"13691",0.121666666666667
"13692",0.123333333333333
"13693",0.123333333333333
"13694",0.121666666666667
"13695",0.121666666666667
"13696",0.121666666666667
"13697",0.121666666666667
"13698",0.121666666666667
"13699",0.121666666666667
"13700",0.121666666666667
"13701",0.121666666666667
"13702",0.121666666666667
"13703",0.121666666666667
"13704",0.111666666666667
"13705",0.111666666666667
"13706",0.111666666666667
"13707",0.111666666666667
"13708",0.113333333333333
"13709",0.113333333333333
"13710",0.113333333333333
"13711",0.113333333333333
"13712",0.111666666666667
"13713",0.111666666666667
"13714",0.113333333333333
"13715",0.113333333333333
"13716",0.115
"13717",0.115
"13718",0.111666666666667
"13719",0.111666666666667
"13720",0.111666666666667
"13721",0.111666666666667
"13722",0.113333333333333
"13723",0.113333333333333
"13724",0.111666666666667
"13725",0.111666666666667
"13726",0.111666666666667
"13727",0.111666666666667
"13728",0.111666666666667
"13729",0.111666666666667
"13730",0.125
"13731",0.125
"13732",0.126666666666667
"13733",0.126666666666667
"13734",0.126666666666667
"13735",0.126666666666667
"13736",0.125
"13737",0.125
"13738",0.123333333333333
"13739",0.123333333333333
"13740",0.126666666666667
"13741",0.126666666666667
"13742",0.125
"13743",0.125
"13744",0.125
"13745",0.125
"13746",0.125
"13747",0.125
"13748",0.126666666666667
"13749",0.126666666666667
"13750",0.125
"13751",0.125
"13752",0.123333333333333
"13753",0.123333333333333
"13754",0.108333333333333
"13755",0.108333333333333
"13756",0.108333333333333
"13757",0.108333333333333
"13758",0.11
"13759",0.11
"13760",0.108333333333333
"13761",0.108333333333333
"13762",0.108333333333333
"13763",0.108333333333333
"13764",0.11
"13765",0.11
"13766",0.108333333333333
"13767",0.108333333333333
"13768",0.108333333333333
"13769",0.108333333333333
"13770",0.12
"13771",0.12
"13772",0.105
"13773",0.105
"13774",0.101666666666667
"13775",0.101666666666667
"13776",0.111666666666667
"13777",0.111666666666667
"13778",0.111666666666667
"13779",0.111666666666667
"13780",0.126666666666667
"13781",0.126666666666667
"13782",0.126666666666667
"13783",0.126666666666667
"13784",0.126666666666667
"13785",0.126666666666667
"13786",0.126666666666667
"13787",0.126666666666667
"13788",0.126666666666667
"13789",0.126666666666667
"13790",0.126666666666667
"13791",0.126666666666667
"13792",0.126666666666667
"13793",0.126666666666667
"13794",0.126666666666667
"13795",0.126666666666667
"13796",0.126666666666667
"13797",0.126666666666667
"13798",0.125
"13799",0.125
"13800",0.126666666666667
"13801",0.126666666666667
"13802",0.126666666666667
"13803",0.126666666666667
"13804",0.1
"13805",0.1
"13806",0.121666666666667
"13807",0.121666666666667
"13808",0.0233333333333333
"13809",0.0233333333333333
"13810",0.0233333333333333
"13811",0.0233333333333333
"13812",0.123333333333333
"13813",0.123333333333333
"13814",0.0966666666666667
"13815",0.0966666666666667
"13816",0.128333333333333
"13817",0.128333333333333
"13818",0.13
"13819",0.13
"13820",0.126666666666667
"13821",0.126666666666667
"13822",0.126666666666667
"13823",0.126666666666667
"13824",0.125
"13825",0.125
"13826",0.128333333333333
"13827",0.128333333333333
"13828",0.095
"13829",0.095
"13830",0.0966666666666667
"13831",0.0966666666666667
"13832",0.0983333333333333
"13833",0.0983333333333333
"13834",0.0983333333333333
"13835",0.0983333333333333
"13836",0.0983333333333333
"13837",0.0983333333333333
"13838",0.0966666666666667
"13839",0.0966666666666667
"13840",0.0966666666666667
"13841",0.0966666666666667
"13842",0.0966666666666667
"13843",0.0966666666666667
