"","x"
"1",0.125
"2",0.131666666666667
"3",0.126666666666667
"4",0.126666666666667
"5",0.13
"6",0.123333333333333
"7",0.123333333333333
"8",0.13
"9",0.111666666666667
"10",0.123333333333333
"11",0.125
"12",0.123333333333333
"13",0.125
"14",0.126666666666667
"15",0.126666666666667
"16",0.123333333333333
"17",0.111666666666667
"18",0.115
"19",0.126666666666667
"20",0.115
"21",0.115
"22",0.116666666666667
"23",0.125
"24",0.125
"25",0.111666666666667
"26",0.111666666666667
"27",0.123333333333333
"28",0.125
"29",0.131666666666667
"30",0.126666666666667
"31",0.126666666666667
"32",0.13
"33",0.123333333333333
"34",0.123333333333333
"35",0.13
"36",0.111666666666667
"37",0.123333333333333
"38",0.125
"39",0.123333333333333
"40",0.125
"41",0.126666666666667
"42",0.126666666666667
"43",0.123333333333333
"44",0.111666666666667
"45",0.115
"46",0.126666666666667
"47",0.115
"48",0.115
"49",0.116666666666667
"50",0.125
"51",0.125
"52",0.111666666666667
"53",0.111666666666667
"54",0.123333333333333
"55",0.116666666666667
"56",0.126666666666667
"57",0.115
"58",0.115
"59",0.125
"60",0.111666666666667
"61",0.111666666666667
"62",0.125
"63",0.106666666666667
"64",0.111666666666667
"65",0.116666666666667
"66",0.111666666666667
"67",0.12
"68",0.121666666666667
"69",0.115
"70",0.111666666666667
"71",0.106666666666667
"72",0.11
"73",0.121666666666667
"74",0.11
"75",0.11
"76",0.111666666666667
"77",0.12
"78",0.116666666666667
"79",0.106666666666667
"80",0.106666666666667
"81",0.111666666666667
"82",0.125
"83",0.131666666666667
"84",0.126666666666667
"85",0.126666666666667
"86",0.13
"87",0.123333333333333
"88",0.123333333333333
"89",0.13
"90",0.111666666666667
"91",0.123333333333333
"92",0.125
"93",0.123333333333333
"94",0.125
"95",0.126666666666667
"96",0.126666666666667
"97",0.123333333333333
"98",0.111666666666667
"99",0.115
"100",0.126666666666667
"101",0.115
"102",0.115
"103",0.116666666666667
"104",0.125
"105",0.125
"106",0.111666666666667
"107",0.111666666666667
"108",0.123333333333333
"109",0.125
"110",0.131666666666667
"111",0.126666666666667
"112",0.126666666666667
"113",0.13
"114",0.123333333333333
"115",0.123333333333333
"116",0.13
"117",0.111666666666667
"118",0.123333333333333
"119",0.125
"120",0.123333333333333
"121",0.125
"122",0.126666666666667
"123",0.126666666666667
"124",0.123333333333333
"125",0.111666666666667
"126",0.115
"127",0.126666666666667
"128",0.115
"129",0.115
"130",0.116666666666667
"131",0.125
"132",0.125
"133",0.111666666666667
"134",0.111666666666667
"135",0.123333333333333
"136",0.108333333333333
"137",0.12
"138",0.11
"139",0.11
"140",0.121666666666667
"141",0.113333333333333
"142",0.113333333333333
"143",0.121666666666667
"144",0.106666666666667
"145",0.113333333333333
"146",0.108333333333333
"147",0.113333333333333
"148",0.12
"149",0.121666666666667
"150",0.11
"151",0.113333333333333
"152",0.106666666666667
"153",0.111666666666667
"154",0.121666666666667
"155",0.111666666666667
"156",0.111666666666667
"157",0.113333333333333
"158",0.12
"159",0.108333333333333
"160",0.106666666666667
"161",0.106666666666667
"162",0.113333333333333
"163",0.11
"164",0.121666666666667
"165",0.111666666666667
"166",0.111666666666667
"167",0.123333333333333
"168",0.115
"169",0.115
"170",0.123333333333333
"171",0.108333333333333
"172",0.115
"173",0.11
"174",0.115
"175",0.121666666666667
"176",0.123333333333333
"177",0.111666666666667
"178",0.115
"179",0.108333333333333
"180",0.113333333333333
"181",0.123333333333333
"182",0.113333333333333
"183",0.113333333333333
"184",0.115
"185",0.121666666666667
"186",0.11
"187",0.108333333333333
"188",0.108333333333333
"189",0.115
"190",0.11
"191",0.121666666666667
"192",0.111666666666667
"193",0.111666666666667
"194",0.123333333333333
"195",0.115
"196",0.115
"197",0.123333333333333
"198",0.108333333333333
"199",0.115
"200",0.11
"201",0.115
"202",0.121666666666667
"203",0.123333333333333
"204",0.111666666666667
"205",0.115
"206",0.108333333333333
"207",0.113333333333333
"208",0.123333333333333
"209",0.113333333333333
"210",0.113333333333333
"211",0.115
"212",0.121666666666667
"213",0.11
"214",0.108333333333333
"215",0.108333333333333
"216",0.115
"217",0.11
"218",0.121666666666667
"219",0.111666666666667
"220",0.111666666666667
"221",0.123333333333333
"222",0.115
"223",0.115
"224",0.123333333333333
"225",0.108333333333333
"226",0.115
"227",0.11
"228",0.115
"229",0.121666666666667
"230",0.123333333333333
"231",0.111666666666667
"232",0.115
"233",0.108333333333333
"234",0.113333333333333
"235",0.123333333333333
"236",0.113333333333333
"237",0.113333333333333
"238",0.115
"239",0.121666666666667
"240",0.11
"241",0.108333333333333
"242",0.108333333333333
"243",0.115
"244",0.108333333333333
"245",0.12
"246",0.11
"247",0.11
"248",0.121666666666667
"249",0.113333333333333
"250",0.113333333333333
"251",0.121666666666667
"252",0.106666666666667
"253",0.113333333333333
"254",0.108333333333333
"255",0.113333333333333
"256",0.12
"257",0.121666666666667
"258",0.11
"259",0.113333333333333
"260",0.106666666666667
"261",0.111666666666667
"262",0.121666666666667
"263",0.111666666666667
"264",0.111666666666667
"265",0.113333333333333
"266",0.12
"267",0.108333333333333
"268",0.106666666666667
"269",0.106666666666667
"270",0.113333333333333
"271",0.11
"272",0.121666666666667
"273",0.111666666666667
"274",0.111666666666667
"275",0.123333333333333
"276",0.115
"277",0.115
"278",0.123333333333333
"279",0.108333333333333
"280",0.115
"281",0.11
"282",0.115
"283",0.121666666666667
"284",0.123333333333333
"285",0.111666666666667
"286",0.115
"287",0.108333333333333
"288",0.113333333333333
"289",0.123333333333333
"290",0.113333333333333
"291",0.113333333333333
"292",0.115
"293",0.121666666666667
"294",0.11
"295",0.108333333333333
"296",0.108333333333333
"297",0.115
"298",0.11
"299",0.121666666666667
"300",0.111666666666667
"301",0.111666666666667
"302",0.123333333333333
"303",0.115
"304",0.115
"305",0.123333333333333
"306",0.108333333333333
"307",0.115
"308",0.11
"309",0.115
"310",0.121666666666667
"311",0.123333333333333
"312",0.111666666666667
"313",0.115
"314",0.108333333333333
"315",0.113333333333333
"316",0.123333333333333
"317",0.113333333333333
"318",0.113333333333333
"319",0.115
"320",0.121666666666667
"321",0.11
"322",0.108333333333333
"323",0.108333333333333
"324",0.115
"325",0.111666666666667
"326",0.12
"327",0.113333333333333
"328",0.113333333333333
"329",0.121666666666667
"330",0.116666666666667
"331",0.116666666666667
"332",0.121666666666667
"333",0.11
"334",0.116666666666667
"335",0.111666666666667
"336",0.116666666666667
"337",0.12
"338",0.121666666666667
"339",0.113333333333333
"340",0.116666666666667
"341",0.11
"342",0.115
"343",0.121666666666667
"344",0.115
"345",0.115
"346",0.116666666666667
"347",0.12
"348",0.111666666666667
"349",0.11
"350",0.11
"351",0.116666666666667
"352",0.11
"353",0.121666666666667
"354",0.111666666666667
"355",0.111666666666667
"356",0.123333333333333
"357",0.115
"358",0.115
"359",0.123333333333333
"360",0.108333333333333
"361",0.115
"362",0.11
"363",0.115
"364",0.121666666666667
"365",0.123333333333333
"366",0.111666666666667
"367",0.115
"368",0.108333333333333
"369",0.113333333333333
"370",0.123333333333333
"371",0.113333333333333
"372",0.113333333333333
"373",0.115
"374",0.121666666666667
"375",0.11
"376",0.108333333333333
"377",0.108333333333333
"378",0.115
"379",0.108333333333333
"380",0.12
"381",0.11
"382",0.11
"383",0.121666666666667
"384",0.113333333333333
"385",0.113333333333333
"386",0.121666666666667
"387",0.106666666666667
"388",0.113333333333333
"389",0.108333333333333
"390",0.113333333333333
"391",0.12
"392",0.121666666666667
"393",0.11
"394",0.113333333333333
"395",0.106666666666667
"396",0.111666666666667
"397",0.121666666666667
"398",0.111666666666667
"399",0.111666666666667
"400",0.113333333333333
"401",0.12
"402",0.108333333333333
"403",0.106666666666667
"404",0.106666666666667
"405",0.113333333333333
"406",0.11
"407",0.121666666666667
"408",0.111666666666667
"409",0.111666666666667
"410",0.123333333333333
"411",0.115
"412",0.115
"413",0.123333333333333
"414",0.108333333333333
"415",0.115
"416",0.11
"417",0.115
"418",0.121666666666667
"419",0.123333333333333
"420",0.111666666666667
"421",0.115
"422",0.108333333333333
"423",0.113333333333333
"424",0.123333333333333
"425",0.113333333333333
"426",0.113333333333333
"427",0.115
"428",0.121666666666667
"429",0.11
"430",0.108333333333333
"431",0.108333333333333
"432",0.115
"433",0.108333333333333
"434",0.12
"435",0.11
"436",0.11
"437",0.121666666666667
"438",0.113333333333333
"439",0.113333333333333
"440",0.121666666666667
"441",0.106666666666667
"442",0.113333333333333
"443",0.108333333333333
"444",0.113333333333333
"445",0.12
"446",0.121666666666667
"447",0.11
"448",0.113333333333333
"449",0.106666666666667
"450",0.111666666666667
"451",0.121666666666667
"452",0.111666666666667
"453",0.111666666666667
"454",0.113333333333333
"455",0.12
"456",0.108333333333333
"457",0.106666666666667
"458",0.106666666666667
"459",0.113333333333333
"460",0.11
"461",0.121666666666667
"462",0.111666666666667
"463",0.111666666666667
"464",0.123333333333333
"465",0.115
"466",0.115
"467",0.123333333333333
"468",0.108333333333333
"469",0.115
"470",0.11
"471",0.115
"472",0.121666666666667
"473",0.123333333333333
"474",0.111666666666667
"475",0.115
"476",0.108333333333333
"477",0.113333333333333
"478",0.123333333333333
"479",0.113333333333333
"480",0.113333333333333
"481",0.115
"482",0.121666666666667
"483",0.11
"484",0.108333333333333
"485",0.108333333333333
"486",0.115
"487",0.11
"488",0.121666666666667
"489",0.111666666666667
"490",0.111666666666667
"491",0.123333333333333
"492",0.115
"493",0.115
"494",0.123333333333333
"495",0.108333333333333
"496",0.115
"497",0.11
"498",0.115
"499",0.121666666666667
"500",0.123333333333333
"501",0.111666666666667
"502",0.115
"503",0.108333333333333
"504",0.113333333333333
"505",0.123333333333333
"506",0.113333333333333
"507",0.113333333333333
"508",0.115
"509",0.121666666666667
"510",0.11
"511",0.108333333333333
"512",0.108333333333333
"513",0.115
"514",0.11
"515",0.121666666666667
"516",0.111666666666667
"517",0.111666666666667
"518",0.123333333333333
"519",0.115
"520",0.115
"521",0.123333333333333
"522",0.108333333333333
"523",0.115
"524",0.11
"525",0.115
"526",0.121666666666667
"527",0.123333333333333
"528",0.111666666666667
"529",0.115
"530",0.108333333333333
"531",0.113333333333333
"532",0.123333333333333
"533",0.113333333333333
"534",0.113333333333333
"535",0.115
"536",0.121666666666667
"537",0.11
"538",0.108333333333333
"539",0.108333333333333
"540",0.115
"541",0.11
"542",0.121666666666667
"543",0.111666666666667
"544",0.111666666666667
"545",0.123333333333333
"546",0.115
"547",0.115
"548",0.123333333333333
"549",0.108333333333333
"550",0.115
"551",0.11
"552",0.115
"553",0.121666666666667
"554",0.123333333333333
"555",0.111666666666667
"556",0.115
"557",0.108333333333333
"558",0.113333333333333
"559",0.123333333333333
"560",0.113333333333333
"561",0.113333333333333
"562",0.115
"563",0.121666666666667
"564",0.11
"565",0.108333333333333
"566",0.108333333333333
"567",0.115
"568",0.0933333333333333
"569",0.106666666666667
"570",0.095
"571",0.095
"572",0.105
"573",0.0933333333333333
"574",0.0933333333333333
"575",0.105
"576",0.095
"577",0.0933333333333333
"578",0.0933333333333333
"579",0.0933333333333333
"580",0.1
"581",0.101666666666667
"582",0.095
"583",0.0933333333333333
"584",0.095
"585",0.095
"586",0.101666666666667
"587",0.095
"588",0.095
"589",0.0966666666666667
"590",0.1
"591",0.0933333333333333
"592",0.095
"593",0.095
"594",0.0933333333333333
"595",0.095
"596",0.108333333333333
"597",0.0966666666666667
"598",0.0966666666666667
"599",0.106666666666667
"600",0.095
"601",0.095
"602",0.106666666666667
"603",0.0966666666666667
"604",0.095
"605",0.095
"606",0.095
"607",0.101666666666667
"608",0.103333333333333
"609",0.0966666666666667
"610",0.095
"611",0.0966666666666667
"612",0.0966666666666667
"613",0.103333333333333
"614",0.0966666666666667
"615",0.0966666666666667
"616",0.0983333333333333
"617",0.101666666666667
"618",0.095
"619",0.0966666666666667
"620",0.0966666666666667
"621",0.095
"622",0.0933333333333333
"623",0.106666666666667
"624",0.095
"625",0.095
"626",0.105
"627",0.0933333333333333
"628",0.0933333333333333
"629",0.105
"630",0.095
"631",0.0933333333333333
"632",0.0933333333333333
"633",0.0933333333333333
"634",0.1
"635",0.101666666666667
"636",0.095
"637",0.0933333333333333
"638",0.095
"639",0.095
"640",0.101666666666667
"641",0.095
"642",0.095
"643",0.0966666666666667
"644",0.1
"645",0.0933333333333333
"646",0.095
"647",0.095
"648",0.0933333333333333
"649",0.095
"650",0.105
"651",0.0966666666666667
"652",0.0966666666666667
"653",0.103333333333333
"654",0.095
"655",0.095
"656",0.103333333333333
"657",0.0933333333333333
"658",0.095
"659",0.095
"660",0.095
"661",0.101666666666667
"662",0.1
"663",0.0966666666666667
"664",0.095
"665",0.0933333333333333
"666",0.0966666666666667
"667",0.103333333333333
"668",0.0966666666666667
"669",0.0966666666666667
"670",0.0983333333333333
"671",0.101666666666667
"672",0.095
"673",0.0933333333333333
"674",0.0933333333333333
"675",0.095
"676",0.095
"677",0.108333333333333
"678",0.0966666666666667
"679",0.0966666666666667
"680",0.106666666666667
"681",0.095
"682",0.095
"683",0.106666666666667
"684",0.0966666666666667
"685",0.095
"686",0.095
"687",0.095
"688",0.101666666666667
"689",0.103333333333333
"690",0.0966666666666667
"691",0.095
"692",0.0966666666666667
"693",0.0966666666666667
"694",0.103333333333333
"695",0.0966666666666667
"696",0.0966666666666667
"697",0.0983333333333333
"698",0.101666666666667
"699",0.095
"700",0.0966666666666667
"701",0.0966666666666667
"702",0.095
"703",0.0916666666666667
"704",0.105
"705",0.0933333333333333
"706",0.0933333333333333
"707",0.103333333333333
"708",0.0916666666666667
"709",0.0916666666666667
"710",0.103333333333333
"711",0.0933333333333333
"712",0.0916666666666667
"713",0.0916666666666667
"714",0.0916666666666667
"715",0.0983333333333333
"716",0.1
"717",0.0933333333333333
"718",0.0916666666666667
"719",0.0933333333333333
"720",0.0933333333333333
"721",0.1
"722",0.0933333333333333
"723",0.0933333333333333
"724",0.095
"725",0.0983333333333333
"726",0.0916666666666667
"727",0.0933333333333333
"728",0.0933333333333333
"729",0.0916666666666667
"730",0.0933333333333333
"731",0.106666666666667
"732",0.095
"733",0.095
"734",0.105
"735",0.0933333333333333
"736",0.0933333333333333
"737",0.105
"738",0.095
"739",0.0933333333333333
"740",0.0933333333333333
"741",0.0933333333333333
"742",0.1
"743",0.101666666666667
"744",0.095
"745",0.0933333333333333
"746",0.095
"747",0.095
"748",0.101666666666667
"749",0.095
"750",0.095
"751",0.0966666666666667
"752",0.1
"753",0.0933333333333333
"754",0.095
"755",0.095
"756",0.0933333333333333
"757",0.0933333333333333
"758",0.106666666666667
"759",0.095
"760",0.095
"761",0.105
"762",0.0933333333333333
"763",0.0933333333333333
"764",0.105
"765",0.095
"766",0.0933333333333333
"767",0.0933333333333333
"768",0.0933333333333333
"769",0.1
"770",0.101666666666667
"771",0.095
"772",0.0933333333333333
"773",0.095
"774",0.095
"775",0.101666666666667
"776",0.095
"777",0.095
"778",0.0966666666666667
"779",0.1
"780",0.0933333333333333
"781",0.095
"782",0.095
"783",0.0933333333333333
"784",0.0933333333333333
"785",0.106666666666667
"786",0.095
"787",0.095
"788",0.105
"789",0.0933333333333333
"790",0.0933333333333333
"791",0.105
"792",0.095
"793",0.0933333333333333
"794",0.0933333333333333
"795",0.0933333333333333
"796",0.1
"797",0.101666666666667
"798",0.095
"799",0.0933333333333333
"800",0.095
"801",0.095
"802",0.101666666666667
"803",0.095
"804",0.095
"805",0.0966666666666667
"806",0.1
"807",0.0933333333333333
"808",0.095
"809",0.095
"810",0.0933333333333333
"811",0.095
"812",0.105
"813",0.0966666666666667
"814",0.0966666666666667
"815",0.103333333333333
"816",0.095
"817",0.095
"818",0.103333333333333
"819",0.0933333333333333
"820",0.095
"821",0.095
"822",0.095
"823",0.101666666666667
"824",0.1
"825",0.0966666666666667
"826",0.095
"827",0.0933333333333333
"828",0.0966666666666667
"829",0.103333333333333
"830",0.0966666666666667
"831",0.0966666666666667
"832",0.0983333333333333
"833",0.101666666666667
"834",0.095
"835",0.0933333333333333
"836",0.0933333333333333
"837",0.095
"838",0.0933333333333333
"839",0.106666666666667
"840",0.095
"841",0.095
"842",0.105
"843",0.0933333333333333
"844",0.0933333333333333
"845",0.105
"846",0.095
"847",0.0933333333333333
"848",0.0933333333333333
"849",0.0933333333333333
"850",0.1
"851",0.101666666666667
"852",0.095
"853",0.0933333333333333
"854",0.095
"855",0.095
"856",0.101666666666667
"857",0.095
"858",0.095
"859",0.0966666666666667
"860",0.1
"861",0.0933333333333333
"862",0.095
"863",0.095
"864",0.0933333333333333
"865",0.0933333333333333
"866",0.106666666666667
"867",0.095
"868",0.095
"869",0.105
"870",0.0933333333333333
"871",0.0933333333333333
"872",0.105
"873",0.095
"874",0.0933333333333333
"875",0.0933333333333333
"876",0.0933333333333333
"877",0.1
"878",0.101666666666667
"879",0.095
"880",0.0933333333333333
"881",0.095
"882",0.095
"883",0.101666666666667
"884",0.095
"885",0.095
"886",0.0966666666666667
"887",0.1
"888",0.0933333333333333
"889",0.095
"890",0.095
"891",0.0933333333333333
"892",0.0933333333333333
"893",0.106666666666667
"894",0.095
"895",0.095
"896",0.105
"897",0.0933333333333333
"898",0.0933333333333333
"899",0.105
"900",0.095
"901",0.0933333333333333
"902",0.0933333333333333
"903",0.0933333333333333
"904",0.1
"905",0.101666666666667
"906",0.095
"907",0.0933333333333333
"908",0.095
"909",0.095
"910",0.101666666666667
"911",0.095
"912",0.095
"913",0.0966666666666667
"914",0.1
"915",0.0933333333333333
"916",0.095
"917",0.095
"918",0.0933333333333333
"919",0.0933333333333333
"920",0.106666666666667
"921",0.095
"922",0.095
"923",0.105
"924",0.0933333333333333
"925",0.0933333333333333
"926",0.105
"927",0.095
"928",0.0933333333333333
"929",0.0933333333333333
"930",0.0933333333333333
"931",0.1
"932",0.101666666666667
"933",0.095
"934",0.0933333333333333
"935",0.095
"936",0.095
"937",0.101666666666667
"938",0.095
"939",0.095
"940",0.0966666666666667
"941",0.1
"942",0.0933333333333333
"943",0.095
"944",0.095
"945",0.0933333333333333
"946",0.0933333333333333
"947",0.106666666666667
"948",0.095
"949",0.095
"950",0.105
"951",0.0933333333333333
"952",0.0933333333333333
"953",0.105
"954",0.095
"955",0.0933333333333333
"956",0.0933333333333333
"957",0.0933333333333333
"958",0.1
"959",0.101666666666667
"960",0.095
"961",0.0933333333333333
"962",0.095
"963",0.095
"964",0.101666666666667
"965",0.095
"966",0.095
"967",0.0966666666666667
"968",0.1
"969",0.0933333333333333
"970",0.095
"971",0.095
"972",0.0933333333333333
"973",0.0933333333333333
"974",0.106666666666667
"975",0.095
"976",0.095
"977",0.105
"978",0.0933333333333333
"979",0.0933333333333333
"980",0.105
"981",0.095
"982",0.0933333333333333
"983",0.0933333333333333
"984",0.0933333333333333
"985",0.1
"986",0.101666666666667
"987",0.095
"988",0.0933333333333333
"989",0.095
"990",0.095
"991",0.101666666666667
"992",0.095
"993",0.095
"994",0.0966666666666667
"995",0.1
"996",0.0933333333333333
"997",0.095
"998",0.095
"999",0.0933333333333333
"1000",0.095
"1001",0.105
"1002",0.0966666666666667
"1003",0.0966666666666667
"1004",0.103333333333333
"1005",0.095
"1006",0.095
"1007",0.103333333333333
"1008",0.0933333333333333
"1009",0.095
"1010",0.095
"1011",0.095
"1012",0.101666666666667
"1013",0.1
"1014",0.0966666666666667
"1015",0.095
"1016",0.0933333333333333
"1017",0.0966666666666667
"1018",0.103333333333333
"1019",0.0966666666666667
"1020",0.0966666666666667
"1021",0.0983333333333333
"1022",0.101666666666667
"1023",0.095
"1024",0.0933333333333333
"1025",0.0933333333333333
"1026",0.095
"1027",0.0933333333333333
"1028",0.106666666666667
"1029",0.095
"1030",0.095
"1031",0.105
"1032",0.0933333333333333
"1033",0.0933333333333333
"1034",0.105
"1035",0.095
"1036",0.0933333333333333
"1037",0.0933333333333333
"1038",0.0933333333333333
"1039",0.1
"1040",0.101666666666667
"1041",0.095
"1042",0.0933333333333333
"1043",0.095
"1044",0.095
"1045",0.101666666666667
"1046",0.095
"1047",0.095
"1048",0.0966666666666667
"1049",0.1
"1050",0.0933333333333333
"1051",0.095
"1052",0.095
"1053",0.0933333333333333
"1054",0.0933333333333333
"1055",0.106666666666667
"1056",0.095
"1057",0.095
"1058",0.105
"1059",0.0933333333333333
"1060",0.0933333333333333
"1061",0.105
"1062",0.095
"1063",0.0933333333333333
"1064",0.0933333333333333
"1065",0.0933333333333333
"1066",0.1
"1067",0.101666666666667
"1068",0.095
"1069",0.0933333333333333
"1070",0.095
"1071",0.095
"1072",0.101666666666667
"1073",0.095
"1074",0.095
"1075",0.0966666666666667
"1076",0.1
"1077",0.0933333333333333
"1078",0.095
"1079",0.095
"1080",0.0933333333333333
"1081",0.0916666666666667
"1082",0.105
"1083",0.0933333333333333
"1084",0.0933333333333333
"1085",0.103333333333333
"1086",0.0916666666666667
"1087",0.0916666666666667
"1088",0.103333333333333
"1089",0.0933333333333333
"1090",0.0916666666666667
"1091",0.0916666666666667
"1092",0.0916666666666667
"1093",0.0983333333333333
"1094",0.1
"1095",0.0933333333333333
"1096",0.0916666666666667
"1097",0.0933333333333333
"1098",0.0933333333333333
"1099",0.1
"1100",0.0933333333333333
"1101",0.0933333333333333
"1102",0.095
"1103",0.0983333333333333
"1104",0.0916666666666667
"1105",0.0933333333333333
"1106",0.0933333333333333
"1107",0.0916666666666667
"1108",0.0933333333333333
"1109",0.106666666666667
"1110",0.095
"1111",0.095
"1112",0.105
"1113",0.0933333333333333
"1114",0.0933333333333333
"1115",0.105
"1116",0.095
"1117",0.0933333333333333
"1118",0.0933333333333333
"1119",0.0933333333333333
"1120",0.1
"1121",0.101666666666667
"1122",0.095
"1123",0.0933333333333333
"1124",0.095
"1125",0.095
"1126",0.101666666666667
"1127",0.095
"1128",0.095
"1129",0.0966666666666667
"1130",0.1
"1131",0.0933333333333333
"1132",0.095
"1133",0.095
"1134",0.0933333333333333
"1135",0.095
"1136",0.108333333333333
"1137",0.0966666666666667
"1138",0.0966666666666667
"1139",0.106666666666667
"1140",0.095
"1141",0.095
"1142",0.106666666666667
"1143",0.0966666666666667
"1144",0.095
"1145",0.095
"1146",0.095
"1147",0.101666666666667
"1148",0.103333333333333
"1149",0.0966666666666667
"1150",0.095
"1151",0.0966666666666667
"1152",0.0966666666666667
"1153",0.103333333333333
"1154",0.0966666666666667
"1155",0.0966666666666667
"1156",0.0983333333333333
"1157",0.101666666666667
"1158",0.095
"1159",0.0966666666666667
"1160",0.0966666666666667
"1161",0.095
"1162",0.0933333333333333
"1163",0.106666666666667
"1164",0.095
"1165",0.095
"1166",0.105
"1167",0.0933333333333333
"1168",0.0933333333333333
"1169",0.105
"1170",0.095
"1171",0.0933333333333333
"1172",0.0933333333333333
"1173",0.0933333333333333
"1174",0.1
"1175",0.101666666666667
"1176",0.095
"1177",0.0933333333333333
"1178",0.095
"1179",0.095
"1180",0.101666666666667
"1181",0.095
"1182",0.095
"1183",0.0966666666666667
"1184",0.1
"1185",0.0933333333333333
"1186",0.095
"1187",0.095
"1188",0.0933333333333333
"1189",0.0933333333333333
"1190",0.106666666666667
"1191",0.095
"1192",0.095
"1193",0.105
"1194",0.0933333333333333
"1195",0.0933333333333333
"1196",0.105
"1197",0.095
"1198",0.0933333333333333
"1199",0.0933333333333333
"1200",0.0933333333333333
"1201",0.1
"1202",0.101666666666667
"1203",0.095
"1204",0.0933333333333333
"1205",0.095
"1206",0.095
"1207",0.101666666666667
"1208",0.095
"1209",0.095
"1210",0.0966666666666667
"1211",0.1
"1212",0.0933333333333333
"1213",0.095
"1214",0.095
"1215",0.0933333333333333
"1216",0.0933333333333333
"1217",0.106666666666667
"1218",0.095
"1219",0.095
"1220",0.105
"1221",0.0933333333333333
"1222",0.0933333333333333
"1223",0.105
"1224",0.095
"1225",0.0933333333333333
"1226",0.0933333333333333
"1227",0.0933333333333333
"1228",0.1
"1229",0.101666666666667
"1230",0.095
"1231",0.0933333333333333
"1232",0.095
"1233",0.095
"1234",0.101666666666667
"1235",0.095
"1236",0.095
"1237",0.0966666666666667
"1238",0.1
"1239",0.0933333333333333
"1240",0.095
"1241",0.095
"1242",0.0933333333333333
"1243",0.095
"1244",0.108333333333333
"1245",0.0966666666666667
"1246",0.0966666666666667
"1247",0.106666666666667
"1248",0.095
"1249",0.095
"1250",0.106666666666667
"1251",0.0966666666666667
"1252",0.095
"1253",0.095
"1254",0.095
"1255",0.101666666666667
"1256",0.103333333333333
"1257",0.0966666666666667
"1258",0.095
"1259",0.0966666666666667
"1260",0.0966666666666667
"1261",0.103333333333333
"1262",0.0966666666666667
"1263",0.0966666666666667
"1264",0.0983333333333333
"1265",0.101666666666667
"1266",0.095
"1267",0.0966666666666667
"1268",0.0966666666666667
"1269",0.095
"1270",0.095
"1271",0.108333333333333
"1272",0.0966666666666667
"1273",0.0966666666666667
"1274",0.106666666666667
"1275",0.095
"1276",0.095
"1277",0.106666666666667
"1278",0.0966666666666667
"1279",0.095
"1280",0.095
"1281",0.095
"1282",0.101666666666667
"1283",0.103333333333333
"1284",0.0966666666666667
"1285",0.095
"1286",0.0966666666666667
"1287",0.0966666666666667
"1288",0.103333333333333
"1289",0.0966666666666667
"1290",0.0966666666666667
"1291",0.0983333333333333
"1292",0.101666666666667
"1293",0.095
"1294",0.0966666666666667
"1295",0.0966666666666667
"1296",0.095
"1297",0.0933333333333333
"1298",0.106666666666667
"1299",0.095
"1300",0.095
"1301",0.105
"1302",0.0933333333333333
"1303",0.0933333333333333
"1304",0.105
"1305",0.095
"1306",0.0933333333333333
"1307",0.0933333333333333
"1308",0.0933333333333333
"1309",0.1
"1310",0.101666666666667
"1311",0.095
"1312",0.0933333333333333
"1313",0.095
"1314",0.095
"1315",0.101666666666667
"1316",0.095
"1317",0.095
"1318",0.0966666666666667
"1319",0.1
"1320",0.0933333333333333
"1321",0.095
"1322",0.095
"1323",0.0933333333333333
"1324",0.0933333333333333
"1325",0.106666666666667
"1326",0.095
"1327",0.095
"1328",0.105
"1329",0.0933333333333333
"1330",0.0933333333333333
"1331",0.105
"1332",0.095
"1333",0.0933333333333333
"1334",0.0933333333333333
"1335",0.0933333333333333
"1336",0.1
"1337",0.101666666666667
"1338",0.095
"1339",0.0933333333333333
"1340",0.095
"1341",0.095
"1342",0.101666666666667
"1343",0.095
"1344",0.095
"1345",0.0966666666666667
"1346",0.1
"1347",0.0933333333333333
"1348",0.095
"1349",0.095
"1350",0.0933333333333333
"1351",0.095
"1352",0.108333333333333
"1353",0.0966666666666667
"1354",0.0966666666666667
"1355",0.106666666666667
"1356",0.095
"1357",0.095
"1358",0.106666666666667
"1359",0.0966666666666667
"1360",0.095
"1361",0.095
"1362",0.095
"1363",0.101666666666667
"1364",0.103333333333333
"1365",0.0966666666666667
"1366",0.095
"1367",0.0966666666666667
"1368",0.0966666666666667
"1369",0.103333333333333
"1370",0.0966666666666667
"1371",0.0966666666666667
"1372",0.0983333333333333
"1373",0.101666666666667
"1374",0.095
"1375",0.0966666666666667
"1376",0.0966666666666667
"1377",0.095
"1378",0.0933333333333333
"1379",0.106666666666667
"1380",0.095
"1381",0.095
"1382",0.105
"1383",0.0933333333333333
"1384",0.0933333333333333
"1385",0.105
"1386",0.095
"1387",0.0933333333333333
"1388",0.0933333333333333
"1389",0.0933333333333333
"1390",0.1
"1391",0.101666666666667
"1392",0.095
"1393",0.0933333333333333
"1394",0.095
"1395",0.095
"1396",0.101666666666667
"1397",0.095
"1398",0.095
"1399",0.0966666666666667
"1400",0.1
"1401",0.0933333333333333
"1402",0.095
"1403",0.095
"1404",0.0933333333333333
"1405",0.0933333333333333
"1406",0.106666666666667
"1407",0.095
"1408",0.095
"1409",0.105
"1410",0.0933333333333333
"1411",0.0933333333333333
"1412",0.105
"1413",0.095
"1414",0.0933333333333333
"1415",0.0933333333333333
"1416",0.0933333333333333
"1417",0.1
"1418",0.101666666666667
"1419",0.095
"1420",0.0933333333333333
"1421",0.095
"1422",0.095
"1423",0.101666666666667
"1424",0.095
"1425",0.095
"1426",0.0966666666666667
"1427",0.1
"1428",0.0933333333333333
"1429",0.095
"1430",0.095
"1431",0.0933333333333333
"1432",0.0933333333333333
"1433",0.106666666666667
"1434",0.095
"1435",0.095
"1436",0.105
"1437",0.0933333333333333
"1438",0.0933333333333333
"1439",0.105
"1440",0.095
"1441",0.0933333333333333
"1442",0.0933333333333333
"1443",0.0933333333333333
"1444",0.1
"1445",0.101666666666667
"1446",0.095
"1447",0.0933333333333333
"1448",0.095
"1449",0.095
"1450",0.101666666666667
"1451",0.095
"1452",0.095
"1453",0.0966666666666667
"1454",0.1
"1455",0.0933333333333333
"1456",0.095
"1457",0.095
"1458",0.0933333333333333
"1459",0.0933333333333333
"1460",0.106666666666667
"1461",0.095
"1462",0.095
"1463",0.105
"1464",0.0933333333333333
"1465",0.0933333333333333
"1466",0.105
"1467",0.095
"1468",0.0933333333333333
"1469",0.0933333333333333
"1470",0.0933333333333333
"1471",0.1
"1472",0.101666666666667
"1473",0.095
"1474",0.0933333333333333
"1475",0.095
"1476",0.095
"1477",0.101666666666667
"1478",0.095
"1479",0.095
"1480",0.0966666666666667
"1481",0.1
"1482",0.0933333333333333
"1483",0.095
"1484",0.095
"1485",0.0933333333333333
"1486",0.095
"1487",0.105
"1488",0.0966666666666667
"1489",0.0966666666666667
"1490",0.103333333333333
"1491",0.095
"1492",0.095
"1493",0.103333333333333
"1494",0.0933333333333333
"1495",0.095
"1496",0.095
"1497",0.095
"1498",0.101666666666667
"1499",0.1
"1500",0.0966666666666667
"1501",0.095
"1502",0.0933333333333333
"1503",0.0966666666666667
"1504",0.103333333333333
"1505",0.0966666666666667
"1506",0.0966666666666667
"1507",0.0983333333333333
"1508",0.101666666666667
"1509",0.095
"1510",0.0933333333333333
"1511",0.0933333333333333
"1512",0.095
"1513",0.095
"1514",0.108333333333333
"1515",0.0966666666666667
"1516",0.0966666666666667
"1517",0.106666666666667
"1518",0.095
"1519",0.095
"1520",0.106666666666667
"1521",0.0966666666666667
"1522",0.095
"1523",0.095
"1524",0.095
"1525",0.101666666666667
"1526",0.103333333333333
"1527",0.0966666666666667
"1528",0.095
"1529",0.0966666666666667
"1530",0.0966666666666667
"1531",0.103333333333333
"1532",0.0966666666666667
"1533",0.0966666666666667
"1534",0.0983333333333333
"1535",0.101666666666667
"1536",0.095
"1537",0.0966666666666667
"1538",0.0966666666666667
"1539",0.095
"1540",0.0933333333333333
"1541",0.106666666666667
"1542",0.095
"1543",0.095
"1544",0.105
"1545",0.0933333333333333
"1546",0.0933333333333333
"1547",0.105
"1548",0.095
"1549",0.0933333333333333
"1550",0.0933333333333333
"1551",0.0933333333333333
"1552",0.1
"1553",0.101666666666667
"1554",0.095
"1555",0.0933333333333333
"1556",0.095
"1557",0.095
"1558",0.101666666666667
"1559",0.095
"1560",0.095
"1561",0.0966666666666667
"1562",0.1
"1563",0.0933333333333333
"1564",0.095
"1565",0.095
"1566",0.0933333333333333
"1567",0.0933333333333333
"1568",0.106666666666667
"1569",0.095
"1570",0.095
"1571",0.105
"1572",0.0933333333333333
"1573",0.0933333333333333
"1574",0.105
"1575",0.095
"1576",0.0933333333333333
"1577",0.0933333333333333
"1578",0.0933333333333333
"1579",0.1
"1580",0.101666666666667
"1581",0.095
"1582",0.0933333333333333
"1583",0.095
"1584",0.095
"1585",0.101666666666667
"1586",0.095
"1587",0.095
"1588",0.0966666666666667
"1589",0.1
"1590",0.0933333333333333
"1591",0.095
"1592",0.095
"1593",0.0933333333333333
"1594",0.0933333333333333
"1595",0.106666666666667
"1596",0.095
"1597",0.095
"1598",0.105
"1599",0.0933333333333333
"1600",0.0933333333333333
"1601",0.105
"1602",0.095
"1603",0.0933333333333333
"1604",0.0933333333333333
"1605",0.0933333333333333
"1606",0.1
"1607",0.101666666666667
"1608",0.095
"1609",0.0933333333333333
"1610",0.095
"1611",0.095
"1612",0.101666666666667
"1613",0.095
"1614",0.095
"1615",0.0966666666666667
"1616",0.1
"1617",0.0933333333333333
"1618",0.095
"1619",0.095
"1620",0.0933333333333333
"1621",0.0933333333333333
"1622",0.106666666666667
"1623",0.095
"1624",0.095
"1625",0.105
"1626",0.0933333333333333
"1627",0.0933333333333333
"1628",0.105
"1629",0.095
"1630",0.0933333333333333
"1631",0.0933333333333333
"1632",0.0933333333333333
"1633",0.1
"1634",0.101666666666667
"1635",0.095
"1636",0.0933333333333333
"1637",0.095
"1638",0.095
"1639",0.101666666666667
"1640",0.095
"1641",0.095
"1642",0.0966666666666667
"1643",0.1
"1644",0.0933333333333333
"1645",0.095
"1646",0.095
"1647",0.0933333333333333
"1648",0.0933333333333333
"1649",0.106666666666667
"1650",0.095
"1651",0.095
"1652",0.105
"1653",0.0933333333333333
"1654",0.0933333333333333
"1655",0.105
"1656",0.095
"1657",0.0933333333333333
"1658",0.0933333333333333
"1659",0.0933333333333333
"1660",0.1
"1661",0.101666666666667
"1662",0.095
"1663",0.0933333333333333
"1664",0.095
"1665",0.095
"1666",0.101666666666667
"1667",0.095
"1668",0.095
"1669",0.0966666666666667
"1670",0.1
"1671",0.0933333333333333
"1672",0.095
"1673",0.095
"1674",0.0933333333333333
"1675",0.0933333333333333
"1676",0.106666666666667
"1677",0.095
"1678",0.095
"1679",0.105
"1680",0.0933333333333333
"1681",0.0933333333333333
"1682",0.105
"1683",0.095
"1684",0.0933333333333333
"1685",0.0933333333333333
"1686",0.0933333333333333
"1687",0.1
"1688",0.101666666666667
"1689",0.095
"1690",0.0933333333333333
"1691",0.095
"1692",0.095
"1693",0.101666666666667
"1694",0.095
"1695",0.095
"1696",0.0966666666666667
"1697",0.1
"1698",0.0933333333333333
"1699",0.095
"1700",0.095
"1701",0.0933333333333333
"1702",0.0933333333333333
"1703",0.106666666666667
"1704",0.095
"1705",0.095
"1706",0.105
"1707",0.0933333333333333
"1708",0.0933333333333333
"1709",0.105
"1710",0.095
"1711",0.0933333333333333
"1712",0.0933333333333333
"1713",0.0933333333333333
"1714",0.1
"1715",0.101666666666667
"1716",0.095
"1717",0.0933333333333333
"1718",0.095
"1719",0.095
"1720",0.101666666666667
"1721",0.095
"1722",0.095
"1723",0.0966666666666667
"1724",0.1
"1725",0.0933333333333333
"1726",0.095
"1727",0.095
"1728",0.0933333333333333
"1729",0.0916666666666667
"1730",0.105
"1731",0.0933333333333333
"1732",0.0933333333333333
"1733",0.103333333333333
"1734",0.095
"1735",0.095
"1736",0.103333333333333
"1737",0.0966666666666667
"1738",0.095
"1739",0.0916666666666667
"1740",0.095
"1741",0.101666666666667
"1742",0.103333333333333
"1743",0.0933333333333333
"1744",0.095
"1745",0.0966666666666667
"1746",0.0966666666666667
"1747",0.103333333333333
"1748",0.0966666666666667
"1749",0.0966666666666667
"1750",0.0983333333333333
"1751",0.101666666666667
"1752",0.0916666666666667
"1753",0.0966666666666667
"1754",0.0966666666666667
"1755",0.095
"1756",0.095
"1757",0.108333333333333
"1758",0.0966666666666667
"1759",0.0966666666666667
"1760",0.106666666666667
"1761",0.095
"1762",0.095
"1763",0.106666666666667
"1764",0.0966666666666667
"1765",0.095
"1766",0.095
"1767",0.095
"1768",0.101666666666667
"1769",0.103333333333333
"1770",0.0966666666666667
"1771",0.095
"1772",0.0966666666666667
"1773",0.0966666666666667
"1774",0.103333333333333
"1775",0.0966666666666667
"1776",0.0966666666666667
"1777",0.0983333333333333
"1778",0.101666666666667
"1779",0.095
"1780",0.0966666666666667
"1781",0.0966666666666667
"1782",0.095
"1783",0.0933333333333333
"1784",0.106666666666667
"1785",0.095
"1786",0.095
"1787",0.105
"1788",0.0933333333333333
"1789",0.0933333333333333
"1790",0.105
"1791",0.095
"1792",0.0933333333333333
"1793",0.0933333333333333
"1794",0.0933333333333333
"1795",0.1
"1796",0.101666666666667
"1797",0.095
"1798",0.0933333333333333
"1799",0.095
"1800",0.095
"1801",0.101666666666667
"1802",0.095
"1803",0.095
"1804",0.0966666666666667
"1805",0.1
"1806",0.0933333333333333
"1807",0.095
"1808",0.095
"1809",0.0933333333333333
"1810",0.095
"1811",0.108333333333333
"1812",0.0966666666666667
"1813",0.0966666666666667
"1814",0.106666666666667
"1815",0.095
"1816",0.095
"1817",0.106666666666667
"1818",0.0966666666666667
"1819",0.095
"1820",0.095
"1821",0.095
"1822",0.101666666666667
"1823",0.103333333333333
"1824",0.0966666666666667
"1825",0.095
"1826",0.0966666666666667
"1827",0.0966666666666667
"1828",0.103333333333333
"1829",0.0966666666666667
"1830",0.0966666666666667
"1831",0.0983333333333333
"1832",0.101666666666667
"1833",0.095
"1834",0.0966666666666667
"1835",0.0966666666666667
"1836",0.095
"1837",0.0933333333333333
"1838",0.106666666666667
"1839",0.095
"1840",0.095
"1841",0.105
"1842",0.0933333333333333
"1843",0.0933333333333333
"1844",0.105
"1845",0.095
"1846",0.0933333333333333
"1847",0.0933333333333333
"1848",0.0933333333333333
"1849",0.1
"1850",0.101666666666667
"1851",0.095
"1852",0.0933333333333333
"1853",0.095
"1854",0.095
"1855",0.101666666666667
"1856",0.095
"1857",0.095
"1858",0.0966666666666667
"1859",0.1
"1860",0.0933333333333333
"1861",0.095
"1862",0.095
"1863",0.0933333333333333
"1864",0.0933333333333333
"1865",0.106666666666667
"1866",0.095
"1867",0.095
"1868",0.105
"1869",0.0933333333333333
"1870",0.0933333333333333
"1871",0.105
"1872",0.095
"1873",0.0933333333333333
"1874",0.0933333333333333
"1875",0.0933333333333333
"1876",0.1
"1877",0.101666666666667
"1878",0.095
"1879",0.0933333333333333
"1880",0.095
"1881",0.095
"1882",0.101666666666667
"1883",0.095
"1884",0.095
"1885",0.0966666666666667
"1886",0.1
"1887",0.0933333333333333
"1888",0.095
"1889",0.095
"1890",0.0933333333333333
"1891",0.0933333333333333
"1892",0.106666666666667
"1893",0.095
"1894",0.095
"1895",0.105
"1896",0.0933333333333333
"1897",0.0933333333333333
"1898",0.105
"1899",0.095
"1900",0.0933333333333333
"1901",0.0933333333333333
"1902",0.0933333333333333
"1903",0.1
"1904",0.101666666666667
"1905",0.095
"1906",0.0933333333333333
"1907",0.095
"1908",0.095
"1909",0.101666666666667
"1910",0.095
"1911",0.095
"1912",0.0966666666666667
"1913",0.1
"1914",0.0933333333333333
"1915",0.095
"1916",0.095
"1917",0.0933333333333333
"1918",0.115
"1919",0.118333333333333
"1920",0.113333333333333
"1921",0.113333333333333
"1922",0.118333333333333
"1923",0.111666666666667
"1924",0.111666666666667
"1925",0.118333333333333
"1926",0.11
"1927",0.111666666666667
"1928",0.115
"1929",0.111666666666667
"1930",0.116666666666667
"1931",0.115
"1932",0.113333333333333
"1933",0.111666666666667
"1934",0.11
"1935",0.111666666666667
"1936",0.118333333333333
"1937",0.111666666666667
"1938",0.111666666666667
"1939",0.113333333333333
"1940",0.116666666666667
"1941",0.115
"1942",0.11
"1943",0.11
"1944",0.111666666666667
"1945",0.12
"1946",0.123333333333333
"1947",0.121666666666667
"1948",0.121666666666667
"1949",0.126666666666667
"1950",0.123333333333333
"1951",0.123333333333333
"1952",0.126666666666667
"1953",0.118333333333333
"1954",0.123333333333333
"1955",0.12
"1956",0.123333333333333
"1957",0.123333333333333
"1958",0.125
"1959",0.121666666666667
"1960",0.123333333333333
"1961",0.118333333333333
"1962",0.126666666666667
"1963",0.125
"1964",0.126666666666667
"1965",0.126666666666667
"1966",0.125
"1967",0.123333333333333
"1968",0.12
"1969",0.118333333333333
"1970",0.118333333333333
"1971",0.123333333333333
"1972",0.12
"1973",0.123333333333333
"1974",0.121666666666667
"1975",0.121666666666667
"1976",0.126666666666667
"1977",0.123333333333333
"1978",0.123333333333333
"1979",0.126666666666667
"1980",0.118333333333333
"1981",0.123333333333333
"1982",0.12
"1983",0.123333333333333
"1984",0.123333333333333
"1985",0.125
"1986",0.121666666666667
"1987",0.123333333333333
"1988",0.118333333333333
"1989",0.126666666666667
"1990",0.125
"1991",0.126666666666667
"1992",0.126666666666667
"1993",0.125
"1994",0.123333333333333
"1995",0.12
"1996",0.118333333333333
"1997",0.118333333333333
"1998",0.123333333333333
"1999",0.12
"2000",0.123333333333333
"2001",0.121666666666667
"2002",0.121666666666667
"2003",0.126666666666667
"2004",0.123333333333333
"2005",0.123333333333333
"2006",0.126666666666667
"2007",0.118333333333333
"2008",0.123333333333333
"2009",0.12
"2010",0.123333333333333
"2011",0.123333333333333
"2012",0.125
"2013",0.121666666666667
"2014",0.123333333333333
"2015",0.118333333333333
"2016",0.126666666666667
"2017",0.125
"2018",0.126666666666667
"2019",0.126666666666667
"2020",0.125
"2021",0.123333333333333
"2022",0.12
"2023",0.118333333333333
"2024",0.118333333333333
"2025",0.123333333333333
"2026",0.12
"2027",0.123333333333333
"2028",0.121666666666667
"2029",0.121666666666667
"2030",0.126666666666667
"2031",0.123333333333333
"2032",0.123333333333333
"2033",0.126666666666667
"2034",0.118333333333333
"2035",0.123333333333333
"2036",0.12
"2037",0.123333333333333
"2038",0.123333333333333
"2039",0.125
"2040",0.121666666666667
"2041",0.123333333333333
"2042",0.118333333333333
"2043",0.126666666666667
"2044",0.125
"2045",0.126666666666667
"2046",0.126666666666667
"2047",0.125
"2048",0.123333333333333
"2049",0.12
"2050",0.118333333333333
"2051",0.118333333333333
"2052",0.123333333333333
"2053",0.121666666666667
"2054",0.121666666666667
"2055",0.123333333333333
"2056",0.123333333333333
"2057",0.125
"2058",0.125
"2059",0.125
"2060",0.125
"2061",0.12
"2062",0.125
"2063",0.121666666666667
"2064",0.125
"2065",0.125
"2066",0.126666666666667
"2067",0.123333333333333
"2068",0.125
"2069",0.12
"2070",0.128333333333333
"2071",0.126666666666667
"2072",0.128333333333333
"2073",0.128333333333333
"2074",0.126666666666667
"2075",0.125
"2076",0.121666666666667
"2077",0.12
"2078",0.12
"2079",0.125
"2080",0.12
"2081",0.123333333333333
"2082",0.121666666666667
"2083",0.121666666666667
"2084",0.126666666666667
"2085",0.123333333333333
"2086",0.123333333333333
"2087",0.126666666666667
"2088",0.118333333333333
"2089",0.123333333333333
"2090",0.12
"2091",0.123333333333333
"2092",0.123333333333333
"2093",0.125
"2094",0.121666666666667
"2095",0.123333333333333
"2096",0.118333333333333
"2097",0.126666666666667
"2098",0.125
"2099",0.126666666666667
"2100",0.126666666666667
"2101",0.125
"2102",0.123333333333333
"2103",0.12
"2104",0.118333333333333
"2105",0.118333333333333
"2106",0.123333333333333
"2107",0.121666666666667
"2108",0.125
"2109",0.123333333333333
"2110",0.123333333333333
"2111",0.128333333333333
"2112",0.125
"2113",0.125
"2114",0.128333333333333
"2115",0.12
"2116",0.125
"2117",0.121666666666667
"2118",0.125
"2119",0.125
"2120",0.126666666666667
"2121",0.123333333333333
"2122",0.125
"2123",0.12
"2124",0.128333333333333
"2125",0.126666666666667
"2126",0.128333333333333
"2127",0.128333333333333
"2128",0.126666666666667
"2129",0.125
"2130",0.121666666666667
"2131",0.12
"2132",0.12
"2133",0.125
"2134",0.12
"2135",0.123333333333333
"2136",0.121666666666667
"2137",0.121666666666667
"2138",0.126666666666667
"2139",0.123333333333333
"2140",0.123333333333333
"2141",0.126666666666667
"2142",0.118333333333333
"2143",0.123333333333333
"2144",0.12
"2145",0.123333333333333
"2146",0.123333333333333
"2147",0.125
"2148",0.121666666666667
"2149",0.123333333333333
"2150",0.118333333333333
"2151",0.126666666666667
"2152",0.125
"2153",0.126666666666667
"2154",0.126666666666667
"2155",0.125
"2156",0.123333333333333
"2157",0.12
"2158",0.118333333333333
"2159",0.118333333333333
"2160",0.123333333333333
"2161",0.12
"2162",0.123333333333333
"2163",0.121666666666667
"2164",0.121666666666667
"2165",0.126666666666667
"2166",0.123333333333333
"2167",0.123333333333333
"2168",0.126666666666667
"2169",0.118333333333333
"2170",0.123333333333333
"2171",0.12
"2172",0.123333333333333
"2173",0.123333333333333
"2174",0.125
"2175",0.121666666666667
"2176",0.123333333333333
"2177",0.118333333333333
"2178",0.126666666666667
"2179",0.125
"2180",0.126666666666667
"2181",0.126666666666667
"2182",0.125
"2183",0.123333333333333
"2184",0.12
"2185",0.118333333333333
"2186",0.118333333333333
"2187",0.123333333333333
"2188",0.12
"2189",0.123333333333333
"2190",0.121666666666667
"2191",0.121666666666667
"2192",0.126666666666667
"2193",0.123333333333333
"2194",0.123333333333333
"2195",0.126666666666667
"2196",0.118333333333333
"2197",0.123333333333333
"2198",0.12
"2199",0.123333333333333
"2200",0.123333333333333
"2201",0.125
"2202",0.121666666666667
"2203",0.123333333333333
"2204",0.118333333333333
"2205",0.126666666666667
"2206",0.125
"2207",0.126666666666667
"2208",0.126666666666667
"2209",0.125
"2210",0.123333333333333
"2211",0.12
"2212",0.118333333333333
"2213",0.118333333333333
"2214",0.123333333333333
"2215",0.12
"2216",0.123333333333333
"2217",0.121666666666667
"2218",0.121666666666667
"2219",0.126666666666667
"2220",0.123333333333333
"2221",0.123333333333333
"2222",0.126666666666667
"2223",0.118333333333333
"2224",0.123333333333333
"2225",0.12
"2226",0.123333333333333
"2227",0.123333333333333
"2228",0.125
"2229",0.121666666666667
"2230",0.123333333333333
"2231",0.118333333333333
"2232",0.126666666666667
"2233",0.125
"2234",0.126666666666667
"2235",0.126666666666667
"2236",0.125
"2237",0.123333333333333
"2238",0.12
"2239",0.118333333333333
"2240",0.118333333333333
"2241",0.123333333333333
"2242",0.12
"2243",0.123333333333333
"2244",0.121666666666667
"2245",0.121666666666667
"2246",0.126666666666667
"2247",0.123333333333333
"2248",0.123333333333333
"2249",0.126666666666667
"2250",0.118333333333333
"2251",0.123333333333333
"2252",0.12
"2253",0.123333333333333
"2254",0.123333333333333
"2255",0.125
"2256",0.121666666666667
"2257",0.123333333333333
"2258",0.118333333333333
"2259",0.126666666666667
"2260",0.125
"2261",0.126666666666667
"2262",0.126666666666667
"2263",0.125
"2264",0.123333333333333
"2265",0.12
"2266",0.118333333333333
"2267",0.118333333333333
"2268",0.123333333333333
"2269",0.12
"2270",0.123333333333333
"2271",0.121666666666667
"2272",0.121666666666667
"2273",0.126666666666667
"2274",0.123333333333333
"2275",0.123333333333333
"2276",0.126666666666667
"2277",0.118333333333333
"2278",0.123333333333333
"2279",0.12
"2280",0.123333333333333
"2281",0.123333333333333
"2282",0.125
"2283",0.121666666666667
"2284",0.123333333333333
"2285",0.118333333333333
"2286",0.126666666666667
"2287",0.125
"2288",0.126666666666667
"2289",0.126666666666667
"2290",0.125
"2291",0.123333333333333
"2292",0.12
"2293",0.118333333333333
"2294",0.118333333333333
"2295",0.123333333333333
"2296",0.12
"2297",0.123333333333333
"2298",0.121666666666667
"2299",0.121666666666667
"2300",0.126666666666667
"2301",0.123333333333333
"2302",0.123333333333333
"2303",0.126666666666667
"2304",0.118333333333333
"2305",0.123333333333333
"2306",0.12
"2307",0.123333333333333
"2308",0.123333333333333
"2309",0.125
"2310",0.121666666666667
"2311",0.123333333333333
"2312",0.118333333333333
"2313",0.126666666666667
"2314",0.125
"2315",0.126666666666667
"2316",0.126666666666667
"2317",0.125
"2318",0.123333333333333
"2319",0.12
"2320",0.118333333333333
"2321",0.118333333333333
"2322",0.123333333333333
"2323",0.12
"2324",0.123333333333333
"2325",0.121666666666667
"2326",0.121666666666667
"2327",0.126666666666667
"2328",0.123333333333333
"2329",0.123333333333333
"2330",0.126666666666667
"2331",0.118333333333333
"2332",0.123333333333333
"2333",0.12
"2334",0.123333333333333
"2335",0.123333333333333
"2336",0.125
"2337",0.121666666666667
"2338",0.123333333333333
"2339",0.118333333333333
"2340",0.126666666666667
"2341",0.125
"2342",0.126666666666667
"2343",0.126666666666667
"2344",0.125
"2345",0.123333333333333
"2346",0.12
"2347",0.118333333333333
"2348",0.118333333333333
"2349",0.123333333333333
"2350",0.12
"2351",0.123333333333333
"2352",0.121666666666667
"2353",0.121666666666667
"2354",0.126666666666667
"2355",0.123333333333333
"2356",0.123333333333333
"2357",0.126666666666667
"2358",0.118333333333333
"2359",0.123333333333333
"2360",0.12
"2361",0.123333333333333
"2362",0.123333333333333
"2363",0.125
"2364",0.121666666666667
"2365",0.123333333333333
"2366",0.118333333333333
"2367",0.126666666666667
"2368",0.125
"2369",0.126666666666667
"2370",0.126666666666667
"2371",0.125
"2372",0.123333333333333
"2373",0.12
"2374",0.118333333333333
"2375",0.118333333333333
"2376",0.123333333333333
"2377",0.12
"2378",0.123333333333333
"2379",0.121666666666667
"2380",0.121666666666667
"2381",0.126666666666667
"2382",0.123333333333333
"2383",0.123333333333333
"2384",0.126666666666667
"2385",0.118333333333333
"2386",0.123333333333333
"2387",0.12
"2388",0.123333333333333
"2389",0.123333333333333
"2390",0.125
"2391",0.121666666666667
"2392",0.123333333333333
"2393",0.118333333333333
"2394",0.126666666666667
"2395",0.125
"2396",0.126666666666667
"2397",0.126666666666667
"2398",0.125
"2399",0.123333333333333
"2400",0.12
"2401",0.118333333333333
"2402",0.118333333333333
"2403",0.123333333333333
"2404",0.12
"2405",0.123333333333333
"2406",0.121666666666667
"2407",0.121666666666667
"2408",0.126666666666667
"2409",0.123333333333333
"2410",0.123333333333333
"2411",0.126666666666667
"2412",0.118333333333333
"2413",0.123333333333333
"2414",0.12
"2415",0.123333333333333
"2416",0.123333333333333
"2417",0.125
"2418",0.121666666666667
"2419",0.123333333333333
"2420",0.118333333333333
"2421",0.126666666666667
"2422",0.125
"2423",0.126666666666667
"2424",0.126666666666667
"2425",0.125
"2426",0.123333333333333
"2427",0.12
"2428",0.118333333333333
"2429",0.118333333333333
"2430",0.123333333333333
"2431",0.12
"2432",0.123333333333333
"2433",0.121666666666667
"2434",0.121666666666667
"2435",0.126666666666667
"2436",0.123333333333333
"2437",0.123333333333333
"2438",0.126666666666667
"2439",0.118333333333333
"2440",0.123333333333333
"2441",0.12
"2442",0.123333333333333
"2443",0.123333333333333
"2444",0.125
"2445",0.121666666666667
"2446",0.123333333333333
"2447",0.118333333333333
"2448",0.126666666666667
"2449",0.125
"2450",0.126666666666667
"2451",0.126666666666667
"2452",0.125
"2453",0.123333333333333
"2454",0.12
"2455",0.118333333333333
"2456",0.118333333333333
"2457",0.123333333333333
"2458",0.12
"2459",0.123333333333333
"2460",0.121666666666667
"2461",0.121666666666667
"2462",0.126666666666667
"2463",0.123333333333333
"2464",0.123333333333333
"2465",0.126666666666667
"2466",0.118333333333333
"2467",0.123333333333333
"2468",0.12
"2469",0.123333333333333
"2470",0.123333333333333
"2471",0.125
"2472",0.121666666666667
"2473",0.123333333333333
"2474",0.118333333333333
"2475",0.126666666666667
"2476",0.125
"2477",0.126666666666667
"2478",0.126666666666667
"2479",0.125
"2480",0.123333333333333
"2481",0.12
"2482",0.118333333333333
"2483",0.118333333333333
"2484",0.123333333333333
"2485",0.12
"2486",0.123333333333333
"2487",0.121666666666667
"2488",0.121666666666667
"2489",0.126666666666667
"2490",0.123333333333333
"2491",0.123333333333333
"2492",0.126666666666667
"2493",0.118333333333333
"2494",0.123333333333333
"2495",0.12
"2496",0.123333333333333
"2497",0.123333333333333
"2498",0.125
"2499",0.121666666666667
"2500",0.123333333333333
"2501",0.118333333333333
"2502",0.126666666666667
"2503",0.125
"2504",0.126666666666667
"2505",0.126666666666667
"2506",0.125
"2507",0.123333333333333
"2508",0.12
"2509",0.118333333333333
"2510",0.118333333333333
"2511",0.123333333333333
"2512",0.12
"2513",0.123333333333333
"2514",0.121666666666667
"2515",0.121666666666667
"2516",0.126666666666667
"2517",0.123333333333333
"2518",0.123333333333333
"2519",0.126666666666667
"2520",0.118333333333333
"2521",0.123333333333333
"2522",0.12
"2523",0.123333333333333
"2524",0.123333333333333
"2525",0.125
"2526",0.121666666666667
"2527",0.123333333333333
"2528",0.118333333333333
"2529",0.126666666666667
"2530",0.125
"2531",0.126666666666667
"2532",0.126666666666667
"2533",0.125
"2534",0.123333333333333
"2535",0.12
"2536",0.118333333333333
"2537",0.118333333333333
"2538",0.123333333333333
"2539",0.12
"2540",0.123333333333333
"2541",0.121666666666667
"2542",0.121666666666667
"2543",0.126666666666667
"2544",0.123333333333333
"2545",0.123333333333333
"2546",0.126666666666667
"2547",0.118333333333333
"2548",0.123333333333333
"2549",0.12
"2550",0.123333333333333
"2551",0.123333333333333
"2552",0.125
"2553",0.121666666666667
"2554",0.123333333333333
"2555",0.118333333333333
"2556",0.126666666666667
"2557",0.125
"2558",0.126666666666667
"2559",0.126666666666667
"2560",0.125
"2561",0.123333333333333
"2562",0.12
"2563",0.118333333333333
"2564",0.118333333333333
"2565",0.123333333333333
"2566",0.12
"2567",0.123333333333333
"2568",0.121666666666667
"2569",0.121666666666667
"2570",0.126666666666667
"2571",0.123333333333333
"2572",0.123333333333333
"2573",0.126666666666667
"2574",0.118333333333333
"2575",0.123333333333333
"2576",0.12
"2577",0.123333333333333
"2578",0.123333333333333
"2579",0.125
"2580",0.121666666666667
"2581",0.123333333333333
"2582",0.118333333333333
"2583",0.126666666666667
"2584",0.125
"2585",0.126666666666667
"2586",0.126666666666667
"2587",0.125
"2588",0.123333333333333
"2589",0.12
"2590",0.118333333333333
"2591",0.118333333333333
"2592",0.123333333333333
"2593",0.12
"2594",0.123333333333333
"2595",0.121666666666667
"2596",0.121666666666667
"2597",0.126666666666667
"2598",0.123333333333333
"2599",0.123333333333333
"2600",0.126666666666667
"2601",0.118333333333333
"2602",0.123333333333333
"2603",0.12
"2604",0.123333333333333
"2605",0.123333333333333
"2606",0.125
"2607",0.121666666666667
"2608",0.123333333333333
"2609",0.118333333333333
"2610",0.126666666666667
"2611",0.125
"2612",0.126666666666667
"2613",0.126666666666667
"2614",0.125
"2615",0.123333333333333
"2616",0.12
"2617",0.118333333333333
"2618",0.118333333333333
"2619",0.123333333333333
"2620",0.12
"2621",0.123333333333333
"2622",0.121666666666667
"2623",0.121666666666667
"2624",0.126666666666667
"2625",0.123333333333333
"2626",0.123333333333333
"2627",0.126666666666667
"2628",0.118333333333333
"2629",0.123333333333333
"2630",0.12
"2631",0.123333333333333
"2632",0.123333333333333
"2633",0.125
"2634",0.121666666666667
"2635",0.123333333333333
"2636",0.118333333333333
"2637",0.126666666666667
"2638",0.125
"2639",0.126666666666667
"2640",0.126666666666667
"2641",0.125
"2642",0.123333333333333
"2643",0.12
"2644",0.118333333333333
"2645",0.118333333333333
"2646",0.123333333333333
"2647",0.12
"2648",0.123333333333333
"2649",0.121666666666667
"2650",0.121666666666667
"2651",0.126666666666667
"2652",0.123333333333333
"2653",0.123333333333333
"2654",0.126666666666667
"2655",0.118333333333333
"2656",0.123333333333333
"2657",0.12
"2658",0.123333333333333
"2659",0.123333333333333
"2660",0.125
"2661",0.121666666666667
"2662",0.123333333333333
"2663",0.118333333333333
"2664",0.126666666666667
"2665",0.125
"2666",0.126666666666667
"2667",0.126666666666667
"2668",0.125
"2669",0.123333333333333
"2670",0.12
"2671",0.118333333333333
"2672",0.118333333333333
"2673",0.123333333333333
"2674",0.113333333333333
"2675",0.125
"2676",0.115
"2677",0.115
"2678",0.123333333333333
"2679",0.113333333333333
"2680",0.113333333333333
"2681",0.123333333333333
"2682",0.118333333333333
"2683",0.113333333333333
"2684",0.113333333333333
"2685",0.113333333333333
"2686",0.121666666666667
"2687",0.123333333333333
"2688",0.115
"2689",0.113333333333333
"2690",0.118333333333333
"2691",0.115
"2692",0.123333333333333
"2693",0.115
"2694",0.115
"2695",0.113333333333333
"2696",0.121666666666667
"2697",0.113333333333333
"2698",0.118333333333333
"2699",0.118333333333333
"2700",0.113333333333333
"2701",0.118333333333333
"2702",0.126666666666667
"2703",0.12
"2704",0.12
"2705",0.125
"2706",0.118333333333333
"2707",0.118333333333333
"2708",0.125
"2709",0.116666666666667
"2710",0.118333333333333
"2711",0.118333333333333
"2712",0.118333333333333
"2713",0.126666666666667
"2714",0.125
"2715",0.12
"2716",0.118333333333333
"2717",0.116666666666667
"2718",0.116666666666667
"2719",0.128333333333333
"2720",0.116666666666667
"2721",0.116666666666667
"2722",0.118333333333333
"2723",0.126666666666667
"2724",0.118333333333333
"2725",0.116666666666667
"2726",0.116666666666667
"2727",0.118333333333333
"2728",0.115
"2729",0.12
"2730",0.113333333333333
"2731",0.113333333333333
"2732",0.118333333333333
"2733",0.111666666666667
"2734",0.111666666666667
"2735",0.118333333333333
"2736",0.113333333333333
"2737",0.111666666666667
"2738",0.115
"2739",0.111666666666667
"2740",0.12
"2741",0.118333333333333
"2742",0.113333333333333
"2743",0.111666666666667
"2744",0.113333333333333
"2745",0.113333333333333
"2746",0.121666666666667
"2747",0.113333333333333
"2748",0.113333333333333
"2749",0.115
"2750",0.12
"2751",0.115
"2752",0.113333333333333
"2753",0.113333333333333
"2754",0.111666666666667
"2755",0.115
"2756",0.12
"2757",0.113333333333333
"2758",0.113333333333333
"2759",0.118333333333333
"2760",0.111666666666667
"2761",0.111666666666667
"2762",0.118333333333333
"2763",0.113333333333333
"2764",0.111666666666667
"2765",0.115
"2766",0.111666666666667
"2767",0.12
"2768",0.118333333333333
"2769",0.113333333333333
"2770",0.111666666666667
"2771",0.113333333333333
"2772",0.113333333333333
"2773",0.121666666666667
"2774",0.113333333333333
"2775",0.113333333333333
"2776",0.115
"2777",0.12
"2778",0.115
"2779",0.113333333333333
"2780",0.113333333333333
"2781",0.111666666666667
"2782",0.105
"2783",0.11
"2784",0.106666666666667
"2785",0.106666666666667
"2786",0.113333333333333
"2787",0.106666666666667
"2788",0.106666666666667
"2789",0.113333333333333
"2790",0.1
"2791",0.106666666666667
"2792",0.105
"2793",0.106666666666667
"2794",0.11
"2795",0.11
"2796",0.106666666666667
"2797",0.106666666666667
"2798",0.1
"2799",0.106666666666667
"2800",0.111666666666667
"2801",0.106666666666667
"2802",0.106666666666667
"2803",0.108333333333333
"2804",0.11
"2805",0.105
"2806",0.1
"2807",0.1
"2808",0.106666666666667
"2809",0.105
"2810",0.11
"2811",0.106666666666667
"2812",0.106666666666667
"2813",0.113333333333333
"2814",0.106666666666667
"2815",0.106666666666667
"2816",0.113333333333333
"2817",0.1
"2818",0.106666666666667
"2819",0.105
"2820",0.106666666666667
"2821",0.11
"2822",0.11
"2823",0.106666666666667
"2824",0.106666666666667
"2825",0.1
"2826",0.106666666666667
"2827",0.111666666666667
"2828",0.106666666666667
"2829",0.106666666666667
"2830",0.108333333333333
"2831",0.11
"2832",0.105
"2833",0.1
"2834",0.1
"2835",0.106666666666667
"2836",0.106666666666667
"2837",0.111666666666667
"2838",0.108333333333333
"2839",0.108333333333333
"2840",0.115
"2841",0.108333333333333
"2842",0.108333333333333
"2843",0.115
"2844",0.101666666666667
"2845",0.108333333333333
"2846",0.106666666666667
"2847",0.108333333333333
"2848",0.111666666666667
"2849",0.111666666666667
"2850",0.108333333333333
"2851",0.108333333333333
"2852",0.101666666666667
"2853",0.108333333333333
"2854",0.113333333333333
"2855",0.108333333333333
"2856",0.108333333333333
"2857",0.11
"2858",0.111666666666667
"2859",0.106666666666667
"2860",0.101666666666667
"2861",0.101666666666667
"2862",0.108333333333333
"2863",0.105
"2864",0.11
"2865",0.106666666666667
"2866",0.106666666666667
"2867",0.113333333333333
"2868",0.106666666666667
"2869",0.106666666666667
"2870",0.113333333333333
"2871",0.1
"2872",0.106666666666667
"2873",0.105
"2874",0.106666666666667
"2875",0.11
"2876",0.11
"2877",0.106666666666667
"2878",0.106666666666667
"2879",0.1
"2880",0.106666666666667
"2881",0.111666666666667
"2882",0.106666666666667
"2883",0.106666666666667
"2884",0.108333333333333
"2885",0.11
"2886",0.105
"2887",0.1
"2888",0.1
"2889",0.106666666666667
"2890",0.105
"2891",0.11
"2892",0.106666666666667
"2893",0.106666666666667
"2894",0.113333333333333
"2895",0.106666666666667
"2896",0.106666666666667
"2897",0.113333333333333
"2898",0.1
"2899",0.106666666666667
"2900",0.105
"2901",0.106666666666667
"2902",0.11
"2903",0.11
"2904",0.106666666666667
"2905",0.106666666666667
"2906",0.1
"2907",0.106666666666667
"2908",0.111666666666667
"2909",0.106666666666667
"2910",0.106666666666667
"2911",0.108333333333333
"2912",0.11
"2913",0.105
"2914",0.1
"2915",0.1
"2916",0.106666666666667
"2917",0.105
"2918",0.11
"2919",0.106666666666667
"2920",0.106666666666667
"2921",0.113333333333333
"2922",0.106666666666667
"2923",0.106666666666667
"2924",0.113333333333333
"2925",0.1
"2926",0.106666666666667
"2927",0.105
"2928",0.106666666666667
"2929",0.11
"2930",0.11
"2931",0.106666666666667
"2932",0.106666666666667
"2933",0.1
"2934",0.106666666666667
"2935",0.111666666666667
"2936",0.106666666666667
"2937",0.106666666666667
"2938",0.108333333333333
"2939",0.11
"2940",0.105
"2941",0.1
"2942",0.1
"2943",0.106666666666667
"2944",0.108333333333333
"2945",0.106666666666667
"2946",0.11
"2947",0.11
"2948",0.11
"2949",0.11
"2950",0.11
"2951",0.11
"2952",0.095
"2953",0.11
"2954",0.108333333333333
"2955",0.11
"2956",0.11
"2957",0.11
"2958",0.11
"2959",0.11
"2960",0.095
"2961",0.105
"2962",0.111666666666667
"2963",0.105
"2964",0.105
"2965",0.106666666666667
"2966",0.11
"2967",0.108333333333333
"2968",0.095
"2969",0.095
"2970",0.11
"2971",0.105
"2972",0.11
"2973",0.106666666666667
"2974",0.106666666666667
"2975",0.113333333333333
"2976",0.106666666666667
"2977",0.106666666666667
"2978",0.113333333333333
"2979",0.0983333333333333
"2980",0.106666666666667
"2981",0.105
"2982",0.106666666666667
"2983",0.11
"2984",0.11
"2985",0.106666666666667
"2986",0.106666666666667
"2987",0.0983333333333333
"2988",0.105
"2989",0.111666666666667
"2990",0.105
"2991",0.105
"2992",0.106666666666667
"2993",0.11
"2994",0.105
"2995",0.0983333333333333
"2996",0.0983333333333333
"2997",0.106666666666667
"2998",0.105
"2999",0.11
"3000",0.106666666666667
"3001",0.106666666666667
"3002",0.113333333333333
"3003",0.106666666666667
"3004",0.106666666666667
"3005",0.113333333333333
"3006",0.1
"3007",0.106666666666667
"3008",0.105
"3009",0.106666666666667
"3010",0.11
"3011",0.11
"3012",0.106666666666667
"3013",0.106666666666667
"3014",0.1
"3015",0.106666666666667
"3016",0.111666666666667
"3017",0.106666666666667
"3018",0.106666666666667
"3019",0.108333333333333
"3020",0.11
"3021",0.105
"3022",0.1
"3023",0.1
"3024",0.106666666666667
"3025",0.105
"3026",0.11
"3027",0.106666666666667
"3028",0.106666666666667
"3029",0.113333333333333
"3030",0.106666666666667
"3031",0.106666666666667
"3032",0.113333333333333
"3033",0.0983333333333333
"3034",0.106666666666667
"3035",0.105
"3036",0.106666666666667
"3037",0.11
"3038",0.11
"3039",0.106666666666667
"3040",0.106666666666667
"3041",0.0983333333333333
"3042",0.105
"3043",0.111666666666667
"3044",0.105
"3045",0.105
"3046",0.106666666666667
"3047",0.11
"3048",0.105
"3049",0.0983333333333333
"3050",0.0983333333333333
"3051",0.106666666666667
"3052",0.105
"3053",0.11
"3054",0.106666666666667
"3055",0.106666666666667
"3056",0.113333333333333
"3057",0.106666666666667
"3058",0.106666666666667
"3059",0.113333333333333
"3060",0.1
"3061",0.106666666666667
"3062",0.105
"3063",0.106666666666667
"3064",0.11
"3065",0.11
"3066",0.106666666666667
"3067",0.106666666666667
"3068",0.1
"3069",0.106666666666667
"3070",0.111666666666667
"3071",0.106666666666667
"3072",0.106666666666667
"3073",0.108333333333333
"3074",0.11
"3075",0.105
"3076",0.1
"3077",0.1
"3078",0.106666666666667
"3079",0.108333333333333
"3080",0.106666666666667
"3081",0.11
"3082",0.11
"3083",0.11
"3084",0.11
"3085",0.11
"3086",0.11
"3087",0.095
"3088",0.11
"3089",0.108333333333333
"3090",0.11
"3091",0.11
"3092",0.11
"3093",0.11
"3094",0.11
"3095",0.095
"3096",0.105
"3097",0.111666666666667
"3098",0.105
"3099",0.105
"3100",0.106666666666667
"3101",0.11
"3102",0.108333333333333
"3103",0.095
"3104",0.095
"3105",0.11
"3106",0.105
"3107",0.11
"3108",0.106666666666667
"3109",0.106666666666667
"3110",0.113333333333333
"3111",0.106666666666667
"3112",0.106666666666667
"3113",0.113333333333333
"3114",0.0983333333333333
"3115",0.106666666666667
"3116",0.105
"3117",0.106666666666667
"3118",0.11
"3119",0.11
"3120",0.106666666666667
"3121",0.106666666666667
"3122",0.0983333333333333
"3123",0.105
"3124",0.111666666666667
"3125",0.105
"3126",0.105
"3127",0.106666666666667
"3128",0.11
"3129",0.105
"3130",0.0983333333333333
"3131",0.0983333333333333
"3132",0.106666666666667
"3133",0.106666666666667
"3134",0.111666666666667
"3135",0.108333333333333
"3136",0.108333333333333
"3137",0.115
"3138",0.108333333333333
"3139",0.108333333333333
"3140",0.115
"3141",0.101666666666667
"3142",0.108333333333333
"3143",0.106666666666667
"3144",0.108333333333333
"3145",0.111666666666667
"3146",0.111666666666667
"3147",0.108333333333333
"3148",0.108333333333333
"3149",0.101666666666667
"3150",0.108333333333333
"3151",0.113333333333333
"3152",0.108333333333333
"3153",0.108333333333333
"3154",0.11
"3155",0.111666666666667
"3156",0.106666666666667
"3157",0.101666666666667
"3158",0.101666666666667
"3159",0.108333333333333
"3160",0.108333333333333
"3161",0.106666666666667
"3162",0.11
"3163",0.11
"3164",0.11
"3165",0.11
"3166",0.11
"3167",0.11
"3168",0.095
"3169",0.11
"3170",0.108333333333333
"3171",0.11
"3172",0.11
"3173",0.11
"3174",0.11
"3175",0.11
"3176",0.095
"3177",0.105
"3178",0.111666666666667
"3179",0.105
"3180",0.105
"3181",0.106666666666667
"3182",0.11
"3183",0.108333333333333
"3184",0.095
"3185",0.095
"3186",0.11
"3187",0.105
"3188",0.11
"3189",0.106666666666667
"3190",0.106666666666667
"3191",0.113333333333333
"3192",0.106666666666667
"3193",0.106666666666667
"3194",0.113333333333333
"3195",0.1
"3196",0.106666666666667
"3197",0.105
"3198",0.106666666666667
"3199",0.11
"3200",0.11
"3201",0.106666666666667
"3202",0.106666666666667
"3203",0.1
"3204",0.106666666666667
"3205",0.111666666666667
"3206",0.106666666666667
"3207",0.106666666666667
"3208",0.108333333333333
"3209",0.11
"3210",0.105
"3211",0.1
"3212",0.1
"3213",0.106666666666667
"3214",0.108333333333333
"3215",0.106666666666667
"3216",0.11
"3217",0.11
"3218",0.11
"3219",0.11
"3220",0.11
"3221",0.11
"3222",0.095
"3223",0.11
"3224",0.108333333333333
"3225",0.11
"3226",0.11
"3227",0.11
"3228",0.11
"3229",0.11
"3230",0.095
"3231",0.105
"3232",0.111666666666667
"3233",0.105
"3234",0.105
"3235",0.106666666666667
"3236",0.11
"3237",0.108333333333333
"3238",0.095
"3239",0.095
"3240",0.11
"3241",0.108333333333333
"3242",0.106666666666667
"3243",0.11
"3244",0.11
"3245",0.11
"3246",0.11
"3247",0.11
"3248",0.11
"3249",0.095
"3250",0.11
"3251",0.108333333333333
"3252",0.11
"3253",0.11
"3254",0.11
"3255",0.11
"3256",0.11
"3257",0.095
"3258",0.105
"3259",0.111666666666667
"3260",0.105
"3261",0.105
"3262",0.106666666666667
"3263",0.11
"3264",0.108333333333333
"3265",0.095
"3266",0.095
"3267",0.11
"3268",0.108333333333333
"3269",0.106666666666667
"3270",0.11
"3271",0.11
"3272",0.11
"3273",0.11
"3274",0.11
"3275",0.11
"3276",0.095
"3277",0.11
"3278",0.108333333333333
"3279",0.11
"3280",0.11
"3281",0.11
"3282",0.11
"3283",0.11
"3284",0.095
"3285",0.105
"3286",0.111666666666667
"3287",0.105
"3288",0.105
"3289",0.106666666666667
"3290",0.11
"3291",0.108333333333333
"3292",0.095
"3293",0.095
"3294",0.11
"3295",0.105
"3296",0.11
"3297",0.106666666666667
"3298",0.106666666666667
"3299",0.113333333333333
"3300",0.106666666666667
"3301",0.106666666666667
"3302",0.113333333333333
"3303",0.0983333333333333
"3304",0.106666666666667
"3305",0.105
"3306",0.106666666666667
"3307",0.11
"3308",0.11
"3309",0.106666666666667
"3310",0.106666666666667
"3311",0.0983333333333333
"3312",0.105
"3313",0.111666666666667
"3314",0.105
"3315",0.105
"3316",0.106666666666667
"3317",0.11
"3318",0.105
"3319",0.0983333333333333
"3320",0.0983333333333333
"3321",0.106666666666667
"3322",0.105
"3323",0.11
"3324",0.106666666666667
"3325",0.106666666666667
"3326",0.113333333333333
"3327",0.106666666666667
"3328",0.106666666666667
"3329",0.113333333333333
"3330",0.1
"3331",0.106666666666667
"3332",0.105
"3333",0.106666666666667
"3334",0.11
"3335",0.11
"3336",0.106666666666667
"3337",0.106666666666667
"3338",0.1
"3339",0.106666666666667
"3340",0.111666666666667
"3341",0.106666666666667
"3342",0.106666666666667
"3343",0.108333333333333
"3344",0.11
"3345",0.105
"3346",0.1
"3347",0.1
"3348",0.106666666666667
"3349",0.105
"3350",0.11
"3351",0.106666666666667
"3352",0.106666666666667
"3353",0.113333333333333
"3354",0.106666666666667
"3355",0.106666666666667
"3356",0.113333333333333
"3357",0.0983333333333333
"3358",0.106666666666667
"3359",0.105
"3360",0.106666666666667
"3361",0.11
"3362",0.11
"3363",0.106666666666667
"3364",0.106666666666667
"3365",0.0983333333333333
"3366",0.105
"3367",0.111666666666667
"3368",0.105
"3369",0.105
"3370",0.106666666666667
"3371",0.11
"3372",0.105
"3373",0.0983333333333333
"3374",0.0983333333333333
"3375",0.106666666666667
"3376",0.105
"3377",0.11
"3378",0.106666666666667
"3379",0.106666666666667
"3380",0.113333333333333
"3381",0.106666666666667
"3382",0.106666666666667
"3383",0.113333333333333
"3384",0.0983333333333333
"3385",0.106666666666667
"3386",0.105
"3387",0.106666666666667
"3388",0.11
"3389",0.11
"3390",0.106666666666667
"3391",0.106666666666667
"3392",0.0983333333333333
"3393",0.105
"3394",0.111666666666667
"3395",0.105
"3396",0.105
"3397",0.106666666666667
"3398",0.11
"3399",0.105
"3400",0.0983333333333333
"3401",0.0983333333333333
"3402",0.106666666666667
"3403",0.105
"3404",0.11
"3405",0.106666666666667
"3406",0.106666666666667
"3407",0.113333333333333
"3408",0.106666666666667
"3409",0.106666666666667
"3410",0.113333333333333
"3411",0.0983333333333333
"3412",0.106666666666667
"3413",0.105
"3414",0.106666666666667
"3415",0.11
"3416",0.11
"3417",0.106666666666667
"3418",0.106666666666667
"3419",0.0983333333333333
"3420",0.105
"3421",0.111666666666667
"3422",0.105
"3423",0.105
"3424",0.106666666666667
"3425",0.11
"3426",0.105
"3427",0.0983333333333333
"3428",0.0983333333333333
"3429",0.106666666666667
"3430",0.108333333333333
"3431",0.106666666666667
"3432",0.11
"3433",0.11
"3434",0.11
"3435",0.11
"3436",0.11
"3437",0.11
"3438",0.095
"3439",0.11
"3440",0.108333333333333
"3441",0.11
"3442",0.11
"3443",0.11
"3444",0.11
"3445",0.11
"3446",0.095
"3447",0.105
"3448",0.111666666666667
"3449",0.105
"3450",0.105
"3451",0.106666666666667
"3452",0.11
"3453",0.108333333333333
"3454",0.095
"3455",0.095
"3456",0.11
"3457",0.105
"3458",0.11
"3459",0.106666666666667
"3460",0.106666666666667
"3461",0.113333333333333
"3462",0.106666666666667
"3463",0.106666666666667
"3464",0.113333333333333
"3465",0.0983333333333333
"3466",0.106666666666667
"3467",0.105
"3468",0.106666666666667
"3469",0.11
"3470",0.11
"3471",0.106666666666667
"3472",0.106666666666667
"3473",0.0983333333333333
"3474",0.105
"3475",0.111666666666667
"3476",0.105
"3477",0.105
"3478",0.106666666666667
"3479",0.11
"3480",0.105
"3481",0.0983333333333333
"3482",0.0983333333333333
"3483",0.106666666666667
"3484",0.105
"3485",0.11
"3486",0.106666666666667
"3487",0.106666666666667
"3488",0.113333333333333
"3489",0.106666666666667
"3490",0.106666666666667
"3491",0.113333333333333
"3492",0.1
"3493",0.106666666666667
"3494",0.105
"3495",0.106666666666667
"3496",0.11
"3497",0.11
"3498",0.106666666666667
"3499",0.106666666666667
"3500",0.1
"3501",0.106666666666667
"3502",0.111666666666667
"3503",0.106666666666667
"3504",0.106666666666667
"3505",0.108333333333333
"3506",0.11
"3507",0.105
"3508",0.1
"3509",0.1
"3510",0.106666666666667
"3511",0.106666666666667
"3512",0.105
"3513",0.108333333333333
"3514",0.108333333333333
"3515",0.108333333333333
"3516",0.108333333333333
"3517",0.108333333333333
"3518",0.108333333333333
"3519",0.0933333333333333
"3520",0.108333333333333
"3521",0.106666666666667
"3522",0.108333333333333
"3523",0.108333333333333
"3524",0.108333333333333
"3525",0.108333333333333
"3526",0.108333333333333
"3527",0.0933333333333333
"3528",0.103333333333333
"3529",0.11
"3530",0.103333333333333
"3531",0.103333333333333
"3532",0.105
"3533",0.108333333333333
"3534",0.106666666666667
"3535",0.0933333333333333
"3536",0.0933333333333333
"3537",0.108333333333333
"3538",0.108333333333333
"3539",0.106666666666667
"3540",0.11
"3541",0.11
"3542",0.11
"3543",0.11
"3544",0.11
"3545",0.11
"3546",0.095
"3547",0.11
"3548",0.108333333333333
"3549",0.11
"3550",0.11
"3551",0.11
"3552",0.11
"3553",0.11
"3554",0.095
"3555",0.105
"3556",0.111666666666667
"3557",0.105
"3558",0.105
"3559",0.106666666666667
"3560",0.11
"3561",0.108333333333333
"3562",0.095
"3563",0.095
"3564",0.11
"3565",0.106666666666667
"3566",0.111666666666667
"3567",0.108333333333333
"3568",0.108333333333333
"3569",0.115
"3570",0.108333333333333
"3571",0.108333333333333
"3572",0.115
"3573",0.101666666666667
"3574",0.108333333333333
"3575",0.106666666666667
"3576",0.108333333333333
"3577",0.111666666666667
"3578",0.111666666666667
"3579",0.108333333333333
"3580",0.108333333333333
"3581",0.101666666666667
"3582",0.108333333333333
"3583",0.113333333333333
"3584",0.108333333333333
"3585",0.108333333333333
"3586",0.11
"3587",0.111666666666667
"3588",0.106666666666667
"3589",0.101666666666667
"3590",0.101666666666667
"3591",0.108333333333333
"3592",0.105
"3593",0.11
"3594",0.106666666666667
"3595",0.106666666666667
"3596",0.113333333333333
"3597",0.106666666666667
"3598",0.106666666666667
"3599",0.113333333333333
"3600",0.1
"3601",0.106666666666667
"3602",0.105
"3603",0.106666666666667
"3604",0.11
"3605",0.11
"3606",0.106666666666667
"3607",0.106666666666667
"3608",0.1
"3609",0.106666666666667
"3610",0.111666666666667
"3611",0.106666666666667
"3612",0.106666666666667
"3613",0.108333333333333
"3614",0.11
"3615",0.105
"3616",0.1
"3617",0.1
"3618",0.106666666666667
"3619",0.105
"3620",0.11
"3621",0.106666666666667
"3622",0.106666666666667
"3623",0.113333333333333
"3624",0.106666666666667
"3625",0.106666666666667
"3626",0.113333333333333
"3627",0.0983333333333333
"3628",0.106666666666667
"3629",0.105
"3630",0.106666666666667
"3631",0.11
"3632",0.11
"3633",0.106666666666667
"3634",0.106666666666667
"3635",0.0983333333333333
"3636",0.105
"3637",0.111666666666667
"3638",0.105
"3639",0.105
"3640",0.106666666666667
"3641",0.11
"3642",0.105
"3643",0.0983333333333333
"3644",0.0983333333333333
"3645",0.106666666666667
"3646",0.105
"3647",0.11
"3648",0.106666666666667
"3649",0.106666666666667
"3650",0.113333333333333
"3651",0.106666666666667
"3652",0.106666666666667
"3653",0.113333333333333
"3654",0.1
"3655",0.106666666666667
"3656",0.105
"3657",0.106666666666667
"3658",0.11
"3659",0.11
"3660",0.106666666666667
"3661",0.106666666666667
"3662",0.1
"3663",0.106666666666667
"3664",0.111666666666667
"3665",0.106666666666667
"3666",0.106666666666667
"3667",0.108333333333333
"3668",0.11
"3669",0.105
"3670",0.1
"3671",0.1
"3672",0.106666666666667
"3673",0.105
"3674",0.11
"3675",0.106666666666667
"3676",0.106666666666667
"3677",0.113333333333333
"3678",0.106666666666667
"3679",0.106666666666667
"3680",0.113333333333333
"3681",0.1
"3682",0.106666666666667
"3683",0.105
"3684",0.106666666666667
"3685",0.11
"3686",0.11
"3687",0.106666666666667
"3688",0.106666666666667
"3689",0.1
"3690",0.106666666666667
"3691",0.111666666666667
"3692",0.106666666666667
"3693",0.106666666666667
"3694",0.108333333333333
"3695",0.11
"3696",0.105
"3697",0.1
"3698",0.1
"3699",0.106666666666667
"3700",0.108333333333333
"3701",0.106666666666667
"3702",0.11
"3703",0.11
"3704",0.11
"3705",0.11
"3706",0.11
"3707",0.11
"3708",0.095
"3709",0.11
"3710",0.108333333333333
"3711",0.11
"3712",0.11
"3713",0.11
"3714",0.11
"3715",0.11
"3716",0.095
"3717",0.105
"3718",0.111666666666667
"3719",0.105
"3720",0.105
"3721",0.106666666666667
"3722",0.11
"3723",0.108333333333333
"3724",0.095
"3725",0.095
"3726",0.11
"3727",0.105
"3728",0.11
"3729",0.106666666666667
"3730",0.106666666666667
"3731",0.113333333333333
"3732",0.106666666666667
"3733",0.106666666666667
"3734",0.113333333333333
"3735",0.0983333333333333
"3736",0.106666666666667
"3737",0.105
"3738",0.106666666666667
"3739",0.11
"3740",0.11
"3741",0.106666666666667
"3742",0.106666666666667
"3743",0.0983333333333333
"3744",0.105
"3745",0.111666666666667
"3746",0.105
"3747",0.105
"3748",0.106666666666667
"3749",0.11
"3750",0.105
"3751",0.0983333333333333
"3752",0.0983333333333333
"3753",0.106666666666667
"3754",0.105
"3755",0.11
"3756",0.106666666666667
"3757",0.106666666666667
"3758",0.113333333333333
"3759",0.106666666666667
"3760",0.106666666666667
"3761",0.113333333333333
"3762",0.0983333333333333
"3763",0.106666666666667
"3764",0.105
"3765",0.106666666666667
"3766",0.11
"3767",0.11
"3768",0.106666666666667
"3769",0.106666666666667
"3770",0.0983333333333333
"3771",0.105
"3772",0.111666666666667
"3773",0.105
"3774",0.105
"3775",0.106666666666667
"3776",0.11
"3777",0.105
"3778",0.0983333333333333
"3779",0.0983333333333333
"3780",0.106666666666667
"3781",0.108333333333333
"3782",0.106666666666667
"3783",0.11
"3784",0.11
"3785",0.11
"3786",0.11
"3787",0.11
"3788",0.11
"3789",0.095
"3790",0.11
"3791",0.108333333333333
"3792",0.11
"3793",0.11
"3794",0.11
"3795",0.11
"3796",0.11
"3797",0.095
"3798",0.105
"3799",0.111666666666667
"3800",0.105
"3801",0.105
"3802",0.106666666666667
"3803",0.11
"3804",0.108333333333333
"3805",0.095
"3806",0.095
"3807",0.11
"3808",0.105
"3809",0.11
"3810",0.106666666666667
"3811",0.106666666666667
"3812",0.113333333333333
"3813",0.106666666666667
"3814",0.106666666666667
"3815",0.113333333333333
"3816",0.0983333333333333
"3817",0.106666666666667
"3818",0.105
"3819",0.106666666666667
"3820",0.11
"3821",0.11
"3822",0.106666666666667
"3823",0.106666666666667
"3824",0.0983333333333333
"3825",0.105
"3826",0.111666666666667
"3827",0.105
"3828",0.105
"3829",0.106666666666667
"3830",0.11
"3831",0.105
"3832",0.0983333333333333
"3833",0.0983333333333333
"3834",0.106666666666667
"3835",0.105
"3836",0.11
"3837",0.106666666666667
"3838",0.106666666666667
"3839",0.113333333333333
"3840",0.106666666666667
"3841",0.106666666666667
"3842",0.113333333333333
"3843",0.1
"3844",0.106666666666667
"3845",0.105
"3846",0.106666666666667
"3847",0.11
"3848",0.11
"3849",0.106666666666667
"3850",0.106666666666667
"3851",0.1
"3852",0.106666666666667
"3853",0.111666666666667
"3854",0.106666666666667
"3855",0.106666666666667
"3856",0.108333333333333
"3857",0.11
"3858",0.105
"3859",0.1
"3860",0.1
"3861",0.106666666666667
"3862",0.108333333333333
"3863",0.106666666666667
"3864",0.11
"3865",0.11
"3866",0.11
"3867",0.11
"3868",0.11
"3869",0.11
"3870",0.095
"3871",0.11
"3872",0.108333333333333
"3873",0.11
"3874",0.11
"3875",0.11
"3876",0.11
"3877",0.11
"3878",0.095
"3879",0.105
"3880",0.111666666666667
"3881",0.105
"3882",0.105
"3883",0.106666666666667
"3884",0.11
"3885",0.108333333333333
"3886",0.095
"3887",0.095
"3888",0.11
"3889",0.103333333333333
"3890",0.101666666666667
"3891",0.101666666666667
"3892",0.101666666666667
"3893",0.105
"3894",0.101666666666667
"3895",0.101666666666667
"3896",0.105
"3897",0.101666666666667
"3898",0.101666666666667
"3899",0.103333333333333
"3900",0.101666666666667
"3901",0.105
"3902",0.105
"3903",0.101666666666667
"3904",0.101666666666667
"3905",0.101666666666667
"3906",0.108333333333333
"3907",0.106666666666667
"3908",0.108333333333333
"3909",0.108333333333333
"3910",0.106666666666667
"3911",0.105
"3912",0.103333333333333
"3913",0.101666666666667
"3914",0.101666666666667
"3915",0.101666666666667
"3916",0.103333333333333
"3917",0.105
"3918",0.105
"3919",0.105
"3920",0.108333333333333
"3921",0.105
"3922",0.105
"3923",0.108333333333333
"3924",0.0966666666666667
"3925",0.105
"3926",0.103333333333333
"3927",0.105
"3928",0.108333333333333
"3929",0.108333333333333
"3930",0.105
"3931",0.105
"3932",0.0966666666666667
"3933",0.101666666666667
"3934",0.11
"3935",0.101666666666667
"3936",0.101666666666667
"3937",0.1
"3938",0.108333333333333
"3939",0.103333333333333
"3940",0.0966666666666667
"3941",0.0966666666666667
"3942",0.105
"3943",0.103333333333333
"3944",0.105
"3945",0.105
"3946",0.105
"3947",0.108333333333333
"3948",0.105
"3949",0.105
"3950",0.108333333333333
"3951",0.0966666666666667
"3952",0.105
"3953",0.103333333333333
"3954",0.105
"3955",0.108333333333333
"3956",0.108333333333333
"3957",0.105
"3958",0.105
"3959",0.0966666666666667
"3960",0.101666666666667
"3961",0.11
"3962",0.101666666666667
"3963",0.101666666666667
"3964",0.1
"3965",0.108333333333333
"3966",0.103333333333333
"3967",0.0966666666666667
"3968",0.0966666666666667
"3969",0.105
"3970",0.04
"3971",0.0483333333333333
"3972",0.0416666666666667
"3973",0.0416666666666667
"3974",0.0483333333333333
"3975",0.0416666666666667
"3976",0.0416666666666667
"3977",0.0483333333333333
"3978",0.0383333333333333
"3979",0.0416666666666667
"3980",0.04
"3981",0.0416666666666667
"3982",0.0466666666666667
"3983",0.045
"3984",0.0416666666666667
"3985",0.0416666666666667
"3986",0.0383333333333333
"3987",0.0383333333333333
"3988",0.0483333333333333
"3989",0.0383333333333333
"3990",0.0383333333333333
"3991",0.0366666666666667
"3992",0.0466666666666667
"3993",0.04
"3994",0.0383333333333333
"3995",0.0383333333333333
"3996",0.0416666666666667
"3997",0.045
"3998",0.0516666666666667
"3999",0.045
"4000",0.045
"4001",0.0516666666666667
"4002",0.045
"4003",0.045
"4004",0.0516666666666667
"4005",0.0433333333333333
"4006",0.045
"4007",0.045
"4008",0.045
"4009",0.05
"4010",0.0483333333333333
"4011",0.045
"4012",0.045
"4013",0.0433333333333333
"4014",0.0433333333333333
"4015",0.0516666666666667
"4016",0.0433333333333333
"4017",0.0433333333333333
"4018",0.0416666666666667
"4019",0.05
"4020",0.045
"4021",0.0433333333333333
"4022",0.0433333333333333
"4023",0.045
"4024",0.0416666666666667
"4025",0.05
"4026",0.0433333333333333
"4027",0.0433333333333333
"4028",0.05
"4029",0.0433333333333333
"4030",0.0433333333333333
"4031",0.05
"4032",0.04
"4033",0.0433333333333333
"4034",0.0416666666666667
"4035",0.0433333333333333
"4036",0.0483333333333333
"4037",0.0466666666666667
"4038",0.0433333333333333
"4039",0.0433333333333333
"4040",0.04
"4041",0.04
"4042",0.05
"4043",0.04
"4044",0.04
"4045",0.0383333333333333
"4046",0.0483333333333333
"4047",0.0416666666666667
"4048",0.04
"4049",0.04
"4050",0.0433333333333333
"4051",0.0433333333333333
"4052",0.05
"4053",0.0433333333333333
"4054",0.0433333333333333
"4055",0.05
"4056",0.0433333333333333
"4057",0.0433333333333333
"4058",0.05
"4059",0.0433333333333333
"4060",0.0433333333333333
"4061",0.0433333333333333
"4062",0.0433333333333333
"4063",0.0483333333333333
"4064",0.0466666666666667
"4065",0.0433333333333333
"4066",0.0433333333333333
"4067",0.0433333333333333
"4068",0.0433333333333333
"4069",0.05
"4070",0.0433333333333333
"4071",0.0433333333333333
"4072",0.0416666666666667
"4073",0.0483333333333333
"4074",0.0433333333333333
"4075",0.0433333333333333
"4076",0.0433333333333333
"4077",0.0433333333333333
"4078",0.0366666666666667
"4079",0.0483333333333333
"4080",0.0383333333333333
"4081",0.0383333333333333
"4082",0.0483333333333333
"4083",0.0383333333333333
"4084",0.0383333333333333
"4085",0.0483333333333333
"4086",0.0416666666666667
"4087",0.0383333333333333
"4088",0.0366666666666667
"4089",0.0383333333333333
"4090",0.0433333333333333
"4091",0.045
"4092",0.0383333333333333
"4093",0.0383333333333333
"4094",0.0416666666666667
"4095",0.0383333333333333
"4096",0.045
"4097",0.0383333333333333
"4098",0.0383333333333333
"4099",0.0366666666666667
"4100",0.0433333333333333
"4101",0.0366666666666667
"4102",0.0416666666666667
"4103",0.0416666666666667
"4104",0.0383333333333333
"4105",0.0466666666666667
"4106",0.0516666666666667
"4107",0.0483333333333333
"4108",0.0483333333333333
"4109",0.0516666666666667
"4110",0.0483333333333333
"4111",0.0483333333333333
"4112",0.0516666666666667
"4113",0.0416666666666667
"4114",0.0483333333333333
"4115",0.0466666666666667
"4116",0.0483333333333333
"4117",0.05
"4118",0.0483333333333333
"4119",0.0483333333333333
"4120",0.0483333333333333
"4121",0.0416666666666667
"4122",0.0416666666666667
"4123",0.0516666666666667
"4124",0.0416666666666667
"4125",0.0416666666666667
"4126",0.04
"4127",0.05
"4128",0.0466666666666667
"4129",0.0416666666666667
"4130",0.0416666666666667
"4131",0.0483333333333333
"4132",0.045
"4133",0.0516666666666667
"4134",0.045
"4135",0.045
"4136",0.0516666666666667
"4137",0.045
"4138",0.045
"4139",0.0516666666666667
"4140",0.045
"4141",0.045
"4142",0.045
"4143",0.045
"4144",0.05
"4145",0.0483333333333333
"4146",0.045
"4147",0.045
"4148",0.045
"4149",0.045
"4150",0.0516666666666667
"4151",0.045
"4152",0.045
"4153",0.0433333333333333
"4154",0.05
"4155",0.045
"4156",0.045
"4157",0.045
"4158",0.045
"4159",0.0983333333333333
"4160",0.0983333333333333
"4161",0.0966666666666667
"4162",0.0966666666666667
"4163",0.1
"4164",0.095
"4165",0.095
"4166",0.1
"4167",0.103333333333333
"4168",0.095
"4169",0.0983333333333333
"4170",0.095
"4171",0.0983333333333333
"4172",0.1
"4173",0.0966666666666667
"4174",0.095
"4175",0.103333333333333
"4176",0.1
"4177",0.1
"4178",0.1
"4179",0.1
"4180",0.0983333333333333
"4181",0.0983333333333333
"4182",0.0983333333333333
"4183",0.103333333333333
"4184",0.103333333333333
"4185",0.095
"4186",0.0983333333333333
"4187",0.0983333333333333
"4188",0.0966666666666667
"4189",0.0966666666666667
"4190",0.1
"4191",0.095
"4192",0.095
"4193",0.1
"4194",0.103333333333333
"4195",0.095
"4196",0.0983333333333333
"4197",0.095
"4198",0.0983333333333333
"4199",0.1
"4200",0.0966666666666667
"4201",0.095
"4202",0.103333333333333
"4203",0.1
"4204",0.1
"4205",0.1
"4206",0.1
"4207",0.0983333333333333
"4208",0.0983333333333333
"4209",0.0983333333333333
"4210",0.103333333333333
"4211",0.103333333333333
"4212",0.095
"4213",0.095
"4214",0.095
"4215",0.0933333333333333
"4216",0.0933333333333333
"4217",0.0966666666666667
"4218",0.0916666666666667
"4219",0.0916666666666667
"4220",0.0966666666666667
"4221",0.1
"4222",0.0916666666666667
"4223",0.095
"4224",0.0916666666666667
"4225",0.095
"4226",0.0966666666666667
"4227",0.0933333333333333
"4228",0.0916666666666667
"4229",0.1
"4230",0.0966666666666667
"4231",0.0966666666666667
"4232",0.0966666666666667
"4233",0.0966666666666667
"4234",0.095
"4235",0.095
"4236",0.095
"4237",0.1
"4238",0.1
"4239",0.0916666666666667
"4240",0.095
"4241",0.095
"4242",0.0933333333333333
"4243",0.0933333333333333
"4244",0.0966666666666667
"4245",0.0916666666666667
"4246",0.0916666666666667
"4247",0.0966666666666667
"4248",0.1
"4249",0.0916666666666667
"4250",0.095
"4251",0.0916666666666667
"4252",0.095
"4253",0.0966666666666667
"4254",0.0933333333333333
"4255",0.0916666666666667
"4256",0.1
"4257",0.0966666666666667
"4258",0.0966666666666667
"4259",0.0966666666666667
"4260",0.0966666666666667
"4261",0.095
"4262",0.095
"4263",0.095
"4264",0.1
"4265",0.1
"4266",0.0916666666666667
"4267",0.0983333333333333
"4268",0.0983333333333333
"4269",0.0966666666666667
"4270",0.0966666666666667
"4271",0.1
"4272",0.095
"4273",0.095
"4274",0.1
"4275",0.103333333333333
"4276",0.095
"4277",0.0983333333333333
"4278",0.095
"4279",0.0983333333333333
"4280",0.1
"4281",0.0966666666666667
"4282",0.095
"4283",0.103333333333333
"4284",0.1
"4285",0.1
"4286",0.1
"4287",0.1
"4288",0.0983333333333333
"4289",0.0983333333333333
"4290",0.0983333333333333
"4291",0.103333333333333
"4292",0.103333333333333
"4293",0.095
"4294",0.0983333333333333
"4295",0.0983333333333333
"4296",0.0966666666666667
"4297",0.0966666666666667
"4298",0.1
"4299",0.095
"4300",0.095
"4301",0.1
"4302",0.105
"4303",0.095
"4304",0.0983333333333333
"4305",0.095
"4306",0.0983333333333333
"4307",0.1
"4308",0.0966666666666667
"4309",0.095
"4310",0.105
"4311",0.101666666666667
"4312",0.1
"4313",0.101666666666667
"4314",0.101666666666667
"4315",0.1
"4316",0.0983333333333333
"4317",0.0983333333333333
"4318",0.105
"4319",0.105
"4320",0.095
"4321",0.126666666666667
"4322",0.138333333333333
"4323",0.126666666666667
"4324",0.126666666666667
"4325",0.138333333333333
"4326",0.126666666666667
"4327",0.126666666666667
"4328",0.138333333333333
"4329",0.13
"4330",0.126666666666667
"4331",0.126666666666667
"4332",0.126666666666667
"4333",0.133333333333333
"4334",0.135
"4335",0.126666666666667
"4336",0.126666666666667
"4337",0.13
"4338",0.13
"4339",0.135
"4340",0.13
"4341",0.13
"4342",0.131666666666667
"4343",0.133333333333333
"4344",0.126666666666667
"4345",0.13
"4346",0.13
"4347",0.126666666666667
"4348",0.126666666666667
"4349",0.138333333333333
"4350",0.126666666666667
"4351",0.126666666666667
"4352",0.138333333333333
"4353",0.126666666666667
"4354",0.126666666666667
"4355",0.138333333333333
"4356",0.13
"4357",0.126666666666667
"4358",0.126666666666667
"4359",0.126666666666667
"4360",0.133333333333333
"4361",0.135
"4362",0.126666666666667
"4363",0.126666666666667
"4364",0.13
"4365",0.13
"4366",0.135
"4367",0.13
"4368",0.13
"4369",0.131666666666667
"4370",0.133333333333333
"4371",0.126666666666667
"4372",0.13
"4373",0.13
"4374",0.126666666666667
"4375",0.126666666666667
"4376",0.138333333333333
"4377",0.126666666666667
"4378",0.126666666666667
"4379",0.138333333333333
"4380",0.126666666666667
"4381",0.126666666666667
"4382",0.138333333333333
"4383",0.13
"4384",0.126666666666667
"4385",0.126666666666667
"4386",0.126666666666667
"4387",0.133333333333333
"4388",0.135
"4389",0.126666666666667
"4390",0.126666666666667
"4391",0.13
"4392",0.13
"4393",0.135
"4394",0.13
"4395",0.13
"4396",0.131666666666667
"4397",0.133333333333333
"4398",0.126666666666667
"4399",0.13
"4400",0.13
"4401",0.126666666666667
"4402",0.126666666666667
"4403",0.138333333333333
"4404",0.126666666666667
"4405",0.126666666666667
"4406",0.138333333333333
"4407",0.126666666666667
"4408",0.126666666666667
"4409",0.138333333333333
"4410",0.13
"4411",0.126666666666667
"4412",0.126666666666667
"4413",0.126666666666667
"4414",0.133333333333333
"4415",0.135
"4416",0.126666666666667
"4417",0.126666666666667
"4418",0.13
"4419",0.13
"4420",0.135
"4421",0.13
"4422",0.13
"4423",0.131666666666667
"4424",0.133333333333333
"4425",0.126666666666667
"4426",0.13
"4427",0.13
"4428",0.126666666666667
"4429",0.128333333333333
"4430",0.13
"4431",0.13
"4432",0.13
"4433",0.133333333333333
"4434",0.13
"4435",0.13
"4436",0.133333333333333
"4437",0.128333333333333
"4438",0.13
"4439",0.128333333333333
"4440",0.13
"4441",0.128333333333333
"4442",0.13
"4443",0.13
"4444",0.13
"4445",0.128333333333333
"4446",0.131666666666667
"4447",0.13
"4448",0.131666666666667
"4449",0.131666666666667
"4450",0.13
"4451",0.128333333333333
"4452",0.128333333333333
"4453",0.128333333333333
"4454",0.128333333333333
"4455",0.13
"4456",0.128333333333333
"4457",0.13
"4458",0.13
"4459",0.13
"4460",0.133333333333333
"4461",0.13
"4462",0.13
"4463",0.133333333333333
"4464",0.128333333333333
"4465",0.13
"4466",0.128333333333333
"4467",0.13
"4468",0.128333333333333
"4469",0.13
"4470",0.13
"4471",0.13
"4472",0.128333333333333
"4473",0.131666666666667
"4474",0.13
"4475",0.131666666666667
"4476",0.131666666666667
"4477",0.13
"4478",0.128333333333333
"4479",0.128333333333333
"4480",0.128333333333333
"4481",0.128333333333333
"4482",0.13
"4483",0.128333333333333
"4484",0.13
"4485",0.13
"4486",0.13
"4487",0.133333333333333
"4488",0.13
"4489",0.13
"4490",0.133333333333333
"4491",0.128333333333333
"4492",0.13
"4493",0.128333333333333
"4494",0.13
"4495",0.128333333333333
"4496",0.13
"4497",0.13
"4498",0.13
"4499",0.128333333333333
"4500",0.131666666666667
"4501",0.13
"4502",0.131666666666667
"4503",0.131666666666667
"4504",0.13
"4505",0.128333333333333
"4506",0.128333333333333
"4507",0.128333333333333
"4508",0.128333333333333
"4509",0.13
"4510",0.128333333333333
"4511",0.13
"4512",0.13
"4513",0.13
"4514",0.133333333333333
"4515",0.13
"4516",0.13
"4517",0.133333333333333
"4518",0.128333333333333
"4519",0.13
"4520",0.128333333333333
"4521",0.13
"4522",0.128333333333333
"4523",0.13
"4524",0.13
"4525",0.13
"4526",0.128333333333333
"4527",0.131666666666667
"4528",0.13
"4529",0.131666666666667
"4530",0.131666666666667
"4531",0.13
"4532",0.128333333333333
"4533",0.128333333333333
"4534",0.128333333333333
"4535",0.128333333333333
"4536",0.13
"4537",0.131666666666667
"4538",0.133333333333333
"4539",0.133333333333333
"4540",0.133333333333333
"4541",0.136666666666667
"4542",0.133333333333333
"4543",0.133333333333333
"4544",0.136666666666667
"4545",0.131666666666667
"4546",0.133333333333333
"4547",0.131666666666667
"4548",0.133333333333333
"4549",0.131666666666667
"4550",0.133333333333333
"4551",0.133333333333333
"4552",0.133333333333333
"4553",0.131666666666667
"4554",0.135
"4555",0.133333333333333
"4556",0.135
"4557",0.135
"4558",0.133333333333333
"4559",0.131666666666667
"4560",0.131666666666667
"4561",0.131666666666667
"4562",0.131666666666667
"4563",0.133333333333333
"4564",0.128333333333333
"4565",0.13
"4566",0.13
"4567",0.13
"4568",0.133333333333333
"4569",0.13
"4570",0.13
"4571",0.133333333333333
"4572",0.128333333333333
"4573",0.13
"4574",0.128333333333333
"4575",0.13
"4576",0.128333333333333
"4577",0.13
"4578",0.13
"4579",0.13
"4580",0.128333333333333
"4581",0.131666666666667
"4582",0.13
"4583",0.131666666666667
"4584",0.131666666666667
"4585",0.13
"4586",0.128333333333333
"4587",0.128333333333333
"4588",0.128333333333333
"4589",0.128333333333333
"4590",0.13
"4591",0.128333333333333
"4592",0.13
"4593",0.13
"4594",0.13
"4595",0.133333333333333
"4596",0.13
"4597",0.13
"4598",0.133333333333333
"4599",0.128333333333333
"4600",0.13
"4601",0.128333333333333
"4602",0.13
"4603",0.128333333333333
"4604",0.13
"4605",0.13
"4606",0.13
"4607",0.128333333333333
"4608",0.131666666666667
"4609",0.13
"4610",0.131666666666667
"4611",0.131666666666667
"4612",0.13
"4613",0.128333333333333
"4614",0.128333333333333
"4615",0.128333333333333
"4616",0.128333333333333
"4617",0.13
"4618",0.128333333333333
"4619",0.13
"4620",0.13
"4621",0.13
"4622",0.133333333333333
"4623",0.13
"4624",0.13
"4625",0.133333333333333
"4626",0.128333333333333
"4627",0.13
"4628",0.128333333333333
"4629",0.13
"4630",0.128333333333333
"4631",0.13
"4632",0.13
"4633",0.13
"4634",0.128333333333333
"4635",0.131666666666667
"4636",0.13
"4637",0.131666666666667
"4638",0.131666666666667
"4639",0.13
"4640",0.128333333333333
"4641",0.128333333333333
"4642",0.128333333333333
"4643",0.128333333333333
"4644",0.13
"4645",0.128333333333333
"4646",0.13
"4647",0.13
"4648",0.13
"4649",0.133333333333333
"4650",0.13
"4651",0.13
"4652",0.133333333333333
"4653",0.128333333333333
"4654",0.13
"4655",0.128333333333333
"4656",0.13
"4657",0.128333333333333
"4658",0.13
"4659",0.13
"4660",0.13
"4661",0.128333333333333
"4662",0.131666666666667
"4663",0.13
"4664",0.131666666666667
"4665",0.131666666666667
"4666",0.13
"4667",0.128333333333333
"4668",0.128333333333333
"4669",0.128333333333333
"4670",0.128333333333333
"4671",0.13
"4672",0.128333333333333
"4673",0.13
"4674",0.13
"4675",0.13
"4676",0.133333333333333
"4677",0.13
"4678",0.13
"4679",0.133333333333333
"4680",0.128333333333333
"4681",0.13
"4682",0.128333333333333
"4683",0.13
"4684",0.128333333333333
"4685",0.13
"4686",0.13
"4687",0.13
"4688",0.128333333333333
"4689",0.131666666666667
"4690",0.13
"4691",0.131666666666667
"4692",0.131666666666667
"4693",0.13
"4694",0.128333333333333
"4695",0.128333333333333
"4696",0.128333333333333
"4697",0.128333333333333
"4698",0.13
"4699",0.128333333333333
"4700",0.13
"4701",0.13
"4702",0.13
"4703",0.133333333333333
"4704",0.13
"4705",0.13
"4706",0.133333333333333
"4707",0.128333333333333
"4708",0.13
"4709",0.128333333333333
"4710",0.13
"4711",0.128333333333333
"4712",0.13
"4713",0.13
"4714",0.13
"4715",0.128333333333333
"4716",0.131666666666667
"4717",0.13
"4718",0.131666666666667
"4719",0.131666666666667
"4720",0.13
"4721",0.128333333333333
"4722",0.128333333333333
"4723",0.128333333333333
"4724",0.128333333333333
"4725",0.13
"4726",0.128333333333333
"4727",0.13
"4728",0.13
"4729",0.13
"4730",0.133333333333333
"4731",0.13
"4732",0.13
"4733",0.133333333333333
"4734",0.128333333333333
"4735",0.13
"4736",0.128333333333333
"4737",0.13
"4738",0.128333333333333
"4739",0.13
"4740",0.13
"4741",0.13
"4742",0.128333333333333
"4743",0.131666666666667
"4744",0.13
"4745",0.131666666666667
"4746",0.131666666666667
"4747",0.13
"4748",0.128333333333333
"4749",0.128333333333333
"4750",0.128333333333333
"4751",0.128333333333333
"4752",0.13
"4753",0.128333333333333
"4754",0.13
"4755",0.13
"4756",0.13
"4757",0.133333333333333
"4758",0.13
"4759",0.13
"4760",0.133333333333333
"4761",0.128333333333333
"4762",0.13
"4763",0.128333333333333
"4764",0.13
"4765",0.128333333333333
"4766",0.13
"4767",0.13
"4768",0.13
"4769",0.128333333333333
"4770",0.131666666666667
"4771",0.13
"4772",0.131666666666667
"4773",0.131666666666667
"4774",0.13
"4775",0.128333333333333
"4776",0.128333333333333
"4777",0.128333333333333
"4778",0.128333333333333
"4779",0.13
"4780",0.128333333333333
"4781",0.13
"4782",0.13
"4783",0.13
"4784",0.133333333333333
"4785",0.13
"4786",0.13
"4787",0.133333333333333
"4788",0.128333333333333
"4789",0.13
"4790",0.128333333333333
"4791",0.13
"4792",0.128333333333333
"4793",0.13
"4794",0.13
"4795",0.13
"4796",0.128333333333333
"4797",0.131666666666667
"4798",0.13
"4799",0.131666666666667
"4800",0.131666666666667
"4801",0.13
"4802",0.128333333333333
"4803",0.128333333333333
"4804",0.128333333333333
"4805",0.128333333333333
"4806",0.13
"4807",0.128333333333333
"4808",0.13
"4809",0.13
"4810",0.13
"4811",0.133333333333333
"4812",0.13
"4813",0.13
"4814",0.133333333333333
"4815",0.128333333333333
"4816",0.13
"4817",0.128333333333333
"4818",0.13
"4819",0.128333333333333
"4820",0.13
"4821",0.13
"4822",0.13
"4823",0.128333333333333
"4824",0.131666666666667
"4825",0.13
"4826",0.131666666666667
"4827",0.131666666666667
"4828",0.13
"4829",0.128333333333333
"4830",0.128333333333333
"4831",0.128333333333333
"4832",0.128333333333333
"4833",0.13
"4834",0.128333333333333
"4835",0.13
"4836",0.13
"4837",0.13
"4838",0.133333333333333
"4839",0.13
"4840",0.13
"4841",0.133333333333333
"4842",0.128333333333333
"4843",0.13
"4844",0.128333333333333
"4845",0.13
"4846",0.128333333333333
"4847",0.13
"4848",0.13
"4849",0.13
"4850",0.128333333333333
"4851",0.131666666666667
"4852",0.13
"4853",0.131666666666667
"4854",0.131666666666667
"4855",0.13
"4856",0.128333333333333
"4857",0.128333333333333
"4858",0.128333333333333
"4859",0.128333333333333
"4860",0.13
"4861",0.128333333333333
"4862",0.13
"4863",0.13
"4864",0.13
"4865",0.133333333333333
"4866",0.13
"4867",0.13
"4868",0.133333333333333
"4869",0.128333333333333
"4870",0.13
"4871",0.128333333333333
"4872",0.13
"4873",0.128333333333333
"4874",0.13
"4875",0.13
"4876",0.13
"4877",0.128333333333333
"4878",0.131666666666667
"4879",0.13
"4880",0.131666666666667
"4881",0.131666666666667
"4882",0.13
"4883",0.128333333333333
"4884",0.128333333333333
"4885",0.128333333333333
"4886",0.128333333333333
"4887",0.13
"4888",0.128333333333333
"4889",0.13
"4890",0.13
"4891",0.13
"4892",0.133333333333333
"4893",0.13
"4894",0.13
"4895",0.133333333333333
"4896",0.128333333333333
"4897",0.13
"4898",0.128333333333333
"4899",0.13
"4900",0.128333333333333
"4901",0.13
"4902",0.13
"4903",0.13
"4904",0.128333333333333
"4905",0.131666666666667
"4906",0.13
"4907",0.131666666666667
"4908",0.131666666666667
"4909",0.13
"4910",0.128333333333333
"4911",0.128333333333333
"4912",0.128333333333333
"4913",0.128333333333333
"4914",0.13
"4915",0.128333333333333
"4916",0.13
"4917",0.13
"4918",0.13
"4919",0.133333333333333
"4920",0.13
"4921",0.13
"4922",0.133333333333333
"4923",0.128333333333333
"4924",0.13
"4925",0.128333333333333
"4926",0.13
"4927",0.128333333333333
"4928",0.13
"4929",0.13
"4930",0.13
"4931",0.128333333333333
"4932",0.131666666666667
"4933",0.13
"4934",0.131666666666667
"4935",0.131666666666667
"4936",0.13
"4937",0.128333333333333
"4938",0.128333333333333
"4939",0.128333333333333
"4940",0.128333333333333
"4941",0.13
"4942",0.136666666666667
"4943",0.138333333333333
"4944",0.136666666666667
"4945",0.136666666666667
"4946",0.14
"4947",0.135
"4948",0.135
"4949",0.14
"4950",0.136666666666667
"4951",0.135
"4952",0.136666666666667
"4953",0.135
"4954",0.135
"4955",0.136666666666667
"4956",0.136666666666667
"4957",0.135
"4958",0.136666666666667
"4959",0.141666666666667
"4960",0.133333333333333
"4961",0.141666666666667
"4962",0.141666666666667
"4963",0.14
"4964",0.135
"4965",0.136666666666667
"4966",0.136666666666667
"4967",0.136666666666667
"4968",0.135
"4969",0.136666666666667
"4970",0.138333333333333
"4971",0.136666666666667
"4972",0.136666666666667
"4973",0.14
"4974",0.135
"4975",0.135
"4976",0.14
"4977",0.136666666666667
"4978",0.135
"4979",0.136666666666667
"4980",0.135
"4981",0.135
"4982",0.136666666666667
"4983",0.136666666666667
"4984",0.135
"4985",0.136666666666667
"4986",0.141666666666667
"4987",0.133333333333333
"4988",0.141666666666667
"4989",0.141666666666667
"4990",0.14
"4991",0.135
"4992",0.136666666666667
"4993",0.136666666666667
"4994",0.136666666666667
"4995",0.135
"4996",0.143333333333333
"4997",0.148333333333333
"4998",0.141666666666667
"4999",0.141666666666667
"5000",0.15
"5001",0.145
"5002",0.145
"5003",0.15
"5004",0.146666666666667
"5005",0.145
"5006",0.143333333333333
"5007",0.145
"5008",0.148333333333333
"5009",0.15
"5010",0.141666666666667
"5011",0.145
"5012",0.146666666666667
"5013",0.148333333333333
"5014",0.15
"5015",0.148333333333333
"5016",0.148333333333333
"5017",0.15
"5018",0.148333333333333
"5019",0.143333333333333
"5020",0.146666666666667
"5021",0.146666666666667
"5022",0.145
"5023",0.145
"5024",0.15
"5025",0.146666666666667
"5026",0.146666666666667
"5027",0.151666666666667
"5028",0.15
"5029",0.15
"5030",0.151666666666667
"5031",0.151666666666667
"5032",0.15
"5033",0.145
"5034",0.15
"5035",0.15
"5036",0.151666666666667
"5037",0.146666666666667
"5038",0.15
"5039",0.151666666666667
"5040",0.156666666666667
"5041",0.151666666666667
"5042",0.156666666666667
"5043",0.156666666666667
"5044",0.155
"5045",0.15
"5046",0.145
"5047",0.151666666666667
"5048",0.151666666666667
"5049",0.15
"5050",0.143333333333333
"5051",0.148333333333333
"5052",0.145
"5053",0.145
"5054",0.15
"5055",0.148333333333333
"5056",0.148333333333333
"5057",0.15
"5058",0.15
"5059",0.148333333333333
"5060",0.143333333333333
"5061",0.148333333333333
"5062",0.148333333333333
"5063",0.15
"5064",0.145
"5065",0.148333333333333
"5066",0.15
"5067",0.155
"5068",0.15
"5069",0.155
"5070",0.155
"5071",0.153333333333333
"5072",0.148333333333333
"5073",0.143333333333333
"5074",0.15
"5075",0.15
"5076",0.148333333333333
"5077",0.143333333333333
"5078",0.148333333333333
"5079",0.141666666666667
"5080",0.141666666666667
"5081",0.15
"5082",0.145
"5083",0.145
"5084",0.15
"5085",0.146666666666667
"5086",0.145
"5087",0.143333333333333
"5088",0.145
"5089",0.148333333333333
"5090",0.15
"5091",0.141666666666667
"5092",0.145
"5093",0.146666666666667
"5094",0.148333333333333
"5095",0.15
"5096",0.148333333333333
"5097",0.148333333333333
"5098",0.15
"5099",0.148333333333333
"5100",0.143333333333333
"5101",0.146666666666667
"5102",0.146666666666667
"5103",0.145
"5104",0.143333333333333
"5105",0.148333333333333
"5106",0.141666666666667
"5107",0.141666666666667
"5108",0.15
"5109",0.145
"5110",0.145
"5111",0.15
"5112",0.146666666666667
"5113",0.145
"5114",0.143333333333333
"5115",0.145
"5116",0.148333333333333
"5117",0.15
"5118",0.141666666666667
"5119",0.145
"5120",0.146666666666667
"5121",0.148333333333333
"5122",0.15
"5123",0.148333333333333
"5124",0.148333333333333
"5125",0.15
"5126",0.148333333333333
"5127",0.143333333333333
"5128",0.146666666666667
"5129",0.146666666666667
"5130",0.145
"5131",0.141666666666667
"5132",0.15
"5133",0.143333333333333
"5134",0.143333333333333
"5135",0.151666666666667
"5136",0.146666666666667
"5137",0.146666666666667
"5138",0.151666666666667
"5139",0.148333333333333
"5140",0.146666666666667
"5141",0.141666666666667
"5142",0.146666666666667
"5143",0.15
"5144",0.151666666666667
"5145",0.143333333333333
"5146",0.146666666666667
"5147",0.148333333333333
"5148",0.153333333333333
"5149",0.151666666666667
"5150",0.153333333333333
"5151",0.153333333333333
"5152",0.151666666666667
"5153",0.15
"5154",0.141666666666667
"5155",0.148333333333333
"5156",0.148333333333333
"5157",0.146666666666667
"5158",0.143333333333333
"5159",0.148333333333333
"5160",0.145
"5161",0.145
"5162",0.15
"5163",0.148333333333333
"5164",0.148333333333333
"5165",0.15
"5166",0.15
"5167",0.148333333333333
"5168",0.143333333333333
"5169",0.148333333333333
"5170",0.148333333333333
"5171",0.15
"5172",0.145
"5173",0.148333333333333
"5174",0.15
"5175",0.155
"5176",0.15
"5177",0.155
"5178",0.155
"5179",0.153333333333333
"5180",0.148333333333333
"5181",0.143333333333333
"5182",0.15
"5183",0.15
"5184",0.148333333333333
"5185",0.143333333333333
"5186",0.151666666666667
"5187",0.145
"5188",0.145
"5189",0.153333333333333
"5190",0.148333333333333
"5191",0.148333333333333
"5192",0.153333333333333
"5193",0.15
"5194",0.148333333333333
"5195",0.143333333333333
"5196",0.148333333333333
"5197",0.151666666666667
"5198",0.153333333333333
"5199",0.145
"5200",0.148333333333333
"5201",0.15
"5202",0.155
"5203",0.153333333333333
"5204",0.155
"5205",0.155
"5206",0.153333333333333
"5207",0.151666666666667
"5208",0.143333333333333
"5209",0.15
"5210",0.15
"5211",0.148333333333333
"5212",0.12
"5213",0.115
"5214",0.121666666666667
"5215",0.121666666666667
"5216",0.118333333333333
"5217",0.123333333333333
"5218",0.123333333333333
"5219",0.118333333333333
"5220",0.126666666666667
"5221",0.123333333333333
"5222",0.12
"5223",0.123333333333333
"5224",0.118333333333333
"5225",0.12
"5226",0.121666666666667
"5227",0.123333333333333
"5228",0.126666666666667
"5229",0.13
"5230",0.12
"5231",0.13
"5232",0.13
"5233",0.128333333333333
"5234",0.118333333333333
"5235",0.12
"5236",0.126666666666667
"5237",0.126666666666667
"5238",0.123333333333333
"5239",0.121666666666667
"5240",0.116666666666667
"5241",0.123333333333333
"5242",0.123333333333333
"5243",0.116666666666667
"5244",0.121666666666667
"5245",0.121666666666667
"5246",0.116666666666667
"5247",0.125
"5248",0.121666666666667
"5249",0.121666666666667
"5250",0.121666666666667
"5251",0.116666666666667
"5252",0.118333333333333
"5253",0.123333333333333
"5254",0.121666666666667
"5255",0.125
"5256",0.128333333333333
"5257",0.118333333333333
"5258",0.128333333333333
"5259",0.128333333333333
"5260",0.126666666666667
"5261",0.116666666666667
"5262",0.121666666666667
"5263",0.125
"5264",0.125
"5265",0.121666666666667
"5266",0.12
"5267",0.115
"5268",0.121666666666667
"5269",0.121666666666667
"5270",0.118333333333333
"5271",0.123333333333333
"5272",0.123333333333333
"5273",0.118333333333333
"5274",0.126666666666667
"5275",0.123333333333333
"5276",0.12
"5277",0.123333333333333
"5278",0.118333333333333
"5279",0.12
"5280",0.121666666666667
"5281",0.123333333333333
"5282",0.126666666666667
"5283",0.13
"5284",0.12
"5285",0.13
"5286",0.13
"5287",0.128333333333333
"5288",0.118333333333333
"5289",0.12
"5290",0.126666666666667
"5291",0.126666666666667
"5292",0.123333333333333
"5293",0.118333333333333
"5294",0.113333333333333
"5295",0.12
"5296",0.12
"5297",0.116666666666667
"5298",0.121666666666667
"5299",0.121666666666667
"5300",0.116666666666667
"5301",0.125
"5302",0.121666666666667
"5303",0.118333333333333
"5304",0.121666666666667
"5305",0.116666666666667
"5306",0.118333333333333
"5307",0.12
"5308",0.121666666666667
"5309",0.125
"5310",0.128333333333333
"5311",0.118333333333333
"5312",0.128333333333333
"5313",0.128333333333333
"5314",0.126666666666667
"5315",0.116666666666667
"5316",0.118333333333333
"5317",0.125
"5318",0.125
"5319",0.121666666666667
"5320",0.12
"5321",0.115
"5322",0.121666666666667
"5323",0.121666666666667
"5324",0.118333333333333
"5325",0.123333333333333
"5326",0.123333333333333
"5327",0.118333333333333
"5328",0.126666666666667
"5329",0.123333333333333
"5330",0.12
"5331",0.123333333333333
"5332",0.118333333333333
"5333",0.12
"5334",0.121666666666667
"5335",0.123333333333333
"5336",0.126666666666667
"5337",0.13
"5338",0.12
"5339",0.13
"5340",0.13
"5341",0.128333333333333
"5342",0.118333333333333
"5343",0.12
"5344",0.126666666666667
"5345",0.126666666666667
"5346",0.123333333333333
"5347",0.12
"5348",0.115
"5349",0.121666666666667
"5350",0.121666666666667
"5351",0.118333333333333
"5352",0.123333333333333
"5353",0.123333333333333
"5354",0.118333333333333
"5355",0.126666666666667
"5356",0.123333333333333
"5357",0.12
"5358",0.123333333333333
"5359",0.118333333333333
"5360",0.12
"5361",0.121666666666667
"5362",0.123333333333333
"5363",0.126666666666667
"5364",0.13
"5365",0.12
"5366",0.13
"5367",0.13
"5368",0.128333333333333
"5369",0.118333333333333
"5370",0.12
"5371",0.126666666666667
"5372",0.126666666666667
"5373",0.123333333333333
"5374",0.12
"5375",0.115
"5376",0.121666666666667
"5377",0.121666666666667
"5378",0.118333333333333
"5379",0.123333333333333
"5380",0.123333333333333
"5381",0.118333333333333
"5382",0.126666666666667
"5383",0.123333333333333
"5384",0.12
"5385",0.123333333333333
"5386",0.118333333333333
"5387",0.12
"5388",0.121666666666667
"5389",0.123333333333333
"5390",0.126666666666667
"5391",0.13
"5392",0.12
"5393",0.13
"5394",0.13
"5395",0.128333333333333
"5396",0.118333333333333
"5397",0.12
"5398",0.126666666666667
"5399",0.126666666666667
"5400",0.123333333333333
"5401",0.0983333333333333
"5402",0.1
"5403",0.0966666666666667
"5404",0.0966666666666667
"5405",0.101666666666667
"5406",0.095
"5407",0.095
"5408",0.101666666666667
"5409",0.0983333333333333
"5410",0.095
"5411",0.0983333333333333
"5412",0.095
"5413",0.0983333333333333
"5414",0.1
"5415",0.0966666666666667
"5416",0.095
"5417",0.0983333333333333
"5418",0.0983333333333333
"5419",0.1
"5420",0.0983333333333333
"5421",0.0983333333333333
"5422",0.1
"5423",0.0983333333333333
"5424",0.0983333333333333
"5425",0.0983333333333333
"5426",0.0983333333333333
"5427",0.095
"5428",0.0983333333333333
"5429",0.1
"5430",0.0966666666666667
"5431",0.0966666666666667
"5432",0.101666666666667
"5433",0.095
"5434",0.095
"5435",0.101666666666667
"5436",0.0983333333333333
"5437",0.095
"5438",0.0983333333333333
"5439",0.095
"5440",0.0983333333333333
"5441",0.1
"5442",0.0966666666666667
"5443",0.095
"5444",0.0983333333333333
"5445",0.0983333333333333
"5446",0.1
"5447",0.0983333333333333
"5448",0.0983333333333333
"5449",0.1
"5450",0.0983333333333333
"5451",0.0983333333333333
"5452",0.0983333333333333
"5453",0.0983333333333333
"5454",0.095
"5455",0.0966666666666667
"5456",0.0983333333333333
"5457",0.095
"5458",0.095
"5459",0.1
"5460",0.0966666666666667
"5461",0.0966666666666667
"5462",0.1
"5463",0.1
"5464",0.0966666666666667
"5465",0.0966666666666667
"5466",0.0966666666666667
"5467",0.1
"5468",0.101666666666667
"5469",0.095
"5470",0.0966666666666667
"5471",0.1
"5472",0.1
"5473",0.101666666666667
"5474",0.1
"5475",0.1
"5476",0.101666666666667
"5477",0.1
"5478",0.0966666666666667
"5479",0.1
"5480",0.1
"5481",0.0966666666666667
"5482",0.128333333333333
"5483",0.131666666666667
"5484",0.128333333333333
"5485",0.128333333333333
"5486",0.13
"5487",0.13
"5488",0.13
"5489",0.13
"5490",0.136666666666667
"5491",0.13
"5492",0.128333333333333
"5493",0.13
"5494",0.131666666666667
"5495",0.133333333333333
"5496",0.128333333333333
"5497",0.13
"5498",0.136666666666667
"5499",0.135
"5500",0.133333333333333
"5501",0.135
"5502",0.135
"5503",0.135
"5504",0.131666666666667
"5505",0.128333333333333
"5506",0.136666666666667
"5507",0.136666666666667
"5508",0.13
"5509",0.128333333333333
"5510",0.131666666666667
"5511",0.128333333333333
"5512",0.128333333333333
"5513",0.13
"5514",0.13
"5515",0.13
"5516",0.13
"5517",0.136666666666667
"5518",0.13
"5519",0.128333333333333
"5520",0.13
"5521",0.131666666666667
"5522",0.133333333333333
"5523",0.128333333333333
"5524",0.13
"5525",0.136666666666667
"5526",0.135
"5527",0.133333333333333
"5528",0.135
"5529",0.135
"5530",0.135
"5531",0.131666666666667
"5532",0.128333333333333
"5533",0.136666666666667
"5534",0.136666666666667
"5535",0.13
"5536",0.126666666666667
"5537",0.13
"5538",0.126666666666667
"5539",0.126666666666667
"5540",0.128333333333333
"5541",0.128333333333333
"5542",0.128333333333333
"5543",0.128333333333333
"5544",0.135
"5545",0.128333333333333
"5546",0.126666666666667
"5547",0.128333333333333
"5548",0.13
"5549",0.131666666666667
"5550",0.126666666666667
"5551",0.128333333333333
"5552",0.135
"5553",0.133333333333333
"5554",0.131666666666667
"5555",0.133333333333333
"5556",0.133333333333333
"5557",0.133333333333333
"5558",0.13
"5559",0.126666666666667
"5560",0.135
"5561",0.135
"5562",0.128333333333333
"5563",0.125
"5564",0.128333333333333
"5565",0.125
"5566",0.125
"5567",0.126666666666667
"5568",0.126666666666667
"5569",0.126666666666667
"5570",0.126666666666667
"5571",0.133333333333333
"5572",0.126666666666667
"5573",0.125
"5574",0.126666666666667
"5575",0.128333333333333
"5576",0.13
"5577",0.125
"5578",0.126666666666667
"5579",0.133333333333333
"5580",0.131666666666667
"5581",0.13
"5582",0.131666666666667
"5583",0.131666666666667
"5584",0.131666666666667
"5585",0.128333333333333
"5586",0.125
"5587",0.133333333333333
"5588",0.133333333333333
"5589",0.126666666666667
"5590",0.128333333333333
"5591",0.131666666666667
"5592",0.128333333333333
"5593",0.128333333333333
"5594",0.13
"5595",0.126666666666667
"5596",0.126666666666667
"5597",0.13
"5598",0.133333333333333
"5599",0.126666666666667
"5600",0.128333333333333
"5601",0.126666666666667
"5602",0.128333333333333
"5603",0.13
"5604",0.128333333333333
"5605",0.126666666666667
"5606",0.133333333333333
"5607",0.131666666666667
"5608",0.13
"5609",0.131666666666667
"5610",0.131666666666667
"5611",0.131666666666667
"5612",0.128333333333333
"5613",0.128333333333333
"5614",0.133333333333333
"5615",0.133333333333333
"5616",0.126666666666667
"5617",0.128333333333333
"5618",0.131666666666667
"5619",0.128333333333333
"5620",0.128333333333333
"5621",0.13
"5622",0.13
"5623",0.13
"5624",0.13
"5625",0.136666666666667
"5626",0.13
"5627",0.128333333333333
"5628",0.13
"5629",0.131666666666667
"5630",0.133333333333333
"5631",0.128333333333333
"5632",0.13
"5633",0.136666666666667
"5634",0.135
"5635",0.133333333333333
"5636",0.135
"5637",0.135
"5638",0.135
"5639",0.131666666666667
"5640",0.128333333333333
"5641",0.136666666666667
"5642",0.136666666666667
"5643",0.13
"5644",0.128333333333333
"5645",0.131666666666667
"5646",0.128333333333333
"5647",0.128333333333333
"5648",0.13
"5649",0.13
"5650",0.13
"5651",0.13
"5652",0.136666666666667
"5653",0.13
"5654",0.128333333333333
"5655",0.13
"5656",0.131666666666667
"5657",0.133333333333333
"5658",0.128333333333333
"5659",0.13
"5660",0.136666666666667
"5661",0.135
"5662",0.133333333333333
"5663",0.135
"5664",0.135
"5665",0.135
"5666",0.131666666666667
"5667",0.128333333333333
"5668",0.136666666666667
"5669",0.136666666666667
"5670",0.13
"5671",0.126666666666667
"5672",0.13
"5673",0.126666666666667
"5674",0.126666666666667
"5675",0.128333333333333
"5676",0.128333333333333
"5677",0.128333333333333
"5678",0.128333333333333
"5679",0.135
"5680",0.128333333333333
"5681",0.126666666666667
"5682",0.128333333333333
"5683",0.13
"5684",0.131666666666667
"5685",0.126666666666667
"5686",0.128333333333333
"5687",0.135
"5688",0.133333333333333
"5689",0.131666666666667
"5690",0.133333333333333
"5691",0.133333333333333
"5692",0.133333333333333
"5693",0.13
"5694",0.126666666666667
"5695",0.135
"5696",0.135
"5697",0.128333333333333
"5698",0.128333333333333
"5699",0.131666666666667
"5700",0.128333333333333
"5701",0.128333333333333
"5702",0.13
"5703",0.13
"5704",0.13
"5705",0.13
"5706",0.136666666666667
"5707",0.13
"5708",0.128333333333333
"5709",0.13
"5710",0.131666666666667
"5711",0.133333333333333
"5712",0.128333333333333
"5713",0.13
"5714",0.136666666666667
"5715",0.135
"5716",0.133333333333333
"5717",0.135
"5718",0.135
"5719",0.135
"5720",0.131666666666667
"5721",0.128333333333333
"5722",0.136666666666667
"5723",0.136666666666667
"5724",0.13
"5725",0.128333333333333
"5726",0.131666666666667
"5727",0.128333333333333
"5728",0.128333333333333
"5729",0.13
"5730",0.126666666666667
"5731",0.126666666666667
"5732",0.13
"5733",0.133333333333333
"5734",0.126666666666667
"5735",0.128333333333333
"5736",0.126666666666667
"5737",0.128333333333333
"5738",0.13
"5739",0.128333333333333
"5740",0.126666666666667
"5741",0.133333333333333
"5742",0.131666666666667
"5743",0.13
"5744",0.131666666666667
"5745",0.131666666666667
"5746",0.131666666666667
"5747",0.128333333333333
"5748",0.128333333333333
"5749",0.133333333333333
"5750",0.133333333333333
"5751",0.126666666666667
"5752",0.126666666666667
"5753",0.13
"5754",0.126666666666667
"5755",0.126666666666667
"5756",0.128333333333333
"5757",0.128333333333333
"5758",0.128333333333333
"5759",0.128333333333333
"5760",0.135
"5761",0.128333333333333
"5762",0.126666666666667
"5763",0.128333333333333
"5764",0.13
"5765",0.131666666666667
"5766",0.126666666666667
"5767",0.128333333333333
"5768",0.135
"5769",0.133333333333333
"5770",0.131666666666667
"5771",0.133333333333333
"5772",0.133333333333333
"5773",0.133333333333333
"5774",0.13
"5775",0.126666666666667
"5776",0.135
"5777",0.135
"5778",0.128333333333333
"5779",0.126666666666667
"5780",0.13
"5781",0.126666666666667
"5782",0.126666666666667
"5783",0.128333333333333
"5784",0.128333333333333
"5785",0.128333333333333
"5786",0.128333333333333
"5787",0.135
"5788",0.128333333333333
"5789",0.126666666666667
"5790",0.128333333333333
"5791",0.13
"5792",0.131666666666667
"5793",0.126666666666667
"5794",0.128333333333333
"5795",0.135
"5796",0.133333333333333
"5797",0.131666666666667
"5798",0.133333333333333
"5799",0.133333333333333
"5800",0.133333333333333
"5801",0.13
"5802",0.126666666666667
"5803",0.135
"5804",0.135
"5805",0.128333333333333
"5806",0.128333333333333
"5807",0.131666666666667
"5808",0.128333333333333
"5809",0.128333333333333
"5810",0.13
"5811",0.13
"5812",0.13
"5813",0.13
"5814",0.136666666666667
"5815",0.13
"5816",0.128333333333333
"5817",0.13
"5818",0.131666666666667
"5819",0.133333333333333
"5820",0.128333333333333
"5821",0.13
"5822",0.136666666666667
"5823",0.135
"5824",0.133333333333333
"5825",0.135
"5826",0.135
"5827",0.135
"5828",0.131666666666667
"5829",0.128333333333333
"5830",0.136666666666667
"5831",0.136666666666667
"5832",0.13
"5833",0.128333333333333
"5834",0.131666666666667
"5835",0.128333333333333
"5836",0.128333333333333
"5837",0.13
"5838",0.13
"5839",0.13
"5840",0.13
"5841",0.136666666666667
"5842",0.13
"5843",0.128333333333333
"5844",0.13
"5845",0.131666666666667
"5846",0.133333333333333
"5847",0.128333333333333
"5848",0.13
"5849",0.136666666666667
"5850",0.135
"5851",0.133333333333333
"5852",0.135
"5853",0.135
"5854",0.135
"5855",0.131666666666667
"5856",0.128333333333333
"5857",0.136666666666667
"5858",0.136666666666667
"5859",0.13
"5860",0.126666666666667
"5861",0.13
"5862",0.126666666666667
"5863",0.126666666666667
"5864",0.128333333333333
"5865",0.128333333333333
"5866",0.128333333333333
"5867",0.128333333333333
"5868",0.135
"5869",0.128333333333333
"5870",0.126666666666667
"5871",0.128333333333333
"5872",0.13
"5873",0.131666666666667
"5874",0.126666666666667
"5875",0.128333333333333
"5876",0.135
"5877",0.133333333333333
"5878",0.131666666666667
"5879",0.133333333333333
"5880",0.133333333333333
"5881",0.133333333333333
"5882",0.13
"5883",0.126666666666667
"5884",0.135
"5885",0.135
"5886",0.128333333333333
"5887",0.128333333333333
"5888",0.131666666666667
"5889",0.128333333333333
"5890",0.128333333333333
"5891",0.13
"5892",0.126666666666667
"5893",0.126666666666667
"5894",0.13
"5895",0.133333333333333
"5896",0.126666666666667
"5897",0.128333333333333
"5898",0.126666666666667
"5899",0.128333333333333
"5900",0.13
"5901",0.128333333333333
"5902",0.126666666666667
"5903",0.133333333333333
"5904",0.131666666666667
"5905",0.13
"5906",0.131666666666667
"5907",0.131666666666667
"5908",0.131666666666667
"5909",0.128333333333333
"5910",0.128333333333333
"5911",0.133333333333333
"5912",0.133333333333333
"5913",0.126666666666667
"5914",0.128333333333333
"5915",0.131666666666667
"5916",0.128333333333333
"5917",0.128333333333333
"5918",0.13
"5919",0.13
"5920",0.13
"5921",0.13
"5922",0.136666666666667
"5923",0.13
"5924",0.128333333333333
"5925",0.13
"5926",0.131666666666667
"5927",0.133333333333333
"5928",0.128333333333333
"5929",0.13
"5930",0.136666666666667
"5931",0.135
"5932",0.133333333333333
"5933",0.135
"5934",0.135
"5935",0.135
"5936",0.131666666666667
"5937",0.128333333333333
"5938",0.136666666666667
"5939",0.136666666666667
"5940",0.13
"5941",0.128333333333333
"5942",0.131666666666667
"5943",0.128333333333333
"5944",0.128333333333333
"5945",0.13
"5946",0.126666666666667
"5947",0.126666666666667
"5948",0.13
"5949",0.133333333333333
"5950",0.126666666666667
"5951",0.128333333333333
"5952",0.126666666666667
"5953",0.128333333333333
"5954",0.13
"5955",0.128333333333333
"5956",0.126666666666667
"5957",0.133333333333333
"5958",0.131666666666667
"5959",0.13
"5960",0.131666666666667
"5961",0.131666666666667
"5962",0.131666666666667
"5963",0.128333333333333
"5964",0.128333333333333
"5965",0.133333333333333
"5966",0.133333333333333
"5967",0.126666666666667
"5968",0.128333333333333
"5969",0.131666666666667
"5970",0.128333333333333
"5971",0.128333333333333
"5972",0.13
"5973",0.126666666666667
"5974",0.126666666666667
"5975",0.13
"5976",0.133333333333333
"5977",0.126666666666667
"5978",0.128333333333333
"5979",0.126666666666667
"5980",0.128333333333333
"5981",0.13
"5982",0.128333333333333
"5983",0.126666666666667
"5984",0.133333333333333
"5985",0.131666666666667
"5986",0.13
"5987",0.131666666666667
"5988",0.131666666666667
"5989",0.131666666666667
"5990",0.128333333333333
"5991",0.128333333333333
"5992",0.133333333333333
"5993",0.133333333333333
"5994",0.126666666666667
"5995",0.126666666666667
"5996",0.13
"5997",0.126666666666667
"5998",0.126666666666667
"5999",0.128333333333333
"6000",0.128333333333333
"6001",0.128333333333333
"6002",0.128333333333333
"6003",0.135
"6004",0.128333333333333
"6005",0.126666666666667
"6006",0.128333333333333
"6007",0.13
"6008",0.131666666666667
"6009",0.126666666666667
"6010",0.128333333333333
"6011",0.135
"6012",0.133333333333333
"6013",0.131666666666667
"6014",0.133333333333333
"6015",0.133333333333333
"6016",0.133333333333333
"6017",0.13
"6018",0.126666666666667
"6019",0.135
"6020",0.135
"6021",0.128333333333333
"6022",0.128333333333333
"6023",0.131666666666667
"6024",0.128333333333333
"6025",0.128333333333333
"6026",0.13
"6027",0.13
"6028",0.13
"6029",0.13
"6030",0.136666666666667
"6031",0.13
"6032",0.128333333333333
"6033",0.13
"6034",0.131666666666667
"6035",0.133333333333333
"6036",0.128333333333333
"6037",0.13
"6038",0.136666666666667
"6039",0.135
"6040",0.133333333333333
"6041",0.135
"6042",0.135
"6043",0.135
"6044",0.131666666666667
"6045",0.128333333333333
"6046",0.136666666666667
"6047",0.136666666666667
"6048",0.13
"6049",0.128333333333333
"6050",0.131666666666667
"6051",0.128333333333333
"6052",0.128333333333333
"6053",0.13
"6054",0.126666666666667
"6055",0.126666666666667
"6056",0.13
"6057",0.133333333333333
"6058",0.126666666666667
"6059",0.128333333333333
"6060",0.126666666666667
"6061",0.128333333333333
"6062",0.13
"6063",0.128333333333333
"6064",0.126666666666667
"6065",0.133333333333333
"6066",0.131666666666667
"6067",0.13
"6068",0.131666666666667
"6069",0.131666666666667
"6070",0.131666666666667
"6071",0.128333333333333
"6072",0.128333333333333
"6073",0.133333333333333
"6074",0.133333333333333
"6075",0.126666666666667
"6076",0.126666666666667
"6077",0.13
"6078",0.126666666666667
"6079",0.126666666666667
"6080",0.128333333333333
"6081",0.128333333333333
"6082",0.128333333333333
"6083",0.128333333333333
"6084",0.135
"6085",0.128333333333333
"6086",0.126666666666667
"6087",0.128333333333333
"6088",0.13
"6089",0.131666666666667
"6090",0.126666666666667
"6091",0.128333333333333
"6092",0.135
"6093",0.133333333333333
"6094",0.131666666666667
"6095",0.133333333333333
"6096",0.133333333333333
"6097",0.133333333333333
"6098",0.13
"6099",0.126666666666667
"6100",0.135
"6101",0.135
"6102",0.128333333333333
"6103",0.126666666666667
"6104",0.13
"6105",0.126666666666667
"6106",0.126666666666667
"6107",0.128333333333333
"6108",0.128333333333333
"6109",0.128333333333333
"6110",0.128333333333333
"6111",0.135
"6112",0.128333333333333
"6113",0.126666666666667
"6114",0.128333333333333
"6115",0.13
"6116",0.131666666666667
"6117",0.126666666666667
"6118",0.128333333333333
"6119",0.135
"6120",0.133333333333333
"6121",0.131666666666667
"6122",0.133333333333333
"6123",0.133333333333333
"6124",0.133333333333333
"6125",0.13
"6126",0.126666666666667
"6127",0.135
"6128",0.135
"6129",0.128333333333333
"6130",0.126666666666667
"6131",0.13
"6132",0.126666666666667
"6133",0.126666666666667
"6134",0.128333333333333
"6135",0.128333333333333
"6136",0.128333333333333
"6137",0.128333333333333
"6138",0.135
"6139",0.128333333333333
"6140",0.126666666666667
"6141",0.128333333333333
"6142",0.13
"6143",0.131666666666667
"6144",0.126666666666667
"6145",0.128333333333333
"6146",0.135
"6147",0.133333333333333
"6148",0.131666666666667
"6149",0.133333333333333
"6150",0.133333333333333
"6151",0.133333333333333
"6152",0.13
"6153",0.126666666666667
"6154",0.135
"6155",0.135
"6156",0.128333333333333
"6157",0.0283333333333333
"6158",0.0366666666666667
"6159",0.03
"6160",0.03
"6161",0.0333333333333333
"6162",0.0266666666666667
"6163",0.0266666666666667
"6164",0.0333333333333333
"6165",0.0216666666666667
"6166",0.0266666666666667
"6167",0.0283333333333333
"6168",0.0266666666666667
"6169",0.0283333333333333
"6170",0.03
"6171",0.03
"6172",0.0266666666666667
"6173",0.0216666666666667
"6174",0.0316666666666667
"6175",0.03
"6176",0.0316666666666667
"6177",0.0316666666666667
"6178",0.0333333333333333
"6179",0.0283333333333333
"6180",0.0283333333333333
"6181",0.0216666666666667
"6182",0.0216666666666667
"6183",0.0266666666666667
"6184",0.0966666666666667
"6185",0.0983333333333333
"6186",0.0983333333333333
"6187",0.0983333333333333
"6188",0.1
"6189",0.0966666666666667
"6190",0.0966666666666667
"6191",0.1
"6192",0.0966666666666667
"6193",0.0966666666666667
"6194",0.0966666666666667
"6195",0.0966666666666667
"6196",0.0983333333333333
"6197",0.1
"6198",0.0983333333333333
"6199",0.0966666666666667
"6200",0.0966666666666667
"6201",0.0933333333333333
"6202",0.1
"6203",0.0933333333333333
"6204",0.0933333333333333
"6205",0.095
"6206",0.0983333333333333
"6207",0.0966666666666667
"6208",0.0966666666666667
"6209",0.0966666666666667
"6210",0.0966666666666667
"6211",0.095
"6212",0.1
"6213",0.0966666666666667
"6214",0.0966666666666667
"6215",0.101666666666667
"6216",0.095
"6217",0.095
"6218",0.101666666666667
"6219",0.101666666666667
"6220",0.095
"6221",0.095
"6222",0.095
"6223",0.1
"6224",0.101666666666667
"6225",0.0966666666666667
"6226",0.095
"6227",0.101666666666667
"6228",0.0983333333333333
"6229",0.101666666666667
"6230",0.0983333333333333
"6231",0.0983333333333333
"6232",0.0966666666666667
"6233",0.1
"6234",0.095
"6235",0.101666666666667
"6236",0.101666666666667
"6237",0.095
"6238",0.0966666666666667
"6239",0.101666666666667
"6240",0.0983333333333333
"6241",0.0983333333333333
"6242",0.103333333333333
"6243",0.0966666666666667
"6244",0.0966666666666667
"6245",0.103333333333333
"6246",0.103333333333333
"6247",0.0966666666666667
"6248",0.0966666666666667
"6249",0.0966666666666667
"6250",0.101666666666667
"6251",0.103333333333333
"6252",0.0983333333333333
"6253",0.0966666666666667
"6254",0.103333333333333
"6255",0.1
"6256",0.103333333333333
"6257",0.1
"6258",0.1
"6259",0.0983333333333333
"6260",0.101666666666667
"6261",0.0966666666666667
"6262",0.103333333333333
"6263",0.103333333333333
"6264",0.0966666666666667
"6265",0.0933333333333333
"6266",0.0983333333333333
"6267",0.095
"6268",0.095
"6269",0.1
"6270",0.0933333333333333
"6271",0.0933333333333333
"6272",0.1
"6273",0.1
"6274",0.0933333333333333
"6275",0.0933333333333333
"6276",0.0933333333333333
"6277",0.0983333333333333
"6278",0.1
"6279",0.095
"6280",0.0933333333333333
"6281",0.1
"6282",0.0966666666666667
"6283",0.1
"6284",0.0966666666666667
"6285",0.0966666666666667
"6286",0.095
"6287",0.0983333333333333
"6288",0.0933333333333333
"6289",0.1
"6290",0.1
"6291",0.0933333333333333
"6292",0.095
"6293",0.1
"6294",0.0966666666666667
"6295",0.0966666666666667
"6296",0.101666666666667
"6297",0.095
"6298",0.095
"6299",0.101666666666667
"6300",0.101666666666667
"6301",0.095
"6302",0.095
"6303",0.095
"6304",0.1
"6305",0.101666666666667
"6306",0.0966666666666667
"6307",0.095
"6308",0.101666666666667
"6309",0.0983333333333333
"6310",0.101666666666667
"6311",0.0983333333333333
"6312",0.0983333333333333
"6313",0.0966666666666667
"6314",0.1
"6315",0.095
"6316",0.101666666666667
"6317",0.101666666666667
"6318",0.095
"6319",0.0933333333333333
"6320",0.0983333333333333
"6321",0.095
"6322",0.095
"6323",0.1
"6324",0.0933333333333333
"6325",0.0933333333333333
"6326",0.1
"6327",0.101666666666667
"6328",0.0933333333333333
"6329",0.0933333333333333
"6330",0.0933333333333333
"6331",0.0983333333333333
"6332",0.1
"6333",0.095
"6334",0.0933333333333333
"6335",0.101666666666667
"6336",0.0983333333333333
"6337",0.1
"6338",0.0983333333333333
"6339",0.0983333333333333
"6340",0.0966666666666667
"6341",0.0983333333333333
"6342",0.0933333333333333
"6343",0.101666666666667
"6344",0.101666666666667
"6345",0.0933333333333333
"6346",0.0933333333333333
"6347",0.0983333333333333
"6348",0.095
"6349",0.095
"6350",0.1
"6351",0.0933333333333333
"6352",0.0933333333333333
"6353",0.1
"6354",0.1
"6355",0.0933333333333333
"6356",0.0933333333333333
"6357",0.0933333333333333
"6358",0.0983333333333333
"6359",0.1
"6360",0.095
"6361",0.0933333333333333
"6362",0.1
"6363",0.0966666666666667
"6364",0.1
"6365",0.0966666666666667
"6366",0.0966666666666667
"6367",0.095
"6368",0.0983333333333333
"6369",0.0933333333333333
"6370",0.1
"6371",0.1
"6372",0.0933333333333333
"6373",0.0983333333333333
"6374",0.1
"6375",0.1
"6376",0.1
"6377",0.101666666666667
"6378",0.0983333333333333
"6379",0.0983333333333333
"6380",0.101666666666667
"6381",0.0983333333333333
"6382",0.0983333333333333
"6383",0.0983333333333333
"6384",0.0983333333333333
"6385",0.1
"6386",0.101666666666667
"6387",0.1
"6388",0.0983333333333333
"6389",0.0983333333333333
"6390",0.095
"6391",0.101666666666667
"6392",0.095
"6393",0.095
"6394",0.0966666666666667
"6395",0.1
"6396",0.0983333333333333
"6397",0.0983333333333333
"6398",0.0983333333333333
"6399",0.0983333333333333
"6400",0.095
"6401",0.1
"6402",0.0966666666666667
"6403",0.0966666666666667
"6404",0.101666666666667
"6405",0.095
"6406",0.095
"6407",0.101666666666667
"6408",0.101666666666667
"6409",0.095
"6410",0.095
"6411",0.095
"6412",0.1
"6413",0.101666666666667
"6414",0.0966666666666667
"6415",0.095
"6416",0.101666666666667
"6417",0.0983333333333333
"6418",0.101666666666667
"6419",0.0983333333333333
"6420",0.0983333333333333
"6421",0.0966666666666667
"6422",0.1
"6423",0.095
"6424",0.101666666666667
"6425",0.101666666666667
"6426",0.095
"6427",0.0966666666666667
"6428",0.0983333333333333
"6429",0.0983333333333333
"6430",0.0983333333333333
"6431",0.1
"6432",0.0966666666666667
"6433",0.0966666666666667
"6434",0.1
"6435",0.0966666666666667
"6436",0.0966666666666667
"6437",0.0966666666666667
"6438",0.0966666666666667
"6439",0.0983333333333333
"6440",0.1
"6441",0.0983333333333333
"6442",0.0966666666666667
"6443",0.0966666666666667
"6444",0.0933333333333333
"6445",0.1
"6446",0.0933333333333333
"6447",0.0933333333333333
"6448",0.095
"6449",0.0983333333333333
"6450",0.0966666666666667
"6451",0.0966666666666667
"6452",0.0966666666666667
"6453",0.0966666666666667
"6454",0.0933333333333333
"6455",0.0983333333333333
"6456",0.095
"6457",0.095
"6458",0.1
"6459",0.0933333333333333
"6460",0.0933333333333333
"6461",0.1
"6462",0.1
"6463",0.0933333333333333
"6464",0.0933333333333333
"6465",0.0933333333333333
"6466",0.0983333333333333
"6467",0.1
"6468",0.095
"6469",0.0933333333333333
"6470",0.1
"6471",0.0966666666666667
"6472",0.1
"6473",0.0966666666666667
"6474",0.0966666666666667
"6475",0.095
"6476",0.0983333333333333
"6477",0.0933333333333333
"6478",0.1
"6479",0.1
"6480",0.0933333333333333
"6481",0.0933333333333333
"6482",0.0983333333333333
"6483",0.095
"6484",0.095
"6485",0.1
"6486",0.0933333333333333
"6487",0.0933333333333333
"6488",0.1
"6489",0.1
"6490",0.0933333333333333
"6491",0.0933333333333333
"6492",0.0933333333333333
"6493",0.0983333333333333
"6494",0.1
"6495",0.095
"6496",0.0933333333333333
"6497",0.1
"6498",0.0966666666666667
"6499",0.1
"6500",0.0966666666666667
"6501",0.0966666666666667
"6502",0.095
"6503",0.0983333333333333
"6504",0.0933333333333333
"6505",0.1
"6506",0.1
"6507",0.0933333333333333
"6508",0.12
"6509",0.12
"6510",0.118333333333333
"6511",0.118333333333333
"6512",0.123333333333333
"6513",0.118333333333333
"6514",0.118333333333333
"6515",0.123333333333333
"6516",0.125
"6517",0.118333333333333
"6518",0.12
"6519",0.118333333333333
"6520",0.118333333333333
"6521",0.12
"6522",0.118333333333333
"6523",0.118333333333333
"6524",0.125
"6525",0.123333333333333
"6526",0.12
"6527",0.123333333333333
"6528",0.123333333333333
"6529",0.125
"6530",0.118333333333333
"6531",0.12
"6532",0.125
"6533",0.125
"6534",0.118333333333333
"6535",0.12
"6536",0.12
"6537",0.118333333333333
"6538",0.118333333333333
"6539",0.123333333333333
"6540",0.118333333333333
"6541",0.118333333333333
"6542",0.123333333333333
"6543",0.125
"6544",0.118333333333333
"6545",0.12
"6546",0.118333333333333
"6547",0.118333333333333
"6548",0.12
"6549",0.118333333333333
"6550",0.118333333333333
"6551",0.125
"6552",0.123333333333333
"6553",0.12
"6554",0.123333333333333
"6555",0.123333333333333
"6556",0.125
"6557",0.118333333333333
"6558",0.12
"6559",0.125
"6560",0.125
"6561",0.118333333333333
"6562",0.12
"6563",0.12
"6564",0.118333333333333
"6565",0.118333333333333
"6566",0.123333333333333
"6567",0.118333333333333
"6568",0.118333333333333
"6569",0.123333333333333
"6570",0.125
"6571",0.118333333333333
"6572",0.12
"6573",0.118333333333333
"6574",0.118333333333333
"6575",0.12
"6576",0.118333333333333
"6577",0.118333333333333
"6578",0.125
"6579",0.123333333333333
"6580",0.12
"6581",0.123333333333333
"6582",0.123333333333333
"6583",0.125
"6584",0.118333333333333
"6585",0.12
"6586",0.125
"6587",0.125
"6588",0.118333333333333
"6589",0.118333333333333
"6590",0.12
"6591",0.12
"6592",0.12
"6593",0.123333333333333
"6594",0.121666666666667
"6595",0.121666666666667
"6596",0.123333333333333
"6597",0.126666666666667
"6598",0.121666666666667
"6599",0.118333333333333
"6600",0.121666666666667
"6601",0.12
"6602",0.121666666666667
"6603",0.12
"6604",0.121666666666667
"6605",0.126666666666667
"6606",0.126666666666667
"6607",0.121666666666667
"6608",0.126666666666667
"6609",0.126666666666667
"6610",0.125
"6611",0.12
"6612",0.118333333333333
"6613",0.126666666666667
"6614",0.126666666666667
"6615",0.121666666666667
"6616",0.118333333333333
"6617",0.116666666666667
"6618",0.12
"6619",0.12
"6620",0.12
"6621",0.121666666666667
"6622",0.121666666666667
"6623",0.12
"6624",0.123333333333333
"6625",0.121666666666667
"6626",0.118333333333333
"6627",0.121666666666667
"6628",0.12
"6629",0.118333333333333
"6630",0.12
"6631",0.121666666666667
"6632",0.123333333333333
"6633",0.126666666666667
"6634",0.121666666666667
"6635",0.126666666666667
"6636",0.126666666666667
"6637",0.125
"6638",0.12
"6639",0.118333333333333
"6640",0.123333333333333
"6641",0.123333333333333
"6642",0.121666666666667
"6643",0.118333333333333
"6644",0.116666666666667
"6645",0.12
"6646",0.12
"6647",0.12
"6648",0.121666666666667
"6649",0.121666666666667
"6650",0.12
"6651",0.126666666666667
"6652",0.121666666666667
"6653",0.118333333333333
"6654",0.121666666666667
"6655",0.12
"6656",0.121666666666667
"6657",0.12
"6658",0.121666666666667
"6659",0.126666666666667
"6660",0.126666666666667
"6661",0.121666666666667
"6662",0.126666666666667
"6663",0.126666666666667
"6664",0.125
"6665",0.12
"6666",0.118333333333333
"6667",0.126666666666667
"6668",0.126666666666667
"6669",0.121666666666667
"6670",0.116666666666667
"6671",0.115
"6672",0.118333333333333
"6673",0.118333333333333
"6674",0.115
"6675",0.115
"6676",0.115
"6677",0.115
"6678",0.103333333333333
"6679",0.115
"6680",0.116666666666667
"6681",0.115
"6682",0.113333333333333
"6683",0.111666666666667
"6684",0.118333333333333
"6685",0.115
"6686",0.103333333333333
"6687",0.11
"6688",0.115
"6689",0.11
"6690",0.11
"6691",0.111666666666667
"6692",0.113333333333333
"6693",0.116666666666667
"6694",0.103333333333333
"6695",0.103333333333333
"6696",0.115
"6697",0.12
"6698",0.118333333333333
"6699",0.121666666666667
"6700",0.121666666666667
"6701",0.118333333333333
"6702",0.118333333333333
"6703",0.118333333333333
"6704",0.118333333333333
"6705",0.106666666666667
"6706",0.118333333333333
"6707",0.12
"6708",0.118333333333333
"6709",0.116666666666667
"6710",0.115
"6711",0.121666666666667
"6712",0.118333333333333
"6713",0.106666666666667
"6714",0.113333333333333
"6715",0.118333333333333
"6716",0.113333333333333
"6717",0.113333333333333
"6718",0.115
"6719",0.116666666666667
"6720",0.12
"6721",0.106666666666667
"6722",0.106666666666667
"6723",0.118333333333333
"6724",0.116666666666667
"6725",0.115
"6726",0.118333333333333
"6727",0.118333333333333
"6728",0.115
"6729",0.115
"6730",0.115
"6731",0.115
"6732",0.103333333333333
"6733",0.115
"6734",0.116666666666667
"6735",0.115
"6736",0.113333333333333
"6737",0.111666666666667
"6738",0.118333333333333
"6739",0.115
"6740",0.103333333333333
"6741",0.11
"6742",0.115
"6743",0.11
"6744",0.11
"6745",0.111666666666667
"6746",0.113333333333333
"6747",0.116666666666667
"6748",0.103333333333333
"6749",0.103333333333333
"6750",0.115
"6751",0.02
"6752",0.0283333333333333
"6753",0.0183333333333333
"6754",0.0183333333333333
"6755",0.025
"6756",0.015
"6757",0.015
"6758",0.025
"6759",0.015
"6760",0.015
"6761",0.02
"6762",0.015
"6763",0.02
"6764",0.0216666666666667
"6765",0.0183333333333333
"6766",0.015
"6767",0.015
"6768",0.0216666666666667
"6769",0.0216666666666667
"6770",0.0216666666666667
"6771",0.0216666666666667
"6772",0.02
"6773",0.02
"6774",0.02
"6775",0.015
"6776",0.015
"6777",0.015
"6778",0.02
"6779",0.0283333333333333
"6780",0.0183333333333333
"6781",0.0183333333333333
"6782",0.025
"6783",0.015
"6784",0.015
"6785",0.025
"6786",0.015
"6787",0.015
"6788",0.02
"6789",0.015
"6790",0.02
"6791",0.0216666666666667
"6792",0.0183333333333333
"6793",0.015
"6794",0.015
"6795",0.0216666666666667
"6796",0.0216666666666667
"6797",0.0216666666666667
"6798",0.0216666666666667
"6799",0.02
"6800",0.02
"6801",0.02
"6802",0.015
"6803",0.015
"6804",0.015
"6805",0.153333333333333
"6806",0.155
"6807",0.151666666666667
"6808",0.151666666666667
"6809",0.156666666666667
"6810",0.153333333333333
"6811",0.153333333333333
"6812",0.156666666666667
"6813",0.153333333333333
"6814",0.153333333333333
"6815",0.153333333333333
"6816",0.153333333333333
"6817",0.155
"6818",0.155
"6819",0.151666666666667
"6820",0.153333333333333
"6821",0.153333333333333
"6822",0.155
"6823",0.156666666666667
"6824",0.155
"6825",0.155
"6826",0.156666666666667
"6827",0.155
"6828",0.153333333333333
"6829",0.153333333333333
"6830",0.153333333333333
"6831",0.153333333333333
"6832",0.151666666666667
"6833",0.153333333333333
"6834",0.15
"6835",0.15
"6836",0.155
"6837",0.151666666666667
"6838",0.151666666666667
"6839",0.155
"6840",0.155
"6841",0.151666666666667
"6842",0.151666666666667
"6843",0.151666666666667
"6844",0.153333333333333
"6845",0.153333333333333
"6846",0.15
"6847",0.151666666666667
"6848",0.155
"6849",0.156666666666667
"6850",0.155
"6851",0.156666666666667
"6852",0.156666666666667
"6853",0.155
"6854",0.153333333333333
"6855",0.151666666666667
"6856",0.155
"6857",0.155
"6858",0.151666666666667
"6859",0.153333333333333
"6860",0.155
"6861",0.151666666666667
"6862",0.151666666666667
"6863",0.156666666666667
"6864",0.153333333333333
"6865",0.153333333333333
"6866",0.156666666666667
"6867",0.153333333333333
"6868",0.153333333333333
"6869",0.153333333333333
"6870",0.153333333333333
"6871",0.155
"6872",0.155
"6873",0.151666666666667
"6874",0.153333333333333
"6875",0.153333333333333
"6876",0.155
"6877",0.156666666666667
"6878",0.155
"6879",0.155
"6880",0.156666666666667
"6881",0.155
"6882",0.153333333333333
"6883",0.153333333333333
"6884",0.153333333333333
"6885",0.153333333333333
"6886",0.153333333333333
"6887",0.155
"6888",0.151666666666667
"6889",0.151666666666667
"6890",0.156666666666667
"6891",0.153333333333333
"6892",0.153333333333333
"6893",0.156666666666667
"6894",0.153333333333333
"6895",0.153333333333333
"6896",0.153333333333333
"6897",0.153333333333333
"6898",0.155
"6899",0.155
"6900",0.151666666666667
"6901",0.153333333333333
"6902",0.153333333333333
"6903",0.155
"6904",0.156666666666667
"6905",0.155
"6906",0.155
"6907",0.156666666666667
"6908",0.155
"6909",0.153333333333333
"6910",0.153333333333333
"6911",0.153333333333333
"6912",0.153333333333333
"6913",0.103333333333333
"6914",0.101666666666667
"6915",0.105
"6916",0.105
"6917",0.1
"6918",0.103333333333333
"6919",0.103333333333333
"6920",0.1
"6921",0.0983333333333333
"6922",0.103333333333333
"6923",0.103333333333333
"6924",0.103333333333333
"6925",0.0966666666666667
"6926",0.0983333333333333
"6927",0.105
"6928",0.103333333333333
"6929",0.0983333333333333
"6930",0.0983333333333333
"6931",0.0983333333333333
"6932",0.0983333333333333
"6933",0.0983333333333333
"6934",0.1
"6935",0.0966666666666667
"6936",0.103333333333333
"6937",0.0983333333333333
"6938",0.0983333333333333
"6939",0.103333333333333
"6940",0.101666666666667
"6941",0.1
"6942",0.103333333333333
"6943",0.103333333333333
"6944",0.0983333333333333
"6945",0.105
"6946",0.105
"6947",0.0983333333333333
"6948",0.1
"6949",0.105
"6950",0.101666666666667
"6951",0.105
"6952",0.0983333333333333
"6953",0.1
"6954",0.103333333333333
"6955",0.105
"6956",0.1
"6957",0.1
"6958",0.1
"6959",0.1
"6960",0.1
"6961",0.101666666666667
"6962",0.0983333333333333
"6963",0.101666666666667
"6964",0.1
"6965",0.1
"6966",0.105
"6967",0.121666666666667
"6968",0.133333333333333
"6969",0.121666666666667
"6970",0.121666666666667
"6971",0.133333333333333
"6972",0.125
"6973",0.125
"6974",0.133333333333333
"6975",0.13
"6976",0.125
"6977",0.121666666666667
"6978",0.125
"6979",0.131666666666667
"6980",0.133333333333333
"6981",0.121666666666667
"6982",0.125
"6983",0.13
"6984",0.13
"6985",0.133333333333333
"6986",0.13
"6987",0.13
"6988",0.131666666666667
"6989",0.131666666666667
"6990",0.121666666666667
"6991",0.13
"6992",0.13
"6993",0.125
"6994",0.12
"6995",0.128333333333333
"6996",0.12
"6997",0.12
"6998",0.128333333333333
"6999",0.123333333333333
"7000",0.123333333333333
"7001",0.128333333333333
"7002",0.128333333333333
"7003",0.123333333333333
"7004",0.12
"7005",0.123333333333333
"7006",0.126666666666667
"7007",0.128333333333333
"7008",0.12
"7009",0.123333333333333
"7010",0.128333333333333
"7011",0.128333333333333
"7012",0.128333333333333
"7013",0.128333333333333
"7014",0.128333333333333
"7015",0.13
"7016",0.126666666666667
"7017",0.12
"7018",0.128333333333333
"7019",0.128333333333333
"7020",0.123333333333333
"7021",0.121666666666667
"7022",0.133333333333333
"7023",0.121666666666667
"7024",0.121666666666667
"7025",0.133333333333333
"7026",0.125
"7027",0.125
"7028",0.133333333333333
"7029",0.13
"7030",0.125
"7031",0.121666666666667
"7032",0.125
"7033",0.131666666666667
"7034",0.133333333333333
"7035",0.121666666666667
"7036",0.125
"7037",0.13
"7038",0.13
"7039",0.133333333333333
"7040",0.13
"7041",0.13
"7042",0.131666666666667
"7043",0.131666666666667
"7044",0.121666666666667
"7045",0.13
"7046",0.13
"7047",0.125
"7048",0.121666666666667
"7049",0.13
"7050",0.121666666666667
"7051",0.121666666666667
"7052",0.13
"7053",0.125
"7054",0.125
"7055",0.13
"7056",0.13
"7057",0.125
"7058",0.121666666666667
"7059",0.125
"7060",0.128333333333333
"7061",0.13
"7062",0.121666666666667
"7063",0.125
"7064",0.13
"7065",0.13
"7066",0.13
"7067",0.13
"7068",0.13
"7069",0.131666666666667
"7070",0.128333333333333
"7071",0.121666666666667
"7072",0.13
"7073",0.13
"7074",0.125
"7075",0.12
"7076",0.128333333333333
"7077",0.12
"7078",0.12
"7079",0.128333333333333
"7080",0.123333333333333
"7081",0.123333333333333
"7082",0.128333333333333
"7083",0.128333333333333
"7084",0.123333333333333
"7085",0.12
"7086",0.123333333333333
"7087",0.126666666666667
"7088",0.128333333333333
"7089",0.12
"7090",0.123333333333333
"7091",0.128333333333333
"7092",0.128333333333333
"7093",0.128333333333333
"7094",0.128333333333333
"7095",0.128333333333333
"7096",0.13
"7097",0.126666666666667
"7098",0.12
"7099",0.128333333333333
"7100",0.128333333333333
"7101",0.123333333333333
"7102",0.121666666666667
"7103",0.13
"7104",0.121666666666667
"7105",0.121666666666667
"7106",0.13
"7107",0.125
"7108",0.125
"7109",0.13
"7110",0.13
"7111",0.125
"7112",0.121666666666667
"7113",0.125
"7114",0.128333333333333
"7115",0.13
"7116",0.121666666666667
"7117",0.125
"7118",0.13
"7119",0.13
"7120",0.13
"7121",0.13
"7122",0.13
"7123",0.131666666666667
"7124",0.128333333333333
"7125",0.121666666666667
"7126",0.13
"7127",0.13
"7128",0.125
"7129",0.12
"7130",0.128333333333333
"7131",0.12
"7132",0.12
"7133",0.128333333333333
"7134",0.123333333333333
"7135",0.123333333333333
"7136",0.128333333333333
"7137",0.128333333333333
"7138",0.123333333333333
"7139",0.12
"7140",0.123333333333333
"7141",0.126666666666667
"7142",0.128333333333333
"7143",0.12
"7144",0.123333333333333
"7145",0.128333333333333
"7146",0.128333333333333
"7147",0.128333333333333
"7148",0.128333333333333
"7149",0.128333333333333
"7150",0.13
"7151",0.126666666666667
"7152",0.12
"7153",0.128333333333333
"7154",0.128333333333333
"7155",0.123333333333333
"7156",0.12
"7157",0.128333333333333
"7158",0.12
"7159",0.12
"7160",0.128333333333333
"7161",0.123333333333333
"7162",0.123333333333333
"7163",0.128333333333333
"7164",0.128333333333333
"7165",0.123333333333333
"7166",0.12
"7167",0.123333333333333
"7168",0.126666666666667
"7169",0.128333333333333
"7170",0.12
"7171",0.123333333333333
"7172",0.128333333333333
"7173",0.131666666666667
"7174",0.128333333333333
"7175",0.131666666666667
"7176",0.131666666666667
"7177",0.133333333333333
"7178",0.126666666666667
"7179",0.12
"7180",0.128333333333333
"7181",0.128333333333333
"7182",0.123333333333333
"7183",0.118333333333333
"7184",0.125
"7185",0.118333333333333
"7186",0.118333333333333
"7187",0.125
"7188",0.118333333333333
"7189",0.118333333333333
"7190",0.125
"7191",0.121666666666667
"7192",0.118333333333333
"7193",0.118333333333333
"7194",0.118333333333333
"7195",0.121666666666667
"7196",0.121666666666667
"7197",0.118333333333333
"7198",0.118333333333333
"7199",0.121666666666667
"7200",0.125
"7201",0.123333333333333
"7202",0.125
"7203",0.125
"7204",0.126666666666667
"7205",0.121666666666667
"7206",0.118333333333333
"7207",0.121666666666667
"7208",0.121666666666667
"7209",0.118333333333333
"7210",0.121666666666667
"7211",0.133333333333333
"7212",0.121666666666667
"7213",0.121666666666667
"7214",0.133333333333333
"7215",0.121666666666667
"7216",0.121666666666667
"7217",0.133333333333333
"7218",0.12
"7219",0.121666666666667
"7220",0.121666666666667
"7221",0.121666666666667
"7222",0.131666666666667
"7223",0.13
"7224",0.121666666666667
"7225",0.121666666666667
"7226",0.12
"7227",0.123333333333333
"7228",0.133333333333333
"7229",0.123333333333333
"7230",0.123333333333333
"7231",0.125
"7232",0.131666666666667
"7233",0.121666666666667
"7234",0.12
"7235",0.12
"7236",0.121666666666667
"7237",0.121666666666667
"7238",0.133333333333333
"7239",0.121666666666667
"7240",0.121666666666667
"7241",0.133333333333333
"7242",0.121666666666667
"7243",0.121666666666667
"7244",0.133333333333333
"7245",0.12
"7246",0.121666666666667
"7247",0.121666666666667
"7248",0.121666666666667
"7249",0.131666666666667
"7250",0.13
"7251",0.121666666666667
"7252",0.121666666666667
"7253",0.12
"7254",0.123333333333333
"7255",0.133333333333333
"7256",0.123333333333333
"7257",0.123333333333333
"7258",0.125
"7259",0.131666666666667
"7260",0.121666666666667
"7261",0.12
"7262",0.12
"7263",0.121666666666667
"7264",0.0866666666666667
"7265",0.09
"7266",0.0883333333333333
"7267",0.0883333333333333
"7268",0.0883333333333333
"7269",0.0866666666666667
"7270",0.0866666666666667
"7271",0.0883333333333333
"7272",0.085
"7273",0.0866666666666667
"7274",0.0866666666666667
"7275",0.0866666666666667
"7276",0.0833333333333333
"7277",0.085
"7278",0.0883333333333333
"7279",0.0866666666666667
"7280",0.085
"7281",0.0866666666666667
"7282",0.085
"7283",0.0866666666666667
"7284",0.0866666666666667
"7285",0.0866666666666667
"7286",0.0833333333333333
"7287",0.0866666666666667
"7288",0.085
"7289",0.085
"7290",0.0866666666666667
"7291",0.0866666666666667
"7292",0.09
"7293",0.0883333333333333
"7294",0.0883333333333333
"7295",0.0883333333333333
"7296",0.0866666666666667
"7297",0.0866666666666667
"7298",0.0883333333333333
"7299",0.085
"7300",0.0866666666666667
"7301",0.0866666666666667
"7302",0.0866666666666667
"7303",0.0833333333333333
"7304",0.085
"7305",0.0883333333333333
"7306",0.0866666666666667
"7307",0.085
"7308",0.0866666666666667
"7309",0.085
"7310",0.0866666666666667
"7311",0.0866666666666667
"7312",0.0866666666666667
"7313",0.0833333333333333
"7314",0.0866666666666667
"7315",0.085
"7316",0.085
"7317",0.0866666666666667
"7318",0.0866666666666667
"7319",0.09
"7320",0.0883333333333333
"7321",0.0883333333333333
"7322",0.0883333333333333
"7323",0.0866666666666667
"7324",0.0866666666666667
"7325",0.0883333333333333
"7326",0.085
"7327",0.0866666666666667
"7328",0.0866666666666667
"7329",0.0866666666666667
"7330",0.0833333333333333
"7331",0.085
"7332",0.0883333333333333
"7333",0.0866666666666667
"7334",0.085
"7335",0.0866666666666667
"7336",0.085
"7337",0.0866666666666667
"7338",0.0866666666666667
"7339",0.0866666666666667
"7340",0.0833333333333333
"7341",0.0866666666666667
"7342",0.085
"7343",0.085
"7344",0.0866666666666667
"7345",0.0883333333333333
"7346",0.0916666666666667
"7347",0.09
"7348",0.09
"7349",0.09
"7350",0.0883333333333333
"7351",0.0883333333333333
"7352",0.09
"7353",0.0816666666666667
"7354",0.0883333333333333
"7355",0.0883333333333333
"7356",0.0883333333333333
"7357",0.085
"7358",0.0866666666666667
"7359",0.09
"7360",0.0883333333333333
"7361",0.0816666666666667
"7362",0.0883333333333333
"7363",0.0866666666666667
"7364",0.0883333333333333
"7365",0.0883333333333333
"7366",0.0883333333333333
"7367",0.085
"7368",0.0883333333333333
"7369",0.0816666666666667
"7370",0.0816666666666667
"7371",0.0883333333333333
"7372",0.0866666666666667
"7373",0.09
"7374",0.0883333333333333
"7375",0.0883333333333333
"7376",0.0883333333333333
"7377",0.0866666666666667
"7378",0.0866666666666667
"7379",0.0883333333333333
"7380",0.085
"7381",0.0866666666666667
"7382",0.0866666666666667
"7383",0.0866666666666667
"7384",0.0833333333333333
"7385",0.085
"7386",0.0883333333333333
"7387",0.0866666666666667
"7388",0.085
"7389",0.0866666666666667
"7390",0.085
"7391",0.0866666666666667
"7392",0.0866666666666667
"7393",0.0866666666666667
"7394",0.0833333333333333
"7395",0.0866666666666667
"7396",0.085
"7397",0.085
"7398",0.0866666666666667
"7399",0.0883333333333333
"7400",0.0916666666666667
"7401",0.09
"7402",0.09
"7403",0.09
"7404",0.0883333333333333
"7405",0.0883333333333333
"7406",0.09
"7407",0.0816666666666667
"7408",0.0883333333333333
"7409",0.0883333333333333
"7410",0.0883333333333333
"7411",0.085
"7412",0.0866666666666667
"7413",0.09
"7414",0.0883333333333333
"7415",0.0816666666666667
"7416",0.0883333333333333
"7417",0.0866666666666667
"7418",0.0883333333333333
"7419",0.0883333333333333
"7420",0.0883333333333333
"7421",0.085
"7422",0.0883333333333333
"7423",0.0816666666666667
"7424",0.0816666666666667
"7425",0.0883333333333333
"7426",0.0883333333333333
"7427",0.0916666666666667
"7428",0.09
"7429",0.09
"7430",0.09
"7431",0.0916666666666667
"7432",0.0916666666666667
"7433",0.09
"7434",0.0866666666666667
"7435",0.0916666666666667
"7436",0.0883333333333333
"7437",0.0916666666666667
"7438",0.0883333333333333
"7439",0.09
"7440",0.09
"7441",0.0916666666666667
"7442",0.0866666666666667
"7443",0.0916666666666667
"7444",0.09
"7445",0.0916666666666667
"7446",0.0916666666666667
"7447",0.0916666666666667
"7448",0.0883333333333333
"7449",0.0883333333333333
"7450",0.0866666666666667
"7451",0.0866666666666667
"7452",0.0916666666666667
"7453",0.0866666666666667
"7454",0.09
"7455",0.0883333333333333
"7456",0.0883333333333333
"7457",0.0883333333333333
"7458",0.0866666666666667
"7459",0.0866666666666667
"7460",0.0883333333333333
"7461",0.085
"7462",0.0866666666666667
"7463",0.0866666666666667
"7464",0.0866666666666667
"7465",0.0833333333333333
"7466",0.085
"7467",0.0883333333333333
"7468",0.0866666666666667
"7469",0.085
"7470",0.0866666666666667
"7471",0.085
"7472",0.0866666666666667
"7473",0.0866666666666667
"7474",0.0866666666666667
"7475",0.0833333333333333
"7476",0.0866666666666667
"7477",0.085
"7478",0.085
"7479",0.0866666666666667
"7480",0.0866666666666667
"7481",0.09
"7482",0.0883333333333333
"7483",0.0883333333333333
"7484",0.0883333333333333
"7485",0.0866666666666667
"7486",0.0866666666666667
"7487",0.0883333333333333
"7488",0.085
"7489",0.0866666666666667
"7490",0.0866666666666667
"7491",0.0866666666666667
"7492",0.0833333333333333
"7493",0.085
"7494",0.0883333333333333
"7495",0.0866666666666667
"7496",0.085
"7497",0.0866666666666667
"7498",0.085
"7499",0.0866666666666667
"7500",0.0866666666666667
"7501",0.0866666666666667
"7502",0.0833333333333333
"7503",0.0866666666666667
"7504",0.085
"7505",0.085
"7506",0.0866666666666667
"7507",0.0866666666666667
"7508",0.09
"7509",0.0883333333333333
"7510",0.0883333333333333
"7511",0.0883333333333333
"7512",0.0866666666666667
"7513",0.0866666666666667
"7514",0.0883333333333333
"7515",0.085
"7516",0.0866666666666667
"7517",0.0866666666666667
"7518",0.0866666666666667
"7519",0.0833333333333333
"7520",0.085
"7521",0.0883333333333333
"7522",0.0866666666666667
"7523",0.085
"7524",0.0866666666666667
"7525",0.085
"7526",0.0866666666666667
"7527",0.0866666666666667
"7528",0.0866666666666667
"7529",0.0833333333333333
"7530",0.0866666666666667
"7531",0.085
"7532",0.085
"7533",0.0866666666666667
"7534",0.0883333333333333
"7535",0.0916666666666667
"7536",0.09
"7537",0.09
"7538",0.09
"7539",0.0883333333333333
"7540",0.0883333333333333
"7541",0.09
"7542",0.0866666666666667
"7543",0.0883333333333333
"7544",0.0883333333333333
"7545",0.0883333333333333
"7546",0.085
"7547",0.0866666666666667
"7548",0.09
"7549",0.0883333333333333
"7550",0.0866666666666667
"7551",0.0883333333333333
"7552",0.0866666666666667
"7553",0.0883333333333333
"7554",0.0883333333333333
"7555",0.0883333333333333
"7556",0.085
"7557",0.0883333333333333
"7558",0.0866666666666667
"7559",0.0866666666666667
"7560",0.0883333333333333
"7561",0.0883333333333333
"7562",0.0916666666666667
"7563",0.09
"7564",0.09
"7565",0.09
"7566",0.0916666666666667
"7567",0.0916666666666667
"7568",0.09
"7569",0.0866666666666667
"7570",0.0916666666666667
"7571",0.0883333333333333
"7572",0.0916666666666667
"7573",0.0883333333333333
"7574",0.09
"7575",0.09
"7576",0.0916666666666667
"7577",0.0866666666666667
"7578",0.0916666666666667
"7579",0.09
"7580",0.0916666666666667
"7581",0.0916666666666667
"7582",0.0916666666666667
"7583",0.0883333333333333
"7584",0.0883333333333333
"7585",0.0866666666666667
"7586",0.0866666666666667
"7587",0.0916666666666667
"7588",0.0883333333333333
"7589",0.0916666666666667
"7590",0.09
"7591",0.09
"7592",0.09
"7593",0.0916666666666667
"7594",0.0916666666666667
"7595",0.09
"7596",0.0866666666666667
"7597",0.0916666666666667
"7598",0.0883333333333333
"7599",0.0916666666666667
"7600",0.0883333333333333
"7601",0.09
"7602",0.09
"7603",0.0916666666666667
"7604",0.0866666666666667
"7605",0.0916666666666667
"7606",0.09
"7607",0.0916666666666667
"7608",0.0916666666666667
"7609",0.0916666666666667
"7610",0.0883333333333333
"7611",0.0883333333333333
"7612",0.0866666666666667
"7613",0.0866666666666667
"7614",0.0916666666666667
"7615",0.0866666666666667
"7616",0.09
"7617",0.0883333333333333
"7618",0.0883333333333333
"7619",0.0883333333333333
"7620",0.0866666666666667
"7621",0.0866666666666667
"7622",0.0883333333333333
"7623",0.085
"7624",0.0866666666666667
"7625",0.0866666666666667
"7626",0.0866666666666667
"7627",0.0833333333333333
"7628",0.085
"7629",0.0883333333333333
"7630",0.0866666666666667
"7631",0.085
"7632",0.0866666666666667
"7633",0.085
"7634",0.0866666666666667
"7635",0.0866666666666667
"7636",0.0866666666666667
"7637",0.0833333333333333
"7638",0.0866666666666667
"7639",0.085
"7640",0.085
"7641",0.0866666666666667
"7642",0.0866666666666667
"7643",0.09
"7644",0.0883333333333333
"7645",0.0883333333333333
"7646",0.0883333333333333
"7647",0.0866666666666667
"7648",0.0866666666666667
"7649",0.0883333333333333
"7650",0.085
"7651",0.0866666666666667
"7652",0.0866666666666667
"7653",0.0866666666666667
"7654",0.0833333333333333
"7655",0.085
"7656",0.0883333333333333
"7657",0.0866666666666667
"7658",0.085
"7659",0.0866666666666667
"7660",0.085
"7661",0.0866666666666667
"7662",0.0866666666666667
"7663",0.0866666666666667
"7664",0.0833333333333333
"7665",0.0866666666666667
"7666",0.085
"7667",0.085
"7668",0.0866666666666667
"7669",0.085
"7670",0.0883333333333333
"7671",0.0866666666666667
"7672",0.0866666666666667
"7673",0.0866666666666667
"7674",0.085
"7675",0.085
"7676",0.0866666666666667
"7677",0.0833333333333333
"7678",0.085
"7679",0.085
"7680",0.085
"7681",0.0816666666666667
"7682",0.0833333333333333
"7683",0.0866666666666667
"7684",0.085
"7685",0.0833333333333333
"7686",0.085
"7687",0.0833333333333333
"7688",0.085
"7689",0.085
"7690",0.085
"7691",0.0816666666666667
"7692",0.085
"7693",0.0833333333333333
"7694",0.0833333333333333
"7695",0.085
"7696",0.0866666666666667
"7697",0.09
"7698",0.0883333333333333
"7699",0.0883333333333333
"7700",0.0883333333333333
"7701",0.0866666666666667
"7702",0.0866666666666667
"7703",0.0883333333333333
"7704",0.085
"7705",0.0866666666666667
"7706",0.0866666666666667
"7707",0.0866666666666667
"7708",0.0833333333333333
"7709",0.085
"7710",0.0883333333333333
"7711",0.0866666666666667
"7712",0.085
"7713",0.0866666666666667
"7714",0.085
"7715",0.0866666666666667
"7716",0.0866666666666667
"7717",0.0866666666666667
"7718",0.0833333333333333
"7719",0.0866666666666667
"7720",0.085
"7721",0.085
"7722",0.0866666666666667
"7723",0.0866666666666667
"7724",0.09
"7725",0.0883333333333333
"7726",0.0883333333333333
"7727",0.0883333333333333
"7728",0.09
"7729",0.09
"7730",0.0883333333333333
"7731",0.085
"7732",0.09
"7733",0.0866666666666667
"7734",0.09
"7735",0.0866666666666667
"7736",0.0883333333333333
"7737",0.0883333333333333
"7738",0.09
"7739",0.085
"7740",0.09
"7741",0.0883333333333333
"7742",0.09
"7743",0.09
"7744",0.09
"7745",0.0866666666666667
"7746",0.0866666666666667
"7747",0.085
"7748",0.085
"7749",0.09
"7750",0.0866666666666667
"7751",0.09
"7752",0.0883333333333333
"7753",0.0883333333333333
"7754",0.0883333333333333
"7755",0.0866666666666667
"7756",0.0866666666666667
"7757",0.0883333333333333
"7758",0.085
"7759",0.0866666666666667
"7760",0.0866666666666667
"7761",0.0866666666666667
"7762",0.0833333333333333
"7763",0.085
"7764",0.0883333333333333
"7765",0.0866666666666667
"7766",0.085
"7767",0.0866666666666667
"7768",0.085
"7769",0.0866666666666667
"7770",0.0866666666666667
"7771",0.0866666666666667
"7772",0.0833333333333333
"7773",0.0866666666666667
"7774",0.085
"7775",0.085
"7776",0.0866666666666667
"7777",0.0883333333333333
"7778",0.0916666666666667
"7779",0.09
"7780",0.09
"7781",0.09
"7782",0.0916666666666667
"7783",0.0916666666666667
"7784",0.09
"7785",0.0866666666666667
"7786",0.0916666666666667
"7787",0.0883333333333333
"7788",0.0916666666666667
"7789",0.0883333333333333
"7790",0.09
"7791",0.09
"7792",0.0916666666666667
"7793",0.0866666666666667
"7794",0.0916666666666667
"7795",0.09
"7796",0.0916666666666667
"7797",0.0916666666666667
"7798",0.0916666666666667
"7799",0.0883333333333333
"7800",0.0883333333333333
"7801",0.0866666666666667
"7802",0.0866666666666667
"7803",0.0916666666666667
"7804",0.0866666666666667
"7805",0.09
"7806",0.0883333333333333
"7807",0.0883333333333333
"7808",0.0883333333333333
"7809",0.0866666666666667
"7810",0.0866666666666667
"7811",0.0883333333333333
"7812",0.085
"7813",0.0866666666666667
"7814",0.0866666666666667
"7815",0.0866666666666667
"7816",0.0833333333333333
"7817",0.085
"7818",0.0883333333333333
"7819",0.0866666666666667
"7820",0.085
"7821",0.0866666666666667
"7822",0.085
"7823",0.0866666666666667
"7824",0.0866666666666667
"7825",0.0866666666666667
"7826",0.0833333333333333
"7827",0.0866666666666667
"7828",0.085
"7829",0.085
"7830",0.0866666666666667
"7831",0.085
"7832",0.0883333333333333
"7833",0.0866666666666667
"7834",0.0866666666666667
"7835",0.0866666666666667
"7836",0.0883333333333333
"7837",0.0883333333333333
"7838",0.0866666666666667
"7839",0.0866666666666667
"7840",0.0883333333333333
"7841",0.085
"7842",0.0883333333333333
"7843",0.085
"7844",0.0866666666666667
"7845",0.0866666666666667
"7846",0.0883333333333333
"7847",0.0866666666666667
"7848",0.0883333333333333
"7849",0.0866666666666667
"7850",0.0883333333333333
"7851",0.0883333333333333
"7852",0.0883333333333333
"7853",0.085
"7854",0.085
"7855",0.0866666666666667
"7856",0.0866666666666667
"7857",0.0883333333333333
"7858",0.0866666666666667
"7859",0.09
"7860",0.0883333333333333
"7861",0.0883333333333333
"7862",0.0883333333333333
"7863",0.0866666666666667
"7864",0.0866666666666667
"7865",0.0883333333333333
"7866",0.085
"7867",0.0866666666666667
"7868",0.0866666666666667
"7869",0.0866666666666667
"7870",0.0833333333333333
"7871",0.085
"7872",0.0883333333333333
"7873",0.0866666666666667
"7874",0.085
"7875",0.0866666666666667
"7876",0.085
"7877",0.0866666666666667
"7878",0.0866666666666667
"7879",0.0866666666666667
"7880",0.0833333333333333
"7881",0.0866666666666667
"7882",0.085
"7883",0.085
"7884",0.0866666666666667
"7885",0.0883333333333333
"7886",0.0916666666666667
"7887",0.09
"7888",0.09
"7889",0.09
"7890",0.0883333333333333
"7891",0.0883333333333333
"7892",0.09
"7893",0.0866666666666667
"7894",0.0883333333333333
"7895",0.0883333333333333
"7896",0.0883333333333333
"7897",0.085
"7898",0.0866666666666667
"7899",0.09
"7900",0.0883333333333333
"7901",0.0866666666666667
"7902",0.0883333333333333
"7903",0.0866666666666667
"7904",0.0883333333333333
"7905",0.0883333333333333
"7906",0.0883333333333333
"7907",0.085
"7908",0.0883333333333333
"7909",0.0866666666666667
"7910",0.0866666666666667
"7911",0.0883333333333333
"7912",0.0866666666666667
"7913",0.09
"7914",0.0883333333333333
"7915",0.0883333333333333
"7916",0.0883333333333333
"7917",0.0866666666666667
"7918",0.0866666666666667
"7919",0.0883333333333333
"7920",0.085
"7921",0.0866666666666667
"7922",0.0866666666666667
"7923",0.0866666666666667
"7924",0.0833333333333333
"7925",0.085
"7926",0.0883333333333333
"7927",0.0866666666666667
"7928",0.085
"7929",0.0866666666666667
"7930",0.085
"7931",0.0866666666666667
"7932",0.0866666666666667
"7933",0.0866666666666667
"7934",0.0833333333333333
"7935",0.0866666666666667
"7936",0.085
"7937",0.085
"7938",0.0866666666666667
"7939",0.0883333333333333
"7940",0.0916666666666667
"7941",0.09
"7942",0.09
"7943",0.09
"7944",0.0916666666666667
"7945",0.0916666666666667
"7946",0.09
"7947",0.0866666666666667
"7948",0.0916666666666667
"7949",0.0883333333333333
"7950",0.0916666666666667
"7951",0.0883333333333333
"7952",0.09
"7953",0.09
"7954",0.0916666666666667
"7955",0.0866666666666667
"7956",0.0916666666666667
"7957",0.09
"7958",0.0916666666666667
"7959",0.0916666666666667
"7960",0.0916666666666667
"7961",0.0883333333333333
"7962",0.0883333333333333
"7963",0.0866666666666667
"7964",0.0866666666666667
"7965",0.0916666666666667
"7966",0.0883333333333333
"7967",0.0883333333333333
"7968",0.0866666666666667
"7969",0.0866666666666667
"7970",0.0866666666666667
"7971",0.085
"7972",0.085
"7973",0.0866666666666667
"7974",0.0866666666666667
"7975",0.085
"7976",0.0883333333333333
"7977",0.085
"7978",0.0816666666666667
"7979",0.0833333333333333
"7980",0.0866666666666667
"7981",0.085
"7982",0.0866666666666667
"7983",0.0883333333333333
"7984",0.0833333333333333
"7985",0.0883333333333333
"7986",0.0883333333333333
"7987",0.0883333333333333
"7988",0.0816666666666667
"7989",0.0883333333333333
"7990",0.0866666666666667
"7991",0.0866666666666667
"7992",0.085
"7993",0.0883333333333333
"7994",0.0916666666666667
"7995",0.09
"7996",0.09
"7997",0.09
"7998",0.0883333333333333
"7999",0.0883333333333333
"8000",0.09
"8001",0.0833333333333333
"8002",0.0883333333333333
"8003",0.0883333333333333
"8004",0.0883333333333333
"8005",0.085
"8006",0.0866666666666667
"8007",0.09
"8008",0.0883333333333333
"8009",0.0833333333333333
"8010",0.0883333333333333
"8011",0.0866666666666667
"8012",0.0883333333333333
"8013",0.0883333333333333
"8014",0.0883333333333333
"8015",0.085
"8016",0.0883333333333333
"8017",0.0833333333333333
"8018",0.0833333333333333
"8019",0.0883333333333333
"8020",0.0883333333333333
"8021",0.0916666666666667
"8022",0.09
"8023",0.09
"8024",0.09
"8025",0.0883333333333333
"8026",0.0883333333333333
"8027",0.09
"8028",0.0866666666666667
"8029",0.0883333333333333
"8030",0.0883333333333333
"8031",0.0883333333333333
"8032",0.085
"8033",0.0866666666666667
"8034",0.09
"8035",0.0883333333333333
"8036",0.0866666666666667
"8037",0.0883333333333333
"8038",0.0866666666666667
"8039",0.0883333333333333
"8040",0.0883333333333333
"8041",0.0883333333333333
"8042",0.085
"8043",0.0883333333333333
"8044",0.0866666666666667
"8045",0.0866666666666667
"8046",0.0883333333333333
"8047",0.0883333333333333
"8048",0.0883333333333333
"8049",0.09
"8050",0.09
"8051",0.0866666666666667
"8052",0.0883333333333333
"8053",0.0883333333333333
"8054",0.0866666666666667
"8055",0.0866666666666667
"8056",0.0883333333333333
"8057",0.0883333333333333
"8058",0.0883333333333333
"8059",0.0816666666666667
"8060",0.0833333333333333
"8061",0.09
"8062",0.0883333333333333
"8063",0.0866666666666667
"8064",0.0883333333333333
"8065",0.0833333333333333
"8066",0.0883333333333333
"8067",0.0883333333333333
"8068",0.0883333333333333
"8069",0.0816666666666667
"8070",0.0883333333333333
"8071",0.0866666666666667
"8072",0.0866666666666667
"8073",0.0883333333333333
"8074",0.0866666666666667
"8075",0.09
"8076",0.0883333333333333
"8077",0.0883333333333333
"8078",0.0883333333333333
"8079",0.09
"8080",0.09
"8081",0.0883333333333333
"8082",0.085
"8083",0.09
"8084",0.0866666666666667
"8085",0.09
"8086",0.0866666666666667
"8087",0.0883333333333333
"8088",0.0883333333333333
"8089",0.09
"8090",0.085
"8091",0.09
"8092",0.0883333333333333
"8093",0.09
"8094",0.09
"8095",0.09
"8096",0.0866666666666667
"8097",0.0866666666666667
"8098",0.085
"8099",0.085
"8100",0.09
"8101",0.0866666666666667
"8102",0.09
"8103",0.0883333333333333
"8104",0.0883333333333333
"8105",0.0883333333333333
"8106",0.0866666666666667
"8107",0.0866666666666667
"8108",0.0883333333333333
"8109",0.085
"8110",0.0866666666666667
"8111",0.0866666666666667
"8112",0.0866666666666667
"8113",0.0833333333333333
"8114",0.085
"8115",0.0883333333333333
"8116",0.0866666666666667
"8117",0.085
"8118",0.0866666666666667
"8119",0.085
"8120",0.0866666666666667
"8121",0.0866666666666667
"8122",0.0866666666666667
"8123",0.0833333333333333
"8124",0.0866666666666667
"8125",0.085
"8126",0.085
"8127",0.0866666666666667
"8128",0.0883333333333333
"8129",0.0916666666666667
"8130",0.09
"8131",0.09
"8132",0.09
"8133",0.0916666666666667
"8134",0.0916666666666667
"8135",0.09
"8136",0.0866666666666667
"8137",0.0916666666666667
"8138",0.0883333333333333
"8139",0.0916666666666667
"8140",0.0883333333333333
"8141",0.09
"8142",0.09
"8143",0.0916666666666667
"8144",0.0866666666666667
"8145",0.0916666666666667
"8146",0.09
"8147",0.0916666666666667
"8148",0.0916666666666667
"8149",0.0916666666666667
"8150",0.0883333333333333
"8151",0.0883333333333333
"8152",0.0866666666666667
"8153",0.0866666666666667
"8154",0.0916666666666667
"8155",0.0866666666666667
"8156",0.09
"8157",0.0883333333333333
"8158",0.0883333333333333
"8159",0.0883333333333333
"8160",0.09
"8161",0.09
"8162",0.0883333333333333
"8163",0.0883333333333333
"8164",0.09
"8165",0.0866666666666667
"8166",0.09
"8167",0.0866666666666667
"8168",0.0883333333333333
"8169",0.0883333333333333
"8170",0.09
"8171",0.0883333333333333
"8172",0.09
"8173",0.0883333333333333
"8174",0.09
"8175",0.09
"8176",0.09
"8177",0.0866666666666667
"8178",0.0866666666666667
"8179",0.0883333333333333
"8180",0.0883333333333333
"8181",0.09
"8182",0.0866666666666667
"8183",0.09
"8184",0.0883333333333333
"8185",0.0883333333333333
"8186",0.0883333333333333
"8187",0.0866666666666667
"8188",0.0866666666666667
"8189",0.0883333333333333
"8190",0.085
"8191",0.0866666666666667
"8192",0.0866666666666667
"8193",0.0866666666666667
"8194",0.0833333333333333
"8195",0.085
"8196",0.0883333333333333
"8197",0.0866666666666667
"8198",0.085
"8199",0.0866666666666667
"8200",0.085
"8201",0.0866666666666667
"8202",0.0866666666666667
"8203",0.0866666666666667
"8204",0.0833333333333333
"8205",0.0866666666666667
"8206",0.085
"8207",0.085
"8208",0.0866666666666667
"8209",0.0866666666666667
"8210",0.09
"8211",0.0883333333333333
"8212",0.0883333333333333
"8213",0.0883333333333333
"8214",0.0866666666666667
"8215",0.0866666666666667
"8216",0.0883333333333333
"8217",0.085
"8218",0.0866666666666667
"8219",0.0866666666666667
"8220",0.0866666666666667
"8221",0.0833333333333333
"8222",0.085
"8223",0.0883333333333333
"8224",0.0866666666666667
"8225",0.085
"8226",0.0866666666666667
"8227",0.085
"8228",0.0866666666666667
"8229",0.0866666666666667
"8230",0.0866666666666667
"8231",0.0833333333333333
"8232",0.0866666666666667
"8233",0.085
"8234",0.085
"8235",0.0866666666666667
"8236",0.0883333333333333
"8237",0.0916666666666667
"8238",0.09
"8239",0.09
"8240",0.09
"8241",0.0883333333333333
"8242",0.0883333333333333
"8243",0.09
"8244",0.0866666666666667
"8245",0.0883333333333333
"8246",0.0883333333333333
"8247",0.0883333333333333
"8248",0.085
"8249",0.0866666666666667
"8250",0.09
"8251",0.0883333333333333
"8252",0.0866666666666667
"8253",0.0883333333333333
"8254",0.0866666666666667
"8255",0.0883333333333333
"8256",0.0883333333333333
"8257",0.0883333333333333
"8258",0.085
"8259",0.0883333333333333
"8260",0.0866666666666667
"8261",0.0866666666666667
"8262",0.0883333333333333
"8263",0.0866666666666667
"8264",0.09
"8265",0.0883333333333333
"8266",0.0883333333333333
"8267",0.0883333333333333
"8268",0.0866666666666667
"8269",0.0866666666666667
"8270",0.0883333333333333
"8271",0.085
"8272",0.0866666666666667
"8273",0.0866666666666667
"8274",0.0866666666666667
"8275",0.0833333333333333
"8276",0.085
"8277",0.0883333333333333
"8278",0.0866666666666667
"8279",0.085
"8280",0.0866666666666667
"8281",0.085
"8282",0.0866666666666667
"8283",0.0866666666666667
"8284",0.0866666666666667
"8285",0.0833333333333333
"8286",0.0866666666666667
"8287",0.085
"8288",0.085
"8289",0.0866666666666667
"8290",0.0866666666666667
"8291",0.09
"8292",0.0883333333333333
"8293",0.0883333333333333
"8294",0.0883333333333333
"8295",0.0866666666666667
"8296",0.0866666666666667
"8297",0.0883333333333333
"8298",0.085
"8299",0.0866666666666667
"8300",0.0866666666666667
"8301",0.0866666666666667
"8302",0.0833333333333333
"8303",0.085
"8304",0.0883333333333333
"8305",0.0866666666666667
"8306",0.085
"8307",0.0866666666666667
"8308",0.085
"8309",0.0866666666666667
"8310",0.0866666666666667
"8311",0.0866666666666667
"8312",0.0833333333333333
"8313",0.0866666666666667
"8314",0.085
"8315",0.085
"8316",0.0866666666666667
"8317",0.0866666666666667
"8318",0.09
"8319",0.0883333333333333
"8320",0.0883333333333333
"8321",0.0883333333333333
"8322",0.0866666666666667
"8323",0.0866666666666667
"8324",0.0883333333333333
"8325",0.085
"8326",0.0866666666666667
"8327",0.0866666666666667
"8328",0.0866666666666667
"8329",0.0833333333333333
"8330",0.085
"8331",0.0883333333333333
"8332",0.0866666666666667
"8333",0.085
"8334",0.0866666666666667
"8335",0.085
"8336",0.0866666666666667
"8337",0.0866666666666667
"8338",0.0866666666666667
"8339",0.0833333333333333
"8340",0.0866666666666667
"8341",0.085
"8342",0.085
"8343",0.0866666666666667
"8344",0.0866666666666667
"8345",0.09
"8346",0.0883333333333333
"8347",0.0883333333333333
"8348",0.0883333333333333
"8349",0.0866666666666667
"8350",0.0866666666666667
"8351",0.0883333333333333
"8352",0.085
"8353",0.0866666666666667
"8354",0.0866666666666667
"8355",0.0866666666666667
"8356",0.0833333333333333
"8357",0.085
"8358",0.0883333333333333
"8359",0.0866666666666667
"8360",0.085
"8361",0.0866666666666667
"8362",0.085
"8363",0.0866666666666667
"8364",0.0866666666666667
"8365",0.0866666666666667
"8366",0.0833333333333333
"8367",0.0866666666666667
"8368",0.085
"8369",0.085
"8370",0.0866666666666667
"8371",0.0883333333333333
"8372",0.0916666666666667
"8373",0.09
"8374",0.09
"8375",0.09
"8376",0.0883333333333333
"8377",0.0883333333333333
"8378",0.09
"8379",0.0866666666666667
"8380",0.0883333333333333
"8381",0.0883333333333333
"8382",0.0883333333333333
"8383",0.085
"8384",0.0866666666666667
"8385",0.09
"8386",0.0883333333333333
"8387",0.0866666666666667
"8388",0.0883333333333333
"8389",0.0866666666666667
"8390",0.0883333333333333
"8391",0.0883333333333333
"8392",0.0883333333333333
"8393",0.085
"8394",0.0883333333333333
"8395",0.0866666666666667
"8396",0.0866666666666667
"8397",0.0883333333333333
"8398",0.0866666666666667
"8399",0.09
"8400",0.0883333333333333
"8401",0.0883333333333333
"8402",0.0883333333333333
"8403",0.09
"8404",0.09
"8405",0.0883333333333333
"8406",0.085
"8407",0.09
"8408",0.0866666666666667
"8409",0.09
"8410",0.0866666666666667
"8411",0.0883333333333333
"8412",0.0883333333333333
"8413",0.09
"8414",0.085
"8415",0.09
"8416",0.0883333333333333
"8417",0.09
"8418",0.09
"8419",0.09
"8420",0.0866666666666667
"8421",0.0866666666666667
"8422",0.085
"8423",0.085
"8424",0.09
"8425",0.0883333333333333
"8426",0.0916666666666667
"8427",0.09
"8428",0.09
"8429",0.09
"8430",0.0883333333333333
"8431",0.0883333333333333
"8432",0.09
"8433",0.0833333333333333
"8434",0.0883333333333333
"8435",0.0883333333333333
"8436",0.0883333333333333
"8437",0.085
"8438",0.0866666666666667
"8439",0.09
"8440",0.0883333333333333
"8441",0.0833333333333333
"8442",0.0883333333333333
"8443",0.0866666666666667
"8444",0.0883333333333333
"8445",0.0883333333333333
"8446",0.0883333333333333
"8447",0.085
"8448",0.0883333333333333
"8449",0.0833333333333333
"8450",0.0833333333333333
"8451",0.0883333333333333
"8452",0.0866666666666667
"8453",0.09
"8454",0.0883333333333333
"8455",0.0883333333333333
"8456",0.0883333333333333
"8457",0.0866666666666667
"8458",0.0866666666666667
"8459",0.0883333333333333
"8460",0.085
"8461",0.0866666666666667
"8462",0.0866666666666667
"8463",0.0866666666666667
"8464",0.0833333333333333
"8465",0.085
"8466",0.0883333333333333
"8467",0.0866666666666667
"8468",0.085
"8469",0.0866666666666667
"8470",0.085
"8471",0.0866666666666667
"8472",0.0866666666666667
"8473",0.0866666666666667
"8474",0.0833333333333333
"8475",0.0866666666666667
"8476",0.085
"8477",0.085
"8478",0.0866666666666667
"8479",0.0866666666666667
"8480",0.09
"8481",0.0883333333333333
"8482",0.0883333333333333
"8483",0.0883333333333333
"8484",0.0866666666666667
"8485",0.0866666666666667
"8486",0.0883333333333333
"8487",0.085
"8488",0.0866666666666667
"8489",0.0866666666666667
"8490",0.0866666666666667
"8491",0.0833333333333333
"8492",0.085
"8493",0.0883333333333333
"8494",0.0866666666666667
"8495",0.085
"8496",0.0866666666666667
"8497",0.085
"8498",0.0866666666666667
"8499",0.0866666666666667
"8500",0.0866666666666667
"8501",0.0833333333333333
"8502",0.0866666666666667
"8503",0.085
"8504",0.085
"8505",0.0866666666666667
"8506",0.0866666666666667
"8507",0.09
"8508",0.0883333333333333
"8509",0.0883333333333333
"8510",0.0883333333333333
"8511",0.09
"8512",0.09
"8513",0.0883333333333333
"8514",0.085
"8515",0.09
"8516",0.0866666666666667
"8517",0.09
"8518",0.0866666666666667
"8519",0.0883333333333333
"8520",0.0883333333333333
"8521",0.09
"8522",0.085
"8523",0.09
"8524",0.0883333333333333
"8525",0.09
"8526",0.09
"8527",0.09
"8528",0.0866666666666667
"8529",0.0866666666666667
"8530",0.085
"8531",0.085
"8532",0.09
"8533",0.0883333333333333
"8534",0.0916666666666667
"8535",0.09
"8536",0.09
"8537",0.09
"8538",0.0916666666666667
"8539",0.0916666666666667
"8540",0.09
"8541",0.0866666666666667
"8542",0.0916666666666667
"8543",0.0883333333333333
"8544",0.0916666666666667
"8545",0.0883333333333333
"8546",0.09
"8547",0.09
"8548",0.0916666666666667
"8549",0.0866666666666667
"8550",0.0916666666666667
"8551",0.09
"8552",0.0916666666666667
"8553",0.0916666666666667
"8554",0.0916666666666667
"8555",0.0883333333333333
"8556",0.0883333333333333
"8557",0.0866666666666667
"8558",0.0866666666666667
"8559",0.0916666666666667
"8560",0.0883333333333333
"8561",0.0916666666666667
"8562",0.09
"8563",0.09
"8564",0.09
"8565",0.0883333333333333
"8566",0.0883333333333333
"8567",0.09
"8568",0.0866666666666667
"8569",0.0883333333333333
"8570",0.0883333333333333
"8571",0.0883333333333333
"8572",0.085
"8573",0.0866666666666667
"8574",0.09
"8575",0.0883333333333333
"8576",0.0866666666666667
"8577",0.0883333333333333
"8578",0.0866666666666667
"8579",0.0883333333333333
"8580",0.0883333333333333
"8581",0.0883333333333333
"8582",0.085
"8583",0.0883333333333333
"8584",0.0866666666666667
"8585",0.0866666666666667
"8586",0.0883333333333333
"8587",0.0866666666666667
"8588",0.09
"8589",0.0883333333333333
"8590",0.0883333333333333
"8591",0.0883333333333333
"8592",0.0866666666666667
"8593",0.0866666666666667
"8594",0.0883333333333333
"8595",0.085
"8596",0.0866666666666667
"8597",0.0866666666666667
"8598",0.0866666666666667
"8599",0.0833333333333333
"8600",0.085
"8601",0.0883333333333333
"8602",0.0866666666666667
"8603",0.085
"8604",0.0866666666666667
"8605",0.085
"8606",0.0866666666666667
"8607",0.0866666666666667
"8608",0.0866666666666667
"8609",0.0833333333333333
"8610",0.0866666666666667
"8611",0.085
"8612",0.085
"8613",0.0866666666666667
"8614",0.0866666666666667
"8615",0.09
"8616",0.0883333333333333
"8617",0.0883333333333333
"8618",0.0883333333333333
"8619",0.0866666666666667
"8620",0.0866666666666667
"8621",0.0883333333333333
"8622",0.085
"8623",0.0866666666666667
"8624",0.0866666666666667
"8625",0.0866666666666667
"8626",0.0833333333333333
"8627",0.085
"8628",0.0883333333333333
"8629",0.0866666666666667
"8630",0.085
"8631",0.0866666666666667
"8632",0.085
"8633",0.0866666666666667
"8634",0.0866666666666667
"8635",0.0866666666666667
"8636",0.0833333333333333
"8637",0.0866666666666667
"8638",0.085
"8639",0.085
"8640",0.0866666666666667
"8641",0.0883333333333333
"8642",0.0916666666666667
"8643",0.09
"8644",0.09
"8645",0.09
"8646",0.0916666666666667
"8647",0.0916666666666667
"8648",0.09
"8649",0.0866666666666667
"8650",0.0916666666666667
"8651",0.0883333333333333
"8652",0.0916666666666667
"8653",0.0883333333333333
"8654",0.09
"8655",0.09
"8656",0.0916666666666667
"8657",0.0866666666666667
"8658",0.0916666666666667
"8659",0.09
"8660",0.0916666666666667
"8661",0.0916666666666667
"8662",0.0916666666666667
"8663",0.0883333333333333
"8664",0.0883333333333333
"8665",0.0866666666666667
"8666",0.0866666666666667
"8667",0.0916666666666667
"8668",0.0866666666666667
"8669",0.09
"8670",0.0883333333333333
"8671",0.0883333333333333
"8672",0.0883333333333333
"8673",0.0866666666666667
"8674",0.0866666666666667
"8675",0.0883333333333333
"8676",0.085
"8677",0.0866666666666667
"8678",0.0866666666666667
"8679",0.0866666666666667
"8680",0.0833333333333333
"8681",0.085
"8682",0.0883333333333333
"8683",0.0866666666666667
"8684",0.085
"8685",0.0866666666666667
"8686",0.085
"8687",0.0866666666666667
"8688",0.0866666666666667
"8689",0.0866666666666667
"8690",0.0833333333333333
"8691",0.0866666666666667
"8692",0.085
"8693",0.085
"8694",0.0866666666666667
"8695",0.0866666666666667
"8696",0.09
"8697",0.0883333333333333
"8698",0.0883333333333333
"8699",0.0883333333333333
"8700",0.0866666666666667
"8701",0.0866666666666667
"8702",0.0883333333333333
"8703",0.085
"8704",0.0866666666666667
"8705",0.0866666666666667
"8706",0.0866666666666667
"8707",0.0833333333333333
"8708",0.085
"8709",0.0883333333333333
"8710",0.0866666666666667
"8711",0.085
"8712",0.0866666666666667
"8713",0.085
"8714",0.0866666666666667
"8715",0.0866666666666667
"8716",0.0866666666666667
"8717",0.0833333333333333
"8718",0.0866666666666667
"8719",0.085
"8720",0.085
"8721",0.0866666666666667
"8722",0.0866666666666667
"8723",0.09
"8724",0.0883333333333333
"8725",0.0883333333333333
"8726",0.0883333333333333
"8727",0.0866666666666667
"8728",0.0866666666666667
"8729",0.0883333333333333
"8730",0.085
"8731",0.0866666666666667
"8732",0.0866666666666667
"8733",0.0866666666666667
"8734",0.0833333333333333
"8735",0.085
"8736",0.0883333333333333
"8737",0.0866666666666667
"8738",0.085
"8739",0.0866666666666667
"8740",0.085
"8741",0.0866666666666667
"8742",0.0866666666666667
"8743",0.0866666666666667
"8744",0.0833333333333333
"8745",0.0866666666666667
"8746",0.085
"8747",0.085
"8748",0.0866666666666667
"8749",0.0866666666666667
"8750",0.09
"8751",0.0883333333333333
"8752",0.0883333333333333
"8753",0.0883333333333333
"8754",0.0866666666666667
"8755",0.0866666666666667
"8756",0.0883333333333333
"8757",0.085
"8758",0.0866666666666667
"8759",0.0866666666666667
"8760",0.0866666666666667
"8761",0.0833333333333333
"8762",0.085
"8763",0.0883333333333333
"8764",0.0866666666666667
"8765",0.085
"8766",0.0866666666666667
"8767",0.085
"8768",0.0866666666666667
"8769",0.0866666666666667
"8770",0.0866666666666667
"8771",0.0833333333333333
"8772",0.0866666666666667
"8773",0.085
"8774",0.085
"8775",0.0866666666666667
"8776",0.0883333333333333
"8777",0.0916666666666667
"8778",0.09
"8779",0.09
"8780",0.09
"8781",0.0883333333333333
"8782",0.0883333333333333
"8783",0.09
"8784",0.0866666666666667
"8785",0.0883333333333333
"8786",0.0883333333333333
"8787",0.0883333333333333
"8788",0.085
"8789",0.0866666666666667
"8790",0.09
"8791",0.0883333333333333
"8792",0.0866666666666667
"8793",0.0883333333333333
"8794",0.0866666666666667
"8795",0.0883333333333333
"8796",0.0883333333333333
"8797",0.0883333333333333
"8798",0.085
"8799",0.0883333333333333
"8800",0.0866666666666667
"8801",0.0866666666666667
"8802",0.0883333333333333
"8803",0.0866666666666667
"8804",0.09
"8805",0.0883333333333333
"8806",0.0883333333333333
"8807",0.0883333333333333
"8808",0.0866666666666667
"8809",0.0866666666666667
"8810",0.0883333333333333
"8811",0.085
"8812",0.0866666666666667
"8813",0.0866666666666667
"8814",0.0866666666666667
"8815",0.0833333333333333
"8816",0.085
"8817",0.0883333333333333
"8818",0.0866666666666667
"8819",0.085
"8820",0.0866666666666667
"8821",0.085
"8822",0.0866666666666667
"8823",0.0866666666666667
"8824",0.0866666666666667
"8825",0.0833333333333333
"8826",0.0866666666666667
"8827",0.085
"8828",0.085
"8829",0.0866666666666667
"8830",0.0866666666666667
"8831",0.09
"8832",0.0883333333333333
"8833",0.0883333333333333
"8834",0.0883333333333333
"8835",0.0866666666666667
"8836",0.0866666666666667
"8837",0.0883333333333333
"8838",0.085
"8839",0.0866666666666667
"8840",0.0866666666666667
"8841",0.0866666666666667
"8842",0.0833333333333333
"8843",0.085
"8844",0.0883333333333333
"8845",0.0866666666666667
"8846",0.085
"8847",0.0866666666666667
"8848",0.085
"8849",0.0866666666666667
"8850",0.0866666666666667
"8851",0.0866666666666667
"8852",0.0833333333333333
"8853",0.0866666666666667
"8854",0.085
"8855",0.085
"8856",0.0866666666666667
"8857",0.0883333333333333
"8858",0.0883333333333333
"8859",0.09
"8860",0.09
"8861",0.0866666666666667
"8862",0.0883333333333333
"8863",0.0883333333333333
"8864",0.0866666666666667
"8865",0.0866666666666667
"8866",0.0883333333333333
"8867",0.0883333333333333
"8868",0.0883333333333333
"8869",0.0816666666666667
"8870",0.0833333333333333
"8871",0.09
"8872",0.0883333333333333
"8873",0.0866666666666667
"8874",0.0883333333333333
"8875",0.0833333333333333
"8876",0.0883333333333333
"8877",0.0883333333333333
"8878",0.0883333333333333
"8879",0.0816666666666667
"8880",0.0883333333333333
"8881",0.0866666666666667
"8882",0.0866666666666667
"8883",0.0883333333333333
"8884",0.0866666666666667
"8885",0.09
"8886",0.0883333333333333
"8887",0.0883333333333333
"8888",0.0883333333333333
"8889",0.0866666666666667
"8890",0.0866666666666667
"8891",0.0883333333333333
"8892",0.085
"8893",0.0866666666666667
"8894",0.0866666666666667
"8895",0.0866666666666667
"8896",0.0833333333333333
"8897",0.085
"8898",0.0883333333333333
"8899",0.0866666666666667
"8900",0.085
"8901",0.0866666666666667
"8902",0.085
"8903",0.0866666666666667
"8904",0.0866666666666667
"8905",0.0866666666666667
"8906",0.0833333333333333
"8907",0.0866666666666667
"8908",0.085
"8909",0.085
"8910",0.0866666666666667
"8911",0.0883333333333333
"8912",0.0916666666666667
"8913",0.09
"8914",0.09
"8915",0.09
"8916",0.0883333333333333
"8917",0.0883333333333333
"8918",0.09
"8919",0.0866666666666667
"8920",0.0883333333333333
"8921",0.0883333333333333
"8922",0.0883333333333333
"8923",0.085
"8924",0.0866666666666667
"8925",0.09
"8926",0.0883333333333333
"8927",0.0866666666666667
"8928",0.0883333333333333
"8929",0.0866666666666667
"8930",0.0883333333333333
"8931",0.0883333333333333
"8932",0.0883333333333333
"8933",0.085
"8934",0.0883333333333333
"8935",0.0866666666666667
"8936",0.0866666666666667
"8937",0.0883333333333333
"8938",0.0866666666666667
"8939",0.09
"8940",0.0883333333333333
"8941",0.0883333333333333
"8942",0.0883333333333333
"8943",0.09
"8944",0.09
"8945",0.0883333333333333
"8946",0.085
"8947",0.09
"8948",0.0866666666666667
"8949",0.09
"8950",0.0866666666666667
"8951",0.0883333333333333
"8952",0.0883333333333333
"8953",0.09
"8954",0.085
"8955",0.09
"8956",0.0883333333333333
"8957",0.09
"8958",0.09
"8959",0.09
"8960",0.0866666666666667
"8961",0.0866666666666667
"8962",0.085
"8963",0.085
"8964",0.09
"8965",0.0866666666666667
"8966",0.09
"8967",0.0883333333333333
"8968",0.0883333333333333
"8969",0.0883333333333333
"8970",0.09
"8971",0.09
"8972",0.0883333333333333
"8973",0.085
"8974",0.09
"8975",0.0866666666666667
"8976",0.09
"8977",0.0866666666666667
"8978",0.0883333333333333
"8979",0.0883333333333333
"8980",0.09
"8981",0.085
"8982",0.09
"8983",0.0883333333333333
"8984",0.09
"8985",0.09
"8986",0.09
"8987",0.0866666666666667
"8988",0.0866666666666667
"8989",0.085
"8990",0.085
"8991",0.09
"8992",0.0866666666666667
"8993",0.09
"8994",0.0883333333333333
"8995",0.0883333333333333
"8996",0.0883333333333333
"8997",0.0866666666666667
"8998",0.0866666666666667
"8999",0.0883333333333333
"9000",0.085
"9001",0.0866666666666667
"9002",0.0866666666666667
"9003",0.0866666666666667
"9004",0.0833333333333333
"9005",0.085
"9006",0.0883333333333333
"9007",0.0866666666666667
"9008",0.085
"9009",0.0866666666666667
"9010",0.085
"9011",0.0866666666666667
"9012",0.0866666666666667
"9013",0.0866666666666667
"9014",0.0833333333333333
"9015",0.0866666666666667
"9016",0.085
"9017",0.085
"9018",0.0866666666666667
"9019",0.0866666666666667
"9020",0.09
"9021",0.0883333333333333
"9022",0.0883333333333333
"9023",0.0883333333333333
"9024",0.0866666666666667
"9025",0.0866666666666667
"9026",0.0883333333333333
"9027",0.085
"9028",0.0866666666666667
"9029",0.0866666666666667
"9030",0.0866666666666667
"9031",0.0833333333333333
"9032",0.085
"9033",0.0883333333333333
"9034",0.0866666666666667
"9035",0.085
"9036",0.0866666666666667
"9037",0.085
"9038",0.0866666666666667
"9039",0.0866666666666667
"9040",0.0866666666666667
"9041",0.0833333333333333
"9042",0.0866666666666667
"9043",0.085
"9044",0.085
"9045",0.0866666666666667
"9046",0.0866666666666667
"9047",0.09
"9048",0.0883333333333333
"9049",0.0883333333333333
"9050",0.0883333333333333
"9051",0.0866666666666667
"9052",0.0866666666666667
"9053",0.0883333333333333
"9054",0.085
"9055",0.0866666666666667
"9056",0.0866666666666667
"9057",0.0866666666666667
"9058",0.0833333333333333
"9059",0.085
"9060",0.0883333333333333
"9061",0.0866666666666667
"9062",0.085
"9063",0.0866666666666667
"9064",0.085
"9065",0.0866666666666667
"9066",0.0866666666666667
"9067",0.0866666666666667
"9068",0.0833333333333333
"9069",0.0866666666666667
"9070",0.085
"9071",0.085
"9072",0.0866666666666667
"9073",0.0866666666666667
"9074",0.09
"9075",0.0883333333333333
"9076",0.0883333333333333
"9077",0.0883333333333333
"9078",0.0866666666666667
"9079",0.0866666666666667
"9080",0.0883333333333333
"9081",0.085
"9082",0.0866666666666667
"9083",0.0866666666666667
"9084",0.0866666666666667
"9085",0.0833333333333333
"9086",0.085
"9087",0.0883333333333333
"9088",0.0866666666666667
"9089",0.085
"9090",0.0866666666666667
"9091",0.085
"9092",0.0866666666666667
"9093",0.0866666666666667
"9094",0.0866666666666667
"9095",0.0833333333333333
"9096",0.0866666666666667
"9097",0.085
"9098",0.085
"9099",0.0866666666666667
"9100",0.0866666666666667
"9101",0.09
"9102",0.0883333333333333
"9103",0.0883333333333333
"9104",0.0883333333333333
"9105",0.09
"9106",0.09
"9107",0.0883333333333333
"9108",0.085
"9109",0.09
"9110",0.0866666666666667
"9111",0.09
"9112",0.0866666666666667
"9113",0.0883333333333333
"9114",0.0883333333333333
"9115",0.09
"9116",0.085
"9117",0.09
"9118",0.0883333333333333
"9119",0.09
"9120",0.09
"9121",0.09
"9122",0.0866666666666667
"9123",0.0866666666666667
"9124",0.085
"9125",0.085
"9126",0.09
"9127",0.0883333333333333
"9128",0.0916666666666667
"9129",0.09
"9130",0.09
"9131",0.09
"9132",0.0883333333333333
"9133",0.0883333333333333
"9134",0.09
"9135",0.0866666666666667
"9136",0.0883333333333333
"9137",0.0883333333333333
"9138",0.0883333333333333
"9139",0.085
"9140",0.0866666666666667
"9141",0.09
"9142",0.0883333333333333
"9143",0.0866666666666667
"9144",0.0883333333333333
"9145",0.0866666666666667
"9146",0.0883333333333333
"9147",0.0883333333333333
"9148",0.0883333333333333
"9149",0.085
"9150",0.0883333333333333
"9151",0.0866666666666667
"9152",0.0866666666666667
"9153",0.0883333333333333
"9154",0.0866666666666667
"9155",0.09
"9156",0.0883333333333333
"9157",0.0883333333333333
"9158",0.0883333333333333
"9159",0.0866666666666667
"9160",0.0866666666666667
"9161",0.0883333333333333
"9162",0.085
"9163",0.0866666666666667
"9164",0.0866666666666667
"9165",0.0866666666666667
"9166",0.0833333333333333
"9167",0.085
"9168",0.0883333333333333
"9169",0.0866666666666667
"9170",0.085
"9171",0.0866666666666667
"9172",0.085
"9173",0.0866666666666667
"9174",0.0866666666666667
"9175",0.0866666666666667
"9176",0.0833333333333333
"9177",0.0866666666666667
"9178",0.085
"9179",0.085
"9180",0.0866666666666667
"9181",0.0866666666666667
"9182",0.09
"9183",0.0883333333333333
"9184",0.0883333333333333
"9185",0.0883333333333333
"9186",0.0866666666666667
"9187",0.0866666666666667
"9188",0.0883333333333333
"9189",0.085
"9190",0.0866666666666667
"9191",0.0866666666666667
"9192",0.0866666666666667
"9193",0.0833333333333333
"9194",0.085
"9195",0.0883333333333333
"9196",0.0866666666666667
"9197",0.085
"9198",0.0866666666666667
"9199",0.085
"9200",0.0866666666666667
"9201",0.0866666666666667
"9202",0.0866666666666667
"9203",0.0833333333333333
"9204",0.0866666666666667
"9205",0.085
"9206",0.085
"9207",0.0866666666666667
"9208",0.0883333333333333
"9209",0.0883333333333333
"9210",0.09
"9211",0.09
"9212",0.0866666666666667
"9213",0.0883333333333333
"9214",0.0883333333333333
"9215",0.0866666666666667
"9216",0.0866666666666667
"9217",0.0883333333333333
"9218",0.0883333333333333
"9219",0.0883333333333333
"9220",0.0816666666666667
"9221",0.0833333333333333
"9222",0.09
"9223",0.0883333333333333
"9224",0.0866666666666667
"9225",0.0883333333333333
"9226",0.0833333333333333
"9227",0.0883333333333333
"9228",0.0883333333333333
"9229",0.0883333333333333
"9230",0.0816666666666667
"9231",0.0883333333333333
"9232",0.0866666666666667
"9233",0.0866666666666667
"9234",0.0883333333333333
"9235",0.0883333333333333
"9236",0.0916666666666667
"9237",0.09
"9238",0.09
"9239",0.09
"9240",0.0916666666666667
"9241",0.0916666666666667
"9242",0.09
"9243",0.0866666666666667
"9244",0.0916666666666667
"9245",0.0883333333333333
"9246",0.0916666666666667
"9247",0.0883333333333333
"9248",0.09
"9249",0.09
"9250",0.0916666666666667
"9251",0.0866666666666667
"9252",0.0916666666666667
"9253",0.09
"9254",0.0916666666666667
"9255",0.0916666666666667
"9256",0.0916666666666667
"9257",0.0883333333333333
"9258",0.0883333333333333
"9259",0.0866666666666667
"9260",0.0866666666666667
"9261",0.0916666666666667
"9262",0.0866666666666667
"9263",0.09
"9264",0.0883333333333333
"9265",0.0883333333333333
"9266",0.0883333333333333
"9267",0.0866666666666667
"9268",0.0866666666666667
"9269",0.0883333333333333
"9270",0.085
"9271",0.0866666666666667
"9272",0.0866666666666667
"9273",0.0866666666666667
"9274",0.0833333333333333
"9275",0.085
"9276",0.0883333333333333
"9277",0.0866666666666667
"9278",0.085
"9279",0.0866666666666667
"9280",0.085
"9281",0.0866666666666667
"9282",0.0866666666666667
"9283",0.0866666666666667
"9284",0.0833333333333333
"9285",0.0866666666666667
"9286",0.085
"9287",0.085
"9288",0.0866666666666667
"9289",0.0866666666666667
"9290",0.09
"9291",0.0883333333333333
"9292",0.0883333333333333
"9293",0.0883333333333333
"9294",0.0866666666666667
"9295",0.0866666666666667
"9296",0.0883333333333333
"9297",0.085
"9298",0.0866666666666667
"9299",0.0866666666666667
"9300",0.0866666666666667
"9301",0.0833333333333333
"9302",0.085
"9303",0.0883333333333333
"9304",0.0866666666666667
"9305",0.085
"9306",0.0866666666666667
"9307",0.085
"9308",0.0866666666666667
"9309",0.0866666666666667
"9310",0.0866666666666667
"9311",0.0833333333333333
"9312",0.0866666666666667
"9313",0.085
"9314",0.085
"9315",0.0866666666666667
"9316",0.0866666666666667
"9317",0.09
"9318",0.0883333333333333
"9319",0.0883333333333333
"9320",0.0883333333333333
"9321",0.0866666666666667
"9322",0.0866666666666667
"9323",0.0883333333333333
"9324",0.085
"9325",0.0866666666666667
"9326",0.0866666666666667
"9327",0.0866666666666667
"9328",0.0833333333333333
"9329",0.085
"9330",0.0883333333333333
"9331",0.0866666666666667
"9332",0.085
"9333",0.0866666666666667
"9334",0.085
"9335",0.0866666666666667
"9336",0.0866666666666667
"9337",0.0866666666666667
"9338",0.0833333333333333
"9339",0.0866666666666667
"9340",0.085
"9341",0.085
"9342",0.0866666666666667
"9343",0.0883333333333333
"9344",0.0916666666666667
"9345",0.09
"9346",0.09
"9347",0.09
"9348",0.0883333333333333
"9349",0.0883333333333333
"9350",0.09
"9351",0.0816666666666667
"9352",0.0883333333333333
"9353",0.0883333333333333
"9354",0.0883333333333333
"9355",0.085
"9356",0.0866666666666667
"9357",0.09
"9358",0.0883333333333333
"9359",0.0816666666666667
"9360",0.0883333333333333
"9361",0.0866666666666667
"9362",0.0883333333333333
"9363",0.0883333333333333
"9364",0.0883333333333333
"9365",0.085
"9366",0.0883333333333333
"9367",0.0816666666666667
"9368",0.0816666666666667
"9369",0.0883333333333333
"9370",0.0866666666666667
"9371",0.09
"9372",0.0883333333333333
"9373",0.0883333333333333
"9374",0.0883333333333333
"9375",0.0866666666666667
"9376",0.0866666666666667
"9377",0.0883333333333333
"9378",0.085
"9379",0.0866666666666667
"9380",0.0866666666666667
"9381",0.0866666666666667
"9382",0.0833333333333333
"9383",0.085
"9384",0.0883333333333333
"9385",0.0866666666666667
"9386",0.085
"9387",0.0866666666666667
"9388",0.085
"9389",0.0866666666666667
"9390",0.0866666666666667
"9391",0.0866666666666667
"9392",0.0833333333333333
"9393",0.0866666666666667
"9394",0.085
"9395",0.085
"9396",0.0866666666666667
"9397",0.0866666666666667
"9398",0.09
"9399",0.0883333333333333
"9400",0.0883333333333333
"9401",0.0883333333333333
"9402",0.0866666666666667
"9403",0.0866666666666667
"9404",0.0883333333333333
"9405",0.085
"9406",0.0866666666666667
"9407",0.0866666666666667
"9408",0.0866666666666667
"9409",0.0833333333333333
"9410",0.085
"9411",0.0883333333333333
"9412",0.0866666666666667
"9413",0.085
"9414",0.0866666666666667
"9415",0.085
"9416",0.0866666666666667
"9417",0.0866666666666667
"9418",0.0866666666666667
"9419",0.0833333333333333
"9420",0.0866666666666667
"9421",0.085
"9422",0.085
"9423",0.0866666666666667
"9424",0.0866666666666667
"9425",0.09
"9426",0.0883333333333333
"9427",0.0883333333333333
"9428",0.0883333333333333
"9429",0.0866666666666667
"9430",0.0866666666666667
"9431",0.0883333333333333
"9432",0.085
"9433",0.0866666666666667
"9434",0.0866666666666667
"9435",0.0866666666666667
"9436",0.0833333333333333
"9437",0.085
"9438",0.0883333333333333
"9439",0.0866666666666667
"9440",0.085
"9441",0.0866666666666667
"9442",0.085
"9443",0.0866666666666667
"9444",0.0866666666666667
"9445",0.0866666666666667
"9446",0.0833333333333333
"9447",0.0866666666666667
"9448",0.085
"9449",0.085
"9450",0.0866666666666667
"9451",0.0866666666666667
"9452",0.09
"9453",0.0883333333333333
"9454",0.0883333333333333
"9455",0.0883333333333333
"9456",0.0866666666666667
"9457",0.0866666666666667
"9458",0.0883333333333333
"9459",0.085
"9460",0.0866666666666667
"9461",0.0866666666666667
"9462",0.0866666666666667
"9463",0.0833333333333333
"9464",0.085
"9465",0.0883333333333333
"9466",0.0866666666666667
"9467",0.085
"9468",0.0866666666666667
"9469",0.085
"9470",0.0866666666666667
"9471",0.0866666666666667
"9472",0.0866666666666667
"9473",0.0833333333333333
"9474",0.0866666666666667
"9475",0.085
"9476",0.085
"9477",0.0866666666666667
"9478",0.0883333333333333
"9479",0.0916666666666667
"9480",0.09
"9481",0.09
"9482",0.09
"9483",0.0883333333333333
"9484",0.0883333333333333
"9485",0.09
"9486",0.0866666666666667
"9487",0.0883333333333333
"9488",0.0883333333333333
"9489",0.0883333333333333
"9490",0.085
"9491",0.0866666666666667
"9492",0.09
"9493",0.0883333333333333
"9494",0.0866666666666667
"9495",0.0883333333333333
"9496",0.0866666666666667
"9497",0.0883333333333333
"9498",0.0883333333333333
"9499",0.0883333333333333
"9500",0.085
"9501",0.0883333333333333
"9502",0.0866666666666667
"9503",0.0866666666666667
"9504",0.0883333333333333
"9505",0.0883333333333333
"9506",0.0916666666666667
"9507",0.09
"9508",0.09
"9509",0.09
"9510",0.0883333333333333
"9511",0.0883333333333333
"9512",0.09
"9513",0.0866666666666667
"9514",0.0883333333333333
"9515",0.0883333333333333
"9516",0.0883333333333333
"9517",0.085
"9518",0.0866666666666667
"9519",0.09
"9520",0.0883333333333333
"9521",0.0866666666666667
"9522",0.0883333333333333
"9523",0.0866666666666667
"9524",0.0883333333333333
"9525",0.0883333333333333
"9526",0.0883333333333333
"9527",0.085
"9528",0.0883333333333333
"9529",0.0866666666666667
"9530",0.0866666666666667
"9531",0.0883333333333333
"9532",0.0883333333333333
"9533",0.0883333333333333
"9534",0.09
"9535",0.09
"9536",0.0866666666666667
"9537",0.0883333333333333
"9538",0.0883333333333333
"9539",0.0866666666666667
"9540",0.0866666666666667
"9541",0.0883333333333333
"9542",0.0883333333333333
"9543",0.0883333333333333
"9544",0.0816666666666667
"9545",0.0833333333333333
"9546",0.09
"9547",0.0883333333333333
"9548",0.0866666666666667
"9549",0.0883333333333333
"9550",0.0833333333333333
"9551",0.0883333333333333
"9552",0.0883333333333333
"9553",0.0883333333333333
"9554",0.0816666666666667
"9555",0.0883333333333333
"9556",0.0866666666666667
"9557",0.0866666666666667
"9558",0.0883333333333333
"9559",0.085
"9560",0.0883333333333333
"9561",0.0866666666666667
"9562",0.0866666666666667
"9563",0.0866666666666667
"9564",0.085
"9565",0.085
"9566",0.0866666666666667
"9567",0.0833333333333333
"9568",0.085
"9569",0.085
"9570",0.085
"9571",0.0816666666666667
"9572",0.0833333333333333
"9573",0.0866666666666667
"9574",0.085
"9575",0.0833333333333333
"9576",0.085
"9577",0.0833333333333333
"9578",0.085
"9579",0.085
"9580",0.085
"9581",0.0816666666666667
"9582",0.085
"9583",0.0833333333333333
"9584",0.0833333333333333
"9585",0.085
"9586",0.0866666666666667
"9587",0.09
"9588",0.0883333333333333
"9589",0.0883333333333333
"9590",0.0883333333333333
"9591",0.09
"9592",0.09
"9593",0.0883333333333333
"9594",0.085
"9595",0.09
"9596",0.0866666666666667
"9597",0.09
"9598",0.0866666666666667
"9599",0.0883333333333333
"9600",0.0883333333333333
"9601",0.09
"9602",0.085
"9603",0.09
"9604",0.0883333333333333
"9605",0.09
"9606",0.09
"9607",0.09
"9608",0.0866666666666667
"9609",0.0866666666666667
"9610",0.085
"9611",0.085
"9612",0.09
"9613",0.0266666666666667
"9614",0.035
"9615",0.0283333333333333
"9616",0.0283333333333333
"9617",0.035
"9618",0.025
"9619",0.025
"9620",0.035
"9621",0.0266666666666667
"9622",0.025
"9623",0.0266666666666667
"9624",0.025
"9625",0.03
"9626",0.0316666666666667
"9627",0.0283333333333333
"9628",0.025
"9629",0.0266666666666667
"9630",0.0133333333333333
"9631",0.0316666666666667
"9632",0.0133333333333333
"9633",0.0133333333333333
"9634",0.015
"9635",0.03
"9636",0.0266666666666667
"9637",0.0266666666666667
"9638",0.0266666666666667
"9639",0.025
"9640",0.0866666666666667
"9641",0.085
"9642",0.0883333333333333
"9643",0.0883333333333333
"9644",0.0866666666666667
"9645",0.09
"9646",0.09
"9647",0.0866666666666667
"9648",0.0816666666666667
"9649",0.09
"9650",0.0866666666666667
"9651",0.09
"9652",0.0883333333333333
"9653",0.0866666666666667
"9654",0.0883333333333333
"9655",0.09
"9656",0.0816666666666667
"9657",0.0866666666666667
"9658",0.09
"9659",0.0866666666666667
"9660",0.0866666666666667
"9661",0.0883333333333333
"9662",0.0883333333333333
"9663",0.0866666666666667
"9664",0.0816666666666667
"9665",0.0816666666666667
"9666",0.09
"9667",0.09
"9668",0.085
"9669",0.0883333333333333
"9670",0.0883333333333333
"9671",0.0866666666666667
"9672",0.09
"9673",0.09
"9674",0.0866666666666667
"9675",0.0883333333333333
"9676",0.09
"9677",0.09
"9678",0.09
"9679",0.0883333333333333
"9680",0.09
"9681",0.0883333333333333
"9682",0.09
"9683",0.0883333333333333
"9684",0.09
"9685",0.09
"9686",0.09
"9687",0.09
"9688",0.0916666666666667
"9689",0.0883333333333333
"9690",0.09
"9691",0.0883333333333333
"9692",0.0883333333333333
"9693",0.09
"9694",0.0866666666666667
"9695",0.085
"9696",0.0883333333333333
"9697",0.0883333333333333
"9698",0.0866666666666667
"9699",0.09
"9700",0.09
"9701",0.0866666666666667
"9702",0.0816666666666667
"9703",0.09
"9704",0.0866666666666667
"9705",0.09
"9706",0.0883333333333333
"9707",0.0866666666666667
"9708",0.0883333333333333
"9709",0.09
"9710",0.0816666666666667
"9711",0.0866666666666667
"9712",0.09
"9713",0.0866666666666667
"9714",0.0866666666666667
"9715",0.0883333333333333
"9716",0.0883333333333333
"9717",0.0866666666666667
"9718",0.0816666666666667
"9719",0.0816666666666667
"9720",0.09
"9721",0.136666666666667
"9722",0.15
"9723",0.138333333333333
"9724",0.138333333333333
"9725",0.153333333333333
"9726",0.141666666666667
"9727",0.141666666666667
"9728",0.153333333333333
"9729",0.148333333333333
"9730",0.141666666666667
"9731",0.136666666666667
"9732",0.141666666666667
"9733",0.151666666666667
"9734",0.153333333333333
"9735",0.138333333333333
"9736",0.141666666666667
"9737",0.148333333333333
"9738",0.145
"9739",0.153333333333333
"9740",0.145
"9741",0.145
"9742",0.143333333333333
"9743",0.151666666666667
"9744",0.136666666666667
"9745",0.148333333333333
"9746",0.148333333333333
"9747",0.141666666666667
"9748",0.136666666666667
"9749",0.15
"9750",0.138333333333333
"9751",0.138333333333333
"9752",0.153333333333333
"9753",0.141666666666667
"9754",0.141666666666667
"9755",0.153333333333333
"9756",0.148333333333333
"9757",0.141666666666667
"9758",0.136666666666667
"9759",0.141666666666667
"9760",0.151666666666667
"9761",0.153333333333333
"9762",0.138333333333333
"9763",0.141666666666667
"9764",0.148333333333333
"9765",0.145
"9766",0.153333333333333
"9767",0.145
"9768",0.145
"9769",0.143333333333333
"9770",0.151666666666667
"9771",0.136666666666667
"9772",0.148333333333333
"9773",0.148333333333333
"9774",0.141666666666667
"9775",0.136666666666667
"9776",0.15
"9777",0.138333333333333
"9778",0.138333333333333
"9779",0.153333333333333
"9780",0.141666666666667
"9781",0.141666666666667
"9782",0.153333333333333
"9783",0.15
"9784",0.141666666666667
"9785",0.136666666666667
"9786",0.141666666666667
"9787",0.151666666666667
"9788",0.153333333333333
"9789",0.138333333333333
"9790",0.141666666666667
"9791",0.15
"9792",0.145
"9793",0.153333333333333
"9794",0.145
"9795",0.145
"9796",0.143333333333333
"9797",0.151666666666667
"9798",0.136666666666667
"9799",0.15
"9800",0.15
"9801",0.141666666666667
"9802",0.1
"9803",0.0983333333333333
"9804",0.101666666666667
"9805",0.101666666666667
"9806",0.1
"9807",0.1
"9808",0.1
"9809",0.1
"9810",0.1
"9811",0.1
"9812",0.1
"9813",0.1
"9814",0.0983333333333333
"9815",0.1
"9816",0.101666666666667
"9817",0.1
"9818",0.1
"9819",0.0966666666666667
"9820",0.1
"9821",0.0966666666666667
"9822",0.0966666666666667
"9823",0.0983333333333333
"9824",0.0983333333333333
"9825",0.1
"9826",0.1
"9827",0.1
"9828",0.1
"9829",0.0966666666666667
"9830",0.0983333333333333
"9831",0.0983333333333333
"9832",0.0983333333333333
"9833",0.1
"9834",0.0966666666666667
"9835",0.0966666666666667
"9836",0.1
"9837",0.0966666666666667
"9838",0.0966666666666667
"9839",0.0966666666666667
"9840",0.0966666666666667
"9841",0.0983333333333333
"9842",0.1
"9843",0.0983333333333333
"9844",0.0966666666666667
"9845",0.0966666666666667
"9846",0.0933333333333333
"9847",0.1
"9848",0.0933333333333333
"9849",0.0933333333333333
"9850",0.095
"9851",0.0983333333333333
"9852",0.0966666666666667
"9853",0.0966666666666667
"9854",0.0966666666666667
"9855",0.0966666666666667
"9856",0.0933333333333333
"9857",0.0983333333333333
"9858",0.095
"9859",0.095
"9860",0.1
"9861",0.0933333333333333
"9862",0.0933333333333333
"9863",0.1
"9864",0.1
"9865",0.0933333333333333
"9866",0.0933333333333333
"9867",0.0933333333333333
"9868",0.0983333333333333
"9869",0.1
"9870",0.095
"9871",0.0933333333333333
"9872",0.1
"9873",0.0966666666666667
"9874",0.1
"9875",0.0966666666666667
"9876",0.0966666666666667
"9877",0.095
"9878",0.0983333333333333
"9879",0.0933333333333333
"9880",0.1
"9881",0.1
"9882",0.0933333333333333
"9883",0.0983333333333333
"9884",0.1
"9885",0.1
"9886",0.1
"9887",0.101666666666667
"9888",0.0983333333333333
"9889",0.0983333333333333
"9890",0.101666666666667
"9891",0.0983333333333333
"9892",0.0983333333333333
"9893",0.0983333333333333
"9894",0.0983333333333333
"9895",0.1
"9896",0.101666666666667
"9897",0.1
"9898",0.0983333333333333
"9899",0.0983333333333333
"9900",0.095
"9901",0.101666666666667
"9902",0.095
"9903",0.095
"9904",0.0966666666666667
"9905",0.1
"9906",0.0983333333333333
"9907",0.0983333333333333
"9908",0.0983333333333333
"9909",0.0983333333333333
"9910",0.0983333333333333
"9911",0.1
"9912",0.1
"9913",0.1
"9914",0.101666666666667
"9915",0.0983333333333333
"9916",0.0983333333333333
"9917",0.101666666666667
"9918",0.0983333333333333
"9919",0.0983333333333333
"9920",0.0983333333333333
"9921",0.0983333333333333
"9922",0.1
"9923",0.101666666666667
"9924",0.1
"9925",0.0983333333333333
"9926",0.0983333333333333
"9927",0.095
"9928",0.101666666666667
"9929",0.095
"9930",0.095
"9931",0.0966666666666667
"9932",0.1
"9933",0.0983333333333333
"9934",0.0983333333333333
"9935",0.0983333333333333
"9936",0.0983333333333333
"9937",0.125
"9938",0.128333333333333
"9939",0.125
"9940",0.125
"9941",0.131666666666667
"9942",0.128333333333333
"9943",0.128333333333333
"9944",0.131666666666667
"9945",0.123333333333333
"9946",0.128333333333333
"9947",0.125
"9948",0.128333333333333
"9949",0.133333333333333
"9950",0.131666666666667
"9951",0.125
"9952",0.128333333333333
"9953",0.123333333333333
"9954",0.128333333333333
"9955",0.135
"9956",0.128333333333333
"9957",0.128333333333333
"9958",0.13
"9959",0.133333333333333
"9960",0.125
"9961",0.123333333333333
"9962",0.123333333333333
"9963",0.128333333333333
"9964",0.123333333333333
"9965",0.126666666666667
"9966",0.123333333333333
"9967",0.123333333333333
"9968",0.13
"9969",0.126666666666667
"9970",0.126666666666667
"9971",0.13
"9972",0.121666666666667
"9973",0.126666666666667
"9974",0.123333333333333
"9975",0.126666666666667
"9976",0.131666666666667
"9977",0.13
"9978",0.123333333333333
"9979",0.126666666666667
"9980",0.121666666666667
"9981",0.126666666666667
"9982",0.133333333333333
"9983",0.126666666666667
"9984",0.126666666666667
"9985",0.128333333333333
"9986",0.131666666666667
"9987",0.123333333333333
"9988",0.121666666666667
"9989",0.121666666666667
"9990",0.126666666666667
"9991",0.126666666666667
"9992",0.13
"9993",0.126666666666667
"9994",0.126666666666667
"9995",0.133333333333333
"9996",0.13
"9997",0.13
"9998",0.133333333333333
"9999",0.123333333333333
"10000",0.13
"10001",0.126666666666667
"10002",0.13
"10003",0.135
"10004",0.133333333333333
"10005",0.126666666666667
"10006",0.13
"10007",0.123333333333333
"10008",0.128333333333333
"10009",0.136666666666667
"10010",0.128333333333333
"10011",0.128333333333333
"10012",0.13
"10013",0.135
"10014",0.126666666666667
"10015",0.123333333333333
"10016",0.123333333333333
"10017",0.13
"10018",0.125
"10019",0.128333333333333
"10020",0.125
"10021",0.125
"10022",0.131666666666667
"10023",0.128333333333333
"10024",0.128333333333333
"10025",0.131666666666667
"10026",0.123333333333333
"10027",0.128333333333333
"10028",0.125
"10029",0.128333333333333
"10030",0.133333333333333
"10031",0.131666666666667
"10032",0.125
"10033",0.128333333333333
"10034",0.123333333333333
"10035",0.128333333333333
"10036",0.135
"10037",0.128333333333333
"10038",0.128333333333333
"10039",0.13
"10040",0.133333333333333
"10041",0.125
"10042",0.123333333333333
"10043",0.123333333333333
"10044",0.128333333333333
"10045",0.126666666666667
"10046",0.13
"10047",0.126666666666667
"10048",0.126666666666667
"10049",0.133333333333333
"10050",0.13
"10051",0.13
"10052",0.133333333333333
"10053",0.123333333333333
"10054",0.13
"10055",0.126666666666667
"10056",0.13
"10057",0.135
"10058",0.133333333333333
"10059",0.126666666666667
"10060",0.13
"10061",0.123333333333333
"10062",0.128333333333333
"10063",0.136666666666667
"10064",0.128333333333333
"10065",0.128333333333333
"10066",0.13
"10067",0.135
"10068",0.126666666666667
"10069",0.123333333333333
"10070",0.123333333333333
"10071",0.13
"10072",0.125
"10073",0.128333333333333
"10074",0.125
"10075",0.125
"10076",0.131666666666667
"10077",0.128333333333333
"10078",0.128333333333333
"10079",0.131666666666667
"10080",0.123333333333333
"10081",0.128333333333333
"10082",0.125
"10083",0.128333333333333
"10084",0.133333333333333
"10085",0.131666666666667
"10086",0.125
"10087",0.128333333333333
"10088",0.123333333333333
"10089",0.128333333333333
"10090",0.135
"10091",0.128333333333333
"10092",0.128333333333333
"10093",0.13
"10094",0.133333333333333
"10095",0.125
"10096",0.123333333333333
"10097",0.123333333333333
"10098",0.128333333333333
"10099",0.126666666666667
"10100",0.13
"10101",0.126666666666667
"10102",0.126666666666667
"10103",0.133333333333333
"10104",0.13
"10105",0.13
"10106",0.133333333333333
"10107",0.123333333333333
"10108",0.13
"10109",0.126666666666667
"10110",0.13
"10111",0.135
"10112",0.133333333333333
"10113",0.126666666666667
"10114",0.13
"10115",0.123333333333333
"10116",0.128333333333333
"10117",0.136666666666667
"10118",0.128333333333333
"10119",0.128333333333333
"10120",0.13
"10121",0.135
"10122",0.126666666666667
"10123",0.123333333333333
"10124",0.123333333333333
"10125",0.13
"10126",0.125
"10127",0.128333333333333
"10128",0.125
"10129",0.125
"10130",0.131666666666667
"10131",0.128333333333333
"10132",0.128333333333333
"10133",0.131666666666667
"10134",0.123333333333333
"10135",0.128333333333333
"10136",0.125
"10137",0.128333333333333
"10138",0.133333333333333
"10139",0.131666666666667
"10140",0.125
"10141",0.128333333333333
"10142",0.123333333333333
"10143",0.128333333333333
"10144",0.135
"10145",0.128333333333333
"10146",0.128333333333333
"10147",0.13
"10148",0.133333333333333
"10149",0.125
"10150",0.123333333333333
"10151",0.123333333333333
"10152",0.128333333333333
"10153",0.126666666666667
"10154",0.13
"10155",0.126666666666667
"10156",0.126666666666667
"10157",0.133333333333333
"10158",0.13
"10159",0.13
"10160",0.133333333333333
"10161",0.123333333333333
"10162",0.13
"10163",0.126666666666667
"10164",0.13
"10165",0.135
"10166",0.133333333333333
"10167",0.126666666666667
"10168",0.13
"10169",0.123333333333333
"10170",0.128333333333333
"10171",0.136666666666667
"10172",0.128333333333333
"10173",0.128333333333333
"10174",0.13
"10175",0.135
"10176",0.126666666666667
"10177",0.123333333333333
"10178",0.123333333333333
"10179",0.13
"10180",0.126666666666667
"10181",0.13
"10182",0.126666666666667
"10183",0.126666666666667
"10184",0.133333333333333
"10185",0.13
"10186",0.13
"10187",0.133333333333333
"10188",0.123333333333333
"10189",0.13
"10190",0.126666666666667
"10191",0.13
"10192",0.135
"10193",0.133333333333333
"10194",0.126666666666667
"10195",0.13
"10196",0.123333333333333
"10197",0.128333333333333
"10198",0.136666666666667
"10199",0.128333333333333
"10200",0.128333333333333
"10201",0.13
"10202",0.135
"10203",0.126666666666667
"10204",0.123333333333333
"10205",0.123333333333333
"10206",0.13
"10207",0.126666666666667
"10208",0.13
"10209",0.126666666666667
"10210",0.126666666666667
"10211",0.133333333333333
"10212",0.13
"10213",0.13
"10214",0.133333333333333
"10215",0.123333333333333
"10216",0.13
"10217",0.126666666666667
"10218",0.13
"10219",0.135
"10220",0.133333333333333
"10221",0.126666666666667
"10222",0.13
"10223",0.123333333333333
"10224",0.128333333333333
"10225",0.136666666666667
"10226",0.128333333333333
"10227",0.128333333333333
"10228",0.13
"10229",0.135
"10230",0.126666666666667
"10231",0.123333333333333
"10232",0.123333333333333
"10233",0.13
"10234",0.125
"10235",0.128333333333333
"10236",0.125
"10237",0.125
"10238",0.131666666666667
"10239",0.128333333333333
"10240",0.128333333333333
"10241",0.131666666666667
"10242",0.123333333333333
"10243",0.128333333333333
"10244",0.125
"10245",0.128333333333333
"10246",0.133333333333333
"10247",0.131666666666667
"10248",0.125
"10249",0.128333333333333
"10250",0.123333333333333
"10251",0.128333333333333
"10252",0.135
"10253",0.128333333333333
"10254",0.128333333333333
"10255",0.13
"10256",0.133333333333333
"10257",0.125
"10258",0.123333333333333
"10259",0.123333333333333
"10260",0.128333333333333
"10261",0.09
"10262",0.0966666666666667
"10263",0.0916666666666667
"10264",0.0916666666666667
"10265",0.0983333333333333
"10266",0.09
"10267",0.09
"10268",0.0983333333333333
"10269",0.095
"10270",0.09
"10271",0.09
"10272",0.09
"10273",0.095
"10274",0.0966666666666667
"10275",0.0916666666666667
"10276",0.09
"10277",0.095
"10278",0.0916666666666667
"10279",0.0966666666666667
"10280",0.0916666666666667
"10281",0.0916666666666667
"10282",0.0933333333333333
"10283",0.095
"10284",0.09
"10285",0.095
"10286",0.095
"10287",0.09
"10288",0.09
"10289",0.0966666666666667
"10290",0.0916666666666667
"10291",0.0916666666666667
"10292",0.0983333333333333
"10293",0.09
"10294",0.09
"10295",0.0983333333333333
"10296",0.095
"10297",0.09
"10298",0.09
"10299",0.09
"10300",0.095
"10301",0.0966666666666667
"10302",0.0916666666666667
"10303",0.09
"10304",0.095
"10305",0.0916666666666667
"10306",0.0966666666666667
"10307",0.0916666666666667
"10308",0.0916666666666667
"10309",0.0933333333333333
"10310",0.095
"10311",0.09
"10312",0.095
"10313",0.095
"10314",0.09
"10315",0.0916666666666667
"10316",0.0983333333333333
"10317",0.0933333333333333
"10318",0.0933333333333333
"10319",0.1
"10320",0.0916666666666667
"10321",0.0916666666666667
"10322",0.1
"10323",0.0966666666666667
"10324",0.0916666666666667
"10325",0.0916666666666667
"10326",0.0916666666666667
"10327",0.0966666666666667
"10328",0.0983333333333333
"10329",0.0933333333333333
"10330",0.0916666666666667
"10331",0.0966666666666667
"10332",0.0933333333333333
"10333",0.0983333333333333
"10334",0.0933333333333333
"10335",0.0933333333333333
"10336",0.095
"10337",0.0966666666666667
"10338",0.0916666666666667
"10339",0.0966666666666667
"10340",0.0966666666666667
"10341",0.0916666666666667
"10342",0.09
"10343",0.0966666666666667
"10344",0.0916666666666667
"10345",0.0916666666666667
"10346",0.0983333333333333
"10347",0.09
"10348",0.09
"10349",0.0983333333333333
"10350",0.095
"10351",0.09
"10352",0.09
"10353",0.09
"10354",0.095
"10355",0.0966666666666667
"10356",0.0916666666666667
"10357",0.09
"10358",0.095
"10359",0.0916666666666667
"10360",0.0966666666666667
"10361",0.0916666666666667
"10362",0.0916666666666667
"10363",0.0933333333333333
"10364",0.095
"10365",0.09
"10366",0.095
"10367",0.095
"10368",0.09
"10369",0.125
"10370",0.135
"10371",0.125
"10372",0.125
"10373",0.135
"10374",0.125
"10375",0.125
"10376",0.135
"10377",0.13
"10378",0.125
"10379",0.125
"10380",0.125
"10381",0.13
"10382",0.131666666666667
"10383",0.125
"10384",0.125
"10385",0.13
"10386",0.128333333333333
"10387",0.131666666666667
"10388",0.128333333333333
"10389",0.128333333333333
"10390",0.13
"10391",0.13
"10392",0.125
"10393",0.13
"10394",0.13
"10395",0.125
"10396",0.125
"10397",0.135
"10398",0.125
"10399",0.125
"10400",0.135
"10401",0.125
"10402",0.125
"10403",0.135
"10404",0.13
"10405",0.125
"10406",0.125
"10407",0.125
"10408",0.13
"10409",0.131666666666667
"10410",0.125
"10411",0.125
"10412",0.13
"10413",0.125
"10414",0.131666666666667
"10415",0.125
"10416",0.125
"10417",0.126666666666667
"10418",0.13
"10419",0.125
"10420",0.13
"10421",0.13
"10422",0.125
"10423",0.125
"10424",0.135
"10425",0.125
"10426",0.125
"10427",0.135
"10428",0.125
"10429",0.125
"10430",0.135
"10431",0.13
"10432",0.125
"10433",0.125
"10434",0.125
"10435",0.13
"10436",0.131666666666667
"10437",0.125
"10438",0.125
"10439",0.13
"10440",0.128333333333333
"10441",0.131666666666667
"10442",0.128333333333333
"10443",0.128333333333333
"10444",0.13
"10445",0.13
"10446",0.125
"10447",0.13
"10448",0.13
"10449",0.125
"10450",0.125
"10451",0.135
"10452",0.125
"10453",0.125
"10454",0.135
"10455",0.125
"10456",0.125
"10457",0.135
"10458",0.13
"10459",0.125
"10460",0.125
"10461",0.125
"10462",0.13
"10463",0.131666666666667
"10464",0.125
"10465",0.125
"10466",0.13
"10467",0.128333333333333
"10468",0.131666666666667
"10469",0.128333333333333
"10470",0.128333333333333
"10471",0.13
"10472",0.13
"10473",0.125
"10474",0.13
"10475",0.13
"10476",0.125
"10477",0.123333333333333
"10478",0.133333333333333
"10479",0.123333333333333
"10480",0.123333333333333
"10481",0.133333333333333
"10482",0.126666666666667
"10483",0.126666666666667
"10484",0.133333333333333
"10485",0.131666666666667
"10486",0.126666666666667
"10487",0.123333333333333
"10488",0.126666666666667
"10489",0.131666666666667
"10490",0.133333333333333
"10491",0.123333333333333
"10492",0.126666666666667
"10493",0.131666666666667
"10494",0.128333333333333
"10495",0.133333333333333
"10496",0.128333333333333
"10497",0.128333333333333
"10498",0.13
"10499",0.131666666666667
"10500",0.123333333333333
"10501",0.131666666666667
"10502",0.131666666666667
"10503",0.126666666666667
"10504",0.125
"10505",0.135
"10506",0.125
"10507",0.125
"10508",0.135
"10509",0.125
"10510",0.125
"10511",0.135
"10512",0.13
"10513",0.125
"10514",0.125
"10515",0.125
"10516",0.13
"10517",0.131666666666667
"10518",0.125
"10519",0.125
"10520",0.13
"10521",0.128333333333333
"10522",0.131666666666667
"10523",0.128333333333333
"10524",0.128333333333333
"10525",0.13
"10526",0.13
"10527",0.125
"10528",0.13
"10529",0.13
"10530",0.125
"10531",0.126666666666667
"10532",0.136666666666667
"10533",0.126666666666667
"10534",0.126666666666667
"10535",0.136666666666667
"10536",0.126666666666667
"10537",0.126666666666667
"10538",0.136666666666667
"10539",0.131666666666667
"10540",0.126666666666667
"10541",0.126666666666667
"10542",0.126666666666667
"10543",0.131666666666667
"10544",0.133333333333333
"10545",0.126666666666667
"10546",0.126666666666667
"10547",0.131666666666667
"10548",0.13
"10549",0.133333333333333
"10550",0.13
"10551",0.13
"10552",0.131666666666667
"10553",0.131666666666667
"10554",0.126666666666667
"10555",0.131666666666667
"10556",0.131666666666667
"10557",0.126666666666667
"10558",0.126666666666667
"10559",0.133333333333333
"10560",0.126666666666667
"10561",0.126666666666667
"10562",0.133333333333333
"10563",0.126666666666667
"10564",0.126666666666667
"10565",0.133333333333333
"10566",0.131666666666667
"10567",0.126666666666667
"10568",0.126666666666667
"10569",0.126666666666667
"10570",0.128333333333333
"10571",0.13
"10572",0.126666666666667
"10573",0.126666666666667
"10574",0.131666666666667
"10575",0.126666666666667
"10576",0.13
"10577",0.126666666666667
"10578",0.126666666666667
"10579",0.128333333333333
"10580",0.128333333333333
"10581",0.126666666666667
"10582",0.131666666666667
"10583",0.131666666666667
"10584",0.126666666666667
"10585",0.125
"10586",0.131666666666667
"10587",0.125
"10588",0.125
"10589",0.131666666666667
"10590",0.125
"10591",0.125
"10592",0.131666666666667
"10593",0.126666666666667
"10594",0.125
"10595",0.125
"10596",0.125
"10597",0.126666666666667
"10598",0.128333333333333
"10599",0.125
"10600",0.125
"10601",0.126666666666667
"10602",0.125
"10603",0.128333333333333
"10604",0.125
"10605",0.125
"10606",0.126666666666667
"10607",0.126666666666667
"10608",0.125
"10609",0.126666666666667
"10610",0.126666666666667
"10611",0.125
"10612",0.125
"10613",0.135
"10614",0.125
"10615",0.125
"10616",0.135
"10617",0.125
"10618",0.125
"10619",0.135
"10620",0.13
"10621",0.125
"10622",0.125
"10623",0.125
"10624",0.13
"10625",0.131666666666667
"10626",0.125
"10627",0.125
"10628",0.13
"10629",0.125
"10630",0.131666666666667
"10631",0.125
"10632",0.125
"10633",0.126666666666667
"10634",0.13
"10635",0.125
"10636",0.13
"10637",0.13
"10638",0.125
"10639",0.133333333333333
"10640",0.146666666666667
"10641",0.135
"10642",0.135
"10643",0.15
"10644",0.138333333333333
"10645",0.138333333333333
"10646",0.15
"10647",0.146666666666667
"10648",0.138333333333333
"10649",0.133333333333333
"10650",0.138333333333333
"10651",0.148333333333333
"10652",0.15
"10653",0.135
"10654",0.138333333333333
"10655",0.146666666666667
"10656",0.141666666666667
"10657",0.15
"10658",0.141666666666667
"10659",0.141666666666667
"10660",0.14
"10661",0.148333333333333
"10662",0.133333333333333
"10663",0.146666666666667
"10664",0.146666666666667
"10665",0.138333333333333
"10666",0.133333333333333
"10667",0.146666666666667
"10668",0.135
"10669",0.135
"10670",0.15
"10671",0.138333333333333
"10672",0.138333333333333
"10673",0.15
"10674",0.146666666666667
"10675",0.138333333333333
"10676",0.133333333333333
"10677",0.138333333333333
"10678",0.148333333333333
"10679",0.15
"10680",0.135
"10681",0.138333333333333
"10682",0.146666666666667
"10683",0.141666666666667
"10684",0.15
"10685",0.141666666666667
"10686",0.141666666666667
"10687",0.14
"10688",0.148333333333333
"10689",0.133333333333333
"10690",0.146666666666667
"10691",0.146666666666667
"10692",0.138333333333333
"10693",0.133333333333333
"10694",0.146666666666667
"10695",0.135
"10696",0.135
"10697",0.15
"10698",0.138333333333333
"10699",0.138333333333333
"10700",0.15
"10701",0.146666666666667
"10702",0.138333333333333
"10703",0.133333333333333
"10704",0.138333333333333
"10705",0.148333333333333
"10706",0.15
"10707",0.135
"10708",0.138333333333333
"10709",0.146666666666667
"10710",0.141666666666667
"10711",0.15
"10712",0.141666666666667
"10713",0.141666666666667
"10714",0.14
"10715",0.148333333333333
"10716",0.133333333333333
"10717",0.146666666666667
"10718",0.146666666666667
"10719",0.138333333333333
"10720",0.126666666666667
"10721",0.126666666666667
"10722",0.126666666666667
"10723",0.126666666666667
"10724",0.13
"10725",0.126666666666667
"10726",0.126666666666667
"10727",0.13
"10728",0.12
"10729",0.126666666666667
"10730",0.126666666666667
"10731",0.126666666666667
"10732",0.128333333333333
"10733",0.126666666666667
"10734",0.126666666666667
"10735",0.126666666666667
"10736",0.12
"10737",0.13
"10738",0.13
"10739",0.13
"10740",0.13
"10741",0.131666666666667
"10742",0.128333333333333
"10743",0.126666666666667
"10744",0.12
"10745",0.12
"10746",0.126666666666667
"10747",0.125
"10748",0.125
"10749",0.125
"10750",0.125
"10751",0.128333333333333
"10752",0.125
"10753",0.125
"10754",0.128333333333333
"10755",0.118333333333333
"10756",0.125
"10757",0.125
"10758",0.125
"10759",0.126666666666667
"10760",0.125
"10761",0.125
"10762",0.125
"10763",0.118333333333333
"10764",0.128333333333333
"10765",0.128333333333333
"10766",0.128333333333333
"10767",0.128333333333333
"10768",0.13
"10769",0.126666666666667
"10770",0.125
"10771",0.118333333333333
"10772",0.118333333333333
"10773",0.125
"10774",0.126666666666667
"10775",0.126666666666667
"10776",0.126666666666667
"10777",0.126666666666667
"10778",0.126666666666667
"10779",0.126666666666667
"10780",0.126666666666667
"10781",0.126666666666667
"10782",0.12
"10783",0.126666666666667
"10784",0.126666666666667
"10785",0.126666666666667
"10786",0.128333333333333
"10787",0.126666666666667
"10788",0.126666666666667
"10789",0.126666666666667
"10790",0.12
"10791",0.13
"10792",0.13
"10793",0.13
"10794",0.13
"10795",0.131666666666667
"10796",0.128333333333333
"10797",0.126666666666667
"10798",0.12
"10799",0.12
"10800",0.126666666666667
"10801",0.126666666666667
"10802",0.126666666666667
"10803",0.126666666666667
"10804",0.126666666666667
"10805",0.126666666666667
"10806",0.126666666666667
"10807",0.126666666666667
"10808",0.126666666666667
"10809",0.12
"10810",0.126666666666667
"10811",0.126666666666667
"10812",0.126666666666667
"10813",0.128333333333333
"10814",0.126666666666667
"10815",0.126666666666667
"10816",0.126666666666667
"10817",0.12
"10818",0.13
"10819",0.13
"10820",0.13
"10821",0.13
"10822",0.131666666666667
"10823",0.128333333333333
"10824",0.126666666666667
"10825",0.12
"10826",0.12
"10827",0.126666666666667
"10828",0.116666666666667
"10829",0.121666666666667
"10830",0.116666666666667
"10831",0.116666666666667
"10832",0.121666666666667
"10833",0.12
"10834",0.12
"10835",0.121666666666667
"10836",0.118333333333333
"10837",0.12
"10838",0.116666666666667
"10839",0.12
"10840",0.123333333333333
"10841",0.121666666666667
"10842",0.116666666666667
"10843",0.12
"10844",0.118333333333333
"10845",0.125
"10846",0.125
"10847",0.125
"10848",0.125
"10849",0.126666666666667
"10850",0.123333333333333
"10851",0.116666666666667
"10852",0.118333333333333
"10853",0.118333333333333
"10854",0.12
"10855",0.118333333333333
"10856",0.12
"10857",0.12
"10858",0.12
"10859",0.123333333333333
"10860",0.121666666666667
"10861",0.121666666666667
"10862",0.123333333333333
"10863",0.126666666666667
"10864",0.121666666666667
"10865",0.118333333333333
"10866",0.121666666666667
"10867",0.123333333333333
"10868",0.125
"10869",0.12
"10870",0.121666666666667
"10871",0.126666666666667
"10872",0.126666666666667
"10873",0.125
"10874",0.126666666666667
"10875",0.126666666666667
"10876",0.125
"10877",0.123333333333333
"10878",0.118333333333333
"10879",0.126666666666667
"10880",0.126666666666667
"10881",0.121666666666667
"10882",0.121666666666667
"10883",0.123333333333333
"10884",0.123333333333333
"10885",0.123333333333333
"10886",0.126666666666667
"10887",0.125
"10888",0.125
"10889",0.126666666666667
"10890",0.13
"10891",0.125
"10892",0.121666666666667
"10893",0.125
"10894",0.126666666666667
"10895",0.128333333333333
"10896",0.123333333333333
"10897",0.125
"10898",0.13
"10899",0.13
"10900",0.128333333333333
"10901",0.13
"10902",0.13
"10903",0.128333333333333
"10904",0.126666666666667
"10905",0.121666666666667
"10906",0.13
"10907",0.13
"10908",0.125
"10909",0.123333333333333
"10910",0.121666666666667
"10911",0.125
"10912",0.125
"10913",0.125
"10914",0.126666666666667
"10915",0.126666666666667
"10916",0.125
"10917",0.128333333333333
"10918",0.126666666666667
"10919",0.123333333333333
"10920",0.126666666666667
"10921",0.125
"10922",0.126666666666667
"10923",0.125
"10924",0.126666666666667
"10925",0.128333333333333
"10926",0.131666666666667
"10927",0.126666666666667
"10928",0.131666666666667
"10929",0.131666666666667
"10930",0.13
"10931",0.125
"10932",0.123333333333333
"10933",0.128333333333333
"10934",0.128333333333333
"10935",0.126666666666667
"10936",0.0966666666666667
"10937",0.0983333333333333
"10938",0.095
"10939",0.095
"10940",0.1
"10941",0.0966666666666667
"10942",0.0966666666666667
"10943",0.1
"10944",0.1
"10945",0.0966666666666667
"10946",0.0966666666666667
"10947",0.0966666666666667
"10948",0.1
"10949",0.101666666666667
"10950",0.095
"10951",0.0966666666666667
"10952",0.1
"10953",0.1
"10954",0.101666666666667
"10955",0.1
"10956",0.1
"10957",0.101666666666667
"10958",0.1
"10959",0.0966666666666667
"10960",0.1
"10961",0.1
"10962",0.0966666666666667
"10963",0.0966666666666667
"10964",0.0983333333333333
"10965",0.095
"10966",0.095
"10967",0.1
"10968",0.0966666666666667
"10969",0.0966666666666667
"10970",0.1
"10971",0.1
"10972",0.0966666666666667
"10973",0.0966666666666667
"10974",0.0966666666666667
"10975",0.1
"10976",0.101666666666667
"10977",0.095
"10978",0.0966666666666667
"10979",0.1
"10980",0.1
"10981",0.101666666666667
"10982",0.1
"10983",0.1
"10984",0.101666666666667
"10985",0.1
"10986",0.0966666666666667
"10987",0.1
"10988",0.1
"10989",0.0966666666666667
"10990",0.0966666666666667
"10991",0.0983333333333333
"10992",0.095
"10993",0.095
"10994",0.1
"10995",0.0966666666666667
"10996",0.0966666666666667
"10997",0.1
"10998",0.1
"10999",0.0966666666666667
"11000",0.0966666666666667
"11001",0.0966666666666667
"11002",0.1
"11003",0.101666666666667
"11004",0.095
"11005",0.0966666666666667
"11006",0.1
"11007",0.1
"11008",0.101666666666667
"11009",0.1
"11010",0.1
"11011",0.101666666666667
"11012",0.1
"11013",0.0966666666666667
"11014",0.1
"11015",0.1
"11016",0.0966666666666667
"11017",0.0983333333333333
"11018",0.105
"11019",0.1
"11020",0.1
"11021",0.108333333333333
"11022",0.1
"11023",0.1
"11024",0.108333333333333
"11025",0.0933333333333333
"11026",0.1
"11027",0.0983333333333333
"11028",0.1
"11029",0.106666666666667
"11030",0.108333333333333
"11031",0.1
"11032",0.1
"11033",0.0933333333333333
"11034",0.0983333333333333
"11035",0.108333333333333
"11036",0.0983333333333333
"11037",0.0983333333333333
"11038",0.1
"11039",0.106666666666667
"11040",0.0983333333333333
"11041",0.0933333333333333
"11042",0.0933333333333333
"11043",0.1
"11044",0.0966666666666667
"11045",0.103333333333333
"11046",0.0983333333333333
"11047",0.0983333333333333
"11048",0.106666666666667
"11049",0.0983333333333333
"11050",0.0983333333333333
"11051",0.106666666666667
"11052",0.095
"11053",0.0983333333333333
"11054",0.0966666666666667
"11055",0.0983333333333333
"11056",0.105
"11057",0.106666666666667
"11058",0.0983333333333333
"11059",0.0983333333333333
"11060",0.095
"11061",0.1
"11062",0.106666666666667
"11063",0.1
"11064",0.1
"11065",0.101666666666667
"11066",0.105
"11067",0.0966666666666667
"11068",0.095
"11069",0.095
"11070",0.0983333333333333
"11071",0.0966666666666667
"11072",0.103333333333333
"11073",0.0983333333333333
"11074",0.0983333333333333
"11075",0.106666666666667
"11076",0.0983333333333333
"11077",0.0983333333333333
"11078",0.106666666666667
"11079",0.0916666666666667
"11080",0.0983333333333333
"11081",0.0966666666666667
"11082",0.0983333333333333
"11083",0.105
"11084",0.106666666666667
"11085",0.0983333333333333
"11086",0.0983333333333333
"11087",0.0916666666666667
"11088",0.0966666666666667
"11089",0.106666666666667
"11090",0.0966666666666667
"11091",0.0966666666666667
"11092",0.0983333333333333
"11093",0.105
"11094",0.0966666666666667
"11095",0.0916666666666667
"11096",0.0916666666666667
"11097",0.0983333333333333
"11098",0.0983333333333333
"11099",0.105
"11100",0.1
"11101",0.1
"11102",0.108333333333333
"11103",0.1
"11104",0.1
"11105",0.108333333333333
"11106",0.0933333333333333
"11107",0.1
"11108",0.0983333333333333
"11109",0.1
"11110",0.106666666666667
"11111",0.108333333333333
"11112",0.1
"11113",0.1
"11114",0.0933333333333333
"11115",0.0983333333333333
"11116",0.108333333333333
"11117",0.0983333333333333
"11118",0.0983333333333333
"11119",0.1
"11120",0.106666666666667
"11121",0.0983333333333333
"11122",0.0933333333333333
"11123",0.0933333333333333
"11124",0.1
"11125",0.0966666666666667
"11126",0.103333333333333
"11127",0.0983333333333333
"11128",0.0983333333333333
"11129",0.106666666666667
"11130",0.0983333333333333
"11131",0.0983333333333333
"11132",0.106666666666667
"11133",0.0916666666666667
"11134",0.0983333333333333
"11135",0.0966666666666667
"11136",0.0983333333333333
"11137",0.105
"11138",0.106666666666667
"11139",0.0983333333333333
"11140",0.0983333333333333
"11141",0.0916666666666667
"11142",0.0966666666666667
"11143",0.106666666666667
"11144",0.0966666666666667
"11145",0.0966666666666667
"11146",0.0983333333333333
"11147",0.105
"11148",0.0966666666666667
"11149",0.0916666666666667
"11150",0.0916666666666667
"11151",0.0983333333333333
"11152",0.0966666666666667
"11153",0.103333333333333
"11154",0.0983333333333333
"11155",0.0983333333333333
"11156",0.106666666666667
"11157",0.0983333333333333
"11158",0.0983333333333333
"11159",0.106666666666667
"11160",0.0916666666666667
"11161",0.0983333333333333
"11162",0.0966666666666667
"11163",0.0983333333333333
"11164",0.105
"11165",0.106666666666667
"11166",0.0983333333333333
"11167",0.0983333333333333
"11168",0.0916666666666667
"11169",0.0966666666666667
"11170",0.106666666666667
"11171",0.0966666666666667
"11172",0.0966666666666667
"11173",0.0983333333333333
"11174",0.105
"11175",0.0966666666666667
"11176",0.0916666666666667
"11177",0.0916666666666667
"11178",0.0983333333333333
"11179",0.0983333333333333
"11180",0.105
"11181",0.1
"11182",0.1
"11183",0.108333333333333
"11184",0.1
"11185",0.1
"11186",0.108333333333333
"11187",0.0933333333333333
"11188",0.1
"11189",0.0983333333333333
"11190",0.1
"11191",0.106666666666667
"11192",0.108333333333333
"11193",0.1
"11194",0.1
"11195",0.0933333333333333
"11196",0.0983333333333333
"11197",0.108333333333333
"11198",0.0983333333333333
"11199",0.0983333333333333
"11200",0.1
"11201",0.106666666666667
"11202",0.0983333333333333
"11203",0.0933333333333333
"11204",0.0933333333333333
"11205",0.1
"11206",0.0983333333333333
"11207",0.105
"11208",0.1
"11209",0.1
"11210",0.108333333333333
"11211",0.1
"11212",0.1
"11213",0.108333333333333
"11214",0.0933333333333333
"11215",0.1
"11216",0.0983333333333333
"11217",0.1
"11218",0.106666666666667
"11219",0.108333333333333
"11220",0.1
"11221",0.1
"11222",0.0933333333333333
"11223",0.0983333333333333
"11224",0.108333333333333
"11225",0.0983333333333333
"11226",0.0983333333333333
"11227",0.1
"11228",0.106666666666667
"11229",0.0983333333333333
"11230",0.0933333333333333
"11231",0.0933333333333333
"11232",0.1
"11233",0.0983333333333333
"11234",0.105
"11235",0.1
"11236",0.1
"11237",0.108333333333333
"11238",0.1
"11239",0.1
"11240",0.108333333333333
"11241",0.0933333333333333
"11242",0.1
"11243",0.0983333333333333
"11244",0.1
"11245",0.106666666666667
"11246",0.108333333333333
"11247",0.1
"11248",0.1
"11249",0.0933333333333333
"11250",0.0983333333333333
"11251",0.108333333333333
"11252",0.0983333333333333
"11253",0.0983333333333333
"11254",0.1
"11255",0.106666666666667
"11256",0.0983333333333333
"11257",0.0933333333333333
"11258",0.0933333333333333
"11259",0.1
"11260",0.0983333333333333
"11261",0.105
"11262",0.1
"11263",0.1
"11264",0.108333333333333
"11265",0.1
"11266",0.1
"11267",0.108333333333333
"11268",0.0933333333333333
"11269",0.1
"11270",0.0983333333333333
"11271",0.1
"11272",0.106666666666667
"11273",0.108333333333333
"11274",0.1
"11275",0.1
"11276",0.0933333333333333
"11277",0.0983333333333333
"11278",0.108333333333333
"11279",0.0983333333333333
"11280",0.0983333333333333
"11281",0.1
"11282",0.106666666666667
"11283",0.0983333333333333
"11284",0.0933333333333333
"11285",0.0933333333333333
"11286",0.1
"11287",0.0983333333333333
"11288",0.105
"11289",0.1
"11290",0.1
"11291",0.108333333333333
"11292",0.1
"11293",0.1
"11294",0.108333333333333
"11295",0.0933333333333333
"11296",0.1
"11297",0.0983333333333333
"11298",0.1
"11299",0.106666666666667
"11300",0.108333333333333
"11301",0.1
"11302",0.1
"11303",0.0933333333333333
"11304",0.0983333333333333
"11305",0.108333333333333
"11306",0.0983333333333333
"11307",0.0983333333333333
"11308",0.1
"11309",0.106666666666667
"11310",0.0983333333333333
"11311",0.0933333333333333
"11312",0.0933333333333333
"11313",0.1
"11314",0.0966666666666667
"11315",0.103333333333333
"11316",0.0983333333333333
"11317",0.0983333333333333
"11318",0.106666666666667
"11319",0.0983333333333333
"11320",0.0983333333333333
"11321",0.106666666666667
"11322",0.0916666666666667
"11323",0.0983333333333333
"11324",0.0966666666666667
"11325",0.0983333333333333
"11326",0.105
"11327",0.106666666666667
"11328",0.0983333333333333
"11329",0.0983333333333333
"11330",0.0916666666666667
"11331",0.0966666666666667
"11332",0.106666666666667
"11333",0.0966666666666667
"11334",0.0966666666666667
"11335",0.0983333333333333
"11336",0.105
"11337",0.0966666666666667
"11338",0.0916666666666667
"11339",0.0916666666666667
"11340",0.0983333333333333
"11341",0.0983333333333333
"11342",0.105
"11343",0.1
"11344",0.1
"11345",0.108333333333333
"11346",0.1
"11347",0.1
"11348",0.108333333333333
"11349",0.0933333333333333
"11350",0.1
"11351",0.0983333333333333
"11352",0.1
"11353",0.106666666666667
"11354",0.108333333333333
"11355",0.1
"11356",0.1
"11357",0.0933333333333333
"11358",0.0983333333333333
"11359",0.108333333333333
"11360",0.0983333333333333
"11361",0.0983333333333333
"11362",0.1
"11363",0.106666666666667
"11364",0.0983333333333333
"11365",0.0933333333333333
"11366",0.0933333333333333
"11367",0.1
"11368",0.0983333333333333
"11369",0.105
"11370",0.1
"11371",0.1
"11372",0.108333333333333
"11373",0.1
"11374",0.1
"11375",0.108333333333333
"11376",0.0933333333333333
"11377",0.1
"11378",0.0983333333333333
"11379",0.1
"11380",0.106666666666667
"11381",0.108333333333333
"11382",0.1
"11383",0.1
"11384",0.0933333333333333
"11385",0.0983333333333333
"11386",0.108333333333333
"11387",0.0983333333333333
"11388",0.0983333333333333
"11389",0.1
"11390",0.106666666666667
"11391",0.0983333333333333
"11392",0.0933333333333333
"11393",0.0933333333333333
"11394",0.1
"11395",0.0983333333333333
"11396",0.105
"11397",0.1
"11398",0.1
"11399",0.108333333333333
"11400",0.1
"11401",0.1
"11402",0.108333333333333
"11403",0.0933333333333333
"11404",0.1
"11405",0.0983333333333333
"11406",0.1
"11407",0.106666666666667
"11408",0.108333333333333
"11409",0.1
"11410",0.1
"11411",0.0933333333333333
"11412",0.0983333333333333
"11413",0.108333333333333
"11414",0.0983333333333333
"11415",0.0983333333333333
"11416",0.1
"11417",0.106666666666667
"11418",0.0983333333333333
"11419",0.0933333333333333
"11420",0.0933333333333333
"11421",0.1
"11422",0.0983333333333333
"11423",0.105
"11424",0.1
"11425",0.1
"11426",0.108333333333333
"11427",0.1
"11428",0.1
"11429",0.108333333333333
"11430",0.0933333333333333
"11431",0.1
"11432",0.0983333333333333
"11433",0.1
"11434",0.106666666666667
"11435",0.108333333333333
"11436",0.1
"11437",0.1
"11438",0.0933333333333333
"11439",0.0983333333333333
"11440",0.108333333333333
"11441",0.0983333333333333
"11442",0.0983333333333333
"11443",0.1
"11444",0.106666666666667
"11445",0.0983333333333333
"11446",0.0933333333333333
"11447",0.0933333333333333
"11448",0.1
"11449",0.0933333333333333
"11450",0.0983333333333333
"11451",0.095
"11452",0.095
"11453",0.1
"11454",0.0933333333333333
"11455",0.0933333333333333
"11456",0.1
"11457",0.1
"11458",0.0933333333333333
"11459",0.0933333333333333
"11460",0.0933333333333333
"11461",0.0983333333333333
"11462",0.1
"11463",0.095
"11464",0.0933333333333333
"11465",0.1
"11466",0.0966666666666667
"11467",0.1
"11468",0.0966666666666667
"11469",0.0966666666666667
"11470",0.095
"11471",0.0983333333333333
"11472",0.0933333333333333
"11473",0.1
"11474",0.1
"11475",0.0933333333333333
"11476",0.0933333333333333
"11477",0.0983333333333333
"11478",0.095
"11479",0.095
"11480",0.1
"11481",0.0933333333333333
"11482",0.0933333333333333
"11483",0.1
"11484",0.1
"11485",0.0933333333333333
"11486",0.0933333333333333
"11487",0.0933333333333333
"11488",0.0983333333333333
"11489",0.1
"11490",0.095
"11491",0.0933333333333333
"11492",0.1
"11493",0.0966666666666667
"11494",0.1
"11495",0.0966666666666667
"11496",0.0966666666666667
"11497",0.095
"11498",0.0983333333333333
"11499",0.0933333333333333
"11500",0.1
"11501",0.1
"11502",0.0933333333333333
"11503",0.095
"11504",0.1
"11505",0.0966666666666667
"11506",0.0966666666666667
"11507",0.101666666666667
"11508",0.095
"11509",0.095
"11510",0.101666666666667
"11511",0.101666666666667
"11512",0.095
"11513",0.095
"11514",0.095
"11515",0.1
"11516",0.101666666666667
"11517",0.0966666666666667
"11518",0.095
"11519",0.101666666666667
"11520",0.0983333333333333
"11521",0.101666666666667
"11522",0.0983333333333333
"11523",0.0983333333333333
"11524",0.0966666666666667
"11525",0.1
"11526",0.095
"11527",0.101666666666667
"11528",0.101666666666667
"11529",0.095
"11530",0.0183333333333333
"11531",0.03
"11532",0.02
"11533",0.02
"11534",0.0266666666666667
"11535",0.0166666666666667
"11536",0.0166666666666667
"11537",0.0266666666666667
"11538",0.0216666666666667
"11539",0.0166666666666667
"11540",0.0183333333333333
"11541",0.0166666666666667
"11542",0.0216666666666667
"11543",0.0233333333333333
"11544",0.02
"11545",0.0166666666666667
"11546",0.0216666666666667
"11547",0.00833333333333333
"11548",0.0233333333333333
"11549",0.00833333333333333
"11550",0.00833333333333333
"11551",0.00666666666666667
"11552",0.0216666666666667
"11553",0.0183333333333333
"11554",0.0216666666666667
"11555",0.0216666666666667
"11556",0.0166666666666667
"11557",0.0183333333333333
"11558",0.03
"11559",0.02
"11560",0.02
"11561",0.0266666666666667
"11562",0.0166666666666667
"11563",0.0166666666666667
"11564",0.0266666666666667
"11565",0.0216666666666667
"11566",0.0166666666666667
"11567",0.0183333333333333
"11568",0.0166666666666667
"11569",0.0216666666666667
"11570",0.0233333333333333
"11571",0.02
"11572",0.0166666666666667
"11573",0.0216666666666667
"11574",0.00833333333333333
"11575",0.0233333333333333
"11576",0.00833333333333333
"11577",0.00833333333333333
"11578",0.00666666666666667
"11579",0.0216666666666667
"11580",0.0183333333333333
"11581",0.0216666666666667
"11582",0.0216666666666667
"11583",0.0166666666666667
"11584",0.0183333333333333
"11585",0.03
"11586",0.02
"11587",0.02
"11588",0.0266666666666667
"11589",0.0166666666666667
"11590",0.0166666666666667
"11591",0.0266666666666667
"11592",0.0216666666666667
"11593",0.0166666666666667
"11594",0.0183333333333333
"11595",0.0166666666666667
"11596",0.0216666666666667
"11597",0.0233333333333333
"11598",0.02
"11599",0.0166666666666667
"11600",0.0216666666666667
"11601",0.00833333333333333
"11602",0.0233333333333333
"11603",0.00833333333333333
"11604",0.00833333333333333
"11605",0.00666666666666667
"11606",0.0216666666666667
"11607",0.0183333333333333
"11608",0.0216666666666667
"11609",0.0216666666666667
"11610",0.0166666666666667
"11611",0.125
"11612",0.128333333333333
"11613",0.125
"11614",0.125
"11615",0.131666666666667
"11616",0.128333333333333
"11617",0.128333333333333
"11618",0.131666666666667
"11619",0.128333333333333
"11620",0.128333333333333
"11621",0.125
"11622",0.128333333333333
"11623",0.133333333333333
"11624",0.131666666666667
"11625",0.125
"11626",0.128333333333333
"11627",0.128333333333333
"11628",0.13
"11629",0.135
"11630",0.13
"11631",0.13
"11632",0.13
"11633",0.133333333333333
"11634",0.125
"11635",0.128333333333333
"11636",0.128333333333333
"11637",0.128333333333333
"11638",0.118333333333333
"11639",0.121666666666667
"11640",0.118333333333333
"11641",0.118333333333333
"11642",0.125
"11643",0.121666666666667
"11644",0.121666666666667
"11645",0.125
"11646",0.121666666666667
"11647",0.121666666666667
"11648",0.118333333333333
"11649",0.121666666666667
"11650",0.126666666666667
"11651",0.125
"11652",0.118333333333333
"11653",0.121666666666667
"11654",0.121666666666667
"11655",0.12
"11656",0.128333333333333
"11657",0.12
"11658",0.12
"11659",0.12
"11660",0.126666666666667
"11661",0.118333333333333
"11662",0.121666666666667
"11663",0.121666666666667
"11664",0.121666666666667
"11665",0.118333333333333
"11666",0.121666666666667
"11667",0.118333333333333
"11668",0.118333333333333
"11669",0.125
"11670",0.121666666666667
"11671",0.121666666666667
"11672",0.125
"11673",0.121666666666667
"11674",0.121666666666667
"11675",0.118333333333333
"11676",0.121666666666667
"11677",0.126666666666667
"11678",0.125
"11679",0.118333333333333
"11680",0.121666666666667
"11681",0.121666666666667
"11682",0.12
"11683",0.128333333333333
"11684",0.12
"11685",0.12
"11686",0.12
"11687",0.126666666666667
"11688",0.118333333333333
"11689",0.121666666666667
"11690",0.121666666666667
"11691",0.121666666666667
"11692",0.126666666666667
"11693",0.13
"11694",0.126666666666667
"11695",0.126666666666667
"11696",0.133333333333333
"11697",0.126666666666667
"11698",0.126666666666667
"11699",0.133333333333333
"11700",0.126666666666667
"11701",0.126666666666667
"11702",0.126666666666667
"11703",0.126666666666667
"11704",0.131666666666667
"11705",0.13
"11706",0.126666666666667
"11707",0.126666666666667
"11708",0.126666666666667
"11709",0.125
"11710",0.133333333333333
"11711",0.125
"11712",0.125
"11713",0.125
"11714",0.131666666666667
"11715",0.126666666666667
"11716",0.126666666666667
"11717",0.126666666666667
"11718",0.126666666666667
"11719",0.118333333333333
"11720",0.121666666666667
"11721",0.118333333333333
"11722",0.118333333333333
"11723",0.125
"11724",0.121666666666667
"11725",0.121666666666667
"11726",0.125
"11727",0.121666666666667
"11728",0.121666666666667
"11729",0.118333333333333
"11730",0.121666666666667
"11731",0.126666666666667
"11732",0.125
"11733",0.118333333333333
"11734",0.121666666666667
"11735",0.121666666666667
"11736",0.12
"11737",0.128333333333333
"11738",0.12
"11739",0.12
"11740",0.12
"11741",0.126666666666667
"11742",0.118333333333333
"11743",0.121666666666667
"11744",0.121666666666667
"11745",0.121666666666667
"11746",0.118333333333333
"11747",0.121666666666667
"11748",0.118333333333333
"11749",0.118333333333333
"11750",0.125
"11751",0.121666666666667
"11752",0.121666666666667
"11753",0.125
"11754",0.121666666666667
"11755",0.121666666666667
"11756",0.118333333333333
"11757",0.121666666666667
"11758",0.126666666666667
"11759",0.125
"11760",0.118333333333333
"11761",0.121666666666667
"11762",0.121666666666667
"11763",0.12
"11764",0.128333333333333
"11765",0.12
"11766",0.12
"11767",0.12
"11768",0.126666666666667
"11769",0.118333333333333
"11770",0.121666666666667
"11771",0.121666666666667
"11772",0.121666666666667
"11773",0.118333333333333
"11774",0.121666666666667
"11775",0.118333333333333
"11776",0.118333333333333
"11777",0.125
"11778",0.121666666666667
"11779",0.121666666666667
"11780",0.125
"11781",0.121666666666667
"11782",0.121666666666667
"11783",0.118333333333333
"11784",0.121666666666667
"11785",0.126666666666667
"11786",0.125
"11787",0.118333333333333
"11788",0.121666666666667
"11789",0.121666666666667
"11790",0.12
"11791",0.128333333333333
"11792",0.12
"11793",0.12
"11794",0.12
"11795",0.126666666666667
"11796",0.118333333333333
"11797",0.121666666666667
"11798",0.121666666666667
"11799",0.121666666666667
"11800",0.118333333333333
"11801",0.121666666666667
"11802",0.118333333333333
"11803",0.118333333333333
"11804",0.125
"11805",0.121666666666667
"11806",0.121666666666667
"11807",0.125
"11808",0.121666666666667
"11809",0.121666666666667
"11810",0.118333333333333
"11811",0.121666666666667
"11812",0.126666666666667
"11813",0.125
"11814",0.118333333333333
"11815",0.121666666666667
"11816",0.121666666666667
"11817",0.12
"11818",0.128333333333333
"11819",0.12
"11820",0.12
"11821",0.12
"11822",0.126666666666667
"11823",0.118333333333333
"11824",0.121666666666667
"11825",0.121666666666667
"11826",0.121666666666667
"11827",0.118333333333333
"11828",0.121666666666667
"11829",0.118333333333333
"11830",0.118333333333333
"11831",0.125
"11832",0.121666666666667
"11833",0.121666666666667
"11834",0.125
"11835",0.121666666666667
"11836",0.121666666666667
"11837",0.118333333333333
"11838",0.121666666666667
"11839",0.126666666666667
"11840",0.125
"11841",0.118333333333333
"11842",0.121666666666667
"11843",0.121666666666667
"11844",0.12
"11845",0.128333333333333
"11846",0.12
"11847",0.12
"11848",0.12
"11849",0.126666666666667
"11850",0.118333333333333
"11851",0.121666666666667
"11852",0.121666666666667
"11853",0.121666666666667
"11854",0.115
"11855",0.115
"11856",0.115
"11857",0.115
"11858",0.118333333333333
"11859",0.118333333333333
"11860",0.118333333333333
"11861",0.118333333333333
"11862",0.108333333333333
"11863",0.118333333333333
"11864",0.115
"11865",0.118333333333333
"11866",0.12
"11867",0.118333333333333
"11868",0.115
"11869",0.118333333333333
"11870",0.108333333333333
"11871",0.118333333333333
"11872",0.121666666666667
"11873",0.118333333333333
"11874",0.118333333333333
"11875",0.12
"11876",0.12
"11877",0.115
"11878",0.108333333333333
"11879",0.108333333333333
"11880",0.118333333333333
"11881",0.118333333333333
"11882",0.115
"11883",0.118333333333333
"11884",0.118333333333333
"11885",0.118333333333333
"11886",0.118333333333333
"11887",0.118333333333333
"11888",0.118333333333333
"11889",0.108333333333333
"11890",0.118333333333333
"11891",0.118333333333333
"11892",0.118333333333333
"11893",0.116666666666667
"11894",0.115
"11895",0.118333333333333
"11896",0.118333333333333
"11897",0.108333333333333
"11898",0.118333333333333
"11899",0.118333333333333
"11900",0.118333333333333
"11901",0.118333333333333
"11902",0.12
"11903",0.116666666666667
"11904",0.118333333333333
"11905",0.108333333333333
"11906",0.108333333333333
"11907",0.118333333333333
"11908",0.116666666666667
"11909",0.113333333333333
"11910",0.116666666666667
"11911",0.116666666666667
"11912",0.116666666666667
"11913",0.12
"11914",0.12
"11915",0.116666666666667
"11916",0.11
"11917",0.12
"11918",0.116666666666667
"11919",0.12
"11920",0.118333333333333
"11921",0.116666666666667
"11922",0.116666666666667
"11923",0.12
"11924",0.11
"11925",0.12
"11926",0.12
"11927",0.12
"11928",0.12
"11929",0.121666666666667
"11930",0.118333333333333
"11931",0.116666666666667
"11932",0.11
"11933",0.11
"11934",0.12
"11935",0.116666666666667
"11936",0.113333333333333
"11937",0.116666666666667
"11938",0.116666666666667
"11939",0.116666666666667
"11940",0.12
"11941",0.12
"11942",0.116666666666667
"11943",0.11
"11944",0.12
"11945",0.116666666666667
"11946",0.12
"11947",0.118333333333333
"11948",0.116666666666667
"11949",0.116666666666667
"11950",0.12
"11951",0.11
"11952",0.12
"11953",0.12
"11954",0.12
"11955",0.12
"11956",0.121666666666667
"11957",0.118333333333333
"11958",0.116666666666667
"11959",0.11
"11960",0.11
"11961",0.12
"11962",0.118333333333333
"11963",0.118333333333333
"11964",0.118333333333333
"11965",0.118333333333333
"11966",0.121666666666667
"11967",0.118333333333333
"11968",0.118333333333333
"11969",0.121666666666667
"11970",0.108333333333333
"11971",0.118333333333333
"11972",0.118333333333333
"11973",0.118333333333333
"11974",0.12
"11975",0.118333333333333
"11976",0.118333333333333
"11977",0.118333333333333
"11978",0.108333333333333
"11979",0.118333333333333
"11980",0.121666666666667
"11981",0.118333333333333
"11982",0.118333333333333
"11983",0.12
"11984",0.12
"11985",0.118333333333333
"11986",0.108333333333333
"11987",0.108333333333333
"11988",0.118333333333333
"11989",0.116666666666667
"11990",0.116666666666667
"11991",0.116666666666667
"11992",0.116666666666667
"11993",0.12
"11994",0.12
"11995",0.12
"11996",0.12
"11997",0.11
"11998",0.12
"11999",0.116666666666667
"12000",0.12
"12001",0.121666666666667
"12002",0.12
"12003",0.116666666666667
"12004",0.12
"12005",0.11
"12006",0.12
"12007",0.123333333333333
"12008",0.12
"12009",0.12
"12010",0.121666666666667
"12011",0.121666666666667
"12012",0.116666666666667
"12013",0.11
"12014",0.11
"12015",0.12
"12016",0.118333333333333
"12017",0.118333333333333
"12018",0.118333333333333
"12019",0.118333333333333
"12020",0.121666666666667
"12021",0.121666666666667
"12022",0.121666666666667
"12023",0.121666666666667
"12024",0.111666666666667
"12025",0.121666666666667
"12026",0.118333333333333
"12027",0.121666666666667
"12028",0.123333333333333
"12029",0.121666666666667
"12030",0.118333333333333
"12031",0.121666666666667
"12032",0.111666666666667
"12033",0.121666666666667
"12034",0.125
"12035",0.121666666666667
"12036",0.121666666666667
"12037",0.123333333333333
"12038",0.123333333333333
"12039",0.118333333333333
"12040",0.111666666666667
"12041",0.111666666666667
"12042",0.121666666666667
"12043",0.115
"12044",0.116666666666667
"12045",0.115
"12046",0.115
"12047",0.118333333333333
"12048",0.118333333333333
"12049",0.118333333333333
"12050",0.118333333333333
"12051",0.108333333333333
"12052",0.118333333333333
"12053",0.115
"12054",0.118333333333333
"12055",0.12
"12056",0.118333333333333
"12057",0.115
"12058",0.118333333333333
"12059",0.108333333333333
"12060",0.118333333333333
"12061",0.121666666666667
"12062",0.118333333333333
"12063",0.118333333333333
"12064",0.12
"12065",0.12
"12066",0.115
"12067",0.108333333333333
"12068",0.108333333333333
"12069",0.118333333333333
"12070",0.115
"12071",0.115
"12072",0.115
"12073",0.115
"12074",0.118333333333333
"12075",0.118333333333333
"12076",0.118333333333333
"12077",0.118333333333333
"12078",0.108333333333333
"12079",0.118333333333333
"12080",0.115
"12081",0.118333333333333
"12082",0.12
"12083",0.118333333333333
"12084",0.115
"12085",0.118333333333333
"12086",0.108333333333333
"12087",0.118333333333333
"12088",0.121666666666667
"12089",0.118333333333333
"12090",0.118333333333333
"12091",0.12
"12092",0.12
"12093",0.115
"12094",0.108333333333333
"12095",0.108333333333333
"12096",0.118333333333333
"12097",0.113333333333333
"12098",0.113333333333333
"12099",0.113333333333333
"12100",0.113333333333333
"12101",0.116666666666667
"12102",0.116666666666667
"12103",0.116666666666667
"12104",0.116666666666667
"12105",0.106666666666667
"12106",0.116666666666667
"12107",0.113333333333333
"12108",0.116666666666667
"12109",0.118333333333333
"12110",0.116666666666667
"12111",0.113333333333333
"12112",0.116666666666667
"12113",0.106666666666667
"12114",0.116666666666667
"12115",0.12
"12116",0.116666666666667
"12117",0.116666666666667
"12118",0.118333333333333
"12119",0.118333333333333
"12120",0.113333333333333
"12121",0.106666666666667
"12122",0.106666666666667
"12123",0.116666666666667
"12124",0.115
"12125",0.115
"12126",0.115
"12127",0.115
"12128",0.118333333333333
"12129",0.118333333333333
"12130",0.118333333333333
"12131",0.118333333333333
"12132",0.108333333333333
"12133",0.118333333333333
"12134",0.115
"12135",0.118333333333333
"12136",0.12
"12137",0.118333333333333
"12138",0.115
"12139",0.118333333333333
"12140",0.108333333333333
"12141",0.118333333333333
"12142",0.121666666666667
"12143",0.118333333333333
"12144",0.118333333333333
"12145",0.12
"12146",0.12
"12147",0.115
"12148",0.108333333333333
"12149",0.108333333333333
"12150",0.118333333333333
"12151",0.118333333333333
"12152",0.115
"12153",0.118333333333333
"12154",0.118333333333333
"12155",0.118333333333333
"12156",0.118333333333333
"12157",0.118333333333333
"12158",0.118333333333333
"12159",0.108333333333333
"12160",0.118333333333333
"12161",0.118333333333333
"12162",0.118333333333333
"12163",0.116666666666667
"12164",0.115
"12165",0.118333333333333
"12166",0.118333333333333
"12167",0.108333333333333
"12168",0.118333333333333
"12169",0.118333333333333
"12170",0.118333333333333
"12171",0.118333333333333
"12172",0.12
"12173",0.116666666666667
"12174",0.118333333333333
"12175",0.108333333333333
"12176",0.108333333333333
"12177",0.118333333333333
"12178",0.115
"12179",0.115
"12180",0.115
"12181",0.115
"12182",0.118333333333333
"12183",0.118333333333333
"12184",0.118333333333333
"12185",0.118333333333333
"12186",0.108333333333333
"12187",0.118333333333333
"12188",0.115
"12189",0.118333333333333
"12190",0.12
"12191",0.118333333333333
"12192",0.115
"12193",0.118333333333333
"12194",0.108333333333333
"12195",0.118333333333333
"12196",0.121666666666667
"12197",0.118333333333333
"12198",0.118333333333333
"12199",0.12
"12200",0.12
"12201",0.115
"12202",0.108333333333333
"12203",0.108333333333333
"12204",0.118333333333333
"12205",0.118333333333333
"12206",0.121666666666667
"12207",0.12
"12208",0.12
"12209",0.125
"12210",0.123333333333333
"12211",0.123333333333333
"12212",0.125
"12213",0.126666666666667
"12214",0.123333333333333
"12215",0.118333333333333
"12216",0.123333333333333
"12217",0.123333333333333
"12218",0.125
"12219",0.12
"12220",0.123333333333333
"12221",0.126666666666667
"12222",0.131666666666667
"12223",0.121666666666667
"12224",0.131666666666667
"12225",0.131666666666667
"12226",0.13
"12227",0.123333333333333
"12228",0.118333333333333
"12229",0.126666666666667
"12230",0.126666666666667
"12231",0.123333333333333
"12232",0.12
"12233",0.123333333333333
"12234",0.121666666666667
"12235",0.121666666666667
"12236",0.126666666666667
"12237",0.125
"12238",0.125
"12239",0.126666666666667
"12240",0.128333333333333
"12241",0.125
"12242",0.12
"12243",0.125
"12244",0.125
"12245",0.126666666666667
"12246",0.121666666666667
"12247",0.125
"12248",0.128333333333333
"12249",0.133333333333333
"12250",0.123333333333333
"12251",0.133333333333333
"12252",0.133333333333333
"12253",0.131666666666667
"12254",0.125
"12255",0.12
"12256",0.128333333333333
"12257",0.128333333333333
"12258",0.125
"12259",0.12
"12260",0.123333333333333
"12261",0.121666666666667
"12262",0.121666666666667
"12263",0.126666666666667
"12264",0.125
"12265",0.125
"12266",0.126666666666667
"12267",0.128333333333333
"12268",0.125
"12269",0.12
"12270",0.125
"12271",0.125
"12272",0.126666666666667
"12273",0.121666666666667
"12274",0.125
"12275",0.128333333333333
"12276",0.133333333333333
"12277",0.123333333333333
"12278",0.133333333333333
"12279",0.133333333333333
"12280",0.131666666666667
"12281",0.125
"12282",0.12
"12283",0.128333333333333
"12284",0.128333333333333
"12285",0.125
"12286",0.118333333333333
"12287",0.121666666666667
"12288",0.12
"12289",0.12
"12290",0.125
"12291",0.123333333333333
"12292",0.123333333333333
"12293",0.125
"12294",0.126666666666667
"12295",0.123333333333333
"12296",0.118333333333333
"12297",0.123333333333333
"12298",0.123333333333333
"12299",0.125
"12300",0.12
"12301",0.123333333333333
"12302",0.126666666666667
"12303",0.131666666666667
"12304",0.121666666666667
"12305",0.131666666666667
"12306",0.131666666666667
"12307",0.13
"12308",0.123333333333333
"12309",0.118333333333333
"12310",0.126666666666667
"12311",0.126666666666667
"12312",0.123333333333333
"12313",0.12
"12314",0.123333333333333
"12315",0.121666666666667
"12316",0.121666666666667
"12317",0.126666666666667
"12318",0.121666666666667
"12319",0.121666666666667
"12320",0.126666666666667
"12321",0.125
"12322",0.121666666666667
"12323",0.12
"12324",0.121666666666667
"12325",0.121666666666667
"12326",0.123333333333333
"12327",0.121666666666667
"12328",0.121666666666667
"12329",0.125
"12330",0.13
"12331",0.12
"12332",0.13
"12333",0.13
"12334",0.128333333333333
"12335",0.121666666666667
"12336",0.12
"12337",0.125
"12338",0.125
"12339",0.121666666666667
"12340",0.12
"12341",0.123333333333333
"12342",0.121666666666667
"12343",0.121666666666667
"12344",0.126666666666667
"12345",0.125
"12346",0.125
"12347",0.126666666666667
"12348",0.128333333333333
"12349",0.125
"12350",0.12
"12351",0.125
"12352",0.125
"12353",0.126666666666667
"12354",0.121666666666667
"12355",0.125
"12356",0.128333333333333
"12357",0.133333333333333
"12358",0.123333333333333
"12359",0.133333333333333
"12360",0.133333333333333
"12361",0.131666666666667
"12362",0.125
"12363",0.12
"12364",0.128333333333333
"12365",0.128333333333333
"12366",0.125
"12367",0.118333333333333
"12368",0.121666666666667
"12369",0.12
"12370",0.12
"12371",0.125
"12372",0.123333333333333
"12373",0.123333333333333
"12374",0.125
"12375",0.126666666666667
"12376",0.123333333333333
"12377",0.118333333333333
"12378",0.123333333333333
"12379",0.123333333333333
"12380",0.125
"12381",0.12
"12382",0.123333333333333
"12383",0.126666666666667
"12384",0.131666666666667
"12385",0.121666666666667
"12386",0.131666666666667
"12387",0.131666666666667
"12388",0.13
"12389",0.123333333333333
"12390",0.118333333333333
"12391",0.126666666666667
"12392",0.126666666666667
"12393",0.123333333333333
"12394",0.118333333333333
"12395",0.121666666666667
"12396",0.12
"12397",0.12
"12398",0.125
"12399",0.123333333333333
"12400",0.123333333333333
"12401",0.125
"12402",0.126666666666667
"12403",0.123333333333333
"12404",0.118333333333333
"12405",0.123333333333333
"12406",0.123333333333333
"12407",0.125
"12408",0.12
"12409",0.123333333333333
"12410",0.126666666666667
"12411",0.131666666666667
"12412",0.121666666666667
"12413",0.131666666666667
"12414",0.131666666666667
"12415",0.13
"12416",0.123333333333333
"12417",0.118333333333333
"12418",0.126666666666667
"12419",0.126666666666667
"12420",0.123333333333333
"12421",0.121666666666667
"12422",0.125
"12423",0.123333333333333
"12424",0.123333333333333
"12425",0.128333333333333
"12426",0.123333333333333
"12427",0.123333333333333
"12428",0.128333333333333
"12429",0.126666666666667
"12430",0.123333333333333
"12431",0.121666666666667
"12432",0.123333333333333
"12433",0.123333333333333
"12434",0.125
"12435",0.123333333333333
"12436",0.123333333333333
"12437",0.126666666666667
"12438",0.131666666666667
"12439",0.121666666666667
"12440",0.131666666666667
"12441",0.131666666666667
"12442",0.13
"12443",0.123333333333333
"12444",0.121666666666667
"12445",0.126666666666667
"12446",0.126666666666667
"12447",0.123333333333333
"12448",0.12
"12449",0.123333333333333
"12450",0.121666666666667
"12451",0.121666666666667
"12452",0.126666666666667
"12453",0.125
"12454",0.125
"12455",0.126666666666667
"12456",0.128333333333333
"12457",0.125
"12458",0.12
"12459",0.125
"12460",0.125
"12461",0.126666666666667
"12462",0.121666666666667
"12463",0.125
"12464",0.128333333333333
"12465",0.133333333333333
"12466",0.123333333333333
"12467",0.133333333333333
"12468",0.133333333333333
"12469",0.131666666666667
"12470",0.125
"12471",0.12
"12472",0.128333333333333
"12473",0.128333333333333
"12474",0.125
"12475",0.118333333333333
"12476",0.121666666666667
"12477",0.12
"12478",0.12
"12479",0.125
"12480",0.123333333333333
"12481",0.123333333333333
"12482",0.125
"12483",0.126666666666667
"12484",0.123333333333333
"12485",0.118333333333333
"12486",0.123333333333333
"12487",0.123333333333333
"12488",0.125
"12489",0.12
"12490",0.123333333333333
"12491",0.126666666666667
"12492",0.131666666666667
"12493",0.121666666666667
"12494",0.131666666666667
"12495",0.131666666666667
"12496",0.13
"12497",0.123333333333333
"12498",0.118333333333333
"12499",0.126666666666667
"12500",0.126666666666667
"12501",0.123333333333333
"12502",0.116666666666667
"12503",0.12
"12504",0.118333333333333
"12505",0.118333333333333
"12506",0.123333333333333
"12507",0.121666666666667
"12508",0.121666666666667
"12509",0.123333333333333
"12510",0.125
"12511",0.121666666666667
"12512",0.116666666666667
"12513",0.121666666666667
"12514",0.121666666666667
"12515",0.123333333333333
"12516",0.118333333333333
"12517",0.121666666666667
"12518",0.125
"12519",0.13
"12520",0.12
"12521",0.13
"12522",0.13
"12523",0.128333333333333
"12524",0.121666666666667
"12525",0.116666666666667
"12526",0.125
"12527",0.125
"12528",0.121666666666667
"12529",0.105
"12530",0.116666666666667
"12531",0.106666666666667
"12532",0.106666666666667
"12533",0.115
"12534",0.106666666666667
"12535",0.106666666666667
"12536",0.115
"12537",0.111666666666667
"12538",0.106666666666667
"12539",0.105
"12540",0.106666666666667
"12541",0.113333333333333
"12542",0.115
"12543",0.106666666666667
"12544",0.106666666666667
"12545",0.111666666666667
"12546",0.11
"12547",0.115
"12548",0.11
"12549",0.11
"12550",0.111666666666667
"12551",0.113333333333333
"12552",0.105
"12553",0.111666666666667
"12554",0.111666666666667
"12555",0.106666666666667
"12556",0.101666666666667
"12557",0.113333333333333
"12558",0.103333333333333
"12559",0.103333333333333
"12560",0.111666666666667
"12561",0.103333333333333
"12562",0.103333333333333
"12563",0.111666666666667
"12564",0.111666666666667
"12565",0.103333333333333
"12566",0.101666666666667
"12567",0.103333333333333
"12568",0.11
"12569",0.111666666666667
"12570",0.103333333333333
"12571",0.103333333333333
"12572",0.111666666666667
"12573",0.113333333333333
"12574",0.111666666666667
"12575",0.113333333333333
"12576",0.113333333333333
"12577",0.111666666666667
"12578",0.11
"12579",0.101666666666667
"12580",0.111666666666667
"12581",0.111666666666667
"12582",0.103333333333333
"12583",0.103333333333333
"12584",0.111666666666667
"12585",0.105
"12586",0.105
"12587",0.11
"12588",0.105
"12589",0.105
"12590",0.11
"12591",0.113333333333333
"12592",0.105
"12593",0.103333333333333
"12594",0.105
"12595",0.111666666666667
"12596",0.113333333333333
"12597",0.105
"12598",0.105
"12599",0.113333333333333
"12600",0.115
"12601",0.113333333333333
"12602",0.115
"12603",0.115
"12604",0.113333333333333
"12605",0.111666666666667
"12606",0.103333333333333
"12607",0.113333333333333
"12608",0.113333333333333
"12609",0.105
"12610",0.105
"12611",0.116666666666667
"12612",0.106666666666667
"12613",0.106666666666667
"12614",0.115
"12615",0.106666666666667
"12616",0.106666666666667
"12617",0.115
"12618",0.111666666666667
"12619",0.106666666666667
"12620",0.105
"12621",0.106666666666667
"12622",0.113333333333333
"12623",0.115
"12624",0.106666666666667
"12625",0.106666666666667
"12626",0.111666666666667
"12627",0.11
"12628",0.115
"12629",0.11
"12630",0.11
"12631",0.111666666666667
"12632",0.113333333333333
"12633",0.105
"12634",0.111666666666667
"12635",0.111666666666667
"12636",0.106666666666667
"12637",0.101666666666667
"12638",0.113333333333333
"12639",0.103333333333333
"12640",0.103333333333333
"12641",0.111666666666667
"12642",0.103333333333333
"12643",0.103333333333333
"12644",0.111666666666667
"12645",0.111666666666667
"12646",0.103333333333333
"12647",0.101666666666667
"12648",0.103333333333333
"12649",0.11
"12650",0.111666666666667
"12651",0.103333333333333
"12652",0.103333333333333
"12653",0.111666666666667
"12654",0.113333333333333
"12655",0.111666666666667
"12656",0.113333333333333
"12657",0.113333333333333
"12658",0.111666666666667
"12659",0.11
"12660",0.101666666666667
"12661",0.111666666666667
"12662",0.111666666666667
"12663",0.103333333333333
"12664",0.103333333333333
"12665",0.115
"12666",0.105
"12667",0.105
"12668",0.113333333333333
"12669",0.105
"12670",0.105
"12671",0.113333333333333
"12672",0.113333333333333
"12673",0.105
"12674",0.103333333333333
"12675",0.105
"12676",0.111666666666667
"12677",0.113333333333333
"12678",0.105
"12679",0.105
"12680",0.113333333333333
"12681",0.115
"12682",0.113333333333333
"12683",0.115
"12684",0.115
"12685",0.113333333333333
"12686",0.111666666666667
"12687",0.103333333333333
"12688",0.113333333333333
"12689",0.113333333333333
"12690",0.105
"12691",0.105
"12692",0.116666666666667
"12693",0.106666666666667
"12694",0.106666666666667
"12695",0.115
"12696",0.106666666666667
"12697",0.106666666666667
"12698",0.115
"12699",0.111666666666667
"12700",0.106666666666667
"12701",0.105
"12702",0.106666666666667
"12703",0.113333333333333
"12704",0.115
"12705",0.106666666666667
"12706",0.106666666666667
"12707",0.111666666666667
"12708",0.11
"12709",0.115
"12710",0.11
"12711",0.11
"12712",0.111666666666667
"12713",0.113333333333333
"12714",0.105
"12715",0.111666666666667
"12716",0.111666666666667
"12717",0.106666666666667
"12718",0.105
"12719",0.116666666666667
"12720",0.106666666666667
"12721",0.106666666666667
"12722",0.115
"12723",0.106666666666667
"12724",0.106666666666667
"12725",0.115
"12726",0.111666666666667
"12727",0.106666666666667
"12728",0.105
"12729",0.106666666666667
"12730",0.113333333333333
"12731",0.115
"12732",0.106666666666667
"12733",0.106666666666667
"12734",0.111666666666667
"12735",0.11
"12736",0.115
"12737",0.11
"12738",0.11
"12739",0.111666666666667
"12740",0.113333333333333
"12741",0.105
"12742",0.111666666666667
"12743",0.111666666666667
"12744",0.106666666666667
"12745",0.12
"12746",0.123333333333333
"12747",0.121666666666667
"12748",0.121666666666667
"12749",0.126666666666667
"12750",0.123333333333333
"12751",0.123333333333333
"12752",0.126666666666667
"12753",0.118333333333333
"12754",0.123333333333333
"12755",0.12
"12756",0.123333333333333
"12757",0.123333333333333
"12758",0.125
"12759",0.121666666666667
"12760",0.123333333333333
"12761",0.118333333333333
"12762",0.126666666666667
"12763",0.125
"12764",0.126666666666667
"12765",0.126666666666667
"12766",0.125
"12767",0.123333333333333
"12768",0.12
"12769",0.118333333333333
"12770",0.118333333333333
"12771",0.123333333333333
"12772",0.106666666666667
"12773",0.105
"12774",0.108333333333333
"12775",0.108333333333333
"12776",0.108333333333333
"12777",0.108333333333333
"12778",0.108333333333333
"12779",0.108333333333333
"12780",0.0983333333333333
"12781",0.108333333333333
"12782",0.106666666666667
"12783",0.108333333333333
"12784",0.108333333333333
"12785",0.108333333333333
"12786",0.108333333333333
"12787",0.108333333333333
"12788",0.0983333333333333
"12789",0.108333333333333
"12790",0.11
"12791",0.108333333333333
"12792",0.108333333333333
"12793",0.11
"12794",0.108333333333333
"12795",0.106666666666667
"12796",0.0983333333333333
"12797",0.0983333333333333
"12798",0.108333333333333
"12799",0.103333333333333
"12800",0.103333333333333
"12801",0.103333333333333
"12802",0.103333333333333
"12803",0.106666666666667
"12804",0.103333333333333
"12805",0.103333333333333
"12806",0.106666666666667
"12807",0.1
"12808",0.103333333333333
"12809",0.103333333333333
"12810",0.103333333333333
"12811",0.106666666666667
"12812",0.106666666666667
"12813",0.103333333333333
"12814",0.103333333333333
"12815",0.1
"12816",0.11
"12817",0.108333333333333
"12818",0.11
"12819",0.11
"12820",0.111666666666667
"12821",0.106666666666667
"12822",0.103333333333333
"12823",0.1
"12824",0.1
"12825",0.103333333333333
"12826",0.111666666666667
"12827",0.116666666666667
"12828",0.113333333333333
"12829",0.113333333333333
"12830",0.12
"12831",0.113333333333333
"12832",0.113333333333333
"12833",0.12
"12834",0.115
"12835",0.113333333333333
"12836",0.111666666666667
"12837",0.113333333333333
"12838",0.115
"12839",0.116666666666667
"12840",0.113333333333333
"12841",0.113333333333333
"12842",0.115
"12843",0.116666666666667
"12844",0.116666666666667
"12845",0.116666666666667
"12846",0.116666666666667
"12847",0.116666666666667
"12848",0.115
"12849",0.111666666666667
"12850",0.115
"12851",0.115
"12852",0.113333333333333
"12853",0.111666666666667
"12854",0.116666666666667
"12855",0.113333333333333
"12856",0.113333333333333
"12857",0.12
"12858",0.113333333333333
"12859",0.113333333333333
"12860",0.12
"12861",0.115
"12862",0.113333333333333
"12863",0.111666666666667
"12864",0.113333333333333
"12865",0.115
"12866",0.116666666666667
"12867",0.113333333333333
"12868",0.113333333333333
"12869",0.115
"12870",0.116666666666667
"12871",0.116666666666667
"12872",0.116666666666667
"12873",0.116666666666667
"12874",0.116666666666667
"12875",0.115
"12876",0.111666666666667
"12877",0.115
"12878",0.115
"12879",0.113333333333333
"12880",0.128333333333333
"12881",0.13
"12882",0.13
"12883",0.13
"12884",0.133333333333333
"12885",0.13
"12886",0.13
"12887",0.133333333333333
"12888",0.128333333333333
"12889",0.13
"12890",0.128333333333333
"12891",0.13
"12892",0.128333333333333
"12893",0.13
"12894",0.13
"12895",0.13
"12896",0.128333333333333
"12897",0.131666666666667
"12898",0.13
"12899",0.131666666666667
"12900",0.131666666666667
"12901",0.13
"12902",0.128333333333333
"12903",0.128333333333333
"12904",0.128333333333333
"12905",0.128333333333333
"12906",0.13
"12907",0.128333333333333
"12908",0.13
"12909",0.13
"12910",0.13
"12911",0.133333333333333
"12912",0.13
"12913",0.13
"12914",0.133333333333333
"12915",0.128333333333333
"12916",0.13
"12917",0.128333333333333
"12918",0.13
"12919",0.128333333333333
"12920",0.13
"12921",0.13
"12922",0.13
"12923",0.128333333333333
"12924",0.131666666666667
"12925",0.13
"12926",0.131666666666667
"12927",0.131666666666667
"12928",0.13
"12929",0.128333333333333
"12930",0.128333333333333
"12931",0.128333333333333
"12932",0.128333333333333
"12933",0.13
"12934",0.128333333333333
"12935",0.13
"12936",0.13
"12937",0.13
"12938",0.133333333333333
"12939",0.13
"12940",0.13
"12941",0.133333333333333
"12942",0.128333333333333
"12943",0.13
"12944",0.128333333333333
"12945",0.13
"12946",0.128333333333333
"12947",0.13
"12948",0.13
"12949",0.13
"12950",0.128333333333333
"12951",0.131666666666667
"12952",0.13
"12953",0.131666666666667
"12954",0.131666666666667
"12955",0.13
"12956",0.128333333333333
"12957",0.128333333333333
"12958",0.128333333333333
"12959",0.128333333333333
"12960",0.13
"12961",0.128333333333333
"12962",0.13
"12963",0.13
"12964",0.13
"12965",0.133333333333333
"12966",0.13
"12967",0.13
"12968",0.133333333333333
"12969",0.128333333333333
"12970",0.13
"12971",0.128333333333333
"12972",0.13
"12973",0.128333333333333
"12974",0.13
"12975",0.13
"12976",0.13
"12977",0.128333333333333
"12978",0.131666666666667
"12979",0.13
"12980",0.131666666666667
"12981",0.131666666666667
"12982",0.13
"12983",0.128333333333333
"12984",0.128333333333333
"12985",0.128333333333333
"12986",0.128333333333333
"12987",0.13
"12988",0.128333333333333
"12989",0.13
"12990",0.13
"12991",0.13
"12992",0.133333333333333
"12993",0.13
"12994",0.13
"12995",0.133333333333333
"12996",0.128333333333333
"12997",0.13
"12998",0.128333333333333
"12999",0.13
"13000",0.128333333333333
"13001",0.13
"13002",0.13
"13003",0.13
"13004",0.128333333333333
"13005",0.131666666666667
"13006",0.13
"13007",0.131666666666667
"13008",0.131666666666667
"13009",0.13
"13010",0.128333333333333
"13011",0.128333333333333
"13012",0.128333333333333
"13013",0.128333333333333
"13014",0.13
"13015",0.128333333333333
"13016",0.13
"13017",0.13
"13018",0.13
"13019",0.133333333333333
"13020",0.13
"13021",0.13
"13022",0.133333333333333
"13023",0.128333333333333
"13024",0.13
"13025",0.128333333333333
"13026",0.13
"13027",0.128333333333333
"13028",0.13
"13029",0.13
"13030",0.13
"13031",0.128333333333333
"13032",0.131666666666667
"13033",0.13
"13034",0.131666666666667
"13035",0.131666666666667
"13036",0.13
"13037",0.128333333333333
"13038",0.128333333333333
"13039",0.128333333333333
"13040",0.128333333333333
"13041",0.13
"13042",0.128333333333333
"13043",0.13
"13044",0.13
"13045",0.13
"13046",0.133333333333333
"13047",0.13
"13048",0.13
"13049",0.133333333333333
"13050",0.128333333333333
"13051",0.13
"13052",0.128333333333333
"13053",0.13
"13054",0.128333333333333
"13055",0.13
"13056",0.13
"13057",0.13
"13058",0.128333333333333
"13059",0.131666666666667
"13060",0.13
"13061",0.131666666666667
"13062",0.131666666666667
"13063",0.13
"13064",0.128333333333333
"13065",0.128333333333333
"13066",0.128333333333333
"13067",0.128333333333333
"13068",0.13
"13069",0.128333333333333
"13070",0.13
"13071",0.13
"13072",0.13
"13073",0.133333333333333
"13074",0.13
"13075",0.13
"13076",0.133333333333333
"13077",0.128333333333333
"13078",0.13
"13079",0.128333333333333
"13080",0.13
"13081",0.128333333333333
"13082",0.13
"13083",0.13
"13084",0.13
"13085",0.128333333333333
"13086",0.131666666666667
"13087",0.13
"13088",0.131666666666667
"13089",0.131666666666667
"13090",0.13
"13091",0.128333333333333
"13092",0.128333333333333
"13093",0.128333333333333
"13094",0.128333333333333
"13095",0.13
"13096",0.128333333333333
"13097",0.13
"13098",0.13
"13099",0.13
"13100",0.133333333333333
"13101",0.13
"13102",0.13
"13103",0.133333333333333
"13104",0.128333333333333
"13105",0.13
"13106",0.128333333333333
"13107",0.13
"13108",0.128333333333333
"13109",0.13
"13110",0.13
"13111",0.13
"13112",0.128333333333333
"13113",0.131666666666667
"13114",0.13
"13115",0.131666666666667
"13116",0.131666666666667
"13117",0.13
"13118",0.128333333333333
"13119",0.128333333333333
"13120",0.128333333333333
"13121",0.128333333333333
"13122",0.13
"13123",0.126666666666667
"13124",0.128333333333333
"13125",0.128333333333333
"13126",0.128333333333333
"13127",0.131666666666667
"13128",0.128333333333333
"13129",0.128333333333333
"13130",0.131666666666667
"13131",0.126666666666667
"13132",0.128333333333333
"13133",0.126666666666667
"13134",0.128333333333333
"13135",0.126666666666667
"13136",0.128333333333333
"13137",0.128333333333333
"13138",0.128333333333333
"13139",0.126666666666667
"13140",0.13
"13141",0.128333333333333
"13142",0.13
"13143",0.13
"13144",0.128333333333333
"13145",0.126666666666667
"13146",0.126666666666667
"13147",0.126666666666667
"13148",0.126666666666667
"13149",0.128333333333333
"13150",0.128333333333333
"13151",0.13
"13152",0.13
"13153",0.13
"13154",0.133333333333333
"13155",0.13
"13156",0.13
"13157",0.133333333333333
"13158",0.128333333333333
"13159",0.13
"13160",0.128333333333333
"13161",0.13
"13162",0.128333333333333
"13163",0.13
"13164",0.13
"13165",0.13
"13166",0.128333333333333
"13167",0.131666666666667
"13168",0.13
"13169",0.131666666666667
"13170",0.131666666666667
"13171",0.13
"13172",0.128333333333333
"13173",0.128333333333333
"13174",0.128333333333333
"13175",0.128333333333333
"13176",0.13
"13177",0.128333333333333
"13178",0.13
"13179",0.13
"13180",0.13
"13181",0.133333333333333
"13182",0.13
"13183",0.13
"13184",0.133333333333333
"13185",0.128333333333333
"13186",0.13
"13187",0.128333333333333
"13188",0.13
"13189",0.128333333333333
"13190",0.13
"13191",0.13
"13192",0.13
"13193",0.128333333333333
"13194",0.131666666666667
"13195",0.13
"13196",0.131666666666667
"13197",0.131666666666667
"13198",0.13
"13199",0.128333333333333
"13200",0.128333333333333
"13201",0.128333333333333
"13202",0.128333333333333
"13203",0.13
"13204",0.0983333333333333
"13205",0.1
"13206",0.1
"13207",0.1
"13208",0.101666666666667
"13209",0.0983333333333333
"13210",0.0983333333333333
"13211",0.101666666666667
"13212",0.0983333333333333
"13213",0.0983333333333333
"13214",0.0983333333333333
"13215",0.0983333333333333
"13216",0.1
"13217",0.101666666666667
"13218",0.1
"13219",0.0983333333333333
"13220",0.0983333333333333
"13221",0.095
"13222",0.101666666666667
"13223",0.095
"13224",0.095
"13225",0.0966666666666667
"13226",0.1
"13227",0.0983333333333333
"13228",0.0983333333333333
"13229",0.0983333333333333
"13230",0.0983333333333333
"13231",0.12
"13232",0.121666666666667
"13233",0.118333333333333
"13234",0.118333333333333
"13235",0.123333333333333
"13236",0.118333333333333
"13237",0.118333333333333
"13238",0.123333333333333
"13239",0.128333333333333
"13240",0.118333333333333
"13241",0.12
"13242",0.118333333333333
"13243",0.118333333333333
"13244",0.12
"13245",0.118333333333333
"13246",0.118333333333333
"13247",0.128333333333333
"13248",0.126666666666667
"13249",0.12
"13250",0.126666666666667
"13251",0.126666666666667
"13252",0.125
"13253",0.118333333333333
"13254",0.12
"13255",0.128333333333333
"13256",0.128333333333333
"13257",0.118333333333333
"13258",0.02
"13259",0.00833333333333333
"13260",0.0183333333333333
"13261",0.0183333333333333
"13262",0.005
"13263",0.015
"13264",0.015
"13265",0.005
"13266",0.0283333333333333
"13267",0.015
"13268",0.02
"13269",0.015
"13270",0.00333333333333333
"13271",0.005
"13272",0.0183333333333333
"13273",0.015
"13274",0.0283333333333333
"13275",0.0283333333333333
"13276",0.005
"13277",0.0283333333333333
"13278",0.0283333333333333
"13279",0.0266666666666667
"13280",0.00333333333333333
"13281",0.02
"13282",0.0283333333333333
"13283",0.0283333333333333
"13284",0.015
"13285",0.02
"13286",0.00833333333333333
"13287",0.0183333333333333
"13288",0.0183333333333333
"13289",0.005
"13290",0.015
"13291",0.015
"13292",0.005
"13293",0.0283333333333333
"13294",0.015
"13295",0.02
"13296",0.015
"13297",0.00333333333333333
"13298",0.005
"13299",0.0183333333333333
"13300",0.015
"13301",0.0283333333333333
"13302",0.0283333333333333
"13303",0.005
"13304",0.0283333333333333
"13305",0.0283333333333333
"13306",0.0266666666666667
"13307",0.00333333333333333
"13308",0.02
"13309",0.0283333333333333
"13310",0.0283333333333333
"13311",0.015
"13312",0.121666666666667
"13313",0.12
"13314",0.12
"13315",0.12
"13316",0.121666666666667
"13317",0.12
"13318",0.12
"13319",0.121666666666667
"13320",0.126666666666667
"13321",0.12
"13322",0.121666666666667
"13323",0.12
"13324",0.12
"13325",0.118333333333333
"13326",0.12
"13327",0.12
"13328",0.126666666666667
"13329",0.128333333333333
"13330",0.121666666666667
"13331",0.128333333333333
"13332",0.128333333333333
"13333",0.126666666666667
"13334",0.12
"13335",0.121666666666667
"13336",0.126666666666667
"13337",0.126666666666667
"13338",0.12
"13339",0.09
"13340",0.0966666666666667
"13341",0.0916666666666667
"13342",0.0916666666666667
"13343",0.0983333333333333
"13344",0.09
"13345",0.09
"13346",0.0983333333333333
"13347",0.095
"13348",0.09
"13349",0.09
"13350",0.09
"13351",0.095
"13352",0.0966666666666667
"13353",0.0916666666666667
"13354",0.09
"13355",0.095
"13356",0.0916666666666667
"13357",0.0966666666666667
"13358",0.0916666666666667
"13359",0.0916666666666667
"13360",0.0933333333333333
"13361",0.095
"13362",0.09
"13363",0.095
"13364",0.095
"13365",0.09
"13366",0.125
"13367",0.135
"13368",0.125
"13369",0.125
"13370",0.135
"13371",0.125
"13372",0.125
"13373",0.135
"13374",0.13
"13375",0.125
"13376",0.125
"13377",0.125
"13378",0.13
"13379",0.131666666666667
"13380",0.125
"13381",0.125
"13382",0.13
"13383",0.125
"13384",0.131666666666667
"13385",0.125
"13386",0.125
"13387",0.126666666666667
"13388",0.13
"13389",0.125
"13390",0.13
"13391",0.13
"13392",0.125
"13393",0.123333333333333
"13394",0.121666666666667
"13395",0.125
"13396",0.125
"13397",0.125
"13398",0.126666666666667
"13399",0.126666666666667
"13400",0.125
"13401",0.128333333333333
"13402",0.126666666666667
"13403",0.123333333333333
"13404",0.126666666666667
"13405",0.125
"13406",0.126666666666667
"13407",0.125
"13408",0.126666666666667
"13409",0.128333333333333
"13410",0.131666666666667
"13411",0.126666666666667
"13412",0.131666666666667
"13413",0.131666666666667
"13414",0.13
"13415",0.125
"13416",0.123333333333333
"13417",0.128333333333333
"13418",0.128333333333333
"13419",0.126666666666667
"13420",0.123333333333333
"13421",0.121666666666667
"13422",0.125
"13423",0.125
"13424",0.125
"13425",0.126666666666667
"13426",0.126666666666667
"13427",0.125
"13428",0.128333333333333
"13429",0.126666666666667
"13430",0.123333333333333
"13431",0.126666666666667
"13432",0.125
"13433",0.126666666666667
"13434",0.125
"13435",0.126666666666667
"13436",0.128333333333333
"13437",0.131666666666667
"13438",0.126666666666667
"13439",0.131666666666667
"13440",0.131666666666667
"13441",0.13
"13442",0.125
"13443",0.123333333333333
"13444",0.128333333333333
"13445",0.128333333333333
"13446",0.126666666666667
"13447",0.123333333333333
"13448",0.121666666666667
"13449",0.125
"13450",0.125
"13451",0.125
"13452",0.126666666666667
"13453",0.126666666666667
"13454",0.125
"13455",0.128333333333333
"13456",0.126666666666667
"13457",0.123333333333333
"13458",0.126666666666667
"13459",0.125
"13460",0.126666666666667
"13461",0.125
"13462",0.126666666666667
"13463",0.128333333333333
"13464",0.131666666666667
"13465",0.126666666666667
"13466",0.131666666666667
"13467",0.131666666666667
"13468",0.13
"13469",0.125
"13470",0.123333333333333
"13471",0.128333333333333
"13472",0.128333333333333
"13473",0.126666666666667
"13474",0.121666666666667
"13475",0.123333333333333
"13476",0.123333333333333
"13477",0.123333333333333
"13478",0.126666666666667
"13479",0.125
"13480",0.125
"13481",0.126666666666667
"13482",0.13
"13483",0.125
"13484",0.121666666666667
"13485",0.125
"13486",0.126666666666667
"13487",0.128333333333333
"13488",0.123333333333333
"13489",0.125
"13490",0.13
"13491",0.13
"13492",0.128333333333333
"13493",0.13
"13494",0.13
"13495",0.128333333333333
"13496",0.126666666666667
"13497",0.121666666666667
"13498",0.13
"13499",0.13
"13500",0.125
"13501",0.121666666666667
"13502",0.12
"13503",0.123333333333333
"13504",0.123333333333333
"13505",0.123333333333333
"13506",0.125
"13507",0.125
"13508",0.123333333333333
"13509",0.126666666666667
"13510",0.125
"13511",0.121666666666667
"13512",0.125
"13513",0.123333333333333
"13514",0.125
"13515",0.123333333333333
"13516",0.125
"13517",0.126666666666667
"13518",0.13
"13519",0.125
"13520",0.13
"13521",0.13
"13522",0.128333333333333
"13523",0.123333333333333
"13524",0.121666666666667
"13525",0.126666666666667
"13526",0.126666666666667
"13527",0.125
"13528",0.0966666666666667
"13529",0.103333333333333
"13530",0.0983333333333333
"13531",0.0983333333333333
"13532",0.106666666666667
"13533",0.0983333333333333
"13534",0.0983333333333333
"13535",0.106666666666667
"13536",0.09
"13537",0.0983333333333333
"13538",0.0966666666666667
"13539",0.0983333333333333
"13540",0.105
"13541",0.106666666666667
"13542",0.0983333333333333
"13543",0.0983333333333333
"13544",0.09
"13545",0.0966666666666667
"13546",0.106666666666667
"13547",0.0966666666666667
"13548",0.0966666666666667
"13549",0.0983333333333333
"13550",0.105
"13551",0.0966666666666667
"13552",0.09
"13553",0.09
"13554",0.0983333333333333
"13555",0.0966666666666667
"13556",0.103333333333333
"13557",0.0983333333333333
"13558",0.0983333333333333
"13559",0.106666666666667
"13560",0.0983333333333333
"13561",0.0983333333333333
"13562",0.106666666666667
"13563",0.0916666666666667
"13564",0.0983333333333333
"13565",0.0966666666666667
"13566",0.0983333333333333
"13567",0.105
"13568",0.106666666666667
"13569",0.0983333333333333
"13570",0.0983333333333333
"13571",0.0916666666666667
"13572",0.0966666666666667
"13573",0.106666666666667
"13574",0.0966666666666667
"13575",0.0966666666666667
"13576",0.0983333333333333
"13577",0.105
"13578",0.0966666666666667
"13579",0.0916666666666667
"13580",0.0916666666666667
"13581",0.0983333333333333
"13582",0.0983333333333333
"13583",0.105
"13584",0.1
"13585",0.1
"13586",0.108333333333333
"13587",0.1
"13588",0.1
"13589",0.108333333333333
"13590",0.0933333333333333
"13591",0.1
"13592",0.0983333333333333
"13593",0.1
"13594",0.106666666666667
"13595",0.108333333333333
"13596",0.1
"13597",0.1
"13598",0.0933333333333333
"13599",0.0983333333333333
"13600",0.108333333333333
"13601",0.0983333333333333
"13602",0.0983333333333333
"13603",0.1
"13604",0.106666666666667
"13605",0.0983333333333333
"13606",0.0933333333333333
"13607",0.0933333333333333
"13608",0.1
"13609",0.0983333333333333
"13610",0.105
"13611",0.1
"13612",0.1
"13613",0.108333333333333
"13614",0.1
"13615",0.1
"13616",0.108333333333333
"13617",0.0933333333333333
"13618",0.1
"13619",0.0983333333333333
"13620",0.1
"13621",0.106666666666667
"13622",0.108333333333333
"13623",0.1
"13624",0.1
"13625",0.0933333333333333
"13626",0.0983333333333333
"13627",0.108333333333333
"13628",0.0983333333333333
"13629",0.0983333333333333
"13630",0.1
"13631",0.106666666666667
"13632",0.0983333333333333
"13633",0.0933333333333333
"13634",0.0933333333333333
"13635",0.1
"13636",0.0983333333333333
"13637",0.105
"13638",0.1
"13639",0.1
"13640",0.108333333333333
"13641",0.1
"13642",0.1
"13643",0.108333333333333
"13644",0.0933333333333333
"13645",0.1
"13646",0.0983333333333333
"13647",0.1
"13648",0.106666666666667
"13649",0.108333333333333
"13650",0.1
"13651",0.1
"13652",0.0933333333333333
"13653",0.0983333333333333
"13654",0.108333333333333
"13655",0.0983333333333333
"13656",0.0983333333333333
"13657",0.1
"13658",0.106666666666667
"13659",0.0983333333333333
"13660",0.0933333333333333
"13661",0.0933333333333333
"13662",0.1
"13663",0.0966666666666667
"13664",0.103333333333333
"13665",0.0983333333333333
"13666",0.0983333333333333
"13667",0.106666666666667
"13668",0.0983333333333333
"13669",0.0983333333333333
"13670",0.106666666666667
"13671",0.0916666666666667
"13672",0.0983333333333333
"13673",0.0966666666666667
"13674",0.0983333333333333
"13675",0.105
"13676",0.106666666666667
"13677",0.0983333333333333
"13678",0.0983333333333333
"13679",0.0916666666666667
"13680",0.0966666666666667
"13681",0.106666666666667
"13682",0.0966666666666667
"13683",0.0966666666666667
"13684",0.0983333333333333
"13685",0.105
"13686",0.0966666666666667
"13687",0.0916666666666667
"13688",0.0916666666666667
"13689",0.0983333333333333
"13690",0.095
"13691",0.0966666666666667
"13692",0.0966666666666667
"13693",0.0966666666666667
"13694",0.0983333333333333
"13695",0.095
"13696",0.095
"13697",0.0983333333333333
"13698",0.0983333333333333
"13699",0.095
"13700",0.095
"13701",0.095
"13702",0.0966666666666667
"13703",0.0983333333333333
"13704",0.0966666666666667
"13705",0.095
"13706",0.0983333333333333
"13707",0.095
"13708",0.0983333333333333
"13709",0.095
"13710",0.095
"13711",0.0933333333333333
"13712",0.0966666666666667
"13713",0.095
"13714",0.0983333333333333
"13715",0.0983333333333333
"13716",0.095
"13717",0.095
"13718",0.0966666666666667
"13719",0.0966666666666667
"13720",0.0966666666666667
"13721",0.0983333333333333
"13722",0.095
"13723",0.095
"13724",0.0983333333333333
"13725",0.0983333333333333
"13726",0.095
"13727",0.095
"13728",0.095
"13729",0.0966666666666667
"13730",0.0983333333333333
"13731",0.0966666666666667
"13732",0.095
"13733",0.0983333333333333
"13734",0.095
"13735",0.0983333333333333
"13736",0.095
"13737",0.095
"13738",0.0933333333333333
"13739",0.0966666666666667
"13740",0.095
"13741",0.0983333333333333
"13742",0.0983333333333333
"13743",0.095
"13744",0.113333333333333
"13745",0.128333333333333
"13746",0.128333333333333
"13747",0.113333333333333
"13748",0.128333333333333
"13749",0.128333333333333
"13750",0.108333333333333
"13751",0.123333333333333
"13752",0.123333333333333
"13753",0.113333333333333
"13754",0.128333333333333
"13755",0.128333333333333
"13756",0.113333333333333
"13757",0.128333333333333
"13758",0.128333333333333
"13759",0.11
"13760",0.123333333333333
"13761",0.123333333333333
"13762",0.111666666666667
"13763",0.125
"13764",0.125
"13765",0.111666666666667
"13766",0.125
"13767",0.125
"13768",0.111666666666667
"13769",0.125
"13770",0.125
"13771",0.11
"13772",0.123333333333333
"13773",0.123333333333333
"13774",0.111666666666667
"13775",0.125
"13776",0.125
"13777",0.111666666666667
"13778",0.125
"13779",0.125
"13780",0.113333333333333
"13781",0.123333333333333
"13782",0.123333333333333
"13783",0.111666666666667
"13784",0.125
"13785",0.125
"13786",0.11
"13787",0.123333333333333
"13788",0.123333333333333
"13789",0.111666666666667
"13790",0.125
"13791",0.125
"13792",0.11
"13793",0.123333333333333
"13794",0.123333333333333
"13795",0.111666666666667
"13796",0.125
"13797",0.125
"13798",0.111666666666667
"13799",0.125
"13800",0.125
"13801",0.111666666666667
"13802",0.125
"13803",0.125
"13804",0.111666666666667
"13805",0.125
"13806",0.125
"13807",0.095
"13808",0.101666666666667
"13809",0.101666666666667
"13810",0.0966666666666667
"13811",0.103333333333333
"13812",0.103333333333333
"13813",0.095
"13814",0.101666666666667
"13815",0.101666666666667
"13816",0.0966666666666667
"13817",0.103333333333333
"13818",0.103333333333333
"13819",0.0966666666666667
"13820",0.103333333333333
"13821",0.103333333333333
"13822",0.0933333333333333
"13823",0.1
"13824",0.1
"13825",0.095
"13826",0.101666666666667
"13827",0.101666666666667
"13828",0.095
"13829",0.101666666666667
"13830",0.101666666666667
"13831",0.095
"13832",0.101666666666667
"13833",0.101666666666667
"13834",0.0966666666666667
"13835",0.103333333333333
"13836",0.103333333333333
"13837",0.095
"13838",0.101666666666667
"13839",0.101666666666667
"13840",0.095
"13841",0.101666666666667
"13842",0.101666666666667
"13843",0.095
"13844",0.101666666666667
"13845",0.101666666666667
"13846",0.095
"13847",0.101666666666667
"13848",0.101666666666667
"13849",0.095
"13850",0.101666666666667
"13851",0.101666666666667
"13852",0.095
"13853",0.101666666666667
"13854",0.101666666666667
"13855",0.0966666666666667
"13856",0.103333333333333
"13857",0.103333333333333
"13858",0.095
"13859",0.101666666666667
"13860",0.101666666666667
"13861",0.095
"13862",0.101666666666667
"13863",0.101666666666667
"13864",0.0933333333333333
"13865",0.1
"13866",0.1
"13867",0.095
"13868",0.101666666666667
"13869",0.101666666666667
"13870",0.0966666666666667
"13871",0.103333333333333
"13872",0.103333333333333
"13873",0.095
"13874",0.101666666666667
"13875",0.101666666666667
"13876",0.095
"13877",0.101666666666667
"13878",0.101666666666667
"13879",0.095
"13880",0.101666666666667
"13881",0.101666666666667
"13882",0.0966666666666667
"13883",0.103333333333333
"13884",0.103333333333333
"13885",0.0966666666666667
"13886",0.103333333333333
"13887",0.103333333333333
"13888",0.095
"13889",0.101666666666667
"13890",0.101666666666667
"13891",0.095
"13892",0.101666666666667
"13893",0.101666666666667
"13894",0.0966666666666667
"13895",0.103333333333333
"13896",0.103333333333333
"13897",0.095
"13898",0.101666666666667
"13899",0.101666666666667
"13900",0.095
"13901",0.101666666666667
"13902",0.101666666666667
"13903",0.095
"13904",0.101666666666667
"13905",0.101666666666667
"13906",0.095
"13907",0.101666666666667
"13908",0.101666666666667
"13909",0.0966666666666667
"13910",0.103333333333333
"13911",0.103333333333333
"13912",0.0966666666666667
"13913",0.103333333333333
"13914",0.103333333333333
"13915",0.095
"13916",0.101666666666667
"13917",0.101666666666667
"13918",0.095
"13919",0.101666666666667
"13920",0.101666666666667
"13921",0.095
"13922",0.101666666666667
"13923",0.101666666666667
"13924",0.095
"13925",0.101666666666667
"13926",0.101666666666667
"13927",0.095
"13928",0.101666666666667
"13929",0.101666666666667
"13930",0.095
"13931",0.101666666666667
"13932",0.101666666666667
"13933",0.095
"13934",0.101666666666667
"13935",0.101666666666667
"13936",0.0966666666666667
"13937",0.103333333333333
"13938",0.103333333333333
"13939",0.0966666666666667
"13940",0.103333333333333
"13941",0.103333333333333
"13942",0.095
"13943",0.101666666666667
"13944",0.101666666666667
"13945",0.0966666666666667
"13946",0.103333333333333
"13947",0.103333333333333
"13948",0.095
"13949",0.101666666666667
"13950",0.101666666666667
"13951",0.095
"13952",0.101666666666667
"13953",0.101666666666667
"13954",0.095
"13955",0.101666666666667
"13956",0.101666666666667
"13957",0.115
"13958",0.116666666666667
"13959",0.116666666666667
"13960",0.123333333333333
"13961",0.125
"13962",0.125
"13963",0.123333333333333
"13964",0.125
"13965",0.125
"13966",0.123333333333333
"13967",0.125
"13968",0.125
"13969",0.123333333333333
"13970",0.125
"13971",0.125
"13972",0.125
"13973",0.123333333333333
"13974",0.123333333333333
"13975",0.123333333333333
"13976",0.125
"13977",0.125
"13978",0.125
"13979",0.126666666666667
"13980",0.126666666666667
"13981",0.123333333333333
"13982",0.125
"13983",0.125
"13984",0.123333333333333
"13985",0.125
"13986",0.125
"13987",0.123333333333333
"13988",0.125
"13989",0.125
"13990",0.123333333333333
"13991",0.125
"13992",0.125
"13993",0.123333333333333
"13994",0.125
"13995",0.125
"13996",0.123333333333333
"13997",0.125
"13998",0.125
"13999",0.123333333333333
"14000",0.125
"14001",0.125
"14002",0.123333333333333
"14003",0.125
"14004",0.125
"14005",0.123333333333333
"14006",0.125
"14007",0.125
"14008",0.123333333333333
"14009",0.125
"14010",0.125
"14011",0.123333333333333
"14012",0.125
"14013",0.125
"14014",0.123333333333333
"14015",0.125
"14016",0.125
"14017",0.123333333333333
"14018",0.125
"14019",0.125
"14020",0.123333333333333
"14021",0.125
"14022",0.125
"14023",0.123333333333333
"14024",0.125
"14025",0.125
"14026",0.123333333333333
"14027",0.125
"14028",0.125
"14029",0.123333333333333
"14030",0.125
"14031",0.125
"14032",0.123333333333333
"14033",0.125
"14034",0.125
"14035",0.123333333333333
"14036",0.125
"14037",0.125
"14038",0.123333333333333
"14039",0.125
"14040",0.125
"14041",0.121666666666667
"14042",0.121666666666667
"14043",0.121666666666667
"14044",0.123333333333333
"14045",0.126666666666667
"14046",0.126666666666667
"14047",0.12
"14048",0.12
"14049",0.12
"14050",0.12
"14051",0.12
"14052",0.12
"14053",0.095
"14054",0.11
"14055",0.11
"14056",0.095
"14057",0.11
"14058",0.11
"14059",0.0966666666666667
"14060",0.111666666666667
"14061",0.111666666666667
"14062",0.095
"14063",0.11
"14064",0.11
"14065",0.095
"14066",0.11
"14067",0.11
"14068",0.095
"14069",0.11
"14070",0.11
"14071",0.1
"14072",0.106666666666667
"14073",0.106666666666667
"14074",0.0966666666666667
"14075",0.11
"14076",0.11
"14077",0.095
"14078",0.11
"14079",0.11
"14080",0.0966666666666667
"14081",0.11
"14082",0.11
"14083",0.095
"14084",0.11
"14085",0.11
"14086",0.1
"14087",0.106666666666667
"14088",0.106666666666667
"14089",0.0966666666666667
"14090",0.11
"14091",0.11
"14092",0.0966666666666667
"14093",0.111666666666667
"14094",0.111666666666667
"14095",0.1
"14096",0.106666666666667
"14097",0.106666666666667
"14098",0.095
"14099",0.11
"14100",0.11
"14101",0.1
"14102",0.106666666666667
"14103",0.106666666666667
"14104",0.1
"14105",0.106666666666667
"14106",0.106666666666667
"14107",0.1
"14108",0.106666666666667
"14109",0.106666666666667
"14110",0.0966666666666667
"14111",0.11
"14112",0.11
"14113",0.095
"14114",0.11
"14115",0.11
"14116",0.0966666666666667
"14117",0.11
"14118",0.11
"14119",0.0966666666666667
"14120",0.11
"14121",0.11
"14122",0.0966666666666667
"14123",0.11
"14124",0.11
"14125",0.1
"14126",0.106666666666667
"14127",0.106666666666667
"14128",0.0966666666666667
"14129",0.11
"14130",0.11
"14131",0.095
"14132",0.11
"14133",0.11
"14134",0.0983333333333333
"14135",0.105
"14136",0.105
"14137",0.1
"14138",0.106666666666667
"14139",0.106666666666667
"14140",0.0966666666666667
"14141",0.111666666666667
"14142",0.111666666666667
"14143",0.095
"14144",0.11
"14145",0.11
"14146",0.0966666666666667
"14147",0.11
"14148",0.11
"14149",0.095
"14150",0.11
"14151",0.11
"14152",0.095
"14153",0.11
"14154",0.11
"14155",0.1
"14156",0.106666666666667
"14157",0.106666666666667
"14158",0.0966666666666667
"14159",0.11
"14160",0.11
"14161",0.0966666666666667
"14162",0.11
"14163",0.11
"14164",0.1
"14165",0.106666666666667
"14166",0.106666666666667
"14167",0.0966666666666667
"14168",0.11
"14169",0.11
"14170",0.095
"14171",0.11
"14172",0.11
"14173",0.1
"14174",0.106666666666667
"14175",0.106666666666667
"14176",0.0966666666666667
"14177",0.105
"14178",0.105
"14179",0.0933333333333333
"14180",0.108333333333333
"14181",0.108333333333333
"14182",0.0933333333333333
"14183",0.108333333333333
"14184",0.108333333333333
"14185",0.045
"14186",0.0466666666666667
"14187",0.0466666666666667
"14188",0.05
"14189",0.05
"14190",0.05
"14191",0.0466666666666667
"14192",0.0483333333333333
"14193",0.0483333333333333
"14194",0.0466666666666667
"14195",0.0483333333333333
"14196",0.0483333333333333
"14197",0.0416666666666667
"14198",0.0433333333333333
"14199",0.0433333333333333
"14200",0.0483333333333333
"14201",0.05
"14202",0.05
"14203",0.0483333333333333
"14204",0.05
"14205",0.05
"14206",0.1
"14207",0.0966666666666667
"14208",0.0966666666666667
"14209",0.1
"14210",0.0966666666666667
"14211",0.0966666666666667
"14212",0.0966666666666667
"14213",0.0933333333333333
"14214",0.0933333333333333
"14215",0.0966666666666667
"14216",0.0933333333333333
"14217",0.0933333333333333
"14218",0.1
"14219",0.0966666666666667
"14220",0.0966666666666667
"14221",0.0983333333333333
"14222",0.0966666666666667
"14223",0.0966666666666667
"14224",0.128333333333333
"14225",0.136666666666667
"14226",0.136666666666667
"14227",0.128333333333333
"14228",0.136666666666667
"14229",0.136666666666667
"14230",0.128333333333333
"14231",0.136666666666667
"14232",0.136666666666667
"14233",0.128333333333333
"14234",0.136666666666667
"14235",0.136666666666667
"14236",0.126666666666667
"14237",0.131666666666667
"14238",0.131666666666667
"14239",0.126666666666667
"14240",0.131666666666667
"14241",0.131666666666667
"14242",0.126666666666667
"14243",0.131666666666667
"14244",0.131666666666667
"14245",0.126666666666667
"14246",0.131666666666667
"14247",0.131666666666667
"14248",0.13
"14249",0.135
"14250",0.135
"14251",0.126666666666667
"14252",0.131666666666667
"14253",0.131666666666667
"14254",0.126666666666667
"14255",0.131666666666667
"14256",0.131666666666667
"14257",0.126666666666667
"14258",0.131666666666667
"14259",0.131666666666667
"14260",0.126666666666667
"14261",0.131666666666667
"14262",0.131666666666667
"14263",0.126666666666667
"14264",0.131666666666667
"14265",0.131666666666667
"14266",0.126666666666667
"14267",0.131666666666667
"14268",0.131666666666667
"14269",0.126666666666667
"14270",0.131666666666667
"14271",0.131666666666667
"14272",0.126666666666667
"14273",0.131666666666667
"14274",0.131666666666667
"14275",0.126666666666667
"14276",0.131666666666667
"14277",0.131666666666667
"14278",0.126666666666667
"14279",0.131666666666667
"14280",0.131666666666667
"14281",0.126666666666667
"14282",0.131666666666667
"14283",0.131666666666667
"14284",0.126666666666667
"14285",0.131666666666667
"14286",0.131666666666667
"14287",0.126666666666667
"14288",0.131666666666667
"14289",0.131666666666667
"14290",0.126666666666667
"14291",0.131666666666667
"14292",0.131666666666667
"14293",0.14
"14294",0.136666666666667
"14295",0.136666666666667
"14296",0.14
"14297",0.136666666666667
"14298",0.136666666666667
"14299",0.145
"14300",0.15
"14301",0.15
"14302",0.15
"14303",0.151666666666667
"14304",0.151666666666667
"14305",0.148333333333333
"14306",0.15
"14307",0.15
"14308",0.145
"14309",0.15
"14310",0.15
"14311",0.145
"14312",0.15
"14313",0.15
"14314",0.146666666666667
"14315",0.151666666666667
"14316",0.151666666666667
"14317",0.148333333333333
"14318",0.15
"14319",0.15
"14320",0.148333333333333
"14321",0.153333333333333
"14322",0.153333333333333
"14323",0.126666666666667
"14324",0.118333333333333
"14325",0.118333333333333
"14326",0.125
"14327",0.116666666666667
"14328",0.116666666666667
"14329",0.126666666666667
"14330",0.118333333333333
"14331",0.118333333333333
"14332",0.125
"14333",0.116666666666667
"14334",0.116666666666667
"14335",0.126666666666667
"14336",0.118333333333333
"14337",0.118333333333333
"14338",0.126666666666667
"14339",0.118333333333333
"14340",0.118333333333333
"14341",0.126666666666667
"14342",0.118333333333333
"14343",0.118333333333333
"14344",0.095
"14345",0.0983333333333333
"14346",0.0983333333333333
"14347",0.095
"14348",0.0983333333333333
"14349",0.0983333333333333
"14350",0.0966666666666667
"14351",0.1
"14352",0.1
"14353",0.135
"14354",0.131666666666667
"14355",0.131666666666667
"14356",0.135
"14357",0.131666666666667
"14358",0.131666666666667
"14359",0.133333333333333
"14360",0.13
"14361",0.13
"14362",0.131666666666667
"14363",0.128333333333333
"14364",0.128333333333333
"14365",0.131666666666667
"14366",0.128333333333333
"14367",0.128333333333333
"14368",0.135
"14369",0.131666666666667
"14370",0.131666666666667
"14371",0.135
"14372",0.131666666666667
"14373",0.131666666666667
"14374",0.133333333333333
"14375",0.13
"14376",0.13
"14377",0.135
"14378",0.131666666666667
"14379",0.131666666666667
"14380",0.131666666666667
"14381",0.128333333333333
"14382",0.128333333333333
"14383",0.133333333333333
"14384",0.13
"14385",0.13
"14386",0.133333333333333
"14387",0.13
"14388",0.13
"14389",0.135
"14390",0.131666666666667
"14391",0.131666666666667
"14392",0.135
"14393",0.131666666666667
"14394",0.131666666666667
"14395",0.133333333333333
"14396",0.13
"14397",0.13
"14398",0.131666666666667
"14399",0.128333333333333
"14400",0.128333333333333
"14401",0.135
"14402",0.131666666666667
"14403",0.131666666666667
"14404",0.131666666666667
"14405",0.128333333333333
"14406",0.128333333333333
"14407",0.131666666666667
"14408",0.128333333333333
"14409",0.128333333333333
"14410",0.133333333333333
"14411",0.13
"14412",0.13
"14413",0.135
"14414",0.131666666666667
"14415",0.131666666666667
"14416",0.131666666666667
"14417",0.128333333333333
"14418",0.128333333333333
"14419",0.133333333333333
"14420",0.13
"14421",0.13
"14422",0.133333333333333
"14423",0.13
"14424",0.13
"14425",0.133333333333333
"14426",0.13
"14427",0.13
"14428",0.0316666666666667
"14429",0.0316666666666667
"14430",0.0316666666666667
"14431",0.0933333333333333
"14432",0.0966666666666667
"14433",0.0966666666666667
"14434",0.0983333333333333
"14435",0.0983333333333333
"14436",0.0983333333333333
"14437",0.1
"14438",0.1
"14439",0.1
"14440",0.0966666666666667
"14441",0.0966666666666667
"14442",0.0966666666666667
"14443",0.0983333333333333
"14444",0.0983333333333333
"14445",0.0983333333333333
"14446",0.095
"14447",0.0966666666666667
"14448",0.0966666666666667
"14449",0.0966666666666667
"14450",0.0966666666666667
"14451",0.0966666666666667
"14452",0.095
"14453",0.0983333333333333
"14454",0.0983333333333333
"14455",0.0983333333333333
"14456",0.0983333333333333
"14457",0.0983333333333333
"14458",0.0933333333333333
"14459",0.0966666666666667
"14460",0.0966666666666667
"14461",0.0966666666666667
"14462",0.0966666666666667
"14463",0.0966666666666667
"14464",0.0966666666666667
"14465",0.0966666666666667
"14466",0.0966666666666667
"14467",0.121666666666667
"14468",0.121666666666667
"14469",0.121666666666667
"14470",0.121666666666667
"14471",0.121666666666667
"14472",0.121666666666667
"14473",0.121666666666667
"14474",0.121666666666667
"14475",0.121666666666667
"14476",0.12
"14477",0.123333333333333
"14478",0.123333333333333
"14479",0.12
"14480",0.123333333333333
"14481",0.123333333333333
"14482",0.12
"14483",0.12
"14484",0.12
"14485",0.103333333333333
"14486",0.116666666666667
"14487",0.116666666666667
"14488",0.106666666666667
"14489",0.12
"14490",0.12
"14491",0.103333333333333
"14492",0.116666666666667
"14493",0.116666666666667
"14494",0.025
"14495",0.0233333333333333
"14496",0.0233333333333333
"14497",0.025
"14498",0.0233333333333333
"14499",0.0233333333333333
"14500",0.153333333333333
"14501",0.156666666666667
"14502",0.156666666666667
"14503",0.155
"14504",0.155
"14505",0.155
"14506",0.153333333333333
"14507",0.156666666666667
"14508",0.156666666666667
"14509",0.153333333333333
"14510",0.156666666666667
"14511",0.156666666666667
"14512",0.106666666666667
"14513",0.095
"14514",0.095
"14515",0.108333333333333
"14516",0.0966666666666667
"14517",0.0966666666666667
"14518",0.126666666666667
"14519",0.135
"14520",0.135
"14521",0.125
"14522",0.13
"14523",0.13
"14524",0.126666666666667
"14525",0.135
"14526",0.135
"14527",0.126666666666667
"14528",0.131666666666667
"14529",0.131666666666667
"14530",0.125
"14531",0.13
"14532",0.13
"14533",0.126666666666667
"14534",0.131666666666667
"14535",0.131666666666667
"14536",0.125
"14537",0.13
"14538",0.13
"14539",0.128333333333333
"14540",0.13
"14541",0.13
"14542",0.128333333333333
"14543",0.125
"14544",0.125
"14545",0.125
"14546",0.135
"14547",0.135
"14548",0.125
"14549",0.135
"14550",0.135
"14551",0.08
"14552",0.085
"14553",0.085
"14554",0.08
"14555",0.085
"14556",0.085
"14557",0.08
"14558",0.085
"14559",0.085
"14560",0.0816666666666667
"14561",0.0866666666666667
"14562",0.0866666666666667
"14563",0.08
"14564",0.085
"14565",0.085
"14566",0.0816666666666667
"14567",0.0866666666666667
"14568",0.0866666666666667
"14569",0.085
"14570",0.09
"14571",0.09
"14572",0.08
"14573",0.085
"14574",0.085
"14575",0.08
"14576",0.085
"14577",0.085
"14578",0.08
"14579",0.085
"14580",0.085
"14581",0.0816666666666667
"14582",0.0866666666666667
"14583",0.0866666666666667
"14584",0.085
"14585",0.09
"14586",0.09
"14587",0.085
"14588",0.09
"14589",0.09
"14590",0.08
"14591",0.085
"14592",0.085
"14593",0.08
"14594",0.085
"14595",0.085
"14596",0.0783333333333333
"14597",0.0833333333333333
"14598",0.0833333333333333
"14599",0.08
"14600",0.085
"14601",0.085
"14602",0.0833333333333333
"14603",0.0883333333333333
"14604",0.0883333333333333
"14605",0.08
"14606",0.085
"14607",0.085
"14608",0.085
"14609",0.09
"14610",0.09
"14611",0.08
"14612",0.085
"14613",0.085
"14614",0.0816666666666667
"14615",0.0866666666666667
"14616",0.0866666666666667
"14617",0.08
"14618",0.085
"14619",0.085
"14620",0.0816666666666667
"14621",0.0866666666666667
"14622",0.0866666666666667
"14623",0.08
"14624",0.085
"14625",0.085
"14626",0.085
"14627",0.09
"14628",0.09
"14629",0.0816666666666667
"14630",0.0833333333333333
"14631",0.0833333333333333
"14632",0.0816666666666667
"14633",0.0866666666666667
"14634",0.0866666666666667
"14635",0.0816666666666667
"14636",0.0866666666666667
"14637",0.0866666666666667
"14638",0.0816666666666667
"14639",0.0833333333333333
"14640",0.0833333333333333
"14641",0.0833333333333333
"14642",0.0883333333333333
"14643",0.0883333333333333
"14644",0.08
"14645",0.085
"14646",0.085
"14647",0.085
"14648",0.09
"14649",0.09
"14650",0.0833333333333333
"14651",0.0883333333333333
"14652",0.0883333333333333
"14653",0.08
"14654",0.085
"14655",0.085
"14656",0.08
"14657",0.085
"14658",0.085
"14659",0.0816666666666667
"14660",0.0866666666666667
"14661",0.0866666666666667
"14662",0.08
"14663",0.085
"14664",0.085
"14665",0.08
"14666",0.085
"14667",0.085
"14668",0.08
"14669",0.085
"14670",0.085
"14671",0.08
"14672",0.085
"14673",0.085
"14674",0.0816666666666667
"14675",0.0866666666666667
"14676",0.0866666666666667
"14677",0.0833333333333333
"14678",0.0883333333333333
"14679",0.0883333333333333
"14680",0.0816666666666667
"14681",0.0866666666666667
"14682",0.0866666666666667
"14683",0.08
"14684",0.085
"14685",0.085
"14686",0.08
"14687",0.085
"14688",0.085
"14689",0.0833333333333333
"14690",0.0883333333333333
"14691",0.0883333333333333
"14692",0.085
"14693",0.09
"14694",0.09
"14695",0.0816666666666667
"14696",0.0866666666666667
"14697",0.0866666666666667
"14698",0.08
"14699",0.085
"14700",0.085
"14701",0.08
"14702",0.085
"14703",0.085
"14704",0.085
"14705",0.09
"14706",0.09
"14707",0.08
"14708",0.085
"14709",0.085
"14710",0.08
"14711",0.085
"14712",0.085
"14713",0.08
"14714",0.085
"14715",0.085
"14716",0.08
"14717",0.085
"14718",0.085
"14719",0.0816666666666667
"14720",0.0866666666666667
"14721",0.0866666666666667
"14722",0.08
"14723",0.085
"14724",0.085
"14725",0.08
"14726",0.085
"14727",0.085
"14728",0.0816666666666667
"14729",0.0833333333333333
"14730",0.0833333333333333
"14731",0.08
"14732",0.085
"14733",0.085
"14734",0.0816666666666667
"14735",0.0866666666666667
"14736",0.0866666666666667
"14737",0.0833333333333333
"14738",0.0883333333333333
"14739",0.0883333333333333
"14740",0.0833333333333333
"14741",0.0883333333333333
"14742",0.0883333333333333
"14743",0.08
"14744",0.085
"14745",0.085
"14746",0.08
"14747",0.085
"14748",0.085
"14749",0.08
"14750",0.085
"14751",0.085
"14752",0.08
"14753",0.085
"14754",0.085
"14755",0.0833333333333333
"14756",0.0883333333333333
"14757",0.0883333333333333
"14758",0.0816666666666667
"14759",0.0866666666666667
"14760",0.0866666666666667
"14761",0.08
"14762",0.085
"14763",0.085
"14764",0.08
"14765",0.085
"14766",0.085
"14767",0.0816666666666667
"14768",0.0833333333333333
"14769",0.0833333333333333
"14770",0.085
"14771",0.09
"14772",0.09
"14773",0.08
"14774",0.085
"14775",0.085
"14776",0.08
"14777",0.085
"14778",0.085
"14779",0.08
"14780",0.085
"14781",0.085
"14782",0.0816666666666667
"14783",0.0866666666666667
"14784",0.0866666666666667
"14785",0.08
"14786",0.085
"14787",0.085
"14788",0.08
"14789",0.085
"14790",0.085
"14791",0.08
"14792",0.085
"14793",0.085
"14794",0.08
"14795",0.085
"14796",0.085
"14797",0.0816666666666667
"14798",0.0866666666666667
"14799",0.0866666666666667
"14800",0.0816666666666667
"14801",0.0866666666666667
"14802",0.0866666666666667
"14803",0.0816666666666667
"14804",0.0833333333333333
"14805",0.0833333333333333
"14806",0.0783333333333333
"14807",0.0833333333333333
"14808",0.0833333333333333
"14809",0.0833333333333333
"14810",0.0883333333333333
"14811",0.0883333333333333
"14812",0.09
"14813",0.09
"14814",0.0866666666666667
"14815",0.0866666666666667
"14816",0.09
"14817",0.09
"14818",0.155
"14819",0.155
"14820",0.155
"14821",0.155
"14822",0.155
"14823",0.155
"14824",0.0966666666666667
"14825",0.0966666666666667
"14826",0.0966666666666667
"14827",0.0966666666666667
"14828",0.0966666666666667
"14829",0.0966666666666667
"14830",0.0983333333333333
"14831",0.0983333333333333
"14832",0.0983333333333333
"14833",0.0983333333333333
"14834",0.136666666666667
"14835",0.136666666666667
"14836",0.135
"14837",0.135
"14838",0.138333333333333
"14839",0.138333333333333
"14840",0.136666666666667
"14841",0.136666666666667
"14842",0.138333333333333
"14843",0.138333333333333
"14844",0.136666666666667
"14845",0.136666666666667
"14846",0.138333333333333
"14847",0.138333333333333
"14848",0.136666666666667
"14849",0.136666666666667
"14850",0.138333333333333
"14851",0.138333333333333
"14852",0.138333333333333
"14853",0.138333333333333
"14854",0.138333333333333
"14855",0.138333333333333
"14856",0.136666666666667
"14857",0.136666666666667
"14858",0.095
"14859",0.095
"14860",0.095
"14861",0.095
"14862",0.0966666666666667
"14863",0.0966666666666667
"14864",0.095
"14865",0.095
"14866",0.133333333333333
"14867",0.133333333333333
"14868",0.133333333333333
"14869",0.133333333333333
"14870",0.133333333333333
"14871",0.133333333333333
"14872",0.133333333333333
"14873",0.133333333333333
"14874",0.135
"14875",0.135
"14876",0.133333333333333
"14877",0.133333333333333
"14878",0.135
"14879",0.135
"14880",0.131666666666667
"14881",0.131666666666667
"14882",0.13
"14883",0.13
"14884",0.133333333333333
"14885",0.133333333333333
"14886",0.151666666666667
"14887",0.151666666666667
"14888",0.151666666666667
"14889",0.151666666666667
"14890",0.151666666666667
"14891",0.151666666666667
"14892",0.131666666666667
"14893",0.131666666666667
"14894",0.13
"14895",0.13
"14896",0.131666666666667
"14897",0.131666666666667
"14898",0.131666666666667
"14899",0.131666666666667
"14900",0.02
"14901",0.02
"14902",0.00833333333333333
"14903",0.00833333333333333
"14904",0.0183333333333333
"14905",0.0183333333333333
"14906",0.0183333333333333
"14907",0.0183333333333333
"14908",0.005
"14909",0.005
"14910",0.015
"14911",0.015
"14912",0.015
"14913",0.015
"14914",0.005
"14915",0.005
"14916",0.0283333333333333
"14917",0.0283333333333333
"14918",0.015
"14919",0.015
"14920",0.02
"14921",0.02
"14922",0.015
"14923",0.015
"14924",0.00333333333333333
"14925",0.00333333333333333
"14926",0.005
"14927",0.005
"14928",0.0183333333333333
"14929",0.0183333333333333
"14930",0.015
"14931",0.015
"14932",0.0283333333333333
"14933",0.0283333333333333
"14934",0.0283333333333333
"14935",0.0283333333333333
"14936",0.005
"14937",0.005
"14938",0.0283333333333333
"14939",0.0283333333333333
"14940",0.0283333333333333
"14941",0.0283333333333333
"14942",0.0266666666666667
"14943",0.0266666666666667
"14944",0.00333333333333333
"14945",0.00333333333333333
"14946",0.02
"14947",0.02
"14948",0.0283333333333333
"14949",0.0283333333333333
"14950",0.0283333333333333
"14951",0.0283333333333333
"14952",0.015
"14953",0.015
"14954",0.126666666666667
"14955",0.126666666666667
"14956",0.123333333333333
"14957",0.123333333333333
"14958",0.126666666666667
"14959",0.126666666666667
"14960",0.125
"14961",0.125
"14962",0.1
"14963",0.1
"14964",0.1
"14965",0.1
"14966",0.1
"14967",0.1
"14968",0.106666666666667
"14969",0.106666666666667
"14970",0.105
"14971",0.105
"14972",0.105
"14973",0.105
"14974",0.106666666666667
"14975",0.106666666666667
"14976",0.105
"14977",0.105
"14978",0.105
"14979",0.105
"14980",0.106666666666667
"14981",0.106666666666667
"14982",0.106666666666667
"14983",0.106666666666667
"14984",0.106666666666667
"14985",0.106666666666667
"14986",0.106666666666667
"14987",0.106666666666667
"14988",0.106666666666667
"14989",0.106666666666667
"14990",0.105
"14991",0.105
"14992",0.106666666666667
"14993",0.106666666666667
"14994",0.106666666666667
"14995",0.106666666666667
"14996",0.106666666666667
"14997",0.106666666666667
"14998",0.106666666666667
"14999",0.106666666666667
"15000",0.0966666666666667
"15001",0.0966666666666667
"15002",0.0966666666666667
"15003",0.0966666666666667
"15004",0.0983333333333333
"15005",0.0983333333333333
"15006",0.025
"15007",0.025
"15008",0.025
"15009",0.025
"15010",0.025
"15011",0.025
"15012",0.133333333333333
"15013",0.133333333333333
"15014",0.126666666666667
"15015",0.126666666666667
"15016",0.126666666666667
"15017",0.126666666666667
"15018",0.131666666666667
"15019",0.131666666666667
"15020",0.126666666666667
"15021",0.126666666666667
"15022",0.126666666666667
"15023",0.126666666666667
"15024",0.126666666666667
"15025",0.126666666666667
"15026",0.126666666666667
"15027",0.126666666666667
"15028",0.126666666666667
"15029",0.126666666666667
"15030",0.123333333333333
"15031",0.123333333333333
"15032",0.12
"15033",0.12
"15034",0.121666666666667
"15035",0.121666666666667
"15036",0.121666666666667
"15037",0.121666666666667
"15038",0.123333333333333
"15039",0.123333333333333
"15040",0.125
"15041",0.125
"15042",0.126666666666667
"15043",0.126666666666667
"15044",0.123333333333333
"15045",0.123333333333333
"15046",0.123333333333333
"15047",0.123333333333333
"15048",0.121666666666667
"15049",0.121666666666667
"15050",0.123333333333333
"15051",0.123333333333333
"15052",0.12
"15053",0.12
"15054",0.123333333333333
"15055",0.123333333333333
"15056",0.123333333333333
"15057",0.123333333333333
"15058",0.125
"15059",0.125
"15060",0.125
"15061",0.125
"15062",0.123333333333333
"15063",0.123333333333333
"15064",0.121666666666667
"15065",0.121666666666667
"15066",0.125
"15067",0.125
"15068",0.123333333333333
"15069",0.123333333333333
"15070",0.123333333333333
"15071",0.123333333333333
"15072",0.123333333333333
"15073",0.123333333333333
"15074",0.125
"15075",0.125
"15076",0.123333333333333
"15077",0.123333333333333
"15078",0.121666666666667
"15079",0.121666666666667
"15080",0.116666666666667
"15081",0.116666666666667
"15082",0.113333333333333
"15083",0.113333333333333
"15084",0.111666666666667
"15085",0.111666666666667
"15086",0.116666666666667
"15087",0.116666666666667
"15088",0.113333333333333
"15089",0.113333333333333
"15090",0.115
"15091",0.115
"15092",0.116666666666667
"15093",0.116666666666667
"15094",0.116666666666667
"15095",0.116666666666667
"15096",0.125
"15097",0.125
"15098",0.105
"15099",0.105
"15100",0.106666666666667
"15101",0.106666666666667
"15102",0.116666666666667
"15103",0.116666666666667
"15104",0.116666666666667
"15105",0.116666666666667
"15106",0.131666666666667
"15107",0.131666666666667
"15108",0.131666666666667
"15109",0.131666666666667
"15110",0.131666666666667
"15111",0.131666666666667
"15112",0.131666666666667
"15113",0.131666666666667
"15114",0.131666666666667
"15115",0.131666666666667
"15116",0.131666666666667
"15117",0.131666666666667
"15118",0.131666666666667
"15119",0.131666666666667
"15120",0.131666666666667
"15121",0.131666666666667
"15122",0.131666666666667
"15123",0.131666666666667
"15124",0.13
"15125",0.13
"15126",0.131666666666667
"15127",0.131666666666667
"15128",0.131666666666667
"15129",0.131666666666667
"15130",0.0983333333333333
"15131",0.0983333333333333
"15132",0.12
"15133",0.12
"15134",0.0833333333333333
"15135",0.09
"15136",0.0833333333333333
"15137",0.14
"15138",0.14
"15139",0.14
"15140",0.0966666666666667
"15141",0.0933333333333333
"15142",0.0966666666666667
"15143",0.095
"15144",0.095
"15145",0.123333333333333
"15146",0.121666666666667
"15147",0.126666666666667
"15148",0.123333333333333
"15149",0.126666666666667
"15150",0.123333333333333
"15151",0.126666666666667
"15152",0.123333333333333
"15153",0.126666666666667
"15154",0.126666666666667
"15155",0.126666666666667
"15156",0.123333333333333
"15157",0.0883333333333333
"15158",0.0883333333333333
"15159",0.09
"15160",0.0883333333333333
"15161",0.128333333333333
"15162",0.125
"15163",0.128333333333333
"15164",0.128333333333333
"15165",0.128333333333333
"15166",0.128333333333333
"15167",0.13
"15168",0.126666666666667
"15169",0.125
"15170",0.125
"15171",0.136666666666667
"15172",0.136666666666667
"15173",0.136666666666667
"15174",0.128333333333333
"15175",0.126666666666667
"15176",0.128333333333333
"15177",0.128333333333333
"15178",0.0266666666666667
"15179",0.035
"15180",0.0283333333333333
"15181",0.0283333333333333
"15182",0.035
"15183",0.025
"15184",0.025
"15185",0.035
"15186",0.0266666666666667
"15187",0.025
"15188",0.0266666666666667
"15189",0.025
"15190",0.03
"15191",0.0316666666666667
"15192",0.0283333333333333
"15193",0.025
"15194",0.0266666666666667
"15195",0.0133333333333333
"15196",0.0316666666666667
"15197",0.0133333333333333
"15198",0.0133333333333333
"15199",0.015
"15200",0.03
"15201",0.0266666666666667
"15202",0.0266666666666667
"15203",0.0266666666666667
"15204",0.025
"15205",0.126666666666667
"15206",0.126666666666667
"15207",0.126666666666667
"15208",0.128333333333333
"15209",0.0966666666666667
"15210",0.0966666666666667
"15211",0.0966666666666667
"15212",0.0933333333333333
"15213",0.0916666666666667
"15214",0.0916666666666667
"15215",0.0933333333333333
"15216",0.0916666666666667
"15217",0.0916666666666667
"15218",0.0933333333333333
"15219",0.0933333333333333
"15220",0.0933333333333333
"15221",0.0933333333333333
"15222",0.0933333333333333
"15223",0.0916666666666667
"15224",0.0933333333333333
"15225",0.0933333333333333
"15226",0.0933333333333333
"15227",0.0933333333333333
"15228",0.0966666666666667
"15229",0.0966666666666667
"15230",0.0983333333333333
"15231",0.00833333333333333
"15232",0.00833333333333333
"15233",0.00833333333333333
"15234",0.123333333333333
"15235",0.113333333333333
"15236",0.113333333333333
"15237",0.118333333333333
"15238",0.113333333333333
"15239",0.113333333333333
"15240",0.113333333333333
"15241",0.113333333333333
"15242",0.113333333333333
"15243",0.113333333333333
"15244",0.113333333333333
"15245",0.115
"15246",0.115
"15247",0.113333333333333
"15248",0.115
"15249",0.116666666666667
"15250",0.118333333333333
"15251",0.113333333333333
"15252",0.111666666666667
"15253",0.113333333333333
"15254",0.113333333333333
"15255",0.113333333333333
"15256",0.128333333333333
"15257",0.13
"15258",0.13
"15259",0.128333333333333
"15260",0.126666666666667
"15261",0.13
"15262",0.128333333333333
"15263",0.128333333333333
"15264",0.128333333333333
"15265",0.13
"15266",0.128333333333333
"15267",0.126666666666667
"15268",0.103333333333333
"15269",0.106666666666667
"15270",0.108333333333333
"15271",0.103333333333333
"15272",0.106666666666667
"15273",0.108333333333333
"15274",0.103333333333333
"15275",0.103333333333333
"15276",0.123333333333333
"15277",0.0966666666666667
"15278",0.101666666666667
"15279",0.111666666666667
"15280",0.111666666666667
"15281",0.126666666666667
"15282",0.126666666666667
"15283",0.126666666666667
"15284",0.126666666666667
"15285",0.126666666666667
"15286",0.126666666666667
"15287",0.126666666666667
"15288",0.126666666666667
"15289",0.126666666666667
"15290",0.125
"15291",0.126666666666667
"15292",0.126666666666667
"15293",0.095
"15294",0.13
"15295",0.131666666666667
"15296",0.121666666666667
"15297",0.121666666666667
"15298",0.0883333333333333
"15299",0.095
"15300",0.095
"15301",0.125
"15302",0.133333333333333
"15303",0.133333333333333
"15304",0.128333333333333
"15305",0.125
"15306",0.125
"15307",0.128333333333333
"15308",0.125
"15309",0.125
"15310",0.128333333333333
"15311",0.125
"15312",0.125
"15313",0.126666666666667
"15314",0.126666666666667
"15315",0.126666666666667
"15316",0.126666666666667
"15317",0.123333333333333
"15318",0.123333333333333
"15319",0.0916666666666667
"15320",0.105
"15321",0.105
"15322",0.0916666666666667
"15323",0.105
"15324",0.105
"15325",0.0933333333333333
"15326",0.106666666666667
"15327",0.106666666666667
"15328",0.0933333333333333
"15329",0.106666666666667
"15330",0.106666666666667
"15331",0.0933333333333333
"15332",0.106666666666667
"15333",0.106666666666667
"15334",0.0916666666666667
"15335",0.105
"15336",0.105
"15337",0.095
"15338",0.095
"15339",0.095
"15340",0.095
"15341",0.095
"15342",0.095
