"","x"
"1",0.143333333333333
"2",0.143333333333333
"3",0.141666666666667
"4",0.115
"5",0.115
"6",0.115
"7",0.145
"8",0.145
"9",0.143333333333333
"10",0.143333333333333
"11",0.141666666666667
"12",0.115
"13",0.115
"14",0.115
"15",0.145
"16",0.145
"17",0.143333333333333
"18",0.143333333333333
"19",0.141666666666667
"20",0.11
"21",0.11
"22",0.11
"23",0.145
"24",0.145
"25",0.143333333333333
"26",0.143333333333333
"27",0.141666666666667
"28",0.115
"29",0.115
"30",0.115
"31",0.145
"32",0.145
"33",0.143333333333333
"34",0.143333333333333
"35",0.141666666666667
"36",0.115
"37",0.115
"38",0.115
"39",0.145
"40",0.145
"41",0.133333333333333
"42",0.133333333333333
"43",0.135
"44",0.115
"45",0.115
"46",0.115
"47",0.135
"48",0.135
"49",0.135
"50",0.135
"51",0.136666666666667
"52",0.116666666666667
"53",0.116666666666667
"54",0.116666666666667
"55",0.136666666666667
"56",0.136666666666667
"57",0.133333333333333
"58",0.133333333333333
"59",0.135
"60",0.116666666666667
"61",0.116666666666667
"62",0.116666666666667
"63",0.135
"64",0.135
"65",0.135
"66",0.135
"67",0.136666666666667
"68",0.116666666666667
"69",0.116666666666667
"70",0.116666666666667
"71",0.136666666666667
"72",0.136666666666667
"73",0.133333333333333
"74",0.133333333333333
"75",0.135
"76",0.115
"77",0.115
"78",0.115
"79",0.135
"80",0.135
"81",0.135
"82",0.135
"83",0.136666666666667
"84",0.116666666666667
"85",0.116666666666667
"86",0.116666666666667
"87",0.136666666666667
"88",0.136666666666667
"89",0.135
"90",0.135
"91",0.136666666666667
"92",0.116666666666667
"93",0.116666666666667
"94",0.116666666666667
"95",0.136666666666667
"96",0.136666666666667
"97",0.135
"98",0.135
"99",0.136666666666667
"100",0.118333333333333
"101",0.118333333333333
"102",0.118333333333333
"103",0.136666666666667
"104",0.136666666666667
"105",0.133333333333333
"106",0.133333333333333
"107",0.135
"108",0.116666666666667
"109",0.116666666666667
"110",0.116666666666667
"111",0.135
"112",0.135
"113",0.133333333333333
"114",0.133333333333333
"115",0.135
"116",0.115
"117",0.115
"118",0.115
"119",0.135
"120",0.135
"121",0.133333333333333
"122",0.133333333333333
"123",0.135
"124",0.116666666666667
"125",0.116666666666667
"126",0.116666666666667
"127",0.135
"128",0.135
"129",0.133333333333333
"130",0.133333333333333
"131",0.135
"132",0.115
"133",0.115
"134",0.115
"135",0.135
"136",0.135
"137",0.135
"138",0.135
"139",0.136666666666667
"140",0.116666666666667
"141",0.116666666666667
"142",0.116666666666667
"143",0.136666666666667
"144",0.136666666666667
"145",0.135
"146",0.135
"147",0.136666666666667
"148",0.116666666666667
"149",0.116666666666667
"150",0.116666666666667
"151",0.136666666666667
"152",0.136666666666667
"153",0.133333333333333
"154",0.133333333333333
"155",0.135
"156",0.116666666666667
"157",0.116666666666667
"158",0.116666666666667
"159",0.135
"160",0.135
"161",0.133333333333333
"162",0.133333333333333
"163",0.135
"164",0.116666666666667
"165",0.116666666666667
"166",0.116666666666667
"167",0.135
"168",0.135
"169",0.0916666666666667
"170",0.0916666666666667
"171",0.0933333333333333
"172",0.0933333333333333
"173",0.0933333333333333
"174",0.0933333333333333
"175",0.0933333333333333
"176",0.0933333333333333
"177",0.095
"178",0.095
"179",0.0966666666666667
"180",0.095
"181",0.095
"182",0.095
"183",0.0966666666666667
"184",0.0966666666666667
"185",0.0933333333333333
"186",0.0933333333333333
"187",0.095
"188",0.0933333333333333
"189",0.0933333333333333
"190",0.0933333333333333
"191",0.095
"192",0.095
"193",0.095
"194",0.095
"195",0.0966666666666667
"196",0.095
"197",0.095
"198",0.095
"199",0.0966666666666667
"200",0.0966666666666667
"201",0.095
"202",0.095
"203",0.0966666666666667
"204",0.095
"205",0.095
"206",0.095
"207",0.0966666666666667
"208",0.0966666666666667
"209",0.0933333333333333
"210",0.0933333333333333
"211",0.095
"212",0.0916666666666667
"213",0.0916666666666667
"214",0.0916666666666667
"215",0.095
"216",0.095
"217",0.0933333333333333
"218",0.0933333333333333
"219",0.095
"220",0.0933333333333333
"221",0.0933333333333333
"222",0.0933333333333333
"223",0.095
"224",0.095
"225",0.0933333333333333
"226",0.0933333333333333
"227",0.095
"228",0.0933333333333333
"229",0.0933333333333333
"230",0.0933333333333333
"231",0.095
"232",0.095
"233",0.0933333333333333
"234",0.0933333333333333
"235",0.095
"236",0.0933333333333333
"237",0.0933333333333333
"238",0.0933333333333333
"239",0.095
"240",0.095
"241",0.095
"242",0.095
"243",0.0966666666666667
"244",0.095
"245",0.095
"246",0.095
"247",0.0966666666666667
"248",0.0966666666666667
"249",0.0933333333333333
"250",0.0933333333333333
"251",0.095
"252",0.0933333333333333
"253",0.0933333333333333
"254",0.0933333333333333
"255",0.095
"256",0.095
"257",0.0933333333333333
"258",0.0933333333333333
"259",0.095
"260",0.0933333333333333
"261",0.0933333333333333
"262",0.0933333333333333
"263",0.095
"264",0.095
"265",0.0933333333333333
"266",0.0933333333333333
"267",0.095
"268",0.0933333333333333
"269",0.0933333333333333
"270",0.0933333333333333
"271",0.095
"272",0.095
"273",0.0933333333333333
"274",0.0933333333333333
"275",0.095
"276",0.0933333333333333
"277",0.0933333333333333
"278",0.0933333333333333
"279",0.095
"280",0.095
"281",0.0933333333333333
"282",0.0933333333333333
"283",0.095
"284",0.0933333333333333
"285",0.0933333333333333
"286",0.0933333333333333
"287",0.095
"288",0.095
"289",0.0933333333333333
"290",0.0933333333333333
"291",0.095
"292",0.0933333333333333
"293",0.0933333333333333
"294",0.0933333333333333
"295",0.095
"296",0.095
"297",0.095
"298",0.095
"299",0.0966666666666667
"300",0.095
"301",0.095
"302",0.095
"303",0.0966666666666667
"304",0.0966666666666667
"305",0.0933333333333333
"306",0.0933333333333333
"307",0.095
"308",0.0933333333333333
"309",0.0933333333333333
"310",0.0933333333333333
"311",0.095
"312",0.095
"313",0.0933333333333333
"314",0.0933333333333333
"315",0.095
"316",0.0933333333333333
"317",0.0933333333333333
"318",0.0933333333333333
"319",0.095
"320",0.095
"321",0.0916666666666667
"322",0.0916666666666667
"323",0.0933333333333333
"324",0.0916666666666667
"325",0.0916666666666667
"326",0.0916666666666667
"327",0.0933333333333333
"328",0.0933333333333333
"329",0.0916666666666667
"330",0.0916666666666667
"331",0.0933333333333333
"332",0.0933333333333333
"333",0.0933333333333333
"334",0.0933333333333333
"335",0.0933333333333333
"336",0.0933333333333333
"337",0.0933333333333333
"338",0.0933333333333333
"339",0.095
"340",0.095
"341",0.095
"342",0.095
"343",0.095
"344",0.095
"345",0.0933333333333333
"346",0.0933333333333333
"347",0.095
"348",0.0933333333333333
"349",0.0933333333333333
"350",0.0933333333333333
"351",0.095
"352",0.095
"353",0.0933333333333333
"354",0.0933333333333333
"355",0.095
"356",0.0933333333333333
"357",0.0933333333333333
"358",0.0933333333333333
"359",0.095
"360",0.095
"361",0.0933333333333333
"362",0.0933333333333333
"363",0.095
"364",0.0933333333333333
"365",0.0933333333333333
"366",0.0933333333333333
"367",0.095
"368",0.095
"369",0.0933333333333333
"370",0.0933333333333333
"371",0.095
"372",0.095
"373",0.095
"374",0.095
"375",0.095
"376",0.095
"377",0.0933333333333333
"378",0.095
"379",0.095
"380",0.095
"381",0.095
"382",0.095
"383",0.095
"384",0.095
"385",0.0933333333333333
"386",0.0933333333333333
"387",0.095
"388",0.0933333333333333
"389",0.0933333333333333
"390",0.0933333333333333
"391",0.095
"392",0.095
"393",0.0933333333333333
"394",0.0933333333333333
"395",0.095
"396",0.0933333333333333
"397",0.0933333333333333
"398",0.0933333333333333
"399",0.095
"400",0.095
"401",0.095
"402",0.095
"403",0.0966666666666667
"404",0.095
"405",0.095
"406",0.095
"407",0.0966666666666667
"408",0.0966666666666667
"409",0.0933333333333333
"410",0.0933333333333333
"411",0.095
"412",0.0933333333333333
"413",0.0933333333333333
"414",0.0933333333333333
"415",0.095
"416",0.095
"417",0.0933333333333333
"418",0.0933333333333333
"419",0.095
"420",0.0933333333333333
"421",0.0933333333333333
"422",0.0933333333333333
"423",0.095
"424",0.095
"425",0.0933333333333333
"426",0.0933333333333333
"427",0.095
"428",0.0933333333333333
"429",0.0933333333333333
"430",0.0933333333333333
"431",0.095
"432",0.095
"433",0.0933333333333333
"434",0.0933333333333333
"435",0.095
"436",0.0933333333333333
"437",0.0933333333333333
"438",0.0933333333333333
"439",0.095
"440",0.095
"441",0.095
"442",0.095
"443",0.0966666666666667
"444",0.095
"445",0.095
"446",0.095
"447",0.0966666666666667
"448",0.0966666666666667
"449",0.095
"450",0.095
"451",0.0966666666666667
"452",0.095
"453",0.095
"454",0.095
"455",0.0966666666666667
"456",0.0966666666666667
"457",0.0933333333333333
"458",0.0933333333333333
"459",0.095
"460",0.0933333333333333
"461",0.0933333333333333
"462",0.0933333333333333
"463",0.095
"464",0.095
"465",0.0933333333333333
"466",0.0933333333333333
"467",0.095
"468",0.0933333333333333
"469",0.0933333333333333
"470",0.0933333333333333
"471",0.095
"472",0.095
"473",0.0933333333333333
"474",0.0933333333333333
"475",0.095
"476",0.0933333333333333
"477",0.0933333333333333
"478",0.0933333333333333
"479",0.095
"480",0.095
"481",0.0933333333333333
"482",0.0933333333333333
"483",0.095
"484",0.0933333333333333
"485",0.0933333333333333
"486",0.0933333333333333
"487",0.095
"488",0.095
"489",0.0933333333333333
"490",0.0933333333333333
"491",0.095
"492",0.0933333333333333
"493",0.0933333333333333
"494",0.0933333333333333
"495",0.095
"496",0.095
"497",0.0933333333333333
"498",0.0933333333333333
"499",0.095
"500",0.0933333333333333
"501",0.0933333333333333
"502",0.0933333333333333
"503",0.095
"504",0.095
"505",0.0933333333333333
"506",0.0933333333333333
"507",0.095
"508",0.0933333333333333
"509",0.0933333333333333
"510",0.0933333333333333
"511",0.095
"512",0.095
"513",0.095
"514",0.095
"515",0.0966666666666667
"516",0.095
"517",0.095
"518",0.095
"519",0.0966666666666667
"520",0.0966666666666667
"521",0.0916666666666667
"522",0.095
"523",0.0933333333333333
"524",0.095
"525",0.095
"526",0.095
"527",0.095
"528",0.095
"529",0.0933333333333333
"530",0.0933333333333333
"531",0.095
"532",0.0933333333333333
"533",0.0933333333333333
"534",0.0933333333333333
"535",0.095
"536",0.095
"537",0.095
"538",0.095
"539",0.0966666666666667
"540",0.095
"541",0.095
"542",0.095
"543",0.0966666666666667
"544",0.0966666666666667
"545",0.0933333333333333
"546",0.0933333333333333
"547",0.095
"548",0.0933333333333333
"549",0.0933333333333333
"550",0.0933333333333333
"551",0.095
"552",0.095
"553",0.0933333333333333
"554",0.0933333333333333
"555",0.095
"556",0.0933333333333333
"557",0.0933333333333333
"558",0.0933333333333333
"559",0.095
"560",0.095
"561",0.0933333333333333
"562",0.0933333333333333
"563",0.095
"564",0.0933333333333333
"565",0.0933333333333333
"566",0.0933333333333333
"567",0.095
"568",0.095
"569",0.121666666666667
"570",0.121666666666667
"571",0.123333333333333
"572",0.115
"573",0.115
"574",0.115
"575",0.123333333333333
"576",0.123333333333333
"577",0.121666666666667
"578",0.123333333333333
"579",0.123333333333333
"580",0.121666666666667
"581",0.121666666666667
"582",0.121666666666667
"583",0.12
"584",0.12
"585",0.121666666666667
"586",0.123333333333333
"587",0.123333333333333
"588",0.121666666666667
"589",0.121666666666667
"590",0.121666666666667
"591",0.12
"592",0.12
"593",0.121666666666667
"594",0.123333333333333
"595",0.123333333333333
"596",0.121666666666667
"597",0.121666666666667
"598",0.121666666666667
"599",0.12
"600",0.12
"601",0.121666666666667
"602",0.123333333333333
"603",0.123333333333333
"604",0.121666666666667
"605",0.121666666666667
"606",0.121666666666667
"607",0.12
"608",0.12
"609",0.12
"610",0.121666666666667
"611",0.121666666666667
"612",0.123333333333333
"613",0.123333333333333
"614",0.123333333333333
"615",0.118333333333333
"616",0.118333333333333
"617",0.121666666666667
"618",0.123333333333333
"619",0.123333333333333
"620",0.121666666666667
"621",0.121666666666667
"622",0.121666666666667
"623",0.12
"624",0.12
"625",0.123333333333333
"626",0.125
"627",0.125
"628",0.123333333333333
"629",0.123333333333333
"630",0.123333333333333
"631",0.121666666666667
"632",0.121666666666667
"633",0.121666666666667
"634",0.123333333333333
"635",0.123333333333333
"636",0.121666666666667
"637",0.121666666666667
"638",0.121666666666667
"639",0.12
"640",0.12
"641",0.121666666666667
"642",0.123333333333333
"643",0.123333333333333
"644",0.121666666666667
"645",0.121666666666667
"646",0.121666666666667
"647",0.12
"648",0.12
"649",0.121666666666667
"650",0.123333333333333
"651",0.123333333333333
"652",0.121666666666667
"653",0.121666666666667
"654",0.121666666666667
"655",0.12
"656",0.12
"657",0.121666666666667
"658",0.123333333333333
"659",0.123333333333333
"660",0.121666666666667
"661",0.121666666666667
"662",0.121666666666667
"663",0.12
"664",0.12
"665",0.121666666666667
"666",0.123333333333333
"667",0.123333333333333
"668",0.121666666666667
"669",0.121666666666667
"670",0.121666666666667
"671",0.12
"672",0.12
"673",0.121666666666667
"674",0.123333333333333
"675",0.123333333333333
"676",0.121666666666667
"677",0.121666666666667
"678",0.121666666666667
"679",0.12
"680",0.12
"681",0.121666666666667
"682",0.123333333333333
"683",0.123333333333333
"684",0.121666666666667
"685",0.121666666666667
"686",0.121666666666667
"687",0.12
"688",0.12
"689",0.121666666666667
"690",0.123333333333333
"691",0.123333333333333
"692",0.121666666666667
"693",0.121666666666667
"694",0.121666666666667
"695",0.12
"696",0.12
"697",0.121666666666667
"698",0.123333333333333
"699",0.123333333333333
"700",0.121666666666667
"701",0.121666666666667
"702",0.121666666666667
"703",0.12
"704",0.12
"705",0.121666666666667
"706",0.123333333333333
"707",0.123333333333333
"708",0.121666666666667
"709",0.121666666666667
"710",0.121666666666667
"711",0.12
"712",0.12
"713",0.121666666666667
"714",0.123333333333333
"715",0.123333333333333
"716",0.121666666666667
"717",0.121666666666667
"718",0.121666666666667
"719",0.12
"720",0.12
"721",0.121666666666667
"722",0.123333333333333
"723",0.123333333333333
"724",0.121666666666667
"725",0.121666666666667
"726",0.121666666666667
"727",0.12
"728",0.12
"729",0.121666666666667
"730",0.123333333333333
"731",0.123333333333333
"732",0.121666666666667
"733",0.121666666666667
"734",0.121666666666667
"735",0.12
"736",0.12
"737",0.121666666666667
"738",0.123333333333333
"739",0.123333333333333
"740",0.121666666666667
"741",0.121666666666667
"742",0.121666666666667
"743",0.12
"744",0.12
"745",0.121666666666667
"746",0.123333333333333
"747",0.123333333333333
"748",0.121666666666667
"749",0.121666666666667
"750",0.121666666666667
"751",0.12
"752",0.12
"753",0.121666666666667
"754",0.123333333333333
"755",0.123333333333333
"756",0.121666666666667
"757",0.121666666666667
"758",0.121666666666667
"759",0.12
"760",0.12
"761",0.121666666666667
"762",0.123333333333333
"763",0.123333333333333
"764",0.121666666666667
"765",0.121666666666667
"766",0.121666666666667
"767",0.12
"768",0.12
"769",0.121666666666667
"770",0.123333333333333
"771",0.123333333333333
"772",0.121666666666667
"773",0.121666666666667
"774",0.121666666666667
"775",0.12
"776",0.12
"777",0.121666666666667
"778",0.123333333333333
"779",0.123333333333333
"780",0.121666666666667
"781",0.121666666666667
"782",0.121666666666667
"783",0.12
"784",0.12
"785",0.121666666666667
"786",0.123333333333333
"787",0.123333333333333
"788",0.121666666666667
"789",0.121666666666667
"790",0.121666666666667
"791",0.12
"792",0.12
"793",0.108333333333333
"794",0.108333333333333
"795",0.11
"796",0.113333333333333
"797",0.113333333333333
"798",0.113333333333333
"799",0.108333333333333
"800",0.108333333333333
"801",0.113333333333333
"802",0.113333333333333
"803",0.115
"804",0.118333333333333
"805",0.118333333333333
"806",0.118333333333333
"807",0.113333333333333
"808",0.113333333333333
"809",0.113333333333333
"810",0.113333333333333
"811",0.115
"812",0.115
"813",0.115
"814",0.115
"815",0.113333333333333
"816",0.113333333333333
"817",0.113333333333333
"818",0.113333333333333
"819",0.115
"820",0.115
"821",0.115
"822",0.115
"823",0.113333333333333
"824",0.113333333333333
"825",0.103333333333333
"826",0.103333333333333
"827",0.105
"828",0.101666666666667
"829",0.101666666666667
"830",0.101666666666667
"831",0.101666666666667
"832",0.101666666666667
"833",0.103333333333333
"834",0.103333333333333
"835",0.105
"836",0.101666666666667
"837",0.101666666666667
"838",0.101666666666667
"839",0.101666666666667
"840",0.101666666666667
"841",0.105
"842",0.105
"843",0.106666666666667
"844",0.103333333333333
"845",0.103333333333333
"846",0.103333333333333
"847",0.103333333333333
"848",0.103333333333333
"849",0.103333333333333
"850",0.103333333333333
"851",0.105
"852",0.101666666666667
"853",0.101666666666667
"854",0.101666666666667
"855",0.101666666666667
"856",0.101666666666667
"857",0.103333333333333
"858",0.103333333333333
"859",0.105
"860",0.101666666666667
"861",0.101666666666667
"862",0.101666666666667
"863",0.101666666666667
"864",0.101666666666667
"865",0.103333333333333
"866",0.103333333333333
"867",0.105
"868",0.101666666666667
"869",0.101666666666667
"870",0.101666666666667
"871",0.101666666666667
"872",0.101666666666667
"873",0.095
"874",0.095
"875",0.0966666666666667
"876",0.106666666666667
"877",0.106666666666667
"878",0.106666666666667
"879",0.0933333333333333
"880",0.0933333333333333
"881",0.101666666666667
"882",0.101666666666667
"883",0.103333333333333
"884",0.103333333333333
"885",0.103333333333333
"886",0.103333333333333
"887",0.1
"888",0.1
"889",0.103333333333333
"890",0.103333333333333
"891",0.105
"892",0.101666666666667
"893",0.101666666666667
"894",0.101666666666667
"895",0.101666666666667
"896",0.101666666666667
"897",0.101666666666667
"898",0.101666666666667
"899",0.103333333333333
"900",0.103333333333333
"901",0.103333333333333
"902",0.103333333333333
"903",0.1
"904",0.1
"905",0.103333333333333
"906",0.103333333333333
"907",0.105
"908",0.101666666666667
"909",0.101666666666667
"910",0.101666666666667
"911",0.101666666666667
"912",0.101666666666667
"913",0.095
"914",0.095
"915",0.0966666666666667
"916",0.106666666666667
"917",0.106666666666667
"918",0.106666666666667
"919",0.0933333333333333
"920",0.0933333333333333
"921",0.101666666666667
"922",0.101666666666667
"923",0.103333333333333
"924",0.103333333333333
"925",0.103333333333333
"926",0.103333333333333
"927",0.1
"928",0.1
"929",0.105
"930",0.105
"931",0.106666666666667
"932",0.103333333333333
"933",0.103333333333333
"934",0.103333333333333
"935",0.103333333333333
"936",0.103333333333333
"937",0.095
"938",0.095
"939",0.0966666666666667
"940",0.106666666666667
"941",0.106666666666667
"942",0.106666666666667
"943",0.0933333333333333
"944",0.0933333333333333
"945",0.103333333333333
"946",0.103333333333333
"947",0.105
"948",0.101666666666667
"949",0.101666666666667
"950",0.101666666666667
"951",0.101666666666667
"952",0.101666666666667
"953",0.095
"954",0.095
"955",0.0966666666666667
"956",0.106666666666667
"957",0.106666666666667
"958",0.106666666666667
"959",0.0933333333333333
"960",0.0933333333333333
"961",0.095
"962",0.095
"963",0.0966666666666667
"964",0.106666666666667
"965",0.106666666666667
"966",0.106666666666667
"967",0.0933333333333333
"968",0.0933333333333333
"969",0.095
"970",0.095
"971",0.0966666666666667
"972",0.106666666666667
"973",0.106666666666667
"974",0.106666666666667
"975",0.0933333333333333
"976",0.0933333333333333
"977",0.101666666666667
"978",0.101666666666667
"979",0.103333333333333
"980",0.103333333333333
"981",0.103333333333333
"982",0.103333333333333
"983",0.1
"984",0.1
"985",0.103333333333333
"986",0.103333333333333
"987",0.105
"988",0.101666666666667
"989",0.101666666666667
"990",0.101666666666667
"991",0.101666666666667
"992",0.101666666666667
"993",0.101666666666667
"994",0.101666666666667
"995",0.103333333333333
"996",0.103333333333333
"997",0.103333333333333
"998",0.103333333333333
"999",0.1
"1000",0.1
"1001",0.101666666666667
"1002",0.101666666666667
"1003",0.103333333333333
"1004",0.103333333333333
"1005",0.103333333333333
"1006",0.103333333333333
"1007",0.1
"1008",0.1
"1009",0.101666666666667
"1010",0.101666666666667
"1011",0.103333333333333
"1012",0.103333333333333
"1013",0.103333333333333
"1014",0.103333333333333
"1015",0.1
"1016",0.1
"1017",0.095
"1018",0.095
"1019",0.0966666666666667
"1020",0.106666666666667
"1021",0.106666666666667
"1022",0.106666666666667
"1023",0.0933333333333333
"1024",0.0933333333333333
"1025",0.101666666666667
"1026",0.101666666666667
"1027",0.103333333333333
"1028",0.103333333333333
"1029",0.103333333333333
"1030",0.103333333333333
"1031",0.1
"1032",0.1
"1033",0.103333333333333
"1034",0.103333333333333
"1035",0.105
"1036",0.101666666666667
"1037",0.101666666666667
"1038",0.101666666666667
"1039",0.101666666666667
"1040",0.101666666666667
"1041",0.0966666666666667
"1042",0.0966666666666667
"1043",0.0983333333333333
"1044",0.105
"1045",0.105
"1046",0.105
"1047",0.095
"1048",0.095
"1049",0.095
"1050",0.095
"1051",0.0966666666666667
"1052",0.106666666666667
"1053",0.106666666666667
"1054",0.106666666666667
"1055",0.0933333333333333
"1056",0.0933333333333333
"1057",0.105
"1058",0.105
"1059",0.106666666666667
"1060",0.103333333333333
"1061",0.103333333333333
"1062",0.103333333333333
"1063",0.103333333333333
"1064",0.103333333333333
"1065",0.103333333333333
"1066",0.103333333333333
"1067",0.105
"1068",0.101666666666667
"1069",0.101666666666667
"1070",0.101666666666667
"1071",0.101666666666667
"1072",0.101666666666667
"1073",0.101666666666667
"1074",0.101666666666667
"1075",0.103333333333333
"1076",0.103333333333333
"1077",0.103333333333333
"1078",0.103333333333333
"1079",0.1
"1080",0.1
"1081",0.103333333333333
"1082",0.103333333333333
"1083",0.105
"1084",0.101666666666667
"1085",0.101666666666667
"1086",0.101666666666667
"1087",0.101666666666667
"1088",0.101666666666667
"1089",0.103333333333333
"1090",0.103333333333333
"1091",0.105
"1092",0.101666666666667
"1093",0.101666666666667
"1094",0.101666666666667
"1095",0.101666666666667
"1096",0.101666666666667
"1097",0.095
"1098",0.095
"1099",0.0966666666666667
"1100",0.106666666666667
"1101",0.106666666666667
"1102",0.106666666666667
"1103",0.0933333333333333
"1104",0.0933333333333333
"1105",0.101666666666667
"1106",0.101666666666667
"1107",0.103333333333333
"1108",0.103333333333333
"1109",0.103333333333333
"1110",0.103333333333333
"1111",0.1
"1112",0.1
"1113",0.101666666666667
"1114",0.101666666666667
"1115",0.103333333333333
"1116",0.103333333333333
"1117",0.103333333333333
"1118",0.103333333333333
"1119",0.1
"1120",0.1
"1121",0.095
"1122",0.095
"1123",0.0966666666666667
"1124",0.106666666666667
"1125",0.106666666666667
"1126",0.106666666666667
"1127",0.0933333333333333
"1128",0.0933333333333333
"1129",0.101666666666667
"1130",0.101666666666667
"1131",0.103333333333333
"1132",0.103333333333333
"1133",0.103333333333333
"1134",0.103333333333333
"1135",0.1
"1136",0.1
"1137",0.103333333333333
"1138",0.103333333333333
"1139",0.105
"1140",0.101666666666667
"1141",0.101666666666667
"1142",0.101666666666667
"1143",0.101666666666667
"1144",0.101666666666667
"1145",0.095
"1146",0.095
"1147",0.0966666666666667
"1148",0.106666666666667
"1149",0.106666666666667
"1150",0.106666666666667
"1151",0.0933333333333333
"1152",0.0933333333333333
"1153",0.101666666666667
"1154",0.0983333333333333
"1155",0.103333333333333
"1156",0.1
"1157",0.1
"1158",0.1
"1159",0.1
"1160",0.1
"1161",0.101666666666667
"1162",0.101666666666667
"1163",0.103333333333333
"1164",0.0966666666666667
"1165",0.0966666666666667
"1166",0.0966666666666667
"1167",0.1
"1168",0.1
"1169",0.101666666666667
"1170",0.101666666666667
"1171",0.103333333333333
"1172",0.0966666666666667
"1173",0.0966666666666667
"1174",0.0966666666666667
"1175",0.1
"1176",0.1
"1177",0.0966666666666667
"1178",0.1
"1179",0.0983333333333333
"1180",0.0366666666666667
"1181",0.0366666666666667
"1182",0.0366666666666667
"1183",0.0966666666666667
"1184",0.0966666666666667
"1185",0.103333333333333
"1186",0.1
"1187",0.105
"1188",0.0416666666666667
"1189",0.0416666666666667
"1190",0.0416666666666667
"1191",0.101666666666667
"1192",0.101666666666667
"1193",0.101666666666667
"1194",0.0983333333333333
"1195",0.103333333333333
"1196",0.0383333333333333
"1197",0.0383333333333333
"1198",0.0383333333333333
"1199",0.1
"1200",0.1
"1201",0.103333333333333
"1202",0.1
"1203",0.105
"1204",0.0383333333333333
"1205",0.0383333333333333
"1206",0.0383333333333333
"1207",0.101666666666667
"1208",0.101666666666667
"1209",0.0966666666666667
"1210",0.0966666666666667
"1211",0.0983333333333333
"1212",0.0333333333333333
"1213",0.0333333333333333
"1214",0.0333333333333333
"1215",0.095
"1216",0.095
"1217",0.101666666666667
"1218",0.105
"1219",0.103333333333333
"1220",0.04
"1221",0.04
"1222",0.04
"1223",0.101666666666667
"1224",0.101666666666667
"1225",0.101666666666667
"1226",0.101666666666667
"1227",0.103333333333333
"1228",0.04
"1229",0.04
"1230",0.04
"1231",0.101666666666667
"1232",0.101666666666667
"1233",0.0216666666666667
"1234",0.02
"1235",0.0233333333333333
"1236",0.0983333333333333
"1237",0.0983333333333333
"1238",0.0983333333333333
"1239",0.0216666666666667
"1240",0.0216666666666667
"1241",0.0216666666666667
"1242",0.02
"1243",0.0233333333333333
"1244",0.0983333333333333
"1245",0.0983333333333333
"1246",0.0983333333333333
"1247",0.0216666666666667
"1248",0.0216666666666667
"1249",0.0216666666666667
"1250",0.0233333333333333
"1251",0.0233333333333333
"1252",0.095
"1253",0.095
"1254",0.095
"1255",0.0216666666666667
"1256",0.0216666666666667
"1257",0.0233333333333333
"1258",0.025
"1259",0.025
"1260",0.095
"1261",0.095
"1262",0.095
"1263",0.0233333333333333
"1264",0.0233333333333333
"1265",0.0216666666666667
"1266",0.02
"1267",0.0233333333333333
"1268",0.0983333333333333
"1269",0.0983333333333333
"1270",0.0983333333333333
"1271",0.0216666666666667
"1272",0.0216666666666667
"1273",0.0233333333333333
"1274",0.0216666666666667
"1275",0.025
"1276",0.0966666666666667
"1277",0.0966666666666667
"1278",0.0966666666666667
"1279",0.0233333333333333
"1280",0.0233333333333333
"1281",0.14
"1282",0.141666666666667
"1283",0.141666666666667
"1284",0.13
"1285",0.13
"1286",0.13
"1287",0.141666666666667
"1288",0.141666666666667
"1289",0.14
"1290",0.141666666666667
"1291",0.141666666666667
"1292",0.13
"1293",0.13
"1294",0.13
"1295",0.141666666666667
"1296",0.141666666666667
"1297",0.14
"1298",0.141666666666667
"1299",0.141666666666667
"1300",0.13
"1301",0.13
"1302",0.13
"1303",0.141666666666667
"1304",0.141666666666667
"1305",0.14
"1306",0.141666666666667
"1307",0.141666666666667
"1308",0.13
"1309",0.13
"1310",0.13
"1311",0.141666666666667
"1312",0.141666666666667
"1313",0.131666666666667
"1314",0.131666666666667
"1315",0.133333333333333
"1316",0.125
"1317",0.125
"1318",0.125
"1319",0.128333333333333
"1320",0.128333333333333
"1321",0.131666666666667
"1322",0.131666666666667
"1323",0.133333333333333
"1324",0.125
"1325",0.125
"1326",0.125
"1327",0.128333333333333
"1328",0.128333333333333
"1329",0.131666666666667
"1330",0.131666666666667
"1331",0.133333333333333
"1332",0.125
"1333",0.125
"1334",0.125
"1335",0.128333333333333
"1336",0.128333333333333
"1337",0.131666666666667
"1338",0.131666666666667
"1339",0.133333333333333
"1340",0.125
"1341",0.125
"1342",0.125
"1343",0.128333333333333
"1344",0.128333333333333
"1345",0.131666666666667
"1346",0.131666666666667
"1347",0.133333333333333
"1348",0.128333333333333
"1349",0.128333333333333
"1350",0.128333333333333
"1351",0.128333333333333
"1352",0.128333333333333
"1353",0.131666666666667
"1354",0.131666666666667
"1355",0.133333333333333
"1356",0.125
"1357",0.125
"1358",0.125
"1359",0.128333333333333
"1360",0.128333333333333
"1361",0.131666666666667
"1362",0.131666666666667
"1363",0.133333333333333
"1364",0.125
"1365",0.125
"1366",0.125
"1367",0.128333333333333
"1368",0.128333333333333
"1369",0.131666666666667
"1370",0.131666666666667
"1371",0.133333333333333
"1372",0.125
"1373",0.125
"1374",0.125
"1375",0.128333333333333
"1376",0.128333333333333
"1377",0.131666666666667
"1378",0.131666666666667
"1379",0.133333333333333
"1380",0.125
"1381",0.125
"1382",0.125
"1383",0.128333333333333
"1384",0.128333333333333
"1385",0.131666666666667
"1386",0.131666666666667
"1387",0.133333333333333
"1388",0.125
"1389",0.125
"1390",0.125
"1391",0.128333333333333
"1392",0.128333333333333
"1393",0.131666666666667
"1394",0.131666666666667
"1395",0.133333333333333
"1396",0.125
"1397",0.125
"1398",0.125
"1399",0.128333333333333
"1400",0.128333333333333
"1401",0.131666666666667
"1402",0.131666666666667
"1403",0.133333333333333
"1404",0.125
"1405",0.125
"1406",0.125
"1407",0.128333333333333
"1408",0.128333333333333
"1409",0.131666666666667
"1410",0.131666666666667
"1411",0.133333333333333
"1412",0.125
"1413",0.125
"1414",0.125
"1415",0.128333333333333
"1416",0.128333333333333
"1417",0.131666666666667
"1418",0.131666666666667
"1419",0.133333333333333
"1420",0.125
"1421",0.125
"1422",0.125
"1423",0.128333333333333
"1424",0.128333333333333
"1425",0.131666666666667
"1426",0.131666666666667
"1427",0.133333333333333
"1428",0.125
"1429",0.125
"1430",0.125
"1431",0.128333333333333
"1432",0.128333333333333
"1433",0.131666666666667
"1434",0.131666666666667
"1435",0.133333333333333
"1436",0.125
"1437",0.125
"1438",0.125
"1439",0.128333333333333
"1440",0.128333333333333
"1441",0.131666666666667
"1442",0.131666666666667
"1443",0.133333333333333
"1444",0.125
"1445",0.125
"1446",0.125
"1447",0.128333333333333
"1448",0.128333333333333
"1449",0.131666666666667
"1450",0.131666666666667
"1451",0.133333333333333
"1452",0.125
"1453",0.125
"1454",0.125
"1455",0.128333333333333
"1456",0.128333333333333
"1457",0.131666666666667
"1458",0.131666666666667
"1459",0.133333333333333
"1460",0.125
"1461",0.125
"1462",0.125
"1463",0.128333333333333
"1464",0.128333333333333
"1465",0.156666666666667
"1466",0.156666666666667
"1467",0.158333333333333
"1468",0.136666666666667
"1469",0.136666666666667
"1470",0.136666666666667
"1471",0.158333333333333
"1472",0.158333333333333
"1473",0.156666666666667
"1474",0.156666666666667
"1475",0.158333333333333
"1476",0.136666666666667
"1477",0.136666666666667
"1478",0.136666666666667
"1479",0.158333333333333
"1480",0.158333333333333
"1481",0.148333333333333
"1482",0.148333333333333
"1483",0.15
"1484",0.15
"1485",0.15
"1486",0.15
"1487",0.148333333333333
"1488",0.148333333333333
"1489",0.145
"1490",0.146666666666667
"1491",0.143333333333333
"1492",0.151666666666667
"1493",0.151666666666667
"1494",0.151666666666667
"1495",0.145
"1496",0.145
"1497",0.143333333333333
"1498",0.145
"1499",0.141666666666667
"1500",0.15
"1501",0.15
"1502",0.15
"1503",0.143333333333333
"1504",0.143333333333333
"1505",0.148333333333333
"1506",0.148333333333333
"1507",0.15
"1508",0.15
"1509",0.15
"1510",0.15
"1511",0.148333333333333
"1512",0.148333333333333
"1513",0.148333333333333
"1514",0.148333333333333
"1515",0.15
"1516",0.15
"1517",0.15
"1518",0.15
"1519",0.148333333333333
"1520",0.148333333333333
"1521",0.141666666666667
"1522",0.143333333333333
"1523",0.14
"1524",0.148333333333333
"1525",0.148333333333333
"1526",0.148333333333333
"1527",0.141666666666667
"1528",0.141666666666667
"1529",0.143333333333333
"1530",0.145
"1531",0.141666666666667
"1532",0.15
"1533",0.15
"1534",0.15
"1535",0.143333333333333
"1536",0.143333333333333
"1537",0.143333333333333
"1538",0.145
"1539",0.141666666666667
"1540",0.15
"1541",0.15
"1542",0.15
"1543",0.143333333333333
"1544",0.143333333333333
"1545",0.115
"1546",0.113333333333333
"1547",0.116666666666667
"1548",0.128333333333333
"1549",0.128333333333333
"1550",0.128333333333333
"1551",0.116666666666667
"1552",0.116666666666667
"1553",0.115
"1554",0.113333333333333
"1555",0.116666666666667
"1556",0.126666666666667
"1557",0.126666666666667
"1558",0.126666666666667
"1559",0.116666666666667
"1560",0.116666666666667
"1561",0.115
"1562",0.113333333333333
"1563",0.116666666666667
"1564",0.128333333333333
"1565",0.128333333333333
"1566",0.128333333333333
"1567",0.116666666666667
"1568",0.116666666666667
"1569",0.115
"1570",0.113333333333333
"1571",0.116666666666667
"1572",0.126666666666667
"1573",0.126666666666667
"1574",0.126666666666667
"1575",0.116666666666667
"1576",0.116666666666667
"1577",0.115
"1578",0.113333333333333
"1579",0.116666666666667
"1580",0.128333333333333
"1581",0.128333333333333
"1582",0.128333333333333
"1583",0.116666666666667
"1584",0.116666666666667
"1585",0.115
"1586",0.113333333333333
"1587",0.116666666666667
"1588",0.128333333333333
"1589",0.128333333333333
"1590",0.128333333333333
"1591",0.116666666666667
"1592",0.116666666666667
"1593",0.115
"1594",0.113333333333333
"1595",0.116666666666667
"1596",0.128333333333333
"1597",0.128333333333333
"1598",0.128333333333333
"1599",0.116666666666667
"1600",0.116666666666667
"1601",0.0416666666666667
"1602",0.0433333333333333
"1603",0.0433333333333333
"1604",0.0966666666666667
"1605",0.0966666666666667
"1606",0.0966666666666667
"1607",0.0416666666666667
"1608",0.0416666666666667
"1609",0.0416666666666667
"1610",0.0433333333333333
"1611",0.0433333333333333
"1612",0.0966666666666667
"1613",0.0966666666666667
"1614",0.0966666666666667
"1615",0.0416666666666667
"1616",0.0416666666666667
"1617",0.0433333333333333
"1618",0.045
"1619",0.045
"1620",0.0983333333333333
"1621",0.0983333333333333
"1622",0.0983333333333333
"1623",0.0433333333333333
"1624",0.0433333333333333
"1625",0.133333333333333
"1626",0.133333333333333
"1627",0.135
"1628",0.131666666666667
"1629",0.131666666666667
"1630",0.131666666666667
"1631",0.135
"1632",0.135
"1633",0.136666666666667
"1634",0.136666666666667
"1635",0.138333333333333
"1636",0.131666666666667
"1637",0.131666666666667
"1638",0.131666666666667
"1639",0.138333333333333
"1640",0.138333333333333
"1641",0.135
"1642",0.135
"1643",0.136666666666667
"1644",0.13
"1645",0.13
"1646",0.13
"1647",0.136666666666667
"1648",0.136666666666667
"1649",0.138333333333333
"1650",0.138333333333333
"1651",0.14
"1652",0.128333333333333
"1653",0.128333333333333
"1654",0.128333333333333
"1655",0.14
"1656",0.14
"1657",0.136666666666667
"1658",0.136666666666667
"1659",0.138333333333333
"1660",0.128333333333333
"1661",0.128333333333333
"1662",0.128333333333333
"1663",0.138333333333333
"1664",0.138333333333333
"1665",0.133333333333333
"1666",0.133333333333333
"1667",0.135
"1668",0.131666666666667
"1669",0.131666666666667
"1670",0.131666666666667
"1671",0.135
"1672",0.135
"1673",0.133333333333333
"1674",0.133333333333333
"1675",0.135
"1676",0.131666666666667
"1677",0.131666666666667
"1678",0.131666666666667
"1679",0.135
"1680",0.135
"1681",0.135
"1682",0.135
"1683",0.136666666666667
"1684",0.13
"1685",0.13
"1686",0.13
"1687",0.136666666666667
"1688",0.136666666666667
"1689",0.133333333333333
"1690",0.133333333333333
"1691",0.135
"1692",0.131666666666667
"1693",0.131666666666667
"1694",0.131666666666667
"1695",0.135
"1696",0.135
"1697",0.136666666666667
"1698",0.136666666666667
"1699",0.138333333333333
"1700",0.128333333333333
"1701",0.128333333333333
"1702",0.128333333333333
"1703",0.138333333333333
"1704",0.138333333333333
"1705",0.135
"1706",0.135
"1707",0.136666666666667
"1708",0.13
"1709",0.13
"1710",0.13
"1711",0.136666666666667
"1712",0.136666666666667
"1713",0.135
"1714",0.135
"1715",0.136666666666667
"1716",0.13
"1717",0.13
"1718",0.13
"1719",0.136666666666667
"1720",0.136666666666667
"1721",0.133333333333333
"1722",0.133333333333333
"1723",0.135
"1724",0.131666666666667
"1725",0.131666666666667
"1726",0.131666666666667
"1727",0.135
"1728",0.135
"1729",0.136666666666667
"1730",0.136666666666667
"1731",0.138333333333333
"1732",0.131666666666667
"1733",0.131666666666667
"1734",0.131666666666667
"1735",0.138333333333333
"1736",0.138333333333333
"1737",0.135
"1738",0.135
"1739",0.136666666666667
"1740",0.13
"1741",0.13
"1742",0.13
"1743",0.136666666666667
"1744",0.136666666666667
"1745",0.136666666666667
"1746",0.136666666666667
"1747",0.138333333333333
"1748",0.128333333333333
"1749",0.128333333333333
"1750",0.128333333333333
"1751",0.138333333333333
"1752",0.138333333333333
"1753",0.136666666666667
"1754",0.136666666666667
"1755",0.138333333333333
"1756",0.131666666666667
"1757",0.131666666666667
"1758",0.131666666666667
"1759",0.138333333333333
"1760",0.138333333333333
"1761",0.136666666666667
"1762",0.136666666666667
"1763",0.138333333333333
"1764",0.128333333333333
"1765",0.128333333333333
"1766",0.128333333333333
"1767",0.138333333333333
"1768",0.138333333333333
"1769",0.136666666666667
"1770",0.136666666666667
"1771",0.138333333333333
"1772",0.128333333333333
"1773",0.128333333333333
"1774",0.128333333333333
"1775",0.138333333333333
"1776",0.138333333333333
"1777",0.135
"1778",0.135
"1779",0.136666666666667
"1780",0.13
"1781",0.13
"1782",0.13
"1783",0.136666666666667
"1784",0.136666666666667
"1785",0.136666666666667
"1786",0.136666666666667
"1787",0.138333333333333
"1788",0.131666666666667
"1789",0.131666666666667
"1790",0.131666666666667
"1791",0.138333333333333
"1792",0.138333333333333
"1793",0.136666666666667
"1794",0.136666666666667
"1795",0.138333333333333
"1796",0.128333333333333
"1797",0.128333333333333
"1798",0.128333333333333
"1799",0.138333333333333
"1800",0.138333333333333
"1801",0.135
"1802",0.135
"1803",0.136666666666667
"1804",0.13
"1805",0.13
"1806",0.13
"1807",0.136666666666667
"1808",0.136666666666667
"1809",0.135
"1810",0.135
"1811",0.136666666666667
"1812",0.13
"1813",0.13
"1814",0.13
"1815",0.136666666666667
"1816",0.136666666666667
"1817",0.135
"1818",0.135
"1819",0.136666666666667
"1820",0.13
"1821",0.13
"1822",0.13
"1823",0.136666666666667
"1824",0.136666666666667
"1825",0.103333333333333
"1826",0.1
"1827",0.105
"1828",0.0266666666666667
"1829",0.0266666666666667
"1830",0.0266666666666667
"1831",0.101666666666667
"1832",0.101666666666667
"1833",0.00833333333333333
"1834",0.01
"1835",0.01
"1836",0.095
"1837",0.095
"1838",0.095
"1839",0.005
"1840",0.005
"1841",0.00166666666666667
"1842",0.005
"1843",0.00333333333333333
"1844",0.0966666666666667
"1845",0.0966666666666667
"1846",0.0966666666666667
"1847",0.00666666666666667
"1848",0.00666666666666667
"1849",0.00333333333333333
"1850",0.00333333333333333
"1851",0.005
"1852",0.0983333333333333
"1853",0.0983333333333333
"1854",0.0983333333333333
"1855",0.00833333333333333
"1856",0.00833333333333333
"1857",0.00333333333333333
"1858",0.005
"1859",0.005
"1860",0.095
"1861",0.095
"1862",0.095
"1863",0.00666666666666667
"1864",0.00666666666666667
"1865",0.005
"1866",0.00666666666666667
"1867",0.00666666666666667
"1868",0.0966666666666667
"1869",0.0966666666666667
"1870",0.0966666666666667
"1871",0.00833333333333333
"1872",0.00833333333333333
"1873",0.005
"1874",0.00666666666666667
"1875",0.00666666666666667
"1876",0.0933333333333333
"1877",0.0933333333333333
"1878",0.0933333333333333
"1879",0.00833333333333333
"1880",0.00833333333333333
"1881",0.00333333333333333
"1882",0.005
"1883",0.005
"1884",0.095
"1885",0.095
"1886",0.095
"1887",0.00666666666666667
"1888",0.00666666666666667
"1889",0.00833333333333333
"1890",0.01
"1891",0.01
"1892",0.0966666666666667
"1893",0.0966666666666667
"1894",0.0966666666666667
"1895",0.005
"1896",0.005
"1897",0.005
"1898",0.00666666666666667
"1899",0.00666666666666667
"1900",0.0966666666666667
"1901",0.0966666666666667
"1902",0.0966666666666667
"1903",0.00833333333333333
"1904",0.00833333333333333
"1905",0.00833333333333333
"1906",0.01
"1907",0.01
"1908",0.095
"1909",0.095
"1910",0.095
"1911",0.005
"1912",0.005
"1913",0
"1914",0.00333333333333333
"1915",0.00166666666666667
"1916",0.095
"1917",0.095
"1918",0.095
"1919",0.005
"1920",0.005
"1921",0
"1922",0.00333333333333333
"1923",0.00166666666666667
"1924",0.095
"1925",0.095
"1926",0.095
"1927",0.005
"1928",0.005
"1929",0.131666666666667
"1930",0.13
"1931",0.133333333333333
"1932",0.123333333333333
"1933",0.123333333333333
"1934",0.123333333333333
"1935",0.133333333333333
"1936",0.133333333333333
"1937",0.131666666666667
"1938",0.13
"1939",0.133333333333333
"1940",0.123333333333333
"1941",0.123333333333333
"1942",0.123333333333333
"1943",0.133333333333333
"1944",0.133333333333333
"1945",0.131666666666667
"1946",0.13
"1947",0.133333333333333
"1948",0.123333333333333
"1949",0.123333333333333
"1950",0.123333333333333
"1951",0.133333333333333
"1952",0.133333333333333
"1953",0.12
"1954",0.118333333333333
"1955",0.121666666666667
"1956",0.121666666666667
"1957",0.121666666666667
"1958",0.121666666666667
"1959",0.121666666666667
"1960",0.121666666666667
"1961",0.121666666666667
"1962",0.12
"1963",0.123333333333333
"1964",0.121666666666667
"1965",0.121666666666667
"1966",0.121666666666667
"1967",0.123333333333333
"1968",0.123333333333333
"1969",0.116666666666667
"1970",0.116666666666667
"1971",0.118333333333333
"1972",0.121666666666667
"1973",0.121666666666667
"1974",0.121666666666667
"1975",0.118333333333333
"1976",0.118333333333333
"1977",0.125
"1978",0.125
"1979",0.123333333333333
"1980",0.105
"1981",0.105
"1982",0.105
"1983",0.121666666666667
"1984",0.121666666666667
"1985",0.128333333333333
"1986",0.125
"1987",0.126666666666667
"1988",0.108333333333333
"1989",0.108333333333333
"1990",0.108333333333333
"1991",0.125
"1992",0.125
"1993",0.125
"1994",0.125
"1995",0.123333333333333
"1996",0.105
"1997",0.105
"1998",0.105
"1999",0.121666666666667
"2000",0.121666666666667
"2001",0.0983333333333333
"2002",0.0983333333333333
"2003",0.1
"2004",0.0166666666666667
"2005",0.0166666666666667
"2006",0.0166666666666667
"2007",0.0966666666666667
"2008",0.0966666666666667
"2009",0.0983333333333333
"2010",0.0983333333333333
"2011",0.1
"2012",0.0166666666666667
"2013",0.0166666666666667
"2014",0.0166666666666667
"2015",0.0966666666666667
"2016",0.0966666666666667
"2017",0.156666666666667
"2018",0.16
"2019",0.158333333333333
"2020",0.155
"2021",0.155
"2022",0.155
"2023",0.158333333333333
"2024",0.158333333333333
"2025",0.155
"2026",0.155
"2027",0.156666666666667
"2028",0.153333333333333
"2029",0.153333333333333
"2030",0.153333333333333
"2031",0.155
"2032",0.155
"2033",0.156666666666667
"2034",0.16
"2035",0.158333333333333
"2036",0.155
"2037",0.155
"2038",0.155
"2039",0.158333333333333
"2040",0.158333333333333
"2041",0.156666666666667
"2042",0.16
"2043",0.158333333333333
"2044",0.155
"2045",0.155
"2046",0.155
"2047",0.158333333333333
"2048",0.158333333333333
"2049",0.0816666666666667
"2050",0.0816666666666667
"2051",0.0833333333333333
"2052",0.103333333333333
"2053",0.103333333333333
"2054",0.103333333333333
"2055",0.08
"2056",0.08
"2057",0.0833333333333333
"2058",0.0833333333333333
"2059",0.085
"2060",0.105
"2061",0.105
"2062",0.105
"2063",0.0816666666666667
"2064",0.0816666666666667
"2065",0.126666666666667
"2066",0.128333333333333
"2067",0.128333333333333
"2068",0.126666666666667
"2069",0.126666666666667
"2070",0.126666666666667
"2071",0.128333333333333
"2072",0.128333333333333
"2073",0.128333333333333
"2074",0.13
"2075",0.13
"2076",0.125
"2077",0.125
"2078",0.125
"2079",0.13
"2080",0.13
"2081",0.126666666666667
"2082",0.128333333333333
"2083",0.128333333333333
"2084",0.126666666666667
"2085",0.126666666666667
"2086",0.126666666666667
"2087",0.128333333333333
"2088",0.128333333333333
"2089",0.126666666666667
"2090",0.128333333333333
"2091",0.128333333333333
"2092",0.126666666666667
"2093",0.126666666666667
"2094",0.126666666666667
"2095",0.128333333333333
"2096",0.128333333333333
"2097",0.128333333333333
"2098",0.13
"2099",0.13
"2100",0.125
"2101",0.125
"2102",0.125
"2103",0.13
"2104",0.13
"2105",0.126666666666667
"2106",0.128333333333333
"2107",0.128333333333333
"2108",0.126666666666667
"2109",0.126666666666667
"2110",0.126666666666667
"2111",0.128333333333333
"2112",0.128333333333333
"2113",0.128333333333333
"2114",0.13
"2115",0.13
"2116",0.125
"2117",0.125
"2118",0.125
"2119",0.13
"2120",0.13
"2121",0.128333333333333
"2122",0.13
"2123",0.13
"2124",0.128333333333333
"2125",0.128333333333333
"2126",0.128333333333333
"2127",0.13
"2128",0.13
"2129",0.141666666666667
"2130",0.14
"2131",0.143333333333333
"2132",0.123333333333333
"2133",0.123333333333333
"2134",0.123333333333333
"2135",0.141666666666667
"2136",0.141666666666667
"2137",0.138333333333333
"2138",0.136666666666667
"2139",0.14
"2140",0.12
"2141",0.12
"2142",0.12
"2143",0.138333333333333
"2144",0.138333333333333
"2145",0.138333333333333
"2146",0.136666666666667
"2147",0.14
"2148",0.12
"2149",0.12
"2150",0.12
"2151",0.138333333333333
"2152",0.138333333333333
"2153",0.0866666666666667
"2154",0.0866666666666667
"2155",0.0883333333333333
"2156",0.08
"2157",0.08
"2158",0.08
"2159",0.085
"2160",0.085
"2161",0.0866666666666667
"2162",0.0866666666666667
"2163",0.0883333333333333
"2164",0.08
"2165",0.08
"2166",0.08
"2167",0.085
"2168",0.085
"2169",0.0866666666666667
"2170",0.0866666666666667
"2171",0.0883333333333333
"2172",0.08
"2173",0.08
"2174",0.08
"2175",0.085
"2176",0.085
"2177",0.09
"2178",0.09
"2179",0.0916666666666667
"2180",0.0816666666666667
"2181",0.0816666666666667
"2182",0.0816666666666667
"2183",0.0883333333333333
"2184",0.0883333333333333
"2185",0.0866666666666667
"2186",0.0866666666666667
"2187",0.0883333333333333
"2188",0.08
"2189",0.08
"2190",0.08
"2191",0.085
"2192",0.085
"2193",0.09
"2194",0.09
"2195",0.0916666666666667
"2196",0.0816666666666667
"2197",0.0816666666666667
"2198",0.0816666666666667
"2199",0.0883333333333333
"2200",0.0883333333333333
"2201",0.09
"2202",0.09
"2203",0.0916666666666667
"2204",0.085
"2205",0.085
"2206",0.085
"2207",0.0883333333333333
"2208",0.0883333333333333
"2209",0.0866666666666667
"2210",0.0866666666666667
"2211",0.0883333333333333
"2212",0.08
"2213",0.08
"2214",0.08
"2215",0.085
"2216",0.085
"2217",0.0866666666666667
"2218",0.0866666666666667
"2219",0.0883333333333333
"2220",0.08
"2221",0.08
"2222",0.08
"2223",0.085
"2224",0.085
"2225",0.0866666666666667
"2226",0.0866666666666667
"2227",0.0883333333333333
"2228",0.08
"2229",0.08
"2230",0.08
"2231",0.085
"2232",0.085
"2233",0.0883333333333333
"2234",0.0883333333333333
"2235",0.09
"2236",0.0816666666666667
"2237",0.0816666666666667
"2238",0.0816666666666667
"2239",0.0866666666666667
"2240",0.0866666666666667
"2241",0.09
"2242",0.09
"2243",0.0916666666666667
"2244",0.085
"2245",0.085
"2246",0.085
"2247",0.0883333333333333
"2248",0.0883333333333333
"2249",0.09
"2250",0.09
"2251",0.0916666666666667
"2252",0.085
"2253",0.085
"2254",0.085
"2255",0.0883333333333333
"2256",0.0883333333333333
"2257",0.0883333333333333
"2258",0.0883333333333333
"2259",0.09
"2260",0.08
"2261",0.08
"2262",0.08
"2263",0.0866666666666667
"2264",0.0866666666666667
"2265",0.0866666666666667
"2266",0.0866666666666667
"2267",0.0883333333333333
"2268",0.08
"2269",0.08
"2270",0.08
"2271",0.085
"2272",0.085
"2273",0.085
"2274",0.085
"2275",0.0866666666666667
"2276",0.0783333333333333
"2277",0.0783333333333333
"2278",0.0783333333333333
"2279",0.0833333333333333
"2280",0.0833333333333333
"2281",0.0866666666666667
"2282",0.0866666666666667
"2283",0.0883333333333333
"2284",0.08
"2285",0.08
"2286",0.08
"2287",0.085
"2288",0.085
"2289",0.09
"2290",0.09
"2291",0.0916666666666667
"2292",0.0833333333333333
"2293",0.0833333333333333
"2294",0.0833333333333333
"2295",0.0883333333333333
"2296",0.0883333333333333
"2297",0.0866666666666667
"2298",0.0866666666666667
"2299",0.0883333333333333
"2300",0.08
"2301",0.08
"2302",0.08
"2303",0.085
"2304",0.085
"2305",0.09
"2306",0.09
"2307",0.0916666666666667
"2308",0.085
"2309",0.085
"2310",0.085
"2311",0.0883333333333333
"2312",0.0883333333333333
"2313",0.0866666666666667
"2314",0.0866666666666667
"2315",0.0883333333333333
"2316",0.08
"2317",0.08
"2318",0.08
"2319",0.085
"2320",0.085
"2321",0.0933333333333333
"2322",0.0933333333333333
"2323",0.095
"2324",0.0816666666666667
"2325",0.0816666666666667
"2326",0.0816666666666667
"2327",0.0916666666666667
"2328",0.0916666666666667
"2329",0.0866666666666667
"2330",0.0866666666666667
"2331",0.0883333333333333
"2332",0.08
"2333",0.08
"2334",0.08
"2335",0.085
"2336",0.085
"2337",0.0883333333333333
"2338",0.0883333333333333
"2339",0.09
"2340",0.0816666666666667
"2341",0.0816666666666667
"2342",0.0816666666666667
"2343",0.0866666666666667
"2344",0.0866666666666667
"2345",0.0866666666666667
"2346",0.0866666666666667
"2347",0.0883333333333333
"2348",0.08
"2349",0.08
"2350",0.08
"2351",0.085
"2352",0.085
"2353",0.09
"2354",0.09
"2355",0.0916666666666667
"2356",0.085
"2357",0.085
"2358",0.085
"2359",0.0883333333333333
"2360",0.0883333333333333
"2361",0.0883333333333333
"2362",0.0883333333333333
"2363",0.09
"2364",0.0816666666666667
"2365",0.0816666666666667
"2366",0.0816666666666667
"2367",0.0866666666666667
"2368",0.0866666666666667
"2369",0.0916666666666667
"2370",0.0916666666666667
"2371",0.0933333333333333
"2372",0.0816666666666667
"2373",0.0816666666666667
"2374",0.0816666666666667
"2375",0.09
"2376",0.09
"2377",0.0883333333333333
"2378",0.0883333333333333
"2379",0.09
"2380",0.0816666666666667
"2381",0.0816666666666667
"2382",0.0816666666666667
"2383",0.0866666666666667
"2384",0.0866666666666667
"2385",0.0883333333333333
"2386",0.0883333333333333
"2387",0.09
"2388",0.0816666666666667
"2389",0.0816666666666667
"2390",0.0816666666666667
"2391",0.0866666666666667
"2392",0.0866666666666667
"2393",0.09
"2394",0.09
"2395",0.0916666666666667
"2396",0.0833333333333333
"2397",0.0833333333333333
"2398",0.0833333333333333
"2399",0.0883333333333333
"2400",0.0883333333333333
"2401",0.0866666666666667
"2402",0.0866666666666667
"2403",0.0883333333333333
"2404",0.08
"2405",0.08
"2406",0.08
"2407",0.085
"2408",0.085
"2409",0.09
"2410",0.09
"2411",0.0916666666666667
"2412",0.085
"2413",0.085
"2414",0.085
"2415",0.0883333333333333
"2416",0.0883333333333333
"2417",0.0883333333333333
"2418",0.0883333333333333
"2419",0.09
"2420",0.0833333333333333
"2421",0.0833333333333333
"2422",0.0833333333333333
"2423",0.0866666666666667
"2424",0.0866666666666667
"2425",0.0866666666666667
"2426",0.0866666666666667
"2427",0.0883333333333333
"2428",0.08
"2429",0.08
"2430",0.08
"2431",0.085
"2432",0.085
"2433",0.0866666666666667
"2434",0.0866666666666667
"2435",0.0883333333333333
"2436",0.08
"2437",0.08
"2438",0.08
"2439",0.085
"2440",0.085
"2441",0.085
"2442",0.085
"2443",0.0866666666666667
"2444",0.0816666666666667
"2445",0.0816666666666667
"2446",0.0816666666666667
"2447",0.0833333333333333
"2448",0.0833333333333333
"2449",0.0866666666666667
"2450",0.0866666666666667
"2451",0.0883333333333333
"2452",0.08
"2453",0.08
"2454",0.08
"2455",0.085
"2456",0.085
"2457",0.0866666666666667
"2458",0.0866666666666667
"2459",0.0883333333333333
"2460",0.08
"2461",0.08
"2462",0.08
"2463",0.085
"2464",0.085
"2465",0.0866666666666667
"2466",0.0866666666666667
"2467",0.0883333333333333
"2468",0.08
"2469",0.08
"2470",0.08
"2471",0.085
"2472",0.085
"2473",0.0866666666666667
"2474",0.0866666666666667
"2475",0.0883333333333333
"2476",0.08
"2477",0.08
"2478",0.08
"2479",0.085
"2480",0.085
"2481",0.0883333333333333
"2482",0.0883333333333333
"2483",0.09
"2484",0.0816666666666667
"2485",0.0816666666666667
"2486",0.0816666666666667
"2487",0.0866666666666667
"2488",0.0866666666666667
"2489",0.09
"2490",0.09
"2491",0.0916666666666667
"2492",0.0833333333333333
"2493",0.0833333333333333
"2494",0.0833333333333333
"2495",0.0883333333333333
"2496",0.0883333333333333
"2497",0.0883333333333333
"2498",0.0883333333333333
"2499",0.09
"2500",0.0816666666666667
"2501",0.0816666666666667
"2502",0.0816666666666667
"2503",0.0866666666666667
"2504",0.0866666666666667
"2505",0.0866666666666667
"2506",0.0866666666666667
"2507",0.0883333333333333
"2508",0.08
"2509",0.08
"2510",0.08
"2511",0.085
"2512",0.085
"2513",0.0883333333333333
"2514",0.0883333333333333
"2515",0.09
"2516",0.08
"2517",0.08
"2518",0.08
"2519",0.0866666666666667
"2520",0.0866666666666667
"2521",0.09
"2522",0.09
"2523",0.0916666666666667
"2524",0.0833333333333333
"2525",0.0833333333333333
"2526",0.0833333333333333
"2527",0.0883333333333333
"2528",0.0883333333333333
"2529",0.09
"2530",0.09
"2531",0.0916666666666667
"2532",0.085
"2533",0.085
"2534",0.085
"2535",0.0883333333333333
"2536",0.0883333333333333
"2537",0.085
"2538",0.085
"2539",0.0866666666666667
"2540",0.0816666666666667
"2541",0.0816666666666667
"2542",0.0816666666666667
"2543",0.0833333333333333
"2544",0.0833333333333333
"2545",0.0866666666666667
"2546",0.0866666666666667
"2547",0.0883333333333333
"2548",0.08
"2549",0.08
"2550",0.08
"2551",0.085
"2552",0.085
"2553",0.0866666666666667
"2554",0.0866666666666667
"2555",0.0883333333333333
"2556",0.08
"2557",0.08
"2558",0.08
"2559",0.085
"2560",0.085
"2561",0.09
"2562",0.09
"2563",0.0916666666666667
"2564",0.085
"2565",0.085
"2566",0.085
"2567",0.0883333333333333
"2568",0.0883333333333333
"2569",0.0866666666666667
"2570",0.0866666666666667
"2571",0.0883333333333333
"2572",0.08
"2573",0.08
"2574",0.08
"2575",0.085
"2576",0.085
"2577",0.0866666666666667
"2578",0.0866666666666667
"2579",0.0883333333333333
"2580",0.08
"2581",0.08
"2582",0.08
"2583",0.085
"2584",0.085
"2585",0.0883333333333333
"2586",0.0883333333333333
"2587",0.09
"2588",0.08
"2589",0.08
"2590",0.08
"2591",0.0866666666666667
"2592",0.0866666666666667
"2593",0.0883333333333333
"2594",0.0883333333333333
"2595",0.09
"2596",0.08
"2597",0.08
"2598",0.08
"2599",0.0866666666666667
"2600",0.0866666666666667
"2601",0.085
"2602",0.085
"2603",0.0866666666666667
"2604",0.0816666666666667
"2605",0.0816666666666667
"2606",0.0816666666666667
"2607",0.0833333333333333
"2608",0.0833333333333333
"2609",0.0866666666666667
"2610",0.0866666666666667
"2611",0.0883333333333333
"2612",0.08
"2613",0.08
"2614",0.08
"2615",0.085
"2616",0.085
"2617",0.0866666666666667
"2618",0.0866666666666667
"2619",0.0883333333333333
"2620",0.08
"2621",0.08
"2622",0.08
"2623",0.085
"2624",0.085
"2625",0.0883333333333333
"2626",0.0883333333333333
"2627",0.09
"2628",0.0816666666666667
"2629",0.0816666666666667
"2630",0.0816666666666667
"2631",0.0866666666666667
"2632",0.0866666666666667
"2633",0.0866666666666667
"2634",0.0866666666666667
"2635",0.0883333333333333
"2636",0.08
"2637",0.08
"2638",0.08
"2639",0.085
"2640",0.085
"2641",0.0883333333333333
"2642",0.0883333333333333
"2643",0.09
"2644",0.0816666666666667
"2645",0.0816666666666667
"2646",0.0816666666666667
"2647",0.0866666666666667
"2648",0.0866666666666667
"2649",0.09
"2650",0.09
"2651",0.0916666666666667
"2652",0.0833333333333333
"2653",0.0833333333333333
"2654",0.0833333333333333
"2655",0.0883333333333333
"2656",0.0883333333333333
"2657",0.09
"2658",0.09
"2659",0.0916666666666667
"2660",0.0833333333333333
"2661",0.0833333333333333
"2662",0.0833333333333333
"2663",0.0883333333333333
"2664",0.0883333333333333
"2665",0.0866666666666667
"2666",0.0866666666666667
"2667",0.0883333333333333
"2668",0.08
"2669",0.08
"2670",0.08
"2671",0.085
"2672",0.085
"2673",0.0883333333333333
"2674",0.0883333333333333
"2675",0.09
"2676",0.08
"2677",0.08
"2678",0.08
"2679",0.0866666666666667
"2680",0.0866666666666667
"2681",0.0866666666666667
"2682",0.0866666666666667
"2683",0.0883333333333333
"2684",0.08
"2685",0.08
"2686",0.08
"2687",0.085
"2688",0.085
"2689",0.0866666666666667
"2690",0.0866666666666667
"2691",0.0883333333333333
"2692",0.08
"2693",0.08
"2694",0.08
"2695",0.085
"2696",0.085
"2697",0.09
"2698",0.09
"2699",0.0916666666666667
"2700",0.0833333333333333
"2701",0.0833333333333333
"2702",0.0833333333333333
"2703",0.0883333333333333
"2704",0.0883333333333333
"2705",0.0883333333333333
"2706",0.0883333333333333
"2707",0.09
"2708",0.0816666666666667
"2709",0.0816666666666667
"2710",0.0816666666666667
"2711",0.0866666666666667
"2712",0.0866666666666667
"2713",0.0866666666666667
"2714",0.0866666666666667
"2715",0.0883333333333333
"2716",0.08
"2717",0.08
"2718",0.08
"2719",0.085
"2720",0.085
"2721",0.0866666666666667
"2722",0.0866666666666667
"2723",0.0883333333333333
"2724",0.08
"2725",0.08
"2726",0.08
"2727",0.085
"2728",0.085
"2729",0.0883333333333333
"2730",0.0883333333333333
"2731",0.09
"2732",0.0816666666666667
"2733",0.0816666666666667
"2734",0.0816666666666667
"2735",0.0866666666666667
"2736",0.0866666666666667
"2737",0.09
"2738",0.09
"2739",0.0916666666666667
"2740",0.085
"2741",0.085
"2742",0.085
"2743",0.0883333333333333
"2744",0.0883333333333333
"2745",0.0866666666666667
"2746",0.0866666666666667
"2747",0.0883333333333333
"2748",0.08
"2749",0.08
"2750",0.08
"2751",0.085
"2752",0.085
"2753",0.0866666666666667
"2754",0.0866666666666667
"2755",0.0883333333333333
"2756",0.08
"2757",0.08
"2758",0.08
"2759",0.085
"2760",0.085
"2761",0.0866666666666667
"2762",0.0866666666666667
"2763",0.0883333333333333
"2764",0.08
"2765",0.08
"2766",0.08
"2767",0.085
"2768",0.085
"2769",0.09
"2770",0.09
"2771",0.0916666666666667
"2772",0.0816666666666667
"2773",0.0816666666666667
"2774",0.0816666666666667
"2775",0.0883333333333333
"2776",0.0883333333333333
"2777",0.0866666666666667
"2778",0.0866666666666667
"2779",0.0883333333333333
"2780",0.08
"2781",0.08
"2782",0.08
"2783",0.085
"2784",0.085
"2785",0.0883333333333333
"2786",0.0883333333333333
"2787",0.09
"2788",0.08
"2789",0.08
"2790",0.08
"2791",0.0866666666666667
"2792",0.0866666666666667
"2793",0.0866666666666667
"2794",0.0866666666666667
"2795",0.0883333333333333
"2796",0.08
"2797",0.08
"2798",0.08
"2799",0.085
"2800",0.085
"2801",0.0866666666666667
"2802",0.0866666666666667
"2803",0.0883333333333333
"2804",0.08
"2805",0.08
"2806",0.08
"2807",0.085
"2808",0.085
"2809",0.085
"2810",0.085
"2811",0.0866666666666667
"2812",0.0816666666666667
"2813",0.0816666666666667
"2814",0.0816666666666667
"2815",0.0833333333333333
"2816",0.0833333333333333
"2817",0.085
"2818",0.085
"2819",0.0866666666666667
"2820",0.0816666666666667
"2821",0.0816666666666667
"2822",0.0816666666666667
"2823",0.0833333333333333
"2824",0.0833333333333333
"2825",0.0883333333333333
"2826",0.0883333333333333
"2827",0.09
"2828",0.0816666666666667
"2829",0.0816666666666667
"2830",0.0816666666666667
"2831",0.0866666666666667
"2832",0.0866666666666667
"2833",0.085
"2834",0.085
"2835",0.0866666666666667
"2836",0.0783333333333333
"2837",0.0783333333333333
"2838",0.0783333333333333
"2839",0.0833333333333333
"2840",0.0833333333333333
"2841",0.09
"2842",0.09
"2843",0.0916666666666667
"2844",0.0833333333333333
"2845",0.0833333333333333
"2846",0.0833333333333333
"2847",0.0883333333333333
"2848",0.0883333333333333
"2849",0.0966666666666667
"2850",0.0966666666666667
"2851",0.0983333333333333
"2852",0.00833333333333333
"2853",0.00833333333333333
"2854",0.00833333333333333
"2855",0.095
"2856",0.095
"2857",0.0983333333333333
"2858",0.0983333333333333
"2859",0.1
"2860",0.085
"2861",0.085
"2862",0.085
"2863",0.0966666666666667
"2864",0.0966666666666667
"2865",0.1
"2866",0.1
"2867",0.101666666666667
"2868",0.0916666666666667
"2869",0.0916666666666667
"2870",0.0916666666666667
"2871",0.0983333333333333
"2872",0.0983333333333333
"2873",0.0983333333333333
"2874",0.0983333333333333
"2875",0.1
"2876",0.085
"2877",0.085
"2878",0.085
"2879",0.0966666666666667
"2880",0.0966666666666667
"2881",0.141666666666667
"2882",0.138333333333333
"2883",0.143333333333333
"2884",0.138333333333333
"2885",0.138333333333333
"2886",0.138333333333333
"2887",0.143333333333333
"2888",0.143333333333333
"2889",0.141666666666667
"2890",0.138333333333333
"2891",0.143333333333333
"2892",0.138333333333333
"2893",0.138333333333333
"2894",0.138333333333333
"2895",0.143333333333333
"2896",0.143333333333333
"2897",0.14
"2898",0.136666666666667
"2899",0.141666666666667
"2900",0.138333333333333
"2901",0.138333333333333
"2902",0.138333333333333
"2903",0.141666666666667
"2904",0.141666666666667
"2905",0.01
"2906",0.0116666666666667
"2907",0.0116666666666667
"2908",0.0983333333333333
"2909",0.0983333333333333
"2910",0.0983333333333333
"2911",0.00666666666666667
"2912",0.00666666666666667
"2913",0.00666666666666667
"2914",0.00833333333333333
"2915",0.00833333333333333
"2916",0.095
"2917",0.095
"2918",0.095
"2919",0.00333333333333333
"2920",0.00333333333333333
"2921",0
"2922",0.00333333333333333
"2923",0.00166666666666667
"2924",0.095
"2925",0.095
"2926",0.095
"2927",0.005
"2928",0.005
"2929",0.00833333333333333
"2930",0.01
"2931",0.01
"2932",0.0966666666666667
"2933",0.0966666666666667
"2934",0.0966666666666667
"2935",0.005
"2936",0.005
"2937",0.00833333333333333
"2938",0.01
"2939",0.01
"2940",0.0966666666666667
"2941",0.0966666666666667
"2942",0.0966666666666667
"2943",0.005
"2944",0.005
"2945",0.14
"2946",0.14
"2947",0.141666666666667
"2948",0.125
"2949",0.125
"2950",0.125
"2951",0.141666666666667
"2952",0.141666666666667
"2953",0.138333333333333
"2954",0.138333333333333
"2955",0.14
"2956",0.123333333333333
"2957",0.123333333333333
"2958",0.123333333333333
"2959",0.14
"2960",0.14
"2961",0.138333333333333
"2962",0.138333333333333
"2963",0.14
"2964",0.128333333333333
"2965",0.128333333333333
"2966",0.128333333333333
"2967",0.14
"2968",0.14
"2969",0.14
"2970",0.14
"2971",0.141666666666667
"2972",0.125
"2973",0.125
"2974",0.125
"2975",0.141666666666667
"2976",0.141666666666667
"2977",0.138333333333333
"2978",0.138333333333333
"2979",0.14
"2980",0.128333333333333
"2981",0.128333333333333
"2982",0.128333333333333
"2983",0.14
"2984",0.14
"2985",0.14
"2986",0.14
"2987",0.141666666666667
"2988",0.125
"2989",0.125
"2990",0.125
"2991",0.141666666666667
"2992",0.141666666666667
"2993",0.138333333333333
"2994",0.138333333333333
"2995",0.14
"2996",0.128333333333333
"2997",0.128333333333333
"2998",0.128333333333333
"2999",0.14
"3000",0.14
"3001",0.14
"3002",0.14
"3003",0.141666666666667
"3004",0.125
"3005",0.125
"3006",0.125
"3007",0.141666666666667
"3008",0.141666666666667
"3009",0.138333333333333
"3010",0.138333333333333
"3011",0.14
"3012",0.128333333333333
"3013",0.128333333333333
"3014",0.128333333333333
"3015",0.14
"3016",0.14
"3017",0.138333333333333
"3018",0.138333333333333
"3019",0.14
"3020",0.128333333333333
"3021",0.128333333333333
"3022",0.128333333333333
"3023",0.14
"3024",0.14
"3025",0.138333333333333
"3026",0.138333333333333
"3027",0.14
"3028",0.128333333333333
"3029",0.128333333333333
"3030",0.128333333333333
"3031",0.14
"3032",0.14
"3033",0.14
"3034",0.14
"3035",0.141666666666667
"3036",0.125
"3037",0.125
"3038",0.125
"3039",0.141666666666667
"3040",0.141666666666667
"3041",0.0216666666666667
"3042",0.0233333333333333
"3043",0.0233333333333333
"3044",0.09
"3045",0.09
"3046",0.09
"3047",0.0216666666666667
"3048",0.0216666666666667
"3049",0.0216666666666667
"3050",0.0233333333333333
"3051",0.0233333333333333
"3052",0.09
"3053",0.09
"3054",0.09
"3055",0.0216666666666667
"3056",0.0216666666666667
"3057",0.0233333333333333
"3058",0.025
"3059",0.025
"3060",0.0916666666666667
"3061",0.0916666666666667
"3062",0.0916666666666667
"3063",0.0233333333333333
"3064",0.0233333333333333
"3065",0.0216666666666667
"3066",0.0233333333333333
"3067",0.0233333333333333
"3068",0.09
"3069",0.09
"3070",0.09
"3071",0.0216666666666667
"3072",0.0216666666666667
"3073",0.138333333333333
"3074",0.136666666666667
"3075",0.14
"3076",0.126666666666667
"3077",0.126666666666667
"3078",0.126666666666667
"3079",0.14
"3080",0.14
"3081",0.138333333333333
"3082",0.136666666666667
"3083",0.14
"3084",0.123333333333333
"3085",0.123333333333333
"3086",0.123333333333333
"3087",0.14
"3088",0.14
"3089",0.138333333333333
"3090",0.136666666666667
"3091",0.14
"3092",0.126666666666667
"3093",0.126666666666667
"3094",0.126666666666667
"3095",0.14
"3096",0.14
"3097",0.138333333333333
"3098",0.136666666666667
"3099",0.14
"3100",0.126666666666667
"3101",0.126666666666667
"3102",0.126666666666667
"3103",0.14
"3104",0.14
"3105",0.14
"3106",0.138333333333333
"3107",0.141666666666667
"3108",0.126666666666667
"3109",0.126666666666667
"3110",0.126666666666667
"3111",0.141666666666667
"3112",0.141666666666667
"3113",0.138333333333333
"3114",0.136666666666667
"3115",0.14
"3116",0.126666666666667
"3117",0.126666666666667
"3118",0.126666666666667
"3119",0.14
"3120",0.14
"3121",0.14
"3122",0.138333333333333
"3123",0.141666666666667
"3124",0.128333333333333
"3125",0.128333333333333
"3126",0.128333333333333
"3127",0.141666666666667
"3128",0.141666666666667
"3129",0.14
"3130",0.138333333333333
"3131",0.141666666666667
"3132",0.125
"3133",0.125
"3134",0.125
"3135",0.141666666666667
"3136",0.141666666666667
"3137",0.141666666666667
"3138",0.14
"3139",0.143333333333333
"3140",0.123333333333333
"3141",0.123333333333333
"3142",0.123333333333333
"3143",0.14
"3144",0.14
"3145",0.138333333333333
"3146",0.136666666666667
"3147",0.14
"3148",0.123333333333333
"3149",0.123333333333333
"3150",0.123333333333333
"3151",0.14
"3152",0.14
"3153",0.138333333333333
"3154",0.135
"3155",0.136666666666667
"3156",0.135
"3157",0.135
"3158",0.135
"3159",0.14
"3160",0.14
"3161",0.138333333333333
"3162",0.135
"3163",0.136666666666667
"3164",0.135
"3165",0.135
"3166",0.135
"3167",0.14
"3168",0.14
"3169",0.138333333333333
"3170",0.135
"3171",0.136666666666667
"3172",0.135
"3173",0.135
"3174",0.135
"3175",0.14
"3176",0.14
"3177",0.136666666666667
"3178",0.136666666666667
"3179",0.138333333333333
"3180",0.126666666666667
"3181",0.126666666666667
"3182",0.126666666666667
"3183",0.138333333333333
"3184",0.138333333333333
"3185",0.135
"3186",0.135
"3187",0.136666666666667
"3188",0.125
"3189",0.125
"3190",0.125
"3191",0.136666666666667
"3192",0.136666666666667
"3193",0.136666666666667
"3194",0.136666666666667
"3195",0.138333333333333
"3196",0.126666666666667
"3197",0.126666666666667
"3198",0.126666666666667
"3199",0.138333333333333
"3200",0.138333333333333
"3201",0.136666666666667
"3202",0.136666666666667
"3203",0.138333333333333
"3204",0.126666666666667
"3205",0.126666666666667
"3206",0.126666666666667
"3207",0.138333333333333
"3208",0.138333333333333
"3209",0.0933333333333333
"3210",0.0933333333333333
"3211",0.095
"3212",0.0183333333333333
"3213",0.0183333333333333
"3214",0.0183333333333333
"3215",0.095
"3216",0.095
"3217",0.0983333333333333
"3218",0.0983333333333333
"3219",0.1
"3220",0.03
"3221",0.03
"3222",0.03
"3223",0.0966666666666667
"3224",0.0966666666666667
"3225",0.095
"3226",0.095
"3227",0.0966666666666667
"3228",0.02
"3229",0.02
"3230",0.02
"3231",0.0966666666666667
"3232",0.0966666666666667
"3233",0.095
"3234",0.095
"3235",0.0966666666666667
"3236",0.02
"3237",0.02
"3238",0.02
"3239",0.0966666666666667
"3240",0.0966666666666667
"3241",0.1
"3242",0.1
"3243",0.101666666666667
"3244",0.0266666666666667
"3245",0.0266666666666667
"3246",0.0266666666666667
"3247",0.0983333333333333
"3248",0.0983333333333333
"3249",0.0933333333333333
"3250",0.0933333333333333
"3251",0.095
"3252",0.0166666666666667
"3253",0.0166666666666667
"3254",0.0166666666666667
"3255",0.095
"3256",0.095
"3257",0.0933333333333333
"3258",0.0933333333333333
"3259",0.095
"3260",0.0166666666666667
"3261",0.0166666666666667
"3262",0.0166666666666667
"3263",0.095
"3264",0.095
"3265",0.1
"3266",0.1
"3267",0.101666666666667
"3268",0.0266666666666667
"3269",0.0266666666666667
"3270",0.0266666666666667
"3271",0.0983333333333333
"3272",0.0983333333333333
"3273",0.1
"3274",0.1
"3275",0.101666666666667
"3276",0.0216666666666667
"3277",0.0216666666666667
"3278",0.0216666666666667
"3279",0.0983333333333333
"3280",0.0983333333333333
"3281",0.0933333333333333
"3282",0.0933333333333333
"3283",0.095
"3284",0.0166666666666667
"3285",0.0166666666666667
"3286",0.0166666666666667
"3287",0.095
"3288",0.095
"3289",0.0933333333333333
"3290",0.0933333333333333
"3291",0.095
"3292",0.0183333333333333
"3293",0.0183333333333333
"3294",0.0183333333333333
"3295",0.095
"3296",0.095
"3297",0.0933333333333333
"3298",0.0933333333333333
"3299",0.095
"3300",0.0166666666666667
"3301",0.0166666666666667
"3302",0.0166666666666667
"3303",0.095
"3304",0.095
"3305",0.0983333333333333
"3306",0.0983333333333333
"3307",0.1
"3308",0.0216666666666667
"3309",0.0216666666666667
"3310",0.0216666666666667
"3311",0.0966666666666667
"3312",0.0966666666666667
"3313",0.1
"3314",0.1
"3315",0.101666666666667
"3316",0.0233333333333333
"3317",0.0233333333333333
"3318",0.0233333333333333
"3319",0.0983333333333333
"3320",0.0983333333333333
"3321",0.095
"3322",0.095
"3323",0.0966666666666667
"3324",0.02
"3325",0.02
"3326",0.02
"3327",0.0966666666666667
"3328",0.0966666666666667
"3329",0.0933333333333333
"3330",0.0933333333333333
"3331",0.095
"3332",0.0166666666666667
"3333",0.0166666666666667
"3334",0.0166666666666667
"3335",0.095
"3336",0.095
"3337",0.1
"3338",0.1
"3339",0.101666666666667
"3340",0.0216666666666667
"3341",0.0216666666666667
"3342",0.0216666666666667
"3343",0.0983333333333333
"3344",0.0983333333333333
"3345",0.0966666666666667
"3346",0.0966666666666667
"3347",0.0983333333333333
"3348",0.00833333333333333
"3349",0.00833333333333333
"3350",0.00833333333333333
"3351",0.095
"3352",0.095
"3353",0.1
"3354",0.1
"3355",0.101666666666667
"3356",0.0233333333333333
"3357",0.0233333333333333
"3358",0.0233333333333333
"3359",0.0983333333333333
"3360",0.0983333333333333
"3361",0.0966666666666667
"3362",0.0966666666666667
"3363",0.0983333333333333
"3364",0.00833333333333333
"3365",0.00833333333333333
"3366",0.00833333333333333
"3367",0.095
"3368",0.095
"3369",0.0966666666666667
"3370",0.0966666666666667
"3371",0.0983333333333333
"3372",0.00833333333333333
"3373",0.00833333333333333
"3374",0.00833333333333333
"3375",0.095
"3376",0.095
"3377",0.095
"3378",0.095
"3379",0.0966666666666667
"3380",0.00666666666666667
"3381",0.00666666666666667
"3382",0.00666666666666667
"3383",0.0933333333333333
"3384",0.0933333333333333
"3385",0.0983333333333333
"3386",0.0983333333333333
"3387",0.1
"3388",0.0216666666666667
"3389",0.0216666666666667
"3390",0.0216666666666667
"3391",0.0966666666666667
"3392",0.0966666666666667
"3393",0.0933333333333333
"3394",0.0933333333333333
"3395",0.095
"3396",0.0183333333333333
"3397",0.0183333333333333
"3398",0.0183333333333333
"3399",0.095
"3400",0.095
"3401",0.1
"3402",0.1
"3403",0.101666666666667
"3404",0.0216666666666667
"3405",0.0216666666666667
"3406",0.0216666666666667
"3407",0.0983333333333333
"3408",0.0983333333333333
"3409",0.1
"3410",0.1
"3411",0.101666666666667
"3412",0.0216666666666667
"3413",0.0216666666666667
"3414",0.0216666666666667
"3415",0.0983333333333333
"3416",0.0983333333333333
"3417",0.0933333333333333
"3418",0.0933333333333333
"3419",0.095
"3420",0.0166666666666667
"3421",0.0166666666666667
"3422",0.0166666666666667
"3423",0.095
"3424",0.095
"3425",0.133333333333333
"3426",0.131666666666667
"3427",0.135
"3428",0.121666666666667
"3429",0.121666666666667
"3430",0.121666666666667
"3431",0.133333333333333
"3432",0.133333333333333
"3433",0.115
"3434",0.113333333333333
"3435",0.116666666666667
"3436",0.125
"3437",0.125
"3438",0.125
"3439",0.116666666666667
"3440",0.116666666666667
"3441",0.115
"3442",0.116666666666667
"3443",0.116666666666667
"3444",0.128333333333333
"3445",0.128333333333333
"3446",0.128333333333333
"3447",0.118333333333333
"3448",0.118333333333333
"3449",0.115
"3450",0.113333333333333
"3451",0.116666666666667
"3452",0.13
"3453",0.13
"3454",0.13
"3455",0.116666666666667
"3456",0.116666666666667
"3457",0.0416666666666667
"3458",0.0433333333333333
"3459",0.0433333333333333
"3460",0.0983333333333333
"3461",0.0983333333333333
"3462",0.0983333333333333
"3463",0.0416666666666667
"3464",0.0416666666666667
"3465",0.0416666666666667
"3466",0.0433333333333333
"3467",0.0433333333333333
"3468",0.0983333333333333
"3469",0.0983333333333333
"3470",0.0983333333333333
"3471",0.0416666666666667
"3472",0.0416666666666667
"3473",0.0416666666666667
"3474",0.0433333333333333
"3475",0.0433333333333333
"3476",0.0983333333333333
"3477",0.0983333333333333
"3478",0.0983333333333333
"3479",0.0416666666666667
"3480",0.0416666666666667
"3481",0.103333333333333
"3482",0.103333333333333
"3483",0.105
"3484",0.1
"3485",0.1
"3486",0.1
"3487",0.105
"3488",0.105
"3489",0.101666666666667
"3490",0.101666666666667
"3491",0.103333333333333
"3492",0.0983333333333333
"3493",0.0983333333333333
"3494",0.0983333333333333
"3495",0.103333333333333
"3496",0.103333333333333
"3497",0.101666666666667
"3498",0.101666666666667
"3499",0.103333333333333
"3500",0.0983333333333333
"3501",0.0983333333333333
"3502",0.0983333333333333
"3503",0.103333333333333
"3504",0.103333333333333
"3505",0.103333333333333
"3506",0.103333333333333
"3507",0.105
"3508",0.1
"3509",0.1
"3510",0.1
"3511",0.105
"3512",0.105
"3513",0.101666666666667
"3514",0.101666666666667
"3515",0.103333333333333
"3516",0.0983333333333333
"3517",0.0983333333333333
"3518",0.0983333333333333
"3519",0.103333333333333
"3520",0.103333333333333
"3521",0.101666666666667
"3522",0.101666666666667
"3523",0.103333333333333
"3524",0.0983333333333333
"3525",0.0983333333333333
"3526",0.0983333333333333
"3527",0.103333333333333
"3528",0.103333333333333
"3529",0.103333333333333
"3530",0.103333333333333
"3531",0.105
"3532",0.1
"3533",0.1
"3534",0.1
"3535",0.105
"3536",0.105
"3537",0.103333333333333
"3538",0.103333333333333
"3539",0.105
"3540",0.1
"3541",0.1
"3542",0.1
"3543",0.105
"3544",0.105
"3545",0.103333333333333
"3546",0.103333333333333
"3547",0.105
"3548",0.1
"3549",0.1
"3550",0.1
"3551",0.105
"3552",0.105
"3553",0.103333333333333
"3554",0.103333333333333
"3555",0.105
"3556",0.1
"3557",0.1
"3558",0.1
"3559",0.105
"3560",0.105
"3561",0.103333333333333
"3562",0.103333333333333
"3563",0.105
"3564",0.1
"3565",0.1
"3566",0.1
"3567",0.105
"3568",0.105
"3569",0.101666666666667
"3570",0.101666666666667
"3571",0.103333333333333
"3572",0.0983333333333333
"3573",0.0983333333333333
"3574",0.0983333333333333
"3575",0.103333333333333
"3576",0.103333333333333
"3577",0.103333333333333
"3578",0.103333333333333
"3579",0.105
"3580",0.1
"3581",0.1
"3582",0.1
"3583",0.105
"3584",0.105
"3585",0.103333333333333
"3586",0.103333333333333
"3587",0.105
"3588",0.1
"3589",0.1
"3590",0.1
"3591",0.105
"3592",0.105
"3593",0.103333333333333
"3594",0.103333333333333
"3595",0.105
"3596",0.1
"3597",0.1
"3598",0.1
"3599",0.105
"3600",0.105
"3601",0.103333333333333
"3602",0.103333333333333
"3603",0.105
"3604",0.1
"3605",0.1
"3606",0.1
"3607",0.105
"3608",0.105
"3609",0.136666666666667
"3610",0.136666666666667
"3611",0.135
"3612",0.135
"3613",0.135
"3614",0.135
"3615",0.135
"3616",0.135
"3617",0.135
"3618",0.135
"3619",0.135
"3620",0.135
"3621",0.135
"3622",0.135
"3623",0.135
"3624",0.135
"3625",0.135
"3626",0.135
"3627",0.14
"3628",0.14
"3629",0.14
"3630",0.14
"3631",0.141666666666667
"3632",0.141666666666667
"3633",0.141666666666667
"3634",0.141666666666667
"3635",0.14
"3636",0.14
"3637",0.141666666666667
"3638",0.141666666666667
"3639",0.143333333333333
"3640",0.143333333333333
"3641",0.141666666666667
"3642",0.141666666666667
"3643",0.141666666666667
"3644",0.141666666666667
"3645",0.14
"3646",0.14
"3647",0.14
"3648",0.14
"3649",0.14
"3650",0.14
"3651",0.14
"3652",0.14
"3653",0.128333333333333
"3654",0.128333333333333
"3655",0.13
"3656",0.13
"3657",0.13
"3658",0.13
"3659",0.128333333333333
"3660",0.128333333333333
"3661",0.126666666666667
"3662",0.126666666666667
"3663",0.126666666666667
"3664",0.126666666666667
"3665",0.128333333333333
"3666",0.128333333333333
"3667",0.128333333333333
"3668",0.128333333333333
"3669",0.128333333333333
"3670",0.128333333333333
"3671",0.13
"3672",0.13
"3673",0.128333333333333
"3674",0.128333333333333
"3675",0.128333333333333
"3676",0.128333333333333
"3677",0.131666666666667
"3678",0.131666666666667
"3679",0.13
"3680",0.13
"3681",0.128333333333333
"3682",0.128333333333333
"3683",0.131666666666667
"3684",0.131666666666667
"3685",0.13
"3686",0.13
"3687",0.131666666666667
"3688",0.131666666666667
"3689",0.131666666666667
"3690",0.131666666666667
"3691",0.131666666666667
"3692",0.131666666666667
"3693",0.12
"3694",0.12
"3695",0.095
"3696",0.095
"3697",0.105
"3698",0.105
"3699",0.125
"3700",0.125
"3701",0.125
"3702",0.125
"3703",0.128333333333333
"3704",0.128333333333333
"3705",0.128333333333333
"3706",0.128333333333333
"3707",0.128333333333333
"3708",0.128333333333333
"3709",0.128333333333333
"3710",0.128333333333333
"3711",0.128333333333333
"3712",0.128333333333333
"3713",0.128333333333333
"3714",0.128333333333333
"3715",0.128333333333333
"3716",0.128333333333333
"3717",0.128333333333333
"3718",0.128333333333333
"3719",0.128333333333333
"3720",0.128333333333333
"3721",0.126666666666667
"3722",0.126666666666667
"3723",0.128333333333333
"3724",0.128333333333333
"3725",0.128333333333333
"3726",0.128333333333333
"3727",0.005
"3728",0.005
"3729",0.123333333333333
"3730",0.123333333333333
"3731",0.095
"3732",0.095
"3733",0.095
"3734",0.095
"3735",0.125
"3736",0.125
"3737",0.0216666666666667
"3738",0.0216666666666667
"3739",0.14
"3740",0.14
"3741",0.12
"3742",0.12
"3743",0.116666666666667
"3744",0.116666666666667
"3745",0.116666666666667
"3746",0.116666666666667
"3747",0.118333333333333
"3748",0.118333333333333
"3749",0.118333333333333
"3750",0.118333333333333
"3751",0.105
"3752",0.105
"3753",0.106666666666667
"3754",0.106666666666667
"3755",0.105
"3756",0.105
"3757",0.105
"3758",0.105
"3759",0.105
"3760",0.105
"3761",0.103333333333333
"3762",0.103333333333333
"3763",0.135
"3764",0.135
"3765",0.135
"3766",0.126666666666667
"3767",0.126666666666667
"3768",0.126666666666667
"3769",0.133333333333333
"3770",0.133333333333333
"3771",0.133333333333333
"3772",0.116666666666667
"3773",0.116666666666667
"3774",0.116666666666667
"3775",0.133333333333333
"3776",0.133333333333333
"3777",0.133333333333333
"3778",0.116666666666667
"3779",0.116666666666667
"3780",0.116666666666667
"3781",0.131666666666667
"3782",0.135
"3783",0.131666666666667
"3784",0.121666666666667
"3785",0.121666666666667
"3786",0.121666666666667
"3787",0.133333333333333
"3788",0.133333333333333
"3789",0.133333333333333
"3790",0.116666666666667
"3791",0.116666666666667
"3792",0.116666666666667
"3793",0.133333333333333
"3794",0.133333333333333
"3795",0.133333333333333
"3796",0.116666666666667
"3797",0.116666666666667
"3798",0.116666666666667
"3799",0.133333333333333
"3800",0.133333333333333
"3801",0.133333333333333
"3802",0.116666666666667
"3803",0.116666666666667
"3804",0.116666666666667
"3805",0.133333333333333
"3806",0.133333333333333
"3807",0.133333333333333
"3808",0.116666666666667
"3809",0.116666666666667
"3810",0.116666666666667
"3811",0.133333333333333
"3812",0.133333333333333
"3813",0.133333333333333
"3814",0.116666666666667
"3815",0.116666666666667
"3816",0.116666666666667
"3817",0.141666666666667
"3818",0.141666666666667
"3819",0.143333333333333
"3820",0.115
"3821",0.115
"3822",0.115
"3823",0.141666666666667
"3824",0.141666666666667
"3825",0.143333333333333
"3826",0.115
"3827",0.115
"3828",0.115
"3829",0.143333333333333
"3830",0.143333333333333
"3831",0.145
"3832",0.116666666666667
"3833",0.116666666666667
"3834",0.116666666666667
"3835",0.143333333333333
"3836",0.143333333333333
"3837",0.145
"3838",0.116666666666667
"3839",0.116666666666667
"3840",0.116666666666667
"3841",0.141666666666667
"3842",0.138333333333333
"3843",0.143333333333333
"3844",0.115
"3845",0.115
"3846",0.115
"3847",0.143333333333333
"3848",0.143333333333333
"3849",0.145
"3850",0.116666666666667
"3851",0.116666666666667
"3852",0.116666666666667
"3853",0.145
"3854",0.145
"3855",0.146666666666667
"3856",0.118333333333333
"3857",0.118333333333333
"3858",0.118333333333333
"3859",0.143333333333333
"3860",0.143333333333333
"3861",0.145
"3862",0.115
"3863",0.115
"3864",0.115
"3865",0.143333333333333
"3866",0.143333333333333
"3867",0.145
"3868",0.115
"3869",0.115
"3870",0.115
"3871",0.141666666666667
"3872",0.141666666666667
"3873",0.143333333333333
"3874",0.113333333333333
"3875",0.113333333333333
"3876",0.113333333333333
"3877",0.141666666666667
"3878",0.141666666666667
"3879",0.143333333333333
"3880",0.115
"3881",0.115
"3882",0.115
"3883",0.141666666666667
"3884",0.141666666666667
"3885",0.143333333333333
"3886",0.115
"3887",0.115
"3888",0.115
"3889",0.141666666666667
"3890",0.141666666666667
"3891",0.143333333333333
"3892",0.115
"3893",0.115
"3894",0.115
"3895",0.125
"3896",0.126666666666667
"3897",0.126666666666667
"3898",0.128333333333333
"3899",0.128333333333333
"3900",0.128333333333333
"3901",0.126666666666667
"3902",0.128333333333333
"3903",0.128333333333333
"3904",0.13
"3905",0.13
"3906",0.13
"3907",0.126666666666667
"3908",0.128333333333333
"3909",0.128333333333333
"3910",0.13
"3911",0.13
"3912",0.13
"3913",0.125
"3914",0.126666666666667
"3915",0.126666666666667
"3916",0.128333333333333
"3917",0.128333333333333
"3918",0.128333333333333
"3919",0.123333333333333
"3920",0.125
"3921",0.125
"3922",0.126666666666667
"3923",0.126666666666667
"3924",0.126666666666667
"3925",0.123333333333333
"3926",0.125
"3927",0.125
"3928",0.13
"3929",0.13
"3930",0.13
"3931",0.125
"3932",0.126666666666667
"3933",0.126666666666667
"3934",0.128333333333333
"3935",0.128333333333333
"3936",0.128333333333333
"3937",0.125
"3938",0.126666666666667
"3939",0.126666666666667
"3940",0.128333333333333
"3941",0.128333333333333
"3942",0.128333333333333
"3943",0.126666666666667
"3944",0.125
"3945",0.128333333333333
"3946",0.128333333333333
"3947",0.128333333333333
"3948",0.128333333333333
"3949",0.128333333333333
"3950",0.126666666666667
"3951",0.13
"3952",0.13
"3953",0.13
"3954",0.13
"3955",0.125
"3956",0.126666666666667
"3957",0.126666666666667
"3958",0.128333333333333
"3959",0.128333333333333
"3960",0.128333333333333
"3961",0.126666666666667
"3962",0.125
"3963",0.128333333333333
"3964",0.126666666666667
"3965",0.126666666666667
"3966",0.126666666666667
"3967",0.13
"3968",0.13
"3969",0.131666666666667
"3970",0.108333333333333
"3971",0.108333333333333
"3972",0.108333333333333
"3973",0.128333333333333
"3974",0.128333333333333
"3975",0.13
"3976",0.108333333333333
"3977",0.108333333333333
"3978",0.108333333333333
"3979",0.126666666666667
"3980",0.126666666666667
"3981",0.128333333333333
"3982",0.11
"3983",0.11
"3984",0.11
"3985",0.13
"3986",0.13
"3987",0.131666666666667
"3988",0.108333333333333
"3989",0.108333333333333
"3990",0.108333333333333
"3991",0.128333333333333
"3992",0.128333333333333
"3993",0.13
"3994",0.108333333333333
"3995",0.108333333333333
"3996",0.108333333333333
"3997",0.13
"3998",0.126666666666667
"3999",0.131666666666667
"4000",0.11
"4001",0.11
"4002",0.11
"4003",0.13
"4004",0.13
"4005",0.131666666666667
"4006",0.108333333333333
"4007",0.108333333333333
"4008",0.108333333333333
"4009",0.13
"4010",0.13
"4011",0.131666666666667
"4012",0.108333333333333
"4013",0.108333333333333
"4014",0.108333333333333
"4015",0.121666666666667
"4016",0.123333333333333
"4017",0.123333333333333
"4018",0.121666666666667
"4019",0.121666666666667
"4020",0.121666666666667
"4021",0.0966666666666667
"4022",0.0966666666666667
"4023",0.0983333333333333
"4024",0.103333333333333
"4025",0.103333333333333
"4026",0.103333333333333
"4027",0.106666666666667
"4028",0.106666666666667
"4029",0.108333333333333
"4030",0.108333333333333
"4031",0.108333333333333
"4032",0.108333333333333
"4033",0.121666666666667
"4034",0.125
"4035",0.123333333333333
"4036",0.111666666666667
"4037",0.111666666666667
"4038",0.111666666666667
"4039",0.121666666666667
"4040",0.125
"4041",0.123333333333333
"4042",0.111666666666667
"4043",0.111666666666667
"4044",0.111666666666667
"4045",0.131666666666667
"4046",0.131666666666667
"4047",0.133333333333333
"4048",0.125
"4049",0.125
"4050",0.125
"4051",0.131666666666667
"4052",0.131666666666667
"4053",0.133333333333333
"4054",0.125
"4055",0.125
"4056",0.125
"4057",0.131666666666667
"4058",0.131666666666667
"4059",0.133333333333333
"4060",0.125
"4061",0.125
"4062",0.125
"4063",0.131666666666667
"4064",0.131666666666667
"4065",0.133333333333333
"4066",0.125
"4067",0.125
"4068",0.125
"4069",0.131666666666667
"4070",0.131666666666667
"4071",0.133333333333333
"4072",0.125
"4073",0.125
"4074",0.125
"4075",0.131666666666667
"4076",0.131666666666667
"4077",0.133333333333333
"4078",0.125
"4079",0.125
"4080",0.125
"4081",0.131666666666667
"4082",0.131666666666667
"4083",0.133333333333333
"4084",0.125
"4085",0.125
"4086",0.125
"4087",0.131666666666667
"4088",0.131666666666667
"4089",0.133333333333333
"4090",0.125
"4091",0.125
"4092",0.125
"4093",0.131666666666667
"4094",0.131666666666667
"4095",0.133333333333333
"4096",0.125
"4097",0.125
"4098",0.125
"4099",0.13
"4100",0.131666666666667
"4101",0.131666666666667
"4102",0.123333333333333
"4103",0.123333333333333
"4104",0.123333333333333
"4105",0.131666666666667
"4106",0.131666666666667
"4107",0.133333333333333
"4108",0.125
"4109",0.125
"4110",0.125
"4111",0.131666666666667
"4112",0.131666666666667
"4113",0.133333333333333
"4114",0.125
"4115",0.125
"4116",0.125
"4117",0.00833333333333333
"4118",0.01
"4119",0.01
"4120",0.0966666666666667
"4121",0.0966666666666667
"4122",0.0966666666666667
"4123",0.121666666666667
"4124",0.121666666666667
"4125",0.123333333333333
"4126",0.123333333333333
"4127",0.123333333333333
"4128",0.123333333333333
"4129",0.0966666666666667
"4130",0.0966666666666667
"4131",0.0983333333333333
"4132",0.025
"4133",0.025
"4134",0.025
"4135",0.0966666666666667
"4136",0.0966666666666667
"4137",0.0983333333333333
"4138",0.025
"4139",0.025
"4140",0.025
"4141",0.123333333333333
"4142",0.123333333333333
"4143",0.125
"4144",0.125
"4145",0.125
"4146",0.125
"4147",0.0216666666666667
"4148",0.0233333333333333
"4149",0.0233333333333333
"4150",0.09
"4151",0.09
"4152",0.09
"4153",0.138333333333333
"4154",0.136666666666667
"4155",0.14
"4156",0.123333333333333
"4157",0.123333333333333
"4158",0.123333333333333
"4159",0.118333333333333
"4160",0.116666666666667
"4161",0.12
"4162",0.13
"4163",0.13
"4164",0.13
"4165",0.115
"4166",0.113333333333333
"4167",0.116666666666667
"4168",0.13
"4169",0.13
"4170",0.13
"4171",0.115
"4172",0.113333333333333
"4173",0.116666666666667
"4174",0.13
"4175",0.13
"4176",0.13
"4177",0.115
"4178",0.116666666666667
"4179",0.116666666666667
"4180",0.128333333333333
"4181",0.128333333333333
"4182",0.128333333333333
"4183",0.116666666666667
"4184",0.115
"4185",0.118333333333333
"4186",0.128333333333333
"4187",0.128333333333333
"4188",0.128333333333333
"4189",0.103333333333333
"4190",0.103333333333333
"4191",0.105
"4192",0.0983333333333333
"4193",0.0983333333333333
"4194",0.0983333333333333
"4195",0.105
"4196",0.105
"4197",0.106666666666667
"4198",0.0983333333333333
"4199",0.0983333333333333
"4200",0.0983333333333333
"4201",0.103333333333333
"4202",0.103333333333333
"4203",0.105
"4204",0.1
"4205",0.1
"4206",0.1
"4207",0.103333333333333
"4208",0.103333333333333
"4209",0.105
"4210",0.1
"4211",0.1
"4212",0.1
"4213",0.103333333333333
"4214",0.103333333333333
"4215",0.105
"4216",0.1
"4217",0.1
"4218",0.1
"4219",0.101666666666667
"4220",0.101666666666667
"4221",0.103333333333333
"4222",0.0983333333333333
"4223",0.0983333333333333
"4224",0.0983333333333333
"4225",0.143333333333333
"4226",0.143333333333333
"4227",0.143333333333333
"4228",0.141666666666667
"4229",0.141666666666667
"4230",0.143333333333333
"4231",0.143333333333333
"4232",0.143333333333333
"4233",0.141666666666667
"4234",0.141666666666667
"4235",0.146666666666667
"4236",0.143333333333333
"4237",0.143333333333333
"4238",0.145
"4239",0.145
"4240",0.143333333333333
"4241",0.143333333333333
"4242",0.143333333333333
"4243",0.141666666666667
"4244",0.141666666666667
"4245",0.143333333333333
"4246",0.143333333333333
"4247",0.143333333333333
"4248",0.141666666666667
"4249",0.141666666666667
"4250",0.136666666666667
"4251",0.133333333333333
"4252",0.133333333333333
"4253",0.135
"4254",0.135
"4255",0.138333333333333
"4256",0.135
"4257",0.135
"4258",0.136666666666667
"4259",0.136666666666667
"4260",0.136666666666667
"4261",0.133333333333333
"4262",0.133333333333333
"4263",0.135
"4264",0.135
"4265",0.138333333333333
"4266",0.135
"4267",0.135
"4268",0.136666666666667
"4269",0.136666666666667
"4270",0.136666666666667
"4271",0.133333333333333
"4272",0.133333333333333
"4273",0.135
"4274",0.135
"4275",0.138333333333333
"4276",0.135
"4277",0.135
"4278",0.136666666666667
"4279",0.136666666666667
"4280",0.138333333333333
"4281",0.135
"4282",0.135
"4283",0.136666666666667
"4284",0.136666666666667
"4285",0.135
"4286",0.135
"4287",0.135
"4288",0.136666666666667
"4289",0.136666666666667
"4290",0.136666666666667
"4291",0.133333333333333
"4292",0.133333333333333
"4293",0.135
"4294",0.135
"4295",0.136666666666667
"4296",0.133333333333333
"4297",0.133333333333333
"4298",0.135
"4299",0.135
"4300",0.136666666666667
"4301",0.133333333333333
"4302",0.133333333333333
"4303",0.135
"4304",0.135
"4305",0.136666666666667
"4306",0.133333333333333
"4307",0.133333333333333
"4308",0.135
"4309",0.135
"4310",0.138333333333333
"4311",0.135
"4312",0.135
"4313",0.136666666666667
"4314",0.136666666666667
"4315",0.138333333333333
"4316",0.135
"4317",0.135
"4318",0.136666666666667
"4319",0.136666666666667
"4320",0.136666666666667
"4321",0.133333333333333
"4322",0.133333333333333
"4323",0.135
"4324",0.135
"4325",0.136666666666667
"4326",0.133333333333333
"4327",0.133333333333333
"4328",0.135
"4329",0.135
"4330",0.095
"4331",0.0916666666666667
"4332",0.0916666666666667
"4333",0.0933333333333333
"4334",0.0933333333333333
"4335",0.0983333333333333
"4336",0.095
"4337",0.095
"4338",0.0966666666666667
"4339",0.0966666666666667
"4340",0.0966666666666667
"4341",0.0933333333333333
"4342",0.0933333333333333
"4343",0.095
"4344",0.095
"4345",0.0983333333333333
"4346",0.095
"4347",0.095
"4348",0.0966666666666667
"4349",0.0966666666666667
"4350",0.0983333333333333
"4351",0.095
"4352",0.095
"4353",0.0966666666666667
"4354",0.0966666666666667
"4355",0.0966666666666667
"4356",0.0933333333333333
"4357",0.0933333333333333
"4358",0.095
"4359",0.095
"4360",0.0966666666666667
"4361",0.0933333333333333
"4362",0.0933333333333333
"4363",0.095
"4364",0.095
"4365",0.0966666666666667
"4366",0.0933333333333333
"4367",0.0933333333333333
"4368",0.095
"4369",0.095
"4370",0.0966666666666667
"4371",0.0933333333333333
"4372",0.0933333333333333
"4373",0.095
"4374",0.095
"4375",0.0983333333333333
"4376",0.095
"4377",0.095
"4378",0.0966666666666667
"4379",0.0966666666666667
"4380",0.0966666666666667
"4381",0.0933333333333333
"4382",0.0933333333333333
"4383",0.095
"4384",0.095
"4385",0.0966666666666667
"4386",0.0933333333333333
"4387",0.0933333333333333
"4388",0.095
"4389",0.095
"4390",0.0966666666666667
"4391",0.0933333333333333
"4392",0.0933333333333333
"4393",0.095
"4394",0.095
"4395",0.0966666666666667
"4396",0.0933333333333333
"4397",0.0933333333333333
"4398",0.095
"4399",0.095
"4400",0.0966666666666667
"4401",0.0933333333333333
"4402",0.0933333333333333
"4403",0.095
"4404",0.095
"4405",0.0966666666666667
"4406",0.0933333333333333
"4407",0.0933333333333333
"4408",0.095
"4409",0.095
"4410",0.0983333333333333
"4411",0.095
"4412",0.095
"4413",0.0966666666666667
"4414",0.0966666666666667
"4415",0.0966666666666667
"4416",0.0933333333333333
"4417",0.0933333333333333
"4418",0.095
"4419",0.095
"4420",0.0966666666666667
"4421",0.0933333333333333
"4422",0.0933333333333333
"4423",0.095
"4424",0.095
"4425",0.095
"4426",0.0916666666666667
"4427",0.0916666666666667
"4428",0.0933333333333333
"4429",0.0933333333333333
"4430",0.095
"4431",0.0916666666666667
"4432",0.0916666666666667
"4433",0.0933333333333333
"4434",0.0933333333333333
"4435",0.0966666666666667
"4436",0.0933333333333333
"4437",0.0933333333333333
"4438",0.095
"4439",0.095
"4440",0.0966666666666667
"4441",0.0933333333333333
"4442",0.0933333333333333
"4443",0.095
"4444",0.095
"4445",0.0966666666666667
"4446",0.0933333333333333
"4447",0.0933333333333333
"4448",0.095
"4449",0.095
"4450",0.0966666666666667
"4451",0.0933333333333333
"4452",0.0933333333333333
"4453",0.095
"4454",0.095
"4455",0.0966666666666667
"4456",0.0933333333333333
"4457",0.0933333333333333
"4458",0.095
"4459",0.095
"4460",0.095
"4461",0.0916666666666667
"4462",0.0933333333333333
"4463",0.0933333333333333
"4464",0.0933333333333333
"4465",0.0966666666666667
"4466",0.0933333333333333
"4467",0.0933333333333333
"4468",0.095
"4469",0.095
"4470",0.0966666666666667
"4471",0.0933333333333333
"4472",0.0933333333333333
"4473",0.095
"4474",0.095
"4475",0.0983333333333333
"4476",0.095
"4477",0.095
"4478",0.0966666666666667
"4479",0.0966666666666667
"4480",0.0966666666666667
"4481",0.0933333333333333
"4482",0.0933333333333333
"4483",0.095
"4484",0.095
"4485",0.0966666666666667
"4486",0.0933333333333333
"4487",0.0933333333333333
"4488",0.095
"4489",0.095
"4490",0.0966666666666667
"4491",0.0933333333333333
"4492",0.0933333333333333
"4493",0.095
"4494",0.095
"4495",0.0966666666666667
"4496",0.0933333333333333
"4497",0.0933333333333333
"4498",0.095
"4499",0.095
"4500",0.0983333333333333
"4501",0.095
"4502",0.095
"4503",0.0966666666666667
"4504",0.0966666666666667
"4505",0.0983333333333333
"4506",0.095
"4507",0.095
"4508",0.0966666666666667
"4509",0.0966666666666667
"4510",0.0966666666666667
"4511",0.0933333333333333
"4512",0.0933333333333333
"4513",0.095
"4514",0.095
"4515",0.0966666666666667
"4516",0.0933333333333333
"4517",0.0933333333333333
"4518",0.095
"4519",0.095
"4520",0.0966666666666667
"4521",0.0933333333333333
"4522",0.0933333333333333
"4523",0.095
"4524",0.095
"4525",0.0966666666666667
"4526",0.0933333333333333
"4527",0.0933333333333333
"4528",0.095
"4529",0.095
"4530",0.0966666666666667
"4531",0.0933333333333333
"4532",0.0933333333333333
"4533",0.095
"4534",0.095
"4535",0.0966666666666667
"4536",0.0933333333333333
"4537",0.0933333333333333
"4538",0.095
"4539",0.095
"4540",0.0966666666666667
"4541",0.0933333333333333
"4542",0.0933333333333333
"4543",0.095
"4544",0.095
"4545",0.0983333333333333
"4546",0.095
"4547",0.095
"4548",0.0966666666666667
"4549",0.0966666666666667
"4550",0.0966666666666667
"4551",0.0933333333333333
"4552",0.0916666666666667
"4553",0.095
"4554",0.095
"4555",0.0966666666666667
"4556",0.0933333333333333
"4557",0.0933333333333333
"4558",0.095
"4559",0.095
"4560",0.0983333333333333
"4561",0.095
"4562",0.095
"4563",0.0966666666666667
"4564",0.0966666666666667
"4565",0.0966666666666667
"4566",0.0933333333333333
"4567",0.0933333333333333
"4568",0.095
"4569",0.095
"4570",0.0966666666666667
"4571",0.0933333333333333
"4572",0.0933333333333333
"4573",0.095
"4574",0.095
"4575",0.0966666666666667
"4576",0.0933333333333333
"4577",0.0933333333333333
"4578",0.095
"4579",0.095
"4580",0.121666666666667
"4581",0.121666666666667
"4582",0.121666666666667
"4583",0.12
"4584",0.12
"4585",0.12
"4586",0.12
"4587",0.121666666666667
"4588",0.118333333333333
"4589",0.118333333333333
"4590",0.12
"4591",0.12
"4592",0.121666666666667
"4593",0.118333333333333
"4594",0.118333333333333
"4595",0.12
"4596",0.12
"4597",0.121666666666667
"4598",0.118333333333333
"4599",0.118333333333333
"4600",0.12
"4601",0.12
"4602",0.121666666666667
"4603",0.118333333333333
"4604",0.118333333333333
"4605",0.118333333333333
"4606",0.118333333333333
"4607",0.12
"4608",0.116666666666667
"4609",0.116666666666667
"4610",0.12
"4611",0.12
"4612",0.121666666666667
"4613",0.118333333333333
"4614",0.118333333333333
"4615",0.121666666666667
"4616",0.121666666666667
"4617",0.123333333333333
"4618",0.12
"4619",0.12
"4620",0.12
"4621",0.12
"4622",0.121666666666667
"4623",0.118333333333333
"4624",0.118333333333333
"4625",0.12
"4626",0.12
"4627",0.121666666666667
"4628",0.118333333333333
"4629",0.118333333333333
"4630",0.12
"4631",0.12
"4632",0.121666666666667
"4633",0.118333333333333
"4634",0.118333333333333
"4635",0.12
"4636",0.12
"4637",0.121666666666667
"4638",0.118333333333333
"4639",0.118333333333333
"4640",0.12
"4641",0.12
"4642",0.121666666666667
"4643",0.118333333333333
"4644",0.118333333333333
"4645",0.12
"4646",0.12
"4647",0.121666666666667
"4648",0.118333333333333
"4649",0.118333333333333
"4650",0.12
"4651",0.12
"4652",0.121666666666667
"4653",0.118333333333333
"4654",0.118333333333333
"4655",0.12
"4656",0.12
"4657",0.121666666666667
"4658",0.118333333333333
"4659",0.118333333333333
"4660",0.12
"4661",0.12
"4662",0.121666666666667
"4663",0.118333333333333
"4664",0.118333333333333
"4665",0.12
"4666",0.12
"4667",0.121666666666667
"4668",0.118333333333333
"4669",0.118333333333333
"4670",0.12
"4671",0.12
"4672",0.121666666666667
"4673",0.118333333333333
"4674",0.118333333333333
"4675",0.12
"4676",0.12
"4677",0.121666666666667
"4678",0.118333333333333
"4679",0.118333333333333
"4680",0.12
"4681",0.12
"4682",0.121666666666667
"4683",0.118333333333333
"4684",0.118333333333333
"4685",0.12
"4686",0.12
"4687",0.121666666666667
"4688",0.118333333333333
"4689",0.118333333333333
"4690",0.12
"4691",0.12
"4692",0.121666666666667
"4693",0.118333333333333
"4694",0.118333333333333
"4695",0.12
"4696",0.12
"4697",0.121666666666667
"4698",0.118333333333333
"4699",0.118333333333333
"4700",0.12
"4701",0.12
"4702",0.121666666666667
"4703",0.118333333333333
"4704",0.118333333333333
"4705",0.12
"4706",0.12
"4707",0.121666666666667
"4708",0.118333333333333
"4709",0.118333333333333
"4710",0.12
"4711",0.12
"4712",0.121666666666667
"4713",0.118333333333333
"4714",0.118333333333333
"4715",0.12
"4716",0.12
"4717",0.121666666666667
"4718",0.118333333333333
"4719",0.118333333333333
"4720",0.113333333333333
"4721",0.11
"4722",0.108333333333333
"4723",0.111666666666667
"4724",0.111666666666667
"4725",0.115
"4726",0.111666666666667
"4727",0.113333333333333
"4728",0.113333333333333
"4729",0.113333333333333
"4730",0.115
"4731",0.111666666666667
"4732",0.113333333333333
"4733",0.113333333333333
"4734",0.113333333333333
"4735",0.115
"4736",0.111666666666667
"4737",0.113333333333333
"4738",0.113333333333333
"4739",0.113333333333333
"4740",0.1
"4741",0.1
"4742",0.103333333333333
"4743",0.0983333333333333
"4744",0.0983333333333333
"4745",0.1
"4746",0.1
"4747",0.103333333333333
"4748",0.0983333333333333
"4749",0.0983333333333333
"4750",0.101666666666667
"4751",0.101666666666667
"4752",0.105
"4753",0.1
"4754",0.1
"4755",0.1
"4756",0.1
"4757",0.103333333333333
"4758",0.0983333333333333
"4759",0.0983333333333333
"4760",0.1
"4761",0.1
"4762",0.103333333333333
"4763",0.0983333333333333
"4764",0.0983333333333333
"4765",0.1
"4766",0.1
"4767",0.103333333333333
"4768",0.0983333333333333
"4769",0.0983333333333333
"4770",0.0916666666666667
"4771",0.0916666666666667
"4772",0.095
"4773",0.09
"4774",0.09
"4775",0.0983333333333333
"4776",0.0983333333333333
"4777",0.101666666666667
"4778",0.0966666666666667
"4779",0.0966666666666667
"4780",0.1
"4781",0.1
"4782",0.103333333333333
"4783",0.0983333333333333
"4784",0.0983333333333333
"4785",0.0983333333333333
"4786",0.0983333333333333
"4787",0.101666666666667
"4788",0.0966666666666667
"4789",0.0966666666666667
"4790",0.1
"4791",0.1
"4792",0.103333333333333
"4793",0.0983333333333333
"4794",0.0983333333333333
"4795",0.0916666666666667
"4796",0.0916666666666667
"4797",0.095
"4798",0.09
"4799",0.09
"4800",0.0983333333333333
"4801",0.0983333333333333
"4802",0.101666666666667
"4803",0.0966666666666667
"4804",0.0966666666666667
"4805",0.101666666666667
"4806",0.101666666666667
"4807",0.105
"4808",0.1
"4809",0.1
"4810",0.0916666666666667
"4811",0.0916666666666667
"4812",0.095
"4813",0.09
"4814",0.09
"4815",0.1
"4816",0.1
"4817",0.103333333333333
"4818",0.0983333333333333
"4819",0.0983333333333333
"4820",0.0916666666666667
"4821",0.0916666666666667
"4822",0.095
"4823",0.09
"4824",0.09
"4825",0.0916666666666667
"4826",0.0916666666666667
"4827",0.095
"4828",0.09
"4829",0.09
"4830",0.0916666666666667
"4831",0.0916666666666667
"4832",0.095
"4833",0.09
"4834",0.09
"4835",0.0983333333333333
"4836",0.0983333333333333
"4837",0.101666666666667
"4838",0.0966666666666667
"4839",0.0966666666666667
"4840",0.1
"4841",0.1
"4842",0.103333333333333
"4843",0.0983333333333333
"4844",0.0983333333333333
"4845",0.0983333333333333
"4846",0.0983333333333333
"4847",0.101666666666667
"4848",0.0966666666666667
"4849",0.0966666666666667
"4850",0.0983333333333333
"4851",0.0983333333333333
"4852",0.101666666666667
"4853",0.0966666666666667
"4854",0.0966666666666667
"4855",0.0983333333333333
"4856",0.0983333333333333
"4857",0.101666666666667
"4858",0.0966666666666667
"4859",0.0966666666666667
"4860",0.0916666666666667
"4861",0.0916666666666667
"4862",0.095
"4863",0.09
"4864",0.09
"4865",0.0983333333333333
"4866",0.0983333333333333
"4867",0.101666666666667
"4868",0.0966666666666667
"4869",0.0966666666666667
"4870",0.1
"4871",0.1
"4872",0.103333333333333
"4873",0.0983333333333333
"4874",0.0983333333333333
"4875",0.0933333333333333
"4876",0.0933333333333333
"4877",0.0966666666666667
"4878",0.0916666666666667
"4879",0.0916666666666667
"4880",0.0916666666666667
"4881",0.0916666666666667
"4882",0.095
"4883",0.09
"4884",0.09
"4885",0.101666666666667
"4886",0.101666666666667
"4887",0.105
"4888",0.1
"4889",0.1
"4890",0.1
"4891",0.1
"4892",0.103333333333333
"4893",0.0983333333333333
"4894",0.0983333333333333
"4895",0.0983333333333333
"4896",0.0983333333333333
"4897",0.101666666666667
"4898",0.0966666666666667
"4899",0.0966666666666667
"4900",0.1
"4901",0.1
"4902",0.103333333333333
"4903",0.0983333333333333
"4904",0.0983333333333333
"4905",0.1
"4906",0.1
"4907",0.103333333333333
"4908",0.0983333333333333
"4909",0.0983333333333333
"4910",0.0916666666666667
"4911",0.0916666666666667
"4912",0.095
"4913",0.09
"4914",0.09
"4915",0.0983333333333333
"4916",0.0983333333333333
"4917",0.101666666666667
"4918",0.0966666666666667
"4919",0.0966666666666667
"4920",0.0983333333333333
"4921",0.0983333333333333
"4922",0.101666666666667
"4923",0.0966666666666667
"4924",0.0966666666666667
"4925",0.0916666666666667
"4926",0.0916666666666667
"4927",0.095
"4928",0.09
"4929",0.09
"4930",0.0983333333333333
"4931",0.0983333333333333
"4932",0.101666666666667
"4933",0.0966666666666667
"4934",0.0966666666666667
"4935",0.1
"4936",0.1
"4937",0.103333333333333
"4938",0.0983333333333333
"4939",0.0983333333333333
"4940",0.0916666666666667
"4941",0.0916666666666667
"4942",0.095
"4943",0.09
"4944",0.09
"4945",0.101666666666667
"4946",0.101666666666667
"4947",0.101666666666667
"4948",0.1
"4949",0.1
"4950",0.105
"4951",0.101666666666667
"4952",0.101666666666667
"4953",0.103333333333333
"4954",0.103333333333333
"4955",0.105
"4956",0.101666666666667
"4957",0.101666666666667
"4958",0.103333333333333
"4959",0.103333333333333
"4960",0.101666666666667
"4961",0.0983333333333333
"4962",0.0966666666666667
"4963",0.1
"4964",0.1
"4965",0.106666666666667
"4966",0.103333333333333
"4967",0.103333333333333
"4968",0.105
"4969",0.105
"4970",0.105
"4971",0.101666666666667
"4972",0.101666666666667
"4973",0.103333333333333
"4974",0.103333333333333
"4975",0.106666666666667
"4976",0.103333333333333
"4977",0.103333333333333
"4978",0.105
"4979",0.105
"4980",0.1
"4981",0.0966666666666667
"4982",0.0966666666666667
"4983",0.0983333333333333
"4984",0.0983333333333333
"4985",0.106666666666667
"4986",0.103333333333333
"4987",0.101666666666667
"4988",0.105
"4989",0.105
"4990",0.106666666666667
"4991",0.103333333333333
"4992",0.101666666666667
"4993",0.105
"4994",0.105
"4995",0.025
"4996",0.0216666666666667
"4997",0.0216666666666667
"4998",0.0233333333333333
"4999",0.0233333333333333
"5000",0.025
"5001",0.0216666666666667
"5002",0.0216666666666667
"5003",0.0233333333333333
"5004",0.0233333333333333
"5005",0.025
"5006",0.0216666666666667
"5007",0.0216666666666667
"5008",0.0233333333333333
"5009",0.0233333333333333
"5010",0.0266666666666667
"5011",0.0233333333333333
"5012",0.0233333333333333
"5013",0.025
"5014",0.025
"5015",0.025
"5016",0.0216666666666667
"5017",0.0216666666666667
"5018",0.0233333333333333
"5019",0.0233333333333333
"5020",0.0266666666666667
"5021",0.0233333333333333
"5022",0.0233333333333333
"5023",0.025
"5024",0.025
"5025",0.141666666666667
"5026",0.14
"5027",0.14
"5028",0.14
"5029",0.14
"5030",0.141666666666667
"5031",0.14
"5032",0.14
"5033",0.14
"5034",0.14
"5035",0.141666666666667
"5036",0.14
"5037",0.14
"5038",0.14
"5039",0.14
"5040",0.141666666666667
"5041",0.14
"5042",0.14
"5043",0.14
"5044",0.14
"5045",0.135
"5046",0.131666666666667
"5047",0.131666666666667
"5048",0.133333333333333
"5049",0.133333333333333
"5050",0.135
"5051",0.131666666666667
"5052",0.131666666666667
"5053",0.133333333333333
"5054",0.133333333333333
"5055",0.135
"5056",0.131666666666667
"5057",0.131666666666667
"5058",0.133333333333333
"5059",0.133333333333333
"5060",0.135
"5061",0.131666666666667
"5062",0.131666666666667
"5063",0.133333333333333
"5064",0.133333333333333
"5065",0.135
"5066",0.131666666666667
"5067",0.131666666666667
"5068",0.133333333333333
"5069",0.133333333333333
"5070",0.135
"5071",0.131666666666667
"5072",0.131666666666667
"5073",0.133333333333333
"5074",0.133333333333333
"5075",0.135
"5076",0.131666666666667
"5077",0.131666666666667
"5078",0.133333333333333
"5079",0.133333333333333
"5080",0.135
"5081",0.131666666666667
"5082",0.131666666666667
"5083",0.133333333333333
"5084",0.133333333333333
"5085",0.135
"5086",0.131666666666667
"5087",0.131666666666667
"5088",0.133333333333333
"5089",0.133333333333333
"5090",0.135
"5091",0.131666666666667
"5092",0.131666666666667
"5093",0.133333333333333
"5094",0.133333333333333
"5095",0.135
"5096",0.131666666666667
"5097",0.131666666666667
"5098",0.133333333333333
"5099",0.133333333333333
"5100",0.135
"5101",0.131666666666667
"5102",0.131666666666667
"5103",0.133333333333333
"5104",0.133333333333333
"5105",0.135
"5106",0.131666666666667
"5107",0.131666666666667
"5108",0.133333333333333
"5109",0.133333333333333
"5110",0.135
"5111",0.131666666666667
"5112",0.131666666666667
"5113",0.133333333333333
"5114",0.133333333333333
"5115",0.135
"5116",0.131666666666667
"5117",0.131666666666667
"5118",0.133333333333333
"5119",0.133333333333333
"5120",0.135
"5121",0.131666666666667
"5122",0.131666666666667
"5123",0.133333333333333
"5124",0.133333333333333
"5125",0.135
"5126",0.131666666666667
"5127",0.131666666666667
"5128",0.133333333333333
"5129",0.133333333333333
"5130",0.135
"5131",0.131666666666667
"5132",0.131666666666667
"5133",0.133333333333333
"5134",0.133333333333333
"5135",0.135
"5136",0.131666666666667
"5137",0.131666666666667
"5138",0.133333333333333
"5139",0.133333333333333
"5140",0.158333333333333
"5141",0.16
"5142",0.156666666666667
"5143",0.16
"5144",0.16
"5145",0.158333333333333
"5146",0.16
"5147",0.156666666666667
"5148",0.16
"5149",0.16
"5150",0.15
"5151",0.146666666666667
"5152",0.148333333333333
"5153",0.148333333333333
"5154",0.148333333333333
"5155",0.146666666666667
"5156",0.145
"5157",0.145
"5158",0.145
"5159",0.145
"5160",0.145
"5161",0.143333333333333
"5162",0.143333333333333
"5163",0.143333333333333
"5164",0.143333333333333
"5165",0.15
"5166",0.146666666666667
"5167",0.148333333333333
"5168",0.148333333333333
"5169",0.148333333333333
"5170",0.15
"5171",0.146666666666667
"5172",0.148333333333333
"5173",0.148333333333333
"5174",0.148333333333333
"5175",0.143333333333333
"5176",0.141666666666667
"5177",0.141666666666667
"5178",0.141666666666667
"5179",0.141666666666667
"5180",0.145
"5181",0.143333333333333
"5182",0.143333333333333
"5183",0.143333333333333
"5184",0.143333333333333
"5185",0.145
"5186",0.143333333333333
"5187",0.143333333333333
"5188",0.143333333333333
"5189",0.143333333333333
"5190",0.118333333333333
"5191",0.118333333333333
"5192",0.115
"5193",0.12
"5194",0.12
"5195",0.118333333333333
"5196",0.118333333333333
"5197",0.115
"5198",0.12
"5199",0.12
"5200",0.118333333333333
"5201",0.118333333333333
"5202",0.115
"5203",0.12
"5204",0.12
"5205",0.118333333333333
"5206",0.118333333333333
"5207",0.115
"5208",0.12
"5209",0.12
"5210",0.118333333333333
"5211",0.118333333333333
"5212",0.115
"5213",0.12
"5214",0.12
"5215",0.118333333333333
"5216",0.118333333333333
"5217",0.115
"5218",0.12
"5219",0.12
"5220",0.118333333333333
"5221",0.118333333333333
"5222",0.115
"5223",0.12
"5224",0.12
"5225",0.0416666666666667
"5226",0.0383333333333333
"5227",0.0416666666666667
"5228",0.04
"5229",0.04
"5230",0.0416666666666667
"5231",0.0383333333333333
"5232",0.0416666666666667
"5233",0.04
"5234",0.04
"5235",0.0433333333333333
"5236",0.04
"5237",0.0433333333333333
"5238",0.0416666666666667
"5239",0.0416666666666667
"5240",0.138333333333333
"5241",0.135
"5242",0.133333333333333
"5243",0.136666666666667
"5244",0.136666666666667
"5245",0.141666666666667
"5246",0.138333333333333
"5247",0.136666666666667
"5248",0.14
"5249",0.14
"5250",0.14
"5251",0.136666666666667
"5252",0.135
"5253",0.138333333333333
"5254",0.138333333333333
"5255",0.143333333333333
"5256",0.14
"5257",0.138333333333333
"5258",0.141666666666667
"5259",0.141666666666667
"5260",0.141666666666667
"5261",0.138333333333333
"5262",0.136666666666667
"5263",0.14
"5264",0.14
"5265",0.138333333333333
"5266",0.135
"5267",0.133333333333333
"5268",0.136666666666667
"5269",0.136666666666667
"5270",0.138333333333333
"5271",0.135
"5272",0.133333333333333
"5273",0.136666666666667
"5274",0.136666666666667
"5275",0.14
"5276",0.136666666666667
"5277",0.135
"5278",0.138333333333333
"5279",0.138333333333333
"5280",0.138333333333333
"5281",0.135
"5282",0.133333333333333
"5283",0.136666666666667
"5284",0.136666666666667
"5285",0.141666666666667
"5286",0.138333333333333
"5287",0.136666666666667
"5288",0.14
"5289",0.14
"5290",0.14
"5291",0.136666666666667
"5292",0.135
"5293",0.138333333333333
"5294",0.138333333333333
"5295",0.14
"5296",0.136666666666667
"5297",0.135
"5298",0.138333333333333
"5299",0.138333333333333
"5300",0.138333333333333
"5301",0.135
"5302",0.133333333333333
"5303",0.136666666666667
"5304",0.136666666666667
"5305",0.141666666666667
"5306",0.138333333333333
"5307",0.136666666666667
"5308",0.14
"5309",0.14
"5310",0.14
"5311",0.136666666666667
"5312",0.135
"5313",0.138333333333333
"5314",0.138333333333333
"5315",0.141666666666667
"5316",0.138333333333333
"5317",0.136666666666667
"5318",0.14
"5319",0.14
"5320",0.141666666666667
"5321",0.138333333333333
"5322",0.136666666666667
"5323",0.14
"5324",0.14
"5325",0.141666666666667
"5326",0.138333333333333
"5327",0.136666666666667
"5328",0.14
"5329",0.14
"5330",0.141666666666667
"5331",0.138333333333333
"5332",0.136666666666667
"5333",0.14
"5334",0.14
"5335",0.14
"5336",0.136666666666667
"5337",0.135
"5338",0.138333333333333
"5339",0.138333333333333
"5340",0.141666666666667
"5341",0.138333333333333
"5342",0.136666666666667
"5343",0.14
"5344",0.14
"5345",0.141666666666667
"5346",0.138333333333333
"5347",0.136666666666667
"5348",0.14
"5349",0.14
"5350",0.14
"5351",0.136666666666667
"5352",0.135
"5353",0.138333333333333
"5354",0.138333333333333
"5355",0.14
"5356",0.136666666666667
"5357",0.135
"5358",0.138333333333333
"5359",0.138333333333333
"5360",0.14
"5361",0.136666666666667
"5362",0.135
"5363",0.138333333333333
"5364",0.138333333333333
"5365",0.103333333333333
"5366",0.1
"5367",0.103333333333333
"5368",0.101666666666667
"5369",0.101666666666667
"5370",0.005
"5371",0.00166666666666667
"5372",0.00833333333333333
"5373",0.00333333333333333
"5374",0.00333333333333333
"5375",0.0116666666666667
"5376",0.00833333333333333
"5377",0.00166666666666667
"5378",0.01
"5379",0.01
"5380",0.0133333333333333
"5381",0.01
"5382",0.00333333333333333
"5383",0.0116666666666667
"5384",0.0116666666666667
"5385",0.01
"5386",0.00666666666666667
"5387",0.00333333333333333
"5388",0.00833333333333333
"5389",0.00833333333333333
"5390",0.0116666666666667
"5391",0.00833333333333333
"5392",0.005
"5393",0.01
"5394",0.01
"5395",0.0116666666666667
"5396",0.00833333333333333
"5397",0.005
"5398",0.01
"5399",0.01
"5400",0.01
"5401",0.00666666666666667
"5402",0.00333333333333333
"5403",0.00833333333333333
"5404",0.00833333333333333
"5405",0.005
"5406",0.00166666666666667
"5407",0.00833333333333333
"5408",0.00333333333333333
"5409",0.00333333333333333
"5410",0.0116666666666667
"5411",0.00833333333333333
"5412",0.005
"5413",0.01
"5414",0.01
"5415",0.005
"5416",0.00166666666666667
"5417",0.00833333333333333
"5418",0.00333333333333333
"5419",0.00333333333333333
"5420",0.01
"5421",0.00666666666666667
"5422",0
"5423",0.00833333333333333
"5424",0.00833333333333333
"5425",0.01
"5426",0.00666666666666667
"5427",0
"5428",0.00833333333333333
"5429",0.00833333333333333
"5430",0.133333333333333
"5431",0.131666666666667
"5432",0.131666666666667
"5433",0.131666666666667
"5434",0.131666666666667
"5435",0.133333333333333
"5436",0.131666666666667
"5437",0.131666666666667
"5438",0.131666666666667
"5439",0.131666666666667
"5440",0.133333333333333
"5441",0.131666666666667
"5442",0.131666666666667
"5443",0.131666666666667
"5444",0.131666666666667
"5445",0.12
"5446",0.123333333333333
"5447",0.12
"5448",0.121666666666667
"5449",0.121666666666667
"5450",0.121666666666667
"5451",0.125
"5452",0.121666666666667
"5453",0.123333333333333
"5454",0.123333333333333
"5455",0.116666666666667
"5456",0.12
"5457",0.116666666666667
"5458",0.118333333333333
"5459",0.118333333333333
"5460",0.121666666666667
"5461",0.12
"5462",0.125
"5463",0.12
"5464",0.12
"5465",0.125
"5466",0.123333333333333
"5467",0.128333333333333
"5468",0.123333333333333
"5469",0.123333333333333
"5470",0.121666666666667
"5471",0.12
"5472",0.125
"5473",0.12
"5474",0.12
"5475",0.101666666666667
"5476",0.0983333333333333
"5477",0.0983333333333333
"5478",0.1
"5479",0.1
"5480",0.101666666666667
"5481",0.0983333333333333
"5482",0.0983333333333333
"5483",0.1
"5484",0.1
"5485",0.156666666666667
"5486",0.156666666666667
"5487",0.156666666666667
"5488",0.158333333333333
"5489",0.158333333333333
"5490",0.156666666666667
"5491",0.156666666666667
"5492",0.155
"5493",0.158333333333333
"5494",0.158333333333333
"5495",0.156666666666667
"5496",0.156666666666667
"5497",0.156666666666667
"5498",0.158333333333333
"5499",0.158333333333333
"5500",0.156666666666667
"5501",0.156666666666667
"5502",0.156666666666667
"5503",0.158333333333333
"5504",0.158333333333333
"5505",0.075
"5506",0.0783333333333333
"5507",0.0816666666666667
"5508",0.0766666666666667
"5509",0.0766666666666667
"5510",0.0766666666666667
"5511",0.08
"5512",0.0833333333333333
"5513",0.0783333333333333
"5514",0.0783333333333333
"5515",0.128333333333333
"5516",0.126666666666667
"5517",0.126666666666667
"5518",0.126666666666667
"5519",0.126666666666667
"5520",0.126666666666667
"5521",0.128333333333333
"5522",0.128333333333333
"5523",0.128333333333333
"5524",0.128333333333333
"5525",0.128333333333333
"5526",0.126666666666667
"5527",0.126666666666667
"5528",0.126666666666667
"5529",0.126666666666667
"5530",0.125
"5531",0.126666666666667
"5532",0.126666666666667
"5533",0.126666666666667
"5534",0.126666666666667
"5535",0.126666666666667
"5536",0.128333333333333
"5537",0.128333333333333
"5538",0.128333333333333
"5539",0.128333333333333
"5540",0.125
"5541",0.126666666666667
"5542",0.126666666666667
"5543",0.126666666666667
"5544",0.126666666666667
"5545",0.126666666666667
"5546",0.128333333333333
"5547",0.128333333333333
"5548",0.128333333333333
"5549",0.128333333333333
"5550",0.126666666666667
"5551",0.128333333333333
"5552",0.128333333333333
"5553",0.128333333333333
"5554",0.128333333333333
"5555",0.141666666666667
"5556",0.14
"5557",0.141666666666667
"5558",0.14
"5559",0.14
"5560",0.138333333333333
"5561",0.136666666666667
"5562",0.138333333333333
"5563",0.136666666666667
"5564",0.136666666666667
"5565",0.138333333333333
"5566",0.136666666666667
"5567",0.138333333333333
"5568",0.136666666666667
"5569",0.136666666666667
"5570",0.085
"5571",0.085
"5572",0.0866666666666667
"5573",0.0866666666666667
"5574",0.0866666666666667
"5575",0.085
"5576",0.085
"5577",0.0866666666666667
"5578",0.0866666666666667
"5579",0.0866666666666667
"5580",0.085
"5581",0.085
"5582",0.0866666666666667
"5583",0.0866666666666667
"5584",0.0866666666666667
"5585",0.0883333333333333
"5586",0.0883333333333333
"5587",0.09
"5588",0.09
"5589",0.09
"5590",0.085
"5591",0.085
"5592",0.0866666666666667
"5593",0.0866666666666667
"5594",0.0866666666666667
"5595",0.0883333333333333
"5596",0.0883333333333333
"5597",0.09
"5598",0.09
"5599",0.09
"5600",0.0883333333333333
"5601",0.0883333333333333
"5602",0.09
"5603",0.09
"5604",0.09
"5605",0.085
"5606",0.085
"5607",0.0866666666666667
"5608",0.0866666666666667
"5609",0.0866666666666667
"5610",0.085
"5611",0.085
"5612",0.0866666666666667
"5613",0.0866666666666667
"5614",0.0866666666666667
"5615",0.085
"5616",0.085
"5617",0.0866666666666667
"5618",0.0866666666666667
"5619",0.0866666666666667
"5620",0.0866666666666667
"5621",0.0866666666666667
"5622",0.0883333333333333
"5623",0.0883333333333333
"5624",0.0883333333333333
"5625",0.0883333333333333
"5626",0.0883333333333333
"5627",0.09
"5628",0.09
"5629",0.09
"5630",0.0883333333333333
"5631",0.0883333333333333
"5632",0.09
"5633",0.09
"5634",0.09
"5635",0.0866666666666667
"5636",0.0866666666666667
"5637",0.0883333333333333
"5638",0.0883333333333333
"5639",0.0883333333333333
"5640",0.085
"5641",0.085
"5642",0.0866666666666667
"5643",0.0866666666666667
"5644",0.0866666666666667
"5645",0.0833333333333333
"5646",0.0833333333333333
"5647",0.085
"5648",0.085
"5649",0.085
"5650",0.085
"5651",0.085
"5652",0.0866666666666667
"5653",0.0866666666666667
"5654",0.0866666666666667
"5655",0.0883333333333333
"5656",0.0883333333333333
"5657",0.09
"5658",0.09
"5659",0.09
"5660",0.085
"5661",0.085
"5662",0.0866666666666667
"5663",0.0866666666666667
"5664",0.0866666666666667
"5665",0.0883333333333333
"5666",0.0883333333333333
"5667",0.09
"5668",0.09
"5669",0.09
"5670",0.085
"5671",0.085
"5672",0.0866666666666667
"5673",0.0866666666666667
"5674",0.0866666666666667
"5675",0.0916666666666667
"5676",0.0916666666666667
"5677",0.0933333333333333
"5678",0.0933333333333333
"5679",0.0933333333333333
"5680",0.085
"5681",0.085
"5682",0.0866666666666667
"5683",0.0866666666666667
"5684",0.0866666666666667
"5685",0.0866666666666667
"5686",0.0866666666666667
"5687",0.0883333333333333
"5688",0.0883333333333333
"5689",0.0883333333333333
"5690",0.085
"5691",0.085
"5692",0.0866666666666667
"5693",0.0866666666666667
"5694",0.0866666666666667
"5695",0.0883333333333333
"5696",0.0883333333333333
"5697",0.09
"5698",0.09
"5699",0.09
"5700",0.0866666666666667
"5701",0.0866666666666667
"5702",0.0883333333333333
"5703",0.0883333333333333
"5704",0.0883333333333333
"5705",0.09
"5706",0.09
"5707",0.0916666666666667
"5708",0.0916666666666667
"5709",0.0916666666666667
"5710",0.0866666666666667
"5711",0.0866666666666667
"5712",0.0883333333333333
"5713",0.0883333333333333
"5714",0.0883333333333333
"5715",0.0866666666666667
"5716",0.0866666666666667
"5717",0.0883333333333333
"5718",0.0883333333333333
"5719",0.0883333333333333
"5720",0.0883333333333333
"5721",0.0883333333333333
"5722",0.09
"5723",0.09
"5724",0.09
"5725",0.085
"5726",0.085
"5727",0.0866666666666667
"5728",0.0866666666666667
"5729",0.0866666666666667
"5730",0.0883333333333333
"5731",0.0883333333333333
"5732",0.09
"5733",0.09
"5734",0.09
"5735",0.0866666666666667
"5736",0.0866666666666667
"5737",0.0883333333333333
"5738",0.0883333333333333
"5739",0.0883333333333333
"5740",0.085
"5741",0.085
"5742",0.0866666666666667
"5743",0.0866666666666667
"5744",0.0866666666666667
"5745",0.085
"5746",0.085
"5747",0.0866666666666667
"5748",0.0866666666666667
"5749",0.0866666666666667
"5750",0.0833333333333333
"5751",0.0833333333333333
"5752",0.085
"5753",0.085
"5754",0.085
"5755",0.085
"5756",0.085
"5757",0.0866666666666667
"5758",0.0866666666666667
"5759",0.0866666666666667
"5760",0.085
"5761",0.085
"5762",0.0866666666666667
"5763",0.0866666666666667
"5764",0.0866666666666667
"5765",0.085
"5766",0.085
"5767",0.0866666666666667
"5768",0.0866666666666667
"5769",0.0866666666666667
"5770",0.085
"5771",0.085
"5772",0.0866666666666667
"5773",0.0866666666666667
"5774",0.0866666666666667
"5775",0.0866666666666667
"5776",0.0866666666666667
"5777",0.0883333333333333
"5778",0.0883333333333333
"5779",0.0883333333333333
"5780",0.0883333333333333
"5781",0.0883333333333333
"5782",0.09
"5783",0.09
"5784",0.09
"5785",0.0866666666666667
"5786",0.0866666666666667
"5787",0.0883333333333333
"5788",0.0883333333333333
"5789",0.0883333333333333
"5790",0.085
"5791",0.085
"5792",0.0866666666666667
"5793",0.0866666666666667
"5794",0.0866666666666667
"5795",0.0866666666666667
"5796",0.0866666666666667
"5797",0.0883333333333333
"5798",0.0883333333333333
"5799",0.0883333333333333
"5800",0.0883333333333333
"5801",0.0883333333333333
"5802",0.09
"5803",0.09
"5804",0.09
"5805",0.0883333333333333
"5806",0.0883333333333333
"5807",0.09
"5808",0.09
"5809",0.09
"5810",0.0833333333333333
"5811",0.0833333333333333
"5812",0.085
"5813",0.085
"5814",0.085
"5815",0.085
"5816",0.085
"5817",0.0866666666666667
"5818",0.0866666666666667
"5819",0.0866666666666667
"5820",0.085
"5821",0.085
"5822",0.0866666666666667
"5823",0.0866666666666667
"5824",0.0866666666666667
"5825",0.0883333333333333
"5826",0.0883333333333333
"5827",0.09
"5828",0.09
"5829",0.09
"5830",0.085
"5831",0.085
"5832",0.0866666666666667
"5833",0.0866666666666667
"5834",0.0866666666666667
"5835",0.085
"5836",0.085
"5837",0.0866666666666667
"5838",0.0866666666666667
"5839",0.0866666666666667
"5840",0.0866666666666667
"5841",0.0866666666666667
"5842",0.0883333333333333
"5843",0.0883333333333333
"5844",0.0883333333333333
"5845",0.0866666666666667
"5846",0.0866666666666667
"5847",0.0883333333333333
"5848",0.0883333333333333
"5849",0.0883333333333333
"5850",0.0833333333333333
"5851",0.0833333333333333
"5852",0.085
"5853",0.085
"5854",0.085
"5855",0.085
"5856",0.085
"5857",0.0866666666666667
"5858",0.0866666666666667
"5859",0.0866666666666667
"5860",0.085
"5861",0.085
"5862",0.0866666666666667
"5863",0.0866666666666667
"5864",0.0866666666666667
"5865",0.0866666666666667
"5866",0.0866666666666667
"5867",0.0883333333333333
"5868",0.0883333333333333
"5869",0.0883333333333333
"5870",0.085
"5871",0.085
"5872",0.0866666666666667
"5873",0.0866666666666667
"5874",0.0866666666666667
"5875",0.0866666666666667
"5876",0.0866666666666667
"5877",0.0883333333333333
"5878",0.0883333333333333
"5879",0.0883333333333333
"5880",0.0883333333333333
"5881",0.0883333333333333
"5882",0.09
"5883",0.09
"5884",0.09
"5885",0.0883333333333333
"5886",0.0883333333333333
"5887",0.09
"5888",0.09
"5889",0.09
"5890",0.085
"5891",0.085
"5892",0.0866666666666667
"5893",0.0866666666666667
"5894",0.0866666666666667
"5895",0.0866666666666667
"5896",0.0866666666666667
"5897",0.0883333333333333
"5898",0.0883333333333333
"5899",0.0883333333333333
"5900",0.085
"5901",0.085
"5902",0.0866666666666667
"5903",0.0866666666666667
"5904",0.0866666666666667
"5905",0.085
"5906",0.085
"5907",0.0866666666666667
"5908",0.0866666666666667
"5909",0.0866666666666667
"5910",0.0883333333333333
"5911",0.0883333333333333
"5912",0.09
"5913",0.09
"5914",0.09
"5915",0.0866666666666667
"5916",0.0866666666666667
"5917",0.0883333333333333
"5918",0.0883333333333333
"5919",0.0883333333333333
"5920",0.085
"5921",0.085
"5922",0.0866666666666667
"5923",0.0866666666666667
"5924",0.0866666666666667
"5925",0.085
"5926",0.085
"5927",0.0866666666666667
"5928",0.0866666666666667
"5929",0.0866666666666667
"5930",0.0866666666666667
"5931",0.0866666666666667
"5932",0.0883333333333333
"5933",0.0883333333333333
"5934",0.0883333333333333
"5935",0.0883333333333333
"5936",0.0883333333333333
"5937",0.09
"5938",0.09
"5939",0.09
"5940",0.085
"5941",0.085
"5942",0.0866666666666667
"5943",0.0866666666666667
"5944",0.0866666666666667
"5945",0.085
"5946",0.085
"5947",0.0866666666666667
"5948",0.0866666666666667
"5949",0.0866666666666667
"5950",0.085
"5951",0.085
"5952",0.0866666666666667
"5953",0.0866666666666667
"5954",0.0866666666666667
"5955",0.0883333333333333
"5956",0.0883333333333333
"5957",0.09
"5958",0.09
"5959",0.09
"5960",0.085
"5961",0.085
"5962",0.0866666666666667
"5963",0.0866666666666667
"5964",0.0866666666666667
"5965",0.0866666666666667
"5966",0.0866666666666667
"5967",0.0883333333333333
"5968",0.0883333333333333
"5969",0.0883333333333333
"5970",0.085
"5971",0.085
"5972",0.0866666666666667
"5973",0.0866666666666667
"5974",0.0866666666666667
"5975",0.085
"5976",0.085
"5977",0.0866666666666667
"5978",0.0866666666666667
"5979",0.0866666666666667
"5980",0.0833333333333333
"5981",0.0833333333333333
"5982",0.085
"5983",0.085
"5984",0.085
"5985",0.0833333333333333
"5986",0.0833333333333333
"5987",0.085
"5988",0.085
"5989",0.085
"5990",0.0866666666666667
"5991",0.0866666666666667
"5992",0.0883333333333333
"5993",0.0883333333333333
"5994",0.0883333333333333
"5995",0.0833333333333333
"5996",0.0833333333333333
"5997",0.085
"5998",0.085
"5999",0.085
"6000",0.0883333333333333
"6001",0.0883333333333333
"6002",0.09
"6003",0.09
"6004",0.09
"6005",0.0966666666666667
"6006",0.0933333333333333
"6007",0.0966666666666667
"6008",0.095
"6009",0.095
"6010",0.0933333333333333
"6011",0.095
"6012",0.0983333333333333
"6013",0.095
"6014",0.095
"6015",0.095
"6016",0.0966666666666667
"6017",0.1
"6018",0.0966666666666667
"6019",0.0966666666666667
"6020",0.0933333333333333
"6021",0.095
"6022",0.0983333333333333
"6023",0.095
"6024",0.095
"6025",0.148333333333333
"6026",0.145
"6027",0.141666666666667
"6028",0.146666666666667
"6029",0.146666666666667
"6030",0.148333333333333
"6031",0.145
"6032",0.141666666666667
"6033",0.146666666666667
"6034",0.146666666666667
"6035",0.146666666666667
"6036",0.143333333333333
"6037",0.14
"6038",0.145
"6039",0.145
"6040",0.14
"6041",0.138333333333333
"6042",0.14
"6043",0.138333333333333
"6044",0.138333333333333
"6045",0.138333333333333
"6046",0.136666666666667
"6047",0.138333333333333
"6048",0.136666666666667
"6049",0.136666666666667
"6050",0.138333333333333
"6051",0.136666666666667
"6052",0.138333333333333
"6053",0.136666666666667
"6054",0.136666666666667
"6055",0.14
"6056",0.138333333333333
"6057",0.14
"6058",0.138333333333333
"6059",0.138333333333333
"6060",0.138333333333333
"6061",0.136666666666667
"6062",0.138333333333333
"6063",0.136666666666667
"6064",0.136666666666667
"6065",0.14
"6066",0.138333333333333
"6067",0.14
"6068",0.138333333333333
"6069",0.138333333333333
"6070",0.138333333333333
"6071",0.136666666666667
"6072",0.138333333333333
"6073",0.136666666666667
"6074",0.136666666666667
"6075",0.14
"6076",0.138333333333333
"6077",0.14
"6078",0.138333333333333
"6079",0.138333333333333
"6080",0.138333333333333
"6081",0.136666666666667
"6082",0.138333333333333
"6083",0.136666666666667
"6084",0.136666666666667
"6085",0.138333333333333
"6086",0.136666666666667
"6087",0.138333333333333
"6088",0.136666666666667
"6089",0.136666666666667
"6090",0.138333333333333
"6091",0.136666666666667
"6092",0.138333333333333
"6093",0.136666666666667
"6094",0.136666666666667
"6095",0.14
"6096",0.138333333333333
"6097",0.14
"6098",0.138333333333333
"6099",0.138333333333333
"6100",0.0216666666666667
"6101",0.0183333333333333
"6102",0.0216666666666667
"6103",0.02
"6104",0.02
"6105",0.0216666666666667
"6106",0.0183333333333333
"6107",0.0216666666666667
"6108",0.02
"6109",0.02
"6110",0.0233333333333333
"6111",0.02
"6112",0.0233333333333333
"6113",0.0216666666666667
"6114",0.0216666666666667
"6115",0.0216666666666667
"6116",0.0183333333333333
"6117",0.0216666666666667
"6118",0.02
"6119",0.02
"6120",0.14
"6121",0.136666666666667
"6122",0.138333333333333
"6123",0.138333333333333
"6124",0.138333333333333
"6125",0.14
"6126",0.136666666666667
"6127",0.138333333333333
"6128",0.138333333333333
"6129",0.138333333333333
"6130",0.14
"6131",0.136666666666667
"6132",0.138333333333333
"6133",0.138333333333333
"6134",0.138333333333333
"6135",0.14
"6136",0.136666666666667
"6137",0.138333333333333
"6138",0.138333333333333
"6139",0.138333333333333
"6140",0.141666666666667
"6141",0.138333333333333
"6142",0.14
"6143",0.14
"6144",0.14
"6145",0.14
"6146",0.136666666666667
"6147",0.138333333333333
"6148",0.138333333333333
"6149",0.138333333333333
"6150",0.141666666666667
"6151",0.138333333333333
"6152",0.14
"6153",0.14
"6154",0.14
"6155",0.141666666666667
"6156",0.138333333333333
"6157",0.14
"6158",0.14
"6159",0.14
"6160",0.14
"6161",0.136666666666667
"6162",0.141666666666667
"6163",0.138333333333333
"6164",0.138333333333333
"6165",0.14
"6166",0.136666666666667
"6167",0.138333333333333
"6168",0.138333333333333
"6169",0.138333333333333
"6170",0.145
"6171",0.141666666666667
"6172",0.138333333333333
"6173",0.143333333333333
"6174",0.143333333333333
"6175",0.145
"6176",0.141666666666667
"6177",0.138333333333333
"6178",0.143333333333333
"6179",0.143333333333333
"6180",0.145
"6181",0.141666666666667
"6182",0.138333333333333
"6183",0.143333333333333
"6184",0.143333333333333
"6185",0.138333333333333
"6186",0.136666666666667
"6187",0.136666666666667
"6188",0.136666666666667
"6189",0.136666666666667
"6190",0.136666666666667
"6191",0.135
"6192",0.135
"6193",0.135
"6194",0.135
"6195",0.138333333333333
"6196",0.136666666666667
"6197",0.136666666666667
"6198",0.136666666666667
"6199",0.136666666666667
"6200",0.138333333333333
"6201",0.136666666666667
"6202",0.136666666666667
"6203",0.136666666666667
"6204",0.136666666666667
"6205",0.1
"6206",0.0966666666666667
"6207",0.0933333333333333
"6208",0.0983333333333333
"6209",0.0983333333333333
"6210",0.0983333333333333
"6211",0.0983333333333333
"6212",0.0983333333333333
"6213",0.1
"6214",0.1
"6215",0.101666666666667
"6216",0.0983333333333333
"6217",0.095
"6218",0.1
"6219",0.1
"6220",0.101666666666667
"6221",0.0983333333333333
"6222",0.095
"6223",0.1
"6224",0.1
"6225",0.1
"6226",0.1
"6227",0.1
"6228",0.101666666666667
"6229",0.101666666666667
"6230",0.1
"6231",0.0966666666666667
"6232",0.0933333333333333
"6233",0.0983333333333333
"6234",0.0983333333333333
"6235",0.1
"6236",0.0966666666666667
"6237",0.0933333333333333
"6238",0.0983333333333333
"6239",0.0983333333333333
"6240",0.1
"6241",0.1
"6242",0.1
"6243",0.101666666666667
"6244",0.101666666666667
"6245",0.1
"6246",0.0966666666666667
"6247",0.1
"6248",0.0983333333333333
"6249",0.0983333333333333
"6250",0.1
"6251",0.0966666666666667
"6252",0.0933333333333333
"6253",0.0983333333333333
"6254",0.0983333333333333
"6255",0.1
"6256",0.0966666666666667
"6257",0.0933333333333333
"6258",0.0983333333333333
"6259",0.0983333333333333
"6260",0.1
"6261",0.0966666666666667
"6262",0.0933333333333333
"6263",0.0983333333333333
"6264",0.0983333333333333
"6265",0.0983333333333333
"6266",0.0983333333333333
"6267",0.0983333333333333
"6268",0.1
"6269",0.1
"6270",0.1
"6271",0.1
"6272",0.1
"6273",0.101666666666667
"6274",0.101666666666667
"6275",0.101666666666667
"6276",0.0983333333333333
"6277",0.095
"6278",0.1
"6279",0.1
"6280",0.1
"6281",0.0966666666666667
"6282",0.0933333333333333
"6283",0.0983333333333333
"6284",0.0983333333333333
"6285",0.1
"6286",0.0966666666666667
"6287",0.1
"6288",0.0983333333333333
"6289",0.0983333333333333
"6290",0.0966666666666667
"6291",0.0933333333333333
"6292",0.0966666666666667
"6293",0.095
"6294",0.095
"6295",0.1
"6296",0.1
"6297",0.1
"6298",0.101666666666667
"6299",0.101666666666667
"6300",0.0966666666666667
"6301",0.0933333333333333
"6302",0.0966666666666667
"6303",0.095
"6304",0.095
"6305",0.0966666666666667
"6306",0.0933333333333333
"6307",0.0966666666666667
"6308",0.095
"6309",0.095
"6310",0.0983333333333333
"6311",0.095
"6312",0.095
"6313",0.0966666666666667
"6314",0.0966666666666667
"6315",0.0983333333333333
"6316",0.0983333333333333
"6317",0.0983333333333333
"6318",0.1
"6319",0.1
"6320",0.1
"6321",0.0966666666666667
"6322",0.0933333333333333
"6323",0.0983333333333333
"6324",0.0983333333333333
"6325",0.1
"6326",0.0966666666666667
"6327",0.1
"6328",0.0983333333333333
"6329",0.0983333333333333
"6330",0.1
"6331",0.0966666666666667
"6332",0.1
"6333",0.0983333333333333
"6334",0.0983333333333333
"6335",0.1
"6336",0.0966666666666667
"6337",0.0933333333333333
"6338",0.0983333333333333
"6339",0.0983333333333333
"6340",0.133333333333333
"6341",0.131666666666667
"6342",0.133333333333333
"6343",0.131666666666667
"6344",0.131666666666667
"6345",0.118333333333333
"6346",0.118333333333333
"6347",0.115
"6348",0.116666666666667
"6349",0.116666666666667
"6350",0.12
"6351",0.12
"6352",0.115
"6353",0.118333333333333
"6354",0.118333333333333
"6355",0.121666666666667
"6356",0.118333333333333
"6357",0.115
"6358",0.12
"6359",0.12
"6360",0.0416666666666667
"6361",0.0383333333333333
"6362",0.0416666666666667
"6363",0.04
"6364",0.04
"6365",0.0416666666666667
"6366",0.0383333333333333
"6367",0.0416666666666667
"6368",0.04
"6369",0.04
"6370",0.0416666666666667
"6371",0.0383333333333333
"6372",0.0416666666666667
"6373",0.04
"6374",0.04
"6375",0.106666666666667
"6376",0.103333333333333
"6377",0.103333333333333
"6378",0.105
"6379",0.105
"6380",0.105
"6381",0.101666666666667
"6382",0.101666666666667
"6383",0.103333333333333
"6384",0.103333333333333
"6385",0.105
"6386",0.101666666666667
"6387",0.101666666666667
"6388",0.103333333333333
"6389",0.103333333333333
"6390",0.106666666666667
"6391",0.103333333333333
"6392",0.103333333333333
"6393",0.105
"6394",0.105
"6395",0.105
"6396",0.101666666666667
"6397",0.101666666666667
"6398",0.103333333333333
"6399",0.103333333333333
"6400",0.105
"6401",0.101666666666667
"6402",0.101666666666667
"6403",0.103333333333333
"6404",0.103333333333333
"6405",0.106666666666667
"6406",0.103333333333333
"6407",0.103333333333333
"6408",0.105
"6409",0.105
"6410",0.106666666666667
"6411",0.103333333333333
"6412",0.103333333333333
"6413",0.105
"6414",0.105
"6415",0.106666666666667
"6416",0.103333333333333
"6417",0.103333333333333
"6418",0.105
"6419",0.105
"6420",0.106666666666667
"6421",0.103333333333333
"6422",0.103333333333333
"6423",0.105
"6424",0.105
"6425",0.106666666666667
"6426",0.103333333333333
"6427",0.103333333333333
"6428",0.105
"6429",0.105
"6430",0.105
"6431",0.101666666666667
"6432",0.101666666666667
"6433",0.103333333333333
"6434",0.103333333333333
"6435",0.106666666666667
"6436",0.103333333333333
"6437",0.103333333333333
"6438",0.105
"6439",0.105
"6440",0.106666666666667
"6441",0.103333333333333
"6442",0.103333333333333
"6443",0.105
"6444",0.105
"6445",0.106666666666667
"6446",0.103333333333333
"6447",0.103333333333333
"6448",0.105
"6449",0.105
"6450",0.106666666666667
"6451",0.103333333333333
"6452",0.103333333333333
"6453",0.105
"6454",0.105
"6455",0.01
"6456",0.00666666666666667
"6457",0
"6458",0.00833333333333333
"6459",0.00833333333333333
"6460",0.0116666666666667
"6461",0.00833333333333333
"6462",0.00333333333333333
"6463",0.01
"6464",0.01
"6465",0.0116666666666667
"6466",0.00833333333333333
"6467",0.00166666666666667
"6468",0.01
"6469",0.01
"6470",0.0983333333333333
"6471",0.095
"6472",0.095
"6473",0.0966666666666667
"6474",0.0966666666666667
"6475",0.0983333333333333
"6476",0.095
"6477",0.095
"6478",0.0966666666666667
"6479",0.0966666666666667
"6480",0.0983333333333333
"6481",0.095
"6482",0.095
"6483",0.0966666666666667
"6484",0.0966666666666667
"6485",0.14
"6486",0.136666666666667
"6487",0.135
"6488",0.138333333333333
"6489",0.138333333333333
"6490",0.138333333333333
"6491",0.135
"6492",0.133333333333333
"6493",0.136666666666667
"6494",0.136666666666667
"6495",0.138333333333333
"6496",0.135
"6497",0.133333333333333
"6498",0.136666666666667
"6499",0.136666666666667
"6500",0.138333333333333
"6501",0.135
"6502",0.131666666666667
"6503",0.136666666666667
"6504",0.136666666666667
"6505",0.138333333333333
"6506",0.135
"6507",0.133333333333333
"6508",0.136666666666667
"6509",0.136666666666667
"6510",0.138333333333333
"6511",0.135
"6512",0.133333333333333
"6513",0.136666666666667
"6514",0.136666666666667
"6515",0.138333333333333
"6516",0.135
"6517",0.133333333333333
"6518",0.136666666666667
"6519",0.136666666666667
"6520",0.138333333333333
"6521",0.135
"6522",0.133333333333333
"6523",0.136666666666667
"6524",0.136666666666667
"6525",0.138333333333333
"6526",0.135
"6527",0.133333333333333
"6528",0.136666666666667
"6529",0.136666666666667
"6530",0.14
"6531",0.138333333333333
"6532",0.141666666666667
"6533",0.138333333333333
"6534",0.138333333333333
"6535",0.136666666666667
"6536",0.138333333333333
"6537",0.141666666666667
"6538",0.138333333333333
"6539",0.138333333333333
"6540",0.141666666666667
"6541",0.14
"6542",0.143333333333333
"6543",0.14
"6544",0.14
"6545",0.141666666666667
"6546",0.14
"6547",0.143333333333333
"6548",0.14
"6549",0.14
"6550",0.14
"6551",0.138333333333333
"6552",0.141666666666667
"6553",0.138333333333333
"6554",0.138333333333333
"6555",0.141666666666667
"6556",0.14
"6557",0.143333333333333
"6558",0.14
"6559",0.14
"6560",0.143333333333333
"6561",0.141666666666667
"6562",0.145
"6563",0.141666666666667
"6564",0.141666666666667
"6565",0.141666666666667
"6566",0.14
"6567",0.143333333333333
"6568",0.14
"6569",0.14
"6570",0.141666666666667
"6571",0.14
"6572",0.143333333333333
"6573",0.14
"6574",0.14
"6575",0.14
"6576",0.138333333333333
"6577",0.141666666666667
"6578",0.138333333333333
"6579",0.138333333333333
"6580",0.14
"6581",0.138333333333333
"6582",0.141666666666667
"6583",0.138333333333333
"6584",0.138333333333333
"6585",0.136666666666667
"6586",0.138333333333333
"6587",0.141666666666667
"6588",0.138333333333333
"6589",0.138333333333333
"6590",0.14
"6591",0.138333333333333
"6592",0.141666666666667
"6593",0.138333333333333
"6594",0.138333333333333
"6595",0.128333333333333
"6596",0.13
"6597",0.125
"6598",0.13
"6599",0.13
"6600",0.13
"6601",0.131666666666667
"6602",0.126666666666667
"6603",0.131666666666667
"6604",0.131666666666667
"6605",0.13
"6606",0.131666666666667
"6607",0.126666666666667
"6608",0.131666666666667
"6609",0.131666666666667
"6610",0.128333333333333
"6611",0.13
"6612",0.125
"6613",0.13
"6614",0.13
"6615",0.126666666666667
"6616",0.128333333333333
"6617",0.123333333333333
"6618",0.128333333333333
"6619",0.128333333333333
"6620",0.126666666666667
"6621",0.128333333333333
"6622",0.123333333333333
"6623",0.128333333333333
"6624",0.128333333333333
"6625",0.128333333333333
"6626",0.13
"6627",0.125
"6628",0.13
"6629",0.13
"6630",0.128333333333333
"6631",0.13
"6632",0.125
"6633",0.13
"6634",0.13
"6635",0.128333333333333
"6636",0.13
"6637",0.126666666666667
"6638",0.13
"6639",0.13
"6640",0.13
"6641",0.131666666666667
"6642",0.128333333333333
"6643",0.131666666666667
"6644",0.131666666666667
"6645",0.128333333333333
"6646",0.13
"6647",0.125
"6648",0.13
"6649",0.13
"6650",0.128333333333333
"6651",0.13
"6652",0.126666666666667
"6653",0.13
"6654",0.13
"6655",0.131666666666667
"6656",0.13
"6657",0.13
"6658",0.13
"6659",0.13
"6660",0.133333333333333
"6661",0.131666666666667
"6662",0.128333333333333
"6663",0.131666666666667
"6664",0.131666666666667
"6665",0.131666666666667
"6666",0.13
"6667",0.126666666666667
"6668",0.13
"6669",0.13
"6670",0.131666666666667
"6671",0.13
"6672",0.13
"6673",0.13
"6674",0.13
"6675",0.133333333333333
"6676",0.131666666666667
"6677",0.128333333333333
"6678",0.131666666666667
"6679",0.131666666666667
"6680",0.135
"6681",0.133333333333333
"6682",0.13
"6683",0.133333333333333
"6684",0.133333333333333
"6685",0.131666666666667
"6686",0.13
"6687",0.13
"6688",0.13
"6689",0.13
"6690",0.131666666666667
"6691",0.13
"6692",0.13
"6693",0.13
"6694",0.13
"6695",0.12
"6696",0.12
"6697",0.121666666666667
"6698",0.118333333333333
"6699",0.118333333333333
"6700",0.0933333333333333
"6701",0.0933333333333333
"6702",0.0966666666666667
"6703",0.0916666666666667
"6704",0.0916666666666667
"6705",0.1
"6706",0.103333333333333
"6707",0.106666666666667
"6708",0.101666666666667
"6709",0.101666666666667
"6710",0.126666666666667
"6711",0.125
"6712",0.121666666666667
"6713",0.125
"6714",0.125
"6715",0.126666666666667
"6716",0.125
"6717",0.121666666666667
"6718",0.125
"6719",0.125
"6720",0.135
"6721",0.131666666666667
"6722",0.131666666666667
"6723",0.133333333333333
"6724",0.133333333333333
"6725",0.135
"6726",0.131666666666667
"6727",0.131666666666667
"6728",0.133333333333333
"6729",0.133333333333333
"6730",0.135
"6731",0.131666666666667
"6732",0.131666666666667
"6733",0.133333333333333
"6734",0.133333333333333
"6735",0.135
"6736",0.131666666666667
"6737",0.131666666666667
"6738",0.133333333333333
"6739",0.133333333333333
"6740",0.135
"6741",0.131666666666667
"6742",0.131666666666667
"6743",0.133333333333333
"6744",0.133333333333333
"6745",0.135
"6746",0.131666666666667
"6747",0.131666666666667
"6748",0.133333333333333
"6749",0.133333333333333
"6750",0.135
"6751",0.131666666666667
"6752",0.131666666666667
"6753",0.133333333333333
"6754",0.133333333333333
"6755",0.135
"6756",0.131666666666667
"6757",0.131666666666667
"6758",0.133333333333333
"6759",0.133333333333333
"6760",0.135
"6761",0.131666666666667
"6762",0.131666666666667
"6763",0.133333333333333
"6764",0.133333333333333
"6765",0.133333333333333
"6766",0.13
"6767",0.13
"6768",0.131666666666667
"6769",0.131666666666667
"6770",0.135
"6771",0.131666666666667
"6772",0.131666666666667
"6773",0.133333333333333
"6774",0.133333333333333
"6775",0.135
"6776",0.131666666666667
"6777",0.131666666666667
"6778",0.133333333333333
"6779",0.133333333333333
"6780",0.00166666666666667
"6781",0.00166666666666667
"6782",0.00833333333333333
"6783",0
"6784",0
"6785",0.125
"6786",0.125
"6787",0.121666666666667
"6788",0.126666666666667
"6789",0.126666666666667
"6790",0.0966666666666667
"6791",0.0966666666666667
"6792",0.0966666666666667
"6793",0.0983333333333333
"6794",0.0983333333333333
"6795",0.0966666666666667
"6796",0.0966666666666667
"6797",0.0966666666666667
"6798",0.0983333333333333
"6799",0.0983333333333333
"6800",0.126666666666667
"6801",0.126666666666667
"6802",0.123333333333333
"6803",0.128333333333333
"6804",0.128333333333333
"6805",0.0216666666666667
"6806",0.0183333333333333
"6807",0.0216666666666667
"6808",0.02
"6809",0.02
"6810",0.14
"6811",0.136666666666667
"6812",0.138333333333333
"6813",0.138333333333333
"6814",0.138333333333333
"6815",0.121666666666667
"6816",0.121666666666667
"6817",0.118333333333333
"6818",0.12
"6819",0.12
"6820",0.121666666666667
"6821",0.118333333333333
"6822",0.115
"6823",0.12
"6824",0.12
"6825",0.121666666666667
"6826",0.118333333333333
"6827",0.115
"6828",0.12
"6829",0.12
"6830",0.123333333333333
"6831",0.12
"6832",0.115
"6833",0.121666666666667
"6834",0.121666666666667
"6835",0.12
"6836",0.12
"6837",0.116666666666667
"6838",0.118333333333333
"6839",0.118333333333333
"6840",0.106666666666667
"6841",0.103333333333333
"6842",0.103333333333333
"6843",0.105
"6844",0.105
"6845",0.108333333333333
"6846",0.105
"6847",0.105
"6848",0.106666666666667
"6849",0.106666666666667
"6850",0.106666666666667
"6851",0.103333333333333
"6852",0.103333333333333
"6853",0.105
"6854",0.105
"6855",0.106666666666667
"6856",0.103333333333333
"6857",0.103333333333333
"6858",0.105
"6859",0.105
"6860",0.106666666666667
"6861",0.103333333333333
"6862",0.103333333333333
"6863",0.105
"6864",0.105
"6865",0.105
"6866",0.101666666666667
"6867",0.101666666666667
"6868",0.103333333333333
"6869",0.103333333333333
"6870",0.00666666666666667
"6871",0.00333333333333333
"6872",0.005
"6873",0.005
"6874",0.005
"6875",0.00666666666666667
"6876",0.00333333333333333
"6877",0.005
"6878",0.005
"6879",0.005
