"","x"
"1",0.128333333333333
"2",0.116666666666667
"3",0.116666666666667
"4",0.12
"5",0.116666666666667
"6",0.116666666666667
"7",0.116666666666667
"8",0.116666666666667
"9",0.116666666666667
"10",0.128333333333333
"11",0.116666666666667
"12",0.116666666666667
"13",0.12
"14",0.116666666666667
"15",0.116666666666667
"16",0.116666666666667
"17",0.116666666666667
"18",0.116666666666667
"19",0.126666666666667
"20",0.115
"21",0.115
"22",0.121666666666667
"23",0.115
"24",0.115
"25",0.115
"26",0.115
"27",0.115
"28",0.128333333333333
"29",0.116666666666667
"30",0.116666666666667
"31",0.12
"32",0.116666666666667
"33",0.116666666666667
"34",0.116666666666667
"35",0.116666666666667
"36",0.116666666666667
"37",0.128333333333333
"38",0.116666666666667
"39",0.116666666666667
"40",0.12
"41",0.116666666666667
"42",0.116666666666667
"43",0.116666666666667
"44",0.116666666666667
"45",0.116666666666667
"46",0.108333333333333
"47",0.106666666666667
"48",0.106666666666667
"49",0.115
"50",0.106666666666667
"51",0.106666666666667
"52",0.106666666666667
"53",0.106666666666667
"54",0.106666666666667
"55",0.11
"56",0.108333333333333
"57",0.108333333333333
"58",0.116666666666667
"59",0.108333333333333
"60",0.108333333333333
"61",0.108333333333333
"62",0.108333333333333
"63",0.108333333333333
"64",0.11
"65",0.108333333333333
"66",0.108333333333333
"67",0.113333333333333
"68",0.108333333333333
"69",0.108333333333333
"70",0.108333333333333
"71",0.108333333333333
"72",0.108333333333333
"73",0.11
"74",0.108333333333333
"75",0.108333333333333
"76",0.116666666666667
"77",0.108333333333333
"78",0.108333333333333
"79",0.108333333333333
"80",0.108333333333333
"81",0.108333333333333
"82",0.108333333333333
"83",0.106666666666667
"84",0.106666666666667
"85",0.115
"86",0.106666666666667
"87",0.106666666666667
"88",0.106666666666667
"89",0.106666666666667
"90",0.106666666666667
"91",0.11
"92",0.108333333333333
"93",0.108333333333333
"94",0.116666666666667
"95",0.108333333333333
"96",0.108333333333333
"97",0.108333333333333
"98",0.108333333333333
"99",0.108333333333333
"100",0.11
"101",0.108333333333333
"102",0.108333333333333
"103",0.116666666666667
"104",0.108333333333333
"105",0.108333333333333
"106",0.108333333333333
"107",0.108333333333333
"108",0.108333333333333
"109",0.111666666666667
"110",0.11
"111",0.11
"112",0.115
"113",0.11
"114",0.11
"115",0.11
"116",0.11
"117",0.11
"118",0.11
"119",0.108333333333333
"120",0.108333333333333
"121",0.113333333333333
"122",0.108333333333333
"123",0.108333333333333
"124",0.108333333333333
"125",0.108333333333333
"126",0.108333333333333
"127",0.108333333333333
"128",0.106666666666667
"129",0.106666666666667
"130",0.115
"131",0.106666666666667
"132",0.106666666666667
"133",0.106666666666667
"134",0.106666666666667
"135",0.106666666666667
"136",0.11
"137",0.108333333333333
"138",0.108333333333333
"139",0.113333333333333
"140",0.108333333333333
"141",0.108333333333333
"142",0.108333333333333
"143",0.108333333333333
"144",0.108333333333333
"145",0.108333333333333
"146",0.106666666666667
"147",0.106666666666667
"148",0.115
"149",0.106666666666667
"150",0.106666666666667
"151",0.106666666666667
"152",0.106666666666667
"153",0.106666666666667
"154",0.11
"155",0.108333333333333
"156",0.108333333333333
"157",0.116666666666667
"158",0.108333333333333
"159",0.108333333333333
"160",0.108333333333333
"161",0.108333333333333
"162",0.108333333333333
"163",0.11
"164",0.108333333333333
"165",0.108333333333333
"166",0.116666666666667
"167",0.108333333333333
"168",0.108333333333333
"169",0.108333333333333
"170",0.108333333333333
"171",0.108333333333333
"172",0.11
"173",0.108333333333333
"174",0.108333333333333
"175",0.113333333333333
"176",0.108333333333333
"177",0.108333333333333
"178",0.108333333333333
"179",0.108333333333333
"180",0.108333333333333
"181",0.11
"182",0.108333333333333
"183",0.108333333333333
"184",0.113333333333333
"185",0.108333333333333
"186",0.108333333333333
"187",0.108333333333333
"188",0.108333333333333
"189",0.108333333333333
"190",0.13
"191",0.126666666666667
"192",0.126666666666667
"193",0.133333333333333
"194",0.126666666666667
"195",0.126666666666667
"196",0.126666666666667
"197",0.126666666666667
"198",0.126666666666667
"199",0.131666666666667
"200",0.128333333333333
"201",0.128333333333333
"202",0.135
"203",0.128333333333333
"204",0.128333333333333
"205",0.128333333333333
"206",0.128333333333333
"207",0.128333333333333
"208",0.13
"209",0.126666666666667
"210",0.126666666666667
"211",0.133333333333333
"212",0.126666666666667
"213",0.126666666666667
"214",0.126666666666667
"215",0.126666666666667
"216",0.126666666666667
"217",0.128333333333333
"218",0.125
"219",0.125
"220",0.131666666666667
"221",0.125
"222",0.125
"223",0.125
"224",0.125
"225",0.125
"226",0.131666666666667
"227",0.128333333333333
"228",0.128333333333333
"229",0.135
"230",0.128333333333333
"231",0.128333333333333
"232",0.128333333333333
"233",0.128333333333333
"234",0.128333333333333
"235",0.128333333333333
"236",0.128333333333333
"237",0.128333333333333
"238",0.133333333333333
"239",0.128333333333333
"240",0.128333333333333
"241",0.128333333333333
"242",0.128333333333333
"243",0.128333333333333
"244",0.13
"245",0.126666666666667
"246",0.126666666666667
"247",0.133333333333333
"248",0.126666666666667
"249",0.126666666666667
"250",0.126666666666667
"251",0.126666666666667
"252",0.126666666666667
"253",0.13
"254",0.126666666666667
"255",0.126666666666667
"256",0.133333333333333
"257",0.126666666666667
"258",0.126666666666667
"259",0.126666666666667
"260",0.126666666666667
"261",0.126666666666667
"262",0.13
"263",0.126666666666667
"264",0.126666666666667
"265",0.133333333333333
"266",0.126666666666667
"267",0.126666666666667
"268",0.126666666666667
"269",0.126666666666667
"270",0.126666666666667
"271",0.128333333333333
"272",0.125
"273",0.125
"274",0.131666666666667
"275",0.125
"276",0.125
"277",0.125
"278",0.125
"279",0.125
"280",0.13
"281",0.126666666666667
"282",0.126666666666667
"283",0.133333333333333
"284",0.126666666666667
"285",0.126666666666667
"286",0.126666666666667
"287",0.126666666666667
"288",0.126666666666667
"289",0.13
"290",0.126666666666667
"291",0.126666666666667
"292",0.133333333333333
"293",0.126666666666667
"294",0.126666666666667
"295",0.126666666666667
"296",0.126666666666667
"297",0.126666666666667
"298",0.13
"299",0.126666666666667
"300",0.126666666666667
"301",0.133333333333333
"302",0.126666666666667
"303",0.126666666666667
"304",0.126666666666667
"305",0.126666666666667
"306",0.126666666666667
"307",0.13
"308",0.126666666666667
"309",0.126666666666667
"310",0.133333333333333
"311",0.126666666666667
"312",0.126666666666667
"313",0.126666666666667
"314",0.126666666666667
"315",0.126666666666667
"316",0.13
"317",0.126666666666667
"318",0.126666666666667
"319",0.133333333333333
"320",0.126666666666667
"321",0.126666666666667
"322",0.126666666666667
"323",0.126666666666667
"324",0.126666666666667
"325",0.13
"326",0.126666666666667
"327",0.126666666666667
"328",0.133333333333333
"329",0.126666666666667
"330",0.126666666666667
"331",0.126666666666667
"332",0.126666666666667
"333",0.126666666666667
"334",0.128333333333333
"335",0.125
"336",0.125
"337",0.131666666666667
"338",0.125
"339",0.125
"340",0.125
"341",0.125
"342",0.125
"343",0.13
"344",0.126666666666667
"345",0.126666666666667
"346",0.133333333333333
"347",0.126666666666667
"348",0.126666666666667
"349",0.126666666666667
"350",0.126666666666667
"351",0.126666666666667
"352",0.13
"353",0.126666666666667
"354",0.126666666666667
"355",0.133333333333333
"356",0.126666666666667
"357",0.126666666666667
"358",0.126666666666667
"359",0.126666666666667
"360",0.126666666666667
"361",0.128333333333333
"362",0.125
"363",0.125
"364",0.131666666666667
"365",0.125
"366",0.125
"367",0.125
"368",0.125
"369",0.125
"370",0.13
"371",0.126666666666667
"372",0.126666666666667
"373",0.133333333333333
"374",0.126666666666667
"375",0.126666666666667
"376",0.126666666666667
"377",0.126666666666667
"378",0.126666666666667
"379",0.13
"380",0.126666666666667
"381",0.126666666666667
"382",0.133333333333333
"383",0.126666666666667
"384",0.126666666666667
"385",0.126666666666667
"386",0.126666666666667
"387",0.126666666666667
"388",0.13
"389",0.126666666666667
"390",0.126666666666667
"391",0.133333333333333
"392",0.126666666666667
"393",0.126666666666667
"394",0.126666666666667
"395",0.126666666666667
"396",0.126666666666667
"397",0.13
"398",0.126666666666667
"399",0.126666666666667
"400",0.133333333333333
"401",0.126666666666667
"402",0.126666666666667
"403",0.126666666666667
"404",0.126666666666667
"405",0.126666666666667
"406",0.13
"407",0.126666666666667
"408",0.126666666666667
"409",0.133333333333333
"410",0.126666666666667
"411",0.126666666666667
"412",0.126666666666667
"413",0.126666666666667
"414",0.126666666666667
"415",0.131666666666667
"416",0.128333333333333
"417",0.128333333333333
"418",0.135
"419",0.128333333333333
"420",0.128333333333333
"421",0.128333333333333
"422",0.128333333333333
"423",0.128333333333333
"424",0.131666666666667
"425",0.128333333333333
"426",0.128333333333333
"427",0.133333333333333
"428",0.128333333333333
"429",0.128333333333333
"430",0.128333333333333
"431",0.128333333333333
"432",0.128333333333333
"433",0.13
"434",0.126666666666667
"435",0.126666666666667
"436",0.133333333333333
"437",0.126666666666667
"438",0.126666666666667
"439",0.126666666666667
"440",0.126666666666667
"441",0.126666666666667
"442",0.13
"443",0.126666666666667
"444",0.126666666666667
"445",0.133333333333333
"446",0.126666666666667
"447",0.126666666666667
"448",0.126666666666667
"449",0.126666666666667
"450",0.126666666666667
"451",0.131666666666667
"452",0.128333333333333
"453",0.128333333333333
"454",0.135
"455",0.128333333333333
"456",0.128333333333333
"457",0.128333333333333
"458",0.128333333333333
"459",0.128333333333333
"460",0.13
"461",0.126666666666667
"462",0.126666666666667
"463",0.133333333333333
"464",0.126666666666667
"465",0.126666666666667
"466",0.126666666666667
"467",0.126666666666667
"468",0.126666666666667
"469",0.13
"470",0.126666666666667
"471",0.126666666666667
"472",0.133333333333333
"473",0.126666666666667
"474",0.126666666666667
"475",0.126666666666667
"476",0.126666666666667
"477",0.126666666666667
"478",0.13
"479",0.126666666666667
"480",0.126666666666667
"481",0.133333333333333
"482",0.126666666666667
"483",0.126666666666667
"484",0.126666666666667
"485",0.126666666666667
"486",0.126666666666667
"487",0.13
"488",0.126666666666667
"489",0.126666666666667
"490",0.133333333333333
"491",0.126666666666667
"492",0.126666666666667
"493",0.126666666666667
"494",0.126666666666667
"495",0.126666666666667
"496",0.128333333333333
"497",0.125
"498",0.125
"499",0.131666666666667
"500",0.125
"501",0.125
"502",0.125
"503",0.125
"504",0.125
"505",0.131666666666667
"506",0.128333333333333
"507",0.128333333333333
"508",0.135
"509",0.128333333333333
"510",0.128333333333333
"511",0.128333333333333
"512",0.128333333333333
"513",0.128333333333333
"514",0.13
"515",0.126666666666667
"516",0.126666666666667
"517",0.133333333333333
"518",0.126666666666667
"519",0.126666666666667
"520",0.126666666666667
"521",0.126666666666667
"522",0.126666666666667
"523",0.13
"524",0.126666666666667
"525",0.126666666666667
"526",0.133333333333333
"527",0.126666666666667
"528",0.126666666666667
"529",0.126666666666667
"530",0.126666666666667
"531",0.126666666666667
"532",0.13
"533",0.126666666666667
"534",0.126666666666667
"535",0.133333333333333
"536",0.126666666666667
"537",0.126666666666667
"538",0.126666666666667
"539",0.126666666666667
"540",0.126666666666667
"541",0.13
"542",0.126666666666667
"543",0.126666666666667
"544",0.133333333333333
"545",0.126666666666667
"546",0.126666666666667
"547",0.126666666666667
"548",0.126666666666667
"549",0.126666666666667
"550",0.13
"551",0.126666666666667
"552",0.126666666666667
"553",0.133333333333333
"554",0.126666666666667
"555",0.126666666666667
"556",0.126666666666667
"557",0.126666666666667
"558",0.126666666666667
"559",0.13
"560",0.126666666666667
"561",0.126666666666667
"562",0.133333333333333
"563",0.126666666666667
"564",0.126666666666667
"565",0.126666666666667
"566",0.126666666666667
"567",0.126666666666667
"568",0.13
"569",0.126666666666667
"570",0.126666666666667
"571",0.133333333333333
"572",0.126666666666667
"573",0.126666666666667
"574",0.126666666666667
"575",0.126666666666667
"576",0.126666666666667
"577",0.128333333333333
"578",0.125
"579",0.125
"580",0.135
"581",0.125
"582",0.125
"583",0.125
"584",0.125
"585",0.125
"586",0.131666666666667
"587",0.128333333333333
"588",0.128333333333333
"589",0.131666666666667
"590",0.128333333333333
"591",0.128333333333333
"592",0.128333333333333
"593",0.128333333333333
"594",0.128333333333333
"595",0.13
"596",0.126666666666667
"597",0.126666666666667
"598",0.133333333333333
"599",0.126666666666667
"600",0.126666666666667
"601",0.126666666666667
"602",0.126666666666667
"603",0.126666666666667
"604",0.131666666666667
"605",0.128333333333333
"606",0.128333333333333
"607",0.135
"608",0.128333333333333
"609",0.128333333333333
"610",0.128333333333333
"611",0.128333333333333
"612",0.128333333333333
"613",0.13
"614",0.126666666666667
"615",0.126666666666667
"616",0.133333333333333
"617",0.126666666666667
"618",0.126666666666667
"619",0.126666666666667
"620",0.126666666666667
"621",0.126666666666667
"622",0.13
"623",0.126666666666667
"624",0.126666666666667
"625",0.133333333333333
"626",0.126666666666667
"627",0.126666666666667
"628",0.126666666666667
"629",0.126666666666667
"630",0.126666666666667
"631",0.13
"632",0.126666666666667
"633",0.126666666666667
"634",0.133333333333333
"635",0.126666666666667
"636",0.126666666666667
"637",0.126666666666667
"638",0.126666666666667
"639",0.126666666666667
"640",0.121666666666667
"641",0.111666666666667
"642",0.111666666666667
"643",0.116666666666667
"644",0.111666666666667
"645",0.111666666666667
"646",0.111666666666667
"647",0.111666666666667
"648",0.111666666666667
"649",0.108333333333333
"650",0.106666666666667
"651",0.106666666666667
"652",0.11
"653",0.106666666666667
"654",0.106666666666667
"655",0.106666666666667
"656",0.106666666666667
"657",0.106666666666667
"658",0.108333333333333
"659",0.106666666666667
"660",0.106666666666667
"661",0.11
"662",0.106666666666667
"663",0.106666666666667
"664",0.106666666666667
"665",0.106666666666667
"666",0.106666666666667
"667",0.108333333333333
"668",0.106666666666667
"669",0.106666666666667
"670",0.11
"671",0.106666666666667
"672",0.106666666666667
"673",0.106666666666667
"674",0.106666666666667
"675",0.106666666666667
"676",0.108333333333333
"677",0.106666666666667
"678",0.106666666666667
"679",0.11
"680",0.106666666666667
"681",0.106666666666667
"682",0.106666666666667
"683",0.106666666666667
"684",0.106666666666667
"685",0.11
"686",0.108333333333333
"687",0.108333333333333
"688",0.111666666666667
"689",0.108333333333333
"690",0.108333333333333
"691",0.108333333333333
"692",0.108333333333333
"693",0.108333333333333
"694",0.108333333333333
"695",0.106666666666667
"696",0.106666666666667
"697",0.11
"698",0.106666666666667
"699",0.106666666666667
"700",0.106666666666667
"701",0.106666666666667
"702",0.106666666666667
"703",0.11
"704",0.108333333333333
"705",0.108333333333333
"706",0.111666666666667
"707",0.108333333333333
"708",0.108333333333333
"709",0.108333333333333
"710",0.108333333333333
"711",0.108333333333333
"712",0.108333333333333
"713",0.106666666666667
"714",0.106666666666667
"715",0.11
"716",0.106666666666667
"717",0.106666666666667
"718",0.106666666666667
"719",0.106666666666667
"720",0.106666666666667
"721",0.108333333333333
"722",0.106666666666667
"723",0.106666666666667
"724",0.11
"725",0.106666666666667
"726",0.106666666666667
"727",0.106666666666667
"728",0.106666666666667
"729",0.106666666666667
"730",0.108333333333333
"731",0.106666666666667
"732",0.106666666666667
"733",0.11
"734",0.106666666666667
"735",0.106666666666667
"736",0.106666666666667
"737",0.106666666666667
"738",0.106666666666667
"739",0.108333333333333
"740",0.106666666666667
"741",0.106666666666667
"742",0.11
"743",0.106666666666667
"744",0.106666666666667
"745",0.106666666666667
"746",0.106666666666667
"747",0.106666666666667
"748",0.108333333333333
"749",0.106666666666667
"750",0.106666666666667
"751",0.11
"752",0.106666666666667
"753",0.106666666666667
"754",0.106666666666667
"755",0.106666666666667
"756",0.106666666666667
"757",0.108333333333333
"758",0.106666666666667
"759",0.106666666666667
"760",0.11
"761",0.106666666666667
"762",0.106666666666667
"763",0.106666666666667
"764",0.106666666666667
"765",0.106666666666667
"766",0.108333333333333
"767",0.106666666666667
"768",0.106666666666667
"769",0.11
"770",0.106666666666667
"771",0.106666666666667
"772",0.106666666666667
"773",0.106666666666667
"774",0.106666666666667
"775",0.108333333333333
"776",0.106666666666667
"777",0.106666666666667
"778",0.11
"779",0.106666666666667
"780",0.106666666666667
"781",0.106666666666667
"782",0.106666666666667
"783",0.106666666666667
"784",0.108333333333333
"785",0.106666666666667
"786",0.106666666666667
"787",0.11
"788",0.106666666666667
"789",0.106666666666667
"790",0.106666666666667
"791",0.106666666666667
"792",0.106666666666667
"793",0.108333333333333
"794",0.106666666666667
"795",0.106666666666667
"796",0.11
"797",0.106666666666667
"798",0.106666666666667
"799",0.106666666666667
"800",0.106666666666667
"801",0.106666666666667
"802",0.108333333333333
"803",0.106666666666667
"804",0.106666666666667
"805",0.11
"806",0.106666666666667
"807",0.106666666666667
"808",0.106666666666667
"809",0.106666666666667
"810",0.106666666666667
"811",0.108333333333333
"812",0.106666666666667
"813",0.106666666666667
"814",0.11
"815",0.106666666666667
"816",0.106666666666667
"817",0.106666666666667
"818",0.106666666666667
"819",0.106666666666667
"820",0.108333333333333
"821",0.106666666666667
"822",0.106666666666667
"823",0.11
"824",0.106666666666667
"825",0.106666666666667
"826",0.106666666666667
"827",0.106666666666667
"828",0.106666666666667
"829",0.108333333333333
"830",0.106666666666667
"831",0.106666666666667
"832",0.11
"833",0.106666666666667
"834",0.106666666666667
"835",0.106666666666667
"836",0.106666666666667
"837",0.106666666666667
"838",0.108333333333333
"839",0.106666666666667
"840",0.106666666666667
"841",0.11
"842",0.106666666666667
"843",0.106666666666667
"844",0.106666666666667
"845",0.106666666666667
"846",0.106666666666667
"847",0.108333333333333
"848",0.106666666666667
"849",0.106666666666667
"850",0.11
"851",0.106666666666667
"852",0.106666666666667
"853",0.106666666666667
"854",0.106666666666667
"855",0.106666666666667
"856",0.108333333333333
"857",0.106666666666667
"858",0.106666666666667
"859",0.11
"860",0.106666666666667
"861",0.106666666666667
"862",0.106666666666667
"863",0.106666666666667
"864",0.106666666666667
"865",0.108333333333333
"866",0.106666666666667
"867",0.106666666666667
"868",0.11
"869",0.106666666666667
"870",0.106666666666667
"871",0.106666666666667
"872",0.106666666666667
"873",0.106666666666667
"874",0.108333333333333
"875",0.106666666666667
"876",0.106666666666667
"877",0.11
"878",0.106666666666667
"879",0.106666666666667
"880",0.106666666666667
"881",0.106666666666667
"882",0.106666666666667
"883",0.108333333333333
"884",0.106666666666667
"885",0.106666666666667
"886",0.11
"887",0.106666666666667
"888",0.106666666666667
"889",0.106666666666667
"890",0.106666666666667
"891",0.106666666666667
"892",0.153333333333333
"893",0.15
"894",0.15
"895",0.153333333333333
"896",0.15
"897",0.15
"898",0.15
"899",0.15
"900",0.15
"901",0.153333333333333
"902",0.15
"903",0.15
"904",0.153333333333333
"905",0.15
"906",0.15
"907",0.15
"908",0.15
"909",0.15
"910",0.15
"911",0.146666666666667
"912",0.146666666666667
"913",0.153333333333333
"914",0.146666666666667
"915",0.146666666666667
"916",0.146666666666667
"917",0.146666666666667
"918",0.146666666666667
"919",0.15
"920",0.146666666666667
"921",0.146666666666667
"922",0.153333333333333
"923",0.146666666666667
"924",0.146666666666667
"925",0.146666666666667
"926",0.146666666666667
"927",0.146666666666667
"928",0.131666666666667
"929",0.131666666666667
"930",0.131666666666667
"931",0.131666666666667
"932",0.131666666666667
"933",0.131666666666667
"934",0.131666666666667
"935",0.131666666666667
"936",0.131666666666667
"937",0.131666666666667
"938",0.131666666666667
"939",0.131666666666667
"940",0.131666666666667
"941",0.131666666666667
"942",0.131666666666667
"943",0.131666666666667
"944",0.131666666666667
"945",0.131666666666667
"946",0.133333333333333
"947",0.133333333333333
"948",0.133333333333333
"949",0.133333333333333
"950",0.133333333333333
"951",0.133333333333333
"952",0.133333333333333
"953",0.133333333333333
"954",0.133333333333333
"955",0.131666666666667
"956",0.131666666666667
"957",0.131666666666667
"958",0.131666666666667
"959",0.131666666666667
"960",0.131666666666667
"961",0.131666666666667
"962",0.131666666666667
"963",0.131666666666667
"964",0.131666666666667
"965",0.131666666666667
"966",0.131666666666667
"967",0.131666666666667
"968",0.131666666666667
"969",0.131666666666667
"970",0.131666666666667
"971",0.131666666666667
"972",0.131666666666667
"973",0.131666666666667
"974",0.131666666666667
"975",0.131666666666667
"976",0.131666666666667
"977",0.131666666666667
"978",0.131666666666667
"979",0.131666666666667
"980",0.131666666666667
"981",0.131666666666667
"982",0.135
"983",0.135
"984",0.135
"985",0.136666666666667
"986",0.135
"987",0.135
"988",0.135
"989",0.135
"990",0.135
"991",0.131666666666667
"992",0.131666666666667
"993",0.131666666666667
"994",0.131666666666667
"995",0.131666666666667
"996",0.131666666666667
"997",0.131666666666667
"998",0.131666666666667
"999",0.131666666666667
"1000",0.131666666666667
"1001",0.131666666666667
"1002",0.131666666666667
"1003",0.131666666666667
"1004",0.131666666666667
"1005",0.131666666666667
"1006",0.131666666666667
"1007",0.131666666666667
"1008",0.131666666666667
"1009",0.131666666666667
"1010",0.131666666666667
"1011",0.131666666666667
"1012",0.131666666666667
"1013",0.131666666666667
"1014",0.131666666666667
"1015",0.131666666666667
"1016",0.131666666666667
"1017",0.131666666666667
"1018",0.131666666666667
"1019",0.131666666666667
"1020",0.131666666666667
"1021",0.131666666666667
"1022",0.131666666666667
"1023",0.131666666666667
"1024",0.131666666666667
"1025",0.131666666666667
"1026",0.131666666666667
"1027",0.135
"1028",0.135
"1029",0.135
"1030",0.136666666666667
"1031",0.135
"1032",0.135
"1033",0.135
"1034",0.135
"1035",0.135
"1036",0.131666666666667
"1037",0.131666666666667
"1038",0.131666666666667
"1039",0.131666666666667
"1040",0.131666666666667
"1041",0.131666666666667
"1042",0.131666666666667
"1043",0.131666666666667
"1044",0.131666666666667
"1045",0.133333333333333
"1046",0.133333333333333
"1047",0.133333333333333
"1048",0.133333333333333
"1049",0.133333333333333
"1050",0.133333333333333
"1051",0.133333333333333
"1052",0.133333333333333
"1053",0.133333333333333
"1054",0.135
"1055",0.135
"1056",0.135
"1057",0.136666666666667
"1058",0.135
"1059",0.135
"1060",0.135
"1061",0.135
"1062",0.135
"1063",0.131666666666667
"1064",0.131666666666667
"1065",0.131666666666667
"1066",0.131666666666667
"1067",0.131666666666667
"1068",0.131666666666667
"1069",0.131666666666667
"1070",0.131666666666667
"1071",0.131666666666667
"1072",0.135
"1073",0.135
"1074",0.135
"1075",0.136666666666667
"1076",0.135
"1077",0.135
"1078",0.135
"1079",0.135
"1080",0.135
"1081",0.135
"1082",0.135
"1083",0.135
"1084",0.136666666666667
"1085",0.135
"1086",0.135
"1087",0.135
"1088",0.135
"1089",0.135
"1090",0.135
"1091",0.135
"1092",0.135
"1093",0.136666666666667
"1094",0.135
"1095",0.135
"1096",0.135
"1097",0.135
"1098",0.135
"1099",0.131666666666667
"1100",0.131666666666667
"1101",0.131666666666667
"1102",0.131666666666667
"1103",0.131666666666667
"1104",0.131666666666667
"1105",0.131666666666667
"1106",0.131666666666667
"1107",0.131666666666667
"1108",0.131666666666667
"1109",0.131666666666667
"1110",0.131666666666667
"1111",0.131666666666667
"1112",0.131666666666667
"1113",0.131666666666667
"1114",0.131666666666667
"1115",0.131666666666667
"1116",0.131666666666667
"1117",0.131666666666667
"1118",0.131666666666667
"1119",0.131666666666667
"1120",0.131666666666667
"1121",0.131666666666667
"1122",0.131666666666667
"1123",0.131666666666667
"1124",0.131666666666667
"1125",0.131666666666667
"1126",0.131666666666667
"1127",0.131666666666667
"1128",0.131666666666667
"1129",0.131666666666667
"1130",0.131666666666667
"1131",0.131666666666667
"1132",0.131666666666667
"1133",0.131666666666667
"1134",0.131666666666667
"1135",0.131666666666667
"1136",0.131666666666667
"1137",0.131666666666667
"1138",0.131666666666667
"1139",0.131666666666667
"1140",0.131666666666667
"1141",0.131666666666667
"1142",0.131666666666667
"1143",0.131666666666667
"1144",0.135
"1145",0.135
"1146",0.135
"1147",0.136666666666667
"1148",0.135
"1149",0.135
"1150",0.135
"1151",0.135
"1152",0.135
"1153",0.131666666666667
"1154",0.131666666666667
"1155",0.131666666666667
"1156",0.131666666666667
"1157",0.131666666666667
"1158",0.131666666666667
"1159",0.131666666666667
"1160",0.131666666666667
"1161",0.131666666666667
"1162",0.131666666666667
"1163",0.131666666666667
"1164",0.131666666666667
"1165",0.131666666666667
"1166",0.131666666666667
"1167",0.131666666666667
"1168",0.131666666666667
"1169",0.131666666666667
"1170",0.131666666666667
"1171",0.136666666666667
"1172",0.136666666666667
"1173",0.136666666666667
"1174",0.138333333333333
"1175",0.136666666666667
"1176",0.136666666666667
"1177",0.136666666666667
"1178",0.136666666666667
"1179",0.136666666666667
"1180",0.135
"1181",0.135
"1182",0.135
"1183",0.136666666666667
"1184",0.135
"1185",0.135
"1186",0.135
"1187",0.135
"1188",0.135
"1189",0.133333333333333
"1190",0.133333333333333
"1191",0.133333333333333
"1192",0.133333333333333
"1193",0.133333333333333
"1194",0.133333333333333
"1195",0.133333333333333
"1196",0.133333333333333
"1197",0.133333333333333
"1198",0.131666666666667
"1199",0.131666666666667
"1200",0.131666666666667
"1201",0.131666666666667
"1202",0.131666666666667
"1203",0.131666666666667
"1204",0.131666666666667
"1205",0.131666666666667
"1206",0.131666666666667
"1207",0.131666666666667
"1208",0.131666666666667
"1209",0.131666666666667
"1210",0.131666666666667
"1211",0.131666666666667
"1212",0.131666666666667
"1213",0.131666666666667
"1214",0.131666666666667
"1215",0.131666666666667
"1216",0.131666666666667
"1217",0.131666666666667
"1218",0.131666666666667
"1219",0.131666666666667
"1220",0.131666666666667
"1221",0.131666666666667
"1222",0.131666666666667
"1223",0.131666666666667
"1224",0.131666666666667
"1225",0.131666666666667
"1226",0.131666666666667
"1227",0.131666666666667
"1228",0.131666666666667
"1229",0.131666666666667
"1230",0.131666666666667
"1231",0.131666666666667
"1232",0.131666666666667
"1233",0.131666666666667
"1234",0.135
"1235",0.135
"1236",0.135
"1237",0.136666666666667
"1238",0.135
"1239",0.135
"1240",0.135
"1241",0.135
"1242",0.135
"1243",0.131666666666667
"1244",0.131666666666667
"1245",0.131666666666667
"1246",0.131666666666667
"1247",0.131666666666667
"1248",0.131666666666667
"1249",0.131666666666667
"1250",0.131666666666667
"1251",0.131666666666667
"1252",0.131666666666667
"1253",0.131666666666667
"1254",0.131666666666667
"1255",0.131666666666667
"1256",0.131666666666667
"1257",0.131666666666667
"1258",0.131666666666667
"1259",0.131666666666667
"1260",0.131666666666667
"1261",0.135
"1262",0.135
"1263",0.135
"1264",0.136666666666667
"1265",0.135
"1266",0.135
"1267",0.135
"1268",0.135
"1269",0.135
"1270",0.131666666666667
"1271",0.131666666666667
"1272",0.131666666666667
"1273",0.131666666666667
"1274",0.131666666666667
"1275",0.131666666666667
"1276",0.131666666666667
"1277",0.131666666666667
"1278",0.131666666666667
"1279",0.131666666666667
"1280",0.131666666666667
"1281",0.131666666666667
"1282",0.131666666666667
"1283",0.131666666666667
"1284",0.131666666666667
"1285",0.131666666666667
"1286",0.131666666666667
"1287",0.131666666666667
"1288",0.135
"1289",0.135
"1290",0.135
"1291",0.136666666666667
"1292",0.135
"1293",0.135
"1294",0.135
"1295",0.135
"1296",0.135
"1297",0.135
"1298",0.131666666666667
"1299",0.131666666666667
"1300",0.136666666666667
"1301",0.131666666666667
"1302",0.131666666666667
"1303",0.131666666666667
"1304",0.131666666666667
"1305",0.131666666666667
"1306",0.135
"1307",0.135
"1308",0.135
"1309",0.136666666666667
"1310",0.135
"1311",0.135
"1312",0.135
"1313",0.135
"1314",0.135
"1315",0.135
"1316",0.135
"1317",0.135
"1318",0.136666666666667
"1319",0.135
"1320",0.135
"1321",0.135
"1322",0.135
"1323",0.135
"1324",0.13
"1325",0.121666666666667
"1326",0.121666666666667
"1327",0.121666666666667
"1328",0.121666666666667
"1329",0.121666666666667
"1330",0.121666666666667
"1331",0.121666666666667
"1332",0.121666666666667
"1333",0.128333333333333
"1334",0.123333333333333
"1335",0.123333333333333
"1336",0.126666666666667
"1337",0.123333333333333
"1338",0.123333333333333
"1339",0.123333333333333
"1340",0.123333333333333
"1341",0.123333333333333
"1342",0.131666666666667
"1343",0.123333333333333
"1344",0.123333333333333
"1345",0.126666666666667
"1346",0.123333333333333
"1347",0.123333333333333
"1348",0.123333333333333
"1349",0.123333333333333
"1350",0.123333333333333
"1351",0.126666666666667
"1352",0.121666666666667
"1353",0.121666666666667
"1354",0.125
"1355",0.121666666666667
"1356",0.121666666666667
"1357",0.121666666666667
"1358",0.121666666666667
"1359",0.121666666666667
"1360",0.13
"1361",0.121666666666667
"1362",0.121666666666667
"1363",0.125
"1364",0.121666666666667
"1365",0.121666666666667
"1366",0.121666666666667
"1367",0.121666666666667
"1368",0.121666666666667
"1369",0.133333333333333
"1370",0.125
"1371",0.125
"1372",0.121666666666667
"1373",0.125
"1374",0.125
"1375",0.125
"1376",0.125
"1377",0.125
"1378",0.128333333333333
"1379",0.123333333333333
"1380",0.123333333333333
"1381",0.123333333333333
"1382",0.123333333333333
"1383",0.123333333333333
"1384",0.123333333333333
"1385",0.123333333333333
"1386",0.123333333333333
"1387",0.133333333333333
"1388",0.131666666666667
"1389",0.131666666666667
"1390",0.131666666666667
"1391",0.131666666666667
"1392",0.131666666666667
"1393",0.131666666666667
"1394",0.131666666666667
"1395",0.131666666666667
"1396",0.133333333333333
"1397",0.131666666666667
"1398",0.131666666666667
"1399",0.131666666666667
"1400",0.131666666666667
"1401",0.131666666666667
"1402",0.131666666666667
"1403",0.131666666666667
"1404",0.131666666666667
"1405",0.13
"1406",0.128333333333333
"1407",0.128333333333333
"1408",0.126666666666667
"1409",0.128333333333333
"1410",0.128333333333333
"1411",0.128333333333333
"1412",0.128333333333333
"1413",0.128333333333333
"1414",0.13
"1415",0.128333333333333
"1416",0.128333333333333
"1417",0.126666666666667
"1418",0.128333333333333
"1419",0.128333333333333
"1420",0.128333333333333
"1421",0.128333333333333
"1422",0.128333333333333
"1423",0.133333333333333
"1424",0.131666666666667
"1425",0.131666666666667
"1426",0.131666666666667
"1427",0.131666666666667
"1428",0.131666666666667
"1429",0.131666666666667
"1430",0.131666666666667
"1431",0.131666666666667
"1432",0.133333333333333
"1433",0.131666666666667
"1434",0.131666666666667
"1435",0.131666666666667
"1436",0.131666666666667
"1437",0.131666666666667
"1438",0.131666666666667
"1439",0.131666666666667
"1440",0.131666666666667
"1441",0.0983333333333333
"1442",0.0983333333333333
"1443",0.0983333333333333
"1444",0.0983333333333333
"1445",0.0983333333333333
"1446",0.0983333333333333
"1447",0.0983333333333333
"1448",0.0983333333333333
"1449",0.0983333333333333
"1450",0.0983333333333333
"1451",0.0983333333333333
"1452",0.0983333333333333
"1453",0.0983333333333333
"1454",0.0983333333333333
"1455",0.0983333333333333
"1456",0.0983333333333333
"1457",0.0983333333333333
"1458",0.0983333333333333
"1459",0.0983333333333333
"1460",0.0983333333333333
"1461",0.0983333333333333
"1462",0.0983333333333333
"1463",0.0983333333333333
"1464",0.0983333333333333
"1465",0.0983333333333333
"1466",0.0983333333333333
"1467",0.0983333333333333
"1468",0.0983333333333333
"1469",0.0983333333333333
"1470",0.0983333333333333
"1471",0.0983333333333333
"1472",0.0983333333333333
"1473",0.0983333333333333
"1474",0.0983333333333333
"1475",0.0983333333333333
"1476",0.0983333333333333
"1477",0.0883333333333333
"1478",0.0833333333333333
"1479",0.0833333333333333
"1480",0.09
"1481",0.0833333333333333
"1482",0.0833333333333333
"1483",0.0833333333333333
"1484",0.0833333333333333
"1485",0.0833333333333333
"1486",0.0883333333333333
"1487",0.0833333333333333
"1488",0.0833333333333333
"1489",0.09
"1490",0.0833333333333333
"1491",0.0833333333333333
"1492",0.0833333333333333
"1493",0.0833333333333333
"1494",0.0833333333333333
"1495",0.0883333333333333
"1496",0.0833333333333333
"1497",0.0833333333333333
"1498",0.09
"1499",0.0833333333333333
"1500",0.0833333333333333
"1501",0.0833333333333333
"1502",0.0833333333333333
"1503",0.0833333333333333
"1504",0.0883333333333333
"1505",0.0833333333333333
"1506",0.0833333333333333
"1507",0.09
"1508",0.0833333333333333
"1509",0.0833333333333333
"1510",0.0833333333333333
"1511",0.0833333333333333
"1512",0.0833333333333333
"1513",0.0916666666666667
"1514",0.0866666666666667
"1515",0.0866666666666667
"1516",0.0933333333333333
"1517",0.0866666666666667
"1518",0.0866666666666667
"1519",0.0866666666666667
"1520",0.0866666666666667
"1521",0.0866666666666667
"1522",0.0883333333333333
"1523",0.0833333333333333
"1524",0.0833333333333333
"1525",0.09
"1526",0.0833333333333333
"1527",0.0833333333333333
"1528",0.0833333333333333
"1529",0.0833333333333333
"1530",0.0833333333333333
"1531",0.0883333333333333
"1532",0.0833333333333333
"1533",0.0833333333333333
"1534",0.09
"1535",0.0833333333333333
"1536",0.0833333333333333
"1537",0.0833333333333333
"1538",0.0833333333333333
"1539",0.0833333333333333
"1540",0.0883333333333333
"1541",0.0833333333333333
"1542",0.0833333333333333
"1543",0.09
"1544",0.0833333333333333
"1545",0.0833333333333333
"1546",0.0833333333333333
"1547",0.0833333333333333
"1548",0.0833333333333333
"1549",0.0883333333333333
"1550",0.0833333333333333
"1551",0.0833333333333333
"1552",0.09
"1553",0.0833333333333333
"1554",0.0833333333333333
"1555",0.0833333333333333
"1556",0.0833333333333333
"1557",0.0833333333333333
"1558",0.0883333333333333
"1559",0.0833333333333333
"1560",0.0833333333333333
"1561",0.09
"1562",0.0833333333333333
"1563",0.0833333333333333
"1564",0.0833333333333333
"1565",0.0833333333333333
"1566",0.0833333333333333
"1567",0.0883333333333333
"1568",0.0833333333333333
"1569",0.0833333333333333
"1570",0.09
"1571",0.0833333333333333
"1572",0.0833333333333333
"1573",0.0833333333333333
"1574",0.0833333333333333
"1575",0.0833333333333333
"1576",0.0883333333333333
"1577",0.0833333333333333
"1578",0.0833333333333333
"1579",0.09
"1580",0.0833333333333333
"1581",0.0833333333333333
"1582",0.0833333333333333
"1583",0.0833333333333333
"1584",0.0833333333333333
"1585",0.0883333333333333
"1586",0.0833333333333333
"1587",0.0833333333333333
"1588",0.09
"1589",0.0833333333333333
"1590",0.0833333333333333
"1591",0.0833333333333333
"1592",0.0833333333333333
"1593",0.0833333333333333
"1594",0.0883333333333333
"1595",0.0833333333333333
"1596",0.0833333333333333
"1597",0.09
"1598",0.0833333333333333
"1599",0.0833333333333333
"1600",0.0833333333333333
"1601",0.0833333333333333
"1602",0.0833333333333333
"1603",0.0883333333333333
"1604",0.0833333333333333
"1605",0.0833333333333333
"1606",0.09
"1607",0.0833333333333333
"1608",0.0833333333333333
"1609",0.0833333333333333
"1610",0.0833333333333333
"1611",0.0833333333333333
"1612",0.0883333333333333
"1613",0.0833333333333333
"1614",0.0833333333333333
"1615",0.09
"1616",0.0833333333333333
"1617",0.0833333333333333
"1618",0.0833333333333333
"1619",0.0833333333333333
"1620",0.0833333333333333
"1621",0.0883333333333333
"1622",0.0833333333333333
"1623",0.0833333333333333
"1624",0.09
"1625",0.0833333333333333
"1626",0.0833333333333333
"1627",0.0833333333333333
"1628",0.0833333333333333
"1629",0.0833333333333333
"1630",0.0883333333333333
"1631",0.0833333333333333
"1632",0.0833333333333333
"1633",0.09
"1634",0.0833333333333333
"1635",0.0833333333333333
"1636",0.0833333333333333
"1637",0.0833333333333333
"1638",0.0833333333333333
"1639",0.0883333333333333
"1640",0.0833333333333333
"1641",0.0833333333333333
"1642",0.09
"1643",0.0833333333333333
"1644",0.0833333333333333
"1645",0.0833333333333333
"1646",0.0833333333333333
"1647",0.0833333333333333
"1648",0.135
"1649",0.126666666666667
"1650",0.126666666666667
"1651",0.133333333333333
"1652",0.126666666666667
"1653",0.126666666666667
"1654",0.126666666666667
"1655",0.126666666666667
"1656",0.126666666666667
"1657",0.135
"1658",0.126666666666667
"1659",0.126666666666667
"1660",0.133333333333333
"1661",0.126666666666667
"1662",0.126666666666667
"1663",0.126666666666667
"1664",0.126666666666667
"1665",0.126666666666667
"1666",0.131666666666667
"1667",0.131666666666667
"1668",0.131666666666667
"1669",0.138333333333333
"1670",0.131666666666667
"1671",0.131666666666667
"1672",0.131666666666667
"1673",0.131666666666667
"1674",0.131666666666667
"1675",0.135
"1676",0.135
"1677",0.135
"1678",0.14
"1679",0.135
"1680",0.135
"1681",0.135
"1682",0.135
"1683",0.135
"1684",0.133333333333333
"1685",0.133333333333333
"1686",0.133333333333333
"1687",0.138333333333333
"1688",0.133333333333333
"1689",0.133333333333333
"1690",0.133333333333333
"1691",0.133333333333333
"1692",0.133333333333333
"1693",0.131666666666667
"1694",0.131666666666667
"1695",0.131666666666667
"1696",0.138333333333333
"1697",0.131666666666667
"1698",0.131666666666667
"1699",0.131666666666667
"1700",0.131666666666667
"1701",0.131666666666667
"1702",0.131666666666667
"1703",0.131666666666667
"1704",0.131666666666667
"1705",0.138333333333333
"1706",0.131666666666667
"1707",0.131666666666667
"1708",0.131666666666667
"1709",0.131666666666667
"1710",0.131666666666667
"1711",0.131666666666667
"1712",0.131666666666667
"1713",0.131666666666667
"1714",0.136666666666667
"1715",0.131666666666667
"1716",0.131666666666667
"1717",0.131666666666667
"1718",0.131666666666667
"1719",0.131666666666667
"1720",0.133333333333333
"1721",0.133333333333333
"1722",0.133333333333333
"1723",0.138333333333333
"1724",0.133333333333333
"1725",0.133333333333333
"1726",0.133333333333333
"1727",0.133333333333333
"1728",0.133333333333333
"1729",0.133333333333333
"1730",0.133333333333333
"1731",0.133333333333333
"1732",0.138333333333333
"1733",0.133333333333333
"1734",0.133333333333333
"1735",0.133333333333333
"1736",0.133333333333333
"1737",0.133333333333333
"1738",0.11
"1739",0.11
"1740",0.11
"1741",0.113333333333333
"1742",0.11
"1743",0.11
"1744",0.11
"1745",0.11
"1746",0.11
"1747",0.111666666666667
"1748",0.111666666666667
"1749",0.111666666666667
"1750",0.115
"1751",0.111666666666667
"1752",0.111666666666667
"1753",0.111666666666667
"1754",0.111666666666667
"1755",0.111666666666667
"1756",0.11
"1757",0.11
"1758",0.11
"1759",0.113333333333333
"1760",0.11
"1761",0.11
"1762",0.11
"1763",0.11
"1764",0.11
"1765",0.108333333333333
"1766",0.108333333333333
"1767",0.108333333333333
"1768",0.115
"1769",0.108333333333333
"1770",0.108333333333333
"1771",0.108333333333333
"1772",0.108333333333333
"1773",0.108333333333333
"1774",0.11
"1775",0.11
"1776",0.11
"1777",0.113333333333333
"1778",0.11
"1779",0.11
"1780",0.11
"1781",0.11
"1782",0.11
"1783",0.11
"1784",0.11
"1785",0.11
"1786",0.113333333333333
"1787",0.11
"1788",0.11
"1789",0.11
"1790",0.11
"1791",0.11
"1792",0.11
"1793",0.11
"1794",0.11
"1795",0.113333333333333
"1796",0.11
"1797",0.11
"1798",0.11
"1799",0.11
"1800",0.11
"1801",0.133333333333333
"1802",0.133333333333333
"1803",0.133333333333333
"1804",0.133333333333333
"1805",0.133333333333333
"1806",0.133333333333333
"1807",0.133333333333333
"1808",0.133333333333333
"1809",0.133333333333333
"1810",0.133333333333333
"1811",0.133333333333333
"1812",0.133333333333333
"1813",0.133333333333333
"1814",0.133333333333333
"1815",0.133333333333333
"1816",0.133333333333333
"1817",0.133333333333333
"1818",0.133333333333333
"1819",0.131666666666667
"1820",0.131666666666667
"1821",0.131666666666667
"1822",0.135
"1823",0.131666666666667
"1824",0.131666666666667
"1825",0.131666666666667
"1826",0.131666666666667
"1827",0.131666666666667
"1828",0.111666666666667
"1829",0.111666666666667
"1830",0.111666666666667
"1831",0.12
"1832",0.111666666666667
"1833",0.111666666666667
"1834",0.111666666666667
"1835",0.111666666666667
"1836",0.111666666666667
"1837",0.111666666666667
"1838",0.111666666666667
"1839",0.111666666666667
"1840",0.12
"1841",0.111666666666667
"1842",0.111666666666667
"1843",0.111666666666667
"1844",0.111666666666667
"1845",0.111666666666667
"1846",0.11
"1847",0.11
"1848",0.11
"1849",0.118333333333333
"1850",0.11
"1851",0.11
"1852",0.11
"1853",0.11
"1854",0.11
"1855",0.111666666666667
"1856",0.108333333333333
"1857",0.108333333333333
"1858",0.116666666666667
"1859",0.108333333333333
"1860",0.108333333333333
"1861",0.108333333333333
"1862",0.108333333333333
"1863",0.108333333333333
"1864",0.111666666666667
"1865",0.111666666666667
"1866",0.111666666666667
"1867",0.116666666666667
"1868",0.111666666666667
"1869",0.111666666666667
"1870",0.111666666666667
"1871",0.111666666666667
"1872",0.111666666666667
"1873",0.111666666666667
"1874",0.111666666666667
"1875",0.111666666666667
"1876",0.12
"1877",0.111666666666667
"1878",0.111666666666667
"1879",0.111666666666667
"1880",0.111666666666667
"1881",0.111666666666667
"1882",0.111666666666667
"1883",0.111666666666667
"1884",0.111666666666667
"1885",0.12
"1886",0.111666666666667
"1887",0.111666666666667
"1888",0.111666666666667
"1889",0.111666666666667
"1890",0.111666666666667
"1891",0.11
"1892",0.11
"1893",0.11
"1894",0.118333333333333
"1895",0.11
"1896",0.11
"1897",0.11
"1898",0.11
"1899",0.11
"1900",0.111666666666667
"1901",0.111666666666667
"1902",0.111666666666667
"1903",0.12
"1904",0.111666666666667
"1905",0.111666666666667
"1906",0.111666666666667
"1907",0.111666666666667
"1908",0.111666666666667
"1909",0.111666666666667
"1910",0.111666666666667
"1911",0.111666666666667
"1912",0.116666666666667
"1913",0.111666666666667
"1914",0.111666666666667
"1915",0.111666666666667
"1916",0.111666666666667
"1917",0.111666666666667
"1918",0.11
"1919",0.11
"1920",0.11
"1921",0.118333333333333
"1922",0.11
"1923",0.11
"1924",0.11
"1925",0.11
"1926",0.11
"1927",0.11
"1928",0.11
"1929",0.11
"1930",0.118333333333333
"1931",0.11
"1932",0.11
"1933",0.11
"1934",0.11
"1935",0.11
"1936",0.111666666666667
"1937",0.111666666666667
"1938",0.111666666666667
"1939",0.12
"1940",0.111666666666667
"1941",0.111666666666667
"1942",0.111666666666667
"1943",0.111666666666667
"1944",0.111666666666667
"1945",0.111666666666667
"1946",0.111666666666667
"1947",0.111666666666667
"1948",0.12
"1949",0.111666666666667
"1950",0.111666666666667
"1951",0.111666666666667
"1952",0.111666666666667
"1953",0.111666666666667
"1954",0.11
"1955",0.11
"1956",0.11
"1957",0.118333333333333
"1958",0.11
"1959",0.11
"1960",0.11
"1961",0.11
"1962",0.11
"1963",0.111666666666667
"1964",0.111666666666667
"1965",0.111666666666667
"1966",0.116666666666667
"1967",0.111666666666667
"1968",0.111666666666667
"1969",0.111666666666667
"1970",0.111666666666667
"1971",0.111666666666667
"1972",0.111666666666667
"1973",0.111666666666667
"1974",0.111666666666667
"1975",0.12
"1976",0.111666666666667
"1977",0.111666666666667
"1978",0.111666666666667
"1979",0.111666666666667
"1980",0.111666666666667
"1981",0.111666666666667
"1982",0.111666666666667
"1983",0.111666666666667
"1984",0.116666666666667
"1985",0.111666666666667
"1986",0.111666666666667
"1987",0.111666666666667
"1988",0.111666666666667
"1989",0.111666666666667
"1990",0.111666666666667
"1991",0.111666666666667
"1992",0.111666666666667
"1993",0.116666666666667
"1994",0.111666666666667
"1995",0.111666666666667
"1996",0.111666666666667
"1997",0.111666666666667
"1998",0.111666666666667
"1999",0.11
"2000",0.11
"2001",0.11
"2002",0.118333333333333
"2003",0.11
"2004",0.11
"2005",0.11
"2006",0.11
"2007",0.11
"2008",0.111666666666667
"2009",0.111666666666667
"2010",0.111666666666667
"2011",0.12
"2012",0.111666666666667
"2013",0.111666666666667
"2014",0.111666666666667
"2015",0.111666666666667
"2016",0.111666666666667
"2017",0.111666666666667
"2018",0.111666666666667
"2019",0.111666666666667
"2020",0.116666666666667
"2021",0.111666666666667
"2022",0.111666666666667
"2023",0.111666666666667
"2024",0.111666666666667
"2025",0.111666666666667
"2026",0.11
"2027",0.11
"2028",0.11
"2029",0.118333333333333
"2030",0.11
"2031",0.11
"2032",0.11
"2033",0.11
"2034",0.11
"2035",0.11
"2036",0.11
"2037",0.11
"2038",0.118333333333333
"2039",0.11
"2040",0.11
"2041",0.11
"2042",0.11
"2043",0.11
"2044",0.11
"2045",0.11
"2046",0.11
"2047",0.118333333333333
"2048",0.11
"2049",0.11
"2050",0.11
"2051",0.11
"2052",0.11
"2053",0.135
"2054",0.125
"2055",0.125
"2056",0.128333333333333
"2057",0.125
"2058",0.125
"2059",0.125
"2060",0.125
"2061",0.125
"2062",0.136666666666667
"2063",0.135
"2064",0.135
"2065",0.135
"2066",0.135
"2067",0.135
"2068",0.135
"2069",0.135
"2070",0.135
"2071",0.136666666666667
"2072",0.135
"2073",0.135
"2074",0.133333333333333
"2075",0.135
"2076",0.135
"2077",0.135
"2078",0.135
"2079",0.135
"2080",0.138333333333333
"2081",0.136666666666667
"2082",0.136666666666667
"2083",0.135
"2084",0.136666666666667
"2085",0.136666666666667
"2086",0.136666666666667
"2087",0.136666666666667
"2088",0.136666666666667
"2089",0.136666666666667
"2090",0.135
"2091",0.135
"2092",0.135
"2093",0.135
"2094",0.135
"2095",0.135
"2096",0.135
"2097",0.135
"2098",0.136666666666667
"2099",0.135
"2100",0.135
"2101",0.135
"2102",0.135
"2103",0.135
"2104",0.135
"2105",0.135
"2106",0.135
"2107",0.136666666666667
"2108",0.135
"2109",0.135
"2110",0.135
"2111",0.135
"2112",0.135
"2113",0.135
"2114",0.135
"2115",0.135
"2116",0.136666666666667
"2117",0.135
"2118",0.135
"2119",0.135
"2120",0.135
"2121",0.135
"2122",0.135
"2123",0.135
"2124",0.135
"2125",0.138333333333333
"2126",0.136666666666667
"2127",0.136666666666667
"2128",0.136666666666667
"2129",0.136666666666667
"2130",0.136666666666667
"2131",0.136666666666667
"2132",0.136666666666667
"2133",0.136666666666667
"2134",0.138333333333333
"2135",0.136666666666667
"2136",0.136666666666667
"2137",0.136666666666667
"2138",0.136666666666667
"2139",0.136666666666667
"2140",0.136666666666667
"2141",0.136666666666667
"2142",0.136666666666667
"2143",0.136666666666667
"2144",0.135
"2145",0.135
"2146",0.133333333333333
"2147",0.135
"2148",0.135
"2149",0.135
"2150",0.135
"2151",0.135
"2152",0.135
"2153",0.133333333333333
"2154",0.133333333333333
"2155",0.131666666666667
"2156",0.133333333333333
"2157",0.133333333333333
"2158",0.133333333333333
"2159",0.133333333333333
"2160",0.133333333333333
"2161",0.135
"2162",0.133333333333333
"2163",0.133333333333333
"2164",0.131666666666667
"2165",0.133333333333333
"2166",0.133333333333333
"2167",0.133333333333333
"2168",0.133333333333333
"2169",0.133333333333333
"2170",0.09
"2171",0.09
"2172",0.09
"2173",0.09
"2174",0.09
"2175",0.09
"2176",0.09
"2177",0.09
"2178",0.09
"2179",0.09
"2180",0.09
"2181",0.09
"2182",0.09
"2183",0.09
"2184",0.09
"2185",0.09
"2186",0.09
"2187",0.09
"2188",0.09
"2189",0.09
"2190",0.09
"2191",0.09
"2192",0.09
"2193",0.09
"2194",0.09
"2195",0.09
"2196",0.09
"2197",0.108333333333333
"2198",0.108333333333333
"2199",0.108333333333333
"2200",0.111666666666667
"2201",0.108333333333333
"2202",0.108333333333333
"2203",0.108333333333333
"2204",0.108333333333333
"2205",0.108333333333333
"2206",0.105
"2207",0.105
"2208",0.105
"2209",0.111666666666667
"2210",0.105
"2211",0.105
"2212",0.105
"2213",0.105
"2214",0.105
"2215",0.108333333333333
"2216",0.108333333333333
"2217",0.108333333333333
"2218",0.111666666666667
"2219",0.108333333333333
"2220",0.108333333333333
"2221",0.108333333333333
"2222",0.108333333333333
"2223",0.108333333333333
"2224",0.115
"2225",0.11
"2226",0.11
"2227",0.113333333333333
"2228",0.11
"2229",0.11
"2230",0.11
"2231",0.11
"2232",0.11
"2233",0.118333333333333
"2234",0.113333333333333
"2235",0.113333333333333
"2236",0.116666666666667
"2237",0.113333333333333
"2238",0.113333333333333
"2239",0.113333333333333
"2240",0.113333333333333
"2241",0.113333333333333
"2242",0.115
"2243",0.11
"2244",0.11
"2245",0.113333333333333
"2246",0.11
"2247",0.11
"2248",0.11
"2249",0.11
"2250",0.11
"2251",0.128333333333333
"2252",0.121666666666667
"2253",0.121666666666667
"2254",0.123333333333333
"2255",0.121666666666667
"2256",0.121666666666667
"2257",0.121666666666667
"2258",0.121666666666667
"2259",0.121666666666667
"2260",0.128333333333333
"2261",0.121666666666667
"2262",0.121666666666667
"2263",0.123333333333333
"2264",0.121666666666667
"2265",0.121666666666667
"2266",0.121666666666667
"2267",0.121666666666667
"2268",0.121666666666667
"2269",0.156666666666667
"2270",0.153333333333333
"2271",0.153333333333333
"2272",0.153333333333333
"2273",0.153333333333333
"2274",0.153333333333333
"2275",0.153333333333333
"2276",0.153333333333333
"2277",0.153333333333333
"2278",0.156666666666667
"2279",0.153333333333333
"2280",0.153333333333333
"2281",0.156666666666667
"2282",0.153333333333333
"2283",0.153333333333333
"2284",0.153333333333333
"2285",0.153333333333333
"2286",0.153333333333333
"2287",0.156666666666667
"2288",0.153333333333333
"2289",0.153333333333333
"2290",0.153333333333333
"2291",0.153333333333333
"2292",0.153333333333333
"2293",0.153333333333333
"2294",0.153333333333333
"2295",0.153333333333333
"2296",0.156666666666667
"2297",0.153333333333333
"2298",0.153333333333333
"2299",0.153333333333333
"2300",0.153333333333333
"2301",0.153333333333333
"2302",0.153333333333333
"2303",0.153333333333333
"2304",0.153333333333333
"2305",0.145
"2306",0.143333333333333
"2307",0.143333333333333
"2308",0.14
"2309",0.143333333333333
"2310",0.143333333333333
"2311",0.143333333333333
"2312",0.143333333333333
"2313",0.143333333333333
"2314",0.143333333333333
"2315",0.141666666666667
"2316",0.141666666666667
"2317",0.141666666666667
"2318",0.141666666666667
"2319",0.141666666666667
"2320",0.141666666666667
"2321",0.141666666666667
"2322",0.141666666666667
"2323",0.101666666666667
"2324",0.0966666666666667
"2325",0.0966666666666667
"2326",0.101666666666667
"2327",0.0966666666666667
"2328",0.0966666666666667
"2329",0.0966666666666667
"2330",0.0966666666666667
"2331",0.0966666666666667
"2332",0.106666666666667
"2333",0.101666666666667
"2334",0.101666666666667
"2335",0.106666666666667
"2336",0.101666666666667
"2337",0.101666666666667
"2338",0.101666666666667
"2339",0.101666666666667
"2340",0.101666666666667
"2341",0.101666666666667
"2342",0.0966666666666667
"2343",0.0966666666666667
"2344",0.101666666666667
"2345",0.0966666666666667
"2346",0.0966666666666667
"2347",0.0966666666666667
"2348",0.0966666666666667
"2349",0.0966666666666667
"2350",0.108333333333333
"2351",0.103333333333333
"2352",0.103333333333333
"2353",0.108333333333333
"2354",0.103333333333333
"2355",0.103333333333333
"2356",0.103333333333333
"2357",0.103333333333333
"2358",0.103333333333333
"2359",0.106666666666667
"2360",0.101666666666667
"2361",0.101666666666667
"2362",0.106666666666667
"2363",0.101666666666667
"2364",0.101666666666667
"2365",0.101666666666667
"2366",0.101666666666667
"2367",0.101666666666667
"2368",0.108333333333333
"2369",0.103333333333333
"2370",0.103333333333333
"2371",0.108333333333333
"2372",0.103333333333333
"2373",0.103333333333333
"2374",0.103333333333333
"2375",0.103333333333333
"2376",0.103333333333333
"2377",0.106666666666667
"2378",0.101666666666667
"2379",0.101666666666667
"2380",0.106666666666667
"2381",0.101666666666667
"2382",0.101666666666667
"2383",0.101666666666667
"2384",0.101666666666667
"2385",0.101666666666667
"2386",0.11
"2387",0.105
"2388",0.105
"2389",0.11
"2390",0.105
"2391",0.105
"2392",0.105
"2393",0.105
"2394",0.105
"2395",0.0966666666666667
"2396",0.0933333333333333
"2397",0.0933333333333333
"2398",0.0983333333333333
"2399",0.0933333333333333
"2400",0.0933333333333333
"2401",0.0933333333333333
"2402",0.0933333333333333
"2403",0.0933333333333333
"2404",0.0916666666666667
"2405",0.085
"2406",0.085
"2407",0.0916666666666667
"2408",0.085
"2409",0.085
"2410",0.085
"2411",0.085
"2412",0.085
"2413",0.0916666666666667
"2414",0.085
"2415",0.085
"2416",0.0916666666666667
"2417",0.085
"2418",0.085
"2419",0.085
"2420",0.085
"2421",0.085
"2422",0.125
"2423",0.121666666666667
"2424",0.121666666666667
"2425",0.125
"2426",0.121666666666667
"2427",0.121666666666667
"2428",0.121666666666667
"2429",0.121666666666667
"2430",0.121666666666667
"2431",0.125
"2432",0.121666666666667
"2433",0.121666666666667
"2434",0.125
"2435",0.121666666666667
"2436",0.121666666666667
"2437",0.121666666666667
"2438",0.121666666666667
"2439",0.121666666666667
"2440",0.125
"2441",0.121666666666667
"2442",0.121666666666667
"2443",0.125
"2444",0.121666666666667
"2445",0.121666666666667
"2446",0.121666666666667
"2447",0.121666666666667
"2448",0.121666666666667
"2449",0.128333333333333
"2450",0.125
"2451",0.125
"2452",0.128333333333333
"2453",0.125
"2454",0.125
"2455",0.125
"2456",0.125
"2457",0.125
"2458",0.125
"2459",0.121666666666667
"2460",0.121666666666667
"2461",0.125
"2462",0.121666666666667
"2463",0.121666666666667
"2464",0.121666666666667
"2465",0.121666666666667
"2466",0.121666666666667
"2467",0.128333333333333
"2468",0.125
"2469",0.125
"2470",0.128333333333333
"2471",0.125
"2472",0.125
"2473",0.125
"2474",0.125
"2475",0.125
"2476",0.125
"2477",0.121666666666667
"2478",0.121666666666667
"2479",0.128333333333333
"2480",0.121666666666667
"2481",0.121666666666667
"2482",0.121666666666667
"2483",0.121666666666667
"2484",0.121666666666667
"2485",0.125
"2486",0.121666666666667
"2487",0.121666666666667
"2488",0.125
"2489",0.121666666666667
"2490",0.121666666666667
"2491",0.121666666666667
"2492",0.121666666666667
"2493",0.121666666666667
"2494",0.125
"2495",0.121666666666667
"2496",0.121666666666667
"2497",0.125
"2498",0.121666666666667
"2499",0.121666666666667
"2500",0.121666666666667
"2501",0.121666666666667
"2502",0.121666666666667
"2503",0.125
"2504",0.121666666666667
"2505",0.121666666666667
"2506",0.125
"2507",0.121666666666667
"2508",0.121666666666667
"2509",0.121666666666667
"2510",0.121666666666667
"2511",0.121666666666667
"2512",0.125
"2513",0.121666666666667
"2514",0.121666666666667
"2515",0.125
"2516",0.121666666666667
"2517",0.121666666666667
"2518",0.121666666666667
"2519",0.121666666666667
"2520",0.121666666666667
"2521",0.125
"2522",0.121666666666667
"2523",0.121666666666667
"2524",0.128333333333333
"2525",0.121666666666667
"2526",0.121666666666667
"2527",0.121666666666667
"2528",0.121666666666667
"2529",0.121666666666667
"2530",0.125
"2531",0.121666666666667
"2532",0.121666666666667
"2533",0.128333333333333
"2534",0.121666666666667
"2535",0.121666666666667
"2536",0.121666666666667
"2537",0.121666666666667
"2538",0.121666666666667
"2539",0.125
"2540",0.121666666666667
"2541",0.121666666666667
"2542",0.125
"2543",0.121666666666667
"2544",0.121666666666667
"2545",0.121666666666667
"2546",0.121666666666667
"2547",0.121666666666667
"2548",0.125
"2549",0.121666666666667
"2550",0.121666666666667
"2551",0.125
"2552",0.121666666666667
"2553",0.121666666666667
"2554",0.121666666666667
"2555",0.121666666666667
"2556",0.121666666666667
"2557",0.123333333333333
"2558",0.12
"2559",0.12
"2560",0.123333333333333
"2561",0.12
"2562",0.12
"2563",0.12
"2564",0.12
"2565",0.12
"2566",0.125
"2567",0.121666666666667
"2568",0.121666666666667
"2569",0.125
"2570",0.121666666666667
"2571",0.121666666666667
"2572",0.121666666666667
"2573",0.121666666666667
"2574",0.121666666666667
"2575",0.125
"2576",0.121666666666667
"2577",0.121666666666667
"2578",0.128333333333333
"2579",0.121666666666667
"2580",0.121666666666667
"2581",0.121666666666667
"2582",0.121666666666667
"2583",0.121666666666667
"2584",0.125
"2585",0.121666666666667
"2586",0.121666666666667
"2587",0.125
"2588",0.121666666666667
"2589",0.121666666666667
"2590",0.121666666666667
"2591",0.121666666666667
"2592",0.121666666666667
"2593",0.125
"2594",0.121666666666667
"2595",0.121666666666667
"2596",0.128333333333333
"2597",0.121666666666667
"2598",0.121666666666667
"2599",0.121666666666667
"2600",0.121666666666667
"2601",0.121666666666667
"2602",0.125
"2603",0.121666666666667
"2604",0.121666666666667
"2605",0.125
"2606",0.121666666666667
"2607",0.121666666666667
"2608",0.121666666666667
"2609",0.121666666666667
"2610",0.121666666666667
"2611",0.126666666666667
"2612",0.123333333333333
"2613",0.123333333333333
"2614",0.13
"2615",0.123333333333333
"2616",0.123333333333333
"2617",0.123333333333333
"2618",0.123333333333333
"2619",0.123333333333333
"2620",0.125
"2621",0.121666666666667
"2622",0.121666666666667
"2623",0.125
"2624",0.121666666666667
"2625",0.121666666666667
"2626",0.121666666666667
"2627",0.121666666666667
"2628",0.121666666666667
"2629",0.125
"2630",0.121666666666667
"2631",0.121666666666667
"2632",0.125
"2633",0.121666666666667
"2634",0.121666666666667
"2635",0.121666666666667
"2636",0.121666666666667
"2637",0.121666666666667
"2638",0.125
"2639",0.121666666666667
"2640",0.121666666666667
"2641",0.125
"2642",0.121666666666667
"2643",0.121666666666667
"2644",0.121666666666667
"2645",0.121666666666667
"2646",0.121666666666667
"2647",0.125
"2648",0.121666666666667
"2649",0.121666666666667
"2650",0.128333333333333
"2651",0.121666666666667
"2652",0.121666666666667
"2653",0.121666666666667
"2654",0.121666666666667
"2655",0.121666666666667
"2656",0.125
"2657",0.121666666666667
"2658",0.121666666666667
"2659",0.125
"2660",0.121666666666667
"2661",0.121666666666667
"2662",0.121666666666667
"2663",0.121666666666667
"2664",0.121666666666667
"2665",0.13
"2666",0.126666666666667
"2667",0.126666666666667
"2668",0.13
"2669",0.126666666666667
"2670",0.126666666666667
"2671",0.126666666666667
"2672",0.126666666666667
"2673",0.126666666666667
"2674",0.125
"2675",0.121666666666667
"2676",0.121666666666667
"2677",0.125
"2678",0.121666666666667
"2679",0.121666666666667
"2680",0.121666666666667
"2681",0.121666666666667
"2682",0.121666666666667
"2683",0.123333333333333
"2684",0.12
"2685",0.12
"2686",0.123333333333333
"2687",0.12
"2688",0.12
"2689",0.12
"2690",0.12
"2691",0.12
"2692",0.125
"2693",0.121666666666667
"2694",0.121666666666667
"2695",0.128333333333333
"2696",0.121666666666667
"2697",0.121666666666667
"2698",0.121666666666667
"2699",0.121666666666667
"2700",0.121666666666667
"2701",0.125
"2702",0.121666666666667
"2703",0.121666666666667
"2704",0.125
"2705",0.121666666666667
"2706",0.121666666666667
"2707",0.121666666666667
"2708",0.121666666666667
"2709",0.121666666666667
"2710",0.125
"2711",0.121666666666667
"2712",0.121666666666667
"2713",0.128333333333333
"2714",0.121666666666667
"2715",0.121666666666667
"2716",0.121666666666667
"2717",0.121666666666667
"2718",0.121666666666667
"2719",0.123333333333333
"2720",0.12
"2721",0.12
"2722",0.126666666666667
"2723",0.12
"2724",0.12
"2725",0.12
"2726",0.12
"2727",0.12
"2728",0.125
"2729",0.121666666666667
"2730",0.121666666666667
"2731",0.125
"2732",0.121666666666667
"2733",0.121666666666667
"2734",0.121666666666667
"2735",0.121666666666667
"2736",0.121666666666667
"2737",0.125
"2738",0.121666666666667
"2739",0.121666666666667
"2740",0.125
"2741",0.121666666666667
"2742",0.121666666666667
"2743",0.121666666666667
"2744",0.121666666666667
"2745",0.121666666666667
"2746",0.123333333333333
"2747",0.12
"2748",0.12
"2749",0.123333333333333
"2750",0.12
"2751",0.12
"2752",0.12
"2753",0.12
"2754",0.12
"2755",0.125
"2756",0.121666666666667
"2757",0.121666666666667
"2758",0.125
"2759",0.121666666666667
"2760",0.121666666666667
"2761",0.121666666666667
"2762",0.121666666666667
"2763",0.121666666666667
"2764",0.125
"2765",0.121666666666667
"2766",0.121666666666667
"2767",0.125
"2768",0.121666666666667
"2769",0.121666666666667
"2770",0.121666666666667
"2771",0.121666666666667
"2772",0.121666666666667
"2773",0.125
"2774",0.121666666666667
"2775",0.121666666666667
"2776",0.125
"2777",0.121666666666667
"2778",0.121666666666667
"2779",0.121666666666667
"2780",0.121666666666667
"2781",0.121666666666667
"2782",0.125
"2783",0.121666666666667
"2784",0.121666666666667
"2785",0.125
"2786",0.121666666666667
"2787",0.121666666666667
"2788",0.121666666666667
"2789",0.121666666666667
"2790",0.121666666666667
"2791",0.125
"2792",0.121666666666667
"2793",0.121666666666667
"2794",0.125
"2795",0.121666666666667
"2796",0.121666666666667
"2797",0.121666666666667
"2798",0.121666666666667
"2799",0.121666666666667
"2800",0.125
"2801",0.121666666666667
"2802",0.121666666666667
"2803",0.128333333333333
"2804",0.121666666666667
"2805",0.121666666666667
"2806",0.121666666666667
"2807",0.121666666666667
"2808",0.121666666666667
"2809",0.126666666666667
"2810",0.123333333333333
"2811",0.123333333333333
"2812",0.126666666666667
"2813",0.123333333333333
"2814",0.123333333333333
"2815",0.123333333333333
"2816",0.123333333333333
"2817",0.123333333333333
"2818",0.125
"2819",0.121666666666667
"2820",0.121666666666667
"2821",0.125
"2822",0.121666666666667
"2823",0.121666666666667
"2824",0.121666666666667
"2825",0.121666666666667
"2826",0.121666666666667
"2827",0.125
"2828",0.121666666666667
"2829",0.121666666666667
"2830",0.125
"2831",0.121666666666667
"2832",0.121666666666667
"2833",0.121666666666667
"2834",0.121666666666667
"2835",0.121666666666667
"2836",0.125
"2837",0.121666666666667
"2838",0.121666666666667
"2839",0.128333333333333
"2840",0.121666666666667
"2841",0.121666666666667
"2842",0.121666666666667
"2843",0.121666666666667
"2844",0.121666666666667
"2845",0.125
"2846",0.121666666666667
"2847",0.121666666666667
"2848",0.128333333333333
"2849",0.121666666666667
"2850",0.121666666666667
"2851",0.121666666666667
"2852",0.121666666666667
"2853",0.121666666666667
"2854",0.123333333333333
"2855",0.12
"2856",0.12
"2857",0.123333333333333
"2858",0.12
"2859",0.12
"2860",0.12
"2861",0.12
"2862",0.12
"2863",0.125
"2864",0.121666666666667
"2865",0.121666666666667
"2866",0.125
"2867",0.121666666666667
"2868",0.121666666666667
"2869",0.121666666666667
"2870",0.121666666666667
"2871",0.121666666666667
"2872",0.125
"2873",0.121666666666667
"2874",0.121666666666667
"2875",0.125
"2876",0.121666666666667
"2877",0.121666666666667
"2878",0.121666666666667
"2879",0.121666666666667
"2880",0.121666666666667
"2881",0.125
"2882",0.121666666666667
"2883",0.121666666666667
"2884",0.128333333333333
"2885",0.121666666666667
"2886",0.121666666666667
"2887",0.121666666666667
"2888",0.121666666666667
"2889",0.121666666666667
"2890",0.125
"2891",0.121666666666667
"2892",0.121666666666667
"2893",0.125
"2894",0.121666666666667
"2895",0.121666666666667
"2896",0.121666666666667
"2897",0.121666666666667
"2898",0.121666666666667
"2899",0.125
"2900",0.121666666666667
"2901",0.121666666666667
"2902",0.125
"2903",0.121666666666667
"2904",0.121666666666667
"2905",0.121666666666667
"2906",0.121666666666667
"2907",0.121666666666667
"2908",0.125
"2909",0.121666666666667
"2910",0.121666666666667
"2911",0.125
"2912",0.121666666666667
"2913",0.121666666666667
"2914",0.121666666666667
"2915",0.121666666666667
"2916",0.121666666666667
"2917",0.125
"2918",0.121666666666667
"2919",0.121666666666667
"2920",0.125
"2921",0.121666666666667
"2922",0.121666666666667
"2923",0.121666666666667
"2924",0.121666666666667
"2925",0.121666666666667
"2926",0.123333333333333
"2927",0.12
"2928",0.12
"2929",0.123333333333333
"2930",0.12
"2931",0.12
"2932",0.12
"2933",0.12
"2934",0.12
"2935",0.125
"2936",0.121666666666667
"2937",0.121666666666667
"2938",0.125
"2939",0.121666666666667
"2940",0.121666666666667
"2941",0.121666666666667
"2942",0.121666666666667
"2943",0.121666666666667
"2944",0.125
"2945",0.121666666666667
"2946",0.121666666666667
"2947",0.125
"2948",0.121666666666667
"2949",0.121666666666667
"2950",0.121666666666667
"2951",0.121666666666667
"2952",0.121666666666667
"2953",0.123333333333333
"2954",0.12
"2955",0.12
"2956",0.123333333333333
"2957",0.12
"2958",0.12
"2959",0.12
"2960",0.12
"2961",0.12
"2962",0.125
"2963",0.121666666666667
"2964",0.121666666666667
"2965",0.125
"2966",0.121666666666667
"2967",0.121666666666667
"2968",0.121666666666667
"2969",0.121666666666667
"2970",0.121666666666667
"2971",0.125
"2972",0.121666666666667
"2973",0.121666666666667
"2974",0.125
"2975",0.121666666666667
"2976",0.121666666666667
"2977",0.121666666666667
"2978",0.121666666666667
"2979",0.121666666666667
"2980",0.125
"2981",0.121666666666667
"2982",0.121666666666667
"2983",0.128333333333333
"2984",0.121666666666667
"2985",0.121666666666667
"2986",0.121666666666667
"2987",0.121666666666667
"2988",0.121666666666667
"2989",0.125
"2990",0.121666666666667
"2991",0.121666666666667
"2992",0.128333333333333
"2993",0.121666666666667
"2994",0.121666666666667
"2995",0.121666666666667
"2996",0.121666666666667
"2997",0.121666666666667
"2998",0.125
"2999",0.121666666666667
"3000",0.121666666666667
"3001",0.125
"3002",0.121666666666667
"3003",0.121666666666667
"3004",0.121666666666667
"3005",0.121666666666667
"3006",0.121666666666667
"3007",0.125
"3008",0.121666666666667
"3009",0.121666666666667
"3010",0.125
"3011",0.121666666666667
"3012",0.121666666666667
"3013",0.121666666666667
"3014",0.121666666666667
"3015",0.121666666666667
"3016",0.125
"3017",0.121666666666667
"3018",0.121666666666667
"3019",0.125
"3020",0.121666666666667
"3021",0.121666666666667
"3022",0.121666666666667
"3023",0.121666666666667
"3024",0.121666666666667
"3025",0.125
"3026",0.121666666666667
"3027",0.121666666666667
"3028",0.125
"3029",0.121666666666667
"3030",0.121666666666667
"3031",0.121666666666667
"3032",0.121666666666667
"3033",0.121666666666667
"3034",0.125
"3035",0.121666666666667
"3036",0.121666666666667
"3037",0.128333333333333
"3038",0.121666666666667
"3039",0.121666666666667
"3040",0.121666666666667
"3041",0.121666666666667
"3042",0.121666666666667
"3043",0.125
"3044",0.121666666666667
"3045",0.121666666666667
"3046",0.125
"3047",0.121666666666667
"3048",0.121666666666667
"3049",0.121666666666667
"3050",0.121666666666667
"3051",0.121666666666667
"3052",0.125
"3053",0.121666666666667
"3054",0.121666666666667
"3055",0.125
"3056",0.121666666666667
"3057",0.121666666666667
"3058",0.121666666666667
"3059",0.121666666666667
"3060",0.121666666666667
"3061",0.125
"3062",0.121666666666667
"3063",0.121666666666667
"3064",0.125
"3065",0.121666666666667
"3066",0.121666666666667
"3067",0.121666666666667
"3068",0.121666666666667
"3069",0.121666666666667
"3070",0.123333333333333
"3071",0.12
"3072",0.12
"3073",0.123333333333333
"3074",0.12
"3075",0.12
"3076",0.12
"3077",0.12
"3078",0.12
"3079",0.125
"3080",0.121666666666667
"3081",0.121666666666667
"3082",0.128333333333333
"3083",0.121666666666667
"3084",0.121666666666667
"3085",0.121666666666667
"3086",0.121666666666667
"3087",0.121666666666667
"3088",0.125
"3089",0.121666666666667
"3090",0.121666666666667
"3091",0.125
"3092",0.121666666666667
"3093",0.121666666666667
"3094",0.121666666666667
"3095",0.121666666666667
"3096",0.121666666666667
"3097",0.125
"3098",0.121666666666667
"3099",0.121666666666667
"3100",0.125
"3101",0.121666666666667
"3102",0.121666666666667
"3103",0.121666666666667
"3104",0.121666666666667
"3105",0.121666666666667
"3106",0.125
"3107",0.121666666666667
"3108",0.121666666666667
"3109",0.125
"3110",0.121666666666667
"3111",0.121666666666667
"3112",0.121666666666667
"3113",0.121666666666667
"3114",0.121666666666667
"3115",0.128333333333333
"3116",0.125
"3117",0.125
"3118",0.128333333333333
"3119",0.125
"3120",0.125
"3121",0.125
"3122",0.125
"3123",0.125
"3124",0.125
"3125",0.121666666666667
"3126",0.121666666666667
"3127",0.125
"3128",0.121666666666667
"3129",0.121666666666667
"3130",0.121666666666667
"3131",0.121666666666667
"3132",0.121666666666667
"3133",0.125
"3134",0.121666666666667
"3135",0.121666666666667
"3136",0.125
"3137",0.121666666666667
"3138",0.121666666666667
"3139",0.121666666666667
"3140",0.121666666666667
"3141",0.121666666666667
"3142",0.125
"3143",0.121666666666667
"3144",0.121666666666667
"3145",0.125
"3146",0.121666666666667
"3147",0.121666666666667
"3148",0.121666666666667
"3149",0.121666666666667
"3150",0.121666666666667
"3151",0.125
"3152",0.121666666666667
"3153",0.121666666666667
"3154",0.125
"3155",0.121666666666667
"3156",0.121666666666667
"3157",0.121666666666667
"3158",0.121666666666667
"3159",0.121666666666667
"3160",0.123333333333333
"3161",0.12
"3162",0.12
"3163",0.123333333333333
"3164",0.12
"3165",0.12
"3166",0.12
"3167",0.12
"3168",0.12
"3169",0.126666666666667
"3170",0.123333333333333
"3171",0.123333333333333
"3172",0.126666666666667
"3173",0.123333333333333
"3174",0.123333333333333
"3175",0.123333333333333
"3176",0.123333333333333
"3177",0.123333333333333
"3178",0.123333333333333
"3179",0.12
"3180",0.12
"3181",0.123333333333333
"3182",0.12
"3183",0.12
"3184",0.12
"3185",0.12
"3186",0.12
"3187",0.123333333333333
"3188",0.12
"3189",0.12
"3190",0.123333333333333
"3191",0.12
"3192",0.12
"3193",0.12
"3194",0.12
"3195",0.12
"3196",0.125
"3197",0.121666666666667
"3198",0.121666666666667
"3199",0.128333333333333
"3200",0.121666666666667
"3201",0.121666666666667
"3202",0.121666666666667
"3203",0.121666666666667
"3204",0.121666666666667
"3205",0.123333333333333
"3206",0.113333333333333
"3207",0.113333333333333
"3208",0.118333333333333
"3209",0.113333333333333
"3210",0.113333333333333
"3211",0.113333333333333
"3212",0.113333333333333
"3213",0.113333333333333
"3214",0.131666666666667
"3215",0.131666666666667
"3216",0.131666666666667
"3217",0.14
"3218",0.131666666666667
"3219",0.131666666666667
"3220",0.131666666666667
"3221",0.131666666666667
"3222",0.131666666666667
"3223",0.14
"3224",0.14
"3225",0.14
"3226",0.145
"3227",0.14
"3228",0.14
"3229",0.14
"3230",0.14
"3231",0.14
"3232",0.131666666666667
"3233",0.131666666666667
"3234",0.131666666666667
"3235",0.14
"3236",0.131666666666667
"3237",0.131666666666667
"3238",0.131666666666667
"3239",0.131666666666667
"3240",0.131666666666667
"3241",0.123333333333333
"3242",0.12
"3243",0.12
"3244",0.125
"3245",0.12
"3246",0.12
"3247",0.12
"3248",0.12
"3249",0.12
"3250",0.123333333333333
"3251",0.12
"3252",0.12
"3253",0.125
"3254",0.12
"3255",0.12
"3256",0.12
"3257",0.12
"3258",0.12
"3259",0.121666666666667
"3260",0.118333333333333
"3261",0.118333333333333
"3262",0.123333333333333
"3263",0.118333333333333
"3264",0.118333333333333
"3265",0.118333333333333
"3266",0.118333333333333
"3267",0.118333333333333
"3268",0.14
"3269",0.138333333333333
"3270",0.138333333333333
"3271",0.138333333333333
"3272",0.138333333333333
"3273",0.138333333333333
"3274",0.138333333333333
"3275",0.138333333333333
"3276",0.138333333333333
"3277",0.136666666666667
"3278",0.135
"3279",0.135
"3280",0.135
"3281",0.135
"3282",0.135
"3283",0.135
"3284",0.135
"3285",0.135
"3286",0.135
"3287",0.133333333333333
"3288",0.133333333333333
"3289",0.131666666666667
"3290",0.133333333333333
"3291",0.133333333333333
"3292",0.133333333333333
"3293",0.133333333333333
"3294",0.133333333333333
"3295",0.138333333333333
"3296",0.136666666666667
"3297",0.136666666666667
"3298",0.136666666666667
"3299",0.136666666666667
"3300",0.136666666666667
"3301",0.136666666666667
"3302",0.136666666666667
"3303",0.136666666666667
"3304",0.138333333333333
"3305",0.136666666666667
"3306",0.136666666666667
"3307",0.136666666666667
"3308",0.136666666666667
"3309",0.136666666666667
"3310",0.136666666666667
"3311",0.136666666666667
"3312",0.136666666666667
"3313",0.085
"3314",0.08
"3315",0.08
"3316",0.0883333333333333
"3317",0.08
"3318",0.08
"3319",0.08
"3320",0.08
"3321",0.08
"3322",0.0833333333333333
"3323",0.0783333333333333
"3324",0.0783333333333333
"3325",0.0866666666666667
"3326",0.0783333333333333
"3327",0.0783333333333333
"3328",0.0783333333333333
"3329",0.0783333333333333
"3330",0.0783333333333333
"3331",0.0866666666666667
"3332",0.08
"3333",0.08
"3334",0.0866666666666667
"3335",0.08
"3336",0.08
"3337",0.08
"3338",0.08
"3339",0.08
"3340",0.085
"3341",0.08
"3342",0.08
"3343",0.0883333333333333
"3344",0.08
"3345",0.08
"3346",0.08
"3347",0.08
"3348",0.08
"3349",0.0866666666666667
"3350",0.08
"3351",0.08
"3352",0.0866666666666667
"3353",0.08
"3354",0.08
"3355",0.08
"3356",0.08
"3357",0.08
"3358",0.085
"3359",0.08
"3360",0.08
"3361",0.0883333333333333
"3362",0.08
"3363",0.08
"3364",0.08
"3365",0.08
"3366",0.08
"3367",0.0866666666666667
"3368",0.08
"3369",0.08
"3370",0.0866666666666667
"3371",0.08
"3372",0.08
"3373",0.08
"3374",0.08
"3375",0.08
"3376",0.085
"3377",0.08
"3378",0.08
"3379",0.0883333333333333
"3380",0.08
"3381",0.08
"3382",0.08
"3383",0.08
"3384",0.08
"3385",0.0866666666666667
"3386",0.08
"3387",0.08
"3388",0.0866666666666667
"3389",0.08
"3390",0.08
"3391",0.08
"3392",0.08
"3393",0.08
"3394",0.0866666666666667
"3395",0.08
"3396",0.08
"3397",0.0866666666666667
"3398",0.08
"3399",0.08
"3400",0.08
"3401",0.08
"3402",0.08
"3403",0.0866666666666667
"3404",0.08
"3405",0.08
"3406",0.0866666666666667
"3407",0.08
"3408",0.08
"3409",0.08
"3410",0.08
"3411",0.08
"3412",0.085
"3413",0.08
"3414",0.08
"3415",0.0883333333333333
"3416",0.08
"3417",0.08
"3418",0.08
"3419",0.08
"3420",0.08
"3421",0.126666666666667
"3422",0.125
"3423",0.125
"3424",0.125
"3425",0.125
"3426",0.125
"3427",0.125
"3428",0.125
"3429",0.125
"3430",0.126666666666667
"3431",0.125
"3432",0.125
"3433",0.125
"3434",0.125
"3435",0.125
"3436",0.125
"3437",0.125
"3438",0.125
"3439",0.128333333333333
"3440",0.126666666666667
"3441",0.126666666666667
"3442",0.126666666666667
"3443",0.126666666666667
"3444",0.126666666666667
"3445",0.126666666666667
"3446",0.126666666666667
"3447",0.126666666666667
"3448",0.126666666666667
"3449",0.125
"3450",0.125
"3451",0.125
"3452",0.125
"3453",0.125
"3454",0.125
"3455",0.125
"3456",0.125
"3457",0.115
"3458",0.108333333333333
"3459",0.108333333333333
"3460",0.111666666666667
"3461",0.108333333333333
"3462",0.108333333333333
"3463",0.108333333333333
"3464",0.108333333333333
"3465",0.108333333333333
"3466",0.115
"3467",0.108333333333333
"3468",0.108333333333333
"3469",0.111666666666667
"3470",0.108333333333333
"3471",0.108333333333333
"3472",0.108333333333333
"3473",0.108333333333333
"3474",0.108333333333333
"3475",0.115
"3476",0.108333333333333
"3477",0.108333333333333
"3478",0.111666666666667
"3479",0.108333333333333
"3480",0.108333333333333
"3481",0.108333333333333
"3482",0.108333333333333
"3483",0.108333333333333
"3484",0.115
"3485",0.108333333333333
"3486",0.108333333333333
"3487",0.111666666666667
"3488",0.108333333333333
"3489",0.108333333333333
"3490",0.108333333333333
"3491",0.108333333333333
"3492",0.108333333333333
"3493",0.115
"3494",0.108333333333333
"3495",0.108333333333333
"3496",0.116666666666667
"3497",0.108333333333333
"3498",0.108333333333333
"3499",0.108333333333333
"3500",0.108333333333333
"3501",0.108333333333333
"3502",0.115
"3503",0.108333333333333
"3504",0.108333333333333
"3505",0.111666666666667
"3506",0.108333333333333
"3507",0.108333333333333
"3508",0.108333333333333
"3509",0.108333333333333
"3510",0.108333333333333
"3511",0.116666666666667
"3512",0.11
"3513",0.11
"3514",0.113333333333333
"3515",0.11
"3516",0.11
"3517",0.11
"3518",0.11
"3519",0.11
"3520",0.113333333333333
"3521",0.106666666666667
"3522",0.106666666666667
"3523",0.11
"3524",0.106666666666667
"3525",0.106666666666667
"3526",0.106666666666667
"3527",0.106666666666667
"3528",0.106666666666667
"3529",0.118333333333333
"3530",0.111666666666667
"3531",0.111666666666667
"3532",0.115
"3533",0.111666666666667
"3534",0.111666666666667
"3535",0.111666666666667
"3536",0.111666666666667
"3537",0.111666666666667
"3538",0.115
"3539",0.108333333333333
"3540",0.108333333333333
"3541",0.111666666666667
"3542",0.108333333333333
"3543",0.108333333333333
"3544",0.108333333333333
"3545",0.108333333333333
"3546",0.108333333333333
"3547",0.12
"3548",0.116666666666667
"3549",0.116666666666667
"3550",0.121666666666667
"3551",0.116666666666667
"3552",0.116666666666667
"3553",0.116666666666667
"3554",0.116666666666667
"3555",0.116666666666667
"3556",0.12
"3557",0.116666666666667
"3558",0.116666666666667
"3559",0.121666666666667
"3560",0.116666666666667
"3561",0.116666666666667
"3562",0.116666666666667
"3563",0.116666666666667
"3564",0.116666666666667
"3565",0.12
"3566",0.116666666666667
"3567",0.116666666666667
"3568",0.121666666666667
"3569",0.116666666666667
"3570",0.116666666666667
"3571",0.116666666666667
"3572",0.116666666666667
"3573",0.116666666666667
"3574",0.101666666666667
"3575",0.0966666666666667
"3576",0.0966666666666667
"3577",0.105
"3578",0.0966666666666667
"3579",0.0966666666666667
"3580",0.0966666666666667
"3581",0.0966666666666667
"3582",0.0966666666666667
"3583",0.103333333333333
"3584",0.095
"3585",0.095
"3586",0.103333333333333
"3587",0.095
"3588",0.095
"3589",0.095
"3590",0.095
"3591",0.095
"3592",0.0916666666666667
"3593",0.0866666666666667
"3594",0.0866666666666667
"3595",0.0966666666666667
"3596",0.0866666666666667
"3597",0.0866666666666667
"3598",0.0866666666666667
"3599",0.0866666666666667
"3600",0.0866666666666667
"3601",0.0916666666666667
"3602",0.0866666666666667
"3603",0.0866666666666667
"3604",0.0966666666666667
"3605",0.0866666666666667
"3606",0.0866666666666667
"3607",0.0866666666666667
"3608",0.0866666666666667
"3609",0.0866666666666667
"3610",0.125
"3611",0.118333333333333
"3612",0.118333333333333
"3613",0.126666666666667
"3614",0.118333333333333
"3615",0.118333333333333
"3616",0.118333333333333
"3617",0.118333333333333
"3618",0.118333333333333
"3619",0.128333333333333
"3620",0.121666666666667
"3621",0.121666666666667
"3622",0.13
"3623",0.121666666666667
"3624",0.121666666666667
"3625",0.121666666666667
"3626",0.121666666666667
"3627",0.121666666666667
"3628",0.125
"3629",0.118333333333333
"3630",0.118333333333333
"3631",0.126666666666667
"3632",0.118333333333333
"3633",0.118333333333333
"3634",0.118333333333333
"3635",0.118333333333333
"3636",0.118333333333333
"3637",0.125
"3638",0.118333333333333
"3639",0.118333333333333
"3640",0.126666666666667
"3641",0.118333333333333
"3642",0.118333333333333
"3643",0.118333333333333
"3644",0.118333333333333
"3645",0.118333333333333
"3646",0.131666666666667
"3647",0.125
"3648",0.125
"3649",0.133333333333333
"3650",0.125
"3651",0.125
"3652",0.125
"3653",0.125
"3654",0.125
"3655",0.128333333333333
"3656",0.121666666666667
"3657",0.121666666666667
"3658",0.126666666666667
"3659",0.121666666666667
"3660",0.121666666666667
"3661",0.121666666666667
"3662",0.121666666666667
"3663",0.121666666666667
"3664",0.128333333333333
"3665",0.121666666666667
"3666",0.121666666666667
"3667",0.126666666666667
"3668",0.121666666666667
"3669",0.121666666666667
"3670",0.121666666666667
"3671",0.121666666666667
"3672",0.121666666666667
"3673",0.131666666666667
"3674",0.125
"3675",0.125
"3676",0.133333333333333
"3677",0.125
"3678",0.125
"3679",0.125
"3680",0.125
"3681",0.125
"3682",0.128333333333333
"3683",0.121666666666667
"3684",0.121666666666667
"3685",0.126666666666667
"3686",0.121666666666667
"3687",0.121666666666667
"3688",0.121666666666667
"3689",0.121666666666667
"3690",0.121666666666667
"3691",0.128333333333333
"3692",0.121666666666667
"3693",0.121666666666667
"3694",0.126666666666667
"3695",0.121666666666667
"3696",0.121666666666667
"3697",0.121666666666667
"3698",0.121666666666667
"3699",0.121666666666667
"3700",0.125
"3701",0.118333333333333
"3702",0.118333333333333
"3703",0.126666666666667
"3704",0.118333333333333
"3705",0.118333333333333
"3706",0.118333333333333
"3707",0.118333333333333
"3708",0.118333333333333
"3709",0.128333333333333
"3710",0.121666666666667
"3711",0.121666666666667
"3712",0.126666666666667
"3713",0.121666666666667
"3714",0.121666666666667
"3715",0.121666666666667
"3716",0.121666666666667
"3717",0.121666666666667
"3718",0.133333333333333
"3719",0.126666666666667
"3720",0.126666666666667
"3721",0.131666666666667
"3722",0.126666666666667
"3723",0.126666666666667
"3724",0.126666666666667
"3725",0.126666666666667
"3726",0.126666666666667
"3727",0.131666666666667
"3728",0.125
"3729",0.125
"3730",0.13
"3731",0.125
"3732",0.125
"3733",0.125
"3734",0.125
"3735",0.125
"3736",0.125
"3737",0.118333333333333
"3738",0.118333333333333
"3739",0.126666666666667
"3740",0.118333333333333
"3741",0.118333333333333
"3742",0.118333333333333
"3743",0.118333333333333
"3744",0.118333333333333
"3745",0.128333333333333
"3746",0.121666666666667
"3747",0.121666666666667
"3748",0.126666666666667
"3749",0.121666666666667
"3750",0.121666666666667
"3751",0.121666666666667
"3752",0.121666666666667
"3753",0.121666666666667
"3754",0.128333333333333
"3755",0.121666666666667
"3756",0.121666666666667
"3757",0.126666666666667
"3758",0.121666666666667
"3759",0.121666666666667
"3760",0.121666666666667
"3761",0.121666666666667
"3762",0.121666666666667
"3763",0.13
"3764",0.12
"3765",0.12
"3766",0.125
"3767",0.12
"3768",0.12
"3769",0.12
"3770",0.12
"3771",0.12
"3772",0.135
"3773",0.128333333333333
"3774",0.128333333333333
"3775",0.133333333333333
"3776",0.128333333333333
"3777",0.128333333333333
"3778",0.128333333333333
"3779",0.128333333333333
"3780",0.128333333333333
"3781",0.13
"3782",0.12
"3783",0.12
"3784",0.125
"3785",0.12
"3786",0.12
"3787",0.12
"3788",0.12
"3789",0.12
"3790",0.13
"3791",0.12
"3792",0.12
"3793",0.125
"3794",0.12
"3795",0.12
"3796",0.12
"3797",0.12
"3798",0.12
"3799",0.13
"3800",0.12
"3801",0.12
"3802",0.125
"3803",0.12
"3804",0.12
"3805",0.12
"3806",0.12
"3807",0.12
"3808",0.133333333333333
"3809",0.126666666666667
"3810",0.126666666666667
"3811",0.131666666666667
"3812",0.126666666666667
"3813",0.126666666666667
"3814",0.126666666666667
"3815",0.126666666666667
"3816",0.126666666666667
"3817",0.125
"3818",0.118333333333333
"3819",0.118333333333333
"3820",0.126666666666667
"3821",0.118333333333333
"3822",0.118333333333333
"3823",0.118333333333333
"3824",0.118333333333333
"3825",0.118333333333333
"3826",0.128333333333333
"3827",0.121666666666667
"3828",0.121666666666667
"3829",0.126666666666667
"3830",0.121666666666667
"3831",0.121666666666667
"3832",0.121666666666667
"3833",0.121666666666667
"3834",0.121666666666667
"3835",0.128333333333333
"3836",0.121666666666667
"3837",0.121666666666667
"3838",0.126666666666667
"3839",0.121666666666667
"3840",0.121666666666667
"3841",0.121666666666667
"3842",0.121666666666667
"3843",0.121666666666667
"3844",0.128333333333333
"3845",0.121666666666667
"3846",0.121666666666667
"3847",0.126666666666667
"3848",0.121666666666667
"3849",0.121666666666667
"3850",0.121666666666667
"3851",0.121666666666667
"3852",0.121666666666667
"3853",0.095
"3854",0.095
"3855",0.095
"3856",0.103333333333333
"3857",0.095
"3858",0.095
"3859",0.095
"3860",0.095
"3861",0.095
"3862",0.11
"3863",0.11
"3864",0.11
"3865",0.113333333333333
"3866",0.11
"3867",0.11
"3868",0.11
"3869",0.11
"3870",0.11
"3871",0.11
"3872",0.11
"3873",0.11
"3874",0.11
"3875",0.11
"3876",0.11
"3877",0.11
"3878",0.11
"3879",0.11
"3880",0.108333333333333
"3881",0.108333333333333
"3882",0.108333333333333
"3883",0.111666666666667
"3884",0.108333333333333
"3885",0.108333333333333
"3886",0.108333333333333
"3887",0.108333333333333
"3888",0.108333333333333
"3889",0.131666666666667
"3890",0.131666666666667
"3891",0.131666666666667
"3892",0.135
"3893",0.131666666666667
"3894",0.131666666666667
"3895",0.131666666666667
"3896",0.131666666666667
"3897",0.131666666666667
"3898",0.131666666666667
"3899",0.131666666666667
"3900",0.131666666666667
"3901",0.135
"3902",0.131666666666667
"3903",0.131666666666667
"3904",0.131666666666667
"3905",0.131666666666667
"3906",0.131666666666667
"3907",0.131666666666667
"3908",0.131666666666667
"3909",0.131666666666667
"3910",0.135
"3911",0.131666666666667
"3912",0.131666666666667
"3913",0.131666666666667
"3914",0.131666666666667
"3915",0.131666666666667
"3916",0.128333333333333
"3917",0.126666666666667
"3918",0.126666666666667
"3919",0.13
"3920",0.126666666666667
"3921",0.126666666666667
"3922",0.126666666666667
"3923",0.126666666666667
"3924",0.126666666666667
"3925",0.126666666666667
"3926",0.125
"3927",0.125
"3928",0.128333333333333
"3929",0.125
"3930",0.125
"3931",0.125
"3932",0.125
"3933",0.125
"3934",0.128333333333333
"3935",0.126666666666667
"3936",0.126666666666667
"3937",0.13
"3938",0.126666666666667
"3939",0.126666666666667
"3940",0.126666666666667
"3941",0.126666666666667
"3942",0.126666666666667
"3943",0.128333333333333
"3944",0.126666666666667
"3945",0.126666666666667
"3946",0.13
"3947",0.126666666666667
"3948",0.126666666666667
"3949",0.126666666666667
"3950",0.126666666666667
"3951",0.126666666666667
"3952",0.128333333333333
"3953",0.126666666666667
"3954",0.126666666666667
"3955",0.13
"3956",0.126666666666667
"3957",0.126666666666667
"3958",0.126666666666667
"3959",0.126666666666667
"3960",0.126666666666667
"3961",0.128333333333333
"3962",0.126666666666667
"3963",0.126666666666667
"3964",0.13
"3965",0.126666666666667
"3966",0.126666666666667
"3967",0.126666666666667
"3968",0.126666666666667
"3969",0.126666666666667
"3970",0.128333333333333
"3971",0.126666666666667
"3972",0.126666666666667
"3973",0.13
"3974",0.126666666666667
"3975",0.126666666666667
"3976",0.126666666666667
"3977",0.126666666666667
"3978",0.126666666666667
"3979",0.128333333333333
"3980",0.126666666666667
"3981",0.126666666666667
"3982",0.13
"3983",0.126666666666667
"3984",0.126666666666667
"3985",0.126666666666667
"3986",0.126666666666667
"3987",0.126666666666667
"3988",0.128333333333333
"3989",0.126666666666667
"3990",0.126666666666667
"3991",0.13
"3992",0.126666666666667
"3993",0.126666666666667
"3994",0.126666666666667
"3995",0.126666666666667
"3996",0.126666666666667
"3997",0.128333333333333
"3998",0.126666666666667
"3999",0.126666666666667
"4000",0.13
"4001",0.126666666666667
"4002",0.126666666666667
"4003",0.126666666666667
"4004",0.126666666666667
"4005",0.126666666666667
"4006",0.128333333333333
"4007",0.126666666666667
"4008",0.126666666666667
"4009",0.13
"4010",0.126666666666667
"4011",0.126666666666667
"4012",0.126666666666667
"4013",0.126666666666667
"4014",0.126666666666667
"4015",0.128333333333333
"4016",0.126666666666667
"4017",0.126666666666667
"4018",0.13
"4019",0.126666666666667
"4020",0.126666666666667
"4021",0.126666666666667
"4022",0.126666666666667
"4023",0.126666666666667
"4024",0.128333333333333
"4025",0.126666666666667
"4026",0.126666666666667
"4027",0.13
"4028",0.126666666666667
"4029",0.126666666666667
"4030",0.126666666666667
"4031",0.126666666666667
"4032",0.126666666666667
"4033",0.128333333333333
"4034",0.126666666666667
"4035",0.126666666666667
"4036",0.13
"4037",0.126666666666667
"4038",0.126666666666667
"4039",0.126666666666667
"4040",0.126666666666667
"4041",0.126666666666667
"4042",0.128333333333333
"4043",0.126666666666667
"4044",0.126666666666667
"4045",0.13
"4046",0.126666666666667
"4047",0.126666666666667
"4048",0.126666666666667
"4049",0.126666666666667
"4050",0.126666666666667
"4051",0.128333333333333
"4052",0.126666666666667
"4053",0.126666666666667
"4054",0.13
"4055",0.126666666666667
"4056",0.126666666666667
"4057",0.126666666666667
"4058",0.126666666666667
"4059",0.126666666666667
"4060",0.135
"4061",0.133333333333333
"4062",0.133333333333333
"4063",0.131666666666667
"4064",0.133333333333333
"4065",0.133333333333333
"4066",0.133333333333333
"4067",0.133333333333333
"4068",0.133333333333333
"4069",0.135
"4070",0.133333333333333
"4071",0.133333333333333
"4072",0.135
"4073",0.133333333333333
"4074",0.133333333333333
"4075",0.133333333333333
"4076",0.133333333333333
"4077",0.133333333333333
"4078",0.135
"4079",0.133333333333333
"4080",0.133333333333333
"4081",0.131666666666667
"4082",0.133333333333333
"4083",0.133333333333333
"4084",0.133333333333333
"4085",0.133333333333333
"4086",0.133333333333333
"4087",0.126666666666667
"4088",0.116666666666667
"4089",0.116666666666667
"4090",0.121666666666667
"4091",0.116666666666667
"4092",0.116666666666667
"4093",0.116666666666667
"4094",0.116666666666667
"4095",0.116666666666667
"4096",0.126666666666667
"4097",0.116666666666667
"4098",0.116666666666667
"4099",0.121666666666667
"4100",0.116666666666667
"4101",0.116666666666667
"4102",0.116666666666667
"4103",0.116666666666667
"4104",0.116666666666667
"4105",0.126666666666667
"4106",0.116666666666667
"4107",0.116666666666667
"4108",0.121666666666667
"4109",0.116666666666667
"4110",0.116666666666667
"4111",0.116666666666667
"4112",0.116666666666667
"4113",0.116666666666667
"4114",0.095
"4115",0.09
"4116",0.09
"4117",0.0933333333333333
"4118",0.09
"4119",0.09
"4120",0.09
"4121",0.09
"4122",0.09
"4123",0.0983333333333333
"4124",0.0933333333333333
"4125",0.0933333333333333
"4126",0.0933333333333333
"4127",0.0933333333333333
"4128",0.0933333333333333
"4129",0.0933333333333333
"4130",0.0933333333333333
"4131",0.0933333333333333
"4132",0.0933333333333333
"4133",0.0883333333333333
"4134",0.0883333333333333
"4135",0.0916666666666667
"4136",0.0883333333333333
"4137",0.0883333333333333
"4138",0.0883333333333333
"4139",0.0883333333333333
"4140",0.0883333333333333
"4141",0.0933333333333333
"4142",0.0883333333333333
"4143",0.0883333333333333
"4144",0.0916666666666667
"4145",0.0883333333333333
"4146",0.0883333333333333
"4147",0.0883333333333333
"4148",0.0883333333333333
"4149",0.0883333333333333
"4150",0.0983333333333333
"4151",0.0933333333333333
"4152",0.0933333333333333
"4153",0.0933333333333333
"4154",0.0933333333333333
"4155",0.0933333333333333
"4156",0.0933333333333333
"4157",0.0933333333333333
"4158",0.0933333333333333
"4159",0.0966666666666667
"4160",0.0916666666666667
"4161",0.0916666666666667
"4162",0.095
"4163",0.0916666666666667
"4164",0.0916666666666667
"4165",0.0916666666666667
"4166",0.0916666666666667
"4167",0.0916666666666667
"4168",0.0966666666666667
"4169",0.0916666666666667
"4170",0.0916666666666667
"4171",0.095
"4172",0.0916666666666667
"4173",0.0916666666666667
"4174",0.0916666666666667
"4175",0.0916666666666667
"4176",0.0916666666666667
"4177",0.1
"4178",0.095
"4179",0.095
"4180",0.0983333333333333
"4181",0.095
"4182",0.095
"4183",0.095
"4184",0.095
"4185",0.095
"4186",0.095
"4187",0.0866666666666667
"4188",0.0866666666666667
"4189",0.0933333333333333
"4190",0.0866666666666667
"4191",0.0866666666666667
"4192",0.0866666666666667
"4193",0.0866666666666667
"4194",0.0866666666666667
"4195",0.0933333333333333
"4196",0.0883333333333333
"4197",0.0883333333333333
"4198",0.095
"4199",0.0883333333333333
"4200",0.0883333333333333
"4201",0.0883333333333333
"4202",0.0883333333333333
"4203",0.0883333333333333
"4204",0.095
"4205",0.09
"4206",0.09
"4207",0.0933333333333333
"4208",0.09
"4209",0.09
"4210",0.09
"4211",0.09
"4212",0.09
"4213",0.0983333333333333
"4214",0.0933333333333333
"4215",0.0933333333333333
"4216",0.0933333333333333
"4217",0.0933333333333333
"4218",0.0933333333333333
"4219",0.0933333333333333
"4220",0.0933333333333333
"4221",0.0933333333333333
"4222",0.095
"4223",0.09
"4224",0.09
"4225",0.0933333333333333
"4226",0.09
"4227",0.09
"4228",0.09
"4229",0.09
"4230",0.09
"4231",0.126666666666667
"4232",0.118333333333333
"4233",0.118333333333333
"4234",0.123333333333333
"4235",0.118333333333333
"4236",0.118333333333333
"4237",0.118333333333333
"4238",0.118333333333333
"4239",0.118333333333333
"4240",0.13
"4241",0.121666666666667
"4242",0.121666666666667
"4243",0.126666666666667
"4244",0.121666666666667
"4245",0.121666666666667
"4246",0.121666666666667
"4247",0.121666666666667
"4248",0.121666666666667
"4249",0.13
"4250",0.121666666666667
"4251",0.121666666666667
"4252",0.126666666666667
"4253",0.121666666666667
"4254",0.121666666666667
"4255",0.121666666666667
"4256",0.121666666666667
"4257",0.121666666666667
"4258",0.128333333333333
"4259",0.12
"4260",0.12
"4261",0.125
"4262",0.12
"4263",0.12
"4264",0.12
"4265",0.12
"4266",0.12
"4267",0.13
"4268",0.121666666666667
"4269",0.121666666666667
"4270",0.123333333333333
"4271",0.121666666666667
"4272",0.121666666666667
"4273",0.121666666666667
"4274",0.121666666666667
"4275",0.121666666666667
"4276",0.126666666666667
"4277",0.118333333333333
"4278",0.118333333333333
"4279",0.123333333333333
"4280",0.118333333333333
"4281",0.118333333333333
"4282",0.118333333333333
"4283",0.118333333333333
"4284",0.118333333333333
"4285",0.128333333333333
"4286",0.12
"4287",0.12
"4288",0.125
"4289",0.12
"4290",0.12
"4291",0.12
"4292",0.12
"4293",0.12
"4294",0.128333333333333
"4295",0.12
"4296",0.12
"4297",0.125
"4298",0.12
"4299",0.12
"4300",0.12
"4301",0.12
"4302",0.12
"4303",0.131666666666667
"4304",0.123333333333333
"4305",0.123333333333333
"4306",0.128333333333333
"4307",0.123333333333333
"4308",0.123333333333333
"4309",0.123333333333333
"4310",0.123333333333333
"4311",0.123333333333333
"4312",0.13
"4313",0.121666666666667
"4314",0.121666666666667
"4315",0.13
"4316",0.121666666666667
"4317",0.121666666666667
"4318",0.121666666666667
"4319",0.121666666666667
"4320",0.121666666666667
"4321",0.128333333333333
"4322",0.12
"4323",0.12
"4324",0.125
"4325",0.12
"4326",0.12
"4327",0.12
"4328",0.12
"4329",0.12
"4330",0.126666666666667
"4331",0.118333333333333
"4332",0.118333333333333
"4333",0.126666666666667
"4334",0.118333333333333
"4335",0.118333333333333
"4336",0.118333333333333
"4337",0.118333333333333
"4338",0.118333333333333
"4339",0.103333333333333
"4340",0.1
"4341",0.1
"4342",0.105
"4343",0.1
"4344",0.1
"4345",0.1
"4346",0.1
"4347",0.1
"4348",0.101666666666667
"4349",0.0983333333333333
"4350",0.0983333333333333
"4351",0.106666666666667
"4352",0.0983333333333333
"4353",0.0983333333333333
"4354",0.0983333333333333
"4355",0.0983333333333333
"4356",0.0983333333333333
"4357",0.103333333333333
"4358",0.1
"4359",0.1
"4360",0.108333333333333
"4361",0.1
"4362",0.1
"4363",0.1
"4364",0.1
"4365",0.1
"4366",0.103333333333333
"4367",0.1
"4368",0.1
"4369",0.105
"4370",0.1
"4371",0.1
"4372",0.1
"4373",0.1
"4374",0.1
"4375",0.101666666666667
"4376",0.0983333333333333
"4377",0.0983333333333333
"4378",0.106666666666667
"4379",0.0983333333333333
"4380",0.0983333333333333
"4381",0.0983333333333333
"4382",0.0983333333333333
"4383",0.0983333333333333
"4384",0.103333333333333
"4385",0.1
"4386",0.1
"4387",0.108333333333333
"4388",0.1
"4389",0.1
"4390",0.1
"4391",0.1
"4392",0.1
"4393",0.103333333333333
"4394",0.1
"4395",0.1
"4396",0.105
"4397",0.1
"4398",0.1
"4399",0.1
"4400",0.1
"4401",0.1
"4402",0.103333333333333
"4403",0.1
"4404",0.1
"4405",0.105
"4406",0.1
"4407",0.1
"4408",0.1
"4409",0.1
"4410",0.1
"4411",0.108333333333333
"4412",0.106666666666667
"4413",0.106666666666667
"4414",0.11
"4415",0.106666666666667
"4416",0.106666666666667
"4417",0.106666666666667
"4418",0.106666666666667
"4419",0.106666666666667
"4420",0.133333333333333
"4421",0.133333333333333
"4422",0.133333333333333
"4423",0.135
"4424",0.133333333333333
"4425",0.133333333333333
"4426",0.133333333333333
"4427",0.133333333333333
"4428",0.133333333333333
"4429",0.135
"4430",0.135
"4431",0.135
"4432",0.136666666666667
"4433",0.135
"4434",0.135
"4435",0.135
"4436",0.135
"4437",0.135
"4438",0.103333333333333
"4439",0.1
"4440",0.1
"4441",0.101666666666667
"4442",0.1
"4443",0.1
"4444",0.1
"4445",0.1
"4446",0.1
"4447",0.103333333333333
"4448",0.1
"4449",0.1
"4450",0.101666666666667
"4451",0.1
"4452",0.1
"4453",0.1
"4454",0.1
"4455",0.1
"4456",0.0883333333333333
"4457",0.0833333333333333
"4458",0.0833333333333333
"4459",0.09
"4460",0.0833333333333333
"4461",0.0833333333333333
"4462",0.0833333333333333
"4463",0.0833333333333333
"4464",0.0833333333333333
"4465",0.0883333333333333
"4466",0.0833333333333333
"4467",0.0833333333333333
"4468",0.09
"4469",0.0833333333333333
"4470",0.0833333333333333
"4471",0.0833333333333333
"4472",0.0833333333333333
"4473",0.0833333333333333
"4474",0.0883333333333333
"4475",0.0833333333333333
"4476",0.0833333333333333
"4477",0.09
"4478",0.0833333333333333
"4479",0.0833333333333333
"4480",0.0833333333333333
"4481",0.0833333333333333
"4482",0.0833333333333333
"4483",0.0883333333333333
"4484",0.0833333333333333
"4485",0.0833333333333333
"4486",0.09
"4487",0.0833333333333333
"4488",0.0833333333333333
"4489",0.0833333333333333
"4490",0.0833333333333333
"4491",0.0833333333333333
"4492",0.0883333333333333
"4493",0.0833333333333333
"4494",0.0833333333333333
"4495",0.09
"4496",0.0833333333333333
"4497",0.0833333333333333
"4498",0.0833333333333333
"4499",0.0833333333333333
"4500",0.0833333333333333
"4501",0.0883333333333333
"4502",0.0833333333333333
"4503",0.0833333333333333
"4504",0.09
"4505",0.0833333333333333
"4506",0.0833333333333333
"4507",0.0833333333333333
"4508",0.0833333333333333
"4509",0.0833333333333333
"4510",0.0883333333333333
"4511",0.0833333333333333
"4512",0.0833333333333333
"4513",0.09
"4514",0.0833333333333333
"4515",0.0833333333333333
"4516",0.0833333333333333
"4517",0.0833333333333333
"4518",0.0833333333333333
"4519",0.0883333333333333
"4520",0.0833333333333333
"4521",0.0833333333333333
"4522",0.09
"4523",0.0833333333333333
"4524",0.0833333333333333
"4525",0.0833333333333333
"4526",0.0833333333333333
"4527",0.0833333333333333
"4528",0.0883333333333333
"4529",0.0833333333333333
"4530",0.0833333333333333
"4531",0.09
"4532",0.0833333333333333
"4533",0.0833333333333333
"4534",0.0833333333333333
"4535",0.0833333333333333
"4536",0.0833333333333333
"4537",0.0866666666666667
"4538",0.0816666666666667
"4539",0.0816666666666667
"4540",0.0883333333333333
"4541",0.0816666666666667
"4542",0.0816666666666667
"4543",0.0816666666666667
"4544",0.0816666666666667
"4545",0.0816666666666667
"4546",0.0883333333333333
"4547",0.0833333333333333
"4548",0.0833333333333333
"4549",0.09
"4550",0.0833333333333333
"4551",0.0833333333333333
"4552",0.0833333333333333
"4553",0.0833333333333333
"4554",0.0833333333333333
"4555",0.0883333333333333
"4556",0.0833333333333333
"4557",0.0833333333333333
"4558",0.09
"4559",0.0833333333333333
"4560",0.0833333333333333
"4561",0.0833333333333333
"4562",0.0833333333333333
"4563",0.0833333333333333
"4564",0.138333333333333
"4565",0.136666666666667
"4566",0.136666666666667
"4567",0.136666666666667
"4568",0.136666666666667
"4569",0.136666666666667
"4570",0.136666666666667
"4571",0.136666666666667
"4572",0.136666666666667
"4573",0.148333333333333
"4574",0.15
"4575",0.15
"4576",0.15
"4577",0.15
"4578",0.15
"4579",0.15
"4580",0.15
"4581",0.15
"4582",0.133333333333333
"4583",0.126666666666667
"4584",0.126666666666667
"4585",0.131666666666667
"4586",0.126666666666667
"4587",0.126666666666667
"4588",0.126666666666667
"4589",0.126666666666667
"4590",0.126666666666667
"4591",0.133333333333333
"4592",0.126666666666667
"4593",0.126666666666667
"4594",0.131666666666667
"4595",0.126666666666667
"4596",0.126666666666667
"4597",0.126666666666667
"4598",0.126666666666667
"4599",0.126666666666667
"4600",0.146666666666667
"4601",0.148333333333333
"4602",0.148333333333333
"4603",0.148333333333333
"4604",0.148333333333333
"4605",0.148333333333333
"4606",0.148333333333333
"4607",0.148333333333333
"4608",0.148333333333333
"4609",0.126666666666667
"4610",0.125
"4611",0.125
"4612",0.125
"4613",0.125
"4614",0.125
"4615",0.125
"4616",0.125
"4617",0.125
"4618",0.115
"4619",0.108333333333333
"4620",0.108333333333333
"4621",0.111666666666667
"4622",0.108333333333333
"4623",0.108333333333333
"4624",0.108333333333333
"4625",0.108333333333333
"4626",0.108333333333333
"4627",0.11
"4628",0.11
"4629",0.11
"4630",0.116666666666667
"4631",0.11
"4632",0.11
"4633",0.11
"4634",0.11
"4635",0.11
"4636",0.108333333333333
"4637",0.108333333333333
"4638",0.108333333333333
"4639",0.111666666666667
"4640",0.108333333333333
"4641",0.108333333333333
"4642",0.108333333333333
"4643",0.108333333333333
"4644",0.108333333333333
"4645",0.108333333333333
"4646",0.108333333333333
"4647",0.108333333333333
"4648",0.111666666666667
"4649",0.108333333333333
"4650",0.108333333333333
"4651",0.108333333333333
"4652",0.108333333333333
"4653",0.108333333333333
"4654",0.11
"4655",0.11
"4656",0.11
"4657",0.11
"4658",0.11
"4659",0.11
"4660",0.11
"4661",0.11
"4662",0.11
"4663",0.11
"4664",0.11
"4665",0.11
"4666",0.116666666666667
"4667",0.11
"4668",0.11
"4669",0.11
"4670",0.11
"4671",0.11
"4672",0.13
"4673",0.128333333333333
"4674",0.128333333333333
"4675",0.131666666666667
"4676",0.128333333333333
"4677",0.128333333333333
"4678",0.128333333333333
"4679",0.128333333333333
"4680",0.128333333333333
"4681",0.126666666666667
"4682",0.125
"4683",0.125
"4684",0.128333333333333
"4685",0.125
"4686",0.125
"4687",0.125
"4688",0.125
"4689",0.125
"4690",0.128333333333333
"4691",0.126666666666667
"4692",0.126666666666667
"4693",0.13
"4694",0.126666666666667
"4695",0.126666666666667
"4696",0.126666666666667
"4697",0.126666666666667
"4698",0.126666666666667
"4699",0.128333333333333
"4700",0.126666666666667
"4701",0.126666666666667
"4702",0.13
"4703",0.126666666666667
"4704",0.126666666666667
"4705",0.126666666666667
"4706",0.126666666666667
"4707",0.126666666666667
"4708",0.128333333333333
"4709",0.126666666666667
"4710",0.126666666666667
"4711",0.13
"4712",0.126666666666667
"4713",0.126666666666667
"4714",0.126666666666667
"4715",0.126666666666667
"4716",0.126666666666667
"4717",0.128333333333333
"4718",0.126666666666667
"4719",0.126666666666667
"4720",0.13
"4721",0.126666666666667
"4722",0.126666666666667
"4723",0.126666666666667
"4724",0.126666666666667
"4725",0.126666666666667
"4726",0.136666666666667
"4727",0.135
"4728",0.135
"4729",0.135
"4730",0.135
"4731",0.135
"4732",0.135
"4733",0.135
"4734",0.135
"4735",0.136666666666667
"4736",0.135
"4737",0.135
"4738",0.135
"4739",0.135
"4740",0.135
"4741",0.135
"4742",0.135
"4743",0.135
"4744",0.113333333333333
"4745",0.128333333333333
"4746",0.128333333333333
"4747",0.113333333333333
"4748",0.128333333333333
"4749",0.128333333333333
"4750",0.108333333333333
"4751",0.123333333333333
"4752",0.123333333333333
"4753",0.113333333333333
"4754",0.128333333333333
"4755",0.128333333333333
"4756",0.113333333333333
"4757",0.128333333333333
"4758",0.128333333333333
"4759",0.11
"4760",0.123333333333333
"4761",0.123333333333333
"4762",0.111666666666667
"4763",0.125
"4764",0.125
"4765",0.111666666666667
"4766",0.125
"4767",0.125
"4768",0.111666666666667
"4769",0.125
"4770",0.125
"4771",0.11
"4772",0.123333333333333
"4773",0.123333333333333
"4774",0.111666666666667
"4775",0.125
"4776",0.125
"4777",0.111666666666667
"4778",0.125
"4779",0.125
"4780",0.113333333333333
"4781",0.123333333333333
"4782",0.123333333333333
"4783",0.111666666666667
"4784",0.125
"4785",0.125
"4786",0.11
"4787",0.123333333333333
"4788",0.123333333333333
"4789",0.111666666666667
"4790",0.125
"4791",0.125
"4792",0.11
"4793",0.123333333333333
"4794",0.123333333333333
"4795",0.111666666666667
"4796",0.125
"4797",0.125
"4798",0.111666666666667
"4799",0.125
"4800",0.125
"4801",0.111666666666667
"4802",0.125
"4803",0.125
"4804",0.111666666666667
"4805",0.125
"4806",0.125
"4807",0.095
"4808",0.101666666666667
"4809",0.101666666666667
"4810",0.0966666666666667
"4811",0.103333333333333
"4812",0.103333333333333
"4813",0.095
"4814",0.101666666666667
"4815",0.101666666666667
"4816",0.0966666666666667
"4817",0.103333333333333
"4818",0.103333333333333
"4819",0.0966666666666667
"4820",0.103333333333333
"4821",0.103333333333333
"4822",0.0933333333333333
"4823",0.1
"4824",0.1
"4825",0.095
"4826",0.101666666666667
"4827",0.101666666666667
"4828",0.095
"4829",0.101666666666667
"4830",0.101666666666667
"4831",0.095
"4832",0.101666666666667
"4833",0.101666666666667
"4834",0.0966666666666667
"4835",0.103333333333333
"4836",0.103333333333333
"4837",0.095
"4838",0.101666666666667
"4839",0.101666666666667
"4840",0.095
"4841",0.101666666666667
"4842",0.101666666666667
"4843",0.095
"4844",0.101666666666667
"4845",0.101666666666667
"4846",0.095
"4847",0.101666666666667
"4848",0.101666666666667
"4849",0.095
"4850",0.101666666666667
"4851",0.101666666666667
"4852",0.095
"4853",0.101666666666667
"4854",0.101666666666667
"4855",0.0966666666666667
"4856",0.103333333333333
"4857",0.103333333333333
"4858",0.095
"4859",0.101666666666667
"4860",0.101666666666667
"4861",0.095
"4862",0.101666666666667
"4863",0.101666666666667
"4864",0.0933333333333333
"4865",0.1
"4866",0.1
"4867",0.095
"4868",0.101666666666667
"4869",0.101666666666667
"4870",0.0966666666666667
"4871",0.103333333333333
"4872",0.103333333333333
"4873",0.095
"4874",0.101666666666667
"4875",0.101666666666667
"4876",0.095
"4877",0.101666666666667
"4878",0.101666666666667
"4879",0.095
"4880",0.101666666666667
"4881",0.101666666666667
"4882",0.0966666666666667
"4883",0.103333333333333
"4884",0.103333333333333
"4885",0.0966666666666667
"4886",0.103333333333333
"4887",0.103333333333333
"4888",0.095
"4889",0.101666666666667
"4890",0.101666666666667
"4891",0.095
"4892",0.101666666666667
"4893",0.101666666666667
"4894",0.0966666666666667
"4895",0.103333333333333
"4896",0.103333333333333
"4897",0.095
"4898",0.101666666666667
"4899",0.101666666666667
"4900",0.095
"4901",0.101666666666667
"4902",0.101666666666667
"4903",0.095
"4904",0.101666666666667
"4905",0.101666666666667
"4906",0.095
"4907",0.101666666666667
"4908",0.101666666666667
"4909",0.0966666666666667
"4910",0.103333333333333
"4911",0.103333333333333
"4912",0.0966666666666667
"4913",0.103333333333333
"4914",0.103333333333333
"4915",0.095
"4916",0.101666666666667
"4917",0.101666666666667
"4918",0.095
"4919",0.101666666666667
"4920",0.101666666666667
"4921",0.095
"4922",0.101666666666667
"4923",0.101666666666667
"4924",0.095
"4925",0.101666666666667
"4926",0.101666666666667
"4927",0.095
"4928",0.101666666666667
"4929",0.101666666666667
"4930",0.095
"4931",0.101666666666667
"4932",0.101666666666667
"4933",0.095
"4934",0.101666666666667
"4935",0.101666666666667
"4936",0.0966666666666667
"4937",0.103333333333333
"4938",0.103333333333333
"4939",0.0966666666666667
"4940",0.103333333333333
"4941",0.103333333333333
"4942",0.095
"4943",0.101666666666667
"4944",0.101666666666667
"4945",0.0966666666666667
"4946",0.103333333333333
"4947",0.103333333333333
"4948",0.095
"4949",0.101666666666667
"4950",0.101666666666667
"4951",0.095
"4952",0.101666666666667
"4953",0.101666666666667
"4954",0.095
"4955",0.101666666666667
"4956",0.101666666666667
"4957",0.115
"4958",0.116666666666667
"4959",0.116666666666667
"4960",0.123333333333333
"4961",0.125
"4962",0.125
"4963",0.123333333333333
"4964",0.125
"4965",0.125
"4966",0.123333333333333
"4967",0.125
"4968",0.125
"4969",0.123333333333333
"4970",0.125
"4971",0.125
"4972",0.125
"4973",0.123333333333333
"4974",0.123333333333333
"4975",0.123333333333333
"4976",0.125
"4977",0.125
"4978",0.125
"4979",0.126666666666667
"4980",0.126666666666667
"4981",0.123333333333333
"4982",0.125
"4983",0.125
"4984",0.123333333333333
"4985",0.125
"4986",0.125
"4987",0.123333333333333
"4988",0.125
"4989",0.125
"4990",0.123333333333333
"4991",0.125
"4992",0.125
"4993",0.123333333333333
"4994",0.125
"4995",0.125
"4996",0.123333333333333
"4997",0.125
"4998",0.125
"4999",0.123333333333333
"5000",0.125
"5001",0.125
"5002",0.123333333333333
"5003",0.125
"5004",0.125
"5005",0.123333333333333
"5006",0.125
"5007",0.125
"5008",0.123333333333333
"5009",0.125
"5010",0.125
"5011",0.123333333333333
"5012",0.125
"5013",0.125
"5014",0.123333333333333
"5015",0.125
"5016",0.125
"5017",0.123333333333333
"5018",0.125
"5019",0.125
"5020",0.123333333333333
"5021",0.125
"5022",0.125
"5023",0.123333333333333
"5024",0.125
"5025",0.125
"5026",0.123333333333333
"5027",0.125
"5028",0.125
"5029",0.123333333333333
"5030",0.125
"5031",0.125
"5032",0.123333333333333
"5033",0.125
"5034",0.125
"5035",0.123333333333333
"5036",0.125
"5037",0.125
"5038",0.123333333333333
"5039",0.125
"5040",0.125
"5041",0.121666666666667
"5042",0.121666666666667
"5043",0.121666666666667
"5044",0.123333333333333
"5045",0.126666666666667
"5046",0.126666666666667
"5047",0.12
"5048",0.12
"5049",0.12
"5050",0.12
"5051",0.12
"5052",0.12
"5053",0.095
"5054",0.11
"5055",0.11
"5056",0.095
"5057",0.11
"5058",0.11
"5059",0.0966666666666667
"5060",0.111666666666667
"5061",0.111666666666667
"5062",0.095
"5063",0.11
"5064",0.11
"5065",0.095
"5066",0.11
"5067",0.11
"5068",0.095
"5069",0.11
"5070",0.11
"5071",0.1
"5072",0.106666666666667
"5073",0.106666666666667
"5074",0.0966666666666667
"5075",0.11
"5076",0.11
"5077",0.095
"5078",0.11
"5079",0.11
"5080",0.0966666666666667
"5081",0.11
"5082",0.11
"5083",0.095
"5084",0.11
"5085",0.11
"5086",0.1
"5087",0.106666666666667
"5088",0.106666666666667
"5089",0.0966666666666667
"5090",0.11
"5091",0.11
"5092",0.0966666666666667
"5093",0.111666666666667
"5094",0.111666666666667
"5095",0.1
"5096",0.106666666666667
"5097",0.106666666666667
"5098",0.095
"5099",0.11
"5100",0.11
"5101",0.1
"5102",0.106666666666667
"5103",0.106666666666667
"5104",0.1
"5105",0.106666666666667
"5106",0.106666666666667
"5107",0.1
"5108",0.106666666666667
"5109",0.106666666666667
"5110",0.0966666666666667
"5111",0.11
"5112",0.11
"5113",0.095
"5114",0.11
"5115",0.11
"5116",0.0966666666666667
"5117",0.11
"5118",0.11
"5119",0.0966666666666667
"5120",0.11
"5121",0.11
"5122",0.0966666666666667
"5123",0.11
"5124",0.11
"5125",0.1
"5126",0.106666666666667
"5127",0.106666666666667
"5128",0.0966666666666667
"5129",0.11
"5130",0.11
"5131",0.095
"5132",0.11
"5133",0.11
"5134",0.0983333333333333
"5135",0.105
"5136",0.105
"5137",0.1
"5138",0.106666666666667
"5139",0.106666666666667
"5140",0.0966666666666667
"5141",0.111666666666667
"5142",0.111666666666667
"5143",0.095
"5144",0.11
"5145",0.11
"5146",0.0966666666666667
"5147",0.11
"5148",0.11
"5149",0.095
"5150",0.11
"5151",0.11
"5152",0.095
"5153",0.11
"5154",0.11
"5155",0.1
"5156",0.106666666666667
"5157",0.106666666666667
"5158",0.0966666666666667
"5159",0.11
"5160",0.11
"5161",0.0966666666666667
"5162",0.11
"5163",0.11
"5164",0.1
"5165",0.106666666666667
"5166",0.106666666666667
"5167",0.0966666666666667
"5168",0.11
"5169",0.11
"5170",0.095
"5171",0.11
"5172",0.11
"5173",0.1
"5174",0.106666666666667
"5175",0.106666666666667
"5176",0.0966666666666667
"5177",0.105
"5178",0.105
"5179",0.0933333333333333
"5180",0.108333333333333
"5181",0.108333333333333
"5182",0.0933333333333333
"5183",0.108333333333333
"5184",0.108333333333333
"5185",0.045
"5186",0.0466666666666667
"5187",0.0466666666666667
"5188",0.05
"5189",0.05
"5190",0.05
"5191",0.0466666666666667
"5192",0.0483333333333333
"5193",0.0483333333333333
"5194",0.0466666666666667
"5195",0.0483333333333333
"5196",0.0483333333333333
"5197",0.0416666666666667
"5198",0.0433333333333333
"5199",0.0433333333333333
"5200",0.0483333333333333
"5201",0.05
"5202",0.05
"5203",0.0483333333333333
"5204",0.05
"5205",0.05
"5206",0.1
"5207",0.0966666666666667
"5208",0.0966666666666667
"5209",0.1
"5210",0.0966666666666667
"5211",0.0966666666666667
"5212",0.0966666666666667
"5213",0.0933333333333333
"5214",0.0933333333333333
"5215",0.0966666666666667
"5216",0.0933333333333333
"5217",0.0933333333333333
"5218",0.1
"5219",0.0966666666666667
"5220",0.0966666666666667
"5221",0.0983333333333333
"5222",0.0966666666666667
"5223",0.0966666666666667
"5224",0.128333333333333
"5225",0.136666666666667
"5226",0.136666666666667
"5227",0.128333333333333
"5228",0.136666666666667
"5229",0.136666666666667
"5230",0.128333333333333
"5231",0.136666666666667
"5232",0.136666666666667
"5233",0.128333333333333
"5234",0.136666666666667
"5235",0.136666666666667
"5236",0.126666666666667
"5237",0.131666666666667
"5238",0.131666666666667
"5239",0.126666666666667
"5240",0.131666666666667
"5241",0.131666666666667
"5242",0.126666666666667
"5243",0.131666666666667
"5244",0.131666666666667
"5245",0.126666666666667
"5246",0.131666666666667
"5247",0.131666666666667
"5248",0.13
"5249",0.135
"5250",0.135
"5251",0.126666666666667
"5252",0.131666666666667
"5253",0.131666666666667
"5254",0.126666666666667
"5255",0.131666666666667
"5256",0.131666666666667
"5257",0.126666666666667
"5258",0.131666666666667
"5259",0.131666666666667
"5260",0.126666666666667
"5261",0.131666666666667
"5262",0.131666666666667
"5263",0.126666666666667
"5264",0.131666666666667
"5265",0.131666666666667
"5266",0.126666666666667
"5267",0.131666666666667
"5268",0.131666666666667
"5269",0.126666666666667
"5270",0.131666666666667
"5271",0.131666666666667
"5272",0.126666666666667
"5273",0.131666666666667
"5274",0.131666666666667
"5275",0.126666666666667
"5276",0.131666666666667
"5277",0.131666666666667
"5278",0.126666666666667
"5279",0.131666666666667
"5280",0.131666666666667
"5281",0.126666666666667
"5282",0.131666666666667
"5283",0.131666666666667
"5284",0.126666666666667
"5285",0.131666666666667
"5286",0.131666666666667
"5287",0.126666666666667
"5288",0.131666666666667
"5289",0.131666666666667
"5290",0.126666666666667
"5291",0.131666666666667
"5292",0.131666666666667
"5293",0.14
"5294",0.136666666666667
"5295",0.136666666666667
"5296",0.14
"5297",0.136666666666667
"5298",0.136666666666667
"5299",0.145
"5300",0.15
"5301",0.15
"5302",0.15
"5303",0.151666666666667
"5304",0.151666666666667
"5305",0.148333333333333
"5306",0.15
"5307",0.15
"5308",0.145
"5309",0.15
"5310",0.15
"5311",0.145
"5312",0.15
"5313",0.15
"5314",0.146666666666667
"5315",0.151666666666667
"5316",0.151666666666667
"5317",0.148333333333333
"5318",0.15
"5319",0.15
"5320",0.148333333333333
"5321",0.153333333333333
"5322",0.153333333333333
"5323",0.126666666666667
"5324",0.118333333333333
"5325",0.118333333333333
"5326",0.125
"5327",0.116666666666667
"5328",0.116666666666667
"5329",0.126666666666667
"5330",0.118333333333333
"5331",0.118333333333333
"5332",0.125
"5333",0.116666666666667
"5334",0.116666666666667
"5335",0.126666666666667
"5336",0.118333333333333
"5337",0.118333333333333
"5338",0.126666666666667
"5339",0.118333333333333
"5340",0.118333333333333
"5341",0.126666666666667
"5342",0.118333333333333
"5343",0.118333333333333
"5344",0.095
"5345",0.0983333333333333
"5346",0.0983333333333333
"5347",0.095
"5348",0.0983333333333333
"5349",0.0983333333333333
"5350",0.0966666666666667
"5351",0.1
"5352",0.1
"5353",0.135
"5354",0.131666666666667
"5355",0.131666666666667
"5356",0.135
"5357",0.131666666666667
"5358",0.131666666666667
"5359",0.133333333333333
"5360",0.13
"5361",0.13
"5362",0.131666666666667
"5363",0.128333333333333
"5364",0.128333333333333
"5365",0.131666666666667
"5366",0.128333333333333
"5367",0.128333333333333
"5368",0.135
"5369",0.131666666666667
"5370",0.131666666666667
"5371",0.135
"5372",0.131666666666667
"5373",0.131666666666667
"5374",0.133333333333333
"5375",0.13
"5376",0.13
"5377",0.135
"5378",0.131666666666667
"5379",0.131666666666667
"5380",0.131666666666667
"5381",0.128333333333333
"5382",0.128333333333333
"5383",0.133333333333333
"5384",0.13
"5385",0.13
"5386",0.133333333333333
"5387",0.13
"5388",0.13
"5389",0.135
"5390",0.131666666666667
"5391",0.131666666666667
"5392",0.135
"5393",0.131666666666667
"5394",0.131666666666667
"5395",0.133333333333333
"5396",0.13
"5397",0.13
"5398",0.131666666666667
"5399",0.128333333333333
"5400",0.128333333333333
"5401",0.135
"5402",0.131666666666667
"5403",0.131666666666667
"5404",0.131666666666667
"5405",0.128333333333333
"5406",0.128333333333333
"5407",0.131666666666667
"5408",0.128333333333333
"5409",0.128333333333333
"5410",0.133333333333333
"5411",0.13
"5412",0.13
"5413",0.135
"5414",0.131666666666667
"5415",0.131666666666667
"5416",0.131666666666667
"5417",0.128333333333333
"5418",0.128333333333333
"5419",0.133333333333333
"5420",0.13
"5421",0.13
"5422",0.133333333333333
"5423",0.13
"5424",0.13
"5425",0.133333333333333
"5426",0.13
"5427",0.13
"5428",0.0316666666666667
"5429",0.0316666666666667
"5430",0.0316666666666667
"5431",0.0933333333333333
"5432",0.0966666666666667
"5433",0.0966666666666667
"5434",0.0983333333333333
"5435",0.0983333333333333
"5436",0.0983333333333333
"5437",0.1
"5438",0.1
"5439",0.1
"5440",0.0966666666666667
"5441",0.0966666666666667
"5442",0.0966666666666667
"5443",0.0983333333333333
"5444",0.0983333333333333
"5445",0.0983333333333333
"5446",0.095
"5447",0.0966666666666667
"5448",0.0966666666666667
"5449",0.0966666666666667
"5450",0.0966666666666667
"5451",0.0966666666666667
"5452",0.095
"5453",0.0983333333333333
"5454",0.0983333333333333
"5455",0.0983333333333333
"5456",0.0983333333333333
"5457",0.0983333333333333
"5458",0.0933333333333333
"5459",0.0966666666666667
"5460",0.0966666666666667
"5461",0.0966666666666667
"5462",0.0966666666666667
"5463",0.0966666666666667
"5464",0.0966666666666667
"5465",0.0966666666666667
"5466",0.0966666666666667
"5467",0.121666666666667
"5468",0.121666666666667
"5469",0.121666666666667
"5470",0.121666666666667
"5471",0.121666666666667
"5472",0.121666666666667
"5473",0.121666666666667
"5474",0.121666666666667
"5475",0.121666666666667
"5476",0.12
"5477",0.123333333333333
"5478",0.123333333333333
"5479",0.12
"5480",0.123333333333333
"5481",0.123333333333333
"5482",0.12
"5483",0.12
"5484",0.12
"5485",0.103333333333333
"5486",0.116666666666667
"5487",0.116666666666667
"5488",0.106666666666667
"5489",0.12
"5490",0.12
"5491",0.103333333333333
"5492",0.116666666666667
"5493",0.116666666666667
"5494",0.025
"5495",0.0233333333333333
"5496",0.0233333333333333
"5497",0.025
"5498",0.0233333333333333
"5499",0.0233333333333333
"5500",0.153333333333333
"5501",0.156666666666667
"5502",0.156666666666667
"5503",0.155
"5504",0.155
"5505",0.155
"5506",0.153333333333333
"5507",0.156666666666667
"5508",0.156666666666667
"5509",0.153333333333333
"5510",0.156666666666667
"5511",0.156666666666667
"5512",0.106666666666667
"5513",0.095
"5514",0.095
"5515",0.108333333333333
"5516",0.0966666666666667
"5517",0.0966666666666667
"5518",0.126666666666667
"5519",0.135
"5520",0.135
"5521",0.125
"5522",0.13
"5523",0.13
"5524",0.126666666666667
"5525",0.135
"5526",0.135
"5527",0.126666666666667
"5528",0.131666666666667
"5529",0.131666666666667
"5530",0.125
"5531",0.13
"5532",0.13
"5533",0.126666666666667
"5534",0.131666666666667
"5535",0.131666666666667
"5536",0.125
"5537",0.13
"5538",0.13
"5539",0.128333333333333
"5540",0.13
"5541",0.13
"5542",0.128333333333333
"5543",0.125
"5544",0.125
"5545",0.125
"5546",0.135
"5547",0.135
"5548",0.125
"5549",0.135
"5550",0.135
"5551",0.08
"5552",0.085
"5553",0.085
"5554",0.08
"5555",0.085
"5556",0.085
"5557",0.08
"5558",0.085
"5559",0.085
"5560",0.0816666666666667
"5561",0.0866666666666667
"5562",0.0866666666666667
"5563",0.08
"5564",0.085
"5565",0.085
"5566",0.0816666666666667
"5567",0.0866666666666667
"5568",0.0866666666666667
"5569",0.085
"5570",0.09
"5571",0.09
"5572",0.08
"5573",0.085
"5574",0.085
"5575",0.08
"5576",0.085
"5577",0.085
"5578",0.08
"5579",0.085
"5580",0.085
"5581",0.0816666666666667
"5582",0.0866666666666667
"5583",0.0866666666666667
"5584",0.085
"5585",0.09
"5586",0.09
"5587",0.085
"5588",0.09
"5589",0.09
"5590",0.08
"5591",0.085
"5592",0.085
"5593",0.08
"5594",0.085
"5595",0.085
"5596",0.0783333333333333
"5597",0.0833333333333333
"5598",0.0833333333333333
"5599",0.08
"5600",0.085
"5601",0.085
"5602",0.0833333333333333
"5603",0.0883333333333333
"5604",0.0883333333333333
"5605",0.08
"5606",0.085
"5607",0.085
"5608",0.085
"5609",0.09
"5610",0.09
"5611",0.08
"5612",0.085
"5613",0.085
"5614",0.0816666666666667
"5615",0.0866666666666667
"5616",0.0866666666666667
"5617",0.08
"5618",0.085
"5619",0.085
"5620",0.0816666666666667
"5621",0.0866666666666667
"5622",0.0866666666666667
"5623",0.08
"5624",0.085
"5625",0.085
"5626",0.085
"5627",0.09
"5628",0.09
"5629",0.0816666666666667
"5630",0.0833333333333333
"5631",0.0833333333333333
"5632",0.0816666666666667
"5633",0.0866666666666667
"5634",0.0866666666666667
"5635",0.0816666666666667
"5636",0.0866666666666667
"5637",0.0866666666666667
"5638",0.0816666666666667
"5639",0.0833333333333333
"5640",0.0833333333333333
"5641",0.0833333333333333
"5642",0.0883333333333333
"5643",0.0883333333333333
"5644",0.08
"5645",0.085
"5646",0.085
"5647",0.085
"5648",0.09
"5649",0.09
"5650",0.0833333333333333
"5651",0.0883333333333333
"5652",0.0883333333333333
"5653",0.08
"5654",0.085
"5655",0.085
"5656",0.08
"5657",0.085
"5658",0.085
"5659",0.0816666666666667
"5660",0.0866666666666667
"5661",0.0866666666666667
"5662",0.08
"5663",0.085
"5664",0.085
"5665",0.08
"5666",0.085
"5667",0.085
"5668",0.08
"5669",0.085
"5670",0.085
"5671",0.08
"5672",0.085
"5673",0.085
"5674",0.0816666666666667
"5675",0.0866666666666667
"5676",0.0866666666666667
"5677",0.0833333333333333
"5678",0.0883333333333333
"5679",0.0883333333333333
"5680",0.0816666666666667
"5681",0.0866666666666667
"5682",0.0866666666666667
"5683",0.08
"5684",0.085
"5685",0.085
"5686",0.08
"5687",0.085
"5688",0.085
"5689",0.0833333333333333
"5690",0.0883333333333333
"5691",0.0883333333333333
"5692",0.085
"5693",0.09
"5694",0.09
"5695",0.0816666666666667
"5696",0.0866666666666667
"5697",0.0866666666666667
"5698",0.08
"5699",0.085
"5700",0.085
"5701",0.08
"5702",0.085
"5703",0.085
"5704",0.085
"5705",0.09
"5706",0.09
"5707",0.08
"5708",0.085
"5709",0.085
"5710",0.08
"5711",0.085
"5712",0.085
"5713",0.08
"5714",0.085
"5715",0.085
"5716",0.08
"5717",0.085
"5718",0.085
"5719",0.0816666666666667
"5720",0.0866666666666667
"5721",0.0866666666666667
"5722",0.08
"5723",0.085
"5724",0.085
"5725",0.08
"5726",0.085
"5727",0.085
"5728",0.0816666666666667
"5729",0.0833333333333333
"5730",0.0833333333333333
"5731",0.08
"5732",0.085
"5733",0.085
"5734",0.0816666666666667
"5735",0.0866666666666667
"5736",0.0866666666666667
"5737",0.0833333333333333
"5738",0.0883333333333333
"5739",0.0883333333333333
"5740",0.0833333333333333
"5741",0.0883333333333333
"5742",0.0883333333333333
"5743",0.08
"5744",0.085
"5745",0.085
"5746",0.08
"5747",0.085
"5748",0.085
"5749",0.08
"5750",0.085
"5751",0.085
"5752",0.08
"5753",0.085
"5754",0.085
"5755",0.0833333333333333
"5756",0.0883333333333333
"5757",0.0883333333333333
"5758",0.0816666666666667
"5759",0.0866666666666667
"5760",0.0866666666666667
"5761",0.08
"5762",0.085
"5763",0.085
"5764",0.08
"5765",0.085
"5766",0.085
"5767",0.0816666666666667
"5768",0.0833333333333333
"5769",0.0833333333333333
"5770",0.085
"5771",0.09
"5772",0.09
"5773",0.08
"5774",0.085
"5775",0.085
"5776",0.08
"5777",0.085
"5778",0.085
"5779",0.08
"5780",0.085
"5781",0.085
"5782",0.0816666666666667
"5783",0.0866666666666667
"5784",0.0866666666666667
"5785",0.08
"5786",0.085
"5787",0.085
"5788",0.08
"5789",0.085
"5790",0.085
"5791",0.08
"5792",0.085
"5793",0.085
"5794",0.08
"5795",0.085
"5796",0.085
"5797",0.0816666666666667
"5798",0.0866666666666667
"5799",0.0866666666666667
"5800",0.0816666666666667
"5801",0.0866666666666667
"5802",0.0866666666666667
"5803",0.0816666666666667
"5804",0.0833333333333333
"5805",0.0833333333333333
"5806",0.0783333333333333
"5807",0.0833333333333333
"5808",0.0833333333333333
"5809",0.0833333333333333
"5810",0.0883333333333333
"5811",0.0883333333333333
"5812",0.09
"5813",0.09
"5814",0.0866666666666667
"5815",0.0866666666666667
"5816",0.09
"5817",0.09
"5818",0.155
"5819",0.155
"5820",0.155
"5821",0.155
"5822",0.155
"5823",0.155
"5824",0.0966666666666667
"5825",0.0966666666666667
"5826",0.0966666666666667
"5827",0.0966666666666667
"5828",0.0966666666666667
"5829",0.0966666666666667
"5830",0.0983333333333333
"5831",0.0983333333333333
"5832",0.0983333333333333
"5833",0.0983333333333333
"5834",0.136666666666667
"5835",0.136666666666667
"5836",0.135
"5837",0.135
"5838",0.138333333333333
"5839",0.138333333333333
"5840",0.136666666666667
"5841",0.136666666666667
"5842",0.138333333333333
"5843",0.138333333333333
"5844",0.136666666666667
"5845",0.136666666666667
"5846",0.138333333333333
"5847",0.138333333333333
"5848",0.136666666666667
"5849",0.136666666666667
"5850",0.138333333333333
"5851",0.138333333333333
"5852",0.138333333333333
"5853",0.138333333333333
"5854",0.138333333333333
"5855",0.138333333333333
"5856",0.136666666666667
"5857",0.136666666666667
"5858",0.095
"5859",0.095
"5860",0.095
"5861",0.095
"5862",0.0966666666666667
"5863",0.0966666666666667
"5864",0.095
"5865",0.095
"5866",0.133333333333333
"5867",0.133333333333333
"5868",0.133333333333333
"5869",0.133333333333333
"5870",0.133333333333333
"5871",0.133333333333333
"5872",0.133333333333333
"5873",0.133333333333333
"5874",0.135
"5875",0.135
"5876",0.133333333333333
"5877",0.133333333333333
"5878",0.135
"5879",0.135
"5880",0.131666666666667
"5881",0.131666666666667
"5882",0.13
"5883",0.13
"5884",0.133333333333333
"5885",0.133333333333333
"5886",0.151666666666667
"5887",0.151666666666667
"5888",0.151666666666667
"5889",0.151666666666667
"5890",0.151666666666667
"5891",0.151666666666667
"5892",0.131666666666667
"5893",0.131666666666667
"5894",0.13
"5895",0.13
"5896",0.131666666666667
"5897",0.131666666666667
"5898",0.131666666666667
"5899",0.131666666666667
"5900",0.02
"5901",0.02
"5902",0.00833333333333333
"5903",0.00833333333333333
"5904",0.0183333333333333
"5905",0.0183333333333333
"5906",0.0183333333333333
"5907",0.0183333333333333
"5908",0.005
"5909",0.005
"5910",0.015
"5911",0.015
"5912",0.015
"5913",0.015
"5914",0.005
"5915",0.005
"5916",0.0283333333333333
"5917",0.0283333333333333
"5918",0.015
"5919",0.015
"5920",0.02
"5921",0.02
"5922",0.015
"5923",0.015
"5924",0.00333333333333333
"5925",0.00333333333333333
"5926",0.005
"5927",0.005
"5928",0.0183333333333333
"5929",0.0183333333333333
"5930",0.015
"5931",0.015
"5932",0.0283333333333333
"5933",0.0283333333333333
"5934",0.0283333333333333
"5935",0.0283333333333333
"5936",0.005
"5937",0.005
"5938",0.0283333333333333
"5939",0.0283333333333333
"5940",0.0283333333333333
"5941",0.0283333333333333
"5942",0.0266666666666667
"5943",0.0266666666666667
"5944",0.00333333333333333
"5945",0.00333333333333333
"5946",0.02
"5947",0.02
"5948",0.0283333333333333
"5949",0.0283333333333333
"5950",0.0283333333333333
"5951",0.0283333333333333
"5952",0.015
"5953",0.015
"5954",0.126666666666667
"5955",0.126666666666667
"5956",0.123333333333333
"5957",0.123333333333333
"5958",0.126666666666667
"5959",0.126666666666667
"5960",0.125
"5961",0.125
"5962",0.1
"5963",0.1
"5964",0.1
"5965",0.1
"5966",0.1
"5967",0.1
"5968",0.106666666666667
"5969",0.106666666666667
"5970",0.105
"5971",0.105
"5972",0.105
"5973",0.105
"5974",0.106666666666667
"5975",0.106666666666667
"5976",0.105
"5977",0.105
"5978",0.105
"5979",0.105
"5980",0.106666666666667
"5981",0.106666666666667
"5982",0.106666666666667
"5983",0.106666666666667
"5984",0.106666666666667
"5985",0.106666666666667
"5986",0.106666666666667
"5987",0.106666666666667
"5988",0.106666666666667
"5989",0.106666666666667
"5990",0.105
"5991",0.105
"5992",0.106666666666667
"5993",0.106666666666667
"5994",0.106666666666667
"5995",0.106666666666667
"5996",0.106666666666667
"5997",0.106666666666667
"5998",0.106666666666667
"5999",0.106666666666667
"6000",0.0966666666666667
"6001",0.0966666666666667
"6002",0.0966666666666667
"6003",0.0966666666666667
"6004",0.0983333333333333
"6005",0.0983333333333333
"6006",0.025
"6007",0.025
"6008",0.025
"6009",0.025
"6010",0.025
"6011",0.025
"6012",0.133333333333333
"6013",0.133333333333333
"6014",0.126666666666667
"6015",0.126666666666667
"6016",0.126666666666667
"6017",0.126666666666667
"6018",0.131666666666667
"6019",0.131666666666667
"6020",0.126666666666667
"6021",0.126666666666667
"6022",0.126666666666667
"6023",0.126666666666667
"6024",0.126666666666667
"6025",0.126666666666667
"6026",0.126666666666667
"6027",0.126666666666667
"6028",0.126666666666667
"6029",0.126666666666667
"6030",0.123333333333333
"6031",0.123333333333333
"6032",0.12
"6033",0.12
"6034",0.121666666666667
"6035",0.121666666666667
"6036",0.121666666666667
"6037",0.121666666666667
"6038",0.123333333333333
"6039",0.123333333333333
"6040",0.125
"6041",0.125
"6042",0.126666666666667
"6043",0.126666666666667
"6044",0.123333333333333
"6045",0.123333333333333
"6046",0.123333333333333
"6047",0.123333333333333
"6048",0.121666666666667
"6049",0.121666666666667
"6050",0.123333333333333
"6051",0.123333333333333
"6052",0.12
"6053",0.12
"6054",0.123333333333333
"6055",0.123333333333333
"6056",0.123333333333333
"6057",0.123333333333333
"6058",0.125
"6059",0.125
"6060",0.125
"6061",0.125
"6062",0.123333333333333
"6063",0.123333333333333
"6064",0.121666666666667
"6065",0.121666666666667
"6066",0.125
"6067",0.125
"6068",0.123333333333333
"6069",0.123333333333333
"6070",0.123333333333333
"6071",0.123333333333333
"6072",0.123333333333333
"6073",0.123333333333333
"6074",0.125
"6075",0.125
"6076",0.123333333333333
"6077",0.123333333333333
"6078",0.121666666666667
"6079",0.121666666666667
"6080",0.116666666666667
"6081",0.116666666666667
"6082",0.113333333333333
"6083",0.113333333333333
"6084",0.111666666666667
"6085",0.111666666666667
"6086",0.116666666666667
"6087",0.116666666666667
"6088",0.113333333333333
"6089",0.113333333333333
"6090",0.115
"6091",0.115
"6092",0.116666666666667
"6093",0.116666666666667
"6094",0.116666666666667
"6095",0.116666666666667
"6096",0.125
"6097",0.125
"6098",0.105
"6099",0.105
"6100",0.106666666666667
"6101",0.106666666666667
"6102",0.116666666666667
"6103",0.116666666666667
"6104",0.116666666666667
"6105",0.116666666666667
"6106",0.131666666666667
"6107",0.131666666666667
"6108",0.131666666666667
"6109",0.131666666666667
"6110",0.131666666666667
"6111",0.131666666666667
"6112",0.131666666666667
"6113",0.131666666666667
"6114",0.131666666666667
"6115",0.131666666666667
"6116",0.131666666666667
"6117",0.131666666666667
"6118",0.131666666666667
"6119",0.131666666666667
"6120",0.131666666666667
"6121",0.131666666666667
"6122",0.131666666666667
"6123",0.131666666666667
"6124",0.13
"6125",0.13
"6126",0.131666666666667
"6127",0.131666666666667
"6128",0.131666666666667
"6129",0.131666666666667
"6130",0.0983333333333333
"6131",0.0983333333333333
"6132",0.12
"6133",0.12
"6134",0.0833333333333333
"6135",0.09
"6136",0.0833333333333333
"6137",0.14
"6138",0.14
"6139",0.14
"6140",0.0966666666666667
"6141",0.0933333333333333
"6142",0.0966666666666667
"6143",0.095
"6144",0.095
"6145",0.123333333333333
"6146",0.121666666666667
"6147",0.126666666666667
"6148",0.123333333333333
"6149",0.126666666666667
"6150",0.123333333333333
"6151",0.126666666666667
"6152",0.123333333333333
"6153",0.126666666666667
"6154",0.126666666666667
"6155",0.126666666666667
"6156",0.123333333333333
"6157",0.0883333333333333
"6158",0.0883333333333333
"6159",0.09
"6160",0.0883333333333333
"6161",0.128333333333333
"6162",0.125
"6163",0.128333333333333
"6164",0.128333333333333
"6165",0.128333333333333
"6166",0.128333333333333
"6167",0.13
"6168",0.126666666666667
"6169",0.125
"6170",0.125
"6171",0.136666666666667
"6172",0.136666666666667
"6173",0.136666666666667
"6174",0.128333333333333
"6175",0.126666666666667
"6176",0.128333333333333
"6177",0.128333333333333
"6178",0.0266666666666667
"6179",0.035
"6180",0.0283333333333333
"6181",0.0283333333333333
"6182",0.035
"6183",0.025
"6184",0.025
"6185",0.035
"6186",0.0266666666666667
"6187",0.025
"6188",0.0266666666666667
"6189",0.025
"6190",0.03
"6191",0.0316666666666667
"6192",0.0283333333333333
"6193",0.025
"6194",0.0266666666666667
"6195",0.0133333333333333
"6196",0.0316666666666667
"6197",0.0133333333333333
"6198",0.0133333333333333
"6199",0.015
"6200",0.03
"6201",0.0266666666666667
"6202",0.0266666666666667
"6203",0.0266666666666667
"6204",0.025
"6205",0.126666666666667
"6206",0.126666666666667
"6207",0.126666666666667
"6208",0.128333333333333
"6209",0.0966666666666667
"6210",0.0966666666666667
"6211",0.0966666666666667
"6212",0.0933333333333333
"6213",0.0916666666666667
"6214",0.0916666666666667
"6215",0.0933333333333333
"6216",0.0916666666666667
"6217",0.0916666666666667
"6218",0.0933333333333333
"6219",0.0933333333333333
"6220",0.0933333333333333
"6221",0.0933333333333333
"6222",0.0933333333333333
"6223",0.0916666666666667
"6224",0.0933333333333333
"6225",0.0933333333333333
"6226",0.0933333333333333
"6227",0.0933333333333333
"6228",0.0966666666666667
"6229",0.0966666666666667
"6230",0.0983333333333333
"6231",0.00833333333333333
"6232",0.00833333333333333
"6233",0.00833333333333333
"6234",0.123333333333333
"6235",0.113333333333333
"6236",0.113333333333333
"6237",0.118333333333333
"6238",0.113333333333333
"6239",0.113333333333333
"6240",0.113333333333333
"6241",0.113333333333333
"6242",0.113333333333333
"6243",0.113333333333333
"6244",0.113333333333333
"6245",0.115
"6246",0.115
"6247",0.113333333333333
"6248",0.115
"6249",0.116666666666667
"6250",0.118333333333333
"6251",0.113333333333333
"6252",0.111666666666667
"6253",0.113333333333333
"6254",0.113333333333333
"6255",0.113333333333333
"6256",0.128333333333333
"6257",0.13
"6258",0.13
"6259",0.128333333333333
"6260",0.126666666666667
"6261",0.13
"6262",0.128333333333333
"6263",0.128333333333333
"6264",0.128333333333333
"6265",0.13
"6266",0.128333333333333
"6267",0.126666666666667
"6268",0.103333333333333
"6269",0.106666666666667
"6270",0.108333333333333
"6271",0.103333333333333
"6272",0.106666666666667
"6273",0.108333333333333
"6274",0.103333333333333
"6275",0.103333333333333
"6276",0.123333333333333
"6277",0.0966666666666667
"6278",0.101666666666667
"6279",0.111666666666667
"6280",0.111666666666667
"6281",0.126666666666667
"6282",0.126666666666667
"6283",0.126666666666667
"6284",0.126666666666667
"6285",0.126666666666667
"6286",0.126666666666667
"6287",0.126666666666667
"6288",0.126666666666667
"6289",0.126666666666667
"6290",0.125
"6291",0.126666666666667
"6292",0.126666666666667
"6293",0.095
"6294",0.13
"6295",0.131666666666667
"6296",0.121666666666667
"6297",0.121666666666667
"6298",0.0883333333333333
"6299",0.095
"6300",0.095
"6301",0.125
"6302",0.133333333333333
"6303",0.133333333333333
"6304",0.128333333333333
"6305",0.125
"6306",0.125
"6307",0.128333333333333
"6308",0.125
"6309",0.125
"6310",0.128333333333333
"6311",0.125
"6312",0.125
"6313",0.126666666666667
"6314",0.126666666666667
"6315",0.126666666666667
"6316",0.126666666666667
"6317",0.123333333333333
"6318",0.123333333333333
"6319",0.0916666666666667
"6320",0.105
"6321",0.105
"6322",0.0916666666666667
"6323",0.105
"6324",0.105
"6325",0.0933333333333333
"6326",0.106666666666667
"6327",0.106666666666667
"6328",0.0933333333333333
"6329",0.106666666666667
"6330",0.106666666666667
"6331",0.0933333333333333
"6332",0.106666666666667
"6333",0.106666666666667
"6334",0.0916666666666667
"6335",0.105
"6336",0.105
"6337",0.095
"6338",0.095
"6339",0.095
"6340",0.095
"6341",0.095
"6342",0.095
