"","x"
"1",0.118333333333333
"2",0.118333333333333
"3",0.116666666666667
"4",0.116666666666667
"5",0.118333333333333
"6",0.12
"7",0.121666666666667
"8",0.12
"9",0.121666666666667
"10",0.118333333333333
"11",0.118333333333333
"12",0.118333333333333
"13",0.118333333333333
"14",0.118333333333333
"15",0.118333333333333
"16",0.116666666666667
"17",0.116666666666667
"18",0.118333333333333
"19",0.12
"20",0.121666666666667
"21",0.12
"22",0.121666666666667
"23",0.118333333333333
"24",0.118333333333333
"25",0.118333333333333
"26",0.118333333333333
"27",0.118333333333333
"28",0.118333333333333
"29",0.12
"30",0.12
"31",0.118333333333333
"32",0.12
"33",0.121666666666667
"34",0.12
"35",0.118333333333333
"36",0.118333333333333
"37",0.118333333333333
"38",0.118333333333333
"39",0.118333333333333
"40",0.118333333333333
"41",0.118333333333333
"42",0.116666666666667
"43",0.116666666666667
"44",0.118333333333333
"45",0.12
"46",0.121666666666667
"47",0.12
"48",0.121666666666667
"49",0.118333333333333
"50",0.118333333333333
"51",0.118333333333333
"52",0.118333333333333
"53",0.118333333333333
"54",0.118333333333333
"55",0.116666666666667
"56",0.116666666666667
"57",0.118333333333333
"58",0.12
"59",0.121666666666667
"60",0.12
"61",0.121666666666667
"62",0.118333333333333
"63",0.118333333333333
"64",0.118333333333333
"65",0.118333333333333
"66",0.095
"67",0.0983333333333333
"68",0.0966666666666667
"69",0.0966666666666667
"70",0.0983333333333333
"71",0.0966666666666667
"72",0.0983333333333333
"73",0.0933333333333333
"74",0.0916666666666667
"75",0.0933333333333333
"76",0.095
"77",0.0983333333333333
"78",0.095
"79",0.0966666666666667
"80",0.1
"81",0.0983333333333333
"82",0.0983333333333333
"83",0.1
"84",0.0983333333333333
"85",0.1
"86",0.095
"87",0.0933333333333333
"88",0.095
"89",0.0966666666666667
"90",0.1
"91",0.0966666666666667
"92",0.0933333333333333
"93",0.0966666666666667
"94",0.095
"95",0.095
"96",0.0966666666666667
"97",0.095
"98",0.0966666666666667
"99",0.0916666666666667
"100",0.09
"101",0.095
"102",0.0933333333333333
"103",0.0966666666666667
"104",0.0933333333333333
"105",0.0966666666666667
"106",0.1
"107",0.0983333333333333
"108",0.0983333333333333
"109",0.1
"110",0.0983333333333333
"111",0.1
"112",0.095
"113",0.0933333333333333
"114",0.095
"115",0.0966666666666667
"116",0.1
"117",0.0966666666666667
"118",0.095
"119",0.0983333333333333
"120",0.0966666666666667
"121",0.0966666666666667
"122",0.0983333333333333
"123",0.0966666666666667
"124",0.0983333333333333
"125",0.0933333333333333
"126",0.0916666666666667
"127",0.0933333333333333
"128",0.095
"129",0.0983333333333333
"130",0.095
"131",0.0966666666666667
"132",0.1
"133",0.0983333333333333
"134",0.0983333333333333
"135",0.1
"136",0.0983333333333333
"137",0.1
"138",0.095
"139",0.0933333333333333
"140",0.095
"141",0.0966666666666667
"142",0.1
"143",0.0966666666666667
"144",0.0966666666666667
"145",0.1
"146",0.0983333333333333
"147",0.0983333333333333
"148",0.1
"149",0.0983333333333333
"150",0.1
"151",0.095
"152",0.0933333333333333
"153",0.095
"154",0.0966666666666667
"155",0.1
"156",0.0966666666666667
"157",0.095
"158",0.095
"159",0.0966666666666667
"160",0.0966666666666667
"161",0.0983333333333333
"162",0.0966666666666667
"163",0.0983333333333333
"164",0.0933333333333333
"165",0.0916666666666667
"166",0.0966666666666667
"167",0.095
"168",0.095
"169",0.095
"170",0.0933333333333333
"171",0.0966666666666667
"172",0.095
"173",0.095
"174",0.0966666666666667
"175",0.095
"176",0.0966666666666667
"177",0.0916666666666667
"178",0.09
"179",0.095
"180",0.0933333333333333
"181",0.0966666666666667
"182",0.0933333333333333
"183",0.095
"184",0.0983333333333333
"185",0.0966666666666667
"186",0.0966666666666667
"187",0.0983333333333333
"188",0.0966666666666667
"189",0.0983333333333333
"190",0.0933333333333333
"191",0.0916666666666667
"192",0.0933333333333333
"193",0.095
"194",0.0983333333333333
"195",0.095
"196",0.0933333333333333
"197",0.0966666666666667
"198",0.095
"199",0.095
"200",0.0966666666666667
"201",0.095
"202",0.0966666666666667
"203",0.0916666666666667
"204",0.09
"205",0.095
"206",0.0933333333333333
"207",0.0966666666666667
"208",0.0933333333333333
"209",0.095
"210",0.0983333333333333
"211",0.0966666666666667
"212",0.0966666666666667
"213",0.0983333333333333
"214",0.0966666666666667
"215",0.0983333333333333
"216",0.0933333333333333
"217",0.0916666666666667
"218",0.0933333333333333
"219",0.095
"220",0.0983333333333333
"221",0.095
"222",0.0966666666666667
"223",0.1
"224",0.0983333333333333
"225",0.0983333333333333
"226",0.1
"227",0.0983333333333333
"228",0.1
"229",0.095
"230",0.0933333333333333
"231",0.095
"232",0.0966666666666667
"233",0.1
"234",0.0966666666666667
"235",0.0966666666666667
"236",0.1
"237",0.0983333333333333
"238",0.0983333333333333
"239",0.1
"240",0.0983333333333333
"241",0.1
"242",0.095
"243",0.0933333333333333
"244",0.095
"245",0.0966666666666667
"246",0.1
"247",0.0966666666666667
"248",0.0933333333333333
"249",0.0966666666666667
"250",0.095
"251",0.095
"252",0.0966666666666667
"253",0.095
"254",0.0966666666666667
"255",0.0916666666666667
"256",0.09
"257",0.095
"258",0.0933333333333333
"259",0.0966666666666667
"260",0.0933333333333333
"261",0.0933333333333333
"262",0.0966666666666667
"263",0.095
"264",0.095
"265",0.0966666666666667
"266",0.095
"267",0.0966666666666667
"268",0.0916666666666667
"269",0.09
"270",0.095
"271",0.0933333333333333
"272",0.0966666666666667
"273",0.0933333333333333
"274",0.136666666666667
"275",0.136666666666667
"276",0.138333333333333
"277",0.138333333333333
"278",0.136666666666667
"279",0.138333333333333
"280",0.14
"281",0.14
"282",0.133333333333333
"283",0.135
"284",0.136666666666667
"285",0.136666666666667
"286",0.136666666666667
"287",0.138333333333333
"288",0.138333333333333
"289",0.14
"290",0.14
"291",0.138333333333333
"292",0.14
"293",0.141666666666667
"294",0.141666666666667
"295",0.135
"296",0.136666666666667
"297",0.138333333333333
"298",0.138333333333333
"299",0.138333333333333
"300",0.136666666666667
"301",0.136666666666667
"302",0.138333333333333
"303",0.138333333333333
"304",0.136666666666667
"305",0.138333333333333
"306",0.14
"307",0.14
"308",0.133333333333333
"309",0.135
"310",0.136666666666667
"311",0.136666666666667
"312",0.136666666666667
"313",0.135
"314",0.135
"315",0.136666666666667
"316",0.136666666666667
"317",0.135
"318",0.136666666666667
"319",0.138333333333333
"320",0.138333333333333
"321",0.131666666666667
"322",0.133333333333333
"323",0.135
"324",0.135
"325",0.135
"326",0.138333333333333
"327",0.138333333333333
"328",0.14
"329",0.14
"330",0.138333333333333
"331",0.14
"332",0.141666666666667
"333",0.141666666666667
"334",0.135
"335",0.136666666666667
"336",0.138333333333333
"337",0.138333333333333
"338",0.138333333333333
"339",0.138333333333333
"340",0.138333333333333
"341",0.14
"342",0.14
"343",0.138333333333333
"344",0.14
"345",0.141666666666667
"346",0.141666666666667
"347",0.135
"348",0.136666666666667
"349",0.138333333333333
"350",0.138333333333333
"351",0.138333333333333
"352",0.136666666666667
"353",0.136666666666667
"354",0.138333333333333
"355",0.138333333333333
"356",0.136666666666667
"357",0.138333333333333
"358",0.14
"359",0.14
"360",0.133333333333333
"361",0.135
"362",0.136666666666667
"363",0.136666666666667
"364",0.136666666666667
"365",0.136666666666667
"366",0.136666666666667
"367",0.138333333333333
"368",0.138333333333333
"369",0.136666666666667
"370",0.138333333333333
"371",0.14
"372",0.14
"373",0.133333333333333
"374",0.135
"375",0.136666666666667
"376",0.136666666666667
"377",0.136666666666667
"378",0.136666666666667
"379",0.136666666666667
"380",0.138333333333333
"381",0.138333333333333
"382",0.136666666666667
"383",0.138333333333333
"384",0.14
"385",0.14
"386",0.133333333333333
"387",0.135
"388",0.136666666666667
"389",0.136666666666667
"390",0.136666666666667
"391",0.135
"392",0.135
"393",0.136666666666667
"394",0.136666666666667
"395",0.135
"396",0.136666666666667
"397",0.138333333333333
"398",0.138333333333333
"399",0.131666666666667
"400",0.133333333333333
"401",0.135
"402",0.135
"403",0.135
"404",0.136666666666667
"405",0.136666666666667
"406",0.138333333333333
"407",0.138333333333333
"408",0.136666666666667
"409",0.138333333333333
"410",0.14
"411",0.14
"412",0.133333333333333
"413",0.135
"414",0.136666666666667
"415",0.136666666666667
"416",0.136666666666667
"417",0.136666666666667
"418",0.136666666666667
"419",0.138333333333333
"420",0.138333333333333
"421",0.136666666666667
"422",0.138333333333333
"423",0.14
"424",0.14
"425",0.133333333333333
"426",0.135
"427",0.136666666666667
"428",0.136666666666667
"429",0.136666666666667
"430",0.136666666666667
"431",0.136666666666667
"432",0.138333333333333
"433",0.138333333333333
"434",0.136666666666667
"435",0.138333333333333
"436",0.14
"437",0.14
"438",0.133333333333333
"439",0.135
"440",0.136666666666667
"441",0.136666666666667
"442",0.136666666666667
"443",0.136666666666667
"444",0.136666666666667
"445",0.138333333333333
"446",0.138333333333333
"447",0.136666666666667
"448",0.138333333333333
"449",0.14
"450",0.14
"451",0.133333333333333
"452",0.135
"453",0.136666666666667
"454",0.136666666666667
"455",0.136666666666667
"456",0.136666666666667
"457",0.136666666666667
"458",0.138333333333333
"459",0.138333333333333
"460",0.136666666666667
"461",0.138333333333333
"462",0.14
"463",0.14
"464",0.133333333333333
"465",0.135
"466",0.136666666666667
"467",0.136666666666667
"468",0.136666666666667
"469",0.136666666666667
"470",0.136666666666667
"471",0.138333333333333
"472",0.138333333333333
"473",0.136666666666667
"474",0.138333333333333
"475",0.14
"476",0.14
"477",0.133333333333333
"478",0.135
"479",0.136666666666667
"480",0.136666666666667
"481",0.136666666666667
"482",0.135
"483",0.135
"484",0.136666666666667
"485",0.136666666666667
"486",0.135
"487",0.136666666666667
"488",0.138333333333333
"489",0.138333333333333
"490",0.131666666666667
"491",0.133333333333333
"492",0.135
"493",0.135
"494",0.135
"495",0.136666666666667
"496",0.136666666666667
"497",0.138333333333333
"498",0.138333333333333
"499",0.136666666666667
"500",0.138333333333333
"501",0.14
"502",0.14
"503",0.133333333333333
"504",0.135
"505",0.136666666666667
"506",0.136666666666667
"507",0.136666666666667
"508",0.136666666666667
"509",0.136666666666667
"510",0.138333333333333
"511",0.138333333333333
"512",0.136666666666667
"513",0.138333333333333
"514",0.14
"515",0.14
"516",0.133333333333333
"517",0.135
"518",0.136666666666667
"519",0.136666666666667
"520",0.136666666666667
"521",0.135
"522",0.135
"523",0.136666666666667
"524",0.136666666666667
"525",0.135
"526",0.136666666666667
"527",0.138333333333333
"528",0.138333333333333
"529",0.131666666666667
"530",0.133333333333333
"531",0.135
"532",0.135
"533",0.135
"534",0.136666666666667
"535",0.136666666666667
"536",0.138333333333333
"537",0.138333333333333
"538",0.136666666666667
"539",0.138333333333333
"540",0.14
"541",0.14
"542",0.133333333333333
"543",0.135
"544",0.136666666666667
"545",0.136666666666667
"546",0.136666666666667
"547",0.138333333333333
"548",0.138333333333333
"549",0.14
"550",0.14
"551",0.138333333333333
"552",0.14
"553",0.141666666666667
"554",0.141666666666667
"555",0.135
"556",0.136666666666667
"557",0.138333333333333
"558",0.138333333333333
"559",0.138333333333333
"560",0.136666666666667
"561",0.136666666666667
"562",0.138333333333333
"563",0.138333333333333
"564",0.136666666666667
"565",0.138333333333333
"566",0.14
"567",0.14
"568",0.133333333333333
"569",0.135
"570",0.136666666666667
"571",0.136666666666667
"572",0.136666666666667
"573",0.136666666666667
"574",0.136666666666667
"575",0.138333333333333
"576",0.138333333333333
"577",0.136666666666667
"578",0.138333333333333
"579",0.14
"580",0.14
"581",0.133333333333333
"582",0.135
"583",0.136666666666667
"584",0.136666666666667
"585",0.136666666666667
"586",0.136666666666667
"587",0.136666666666667
"588",0.138333333333333
"589",0.138333333333333
"590",0.136666666666667
"591",0.138333333333333
"592",0.14
"593",0.14
"594",0.133333333333333
"595",0.135
"596",0.136666666666667
"597",0.136666666666667
"598",0.136666666666667
"599",0.136666666666667
"600",0.136666666666667
"601",0.138333333333333
"602",0.138333333333333
"603",0.136666666666667
"604",0.138333333333333
"605",0.14
"606",0.14
"607",0.133333333333333
"608",0.135
"609",0.136666666666667
"610",0.136666666666667
"611",0.136666666666667
"612",0.138333333333333
"613",0.138333333333333
"614",0.14
"615",0.14
"616",0.138333333333333
"617",0.14
"618",0.141666666666667
"619",0.141666666666667
"620",0.135
"621",0.136666666666667
"622",0.138333333333333
"623",0.138333333333333
"624",0.138333333333333
"625",0.136666666666667
"626",0.136666666666667
"627",0.138333333333333
"628",0.138333333333333
"629",0.136666666666667
"630",0.138333333333333
"631",0.14
"632",0.14
"633",0.133333333333333
"634",0.135
"635",0.136666666666667
"636",0.136666666666667
"637",0.136666666666667
"638",0.136666666666667
"639",0.136666666666667
"640",0.138333333333333
"641",0.138333333333333
"642",0.136666666666667
"643",0.138333333333333
"644",0.14
"645",0.14
"646",0.133333333333333
"647",0.135
"648",0.136666666666667
"649",0.136666666666667
"650",0.136666666666667
"651",0.138333333333333
"652",0.138333333333333
"653",0.14
"654",0.14
"655",0.138333333333333
"656",0.14
"657",0.141666666666667
"658",0.141666666666667
"659",0.135
"660",0.136666666666667
"661",0.138333333333333
"662",0.138333333333333
"663",0.138333333333333
"664",0.136666666666667
"665",0.136666666666667
"666",0.138333333333333
"667",0.138333333333333
"668",0.136666666666667
"669",0.138333333333333
"670",0.14
"671",0.14
"672",0.133333333333333
"673",0.135
"674",0.136666666666667
"675",0.136666666666667
"676",0.136666666666667
"677",0.136666666666667
"678",0.136666666666667
"679",0.138333333333333
"680",0.138333333333333
"681",0.136666666666667
"682",0.138333333333333
"683",0.14
"684",0.14
"685",0.133333333333333
"686",0.135
"687",0.136666666666667
"688",0.136666666666667
"689",0.136666666666667
"690",0.136666666666667
"691",0.136666666666667
"692",0.138333333333333
"693",0.138333333333333
"694",0.136666666666667
"695",0.138333333333333
"696",0.14
"697",0.14
"698",0.133333333333333
"699",0.135
"700",0.136666666666667
"701",0.136666666666667
"702",0.136666666666667
"703",0.136666666666667
"704",0.136666666666667
"705",0.138333333333333
"706",0.138333333333333
"707",0.136666666666667
"708",0.138333333333333
"709",0.14
"710",0.14
"711",0.133333333333333
"712",0.135
"713",0.136666666666667
"714",0.136666666666667
"715",0.136666666666667
"716",0.135
"717",0.135
"718",0.136666666666667
"719",0.136666666666667
"720",0.135
"721",0.136666666666667
"722",0.138333333333333
"723",0.138333333333333
"724",0.131666666666667
"725",0.133333333333333
"726",0.135
"727",0.135
"728",0.135
"729",0.138333333333333
"730",0.138333333333333
"731",0.14
"732",0.14
"733",0.138333333333333
"734",0.14
"735",0.141666666666667
"736",0.141666666666667
"737",0.135
"738",0.136666666666667
"739",0.138333333333333
"740",0.138333333333333
"741",0.138333333333333
"742",0.136666666666667
"743",0.136666666666667
"744",0.138333333333333
"745",0.138333333333333
"746",0.136666666666667
"747",0.138333333333333
"748",0.14
"749",0.14
"750",0.133333333333333
"751",0.135
"752",0.136666666666667
"753",0.136666666666667
"754",0.136666666666667
"755",0.136666666666667
"756",0.136666666666667
"757",0.138333333333333
"758",0.138333333333333
"759",0.136666666666667
"760",0.138333333333333
"761",0.14
"762",0.14
"763",0.133333333333333
"764",0.135
"765",0.136666666666667
"766",0.136666666666667
"767",0.136666666666667
"768",0.136666666666667
"769",0.136666666666667
"770",0.138333333333333
"771",0.138333333333333
"772",0.136666666666667
"773",0.138333333333333
"774",0.14
"775",0.14
"776",0.133333333333333
"777",0.135
"778",0.136666666666667
"779",0.136666666666667
"780",0.136666666666667
"781",0.136666666666667
"782",0.136666666666667
"783",0.138333333333333
"784",0.138333333333333
"785",0.136666666666667
"786",0.138333333333333
"787",0.14
"788",0.14
"789",0.133333333333333
"790",0.135
"791",0.136666666666667
"792",0.136666666666667
"793",0.136666666666667
"794",0.136666666666667
"795",0.136666666666667
"796",0.138333333333333
"797",0.138333333333333
"798",0.136666666666667
"799",0.138333333333333
"800",0.14
"801",0.14
"802",0.133333333333333
"803",0.135
"804",0.136666666666667
"805",0.136666666666667
"806",0.136666666666667
"807",0.136666666666667
"808",0.136666666666667
"809",0.138333333333333
"810",0.138333333333333
"811",0.136666666666667
"812",0.138333333333333
"813",0.14
"814",0.14
"815",0.133333333333333
"816",0.135
"817",0.136666666666667
"818",0.136666666666667
"819",0.136666666666667
"820",0.136666666666667
"821",0.136666666666667
"822",0.138333333333333
"823",0.138333333333333
"824",0.136666666666667
"825",0.138333333333333
"826",0.14
"827",0.14
"828",0.133333333333333
"829",0.135
"830",0.136666666666667
"831",0.136666666666667
"832",0.136666666666667
"833",0.135
"834",0.138333333333333
"835",0.136666666666667
"836",0.136666666666667
"837",0.138333333333333
"838",0.136666666666667
"839",0.138333333333333
"840",0.138333333333333
"841",0.131666666666667
"842",0.133333333333333
"843",0.135
"844",0.138333333333333
"845",0.135
"846",0.138333333333333
"847",0.138333333333333
"848",0.14
"849",0.14
"850",0.138333333333333
"851",0.14
"852",0.141666666666667
"853",0.141666666666667
"854",0.135
"855",0.136666666666667
"856",0.138333333333333
"857",0.138333333333333
"858",0.138333333333333
"859",0.136666666666667
"860",0.136666666666667
"861",0.138333333333333
"862",0.138333333333333
"863",0.136666666666667
"864",0.138333333333333
"865",0.14
"866",0.14
"867",0.133333333333333
"868",0.135
"869",0.136666666666667
"870",0.136666666666667
"871",0.136666666666667
"872",0.138333333333333
"873",0.138333333333333
"874",0.14
"875",0.14
"876",0.138333333333333
"877",0.14
"878",0.141666666666667
"879",0.141666666666667
"880",0.135
"881",0.136666666666667
"882",0.138333333333333
"883",0.138333333333333
"884",0.138333333333333
"885",0.136666666666667
"886",0.136666666666667
"887",0.138333333333333
"888",0.138333333333333
"889",0.136666666666667
"890",0.138333333333333
"891",0.14
"892",0.14
"893",0.133333333333333
"894",0.135
"895",0.136666666666667
"896",0.136666666666667
"897",0.136666666666667
"898",0.136666666666667
"899",0.136666666666667
"900",0.138333333333333
"901",0.138333333333333
"902",0.136666666666667
"903",0.138333333333333
"904",0.14
"905",0.14
"906",0.133333333333333
"907",0.135
"908",0.136666666666667
"909",0.136666666666667
"910",0.136666666666667
"911",0.136666666666667
"912",0.136666666666667
"913",0.138333333333333
"914",0.138333333333333
"915",0.136666666666667
"916",0.138333333333333
"917",0.14
"918",0.14
"919",0.133333333333333
"920",0.135
"921",0.136666666666667
"922",0.136666666666667
"923",0.136666666666667
"924",0.12
"925",0.12
"926",0.121666666666667
"927",0.121666666666667
"928",0.12
"929",0.121666666666667
"930",0.121666666666667
"931",0.121666666666667
"932",0.12
"933",0.118333333333333
"934",0.12
"935",0.12
"936",0.12
"937",0.101666666666667
"938",0.103333333333333
"939",0.103333333333333
"940",0.103333333333333
"941",0.103333333333333
"942",0.103333333333333
"943",0.103333333333333
"944",0.106666666666667
"945",0.103333333333333
"946",0.101666666666667
"947",0.101666666666667
"948",0.103333333333333
"949",0.101666666666667
"950",0.101666666666667
"951",0.103333333333333
"952",0.103333333333333
"953",0.103333333333333
"954",0.103333333333333
"955",0.103333333333333
"956",0.103333333333333
"957",0.106666666666667
"958",0.103333333333333
"959",0.101666666666667
"960",0.101666666666667
"961",0.103333333333333
"962",0.101666666666667
"963",0.101666666666667
"964",0.103333333333333
"965",0.103333333333333
"966",0.103333333333333
"967",0.103333333333333
"968",0.103333333333333
"969",0.103333333333333
"970",0.106666666666667
"971",0.103333333333333
"972",0.101666666666667
"973",0.101666666666667
"974",0.103333333333333
"975",0.101666666666667
"976",0.101666666666667
"977",0.103333333333333
"978",0.103333333333333
"979",0.103333333333333
"980",0.103333333333333
"981",0.103333333333333
"982",0.103333333333333
"983",0.106666666666667
"984",0.103333333333333
"985",0.101666666666667
"986",0.101666666666667
"987",0.103333333333333
"988",0.101666666666667
"989",0.103333333333333
"990",0.105
"991",0.105
"992",0.105
"993",0.105
"994",0.105
"995",0.105
"996",0.108333333333333
"997",0.105
"998",0.103333333333333
"999",0.103333333333333
"1000",0.105
"1001",0.103333333333333
"1002",0.101666666666667
"1003",0.103333333333333
"1004",0.103333333333333
"1005",0.103333333333333
"1006",0.103333333333333
"1007",0.103333333333333
"1008",0.103333333333333
"1009",0.106666666666667
"1010",0.103333333333333
"1011",0.101666666666667
"1012",0.101666666666667
"1013",0.103333333333333
"1014",0.101666666666667
"1015",0.103333333333333
"1016",0.105
"1017",0.105
"1018",0.105
"1019",0.105
"1020",0.105
"1021",0.105
"1022",0.108333333333333
"1023",0.105
"1024",0.103333333333333
"1025",0.103333333333333
"1026",0.105
"1027",0.103333333333333
"1028",0.101666666666667
"1029",0.103333333333333
"1030",0.103333333333333
"1031",0.103333333333333
"1032",0.103333333333333
"1033",0.103333333333333
"1034",0.103333333333333
"1035",0.106666666666667
"1036",0.103333333333333
"1037",0.101666666666667
"1038",0.101666666666667
"1039",0.103333333333333
"1040",0.101666666666667
"1041",0.101666666666667
"1042",0.103333333333333
"1043",0.103333333333333
"1044",0.103333333333333
"1045",0.103333333333333
"1046",0.103333333333333
"1047",0.103333333333333
"1048",0.106666666666667
"1049",0.103333333333333
"1050",0.101666666666667
"1051",0.101666666666667
"1052",0.103333333333333
"1053",0.101666666666667
"1054",0.101666666666667
"1055",0.103333333333333
"1056",0.103333333333333
"1057",0.103333333333333
"1058",0.103333333333333
"1059",0.103333333333333
"1060",0.103333333333333
"1061",0.106666666666667
"1062",0.103333333333333
"1063",0.101666666666667
"1064",0.101666666666667
"1065",0.103333333333333
"1066",0.101666666666667
"1067",0.101666666666667
"1068",0.103333333333333
"1069",0.103333333333333
"1070",0.103333333333333
"1071",0.103333333333333
"1072",0.103333333333333
"1073",0.103333333333333
"1074",0.106666666666667
"1075",0.103333333333333
"1076",0.101666666666667
"1077",0.101666666666667
"1078",0.103333333333333
"1079",0.101666666666667
"1080",0.101666666666667
"1081",0.103333333333333
"1082",0.103333333333333
"1083",0.103333333333333
"1084",0.103333333333333
"1085",0.103333333333333
"1086",0.103333333333333
"1087",0.106666666666667
"1088",0.103333333333333
"1089",0.101666666666667
"1090",0.101666666666667
"1091",0.103333333333333
"1092",0.101666666666667
"1093",0.101666666666667
"1094",0.103333333333333
"1095",0.103333333333333
"1096",0.103333333333333
"1097",0.103333333333333
"1098",0.103333333333333
"1099",0.103333333333333
"1100",0.106666666666667
"1101",0.103333333333333
"1102",0.101666666666667
"1103",0.101666666666667
"1104",0.103333333333333
"1105",0.101666666666667
"1106",0.101666666666667
"1107",0.103333333333333
"1108",0.103333333333333
"1109",0.103333333333333
"1110",0.103333333333333
"1111",0.103333333333333
"1112",0.103333333333333
"1113",0.106666666666667
"1114",0.103333333333333
"1115",0.101666666666667
"1116",0.101666666666667
"1117",0.103333333333333
"1118",0.101666666666667
"1119",0.101666666666667
"1120",0.103333333333333
"1121",0.103333333333333
"1122",0.103333333333333
"1123",0.103333333333333
"1124",0.103333333333333
"1125",0.103333333333333
"1126",0.106666666666667
"1127",0.103333333333333
"1128",0.101666666666667
"1129",0.101666666666667
"1130",0.103333333333333
"1131",0.101666666666667
"1132",0.101666666666667
"1133",0.103333333333333
"1134",0.103333333333333
"1135",0.103333333333333
"1136",0.103333333333333
"1137",0.103333333333333
"1138",0.103333333333333
"1139",0.106666666666667
"1140",0.103333333333333
"1141",0.101666666666667
"1142",0.101666666666667
"1143",0.103333333333333
"1144",0.101666666666667
"1145",0.101666666666667
"1146",0.103333333333333
"1147",0.103333333333333
"1148",0.103333333333333
"1149",0.103333333333333
"1150",0.103333333333333
"1151",0.103333333333333
"1152",0.106666666666667
"1153",0.103333333333333
"1154",0.101666666666667
"1155",0.101666666666667
"1156",0.103333333333333
"1157",0.101666666666667
"1158",0.101666666666667
"1159",0.103333333333333
"1160",0.103333333333333
"1161",0.103333333333333
"1162",0.103333333333333
"1163",0.103333333333333
"1164",0.103333333333333
"1165",0.106666666666667
"1166",0.103333333333333
"1167",0.101666666666667
"1168",0.101666666666667
"1169",0.103333333333333
"1170",0.101666666666667
"1171",0.101666666666667
"1172",0.103333333333333
"1173",0.103333333333333
"1174",0.103333333333333
"1175",0.103333333333333
"1176",0.103333333333333
"1177",0.103333333333333
"1178",0.106666666666667
"1179",0.103333333333333
"1180",0.101666666666667
"1181",0.101666666666667
"1182",0.103333333333333
"1183",0.101666666666667
"1184",0.101666666666667
"1185",0.103333333333333
"1186",0.103333333333333
"1187",0.103333333333333
"1188",0.103333333333333
"1189",0.103333333333333
"1190",0.103333333333333
"1191",0.106666666666667
"1192",0.103333333333333
"1193",0.101666666666667
"1194",0.101666666666667
"1195",0.103333333333333
"1196",0.101666666666667
"1197",0.101666666666667
"1198",0.103333333333333
"1199",0.103333333333333
"1200",0.103333333333333
"1201",0.103333333333333
"1202",0.103333333333333
"1203",0.103333333333333
"1204",0.106666666666667
"1205",0.103333333333333
"1206",0.101666666666667
"1207",0.101666666666667
"1208",0.103333333333333
"1209",0.101666666666667
"1210",0.101666666666667
"1211",0.103333333333333
"1212",0.103333333333333
"1213",0.103333333333333
"1214",0.103333333333333
"1215",0.103333333333333
"1216",0.103333333333333
"1217",0.106666666666667
"1218",0.103333333333333
"1219",0.101666666666667
"1220",0.101666666666667
"1221",0.103333333333333
"1222",0.101666666666667
"1223",0.101666666666667
"1224",0.103333333333333
"1225",0.103333333333333
"1226",0.103333333333333
"1227",0.103333333333333
"1228",0.103333333333333
"1229",0.103333333333333
"1230",0.106666666666667
"1231",0.103333333333333
"1232",0.101666666666667
"1233",0.101666666666667
"1234",0.103333333333333
"1235",0.101666666666667
"1236",0.101666666666667
"1237",0.103333333333333
"1238",0.103333333333333
"1239",0.103333333333333
"1240",0.103333333333333
"1241",0.103333333333333
"1242",0.103333333333333
"1243",0.106666666666667
"1244",0.103333333333333
"1245",0.101666666666667
"1246",0.101666666666667
"1247",0.103333333333333
"1248",0.101666666666667
"1249",0.101666666666667
"1250",0.103333333333333
"1251",0.103333333333333
"1252",0.103333333333333
"1253",0.103333333333333
"1254",0.103333333333333
"1255",0.103333333333333
"1256",0.106666666666667
"1257",0.103333333333333
"1258",0.101666666666667
"1259",0.101666666666667
"1260",0.103333333333333
"1261",0.101666666666667
"1262",0.101666666666667
"1263",0.103333333333333
"1264",0.103333333333333
"1265",0.103333333333333
"1266",0.103333333333333
"1267",0.103333333333333
"1268",0.103333333333333
"1269",0.106666666666667
"1270",0.103333333333333
"1271",0.101666666666667
"1272",0.101666666666667
"1273",0.103333333333333
"1274",0.101666666666667
"1275",0.101666666666667
"1276",0.103333333333333
"1277",0.103333333333333
"1278",0.103333333333333
"1279",0.103333333333333
"1280",0.103333333333333
"1281",0.103333333333333
"1282",0.106666666666667
"1283",0.103333333333333
"1284",0.101666666666667
"1285",0.101666666666667
"1286",0.103333333333333
"1287",0.101666666666667
"1288",0.155
"1289",0.155
"1290",0.156666666666667
"1291",0.156666666666667
"1292",0.155
"1293",0.156666666666667
"1294",0.158333333333333
"1295",0.151666666666667
"1296",0.151666666666667
"1297",0.156666666666667
"1298",0.155
"1299",0.155
"1300",0.155
"1301",0.153333333333333
"1302",0.153333333333333
"1303",0.155
"1304",0.155
"1305",0.153333333333333
"1306",0.155
"1307",0.156666666666667
"1308",0.15
"1309",0.15
"1310",0.155
"1311",0.153333333333333
"1312",0.153333333333333
"1313",0.153333333333333
"1314",0.155
"1315",0.155
"1316",0.156666666666667
"1317",0.156666666666667
"1318",0.155
"1319",0.156666666666667
"1320",0.158333333333333
"1321",0.151666666666667
"1322",0.151666666666667
"1323",0.153333333333333
"1324",0.155
"1325",0.155
"1326",0.155
"1327",0.155
"1328",0.155
"1329",0.156666666666667
"1330",0.156666666666667
"1331",0.155
"1332",0.156666666666667
"1333",0.158333333333333
"1334",0.151666666666667
"1335",0.151666666666667
"1336",0.153333333333333
"1337",0.155
"1338",0.155
"1339",0.155
"1340",0.123333333333333
"1341",0.123333333333333
"1342",0.125
"1343",0.125
"1344",0.123333333333333
"1345",0.125
"1346",0.126666666666667
"1347",0.128333333333333
"1348",0.126666666666667
"1349",0.121666666666667
"1350",0.123333333333333
"1351",0.123333333333333
"1352",0.123333333333333
"1353",0.123333333333333
"1354",0.123333333333333
"1355",0.125
"1356",0.125
"1357",0.123333333333333
"1358",0.125
"1359",0.126666666666667
"1360",0.128333333333333
"1361",0.126666666666667
"1362",0.121666666666667
"1363",0.123333333333333
"1364",0.123333333333333
"1365",0.123333333333333
"1366",0.125
"1367",0.125
"1368",0.126666666666667
"1369",0.126666666666667
"1370",0.125
"1371",0.126666666666667
"1372",0.128333333333333
"1373",0.13
"1374",0.128333333333333
"1375",0.123333333333333
"1376",0.125
"1377",0.125
"1378",0.125
"1379",0.123333333333333
"1380",0.123333333333333
"1381",0.125
"1382",0.125
"1383",0.123333333333333
"1384",0.125
"1385",0.126666666666667
"1386",0.128333333333333
"1387",0.126666666666667
"1388",0.121666666666667
"1389",0.123333333333333
"1390",0.123333333333333
"1391",0.123333333333333
"1392",0.123333333333333
"1393",0.123333333333333
"1394",0.125
"1395",0.125
"1396",0.123333333333333
"1397",0.125
"1398",0.126666666666667
"1399",0.128333333333333
"1400",0.126666666666667
"1401",0.121666666666667
"1402",0.123333333333333
"1403",0.123333333333333
"1404",0.123333333333333
"1405",0.123333333333333
"1406",0.123333333333333
"1407",0.125
"1408",0.125
"1409",0.123333333333333
"1410",0.125
"1411",0.126666666666667
"1412",0.128333333333333
"1413",0.126666666666667
"1414",0.121666666666667
"1415",0.123333333333333
"1416",0.123333333333333
"1417",0.123333333333333
"1418",0.128333333333333
"1419",0.128333333333333
"1420",0.13
"1421",0.13
"1422",0.128333333333333
"1423",0.13
"1424",0.131666666666667
"1425",0.133333333333333
"1426",0.131666666666667
"1427",0.126666666666667
"1428",0.128333333333333
"1429",0.128333333333333
"1430",0.128333333333333
"1431",0.125
"1432",0.125
"1433",0.126666666666667
"1434",0.126666666666667
"1435",0.125
"1436",0.126666666666667
"1437",0.128333333333333
"1438",0.13
"1439",0.128333333333333
"1440",0.123333333333333
"1441",0.125
"1442",0.125
"1443",0.125
"1444",0.123333333333333
"1445",0.123333333333333
"1446",0.125
"1447",0.125
"1448",0.123333333333333
"1449",0.125
"1450",0.126666666666667
"1451",0.128333333333333
"1452",0.126666666666667
"1453",0.121666666666667
"1454",0.123333333333333
"1455",0.123333333333333
"1456",0.123333333333333
"1457",0.125
"1458",0.125
"1459",0.126666666666667
"1460",0.126666666666667
"1461",0.125
"1462",0.126666666666667
"1463",0.128333333333333
"1464",0.13
"1465",0.128333333333333
"1466",0.123333333333333
"1467",0.125
"1468",0.125
"1469",0.125
"1470",0.123333333333333
"1471",0.123333333333333
"1472",0.125
"1473",0.125
"1474",0.123333333333333
"1475",0.125
"1476",0.126666666666667
"1477",0.128333333333333
"1478",0.126666666666667
"1479",0.121666666666667
"1480",0.123333333333333
"1481",0.123333333333333
"1482",0.123333333333333
"1483",0.128333333333333
"1484",0.128333333333333
"1485",0.13
"1486",0.13
"1487",0.128333333333333
"1488",0.13
"1489",0.131666666666667
"1490",0.133333333333333
"1491",0.131666666666667
"1492",0.126666666666667
"1493",0.128333333333333
"1494",0.128333333333333
"1495",0.128333333333333
"1496",0.125
"1497",0.125
"1498",0.126666666666667
"1499",0.126666666666667
"1500",0.125
"1501",0.126666666666667
"1502",0.128333333333333
"1503",0.13
"1504",0.128333333333333
"1505",0.123333333333333
"1506",0.125
"1507",0.125
"1508",0.125
"1509",0.125
"1510",0.125
"1511",0.126666666666667
"1512",0.126666666666667
"1513",0.125
"1514",0.126666666666667
"1515",0.128333333333333
"1516",0.13
"1517",0.128333333333333
"1518",0.123333333333333
"1519",0.125
"1520",0.125
"1521",0.125
"1522",0.128333333333333
"1523",0.128333333333333
"1524",0.13
"1525",0.13
"1526",0.128333333333333
"1527",0.13
"1528",0.131666666666667
"1529",0.133333333333333
"1530",0.131666666666667
"1531",0.126666666666667
"1532",0.128333333333333
"1533",0.128333333333333
"1534",0.128333333333333
"1535",0.123333333333333
"1536",0.123333333333333
"1537",0.125
"1538",0.125
"1539",0.123333333333333
"1540",0.125
"1541",0.126666666666667
"1542",0.128333333333333
"1543",0.126666666666667
"1544",0.121666666666667
"1545",0.123333333333333
"1546",0.123333333333333
"1547",0.123333333333333
"1548",0.128333333333333
"1549",0.128333333333333
"1550",0.13
"1551",0.13
"1552",0.128333333333333
"1553",0.13
"1554",0.131666666666667
"1555",0.133333333333333
"1556",0.131666666666667
"1557",0.126666666666667
"1558",0.128333333333333
"1559",0.128333333333333
"1560",0.128333333333333
"1561",0.128333333333333
"1562",0.128333333333333
"1563",0.13
"1564",0.13
"1565",0.128333333333333
"1566",0.13
"1567",0.131666666666667
"1568",0.133333333333333
"1569",0.131666666666667
"1570",0.126666666666667
"1571",0.128333333333333
"1572",0.128333333333333
"1573",0.128333333333333
"1574",0.128333333333333
"1575",0.128333333333333
"1576",0.13
"1577",0.13
"1578",0.128333333333333
"1579",0.13
"1580",0.131666666666667
"1581",0.133333333333333
"1582",0.131666666666667
"1583",0.126666666666667
"1584",0.128333333333333
"1585",0.128333333333333
"1586",0.128333333333333
"1587",0.125
"1588",0.125
"1589",0.126666666666667
"1590",0.126666666666667
"1591",0.125
"1592",0.126666666666667
"1593",0.128333333333333
"1594",0.13
"1595",0.128333333333333
"1596",0.123333333333333
"1597",0.125
"1598",0.125
"1599",0.125
"1600",0.123333333333333
"1601",0.123333333333333
"1602",0.125
"1603",0.125
"1604",0.123333333333333
"1605",0.125
"1606",0.126666666666667
"1607",0.128333333333333
"1608",0.126666666666667
"1609",0.121666666666667
"1610",0.123333333333333
"1611",0.123333333333333
"1612",0.123333333333333
"1613",0.125
"1614",0.125
"1615",0.126666666666667
"1616",0.126666666666667
"1617",0.125
"1618",0.126666666666667
"1619",0.128333333333333
"1620",0.13
"1621",0.128333333333333
"1622",0.123333333333333
"1623",0.125
"1624",0.125
"1625",0.125
"1626",0.125
"1627",0.125
"1628",0.126666666666667
"1629",0.126666666666667
"1630",0.125
"1631",0.126666666666667
"1632",0.128333333333333
"1633",0.13
"1634",0.128333333333333
"1635",0.123333333333333
"1636",0.125
"1637",0.125
"1638",0.125
"1639",0.125
"1640",0.125
"1641",0.126666666666667
"1642",0.126666666666667
"1643",0.125
"1644",0.126666666666667
"1645",0.128333333333333
"1646",0.13
"1647",0.128333333333333
"1648",0.123333333333333
"1649",0.125
"1650",0.125
"1651",0.125
"1652",0.128333333333333
"1653",0.128333333333333
"1654",0.13
"1655",0.13
"1656",0.128333333333333
"1657",0.13
"1658",0.131666666666667
"1659",0.133333333333333
"1660",0.131666666666667
"1661",0.126666666666667
"1662",0.128333333333333
"1663",0.128333333333333
"1664",0.128333333333333
"1665",0.125
"1666",0.125
"1667",0.126666666666667
"1668",0.126666666666667
"1669",0.125
"1670",0.126666666666667
"1671",0.128333333333333
"1672",0.13
"1673",0.128333333333333
"1674",0.123333333333333
"1675",0.125
"1676",0.125
"1677",0.125
"1678",0.123333333333333
"1679",0.123333333333333
"1680",0.125
"1681",0.125
"1682",0.123333333333333
"1683",0.125
"1684",0.126666666666667
"1685",0.128333333333333
"1686",0.126666666666667
"1687",0.121666666666667
"1688",0.123333333333333
"1689",0.123333333333333
"1690",0.123333333333333
"1691",0.13
"1692",0.13
"1693",0.131666666666667
"1694",0.131666666666667
"1695",0.13
"1696",0.131666666666667
"1697",0.133333333333333
"1698",0.135
"1699",0.133333333333333
"1700",0.128333333333333
"1701",0.13
"1702",0.13
"1703",0.13
"1704",0.128333333333333
"1705",0.128333333333333
"1706",0.13
"1707",0.13
"1708",0.128333333333333
"1709",0.13
"1710",0.131666666666667
"1711",0.133333333333333
"1712",0.131666666666667
"1713",0.126666666666667
"1714",0.128333333333333
"1715",0.128333333333333
"1716",0.128333333333333
"1717",0.125
"1718",0.125
"1719",0.126666666666667
"1720",0.126666666666667
"1721",0.125
"1722",0.126666666666667
"1723",0.128333333333333
"1724",0.13
"1725",0.128333333333333
"1726",0.123333333333333
"1727",0.125
"1728",0.125
"1729",0.125
"1730",0.123333333333333
"1731",0.123333333333333
"1732",0.125
"1733",0.125
"1734",0.123333333333333
"1735",0.125
"1736",0.126666666666667
"1737",0.128333333333333
"1738",0.126666666666667
"1739",0.121666666666667
"1740",0.123333333333333
"1741",0.123333333333333
"1742",0.123333333333333
"1743",0.125
"1744",0.125
"1745",0.126666666666667
"1746",0.126666666666667
"1747",0.125
"1748",0.126666666666667
"1749",0.128333333333333
"1750",0.13
"1751",0.128333333333333
"1752",0.123333333333333
"1753",0.125
"1754",0.125
"1755",0.125
"1756",0.123333333333333
"1757",0.123333333333333
"1758",0.125
"1759",0.125
"1760",0.123333333333333
"1761",0.125
"1762",0.126666666666667
"1763",0.128333333333333
"1764",0.126666666666667
"1765",0.121666666666667
"1766",0.123333333333333
"1767",0.123333333333333
"1768",0.123333333333333
"1769",0.123333333333333
"1770",0.123333333333333
"1771",0.125
"1772",0.125
"1773",0.123333333333333
"1774",0.125
"1775",0.126666666666667
"1776",0.128333333333333
"1777",0.126666666666667
"1778",0.121666666666667
"1779",0.123333333333333
"1780",0.123333333333333
"1781",0.123333333333333
"1782",0.128333333333333
"1783",0.128333333333333
"1784",0.13
"1785",0.13
"1786",0.128333333333333
"1787",0.13
"1788",0.131666666666667
"1789",0.133333333333333
"1790",0.131666666666667
"1791",0.126666666666667
"1792",0.128333333333333
"1793",0.128333333333333
"1794",0.128333333333333
"1795",0.125
"1796",0.125
"1797",0.126666666666667
"1798",0.126666666666667
"1799",0.125
"1800",0.126666666666667
"1801",0.128333333333333
"1802",0.13
"1803",0.128333333333333
"1804",0.123333333333333
"1805",0.125
"1806",0.125
"1807",0.125
"1808",0.125
"1809",0.125
"1810",0.126666666666667
"1811",0.126666666666667
"1812",0.125
"1813",0.126666666666667
"1814",0.128333333333333
"1815",0.13
"1816",0.128333333333333
"1817",0.123333333333333
"1818",0.125
"1819",0.125
"1820",0.125
"1821",0.128333333333333
"1822",0.128333333333333
"1823",0.13
"1824",0.13
"1825",0.128333333333333
"1826",0.13
"1827",0.131666666666667
"1828",0.133333333333333
"1829",0.131666666666667
"1830",0.126666666666667
"1831",0.128333333333333
"1832",0.128333333333333
"1833",0.128333333333333
"1834",0.125
"1835",0.125
"1836",0.126666666666667
"1837",0.126666666666667
"1838",0.125
"1839",0.126666666666667
"1840",0.128333333333333
"1841",0.13
"1842",0.128333333333333
"1843",0.123333333333333
"1844",0.125
"1845",0.125
"1846",0.125
"1847",0.123333333333333
"1848",0.123333333333333
"1849",0.125
"1850",0.125
"1851",0.123333333333333
"1852",0.125
"1853",0.126666666666667
"1854",0.128333333333333
"1855",0.126666666666667
"1856",0.121666666666667
"1857",0.123333333333333
"1858",0.123333333333333
"1859",0.123333333333333
"1860",0.128333333333333
"1861",0.128333333333333
"1862",0.13
"1863",0.13
"1864",0.128333333333333
"1865",0.13
"1866",0.131666666666667
"1867",0.133333333333333
"1868",0.131666666666667
"1869",0.126666666666667
"1870",0.128333333333333
"1871",0.128333333333333
"1872",0.128333333333333
"1873",0.133333333333333
"1874",0.133333333333333
"1875",0.135
"1876",0.135
"1877",0.13
"1878",0.135
"1879",0.136666666666667
"1880",0.135
"1881",0.133333333333333
"1882",0.131666666666667
"1883",0.133333333333333
"1884",0.133333333333333
"1885",0.133333333333333
"1886",0.136666666666667
"1887",0.136666666666667
"1888",0.138333333333333
"1889",0.138333333333333
"1890",0.136666666666667
"1891",0.138333333333333
"1892",0.14
"1893",0.138333333333333
"1894",0.14
"1895",0.135
"1896",0.136666666666667
"1897",0.136666666666667
"1898",0.136666666666667
"1899",0.136666666666667
"1900",0.136666666666667
"1901",0.138333333333333
"1902",0.138333333333333
"1903",0.136666666666667
"1904",0.138333333333333
"1905",0.14
"1906",0.138333333333333
"1907",0.14
"1908",0.135
"1909",0.136666666666667
"1910",0.136666666666667
"1911",0.136666666666667
"1912",0.131666666666667
"1913",0.131666666666667
"1914",0.13
"1915",0.13
"1916",0.131666666666667
"1917",0.133333333333333
"1918",0.135
"1919",0.128333333333333
"1920",0.131666666666667
"1921",0.13
"1922",0.131666666666667
"1923",0.131666666666667
"1924",0.131666666666667
"1925",0.133333333333333
"1926",0.133333333333333
"1927",0.131666666666667
"1928",0.131666666666667
"1929",0.13
"1930",0.135
"1931",0.136666666666667
"1932",0.13
"1933",0.133333333333333
"1934",0.131666666666667
"1935",0.133333333333333
"1936",0.133333333333333
"1937",0.133333333333333
"1938",0.133333333333333
"1939",0.133333333333333
"1940",0.131666666666667
"1941",0.131666666666667
"1942",0.13
"1943",0.135
"1944",0.136666666666667
"1945",0.13
"1946",0.133333333333333
"1947",0.131666666666667
"1948",0.133333333333333
"1949",0.133333333333333
"1950",0.133333333333333
"1951",0.13
"1952",0.13
"1953",0.128333333333333
"1954",0.128333333333333
"1955",0.126666666666667
"1956",0.131666666666667
"1957",0.133333333333333
"1958",0.126666666666667
"1959",0.13
"1960",0.128333333333333
"1961",0.13
"1962",0.13
"1963",0.13
"1964",0.131666666666667
"1965",0.131666666666667
"1966",0.13
"1967",0.13
"1968",0.131666666666667
"1969",0.133333333333333
"1970",0.135
"1971",0.128333333333333
"1972",0.131666666666667
"1973",0.13
"1974",0.131666666666667
"1975",0.131666666666667
"1976",0.131666666666667
"1977",0.131666666666667
"1978",0.131666666666667
"1979",0.13
"1980",0.13
"1981",0.131666666666667
"1982",0.133333333333333
"1983",0.135
"1984",0.128333333333333
"1985",0.131666666666667
"1986",0.133333333333333
"1987",0.131666666666667
"1988",0.131666666666667
"1989",0.131666666666667
"1990",0.131666666666667
"1991",0.131666666666667
"1992",0.13
"1993",0.13
"1994",0.128333333333333
"1995",0.133333333333333
"1996",0.135
"1997",0.128333333333333
"1998",0.131666666666667
"1999",0.13
"2000",0.131666666666667
"2001",0.131666666666667
"2002",0.131666666666667
"2003",0.146666666666667
"2004",0.146666666666667
"2005",0.148333333333333
"2006",0.148333333333333
"2007",0.143333333333333
"2008",0.148333333333333
"2009",0.15
"2010",0.148333333333333
"2011",0.148333333333333
"2012",0.146666666666667
"2013",0.146666666666667
"2014",0.146666666666667
"2015",0.146666666666667
"2016",0.146666666666667
"2017",0.146666666666667
"2018",0.148333333333333
"2019",0.148333333333333
"2020",0.143333333333333
"2021",0.148333333333333
"2022",0.15
"2023",0.148333333333333
"2024",0.148333333333333
"2025",0.146666666666667
"2026",0.146666666666667
"2027",0.146666666666667
"2028",0.146666666666667
"2029",0.143333333333333
"2030",0.143333333333333
"2031",0.145
"2032",0.145
"2033",0.143333333333333
"2034",0.145
"2035",0.146666666666667
"2036",0.145
"2037",0.145
"2038",0.143333333333333
"2039",0.143333333333333
"2040",0.143333333333333
"2041",0.143333333333333
"2042",0.143333333333333
"2043",0.143333333333333
"2044",0.145
"2045",0.145
"2046",0.143333333333333
"2047",0.145
"2048",0.146666666666667
"2049",0.145
"2050",0.145
"2051",0.143333333333333
"2052",0.143333333333333
"2053",0.143333333333333
"2054",0.143333333333333
"2055",0.146666666666667
"2056",0.146666666666667
"2057",0.148333333333333
"2058",0.148333333333333
"2059",0.143333333333333
"2060",0.148333333333333
"2061",0.15
"2062",0.148333333333333
"2063",0.148333333333333
"2064",0.146666666666667
"2065",0.146666666666667
"2066",0.146666666666667
"2067",0.146666666666667
"2068",0.145
"2069",0.145
"2070",0.146666666666667
"2071",0.146666666666667
"2072",0.141666666666667
"2073",0.146666666666667
"2074",0.148333333333333
"2075",0.146666666666667
"2076",0.146666666666667
"2077",0.145
"2078",0.145
"2079",0.145
"2080",0.145
"2081",0.113333333333333
"2082",0.113333333333333
"2083",0.115
"2084",0.115
"2085",0.111666666666667
"2086",0.115
"2087",0.115
"2088",0.116666666666667
"2089",0.113333333333333
"2090",0.111666666666667
"2091",0.113333333333333
"2092",0.113333333333333
"2093",0.113333333333333
"2094",0.113333333333333
"2095",0.113333333333333
"2096",0.115
"2097",0.115
"2098",0.111666666666667
"2099",0.115
"2100",0.115
"2101",0.116666666666667
"2102",0.113333333333333
"2103",0.111666666666667
"2104",0.113333333333333
"2105",0.113333333333333
"2106",0.113333333333333
"2107",0.113333333333333
"2108",0.113333333333333
"2109",0.115
"2110",0.115
"2111",0.111666666666667
"2112",0.115
"2113",0.115
"2114",0.116666666666667
"2115",0.113333333333333
"2116",0.111666666666667
"2117",0.113333333333333
"2118",0.113333333333333
"2119",0.113333333333333
"2120",0.113333333333333
"2121",0.113333333333333
"2122",0.115
"2123",0.115
"2124",0.111666666666667
"2125",0.115
"2126",0.115
"2127",0.116666666666667
"2128",0.113333333333333
"2129",0.111666666666667
"2130",0.113333333333333
"2131",0.113333333333333
"2132",0.113333333333333
"2133",0.095
"2134",0.095
"2135",0.0933333333333333
"2136",0.0933333333333333
"2137",0.0933333333333333
"2138",0.0966666666666667
"2139",0.0966666666666667
"2140",0.0966666666666667
"2141",0.0916666666666667
"2142",0.0933333333333333
"2143",0.095
"2144",0.095
"2145",0.095
"2146",0.095
"2147",0.095
"2148",0.0933333333333333
"2149",0.0933333333333333
"2150",0.0933333333333333
"2151",0.0966666666666667
"2152",0.0966666666666667
"2153",0.0966666666666667
"2154",0.0916666666666667
"2155",0.0933333333333333
"2156",0.095
"2157",0.095
"2158",0.095
"2159",0.095
"2160",0.095
"2161",0.0933333333333333
"2162",0.0933333333333333
"2163",0.0933333333333333
"2164",0.0966666666666667
"2165",0.0966666666666667
"2166",0.0966666666666667
"2167",0.0916666666666667
"2168",0.0933333333333333
"2169",0.095
"2170",0.095
"2171",0.095
"2172",0.095
"2173",0.095
"2174",0.0933333333333333
"2175",0.0933333333333333
"2176",0.0933333333333333
"2177",0.0966666666666667
"2178",0.0966666666666667
"2179",0.0966666666666667
"2180",0.0916666666666667
"2181",0.0933333333333333
"2182",0.095
"2183",0.095
"2184",0.095
"2185",0.0983333333333333
"2186",0.0983333333333333
"2187",0.0966666666666667
"2188",0.0966666666666667
"2189",0.0966666666666667
"2190",0.1
"2191",0.1
"2192",0.1
"2193",0.095
"2194",0.0966666666666667
"2195",0.0983333333333333
"2196",0.0983333333333333
"2197",0.0983333333333333
"2198",0.095
"2199",0.095
"2200",0.0933333333333333
"2201",0.0933333333333333
"2202",0.0933333333333333
"2203",0.0966666666666667
"2204",0.0966666666666667
"2205",0.0966666666666667
"2206",0.0916666666666667
"2207",0.0933333333333333
"2208",0.095
"2209",0.095
"2210",0.095
"2211",0.095
"2212",0.095
"2213",0.0933333333333333
"2214",0.0933333333333333
"2215",0.0933333333333333
"2216",0.0966666666666667
"2217",0.0966666666666667
"2218",0.0966666666666667
"2219",0.0916666666666667
"2220",0.0933333333333333
"2221",0.095
"2222",0.095
"2223",0.095
"2224",0.095
"2225",0.095
"2226",0.0933333333333333
"2227",0.0933333333333333
"2228",0.0933333333333333
"2229",0.0966666666666667
"2230",0.0966666666666667
"2231",0.0966666666666667
"2232",0.0916666666666667
"2233",0.0933333333333333
"2234",0.095
"2235",0.095
"2236",0.095
"2237",0.095
"2238",0.095
"2239",0.0933333333333333
"2240",0.0933333333333333
"2241",0.0933333333333333
"2242",0.0966666666666667
"2243",0.0966666666666667
"2244",0.0966666666666667
"2245",0.0916666666666667
"2246",0.0933333333333333
"2247",0.095
"2248",0.095
"2249",0.095
"2250",0.095
"2251",0.095
"2252",0.0933333333333333
"2253",0.0933333333333333
"2254",0.0933333333333333
"2255",0.0966666666666667
"2256",0.0966666666666667
"2257",0.0966666666666667
"2258",0.0916666666666667
"2259",0.0933333333333333
"2260",0.095
"2261",0.095
"2262",0.095
"2263",0.095
"2264",0.095
"2265",0.0933333333333333
"2266",0.0933333333333333
"2267",0.0933333333333333
"2268",0.0966666666666667
"2269",0.0966666666666667
"2270",0.0966666666666667
"2271",0.0916666666666667
"2272",0.0933333333333333
"2273",0.095
"2274",0.095
"2275",0.095
"2276",0.095
"2277",0.095
"2278",0.0933333333333333
"2279",0.0933333333333333
"2280",0.0933333333333333
"2281",0.0966666666666667
"2282",0.0966666666666667
"2283",0.0966666666666667
"2284",0.0916666666666667
"2285",0.0933333333333333
"2286",0.095
"2287",0.095
"2288",0.095
"2289",0.095
"2290",0.095
"2291",0.0933333333333333
"2292",0.0933333333333333
"2293",0.0933333333333333
"2294",0.0966666666666667
"2295",0.0966666666666667
"2296",0.0966666666666667
"2297",0.0916666666666667
"2298",0.0933333333333333
"2299",0.095
"2300",0.095
"2301",0.095
"2302",0.095
"2303",0.095
"2304",0.0933333333333333
"2305",0.0933333333333333
"2306",0.0933333333333333
"2307",0.0966666666666667
"2308",0.0966666666666667
"2309",0.0966666666666667
"2310",0.0916666666666667
"2311",0.0933333333333333
"2312",0.095
"2313",0.095
"2314",0.095
"2315",0.095
"2316",0.095
"2317",0.0933333333333333
"2318",0.0933333333333333
"2319",0.0933333333333333
"2320",0.0966666666666667
"2321",0.0966666666666667
"2322",0.0966666666666667
"2323",0.0916666666666667
"2324",0.0933333333333333
"2325",0.095
"2326",0.095
"2327",0.095
"2328",0.095
"2329",0.095
"2330",0.0933333333333333
"2331",0.0933333333333333
"2332",0.0933333333333333
"2333",0.0966666666666667
"2334",0.0966666666666667
"2335",0.0966666666666667
"2336",0.0916666666666667
"2337",0.0933333333333333
"2338",0.095
"2339",0.095
"2340",0.095
"2341",0.095
"2342",0.095
"2343",0.0933333333333333
"2344",0.0933333333333333
"2345",0.0933333333333333
"2346",0.0966666666666667
"2347",0.0966666666666667
"2348",0.0966666666666667
"2349",0.0916666666666667
"2350",0.0933333333333333
"2351",0.095
"2352",0.095
"2353",0.095
"2354",0.095
"2355",0.095
"2356",0.0933333333333333
"2357",0.0933333333333333
"2358",0.0933333333333333
"2359",0.0966666666666667
"2360",0.0966666666666667
"2361",0.0966666666666667
"2362",0.0916666666666667
"2363",0.0933333333333333
"2364",0.095
"2365",0.095
"2366",0.095
"2367",0.095
"2368",0.095
"2369",0.0933333333333333
"2370",0.0933333333333333
"2371",0.0933333333333333
"2372",0.0966666666666667
"2373",0.0966666666666667
"2374",0.0966666666666667
"2375",0.0916666666666667
"2376",0.0933333333333333
"2377",0.095
"2378",0.095
"2379",0.095
"2380",0.121666666666667
"2381",0.118333333333333
"2382",0.12
"2383",0.12
"2384",0.121666666666667
"2385",0.123333333333333
"2386",0.123333333333333
"2387",0.12
"2388",0.121666666666667
"2389",0.12
"2390",0.121666666666667
"2391",0.118333333333333
"2392",0.121666666666667
"2393",0.121666666666667
"2394",0.118333333333333
"2395",0.12
"2396",0.12
"2397",0.121666666666667
"2398",0.123333333333333
"2399",0.123333333333333
"2400",0.12
"2401",0.121666666666667
"2402",0.12
"2403",0.121666666666667
"2404",0.118333333333333
"2405",0.121666666666667
"2406",0.13
"2407",0.133333333333333
"2408",0.128333333333333
"2409",0.128333333333333
"2410",0.133333333333333
"2411",0.131666666666667
"2412",0.133333333333333
"2413",0.131666666666667
"2414",0.126666666666667
"2415",0.13
"2416",0.13
"2417",0.133333333333333
"2418",0.13
"2419",0.136666666666667
"2420",0.14
"2421",0.135
"2422",0.135
"2423",0.14
"2424",0.138333333333333
"2425",0.14
"2426",0.138333333333333
"2427",0.133333333333333
"2428",0.136666666666667
"2429",0.136666666666667
"2430",0.14
"2431",0.136666666666667
"2432",0.135
"2433",0.138333333333333
"2434",0.133333333333333
"2435",0.133333333333333
"2436",0.138333333333333
"2437",0.136666666666667
"2438",0.138333333333333
"2439",0.136666666666667
"2440",0.131666666666667
"2441",0.135
"2442",0.135
"2443",0.138333333333333
"2444",0.135
"2445",0.13
"2446",0.133333333333333
"2447",0.128333333333333
"2448",0.128333333333333
"2449",0.133333333333333
"2450",0.131666666666667
"2451",0.133333333333333
"2452",0.131666666666667
"2453",0.126666666666667
"2454",0.13
"2455",0.13
"2456",0.133333333333333
"2457",0.13
"2458",0.13
"2459",0.133333333333333
"2460",0.128333333333333
"2461",0.128333333333333
"2462",0.133333333333333
"2463",0.131666666666667
"2464",0.133333333333333
"2465",0.131666666666667
"2466",0.126666666666667
"2467",0.13
"2468",0.13
"2469",0.133333333333333
"2470",0.13
"2471",0.133333333333333
"2472",0.136666666666667
"2473",0.131666666666667
"2474",0.131666666666667
"2475",0.136666666666667
"2476",0.135
"2477",0.136666666666667
"2478",0.135
"2479",0.13
"2480",0.133333333333333
"2481",0.133333333333333
"2482",0.136666666666667
"2483",0.133333333333333
"2484",0.135
"2485",0.138333333333333
"2486",0.133333333333333
"2487",0.133333333333333
"2488",0.138333333333333
"2489",0.136666666666667
"2490",0.138333333333333
"2491",0.136666666666667
"2492",0.131666666666667
"2493",0.135
"2494",0.135
"2495",0.138333333333333
"2496",0.135
"2497",0.131666666666667
"2498",0.135
"2499",0.13
"2500",0.13
"2501",0.135
"2502",0.133333333333333
"2503",0.135
"2504",0.133333333333333
"2505",0.128333333333333
"2506",0.131666666666667
"2507",0.131666666666667
"2508",0.135
"2509",0.131666666666667
"2510",0.1
"2511",0.0983333333333333
"2512",0.0983333333333333
"2513",0.0983333333333333
"2514",0.1
"2515",0.101666666666667
"2516",0.101666666666667
"2517",0.105
"2518",0.101666666666667
"2519",0.101666666666667
"2520",0.1
"2521",0.0983333333333333
"2522",0.1
"2523",0.101666666666667
"2524",0.1
"2525",0.1
"2526",0.1
"2527",0.101666666666667
"2528",0.103333333333333
"2529",0.103333333333333
"2530",0.106666666666667
"2531",0.103333333333333
"2532",0.103333333333333
"2533",0.101666666666667
"2534",0.1
"2535",0.101666666666667
"2536",0.1
"2537",0.0983333333333333
"2538",0.0983333333333333
"2539",0.0983333333333333
"2540",0.1
"2541",0.101666666666667
"2542",0.101666666666667
"2543",0.105
"2544",0.101666666666667
"2545",0.101666666666667
"2546",0.1
"2547",0.0983333333333333
"2548",0.1
"2549",0.101666666666667
"2550",0.1
"2551",0.1
"2552",0.1
"2553",0.101666666666667
"2554",0.103333333333333
"2555",0.103333333333333
"2556",0.106666666666667
"2557",0.103333333333333
"2558",0.1
"2559",0.101666666666667
"2560",0.1
"2561",0.101666666666667
"2562",0.1
"2563",0.0983333333333333
"2564",0.0983333333333333
"2565",0.0983333333333333
"2566",0.1
"2567",0.101666666666667
"2568",0.101666666666667
"2569",0.105
"2570",0.101666666666667
"2571",0.101666666666667
"2572",0.1
"2573",0.0983333333333333
"2574",0.1
"2575",0.1
"2576",0.0983333333333333
"2577",0.0983333333333333
"2578",0.0983333333333333
"2579",0.1
"2580",0.101666666666667
"2581",0.101666666666667
"2582",0.105
"2583",0.101666666666667
"2584",0.101666666666667
"2585",0.1
"2586",0.0983333333333333
"2587",0.1
"2588",0.1
"2589",0.0983333333333333
"2590",0.0983333333333333
"2591",0.0983333333333333
"2592",0.1
"2593",0.101666666666667
"2594",0.101666666666667
"2595",0.105
"2596",0.101666666666667
"2597",0.101666666666667
"2598",0.1
"2599",0.0983333333333333
"2600",0.1
"2601",0.13
"2602",0.13
"2603",0.131666666666667
"2604",0.131666666666667
"2605",0.13
"2606",0.131666666666667
"2607",0.133333333333333
"2608",0.131666666666667
"2609",0.131666666666667
"2610",0.13
"2611",0.13
"2612",0.13
"2613",0.13
"2614",0.13
"2615",0.13
"2616",0.131666666666667
"2617",0.131666666666667
"2618",0.13
"2619",0.131666666666667
"2620",0.133333333333333
"2621",0.131666666666667
"2622",0.131666666666667
"2623",0.13
"2624",0.13
"2625",0.13
"2626",0.13
"2627",0.128333333333333
"2628",0.131666666666667
"2629",0.13
"2630",0.13
"2631",0.131666666666667
"2632",0.13
"2633",0.131666666666667
"2634",0.13
"2635",0.13
"2636",0.128333333333333
"2637",0.128333333333333
"2638",0.131666666666667
"2639",0.128333333333333
"2640",0.111666666666667
"2641",0.115
"2642",0.11
"2643",0.11
"2644",0.115
"2645",0.113333333333333
"2646",0.115
"2647",0.115
"2648",0.111666666666667
"2649",0.11
"2650",0.111666666666667
"2651",0.115
"2652",0.111666666666667
"2653",0.111666666666667
"2654",0.115
"2655",0.11
"2656",0.11
"2657",0.115
"2658",0.113333333333333
"2659",0.115
"2660",0.115
"2661",0.111666666666667
"2662",0.11
"2663",0.111666666666667
"2664",0.115
"2665",0.111666666666667
"2666",0.11
"2667",0.113333333333333
"2668",0.108333333333333
"2669",0.108333333333333
"2670",0.113333333333333
"2671",0.111666666666667
"2672",0.113333333333333
"2673",0.113333333333333
"2674",0.11
"2675",0.108333333333333
"2676",0.11
"2677",0.113333333333333
"2678",0.11
"2679",0.111666666666667
"2680",0.115
"2681",0.11
"2682",0.11
"2683",0.115
"2684",0.113333333333333
"2685",0.115
"2686",0.115
"2687",0.111666666666667
"2688",0.11
"2689",0.111666666666667
"2690",0.115
"2691",0.111666666666667
"2692",0.111666666666667
"2693",0.111666666666667
"2694",0.11
"2695",0.11
"2696",0.111666666666667
"2697",0.113333333333333
"2698",0.115
"2699",0.115
"2700",0.111666666666667
"2701",0.11
"2702",0.111666666666667
"2703",0.111666666666667
"2704",0.111666666666667
"2705",0.111666666666667
"2706",0.115
"2707",0.11
"2708",0.11
"2709",0.115
"2710",0.113333333333333
"2711",0.115
"2712",0.115
"2713",0.111666666666667
"2714",0.11
"2715",0.111666666666667
"2716",0.115
"2717",0.111666666666667
"2718",0.111666666666667
"2719",0.115
"2720",0.11
"2721",0.11
"2722",0.115
"2723",0.113333333333333
"2724",0.115
"2725",0.115
"2726",0.111666666666667
"2727",0.11
"2728",0.111666666666667
"2729",0.115
"2730",0.111666666666667
"2731",0.11
"2732",0.113333333333333
"2733",0.108333333333333
"2734",0.108333333333333
"2735",0.113333333333333
"2736",0.111666666666667
"2737",0.113333333333333
"2738",0.113333333333333
"2739",0.11
"2740",0.108333333333333
"2741",0.11
"2742",0.113333333333333
"2743",0.11
"2744",0.111666666666667
"2745",0.115
"2746",0.11
"2747",0.11
"2748",0.115
"2749",0.113333333333333
"2750",0.115
"2751",0.115
"2752",0.111666666666667
"2753",0.11
"2754",0.111666666666667
"2755",0.115
"2756",0.111666666666667
"2757",0.111666666666667
"2758",0.111666666666667
"2759",0.11
"2760",0.11
"2761",0.111666666666667
"2762",0.113333333333333
"2763",0.115
"2764",0.115
"2765",0.111666666666667
"2766",0.11
"2767",0.111666666666667
"2768",0.111666666666667
"2769",0.111666666666667
"2770",0.11
"2771",0.113333333333333
"2772",0.108333333333333
"2773",0.108333333333333
"2774",0.113333333333333
"2775",0.111666666666667
"2776",0.113333333333333
"2777",0.113333333333333
"2778",0.11
"2779",0.108333333333333
"2780",0.11
"2781",0.113333333333333
"2782",0.11
"2783",0.11
"2784",0.113333333333333
"2785",0.108333333333333
"2786",0.108333333333333
"2787",0.113333333333333
"2788",0.111666666666667
"2789",0.113333333333333
"2790",0.113333333333333
"2791",0.11
"2792",0.108333333333333
"2793",0.11
"2794",0.113333333333333
"2795",0.11
"2796",0.111666666666667
"2797",0.115
"2798",0.11
"2799",0.11
"2800",0.115
"2801",0.113333333333333
"2802",0.115
"2803",0.115
"2804",0.111666666666667
"2805",0.11
"2806",0.111666666666667
"2807",0.115
"2808",0.111666666666667
"2809",0.111666666666667
"2810",0.115
"2811",0.11
"2812",0.11
"2813",0.115
"2814",0.113333333333333
"2815",0.115
"2816",0.115
"2817",0.111666666666667
"2818",0.11
"2819",0.111666666666667
"2820",0.115
"2821",0.111666666666667
"2822",0.11
"2823",0.113333333333333
"2824",0.108333333333333
"2825",0.108333333333333
"2826",0.113333333333333
"2827",0.111666666666667
"2828",0.113333333333333
"2829",0.113333333333333
"2830",0.11
"2831",0.108333333333333
"2832",0.11
"2833",0.113333333333333
"2834",0.11
"2835",0.111666666666667
"2836",0.111666666666667
"2837",0.11
"2838",0.11
"2839",0.111666666666667
"2840",0.113333333333333
"2841",0.115
"2842",0.115
"2843",0.111666666666667
"2844",0.11
"2845",0.111666666666667
"2846",0.111666666666667
"2847",0.111666666666667
"2848",0.111666666666667
"2849",0.115
"2850",0.11
"2851",0.11
"2852",0.115
"2853",0.113333333333333
"2854",0.115
"2855",0.115
"2856",0.111666666666667
"2857",0.11
"2858",0.111666666666667
"2859",0.115
"2860",0.111666666666667
"2861",0.111666666666667
"2862",0.111666666666667
"2863",0.11
"2864",0.11
"2865",0.111666666666667
"2866",0.113333333333333
"2867",0.115
"2868",0.115
"2869",0.111666666666667
"2870",0.11
"2871",0.111666666666667
"2872",0.111666666666667
"2873",0.111666666666667
"2874",0.111666666666667
"2875",0.111666666666667
"2876",0.11
"2877",0.11
"2878",0.111666666666667
"2879",0.113333333333333
"2880",0.115
"2881",0.115
"2882",0.111666666666667
"2883",0.11
"2884",0.111666666666667
"2885",0.111666666666667
"2886",0.111666666666667
"2887",0.11
"2888",0.113333333333333
"2889",0.108333333333333
"2890",0.108333333333333
"2891",0.113333333333333
"2892",0.111666666666667
"2893",0.113333333333333
"2894",0.113333333333333
"2895",0.11
"2896",0.108333333333333
"2897",0.11
"2898",0.113333333333333
"2899",0.11
"2900",0.111666666666667
"2901",0.115
"2902",0.11
"2903",0.11
"2904",0.115
"2905",0.113333333333333
"2906",0.115
"2907",0.115
"2908",0.111666666666667
"2909",0.11
"2910",0.111666666666667
"2911",0.115
"2912",0.111666666666667
"2913",0.111666666666667
"2914",0.111666666666667
"2915",0.11
"2916",0.11
"2917",0.111666666666667
"2918",0.113333333333333
"2919",0.115
"2920",0.115
"2921",0.111666666666667
"2922",0.11
"2923",0.111666666666667
"2924",0.111666666666667
"2925",0.111666666666667
"2926",0.11
"2927",0.113333333333333
"2928",0.108333333333333
"2929",0.108333333333333
"2930",0.113333333333333
"2931",0.111666666666667
"2932",0.113333333333333
"2933",0.113333333333333
"2934",0.11
"2935",0.108333333333333
"2936",0.11
"2937",0.113333333333333
"2938",0.11
"2939",0.11
"2940",0.113333333333333
"2941",0.108333333333333
"2942",0.108333333333333
"2943",0.113333333333333
"2944",0.111666666666667
"2945",0.113333333333333
"2946",0.113333333333333
"2947",0.11
"2948",0.108333333333333
"2949",0.11
"2950",0.113333333333333
"2951",0.11
"2952",0.11
"2953",0.113333333333333
"2954",0.108333333333333
"2955",0.108333333333333
"2956",0.113333333333333
"2957",0.111666666666667
"2958",0.113333333333333
"2959",0.113333333333333
"2960",0.11
"2961",0.108333333333333
"2962",0.11
"2963",0.113333333333333
"2964",0.11
"2965",0.105
"2966",0.105
"2967",0.106666666666667
"2968",0.106666666666667
"2969",0.101666666666667
"2970",0.106666666666667
"2971",0.108333333333333
"2972",0.105
"2973",0.105
"2974",0.106666666666667
"2975",0.105
"2976",0.105
"2977",0.105
"2978",0.14
"2979",0.14
"2980",0.141666666666667
"2981",0.141666666666667
"2982",0.14
"2983",0.141666666666667
"2984",0.143333333333333
"2985",0.141666666666667
"2986",0.141666666666667
"2987",0.14
"2988",0.14
"2989",0.14
"2990",0.14
"2991",0.14
"2992",0.14
"2993",0.141666666666667
"2994",0.141666666666667
"2995",0.14
"2996",0.141666666666667
"2997",0.143333333333333
"2998",0.141666666666667
"2999",0.141666666666667
"3000",0.14
"3001",0.14
"3002",0.14
"3003",0.14
"3004",0.145
"3005",0.145
"3006",0.146666666666667
"3007",0.146666666666667
"3008",0.141666666666667
"3009",0.146666666666667
"3010",0.148333333333333
"3011",0.146666666666667
"3012",0.146666666666667
"3013",0.145
"3014",0.145
"3015",0.145
"3016",0.145
"3017",0.141666666666667
"3018",0.141666666666667
"3019",0.143333333333333
"3020",0.143333333333333
"3021",0.141666666666667
"3022",0.143333333333333
"3023",0.145
"3024",0.143333333333333
"3025",0.143333333333333
"3026",0.141666666666667
"3027",0.141666666666667
"3028",0.141666666666667
"3029",0.141666666666667
"3030",0.143333333333333
"3031",0.143333333333333
"3032",0.145
"3033",0.145
"3034",0.143333333333333
"3035",0.145
"3036",0.146666666666667
"3037",0.145
"3038",0.145
"3039",0.143333333333333
"3040",0.143333333333333
"3041",0.143333333333333
"3042",0.143333333333333
"3043",0.14
"3044",0.14
"3045",0.141666666666667
"3046",0.141666666666667
"3047",0.14
"3048",0.141666666666667
"3049",0.143333333333333
"3050",0.141666666666667
"3051",0.141666666666667
"3052",0.14
"3053",0.14
"3054",0.14
"3055",0.14
"3056",0.141666666666667
"3057",0.141666666666667
"3058",0.143333333333333
"3059",0.143333333333333
"3060",0.141666666666667
"3061",0.143333333333333
"3062",0.145
"3063",0.143333333333333
"3064",0.143333333333333
"3065",0.141666666666667
"3066",0.141666666666667
"3067",0.141666666666667
"3068",0.141666666666667
"3069",0.14
"3070",0.14
"3071",0.141666666666667
"3072",0.141666666666667
"3073",0.14
"3074",0.141666666666667
"3075",0.143333333333333
"3076",0.141666666666667
"3077",0.141666666666667
"3078",0.14
"3079",0.14
"3080",0.14
"3081",0.14
"3082",0.143333333333333
"3083",0.143333333333333
"3084",0.145
"3085",0.145
"3086",0.143333333333333
"3087",0.145
"3088",0.146666666666667
"3089",0.145
"3090",0.145
"3091",0.143333333333333
"3092",0.143333333333333
"3093",0.143333333333333
"3094",0.143333333333333
"3095",0.138333333333333
"3096",0.138333333333333
"3097",0.14
"3098",0.14
"3099",0.138333333333333
"3100",0.14
"3101",0.141666666666667
"3102",0.14
"3103",0.14
"3104",0.138333333333333
"3105",0.138333333333333
"3106",0.138333333333333
"3107",0.138333333333333
"3108",0.141666666666667
"3109",0.141666666666667
"3110",0.143333333333333
"3111",0.143333333333333
"3112",0.141666666666667
"3113",0.143333333333333
"3114",0.145
"3115",0.143333333333333
"3116",0.143333333333333
"3117",0.141666666666667
"3118",0.141666666666667
"3119",0.141666666666667
"3120",0.141666666666667
"3121",0.141666666666667
"3122",0.141666666666667
"3123",0.143333333333333
"3124",0.143333333333333
"3125",0.141666666666667
"3126",0.143333333333333
"3127",0.145
"3128",0.143333333333333
"3129",0.143333333333333
"3130",0.141666666666667
"3131",0.141666666666667
"3132",0.141666666666667
"3133",0.141666666666667
"3134",0.1
"3135",0.1
"3136",0.0983333333333333
"3137",0.0983333333333333
"3138",0.0983333333333333
"3139",0.101666666666667
"3140",0.103333333333333
"3141",0.105
"3142",0.103333333333333
"3143",0.0983333333333333
"3144",0.1
"3145",0.1
"3146",0.1
"3147",0.1
"3148",0.1
"3149",0.0983333333333333
"3150",0.0983333333333333
"3151",0.0983333333333333
"3152",0.101666666666667
"3153",0.103333333333333
"3154",0.105
"3155",0.103333333333333
"3156",0.0983333333333333
"3157",0.1
"3158",0.1
"3159",0.1
"3160",0.1
"3161",0.1
"3162",0.0983333333333333
"3163",0.0983333333333333
"3164",0.0983333333333333
"3165",0.101666666666667
"3166",0.103333333333333
"3167",0.105
"3168",0.103333333333333
"3169",0.0983333333333333
"3170",0.1
"3171",0.1
"3172",0.1
"3173",0.0916666666666667
"3174",0.09
"3175",0.09
"3176",0.09
"3177",0.0916666666666667
"3178",0.0933333333333333
"3179",0.0933333333333333
"3180",0.0966666666666667
"3181",0.0933333333333333
"3182",0.0933333333333333
"3183",0.0916666666666667
"3184",0.09
"3185",0.0916666666666667
"3186",0.0916666666666667
"3187",0.09
"3188",0.09
"3189",0.09
"3190",0.0916666666666667
"3191",0.0933333333333333
"3192",0.0933333333333333
"3193",0.0966666666666667
"3194",0.0933333333333333
"3195",0.09
"3196",0.0916666666666667
"3197",0.09
"3198",0.0916666666666667
"3199",0.0916666666666667
"3200",0.09
"3201",0.09
"3202",0.09
"3203",0.0933333333333333
"3204",0.0933333333333333
"3205",0.0933333333333333
"3206",0.0966666666666667
"3207",0.0933333333333333
"3208",0.0933333333333333
"3209",0.0916666666666667
"3210",0.09
"3211",0.0916666666666667
"3212",0.0983333333333333
"3213",0.0983333333333333
"3214",0.1
"3215",0.1
"3216",0.0983333333333333
"3217",0.1
"3218",0.101666666666667
"3219",0.1
"3220",0.0983333333333333
"3221",0.0983333333333333
"3222",0.0983333333333333
"3223",0.0983333333333333
"3224",0.0983333333333333
"3225",0.0983333333333333
"3226",0.0983333333333333
"3227",0.1
"3228",0.1
"3229",0.095
"3230",0.1
"3231",0.101666666666667
"3232",0.1
"3233",0.0983333333333333
"3234",0.0983333333333333
"3235",0.0983333333333333
"3236",0.0983333333333333
"3237",0.0983333333333333
"3238",0.0983333333333333
"3239",0.0983333333333333
"3240",0.1
"3241",0.1
"3242",0.0983333333333333
"3243",0.1
"3244",0.101666666666667
"3245",0.1
"3246",0.0983333333333333
"3247",0.0983333333333333
"3248",0.0983333333333333
"3249",0.0983333333333333
"3250",0.0983333333333333
"3251",0.111666666666667
"3252",0.111666666666667
"3253",0.113333333333333
"3254",0.113333333333333
"3255",0.111666666666667
"3256",0.113333333333333
"3257",0.115
"3258",0.111666666666667
"3259",0.111666666666667
"3260",0.113333333333333
"3261",0.111666666666667
"3262",0.111666666666667
"3263",0.111666666666667
"3264",0.111666666666667
"3265",0.111666666666667
"3266",0.113333333333333
"3267",0.113333333333333
"3268",0.111666666666667
"3269",0.113333333333333
"3270",0.115
"3271",0.111666666666667
"3272",0.111666666666667
"3273",0.113333333333333
"3274",0.111666666666667
"3275",0.111666666666667
"3276",0.111666666666667
"3277",0.143333333333333
"3278",0.141666666666667
"3279",0.145
"3280",0.145
"3281",0.145
"3282",0.145
"3283",0.146666666666667
"3284",0.141666666666667
"3285",0.143333333333333
"3286",0.143333333333333
"3287",0.143333333333333
"3288",0.141666666666667
"3289",0.143333333333333
"3290",0.146666666666667
"3291",0.145
"3292",0.148333333333333
"3293",0.148333333333333
"3294",0.148333333333333
"3295",0.148333333333333
"3296",0.15
"3297",0.145
"3298",0.146666666666667
"3299",0.146666666666667
"3300",0.146666666666667
"3301",0.145
"3302",0.146666666666667
"3303",0.143333333333333
"3304",0.141666666666667
"3305",0.145
"3306",0.145
"3307",0.145
"3308",0.145
"3309",0.146666666666667
"3310",0.141666666666667
"3311",0.143333333333333
"3312",0.143333333333333
"3313",0.143333333333333
"3314",0.141666666666667
"3315",0.143333333333333
"3316",0.143333333333333
"3317",0.141666666666667
"3318",0.145
"3319",0.145
"3320",0.145
"3321",0.145
"3322",0.146666666666667
"3323",0.141666666666667
"3324",0.143333333333333
"3325",0.143333333333333
"3326",0.143333333333333
"3327",0.141666666666667
"3328",0.143333333333333
"3329",0.131666666666667
"3330",0.128333333333333
"3331",0.13
"3332",0.13
"3333",0.128333333333333
"3334",0.133333333333333
"3335",0.135
"3336",0.131666666666667
"3337",0.133333333333333
"3338",0.131666666666667
"3339",0.131666666666667
"3340",0.128333333333333
"3341",0.131666666666667
"3342",0.13
"3343",0.13
"3344",0.128333333333333
"3345",0.128333333333333
"3346",0.13
"3347",0.131666666666667
"3348",0.133333333333333
"3349",0.13
"3350",0.131666666666667
"3351",0.13
"3352",0.13
"3353",0.13
"3354",0.13
"3355",0.103333333333333
"3356",0.106666666666667
"3357",0.105
"3358",0.105
"3359",0.105
"3360",0.105
"3361",0.105
"3362",0.106666666666667
"3363",0.103333333333333
"3364",0.101666666666667
"3365",0.103333333333333
"3366",0.106666666666667
"3367",0.103333333333333
"3368",0.103333333333333
"3369",0.103333333333333
"3370",0.105
"3371",0.105
"3372",0.105
"3373",0.105
"3374",0.105
"3375",0.106666666666667
"3376",0.103333333333333
"3377",0.101666666666667
"3378",0.103333333333333
"3379",0.103333333333333
"3380",0.103333333333333
"3381",0.103333333333333
"3382",0.106666666666667
"3383",0.105
"3384",0.105
"3385",0.105
"3386",0.105
"3387",0.105
"3388",0.106666666666667
"3389",0.103333333333333
"3390",0.101666666666667
"3391",0.103333333333333
"3392",0.106666666666667
"3393",0.103333333333333
"3394",0.105
"3395",0.105
"3396",0.106666666666667
"3397",0.106666666666667
"3398",0.106666666666667
"3399",0.106666666666667
"3400",0.106666666666667
"3401",0.108333333333333
"3402",0.105
"3403",0.103333333333333
"3404",0.105
"3405",0.105
"3406",0.105
"3407",0.103333333333333
"3408",0.103333333333333
"3409",0.105
"3410",0.105
"3411",0.105
"3412",0.105
"3413",0.105
"3414",0.106666666666667
"3415",0.103333333333333
"3416",0.101666666666667
"3417",0.103333333333333
"3418",0.103333333333333
"3419",0.103333333333333
"3420",0.105
"3421",0.105
"3422",0.106666666666667
"3423",0.106666666666667
"3424",0.106666666666667
"3425",0.106666666666667
"3426",0.106666666666667
"3427",0.108333333333333
"3428",0.105
"3429",0.103333333333333
"3430",0.105
"3431",0.105
"3432",0.105
"3433",0.103333333333333
"3434",0.103333333333333
"3435",0.105
"3436",0.105
"3437",0.105
"3438",0.105
"3439",0.105
"3440",0.106666666666667
"3441",0.103333333333333
"3442",0.101666666666667
"3443",0.103333333333333
"3444",0.103333333333333
"3445",0.103333333333333
"3446",0.106666666666667
"3447",0.106666666666667
"3448",0.108333333333333
"3449",0.108333333333333
"3450",0.108333333333333
"3451",0.108333333333333
"3452",0.108333333333333
"3453",0.11
"3454",0.106666666666667
"3455",0.105
"3456",0.106666666666667
"3457",0.106666666666667
"3458",0.106666666666667
"3459",0.115
"3460",0.115
"3461",0.113333333333333
"3462",0.113333333333333
"3463",0.113333333333333
"3464",0.116666666666667
"3465",0.116666666666667
"3466",0.115
"3467",0.115
"3468",0.113333333333333
"3469",0.115
"3470",0.115
"3471",0.115
"3472",0.0966666666666667
"3473",0.0966666666666667
"3474",0.0983333333333333
"3475",0.0983333333333333
"3476",0.095
"3477",0.0983333333333333
"3478",0.0983333333333333
"3479",0.0966666666666667
"3480",0.0966666666666667
"3481",0.095
"3482",0.0966666666666667
"3483",0.0966666666666667
"3484",0.0966666666666667
"3485",0.0966666666666667
"3486",0.0966666666666667
"3487",0.0983333333333333
"3488",0.0983333333333333
"3489",0.095
"3490",0.0983333333333333
"3491",0.0983333333333333
"3492",0.0966666666666667
"3493",0.0966666666666667
"3494",0.095
"3495",0.0966666666666667
"3496",0.0966666666666667
"3497",0.0966666666666667
"3498",0.12
"3499",0.116666666666667
"3500",0.121666666666667
"3501",0.121666666666667
"3502",0.12
"3503",0.121666666666667
"3504",0.123333333333333
"3505",0.123333333333333
"3506",0.12
"3507",0.12
"3508",0.12
"3509",0.116666666666667
"3510",0.12
"3511",0.12
"3512",0.116666666666667
"3513",0.121666666666667
"3514",0.121666666666667
"3515",0.12
"3516",0.121666666666667
"3517",0.123333333333333
"3518",0.123333333333333
"3519",0.12
"3520",0.12
"3521",0.12
"3522",0.116666666666667
"3523",0.12
"3524",0.12
"3525",0.116666666666667
"3526",0.121666666666667
"3527",0.121666666666667
"3528",0.12
"3529",0.121666666666667
"3530",0.123333333333333
"3531",0.123333333333333
"3532",0.12
"3533",0.12
"3534",0.12
"3535",0.116666666666667
"3536",0.12
"3537",0.12
"3538",0.116666666666667
"3539",0.121666666666667
"3540",0.121666666666667
"3541",0.12
"3542",0.121666666666667
"3543",0.123333333333333
"3544",0.123333333333333
"3545",0.12
"3546",0.12
"3547",0.12
"3548",0.116666666666667
"3549",0.12
"3550",0.12
"3551",0.116666666666667
"3552",0.121666666666667
"3553",0.121666666666667
"3554",0.12
"3555",0.121666666666667
"3556",0.123333333333333
"3557",0.123333333333333
"3558",0.12
"3559",0.12
"3560",0.12
"3561",0.116666666666667
"3562",0.12
"3563",0.12
"3564",0.116666666666667
"3565",0.121666666666667
"3566",0.121666666666667
"3567",0.12
"3568",0.121666666666667
"3569",0.123333333333333
"3570",0.123333333333333
"3571",0.12
"3572",0.12
"3573",0.12
"3574",0.116666666666667
"3575",0.12
"3576",0.118333333333333
"3577",0.118333333333333
"3578",0.12
"3579",0.12
"3580",0.121666666666667
"3581",0.12
"3582",0.121666666666667
"3583",0.121666666666667
"3584",0.118333333333333
"3585",0.118333333333333
"3586",0.118333333333333
"3587",0.118333333333333
"3588",0.118333333333333
"3589",0.12
"3590",0.116666666666667
"3591",0.121666666666667
"3592",0.121666666666667
"3593",0.12
"3594",0.121666666666667
"3595",0.123333333333333
"3596",0.123333333333333
"3597",0.12
"3598",0.12
"3599",0.12
"3600",0.116666666666667
"3601",0.12
"3602",0.12
"3603",0.116666666666667
"3604",0.121666666666667
"3605",0.121666666666667
"3606",0.12
"3607",0.121666666666667
"3608",0.123333333333333
"3609",0.123333333333333
"3610",0.12
"3611",0.12
"3612",0.12
"3613",0.116666666666667
"3614",0.12
"3615",0.12
"3616",0.116666666666667
"3617",0.121666666666667
"3618",0.121666666666667
"3619",0.12
"3620",0.121666666666667
"3621",0.123333333333333
"3622",0.123333333333333
"3623",0.12
"3624",0.12
"3625",0.12
"3626",0.116666666666667
"3627",0.12
"3628",0.121666666666667
"3629",0.118333333333333
"3630",0.123333333333333
"3631",0.123333333333333
"3632",0.121666666666667
"3633",0.123333333333333
"3634",0.125
"3635",0.125
"3636",0.121666666666667
"3637",0.121666666666667
"3638",0.121666666666667
"3639",0.118333333333333
"3640",0.121666666666667
"3641",0.118333333333333
"3642",0.118333333333333
"3643",0.12
"3644",0.12
"3645",0.121666666666667
"3646",0.12
"3647",0.121666666666667
"3648",0.121666666666667
"3649",0.118333333333333
"3650",0.118333333333333
"3651",0.118333333333333
"3652",0.118333333333333
"3653",0.118333333333333
"3654",0.118333333333333
"3655",0.118333333333333
"3656",0.12
"3657",0.12
"3658",0.121666666666667
"3659",0.12
"3660",0.121666666666667
"3661",0.121666666666667
"3662",0.118333333333333
"3663",0.118333333333333
"3664",0.118333333333333
"3665",0.118333333333333
"3666",0.118333333333333
"3667",0.12
"3668",0.116666666666667
"3669",0.121666666666667
"3670",0.121666666666667
"3671",0.12
"3672",0.121666666666667
"3673",0.123333333333333
"3674",0.123333333333333
"3675",0.12
"3676",0.12
"3677",0.12
"3678",0.116666666666667
"3679",0.12
"3680",0.12
"3681",0.116666666666667
"3682",0.121666666666667
"3683",0.121666666666667
"3684",0.12
"3685",0.121666666666667
"3686",0.123333333333333
"3687",0.123333333333333
"3688",0.12
"3689",0.12
"3690",0.12
"3691",0.116666666666667
"3692",0.12
"3693",0.121666666666667
"3694",0.118333333333333
"3695",0.123333333333333
"3696",0.123333333333333
"3697",0.121666666666667
"3698",0.123333333333333
"3699",0.125
"3700",0.125
"3701",0.121666666666667
"3702",0.121666666666667
"3703",0.121666666666667
"3704",0.118333333333333
"3705",0.121666666666667
"3706",0.12
"3707",0.116666666666667
"3708",0.121666666666667
"3709",0.121666666666667
"3710",0.12
"3711",0.121666666666667
"3712",0.123333333333333
"3713",0.123333333333333
"3714",0.12
"3715",0.12
"3716",0.12
"3717",0.116666666666667
"3718",0.12
"3719",0.116666666666667
"3720",0.116666666666667
"3721",0.118333333333333
"3722",0.118333333333333
"3723",0.12
"3724",0.118333333333333
"3725",0.12
"3726",0.12
"3727",0.116666666666667
"3728",0.116666666666667
"3729",0.116666666666667
"3730",0.116666666666667
"3731",0.116666666666667
"3732",0.12
"3733",0.116666666666667
"3734",0.121666666666667
"3735",0.121666666666667
"3736",0.12
"3737",0.121666666666667
"3738",0.123333333333333
"3739",0.123333333333333
"3740",0.12
"3741",0.12
"3742",0.12
"3743",0.116666666666667
"3744",0.12
"3745",0.118333333333333
"3746",0.118333333333333
"3747",0.12
"3748",0.12
"3749",0.121666666666667
"3750",0.12
"3751",0.121666666666667
"3752",0.121666666666667
"3753",0.118333333333333
"3754",0.118333333333333
"3755",0.118333333333333
"3756",0.118333333333333
"3757",0.118333333333333
"3758",0.12
"3759",0.116666666666667
"3760",0.121666666666667
"3761",0.121666666666667
"3762",0.12
"3763",0.121666666666667
"3764",0.123333333333333
"3765",0.123333333333333
"3766",0.12
"3767",0.12
"3768",0.12
"3769",0.116666666666667
"3770",0.12
"3771",0.118333333333333
"3772",0.118333333333333
"3773",0.12
"3774",0.12
"3775",0.121666666666667
"3776",0.12
"3777",0.121666666666667
"3778",0.121666666666667
"3779",0.118333333333333
"3780",0.118333333333333
"3781",0.118333333333333
"3782",0.118333333333333
"3783",0.118333333333333
"3784",0.12
"3785",0.116666666666667
"3786",0.121666666666667
"3787",0.121666666666667
"3788",0.12
"3789",0.121666666666667
"3790",0.123333333333333
"3791",0.123333333333333
"3792",0.12
"3793",0.12
"3794",0.12
"3795",0.116666666666667
"3796",0.12
"3797",0.121666666666667
"3798",0.118333333333333
"3799",0.123333333333333
"3800",0.123333333333333
"3801",0.121666666666667
"3802",0.123333333333333
"3803",0.125
"3804",0.125
"3805",0.121666666666667
"3806",0.121666666666667
"3807",0.121666666666667
"3808",0.118333333333333
"3809",0.121666666666667
"3810",0.12
"3811",0.116666666666667
"3812",0.121666666666667
"3813",0.121666666666667
"3814",0.12
"3815",0.121666666666667
"3816",0.123333333333333
"3817",0.123333333333333
"3818",0.12
"3819",0.12
"3820",0.12
"3821",0.116666666666667
"3822",0.12
"3823",0.118333333333333
"3824",0.118333333333333
"3825",0.12
"3826",0.12
"3827",0.121666666666667
"3828",0.12
"3829",0.121666666666667
"3830",0.121666666666667
"3831",0.118333333333333
"3832",0.118333333333333
"3833",0.118333333333333
"3834",0.118333333333333
"3835",0.118333333333333
"3836",0.12
"3837",0.116666666666667
"3838",0.121666666666667
"3839",0.121666666666667
"3840",0.12
"3841",0.121666666666667
"3842",0.123333333333333
"3843",0.123333333333333
"3844",0.12
"3845",0.12
"3846",0.12
"3847",0.116666666666667
"3848",0.12
"3849",0.118333333333333
"3850",0.115
"3851",0.12
"3852",0.12
"3853",0.118333333333333
"3854",0.12
"3855",0.121666666666667
"3856",0.121666666666667
"3857",0.118333333333333
"3858",0.118333333333333
"3859",0.118333333333333
"3860",0.115
"3861",0.118333333333333
"3862",0.121666666666667
"3863",0.118333333333333
"3864",0.123333333333333
"3865",0.123333333333333
"3866",0.121666666666667
"3867",0.123333333333333
"3868",0.125
"3869",0.125
"3870",0.121666666666667
"3871",0.121666666666667
"3872",0.121666666666667
"3873",0.118333333333333
"3874",0.121666666666667
"3875",0.121666666666667
"3876",0.118333333333333
"3877",0.12
"3878",0.12
"3879",0.121666666666667
"3880",0.123333333333333
"3881",0.125
"3882",0.125
"3883",0.121666666666667
"3884",0.121666666666667
"3885",0.121666666666667
"3886",0.118333333333333
"3887",0.121666666666667
"3888",0.116666666666667
"3889",0.116666666666667
"3890",0.118333333333333
"3891",0.118333333333333
"3892",0.12
"3893",0.118333333333333
"3894",0.12
"3895",0.12
"3896",0.116666666666667
"3897",0.116666666666667
"3898",0.116666666666667
"3899",0.116666666666667
"3900",0.116666666666667
"3901",0.12
"3902",0.116666666666667
"3903",0.121666666666667
"3904",0.121666666666667
"3905",0.12
"3906",0.121666666666667
"3907",0.123333333333333
"3908",0.123333333333333
"3909",0.12
"3910",0.12
"3911",0.12
"3912",0.116666666666667
"3913",0.12
"3914",0.118333333333333
"3915",0.118333333333333
"3916",0.12
"3917",0.12
"3918",0.121666666666667
"3919",0.12
"3920",0.121666666666667
"3921",0.121666666666667
"3922",0.118333333333333
"3923",0.118333333333333
"3924",0.118333333333333
"3925",0.118333333333333
"3926",0.118333333333333
"3927",0.12
"3928",0.12
"3929",0.121666666666667
"3930",0.121666666666667
"3931",0.123333333333333
"3932",0.121666666666667
"3933",0.123333333333333
"3934",0.123333333333333
"3935",0.12
"3936",0.12
"3937",0.12
"3938",0.12
"3939",0.12
"3940",0.12
"3941",0.116666666666667
"3942",0.121666666666667
"3943",0.121666666666667
"3944",0.12
"3945",0.121666666666667
"3946",0.123333333333333
"3947",0.123333333333333
"3948",0.12
"3949",0.12
"3950",0.12
"3951",0.116666666666667
"3952",0.12
"3953",0.12
"3954",0.116666666666667
"3955",0.121666666666667
"3956",0.121666666666667
"3957",0.12
"3958",0.121666666666667
"3959",0.123333333333333
"3960",0.123333333333333
"3961",0.12
"3962",0.12
"3963",0.12
"3964",0.116666666666667
"3965",0.12
"3966",0.121666666666667
"3967",0.118333333333333
"3968",0.123333333333333
"3969",0.123333333333333
"3970",0.121666666666667
"3971",0.123333333333333
"3972",0.125
"3973",0.125
"3974",0.121666666666667
"3975",0.121666666666667
"3976",0.121666666666667
"3977",0.118333333333333
"3978",0.121666666666667
"3979",0.12
"3980",0.116666666666667
"3981",0.121666666666667
"3982",0.121666666666667
"3983",0.12
"3984",0.121666666666667
"3985",0.123333333333333
"3986",0.123333333333333
"3987",0.12
"3988",0.12
"3989",0.12
"3990",0.116666666666667
"3991",0.12
"3992",0.12
"3993",0.116666666666667
"3994",0.121666666666667
"3995",0.121666666666667
"3996",0.12
"3997",0.121666666666667
"3998",0.123333333333333
"3999",0.123333333333333
"4000",0.12
"4001",0.12
"4002",0.12
"4003",0.116666666666667
"4004",0.12
"4005",0.12
"4006",0.116666666666667
"4007",0.121666666666667
"4008",0.121666666666667
"4009",0.12
"4010",0.121666666666667
"4011",0.123333333333333
"4012",0.123333333333333
"4013",0.12
"4014",0.12
"4015",0.12
"4016",0.116666666666667
"4017",0.12
"4018",0.12
"4019",0.116666666666667
"4020",0.121666666666667
"4021",0.121666666666667
"4022",0.12
"4023",0.121666666666667
"4024",0.123333333333333
"4025",0.123333333333333
"4026",0.12
"4027",0.12
"4028",0.12
"4029",0.116666666666667
"4030",0.12
"4031",0.121666666666667
"4032",0.118333333333333
"4033",0.123333333333333
"4034",0.123333333333333
"4035",0.121666666666667
"4036",0.123333333333333
"4037",0.125
"4038",0.125
"4039",0.121666666666667
"4040",0.121666666666667
"4041",0.121666666666667
"4042",0.118333333333333
"4043",0.121666666666667
"4044",0.116666666666667
"4045",0.116666666666667
"4046",0.118333333333333
"4047",0.118333333333333
"4048",0.12
"4049",0.118333333333333
"4050",0.12
"4051",0.12
"4052",0.116666666666667
"4053",0.116666666666667
"4054",0.116666666666667
"4055",0.116666666666667
"4056",0.116666666666667
"4057",0.118333333333333
"4058",0.115
"4059",0.12
"4060",0.12
"4061",0.118333333333333
"4062",0.12
"4063",0.121666666666667
"4064",0.121666666666667
"4065",0.118333333333333
"4066",0.118333333333333
"4067",0.118333333333333
"4068",0.115
"4069",0.118333333333333
"4070",0.12
"4071",0.116666666666667
"4072",0.121666666666667
"4073",0.121666666666667
"4074",0.12
"4075",0.121666666666667
"4076",0.123333333333333
"4077",0.123333333333333
"4078",0.12
"4079",0.12
"4080",0.12
"4081",0.116666666666667
"4082",0.12
"4083",0.12
"4084",0.116666666666667
"4085",0.121666666666667
"4086",0.121666666666667
"4087",0.12
"4088",0.121666666666667
"4089",0.123333333333333
"4090",0.123333333333333
"4091",0.12
"4092",0.12
"4093",0.12
"4094",0.116666666666667
"4095",0.12
"4096",0.116666666666667
"4097",0.116666666666667
"4098",0.118333333333333
"4099",0.118333333333333
"4100",0.12
"4101",0.118333333333333
"4102",0.12
"4103",0.12
"4104",0.116666666666667
"4105",0.116666666666667
"4106",0.116666666666667
"4107",0.116666666666667
"4108",0.116666666666667
"4109",0.118333333333333
"4110",0.118333333333333
"4111",0.12
"4112",0.12
"4113",0.121666666666667
"4114",0.12
"4115",0.121666666666667
"4116",0.121666666666667
"4117",0.118333333333333
"4118",0.118333333333333
"4119",0.118333333333333
"4120",0.118333333333333
"4121",0.118333333333333
"4122",0.121666666666667
"4123",0.118333333333333
"4124",0.123333333333333
"4125",0.123333333333333
"4126",0.121666666666667
"4127",0.123333333333333
"4128",0.125
"4129",0.125
"4130",0.121666666666667
"4131",0.121666666666667
"4132",0.121666666666667
"4133",0.118333333333333
"4134",0.121666666666667
"4135",0.12
"4136",0.116666666666667
"4137",0.121666666666667
"4138",0.121666666666667
"4139",0.12
"4140",0.121666666666667
"4141",0.123333333333333
"4142",0.123333333333333
"4143",0.12
"4144",0.12
"4145",0.12
"4146",0.116666666666667
"4147",0.12
"4148",0.12
"4149",0.116666666666667
"4150",0.121666666666667
"4151",0.121666666666667
"4152",0.12
"4153",0.121666666666667
"4154",0.123333333333333
"4155",0.123333333333333
"4156",0.12
"4157",0.12
"4158",0.12
"4159",0.116666666666667
"4160",0.12
"4161",0.118333333333333
"4162",0.118333333333333
"4163",0.12
"4164",0.12
"4165",0.121666666666667
"4166",0.12
"4167",0.121666666666667
"4168",0.121666666666667
"4169",0.118333333333333
"4170",0.118333333333333
"4171",0.118333333333333
"4172",0.118333333333333
"4173",0.118333333333333
"4174",0.12
"4175",0.116666666666667
"4176",0.121666666666667
"4177",0.121666666666667
"4178",0.12
"4179",0.121666666666667
"4180",0.123333333333333
"4181",0.123333333333333
"4182",0.12
"4183",0.12
"4184",0.12
"4185",0.116666666666667
"4186",0.12
"4187",0.12
"4188",0.116666666666667
"4189",0.121666666666667
"4190",0.121666666666667
"4191",0.12
"4192",0.121666666666667
"4193",0.123333333333333
"4194",0.123333333333333
"4195",0.12
"4196",0.12
"4197",0.12
"4198",0.116666666666667
"4199",0.12
"4200",0.12
"4201",0.116666666666667
"4202",0.121666666666667
"4203",0.121666666666667
"4204",0.12
"4205",0.121666666666667
"4206",0.123333333333333
"4207",0.123333333333333
"4208",0.12
"4209",0.12
"4210",0.12
"4211",0.116666666666667
"4212",0.12
"4213",0.12
"4214",0.116666666666667
"4215",0.121666666666667
"4216",0.121666666666667
"4217",0.12
"4218",0.121666666666667
"4219",0.123333333333333
"4220",0.123333333333333
"4221",0.12
"4222",0.12
"4223",0.12
"4224",0.116666666666667
"4225",0.12
"4226",0.121666666666667
"4227",0.118333333333333
"4228",0.123333333333333
"4229",0.123333333333333
"4230",0.121666666666667
"4231",0.123333333333333
"4232",0.125
"4233",0.125
"4234",0.121666666666667
"4235",0.121666666666667
"4236",0.121666666666667
"4237",0.118333333333333
"4238",0.121666666666667
"4239",0.12
"4240",0.116666666666667
"4241",0.121666666666667
"4242",0.121666666666667
"4243",0.12
"4244",0.121666666666667
"4245",0.123333333333333
"4246",0.123333333333333
"4247",0.12
"4248",0.12
"4249",0.12
"4250",0.116666666666667
"4251",0.12
"4252",0.12
"4253",0.116666666666667
"4254",0.121666666666667
"4255",0.121666666666667
"4256",0.12
"4257",0.121666666666667
"4258",0.123333333333333
"4259",0.123333333333333
"4260",0.12
"4261",0.12
"4262",0.12
"4263",0.116666666666667
"4264",0.12
"4265",0.121666666666667
"4266",0.118333333333333
"4267",0.12
"4268",0.12
"4269",0.121666666666667
"4270",0.123333333333333
"4271",0.125
"4272",0.125
"4273",0.121666666666667
"4274",0.121666666666667
"4275",0.121666666666667
"4276",0.118333333333333
"4277",0.121666666666667
"4278",0.12
"4279",0.116666666666667
"4280",0.121666666666667
"4281",0.121666666666667
"4282",0.12
"4283",0.121666666666667
"4284",0.123333333333333
"4285",0.123333333333333
"4286",0.12
"4287",0.12
"4288",0.12
"4289",0.116666666666667
"4290",0.12
"4291",0.121666666666667
"4292",0.118333333333333
"4293",0.123333333333333
"4294",0.123333333333333
"4295",0.121666666666667
"4296",0.123333333333333
"4297",0.125
"4298",0.125
"4299",0.121666666666667
"4300",0.121666666666667
"4301",0.121666666666667
"4302",0.118333333333333
"4303",0.121666666666667
"4304",0.116666666666667
"4305",0.116666666666667
"4306",0.118333333333333
"4307",0.118333333333333
"4308",0.12
"4309",0.118333333333333
"4310",0.12
"4311",0.12
"4312",0.116666666666667
"4313",0.116666666666667
"4314",0.116666666666667
"4315",0.116666666666667
"4316",0.116666666666667
"4317",0.116666666666667
"4318",0.116666666666667
"4319",0.118333333333333
"4320",0.118333333333333
"4321",0.12
"4322",0.118333333333333
"4323",0.12
"4324",0.12
"4325",0.116666666666667
"4326",0.116666666666667
"4327",0.116666666666667
"4328",0.116666666666667
"4329",0.116666666666667
"4330",0.12
"4331",0.116666666666667
"4332",0.121666666666667
"4333",0.121666666666667
"4334",0.12
"4335",0.121666666666667
"4336",0.123333333333333
"4337",0.123333333333333
"4338",0.12
"4339",0.12
"4340",0.12
"4341",0.116666666666667
"4342",0.12
"4343",0.12
"4344",0.116666666666667
"4345",0.121666666666667
"4346",0.121666666666667
"4347",0.12
"4348",0.121666666666667
"4349",0.123333333333333
"4350",0.123333333333333
"4351",0.12
"4352",0.12
"4353",0.12
"4354",0.116666666666667
"4355",0.12
"4356",0.12
"4357",0.116666666666667
"4358",0.121666666666667
"4359",0.121666666666667
"4360",0.12
"4361",0.121666666666667
"4362",0.123333333333333
"4363",0.123333333333333
"4364",0.12
"4365",0.12
"4366",0.12
"4367",0.116666666666667
"4368",0.12
"4369",0.12
"4370",0.116666666666667
"4371",0.121666666666667
"4372",0.121666666666667
"4373",0.12
"4374",0.121666666666667
"4375",0.123333333333333
"4376",0.123333333333333
"4377",0.12
"4378",0.12
"4379",0.12
"4380",0.116666666666667
"4381",0.12
"4382",0.116666666666667
"4383",0.116666666666667
"4384",0.118333333333333
"4385",0.118333333333333
"4386",0.12
"4387",0.118333333333333
"4388",0.12
"4389",0.12
"4390",0.116666666666667
"4391",0.116666666666667
"4392",0.116666666666667
"4393",0.116666666666667
"4394",0.116666666666667
"4395",0.121666666666667
"4396",0.118333333333333
"4397",0.123333333333333
"4398",0.123333333333333
"4399",0.121666666666667
"4400",0.123333333333333
"4401",0.125
"4402",0.125
"4403",0.121666666666667
"4404",0.121666666666667
"4405",0.121666666666667
"4406",0.118333333333333
"4407",0.121666666666667
"4408",0.12
"4409",0.116666666666667
"4410",0.121666666666667
"4411",0.121666666666667
"4412",0.12
"4413",0.121666666666667
"4414",0.123333333333333
"4415",0.123333333333333
"4416",0.12
"4417",0.12
"4418",0.12
"4419",0.116666666666667
"4420",0.12
"4421",0.12
"4422",0.116666666666667
"4423",0.121666666666667
"4424",0.121666666666667
"4425",0.12
"4426",0.121666666666667
"4427",0.123333333333333
"4428",0.123333333333333
"4429",0.12
"4430",0.12
"4431",0.12
"4432",0.116666666666667
"4433",0.12
"4434",0.121666666666667
"4435",0.118333333333333
"4436",0.12
"4437",0.12
"4438",0.121666666666667
"4439",0.123333333333333
"4440",0.125
"4441",0.125
"4442",0.121666666666667
"4443",0.121666666666667
"4444",0.121666666666667
"4445",0.118333333333333
"4446",0.121666666666667
"4447",0.118333333333333
"4448",0.118333333333333
"4449",0.12
"4450",0.12
"4451",0.121666666666667
"4452",0.12
"4453",0.121666666666667
"4454",0.121666666666667
"4455",0.118333333333333
"4456",0.118333333333333
"4457",0.118333333333333
"4458",0.118333333333333
"4459",0.118333333333333
"4460",0.12
"4461",0.116666666666667
"4462",0.121666666666667
"4463",0.121666666666667
"4464",0.12
"4465",0.121666666666667
"4466",0.123333333333333
"4467",0.123333333333333
"4468",0.12
"4469",0.12
"4470",0.12
"4471",0.116666666666667
"4472",0.12
"4473",0.12
"4474",0.116666666666667
"4475",0.121666666666667
"4476",0.121666666666667
"4477",0.12
"4478",0.121666666666667
"4479",0.123333333333333
"4480",0.123333333333333
"4481",0.12
"4482",0.12
"4483",0.12
"4484",0.116666666666667
"4485",0.12
"4486",0.12
"4487",0.116666666666667
"4488",0.121666666666667
"4489",0.121666666666667
"4490",0.12
"4491",0.121666666666667
"4492",0.123333333333333
"4493",0.123333333333333
"4494",0.12
"4495",0.12
"4496",0.12
"4497",0.116666666666667
"4498",0.12
"4499",0.12
"4500",0.116666666666667
"4501",0.121666666666667
"4502",0.121666666666667
"4503",0.12
"4504",0.121666666666667
"4505",0.123333333333333
"4506",0.123333333333333
"4507",0.12
"4508",0.12
"4509",0.12
"4510",0.116666666666667
"4511",0.12
"4512",0.12
"4513",0.116666666666667
"4514",0.121666666666667
"4515",0.121666666666667
"4516",0.12
"4517",0.121666666666667
"4518",0.123333333333333
"4519",0.123333333333333
"4520",0.12
"4521",0.12
"4522",0.12
"4523",0.116666666666667
"4524",0.12
"4525",0.12
"4526",0.116666666666667
"4527",0.121666666666667
"4528",0.121666666666667
"4529",0.12
"4530",0.121666666666667
"4531",0.123333333333333
"4532",0.123333333333333
"4533",0.12
"4534",0.12
"4535",0.12
"4536",0.116666666666667
"4537",0.12
"4538",0.12
"4539",0.116666666666667
"4540",0.121666666666667
"4541",0.121666666666667
"4542",0.12
"4543",0.121666666666667
"4544",0.123333333333333
"4545",0.123333333333333
"4546",0.12
"4547",0.12
"4548",0.12
"4549",0.116666666666667
"4550",0.12
"4551",0.12
"4552",0.116666666666667
"4553",0.121666666666667
"4554",0.121666666666667
"4555",0.12
"4556",0.121666666666667
"4557",0.123333333333333
"4558",0.123333333333333
"4559",0.12
"4560",0.12
"4561",0.12
"4562",0.116666666666667
"4563",0.12
"4564",0.121666666666667
"4565",0.118333333333333
"4566",0.123333333333333
"4567",0.123333333333333
"4568",0.121666666666667
"4569",0.123333333333333
"4570",0.125
"4571",0.125
"4572",0.121666666666667
"4573",0.121666666666667
"4574",0.121666666666667
"4575",0.118333333333333
"4576",0.121666666666667
"4577",0.121666666666667
"4578",0.118333333333333
"4579",0.123333333333333
"4580",0.123333333333333
"4581",0.121666666666667
"4582",0.123333333333333
"4583",0.125
"4584",0.125
"4585",0.121666666666667
"4586",0.121666666666667
"4587",0.121666666666667
"4588",0.118333333333333
"4589",0.121666666666667
"4590",0.121666666666667
"4591",0.118333333333333
"4592",0.12
"4593",0.12
"4594",0.121666666666667
"4595",0.123333333333333
"4596",0.125
"4597",0.125
"4598",0.121666666666667
"4599",0.121666666666667
"4600",0.121666666666667
"4601",0.118333333333333
"4602",0.121666666666667
"4603",0.121666666666667
"4604",0.118333333333333
"4605",0.123333333333333
"4606",0.123333333333333
"4607",0.121666666666667
"4608",0.123333333333333
"4609",0.125
"4610",0.125
"4611",0.121666666666667
"4612",0.121666666666667
"4613",0.121666666666667
"4614",0.118333333333333
"4615",0.121666666666667
"4616",0.116666666666667
"4617",0.116666666666667
"4618",0.118333333333333
"4619",0.118333333333333
"4620",0.12
"4621",0.118333333333333
"4622",0.12
"4623",0.12
"4624",0.116666666666667
"4625",0.116666666666667
"4626",0.116666666666667
"4627",0.116666666666667
"4628",0.116666666666667
"4629",0.113333333333333
"4630",0.113333333333333
"4631",0.115
"4632",0.115
"4633",0.113333333333333
"4634",0.115
"4635",0.116666666666667
"4636",0.118333333333333
"4637",0.113333333333333
"4638",0.111666666666667
"4639",0.113333333333333
"4640",0.113333333333333
"4641",0.113333333333333
"4642",0.115
"4643",0.115
"4644",0.116666666666667
"4645",0.116666666666667
"4646",0.118333333333333
"4647",0.116666666666667
"4648",0.118333333333333
"4649",0.116666666666667
"4650",0.115
"4651",0.113333333333333
"4652",0.115
"4653",0.115
"4654",0.115
"4655",0.125
"4656",0.125
"4657",0.126666666666667
"4658",0.126666666666667
"4659",0.128333333333333
"4660",0.126666666666667
"4661",0.128333333333333
"4662",0.126666666666667
"4663",0.125
"4664",0.126666666666667
"4665",0.125
"4666",0.125
"4667",0.125
"4668",0.115
"4669",0.115
"4670",0.116666666666667
"4671",0.116666666666667
"4672",0.118333333333333
"4673",0.116666666666667
"4674",0.118333333333333
"4675",0.116666666666667
"4676",0.115
"4677",0.113333333333333
"4678",0.115
"4679",0.115
"4680",0.115
"4681",0.123333333333333
"4682",0.126666666666667
"4683",0.125
"4684",0.125
"4685",0.123333333333333
"4686",0.125
"4687",0.125
"4688",0.128333333333333
"4689",0.125
"4690",0.123333333333333
"4691",0.123333333333333
"4692",0.126666666666667
"4693",0.123333333333333
"4694",0.121666666666667
"4695",0.125
"4696",0.123333333333333
"4697",0.123333333333333
"4698",0.121666666666667
"4699",0.123333333333333
"4700",0.123333333333333
"4701",0.126666666666667
"4702",0.123333333333333
"4703",0.121666666666667
"4704",0.121666666666667
"4705",0.125
"4706",0.121666666666667
"4707",0.121666666666667
"4708",0.125
"4709",0.123333333333333
"4710",0.123333333333333
"4711",0.121666666666667
"4712",0.123333333333333
"4713",0.123333333333333
"4714",0.126666666666667
"4715",0.123333333333333
"4716",0.121666666666667
"4717",0.121666666666667
"4718",0.125
"4719",0.121666666666667
"4720",0.14
"4721",0.136666666666667
"4722",0.141666666666667
"4723",0.141666666666667
"4724",0.14
"4725",0.141666666666667
"4726",0.143333333333333
"4727",0.141666666666667
"4728",0.141666666666667
"4729",0.14
"4730",0.14
"4731",0.136666666666667
"4732",0.14
"4733",0.138333333333333
"4734",0.138333333333333
"4735",0.14
"4736",0.14
"4737",0.138333333333333
"4738",0.14
"4739",0.141666666666667
"4740",0.14
"4741",0.14
"4742",0.138333333333333
"4743",0.138333333333333
"4744",0.138333333333333
"4745",0.138333333333333
"4746",0.141666666666667
"4747",0.141666666666667
"4748",0.143333333333333
"4749",0.143333333333333
"4750",0.141666666666667
"4751",0.143333333333333
"4752",0.145
"4753",0.143333333333333
"4754",0.143333333333333
"4755",0.141666666666667
"4756",0.141666666666667
"4757",0.141666666666667
"4758",0.141666666666667
"4759",0.138333333333333
"4760",0.138333333333333
"4761",0.14
"4762",0.14
"4763",0.138333333333333
"4764",0.14
"4765",0.141666666666667
"4766",0.14
"4767",0.14
"4768",0.138333333333333
"4769",0.138333333333333
"4770",0.138333333333333
"4771",0.138333333333333
"4772",0.138333333333333
"4773",0.138333333333333
"4774",0.14
"4775",0.14
"4776",0.138333333333333
"4777",0.14
"4778",0.141666666666667
"4779",0.14
"4780",0.14
"4781",0.138333333333333
"4782",0.138333333333333
"4783",0.138333333333333
"4784",0.138333333333333
"4785",0.095
"4786",0.0983333333333333
"4787",0.0933333333333333
"4788",0.0933333333333333
"4789",0.0966666666666667
"4790",0.0966666666666667
"4791",0.0966666666666667
"4792",0.0966666666666667
"4793",0.095
"4794",0.0933333333333333
"4795",0.095
"4796",0.0983333333333333
"4797",0.095
"4798",0.0966666666666667
"4799",0.1
"4800",0.095
"4801",0.095
"4802",0.0983333333333333
"4803",0.0983333333333333
"4804",0.0983333333333333
"4805",0.0983333333333333
"4806",0.0966666666666667
"4807",0.095
"4808",0.0966666666666667
"4809",0.1
"4810",0.0966666666666667
"4811",0.0966666666666667
"4812",0.1
"4813",0.095
"4814",0.095
"4815",0.0983333333333333
"4816",0.0983333333333333
"4817",0.0983333333333333
"4818",0.0983333333333333
"4819",0.0966666666666667
"4820",0.095
"4821",0.0966666666666667
"4822",0.1
"4823",0.0966666666666667
"4824",0.095
"4825",0.0983333333333333
"4826",0.0933333333333333
"4827",0.0933333333333333
"4828",0.0966666666666667
"4829",0.0966666666666667
"4830",0.0966666666666667
"4831",0.0966666666666667
"4832",0.095
"4833",0.0933333333333333
"4834",0.095
"4835",0.0983333333333333
"4836",0.095
"4837",0.0966666666666667
"4838",0.1
"4839",0.095
"4840",0.095
"4841",0.0983333333333333
"4842",0.0983333333333333
"4843",0.0983333333333333
"4844",0.0983333333333333
"4845",0.0966666666666667
"4846",0.095
"4847",0.0966666666666667
"4848",0.1
"4849",0.0966666666666667
"4850",0.095
"4851",0.0983333333333333
"4852",0.0933333333333333
"4853",0.0933333333333333
"4854",0.0966666666666667
"4855",0.0966666666666667
"4856",0.0966666666666667
"4857",0.0966666666666667
"4858",0.095
"4859",0.0933333333333333
"4860",0.095
"4861",0.0983333333333333
"4862",0.095
"4863",0.0966666666666667
"4864",0.1
"4865",0.095
"4866",0.095
"4867",0.0983333333333333
"4868",0.0983333333333333
"4869",0.0983333333333333
"4870",0.0983333333333333
"4871",0.0966666666666667
"4872",0.095
"4873",0.0966666666666667
"4874",0.1
"4875",0.0966666666666667
"4876",0.095
"4877",0.0983333333333333
"4878",0.0933333333333333
"4879",0.0933333333333333
"4880",0.0966666666666667
"4881",0.0966666666666667
"4882",0.0966666666666667
"4883",0.0966666666666667
"4884",0.095
"4885",0.0933333333333333
"4886",0.095
"4887",0.0983333333333333
"4888",0.095
"4889",0.0966666666666667
"4890",0.1
"4891",0.095
"4892",0.095
"4893",0.0983333333333333
"4894",0.0983333333333333
"4895",0.0983333333333333
"4896",0.0983333333333333
"4897",0.0966666666666667
"4898",0.095
"4899",0.0966666666666667
"4900",0.1
"4901",0.0966666666666667
"4902",0.0966666666666667
"4903",0.1
"4904",0.095
"4905",0.095
"4906",0.0983333333333333
"4907",0.0983333333333333
"4908",0.0983333333333333
"4909",0.0983333333333333
"4910",0.0966666666666667
"4911",0.095
"4912",0.0966666666666667
"4913",0.1
"4914",0.0966666666666667
"4915",0.0966666666666667
"4916",0.1
"4917",0.095
"4918",0.095
"4919",0.0983333333333333
"4920",0.0983333333333333
"4921",0.0983333333333333
"4922",0.0983333333333333
"4923",0.0966666666666667
"4924",0.095
"4925",0.0966666666666667
"4926",0.1
"4927",0.0966666666666667
"4928",0.095
"4929",0.0983333333333333
"4930",0.0933333333333333
"4931",0.0933333333333333
"4932",0.0966666666666667
"4933",0.0966666666666667
"4934",0.0966666666666667
"4935",0.0966666666666667
"4936",0.095
"4937",0.0933333333333333
"4938",0.095
"4939",0.0983333333333333
"4940",0.095
"4941",0.136666666666667
"4942",0.136666666666667
"4943",0.138333333333333
"4944",0.138333333333333
"4945",0.136666666666667
"4946",0.138333333333333
"4947",0.14
"4948",0.138333333333333
"4949",0.138333333333333
"4950",0.136666666666667
"4951",0.136666666666667
"4952",0.136666666666667
"4953",0.136666666666667
"4954",0.136666666666667
"4955",0.136666666666667
"4956",0.138333333333333
"4957",0.138333333333333
"4958",0.136666666666667
"4959",0.138333333333333
"4960",0.14
"4961",0.138333333333333
"4962",0.138333333333333
"4963",0.136666666666667
"4964",0.136666666666667
"4965",0.136666666666667
"4966",0.136666666666667
"4967",0.135
"4968",0.135
"4969",0.136666666666667
"4970",0.136666666666667
"4971",0.135
"4972",0.136666666666667
"4973",0.138333333333333
"4974",0.136666666666667
"4975",0.136666666666667
"4976",0.135
"4977",0.135
"4978",0.135
"4979",0.135
"4980",0.136666666666667
"4981",0.136666666666667
"4982",0.138333333333333
"4983",0.138333333333333
"4984",0.136666666666667
"4985",0.138333333333333
"4986",0.14
"4987",0.138333333333333
"4988",0.138333333333333
"4989",0.136666666666667
"4990",0.136666666666667
"4991",0.136666666666667
"4992",0.136666666666667
"4993",0.105
"4994",0.105
"4995",0.106666666666667
"4996",0.106666666666667
"4997",0.101666666666667
"4998",0.106666666666667
"4999",0.105
"5000",0.108333333333333
"5001",0.105
"5002",0.103333333333333
"5003",0.105
"5004",0.105
"5005",0.105
"5006",0.105
"5007",0.105
"5008",0.106666666666667
"5009",0.106666666666667
"5010",0.101666666666667
"5011",0.106666666666667
"5012",0.105
"5013",0.108333333333333
"5014",0.105
"5015",0.103333333333333
"5016",0.105
"5017",0.105
"5018",0.105
"5019",0.105
"5020",0.105
"5021",0.106666666666667
"5022",0.106666666666667
"5023",0.101666666666667
"5024",0.106666666666667
"5025",0.105
"5026",0.108333333333333
"5027",0.105
"5028",0.103333333333333
"5029",0.105
"5030",0.105
"5031",0.105
"5032",0.105
"5033",0.105
"5034",0.106666666666667
"5035",0.106666666666667
"5036",0.101666666666667
"5037",0.106666666666667
"5038",0.105
"5039",0.108333333333333
"5040",0.105
"5041",0.103333333333333
"5042",0.105
"5043",0.105
"5044",0.105
"5045",0.108333333333333
"5046",0.111666666666667
"5047",0.11
"5048",0.11
"5049",0.108333333333333
"5050",0.11
"5051",0.108333333333333
"5052",0.111666666666667
"5053",0.108333333333333
"5054",0.106666666666667
"5055",0.108333333333333
"5056",0.111666666666667
"5057",0.108333333333333
"5058",0.105
"5059",0.105
"5060",0.106666666666667
"5061",0.106666666666667
"5062",0.101666666666667
"5063",0.106666666666667
"5064",0.105
"5065",0.108333333333333
"5066",0.105
"5067",0.103333333333333
"5068",0.105
"5069",0.105
"5070",0.105
"5071",0.106666666666667
"5072",0.106666666666667
"5073",0.108333333333333
"5074",0.108333333333333
"5075",0.103333333333333
"5076",0.108333333333333
"5077",0.106666666666667
"5078",0.11
"5079",0.106666666666667
"5080",0.105
"5081",0.106666666666667
"5082",0.106666666666667
"5083",0.106666666666667
"5084",0.106666666666667
"5085",0.106666666666667
"5086",0.105
"5087",0.105
"5088",0.103333333333333
"5089",0.108333333333333
"5090",0.106666666666667
"5091",0.11
"5092",0.106666666666667
"5093",0.105
"5094",0.106666666666667
"5095",0.106666666666667
"5096",0.106666666666667
"5097",0.105
"5098",0.105
"5099",0.106666666666667
"5100",0.106666666666667
"5101",0.101666666666667
"5102",0.106666666666667
"5103",0.105
"5104",0.108333333333333
"5105",0.105
"5106",0.103333333333333
"5107",0.105
"5108",0.105
"5109",0.105
"5110",0.105
"5111",0.105
"5112",0.106666666666667
"5113",0.106666666666667
"5114",0.101666666666667
"5115",0.106666666666667
"5116",0.105
"5117",0.108333333333333
"5118",0.105
"5119",0.103333333333333
"5120",0.105
"5121",0.105
"5122",0.105
"5123",0.125
"5124",0.128333333333333
"5125",0.126666666666667
"5126",0.126666666666667
"5127",0.125
"5128",0.126666666666667
"5129",0.126666666666667
"5130",0.13
"5131",0.126666666666667
"5132",0.125
"5133",0.125
"5134",0.128333333333333
"5135",0.125
"5136",0.125
"5137",0.128333333333333
"5138",0.126666666666667
"5139",0.126666666666667
"5140",0.125
"5141",0.126666666666667
"5142",0.126666666666667
"5143",0.13
"5144",0.126666666666667
"5145",0.125
"5146",0.125
"5147",0.128333333333333
"5148",0.125
"5149",0.125
"5150",0.128333333333333
"5151",0.126666666666667
"5152",0.126666666666667
"5153",0.125
"5154",0.126666666666667
"5155",0.126666666666667
"5156",0.13
"5157",0.126666666666667
"5158",0.125
"5159",0.125
"5160",0.128333333333333
"5161",0.125
"5162",0.103333333333333
"5163",0.103333333333333
"5164",0.101666666666667
"5165",0.101666666666667
"5166",0.103333333333333
"5167",0.105
"5168",0.106666666666667
"5169",0.105
"5170",0.103333333333333
"5171",0.101666666666667
"5172",0.103333333333333
"5173",0.103333333333333
"5174",0.103333333333333
"5175",0.103333333333333
"5176",0.103333333333333
"5177",0.101666666666667
"5178",0.101666666666667
"5179",0.103333333333333
"5180",0.105
"5181",0.106666666666667
"5182",0.105
"5183",0.103333333333333
"5184",0.101666666666667
"5185",0.103333333333333
"5186",0.103333333333333
"5187",0.103333333333333
"5188",0.103333333333333
"5189",0.106666666666667
"5190",0.101666666666667
"5191",0.101666666666667
"5192",0.106666666666667
"5193",0.105
"5194",0.106666666666667
"5195",0.105
"5196",0.103333333333333
"5197",0.101666666666667
"5198",0.103333333333333
"5199",0.106666666666667
"5200",0.103333333333333
"5201",0.103333333333333
"5202",0.106666666666667
"5203",0.101666666666667
"5204",0.101666666666667
"5205",0.106666666666667
"5206",0.105
"5207",0.106666666666667
"5208",0.105
"5209",0.103333333333333
"5210",0.101666666666667
"5211",0.103333333333333
"5212",0.106666666666667
"5213",0.103333333333333
"5214",0.115
"5215",0.118333333333333
"5216",0.116666666666667
"5217",0.116666666666667
"5218",0.118333333333333
"5219",0.116666666666667
"5220",0.118333333333333
"5221",0.115
"5222",0.115
"5223",0.113333333333333
"5224",0.115
"5225",0.118333333333333
"5226",0.115
"5227",0.115
"5228",0.115
"5229",0.113333333333333
"5230",0.113333333333333
"5231",0.118333333333333
"5232",0.116666666666667
"5233",0.118333333333333
"5234",0.116666666666667
"5235",0.115
"5236",0.113333333333333
"5237",0.115
"5238",0.115
"5239",0.115
"5240",0.115
"5241",0.118333333333333
"5242",0.116666666666667
"5243",0.116666666666667
"5244",0.118333333333333
"5245",0.116666666666667
"5246",0.118333333333333
"5247",0.115
"5248",0.115
"5249",0.113333333333333
"5250",0.115
"5251",0.118333333333333
"5252",0.115
"5253",0.115
"5254",0.118333333333333
"5255",0.116666666666667
"5256",0.116666666666667
"5257",0.118333333333333
"5258",0.116666666666667
"5259",0.118333333333333
"5260",0.115
"5261",0.115
"5262",0.113333333333333
"5263",0.115
"5264",0.118333333333333
"5265",0.115
"5266",0.118333333333333
"5267",0.118333333333333
"5268",0.116666666666667
"5269",0.116666666666667
"5270",0.121666666666667
"5271",0.12
"5272",0.121666666666667
"5273",0.118333333333333
"5274",0.118333333333333
"5275",0.116666666666667
"5276",0.118333333333333
"5277",0.118333333333333
"5278",0.118333333333333
"5279",0.118333333333333
"5280",0.118333333333333
"5281",0.12
"5282",0.12
"5283",0.118333333333333
"5284",0.12
"5285",0.121666666666667
"5286",0.118333333333333
"5287",0.118333333333333
"5288",0.116666666666667
"5289",0.118333333333333
"5290",0.118333333333333
"5291",0.118333333333333
"5292",0.118333333333333
"5293",0.118333333333333
"5294",0.12
"5295",0.12
"5296",0.118333333333333
"5297",0.12
"5298",0.121666666666667
"5299",0.118333333333333
"5300",0.118333333333333
"5301",0.116666666666667
"5302",0.118333333333333
"5303",0.118333333333333
"5304",0.118333333333333
"5305",0.118333333333333
"5306",0.118333333333333
"5307",0.116666666666667
"5308",0.116666666666667
"5309",0.121666666666667
"5310",0.12
"5311",0.121666666666667
"5312",0.118333333333333
"5313",0.118333333333333
"5314",0.116666666666667
"5315",0.118333333333333
"5316",0.118333333333333
"5317",0.118333333333333
"5318",0.108333333333333
"5319",0.108333333333333
"5320",0.11
"5321",0.11
"5322",0.108333333333333
"5323",0.11
"5324",0.111666666666667
"5325",0.108333333333333
"5326",0.108333333333333
"5327",0.106666666666667
"5328",0.108333333333333
"5329",0.108333333333333
"5330",0.108333333333333
"5331",0.118333333333333
"5332",0.118333333333333
"5333",0.12
"5334",0.12
"5335",0.118333333333333
"5336",0.12
"5337",0.121666666666667
"5338",0.118333333333333
"5339",0.118333333333333
"5340",0.116666666666667
"5341",0.118333333333333
"5342",0.118333333333333
"5343",0.118333333333333
"5344",0.115
"5345",0.118333333333333
"5346",0.116666666666667
"5347",0.116666666666667
"5348",0.118333333333333
"5349",0.116666666666667
"5350",0.118333333333333
"5351",0.115
"5352",0.115
"5353",0.113333333333333
"5354",0.115
"5355",0.118333333333333
"5356",0.115
"5357",0.118333333333333
"5358",0.118333333333333
"5359",0.12
"5360",0.12
"5361",0.118333333333333
"5362",0.12
"5363",0.121666666666667
"5364",0.118333333333333
"5365",0.118333333333333
"5366",0.116666666666667
"5367",0.118333333333333
"5368",0.118333333333333
"5369",0.118333333333333
"5370",0.12
"5371",0.116666666666667
"5372",0.118333333333333
"5373",0.118333333333333
"5374",0.12
"5375",0.121666666666667
"5376",0.123333333333333
"5377",0.12
"5378",0.12
"5379",0.118333333333333
"5380",0.12
"5381",0.116666666666667
"5382",0.12
"5383",0.118333333333333
"5384",0.115
"5385",0.116666666666667
"5386",0.116666666666667
"5387",0.118333333333333
"5388",0.12
"5389",0.121666666666667
"5390",0.118333333333333
"5391",0.118333333333333
"5392",0.116666666666667
"5393",0.118333333333333
"5394",0.115
"5395",0.118333333333333
"5396",0.115
"5397",0.118333333333333
"5398",0.116666666666667
"5399",0.116666666666667
"5400",0.118333333333333
"5401",0.116666666666667
"5402",0.118333333333333
"5403",0.115
"5404",0.115
"5405",0.113333333333333
"5406",0.115
"5407",0.118333333333333
"5408",0.115
"5409",0.118333333333333
"5410",0.118333333333333
"5411",0.12
"5412",0.12
"5413",0.118333333333333
"5414",0.12
"5415",0.121666666666667
"5416",0.118333333333333
"5417",0.118333333333333
"5418",0.116666666666667
"5419",0.118333333333333
"5420",0.118333333333333
"5421",0.118333333333333
"5422",0.108333333333333
"5423",0.108333333333333
"5424",0.11
"5425",0.11
"5426",0.108333333333333
"5427",0.11
"5428",0.111666666666667
"5429",0.108333333333333
"5430",0.108333333333333
"5431",0.106666666666667
"5432",0.108333333333333
"5433",0.108333333333333
"5434",0.108333333333333
"5435",0.118333333333333
"5436",0.118333333333333
"5437",0.12
"5438",0.12
"5439",0.118333333333333
"5440",0.12
"5441",0.121666666666667
"5442",0.118333333333333
"5443",0.118333333333333
"5444",0.116666666666667
"5445",0.118333333333333
"5446",0.118333333333333
"5447",0.118333333333333
"5448",0.121666666666667
"5449",0.118333333333333
"5450",0.12
"5451",0.12
"5452",0.121666666666667
"5453",0.123333333333333
"5454",0.125
"5455",0.121666666666667
"5456",0.121666666666667
"5457",0.12
"5458",0.121666666666667
"5459",0.118333333333333
"5460",0.121666666666667
"5461",0.118333333333333
"5462",0.118333333333333
"5463",0.12
"5464",0.12
"5465",0.118333333333333
"5466",0.12
"5467",0.121666666666667
"5468",0.118333333333333
"5469",0.118333333333333
"5470",0.116666666666667
"5471",0.118333333333333
"5472",0.118333333333333
"5473",0.118333333333333
"5474",0.118333333333333
"5475",0.118333333333333
"5476",0.12
"5477",0.12
"5478",0.118333333333333
"5479",0.12
"5480",0.121666666666667
"5481",0.118333333333333
"5482",0.118333333333333
"5483",0.116666666666667
"5484",0.118333333333333
"5485",0.118333333333333
"5486",0.118333333333333
"5487",0.12
"5488",0.12
"5489",0.121666666666667
"5490",0.121666666666667
"5491",0.12
"5492",0.121666666666667
"5493",0.123333333333333
"5494",0.12
"5495",0.12
"5496",0.118333333333333
"5497",0.12
"5498",0.12
"5499",0.12
"5500",0.12
"5501",0.116666666666667
"5502",0.118333333333333
"5503",0.118333333333333
"5504",0.12
"5505",0.121666666666667
"5506",0.123333333333333
"5507",0.12
"5508",0.12
"5509",0.118333333333333
"5510",0.12
"5511",0.116666666666667
"5512",0.12
"5513",0.115
"5514",0.118333333333333
"5515",0.116666666666667
"5516",0.116666666666667
"5517",0.118333333333333
"5518",0.116666666666667
"5519",0.118333333333333
"5520",0.115
"5521",0.115
"5522",0.113333333333333
"5523",0.115
"5524",0.118333333333333
"5525",0.115
"5526",0.108333333333333
"5527",0.108333333333333
"5528",0.11
"5529",0.11
"5530",0.108333333333333
"5531",0.11
"5532",0.111666666666667
"5533",0.108333333333333
"5534",0.108333333333333
"5535",0.106666666666667
"5536",0.108333333333333
"5537",0.108333333333333
"5538",0.108333333333333
"5539",0.108333333333333
"5540",0.108333333333333
"5541",0.11
"5542",0.11
"5543",0.108333333333333
"5544",0.11
"5545",0.111666666666667
"5546",0.108333333333333
"5547",0.108333333333333
"5548",0.106666666666667
"5549",0.108333333333333
"5550",0.108333333333333
"5551",0.108333333333333
"5552",0.118333333333333
"5553",0.118333333333333
"5554",0.12
"5555",0.12
"5556",0.118333333333333
"5557",0.12
"5558",0.121666666666667
"5559",0.118333333333333
"5560",0.118333333333333
"5561",0.116666666666667
"5562",0.118333333333333
"5563",0.118333333333333
"5564",0.118333333333333
"5565",0.106666666666667
"5566",0.11
"5567",0.108333333333333
"5568",0.108333333333333
"5569",0.108333333333333
"5570",0.108333333333333
"5571",0.108333333333333
"5572",0.106666666666667
"5573",0.106666666666667
"5574",0.105
"5575",0.106666666666667
"5576",0.11
"5577",0.106666666666667
"5578",0.106666666666667
"5579",0.108333333333333
"5580",0.105
"5581",0.105
"5582",0.106666666666667
"5583",0.108333333333333
"5584",0.108333333333333
"5585",0.108333333333333
"5586",0.108333333333333
"5587",0.108333333333333
"5588",0.106666666666667
"5589",0.108333333333333
"5590",0.106666666666667
"5591",0.106666666666667
"5592",0.108333333333333
"5593",0.105
"5594",0.105
"5595",0.106666666666667
"5596",0.108333333333333
"5597",0.108333333333333
"5598",0.111666666666667
"5599",0.108333333333333
"5600",0.108333333333333
"5601",0.106666666666667
"5602",0.108333333333333
"5603",0.106666666666667
"5604",0.105
"5605",0.106666666666667
"5606",0.103333333333333
"5607",0.103333333333333
"5608",0.105
"5609",0.106666666666667
"5610",0.106666666666667
"5611",0.11
"5612",0.106666666666667
"5613",0.106666666666667
"5614",0.105
"5615",0.106666666666667
"5616",0.105
"5617",0.128333333333333
"5618",0.131666666666667
"5619",0.13
"5620",0.13
"5621",0.131666666666667
"5622",0.13
"5623",0.131666666666667
"5624",0.13
"5625",0.13
"5626",0.128333333333333
"5627",0.128333333333333
"5628",0.131666666666667
"5629",0.128333333333333
"5630",0.128333333333333
"5631",0.131666666666667
"5632",0.13
"5633",0.13
"5634",0.131666666666667
"5635",0.13
"5636",0.131666666666667
"5637",0.13
"5638",0.13
"5639",0.128333333333333
"5640",0.128333333333333
"5641",0.131666666666667
"5642",0.128333333333333
"5643",0.128333333333333
"5644",0.131666666666667
"5645",0.13
"5646",0.13
"5647",0.131666666666667
"5648",0.13
"5649",0.131666666666667
"5650",0.13
"5651",0.13
"5652",0.128333333333333
"5653",0.128333333333333
"5654",0.131666666666667
"5655",0.128333333333333
"5656",0.12
"5657",0.12
"5658",0.121666666666667
"5659",0.121666666666667
"5660",0.12
"5661",0.121666666666667
"5662",0.123333333333333
"5663",0.125
"5664",0.123333333333333
"5665",0.118333333333333
"5666",0.12
"5667",0.12
"5668",0.12
"5669",0.118333333333333
"5670",0.118333333333333
"5671",0.12
"5672",0.12
"5673",0.118333333333333
"5674",0.12
"5675",0.121666666666667
"5676",0.123333333333333
"5677",0.121666666666667
"5678",0.116666666666667
"5679",0.118333333333333
"5680",0.118333333333333
"5681",0.118333333333333
"5682",0.12
"5683",0.12
"5684",0.121666666666667
"5685",0.121666666666667
"5686",0.12
"5687",0.121666666666667
"5688",0.123333333333333
"5689",0.125
"5690",0.123333333333333
"5691",0.118333333333333
"5692",0.12
"5693",0.12
"5694",0.12
"5695",0.12
"5696",0.12
"5697",0.121666666666667
"5698",0.121666666666667
"5699",0.12
"5700",0.121666666666667
"5701",0.123333333333333
"5702",0.125
"5703",0.123333333333333
"5704",0.118333333333333
"5705",0.12
"5706",0.12
"5707",0.12
"5708",0.12
"5709",0.12
"5710",0.121666666666667
"5711",0.121666666666667
"5712",0.12
"5713",0.121666666666667
"5714",0.123333333333333
"5715",0.125
"5716",0.123333333333333
"5717",0.118333333333333
"5718",0.12
"5719",0.12
"5720",0.12
"5721",0.12
"5722",0.12
"5723",0.121666666666667
"5724",0.121666666666667
"5725",0.12
"5726",0.121666666666667
"5727",0.123333333333333
"5728",0.125
"5729",0.123333333333333
"5730",0.118333333333333
"5731",0.12
"5732",0.12
"5733",0.12
"5734",0.12
"5735",0.12
"5736",0.121666666666667
"5737",0.121666666666667
"5738",0.12
"5739",0.121666666666667
"5740",0.123333333333333
"5741",0.125
"5742",0.123333333333333
"5743",0.118333333333333
"5744",0.12
"5745",0.12
"5746",0.12
"5747",0.12
"5748",0.12
"5749",0.121666666666667
"5750",0.121666666666667
"5751",0.12
"5752",0.121666666666667
"5753",0.123333333333333
"5754",0.125
"5755",0.123333333333333
"5756",0.118333333333333
"5757",0.12
"5758",0.12
"5759",0.12
"5760",0.12
"5761",0.12
"5762",0.121666666666667
"5763",0.121666666666667
"5764",0.12
"5765",0.121666666666667
"5766",0.123333333333333
"5767",0.125
"5768",0.123333333333333
"5769",0.118333333333333
"5770",0.12
"5771",0.12
"5772",0.12
"5773",0.12
"5774",0.12
"5775",0.121666666666667
"5776",0.121666666666667
"5777",0.12
"5778",0.121666666666667
"5779",0.123333333333333
"5780",0.125
"5781",0.123333333333333
"5782",0.118333333333333
"5783",0.12
"5784",0.12
"5785",0.12
"5786",0.12
"5787",0.12
"5788",0.121666666666667
"5789",0.121666666666667
"5790",0.12
"5791",0.121666666666667
"5792",0.123333333333333
"5793",0.125
"5794",0.123333333333333
"5795",0.118333333333333
"5796",0.12
"5797",0.12
"5798",0.12
"5799",0.12
"5800",0.12
"5801",0.121666666666667
"5802",0.121666666666667
"5803",0.12
"5804",0.121666666666667
"5805",0.123333333333333
"5806",0.125
"5807",0.123333333333333
"5808",0.118333333333333
"5809",0.12
"5810",0.12
"5811",0.12
"5812",0.12
"5813",0.12
"5814",0.121666666666667
"5815",0.121666666666667
"5816",0.12
"5817",0.121666666666667
"5818",0.123333333333333
"5819",0.125
"5820",0.123333333333333
"5821",0.118333333333333
"5822",0.12
"5823",0.12
"5824",0.12
"5825",0.12
"5826",0.12
"5827",0.121666666666667
"5828",0.121666666666667
"5829",0.12
"5830",0.121666666666667
"5831",0.123333333333333
"5832",0.125
"5833",0.123333333333333
"5834",0.118333333333333
"5835",0.12
"5836",0.12
"5837",0.12
"5838",0.12
"5839",0.12
"5840",0.121666666666667
"5841",0.121666666666667
"5842",0.12
"5843",0.121666666666667
"5844",0.123333333333333
"5845",0.125
"5846",0.123333333333333
"5847",0.118333333333333
"5848",0.12
"5849",0.12
"5850",0.12
"5851",0.12
"5852",0.12
"5853",0.121666666666667
"5854",0.121666666666667
"5855",0.12
"5856",0.121666666666667
"5857",0.123333333333333
"5858",0.125
"5859",0.123333333333333
"5860",0.118333333333333
"5861",0.12
"5862",0.12
"5863",0.12
"5864",0.141666666666667
"5865",0.141666666666667
"5866",0.143333333333333
"5867",0.143333333333333
"5868",0.141666666666667
"5869",0.143333333333333
"5870",0.145
"5871",0.143333333333333
"5872",0.143333333333333
"5873",0.141666666666667
"5874",0.141666666666667
"5875",0.141666666666667
"5876",0.141666666666667
"5877",0.141666666666667
"5878",0.141666666666667
"5879",0.143333333333333
"5880",0.143333333333333
"5881",0.138333333333333
"5882",0.143333333333333
"5883",0.145
"5884",0.143333333333333
"5885",0.143333333333333
"5886",0.141666666666667
"5887",0.141666666666667
"5888",0.141666666666667
"5889",0.141666666666667
"5890",0.143333333333333
"5891",0.143333333333333
"5892",0.145
"5893",0.145
"5894",0.143333333333333
"5895",0.145
"5896",0.146666666666667
"5897",0.145
"5898",0.145
"5899",0.143333333333333
"5900",0.143333333333333
"5901",0.143333333333333
"5902",0.143333333333333
"5903",0.115
"5904",0.115
"5905",0.116666666666667
"5906",0.116666666666667
"5907",0.115
"5908",0.116666666666667
"5909",0.118333333333333
"5910",0.115
"5911",0.115
"5912",0.113333333333333
"5913",0.115
"5914",0.115
"5915",0.115
"5916",0.115
"5917",0.115
"5918",0.116666666666667
"5919",0.116666666666667
"5920",0.115
"5921",0.116666666666667
"5922",0.118333333333333
"5923",0.115
"5924",0.115
"5925",0.113333333333333
"5926",0.115
"5927",0.115
"5928",0.115
"5929",0.115
"5930",0.115
"5931",0.116666666666667
"5932",0.116666666666667
"5933",0.115
"5934",0.116666666666667
"5935",0.118333333333333
"5936",0.115
"5937",0.115
"5938",0.113333333333333
"5939",0.115
"5940",0.115
"5941",0.115
"5942",0.095
"5943",0.0983333333333333
"5944",0.0933333333333333
"5945",0.0933333333333333
"5946",0.0983333333333333
"5947",0.0966666666666667
"5948",0.0966666666666667
"5949",0.1
"5950",0.095
"5951",0.0933333333333333
"5952",0.095
"5953",0.0983333333333333
"5954",0.095
"5955",0.09
"5956",0.0933333333333333
"5957",0.0883333333333333
"5958",0.0883333333333333
"5959",0.0933333333333333
"5960",0.0916666666666667
"5961",0.0916666666666667
"5962",0.095
"5963",0.0866666666666667
"5964",0.0883333333333333
"5965",0.09
"5966",0.0933333333333333
"5967",0.09
"5968",0.09
"5969",0.0933333333333333
"5970",0.0883333333333333
"5971",0.0883333333333333
"5972",0.0933333333333333
"5973",0.0916666666666667
"5974",0.0916666666666667
"5975",0.095
"5976",0.0866666666666667
"5977",0.0883333333333333
"5978",0.09
"5979",0.0933333333333333
"5980",0.09
"5981",0.0933333333333333
"5982",0.0933333333333333
"5983",0.0916666666666667
"5984",0.0916666666666667
"5985",0.0933333333333333
"5986",0.095
"5987",0.095
"5988",0.0983333333333333
"5989",0.0933333333333333
"5990",0.095
"5991",0.0933333333333333
"5992",0.0933333333333333
"5993",0.0933333333333333
"5994",0.09
"5995",0.0933333333333333
"5996",0.0883333333333333
"5997",0.0883333333333333
"5998",0.0933333333333333
"5999",0.0916666666666667
"6000",0.0916666666666667
"6001",0.095
"6002",0.0866666666666667
"6003",0.0883333333333333
"6004",0.09
"6005",0.0933333333333333
"6006",0.09
"6007",0.09
"6008",0.0933333333333333
"6009",0.0883333333333333
"6010",0.0883333333333333
"6011",0.0933333333333333
"6012",0.0916666666666667
"6013",0.0916666666666667
"6014",0.095
"6015",0.0866666666666667
"6016",0.0883333333333333
"6017",0.09
"6018",0.0933333333333333
"6019",0.09
"6020",0.09
"6021",0.0933333333333333
"6022",0.0883333333333333
"6023",0.0883333333333333
"6024",0.0933333333333333
"6025",0.0916666666666667
"6026",0.0916666666666667
"6027",0.095
"6028",0.0866666666666667
"6029",0.0883333333333333
"6030",0.09
"6031",0.0933333333333333
"6032",0.09
"6033",0.09
"6034",0.0933333333333333
"6035",0.0883333333333333
"6036",0.0883333333333333
"6037",0.0933333333333333
"6038",0.0916666666666667
"6039",0.0916666666666667
"6040",0.095
"6041",0.0866666666666667
"6042",0.0883333333333333
"6043",0.09
"6044",0.0933333333333333
"6045",0.09
"6046",0.09
"6047",0.0933333333333333
"6048",0.0883333333333333
"6049",0.0883333333333333
"6050",0.0933333333333333
"6051",0.0916666666666667
"6052",0.0916666666666667
"6053",0.095
"6054",0.0866666666666667
"6055",0.0883333333333333
"6056",0.09
"6057",0.0933333333333333
"6058",0.09
"6059",0.11
"6060",0.11
"6061",0.111666666666667
"6062",0.111666666666667
"6063",0.111666666666667
"6064",0.111666666666667
"6065",0.111666666666667
"6066",0.108333333333333
"6067",0.11
"6068",0.11
"6069",0.11
"6070",0.11
"6071",0.11
"6072",0.113333333333333
"6073",0.113333333333333
"6074",0.115
"6075",0.115
"6076",0.115
"6077",0.115
"6078",0.115
"6079",0.111666666666667
"6080",0.113333333333333
"6081",0.113333333333333
"6082",0.113333333333333
"6083",0.113333333333333
"6084",0.113333333333333
"6085",0.113333333333333
"6086",0.113333333333333
"6087",0.115
"6088",0.115
"6089",0.115
"6090",0.115
"6091",0.115
"6092",0.111666666666667
"6093",0.113333333333333
"6094",0.113333333333333
"6095",0.113333333333333
"6096",0.113333333333333
"6097",0.113333333333333
"6098",0.111666666666667
"6099",0.111666666666667
"6100",0.113333333333333
"6101",0.113333333333333
"6102",0.113333333333333
"6103",0.113333333333333
"6104",0.113333333333333
"6105",0.11
"6106",0.111666666666667
"6107",0.111666666666667
"6108",0.111666666666667
"6109",0.111666666666667
"6110",0.111666666666667
"6111",0.113333333333333
"6112",0.11
"6113",0.115
"6114",0.115
"6115",0.111666666666667
"6116",0.115
"6117",0.115
"6118",0.111666666666667
"6119",0.113333333333333
"6120",0.113333333333333
"6121",0.113333333333333
"6122",0.11
"6123",0.113333333333333
"6124",0.11
"6125",0.11
"6126",0.111666666666667
"6127",0.111666666666667
"6128",0.111666666666667
"6129",0.111666666666667
"6130",0.111666666666667
"6131",0.108333333333333
"6132",0.11
"6133",0.11
"6134",0.11
"6135",0.11
"6136",0.11
"6137",0.111666666666667
"6138",0.111666666666667
"6139",0.113333333333333
"6140",0.113333333333333
"6141",0.113333333333333
"6142",0.113333333333333
"6143",0.113333333333333
"6144",0.11
"6145",0.111666666666667
"6146",0.111666666666667
"6147",0.111666666666667
"6148",0.111666666666667
"6149",0.111666666666667
"6150",0.111666666666667
"6151",0.111666666666667
"6152",0.113333333333333
"6153",0.113333333333333
"6154",0.113333333333333
"6155",0.113333333333333
"6156",0.113333333333333
"6157",0.11
"6158",0.111666666666667
"6159",0.111666666666667
"6160",0.111666666666667
"6161",0.111666666666667
"6162",0.111666666666667
"6163",0.116666666666667
"6164",0.113333333333333
"6165",0.118333333333333
"6166",0.118333333333333
"6167",0.115
"6168",0.118333333333333
"6169",0.118333333333333
"6170",0.115
"6171",0.116666666666667
"6172",0.116666666666667
"6173",0.116666666666667
"6174",0.113333333333333
"6175",0.116666666666667
"6176",0.113333333333333
"6177",0.113333333333333
"6178",0.115
"6179",0.115
"6180",0.115
"6181",0.115
"6182",0.115
"6183",0.111666666666667
"6184",0.113333333333333
"6185",0.113333333333333
"6186",0.113333333333333
"6187",0.113333333333333
"6188",0.113333333333333
"6189",0.111666666666667
"6190",0.111666666666667
"6191",0.113333333333333
"6192",0.113333333333333
"6193",0.113333333333333
"6194",0.113333333333333
"6195",0.113333333333333
"6196",0.11
"6197",0.111666666666667
"6198",0.111666666666667
"6199",0.111666666666667
"6200",0.111666666666667
"6201",0.111666666666667
"6202",0.11
"6203",0.11
"6204",0.111666666666667
"6205",0.111666666666667
"6206",0.111666666666667
"6207",0.111666666666667
"6208",0.111666666666667
"6209",0.108333333333333
"6210",0.11
"6211",0.11
"6212",0.11
"6213",0.11
"6214",0.11
"6215",0.0933333333333333
"6216",0.0966666666666667
"6217",0.095
"6218",0.095
"6219",0.0966666666666667
"6220",0.095
"6221",0.0966666666666667
"6222",0.095
"6223",0.0933333333333333
"6224",0.095
"6225",0.0933333333333333
"6226",0.0966666666666667
"6227",0.0933333333333333
"6228",0.0966666666666667
"6229",0.1
"6230",0.0983333333333333
"6231",0.0983333333333333
"6232",0.1
"6233",0.0983333333333333
"6234",0.1
"6235",0.0983333333333333
"6236",0.0966666666666667
"6237",0.095
"6238",0.0966666666666667
"6239",0.1
"6240",0.0966666666666667
"6241",0.0983333333333333
"6242",0.101666666666667
"6243",0.1
"6244",0.1
"6245",0.101666666666667
"6246",0.1
"6247",0.101666666666667
"6248",0.1
"6249",0.0983333333333333
"6250",0.0966666666666667
"6251",0.0983333333333333
"6252",0.101666666666667
"6253",0.0983333333333333
"6254",0.0933333333333333
"6255",0.0966666666666667
"6256",0.095
"6257",0.095
"6258",0.0966666666666667
"6259",0.095
"6260",0.0966666666666667
"6261",0.095
"6262",0.0933333333333333
"6263",0.095
"6264",0.0933333333333333
"6265",0.0966666666666667
"6266",0.0933333333333333
"6267",0.0966666666666667
"6268",0.1
"6269",0.0983333333333333
"6270",0.0983333333333333
"6271",0.1
"6272",0.0983333333333333
"6273",0.1
"6274",0.0983333333333333
"6275",0.0966666666666667
"6276",0.095
"6277",0.0966666666666667
"6278",0.1
"6279",0.0966666666666667
"6280",0.0983333333333333
"6281",0.101666666666667
"6282",0.1
"6283",0.1
"6284",0.0983333333333333
"6285",0.1
"6286",0.101666666666667
"6287",0.1
"6288",0.0983333333333333
"6289",0.0966666666666667
"6290",0.0983333333333333
"6291",0.101666666666667
"6292",0.0983333333333333
"6293",0.0933333333333333
"6294",0.0966666666666667
"6295",0.095
"6296",0.095
"6297",0.0966666666666667
"6298",0.095
"6299",0.0966666666666667
"6300",0.095
"6301",0.0933333333333333
"6302",0.095
"6303",0.0933333333333333
"6304",0.0966666666666667
"6305",0.0933333333333333
"6306",0.0933333333333333
"6307",0.0966666666666667
"6308",0.095
"6309",0.095
"6310",0.0966666666666667
"6311",0.095
"6312",0.0966666666666667
"6313",0.095
"6314",0.0933333333333333
"6315",0.095
"6316",0.0933333333333333
"6317",0.0966666666666667
"6318",0.0933333333333333
"6319",0.101666666666667
"6320",0.103333333333333
"6321",0.103333333333333
"6322",0.103333333333333
"6323",0.103333333333333
"6324",0.103333333333333
"6325",0.103333333333333
"6326",0.106666666666667
"6327",0.103333333333333
"6328",0.101666666666667
"6329",0.101666666666667
"6330",0.103333333333333
"6331",0.101666666666667
"6332",0.125
"6333",0.125
"6334",0.126666666666667
"6335",0.126666666666667
"6336",0.125
"6337",0.126666666666667
"6338",0.128333333333333
"6339",0.13
"6340",0.128333333333333
"6341",0.123333333333333
"6342",0.125
"6343",0.125
"6344",0.125
"6345",0.126666666666667
"6346",0.123333333333333
"6347",0.128333333333333
"6348",0.128333333333333
"6349",0.126666666666667
"6350",0.128333333333333
"6351",0.13
"6352",0.131666666666667
"6353",0.13
"6354",0.125
"6355",0.126666666666667
"6356",0.123333333333333
"6357",0.126666666666667
"6358",0.085
"6359",0.085
"6360",0.0833333333333333
"6361",0.0833333333333333
"6362",0.085
"6363",0.0866666666666667
"6364",0.0866666666666667
"6365",0.09
"6366",0.0866666666666667
"6367",0.0833333333333333
"6368",0.085
"6369",0.085
"6370",0.085
"6371",0.085
"6372",0.085
"6373",0.0833333333333333
"6374",0.0833333333333333
"6375",0.085
"6376",0.0866666666666667
"6377",0.0866666666666667
"6378",0.09
"6379",0.0866666666666667
"6380",0.0833333333333333
"6381",0.085
"6382",0.085
"6383",0.085
"6384",0.095
"6385",0.095
"6386",0.0933333333333333
"6387",0.0933333333333333
"6388",0.0933333333333333
"6389",0.0966666666666667
"6390",0.0966666666666667
"6391",0.0966666666666667
"6392",0.0916666666666667
"6393",0.0933333333333333
"6394",0.095
"6395",0.095
"6396",0.095
"6397",0.095
"6398",0.095
"6399",0.0933333333333333
"6400",0.0933333333333333
"6401",0.0933333333333333
"6402",0.0966666666666667
"6403",0.0966666666666667
"6404",0.0966666666666667
"6405",0.0916666666666667
"6406",0.0933333333333333
"6407",0.095
"6408",0.095
"6409",0.095
"6410",0.095
"6411",0.095
"6412",0.0933333333333333
"6413",0.0933333333333333
"6414",0.0933333333333333
"6415",0.0966666666666667
"6416",0.0966666666666667
"6417",0.0966666666666667
"6418",0.0916666666666667
"6419",0.0933333333333333
"6420",0.095
"6421",0.095
"6422",0.095
"6423",0.095
"6424",0.095
"6425",0.0933333333333333
"6426",0.0933333333333333
"6427",0.0933333333333333
"6428",0.0966666666666667
"6429",0.0966666666666667
"6430",0.0966666666666667
"6431",0.0916666666666667
"6432",0.0933333333333333
"6433",0.095
"6434",0.095
"6435",0.095
"6436",0.095
"6437",0.095
"6438",0.0933333333333333
"6439",0.0933333333333333
"6440",0.0933333333333333
"6441",0.0966666666666667
"6442",0.0966666666666667
"6443",0.0966666666666667
"6444",0.0916666666666667
"6445",0.0933333333333333
"6446",0.095
"6447",0.095
"6448",0.095
"6449",0.095
"6450",0.095
"6451",0.0933333333333333
"6452",0.0933333333333333
"6453",0.0933333333333333
"6454",0.0966666666666667
"6455",0.0966666666666667
"6456",0.0966666666666667
"6457",0.0916666666666667
"6458",0.0933333333333333
"6459",0.095
"6460",0.095
"6461",0.095
"6462",0.095
"6463",0.095
"6464",0.0933333333333333
"6465",0.0933333333333333
"6466",0.0933333333333333
"6467",0.0966666666666667
"6468",0.0966666666666667
"6469",0.0966666666666667
"6470",0.0916666666666667
"6471",0.0933333333333333
"6472",0.095
"6473",0.095
"6474",0.095
"6475",0.095
"6476",0.095
"6477",0.0933333333333333
"6478",0.0933333333333333
"6479",0.0933333333333333
"6480",0.0966666666666667
"6481",0.0966666666666667
"6482",0.0966666666666667
"6483",0.0916666666666667
"6484",0.0933333333333333
"6485",0.095
"6486",0.095
"6487",0.095
"6488",0.095
"6489",0.095
"6490",0.0933333333333333
"6491",0.0933333333333333
"6492",0.0933333333333333
"6493",0.0966666666666667
"6494",0.0966666666666667
"6495",0.0966666666666667
"6496",0.0916666666666667
"6497",0.0933333333333333
"6498",0.095
"6499",0.095
"6500",0.095
"6501",0.0933333333333333
"6502",0.0933333333333333
"6503",0.0916666666666667
"6504",0.0916666666666667
"6505",0.0933333333333333
"6506",0.095
"6507",0.095
"6508",0.095
"6509",0.09
"6510",0.0916666666666667
"6511",0.0933333333333333
"6512",0.0933333333333333
"6513",0.0933333333333333
"6514",0.095
"6515",0.095
"6516",0.0933333333333333
"6517",0.0933333333333333
"6518",0.0933333333333333
"6519",0.0966666666666667
"6520",0.0966666666666667
"6521",0.0966666666666667
"6522",0.0916666666666667
"6523",0.0933333333333333
"6524",0.095
"6525",0.095
"6526",0.095
"6527",0.095
"6528",0.095
"6529",0.0933333333333333
"6530",0.0933333333333333
"6531",0.0933333333333333
"6532",0.0966666666666667
"6533",0.0966666666666667
"6534",0.0966666666666667
"6535",0.0916666666666667
"6536",0.0933333333333333
"6537",0.095
"6538",0.095
"6539",0.095
"6540",0.138333333333333
"6541",0.138333333333333
"6542",0.14
"6543",0.14
"6544",0.138333333333333
"6545",0.14
"6546",0.141666666666667
"6547",0.14
"6548",0.14
"6549",0.138333333333333
"6550",0.138333333333333
"6551",0.138333333333333
"6552",0.138333333333333
"6553",0.14
"6554",0.136666666666667
"6555",0.141666666666667
"6556",0.141666666666667
"6557",0.14
"6558",0.14
"6559",0.143333333333333
"6560",0.138333333333333
"6561",0.143333333333333
"6562",0.141666666666667
"6563",0.14
"6564",0.136666666666667
"6565",0.14
"6566",0.123333333333333
"6567",0.12
"6568",0.121666666666667
"6569",0.121666666666667
"6570",0.123333333333333
"6571",0.125
"6572",0.126666666666667
"6573",0.123333333333333
"6574",0.123333333333333
"6575",0.121666666666667
"6576",0.123333333333333
"6577",0.12
"6578",0.123333333333333
"6579",0.123333333333333
"6580",0.12
"6581",0.121666666666667
"6582",0.121666666666667
"6583",0.123333333333333
"6584",0.125
"6585",0.126666666666667
"6586",0.123333333333333
"6587",0.123333333333333
"6588",0.121666666666667
"6589",0.123333333333333
"6590",0.12
"6591",0.123333333333333
"6592",0.138333333333333
"6593",0.135
"6594",0.14
"6595",0.14
"6596",0.138333333333333
"6597",0.138333333333333
"6598",0.141666666666667
"6599",0.136666666666667
"6600",0.141666666666667
"6601",0.14
"6602",0.138333333333333
"6603",0.135
"6604",0.138333333333333
"6605",0.136666666666667
"6606",0.136666666666667
"6607",0.138333333333333
"6608",0.138333333333333
"6609",0.136666666666667
"6610",0.138333333333333
"6611",0.14
"6612",0.138333333333333
"6613",0.138333333333333
"6614",0.136666666666667
"6615",0.136666666666667
"6616",0.136666666666667
"6617",0.136666666666667
"6618",0.105
"6619",0.105
"6620",0.106666666666667
"6621",0.106666666666667
"6622",0.101666666666667
"6623",0.106666666666667
"6624",0.105
"6625",0.108333333333333
"6626",0.105
"6627",0.103333333333333
"6628",0.105
"6629",0.105
"6630",0.105
"6631",0.108333333333333
"6632",0.11
"6633",0.106666666666667
"6634",0.106666666666667
"6635",0.108333333333333
"6636",0.11
"6637",0.11
"6638",0.113333333333333
"6639",0.11
"6640",0.106666666666667
"6641",0.108333333333333
"6642",0.11
"6643",0.108333333333333
"6644",0.105
"6645",0.106666666666667
"6646",0.103333333333333
"6647",0.103333333333333
"6648",0.105
"6649",0.106666666666667
"6650",0.106666666666667
"6651",0.11
"6652",0.106666666666667
"6653",0.106666666666667
"6654",0.105
"6655",0.106666666666667
"6656",0.105
"6657",0.105
"6658",0.106666666666667
"6659",0.103333333333333
"6660",0.103333333333333
"6661",0.105
"6662",0.106666666666667
"6663",0.106666666666667
"6664",0.11
"6665",0.106666666666667
"6666",0.106666666666667
"6667",0.105
"6668",0.106666666666667
"6669",0.105
"6670",0.108333333333333
"6671",0.11
"6672",0.106666666666667
"6673",0.106666666666667
"6674",0.108333333333333
"6675",0.11
"6676",0.11
"6677",0.113333333333333
"6678",0.11
"6679",0.11
"6680",0.108333333333333
"6681",0.11
"6682",0.108333333333333
"6683",0.106666666666667
"6684",0.108333333333333
"6685",0.105
"6686",0.105
"6687",0.106666666666667
"6688",0.108333333333333
"6689",0.108333333333333
"6690",0.111666666666667
"6691",0.108333333333333
"6692",0.105
"6693",0.106666666666667
"6694",0.108333333333333
"6695",0.106666666666667
"6696",0.121666666666667
"6697",0.121666666666667
"6698",0.123333333333333
"6699",0.123333333333333
"6700",0.121666666666667
"6701",0.123333333333333
"6702",0.125
"6703",0.126666666666667
"6704",0.125
"6705",0.12
"6706",0.121666666666667
"6707",0.121666666666667
"6708",0.121666666666667
"6709",0.118333333333333
"6710",0.118333333333333
"6711",0.12
"6712",0.12
"6713",0.118333333333333
"6714",0.12
"6715",0.121666666666667
"6716",0.123333333333333
"6717",0.121666666666667
"6718",0.116666666666667
"6719",0.118333333333333
"6720",0.118333333333333
"6721",0.118333333333333
"6722",0.12
"6723",0.12
"6724",0.121666666666667
"6725",0.121666666666667
"6726",0.12
"6727",0.121666666666667
"6728",0.123333333333333
"6729",0.125
"6730",0.123333333333333
"6731",0.118333333333333
"6732",0.12
"6733",0.12
"6734",0.12
"6735",0.12
"6736",0.12
"6737",0.121666666666667
"6738",0.121666666666667
"6739",0.12
"6740",0.121666666666667
"6741",0.123333333333333
"6742",0.125
"6743",0.123333333333333
"6744",0.118333333333333
"6745",0.12
"6746",0.12
"6747",0.12
"6748",0.12
"6749",0.12
"6750",0.121666666666667
"6751",0.121666666666667
"6752",0.12
"6753",0.121666666666667
"6754",0.123333333333333
"6755",0.125
"6756",0.123333333333333
"6757",0.118333333333333
"6758",0.12
"6759",0.12
"6760",0.12
"6761",0.12
"6762",0.12
"6763",0.121666666666667
"6764",0.121666666666667
"6765",0.12
"6766",0.121666666666667
"6767",0.123333333333333
"6768",0.125
"6769",0.123333333333333
"6770",0.118333333333333
"6771",0.12
"6772",0.12
"6773",0.12
"6774",0.14
"6775",0.14
"6776",0.141666666666667
"6777",0.141666666666667
"6778",0.14
"6779",0.141666666666667
"6780",0.143333333333333
"6781",0.141666666666667
"6782",0.141666666666667
"6783",0.14
"6784",0.14
"6785",0.14
"6786",0.14
"6787",0.14
"6788",0.14
"6789",0.141666666666667
"6790",0.141666666666667
"6791",0.14
"6792",0.141666666666667
"6793",0.143333333333333
"6794",0.141666666666667
"6795",0.141666666666667
"6796",0.14
"6797",0.14
"6798",0.14
"6799",0.14
"6800",0.118333333333333
"6801",0.118333333333333
"6802",0.118333333333333
"6803",0.118333333333333
"6804",0.106666666666667
"6805",0.106666666666667
"6806",0.118333333333333
"6807",0.118333333333333
"6808",0.118333333333333
"6809",0.118333333333333
"6810",0.113333333333333
"6811",0.113333333333333
"6812",0.115
"6813",0.115
"6814",0.111666666666667
"6815",0.111666666666667
"6816",0.115
"6817",0.115
"6818",0.113333333333333
"6819",0.113333333333333
"6820",0.115
"6821",0.115
"6822",0.115
"6823",0.115
"6824",0.113333333333333
"6825",0.113333333333333
"6826",0.111666666666667
"6827",0.111666666666667
"6828",0.113333333333333
"6829",0.113333333333333
"6830",0.111666666666667
"6831",0.111666666666667
"6832",0.113333333333333
"6833",0.113333333333333
"6834",0.115
"6835",0.115
"6836",0.115
"6837",0.115
"6838",0.111666666666667
"6839",0.111666666666667
"6840",0.111666666666667
"6841",0.111666666666667
"6842",0.095
"6843",0.095
"6844",0.0966666666666667
"6845",0.0966666666666667
"6846",0.095
"6847",0.095
"6848",0.0966666666666667
"6849",0.0966666666666667
"6850",0.0966666666666667
"6851",0.0966666666666667
"6852",0.0933333333333333
"6853",0.0933333333333333
"6854",0.095
"6855",0.095
"6856",0.095
"6857",0.095
"6858",0.095
"6859",0.095
"6860",0.0966666666666667
"6861",0.0966666666666667
"6862",0.095
"6863",0.095
"6864",0.095
"6865",0.095
"6866",0.095
"6867",0.095
"6868",0.095
"6869",0.095
"6870",0.095
"6871",0.095
"6872",0.095
"6873",0.095
"6874",0.0966666666666667
"6875",0.0966666666666667
"6876",0.095
"6877",0.095
"6878",0.095
"6879",0.095
"6880",0.0933333333333333
"6881",0.0933333333333333
"6882",0.095
"6883",0.095
"6884",0.0966666666666667
"6885",0.0966666666666667
"6886",0.095
"6887",0.095
"6888",0.095
"6889",0.095
"6890",0.095
"6891",0.095
"6892",0.0966666666666667
"6893",0.0966666666666667
"6894",0.0966666666666667
"6895",0.0966666666666667
"6896",0.095
"6897",0.095
"6898",0.095
"6899",0.095
"6900",0.0966666666666667
"6901",0.0966666666666667
"6902",0.095
"6903",0.095
"6904",0.095
"6905",0.095
"6906",0.095
"6907",0.095
"6908",0.095
"6909",0.095
"6910",0.0966666666666667
"6911",0.0966666666666667
"6912",0.0966666666666667
"6913",0.0966666666666667
"6914",0.095
"6915",0.095
"6916",0.095
"6917",0.095
"6918",0.095
"6919",0.095
"6920",0.095
"6921",0.095
"6922",0.095
"6923",0.095
"6924",0.095
"6925",0.095
"6926",0.095
"6927",0.095
"6928",0.0966666666666667
"6929",0.0966666666666667
"6930",0.0966666666666667
"6931",0.0966666666666667
"6932",0.095
"6933",0.095
"6934",0.0966666666666667
"6935",0.0966666666666667
"6936",0.095
"6937",0.095
"6938",0.095
"6939",0.095
"6940",0.095
"6941",0.095
"6942",0.113333333333333
"6943",0.113333333333333
"6944",0.12
"6945",0.12
"6946",0.12
"6947",0.12
"6948",0.12
"6949",0.12
"6950",0.12
"6951",0.12
"6952",0.121666666666667
"6953",0.121666666666667
"6954",0.12
"6955",0.12
"6956",0.121666666666667
"6957",0.121666666666667
"6958",0.12
"6959",0.12
"6960",0.12
"6961",0.12
"6962",0.12
"6963",0.12
"6964",0.12
"6965",0.12
"6966",0.12
"6967",0.12
"6968",0.12
"6969",0.12
"6970",0.12
"6971",0.12
"6972",0.12
"6973",0.12
"6974",0.12
"6975",0.12
"6976",0.12
"6977",0.12
"6978",0.12
"6979",0.12
"6980",0.12
"6981",0.12
"6982",0.12
"6983",0.12
"6984",0.12
"6985",0.12
"6986",0.12
"6987",0.12
"6988",0.12
"6989",0.12
"6990",0.12
"6991",0.12
"6992",0.12
"6993",0.12
"6994",0.12
"6995",0.12
"6996",0.12
"6997",0.12
"6998",0.113333333333333
"6999",0.113333333333333
"7000",0.118333333333333
"7001",0.118333333333333
"7002",0.115
"7003",0.115
"7004",0.115
"7005",0.115
"7006",0.103333333333333
"7007",0.103333333333333
"7008",0.103333333333333
"7009",0.103333333333333
"7010",0.105
"7011",0.105
"7012",0.103333333333333
"7013",0.103333333333333
"7014",0.103333333333333
"7015",0.103333333333333
"7016",0.103333333333333
"7017",0.103333333333333
"7018",0.105
"7019",0.105
"7020",0.101666666666667
"7021",0.101666666666667
"7022",0.103333333333333
"7023",0.103333333333333
"7024",0.101666666666667
"7025",0.101666666666667
"7026",0.103333333333333
"7027",0.103333333333333
"7028",0.105
"7029",0.105
"7030",0.101666666666667
"7031",0.101666666666667
"7032",0.105
"7033",0.105
"7034",0.105
"7035",0.105
"7036",0.103333333333333
"7037",0.103333333333333
"7038",0.105
"7039",0.105
"7040",0.105
"7041",0.105
"7042",0.105
"7043",0.105
"7044",0.101666666666667
"7045",0.101666666666667
"7046",0.103333333333333
"7047",0.103333333333333
"7048",0.101666666666667
"7049",0.101666666666667
"7050",0.101666666666667
"7051",0.101666666666667
"7052",0.101666666666667
"7053",0.101666666666667
"7054",0.105
"7055",0.105
"7056",0.101666666666667
"7057",0.101666666666667
"7058",0.103333333333333
"7059",0.103333333333333
"7060",0.103333333333333
"7061",0.103333333333333
"7062",0.105
"7063",0.105
"7064",0.105
"7065",0.105
"7066",0.103333333333333
"7067",0.103333333333333
"7068",0.101666666666667
"7069",0.101666666666667
"7070",0.103333333333333
"7071",0.103333333333333
"7072",0.103333333333333
"7073",0.103333333333333
"7074",0.105
"7075",0.105
"7076",0.101666666666667
"7077",0.101666666666667
"7078",0.101666666666667
"7079",0.101666666666667
"7080",0.105
"7081",0.105
"7082",0.101666666666667
"7083",0.101666666666667
"7084",0.103333333333333
"7085",0.103333333333333
"7086",0.105
"7087",0.105
"7088",0.0983333333333333
"7089",0.0983333333333333
"7090",0.1
"7091",0.1
"7092",0.1
"7093",0.1
"7094",0.04
"7095",0.04
"7096",0.0433333333333333
"7097",0.0433333333333333
"7098",0.0416666666666667
"7099",0.0416666666666667
"7100",0.0433333333333333
"7101",0.0433333333333333
"7102",0.0366666666666667
"7103",0.0366666666666667
"7104",0.04
"7105",0.04
"7106",0.045
"7107",0.045
"7108",0.0983333333333333
"7109",0.0983333333333333
"7110",0.0983333333333333
"7111",0.0983333333333333
"7112",0.095
"7113",0.095
"7114",0.095
"7115",0.095
"7116",0.0983333333333333
"7117",0.0983333333333333
"7118",0.1
"7119",0.1
"7120",0.126666666666667
"7121",0.126666666666667
"7122",0.126666666666667
"7123",0.126666666666667
"7124",0.126666666666667
"7125",0.126666666666667
"7126",0.126666666666667
"7127",0.126666666666667
"7128",0.126666666666667
"7129",0.126666666666667
"7130",0.126666666666667
"7131",0.126666666666667
"7132",0.126666666666667
"7133",0.126666666666667
"7134",0.126666666666667
"7135",0.126666666666667
"7136",0.13
"7137",0.13
"7138",0.126666666666667
"7139",0.126666666666667
"7140",0.126666666666667
"7141",0.126666666666667
"7142",0.126666666666667
"7143",0.126666666666667
"7144",0.126666666666667
"7145",0.126666666666667
"7146",0.126666666666667
"7147",0.126666666666667
"7148",0.126666666666667
"7149",0.126666666666667
"7150",0.126666666666667
"7151",0.126666666666667
"7152",0.126666666666667
"7153",0.126666666666667
"7154",0.126666666666667
"7155",0.126666666666667
"7156",0.126666666666667
"7157",0.126666666666667
"7158",0.126666666666667
"7159",0.126666666666667
"7160",0.126666666666667
"7161",0.126666666666667
"7162",0.126666666666667
"7163",0.126666666666667
"7164",0.126666666666667
"7165",0.126666666666667
"7166",0.135
"7167",0.135
"7168",0.135
"7169",0.135
"7170",0.145
"7171",0.145
"7172",0.15
"7173",0.15
"7174",0.148333333333333
"7175",0.148333333333333
"7176",0.145
"7177",0.145
"7178",0.145
"7179",0.145
"7180",0.146666666666667
"7181",0.146666666666667
"7182",0.148333333333333
"7183",0.148333333333333
"7184",0.148333333333333
"7185",0.148333333333333
"7186",0.125
"7187",0.125
"7188",0.123333333333333
"7189",0.123333333333333
"7190",0.125
"7191",0.125
"7192",0.126666666666667
"7193",0.126666666666667
"7194",0.125
"7195",0.125
"7196",0.125
"7197",0.125
"7198",0.125
"7199",0.125
"7200",0.1
"7201",0.1
"7202",0.1
"7203",0.1
"7204",0.101666666666667
"7205",0.101666666666667
"7206",0.131666666666667
"7207",0.131666666666667
"7208",0.131666666666667
"7209",0.131666666666667
"7210",0.13
"7211",0.13
"7212",0.128333333333333
"7213",0.128333333333333
"7214",0.128333333333333
"7215",0.128333333333333
"7216",0.131666666666667
"7217",0.131666666666667
"7218",0.131666666666667
"7219",0.131666666666667
"7220",0.13
"7221",0.13
"7222",0.131666666666667
"7223",0.131666666666667
"7224",0.128333333333333
"7225",0.128333333333333
"7226",0.13
"7227",0.13
"7228",0.13
"7229",0.13
"7230",0.131666666666667
"7231",0.131666666666667
"7232",0.131666666666667
"7233",0.131666666666667
"7234",0.13
"7235",0.13
"7236",0.128333333333333
"7237",0.128333333333333
"7238",0.131666666666667
"7239",0.131666666666667
"7240",0.128333333333333
"7241",0.128333333333333
"7242",0.128333333333333
"7243",0.128333333333333
"7244",0.13
"7245",0.13
"7246",0.131666666666667
"7247",0.131666666666667
"7248",0.128333333333333
"7249",0.128333333333333
"7250",0.13
"7251",0.13
"7252",0.13
"7253",0.13
"7254",0.13
"7255",0.13
"7256",0.02
"7257",0.02
"7258",0.0983333333333333
"7259",0.0983333333333333
"7260",0.1
"7261",0.1
"7262",0.101666666666667
"7263",0.101666666666667
"7264",0.0983333333333333
"7265",0.0983333333333333
"7266",0.1
"7267",0.1
"7268",0.1
"7269",0.1
"7270",0.0983333333333333
"7271",0.0983333333333333
"7272",0.1
"7273",0.1
"7274",0.1
"7275",0.1
"7276",0.0983333333333333
"7277",0.0983333333333333
"7278",0.0983333333333333
"7279",0.0983333333333333
"7280",0.0983333333333333
"7281",0.0983333333333333
"7282",0.121666666666667
"7283",0.121666666666667
"7284",0.121666666666667
"7285",0.121666666666667
"7286",0.121666666666667
"7287",0.121666666666667
"7288",0.121666666666667
"7289",0.121666666666667
"7290",0.125
"7291",0.125
"7292",0.121666666666667
"7293",0.121666666666667
"7294",0.108333333333333
"7295",0.108333333333333
"7296",0.111666666666667
"7297",0.111666666666667
"7298",0.108333333333333
"7299",0.108333333333333
"7300",0.153333333333333
"7301",0.153333333333333
"7302",0.151666666666667
"7303",0.151666666666667
"7304",0.153333333333333
"7305",0.153333333333333
"7306",0.153333333333333
"7307",0.153333333333333
"7308",0.103333333333333
"7309",0.103333333333333
"7310",0.105
"7311",0.105
"7312",0.126666666666667
"7313",0.126666666666667
"7314",0.125
"7315",0.125
"7316",0.126666666666667
"7317",0.126666666666667
"7318",0.126666666666667
"7319",0.126666666666667
"7320",0.125
"7321",0.125
"7322",0.126666666666667
"7323",0.126666666666667
"7324",0.125
"7325",0.125
"7326",0.125
"7327",0.125
"7328",0.121666666666667
"7329",0.121666666666667
"7330",0.123333333333333
"7331",0.123333333333333
"7332",0.123333333333333
"7333",0.123333333333333
"7334",0.085
"7335",0.085
"7336",0.085
"7337",0.085
"7338",0.085
"7339",0.085
"7340",0.085
"7341",0.085
"7342",0.085
"7343",0.085
"7344",0.085
"7345",0.085
"7346",0.09
"7347",0.09
"7348",0.085
"7349",0.085
"7350",0.085
"7351",0.085
"7352",0.085
"7353",0.085
"7354",0.0866666666666667
"7355",0.0866666666666667
"7356",0.09
"7357",0.09
"7358",0.09
"7359",0.09
"7360",0.085
"7361",0.085
"7362",0.085
"7363",0.085
"7364",0.0833333333333333
"7365",0.0833333333333333
"7366",0.085
"7367",0.085
"7368",0.0883333333333333
"7369",0.0883333333333333
"7370",0.085
"7371",0.085
"7372",0.09
"7373",0.09
"7374",0.085
"7375",0.085
"7376",0.0866666666666667
"7377",0.0866666666666667
"7378",0.085
"7379",0.085
"7380",0.0866666666666667
"7381",0.0866666666666667
"7382",0.085
"7383",0.085
"7384",0.09
"7385",0.09
"7386",0.0833333333333333
"7387",0.0833333333333333
"7388",0.0866666666666667
"7389",0.0866666666666667
"7390",0.0866666666666667
"7391",0.0866666666666667
"7392",0.0866666666666667
"7393",0.0866666666666667
"7394",0.0883333333333333
"7395",0.0883333333333333
"7396",0.085
"7397",0.085
"7398",0.09
"7399",0.09
"7400",0.0883333333333333
"7401",0.0883333333333333
"7402",0.085
"7403",0.085
"7404",0.085
"7405",0.085
"7406",0.0866666666666667
"7407",0.0866666666666667
"7408",0.085
"7409",0.085
"7410",0.085
"7411",0.085
"7412",0.085
"7413",0.085
"7414",0.085
"7415",0.085
"7416",0.0866666666666667
"7417",0.0866666666666667
"7418",0.0883333333333333
"7419",0.0883333333333333
"7420",0.0866666666666667
"7421",0.0866666666666667
"7422",0.085
"7423",0.085
"7424",0.085
"7425",0.085
"7426",0.0883333333333333
"7427",0.0883333333333333
"7428",0.09
"7429",0.09
"7430",0.0866666666666667
"7431",0.0866666666666667
"7432",0.085
"7433",0.085
"7434",0.085
"7435",0.085
"7436",0.09
"7437",0.09
"7438",0.085
"7439",0.085
"7440",0.085
"7441",0.085
"7442",0.085
"7443",0.085
"7444",0.085
"7445",0.085
"7446",0.0866666666666667
"7447",0.0866666666666667
"7448",0.085
"7449",0.085
"7450",0.085
"7451",0.085
"7452",0.0866666666666667
"7453",0.0866666666666667
"7454",0.085
"7455",0.085
"7456",0.0866666666666667
"7457",0.0866666666666667
"7458",0.0883333333333333
"7459",0.0883333333333333
"7460",0.0883333333333333
"7461",0.0883333333333333
"7462",0.085
"7463",0.085
"7464",0.085
"7465",0.085
"7466",0.085
"7467",0.085
"7468",0.085
"7469",0.085
"7470",0.0883333333333333
"7471",0.0883333333333333
"7472",0.0866666666666667
"7473",0.0866666666666667
"7474",0.085
"7475",0.085
"7476",0.085
"7477",0.085
"7478",0.0866666666666667
"7479",0.0866666666666667
"7480",0.09
"7481",0.09
"7482",0.085
"7483",0.085
"7484",0.085
"7485",0.085
"7486",0.085
"7487",0.085
"7488",0.085
"7489",0.085
"7490",0.085
"7491",0.085
"7492",0.085
"7493",0.085
"7494",0.085
"7495",0.085
"7496",0.085
"7497",0.085
"7498",0.0866666666666667
"7499",0.0866666666666667
"7500",0.0866666666666667
"7501",0.0866666666666667
"7502",0.0866666666666667
"7503",0.0866666666666667
"7504",0.0833333333333333
"7505",0.0833333333333333
"7506",0.0883333333333333
"7507",0.0883333333333333
"7508",0.025
"7509",0.025
"7510",0.09
"7511",0.09
"7512",0.0866666666666667
"7513",0.0866666666666667
"7514",0.09
"7515",0.09
"7516",0.143333333333333
"7517",0.143333333333333
"7518",0.143333333333333
"7519",0.143333333333333
"7520",0.145
"7521",0.145
"7522",0.101666666666667
"7523",0.101666666666667
"7524",0.0983333333333333
"7525",0.0983333333333333
"7526",0.0983333333333333
"7527",0.0983333333333333
"7528",0.1
"7529",0.1
"7530",0.1
"7531",0.1
"7532",0.128333333333333
"7533",0.128333333333333
"7534",0.126666666666667
"7535",0.126666666666667
"7536",0.128333333333333
"7537",0.128333333333333
"7538",0.128333333333333
"7539",0.128333333333333
"7540",0.128333333333333
"7541",0.128333333333333
"7542",0.128333333333333
"7543",0.128333333333333
"7544",0.128333333333333
"7545",0.128333333333333
"7546",0.128333333333333
"7547",0.128333333333333
"7548",0.128333333333333
"7549",0.128333333333333
"7550",0.128333333333333
"7551",0.128333333333333
"7552",0.128333333333333
"7553",0.128333333333333
"7554",0.128333333333333
"7555",0.128333333333333
"7556",0.0966666666666667
"7557",0.0966666666666667
"7558",0.0966666666666667
"7559",0.0966666666666667
"7560",0.0983333333333333
"7561",0.0983333333333333
"7562",0.0966666666666667
"7563",0.0966666666666667
"7564",0.128333333333333
"7565",0.128333333333333
"7566",0.128333333333333
"7567",0.128333333333333
"7568",0.128333333333333
"7569",0.128333333333333
"7570",0.128333333333333
"7571",0.128333333333333
"7572",0.126666666666667
"7573",0.126666666666667
"7574",0.128333333333333
"7575",0.128333333333333
"7576",0.13
"7577",0.13
"7578",0.13
"7579",0.13
"7580",0.125
"7581",0.125
"7582",0.128333333333333
"7583",0.128333333333333
"7584",0.141666666666667
"7585",0.141666666666667
"7586",0.141666666666667
"7587",0.141666666666667
"7588",0.141666666666667
"7589",0.141666666666667
"7590",0.125
"7591",0.125
"7592",0.123333333333333
"7593",0.123333333333333
"7594",0.125
"7595",0.125
"7596",0.125
"7597",0.125
"7598",0.02
"7599",0.02
"7600",0.0283333333333333
"7601",0.0283333333333333
"7602",0.0183333333333333
"7603",0.0183333333333333
"7604",0.0183333333333333
"7605",0.0183333333333333
"7606",0.025
"7607",0.025
"7608",0.015
"7609",0.015
"7610",0.015
"7611",0.015
"7612",0.025
"7613",0.025
"7614",0.015
"7615",0.015
"7616",0.015
"7617",0.015
"7618",0.02
"7619",0.02
"7620",0.015
"7621",0.015
"7622",0.02
"7623",0.02
"7624",0.0216666666666667
"7625",0.0216666666666667
"7626",0.0183333333333333
"7627",0.0183333333333333
"7628",0.015
"7629",0.015
"7630",0.015
"7631",0.015
"7632",0.0216666666666667
"7633",0.0216666666666667
"7634",0.0216666666666667
"7635",0.0216666666666667
"7636",0.0216666666666667
"7637",0.0216666666666667
"7638",0.0216666666666667
"7639",0.0216666666666667
"7640",0.02
"7641",0.02
"7642",0.02
"7643",0.02
"7644",0.02
"7645",0.02
"7646",0.015
"7647",0.015
"7648",0.015
"7649",0.015
"7650",0.015
"7651",0.015
"7652",0.121666666666667
"7653",0.121666666666667
"7654",0.121666666666667
"7655",0.121666666666667
"7656",0.125
"7657",0.125
"7658",0.126666666666667
"7659",0.126666666666667
"7660",0.101666666666667
"7661",0.101666666666667
"7662",0.101666666666667
"7663",0.101666666666667
"7664",0.101666666666667
"7665",0.101666666666667
"7666",0.0983333333333333
"7667",0.0983333333333333
"7668",0.0966666666666667
"7669",0.0966666666666667
"7670",0.0966666666666667
"7671",0.0966666666666667
"7672",0.0983333333333333
"7673",0.0983333333333333
"7674",0.0966666666666667
"7675",0.0966666666666667
"7676",0.0966666666666667
"7677",0.0966666666666667
"7678",0.0983333333333333
"7679",0.0983333333333333
"7680",0.0983333333333333
"7681",0.0983333333333333
"7682",0.0983333333333333
"7683",0.0983333333333333
"7684",0.0983333333333333
"7685",0.0983333333333333
"7686",0.0983333333333333
"7687",0.0983333333333333
"7688",0.0966666666666667
"7689",0.0966666666666667
"7690",0.0983333333333333
"7691",0.0983333333333333
"7692",0.0983333333333333
"7693",0.0983333333333333
"7694",0.0983333333333333
"7695",0.0983333333333333
"7696",0.0983333333333333
"7697",0.0983333333333333
"7698",0.0983333333333333
"7699",0.0983333333333333
"7700",0.0983333333333333
"7701",0.0983333333333333
"7702",0.1
"7703",0.1
"7704",0.0166666666666667
"7705",0.0166666666666667
"7706",0.0166666666666667
"7707",0.0166666666666667
"7708",0.0166666666666667
"7709",0.0166666666666667
"7710",0.128333333333333
"7711",0.128333333333333
"7712",0.121666666666667
"7713",0.121666666666667
"7714",0.121666666666667
"7715",0.121666666666667
"7716",0.123333333333333
"7717",0.123333333333333
"7718",0.121666666666667
"7719",0.121666666666667
"7720",0.121666666666667
"7721",0.121666666666667
"7722",0.121666666666667
"7723",0.121666666666667
"7724",0.121666666666667
"7725",0.121666666666667
"7726",0.121666666666667
"7727",0.121666666666667
"7728",0.111666666666667
"7729",0.111666666666667
"7730",0.111666666666667
"7731",0.111666666666667
"7732",0.113333333333333
"7733",0.113333333333333
"7734",0.113333333333333
"7735",0.113333333333333
"7736",0.111666666666667
"7737",0.111666666666667
"7738",0.113333333333333
"7739",0.113333333333333
"7740",0.115
"7741",0.115
"7742",0.111666666666667
"7743",0.111666666666667
"7744",0.111666666666667
"7745",0.111666666666667
"7746",0.113333333333333
"7747",0.113333333333333
"7748",0.111666666666667
"7749",0.111666666666667
"7750",0.111666666666667
"7751",0.111666666666667
"7752",0.111666666666667
"7753",0.111666666666667
"7754",0.125
"7755",0.125
"7756",0.126666666666667
"7757",0.126666666666667
"7758",0.126666666666667
"7759",0.126666666666667
"7760",0.125
"7761",0.125
"7762",0.123333333333333
"7763",0.123333333333333
"7764",0.126666666666667
"7765",0.126666666666667
"7766",0.125
"7767",0.125
"7768",0.125
"7769",0.125
"7770",0.125
"7771",0.125
"7772",0.126666666666667
"7773",0.126666666666667
"7774",0.125
"7775",0.125
"7776",0.123333333333333
"7777",0.123333333333333
"7778",0.108333333333333
"7779",0.108333333333333
"7780",0.108333333333333
"7781",0.108333333333333
"7782",0.11
"7783",0.11
"7784",0.108333333333333
"7785",0.108333333333333
"7786",0.108333333333333
"7787",0.108333333333333
"7788",0.11
"7789",0.11
"7790",0.108333333333333
"7791",0.108333333333333
"7792",0.108333333333333
"7793",0.108333333333333
"7794",0.12
"7795",0.12
"7796",0.105
"7797",0.105
"7798",0.101666666666667
"7799",0.101666666666667
"7800",0.111666666666667
"7801",0.111666666666667
"7802",0.111666666666667
"7803",0.111666666666667
"7804",0.126666666666667
"7805",0.126666666666667
"7806",0.126666666666667
"7807",0.126666666666667
"7808",0.126666666666667
"7809",0.126666666666667
"7810",0.126666666666667
"7811",0.126666666666667
"7812",0.126666666666667
"7813",0.126666666666667
"7814",0.126666666666667
"7815",0.126666666666667
"7816",0.126666666666667
"7817",0.126666666666667
"7818",0.126666666666667
"7819",0.126666666666667
"7820",0.126666666666667
"7821",0.126666666666667
"7822",0.125
"7823",0.125
"7824",0.126666666666667
"7825",0.126666666666667
"7826",0.126666666666667
"7827",0.126666666666667
"7828",0.1
"7829",0.1
"7830",0.121666666666667
"7831",0.121666666666667
"7832",0.0233333333333333
"7833",0.0233333333333333
"7834",0.0233333333333333
"7835",0.0233333333333333
"7836",0.123333333333333
"7837",0.123333333333333
"7838",0.0966666666666667
"7839",0.0966666666666667
"7840",0.128333333333333
"7841",0.128333333333333
"7842",0.13
"7843",0.13
"7844",0.126666666666667
"7845",0.126666666666667
"7846",0.126666666666667
"7847",0.126666666666667
"7848",0.125
"7849",0.125
"7850",0.128333333333333
"7851",0.128333333333333
"7852",0.095
"7853",0.095
"7854",0.0966666666666667
"7855",0.0966666666666667
"7856",0.0983333333333333
"7857",0.0983333333333333
"7858",0.0983333333333333
"7859",0.0983333333333333
"7860",0.0983333333333333
"7861",0.0983333333333333
"7862",0.0966666666666667
"7863",0.0966666666666667
"7864",0.0966666666666667
"7865",0.0966666666666667
"7866",0.0966666666666667
"7867",0.0966666666666667
