"","x"
"1",0.11
"2",0.11
"3",0.11
"4",0.11
"5",0.11
"6",0.11
"7",0.108333333333333
"8",0.108333333333333
"9",0.108333333333333
"10",0.108333333333333
"11",0.108333333333333
"12",0.108333333333333
"13",0.108333333333333
"14",0.108333333333333
"15",0.108333333333333
"16",0.108333333333333
"17",0.108333333333333
"18",0.108333333333333
"19",0.11
"20",0.11
"21",0.11
"22",0.108333333333333
"23",0.108333333333333
"24",0.108333333333333
"25",0.108333333333333
"26",0.108333333333333
"27",0.108333333333333
"28",0.11
"29",0.11
"30",0.11
"31",0.11
"32",0.11
"33",0.11
"34",0.11
"35",0.11
"36",0.11
"37",0.11
"38",0.11
"39",0.11
"40",0.11
"41",0.11
"42",0.11
"43",0.11
"44",0.11
"45",0.11
"46",0.11
"47",0.11
"48",0.11
"49",0.11
"50",0.11
"51",0.11
"52",0.11
"53",0.11
"54",0.11
"55",0.11
"56",0.11
"57",0.11
"58",0.108333333333333
"59",0.108333333333333
"60",0.108333333333333
"61",0.11
"62",0.11
"63",0.11
"64",0.11
"65",0.11
"66",0.11
"67",0.108333333333333
"68",0.111666666666667
"69",0.108333333333333
"70",0.111666666666667
"71",0.111666666666667
"72",0.111666666666667
"73",0.111666666666667
"74",0.111666666666667
"75",0.111666666666667
"76",0.111666666666667
"77",0.111666666666667
"78",0.111666666666667
"79",0.09
"80",0.0883333333333333
"81",0.09
"82",0.1
"83",0.1
"84",0.1
"85",0.08
"86",0.0833333333333333
"87",0.08
"88",0.0816666666666667
"89",0.085
"90",0.0816666666666667
"91",0.1
"92",0.0983333333333333
"93",0.1
"94",0.1
"95",0.1
"96",0.1
"97",0.0916666666666667
"98",0.09
"99",0.0916666666666667
"100",0.0866666666666667
"101",0.085
"102",0.0866666666666667
"103",0.0916666666666667
"104",0.0916666666666667
"105",0.0916666666666667
"106",0.09
"107",0.09
"108",0.09
"109",0.0866666666666667
"110",0.085
"111",0.0866666666666667
"112",0.09
"113",0.09
"114",0.09
"115",0.0916666666666667
"116",0.0916666666666667
"117",0.0916666666666667
"118",0.09
"119",0.09
"120",0.09
"121",0.0916666666666667
"122",0.09
"123",0.0916666666666667
"124",0.0866666666666667
"125",0.085
"126",0.0866666666666667
"127",0.106666666666667
"128",0.106666666666667
"129",0.106666666666667
"130",0.106666666666667
"131",0.106666666666667
"132",0.106666666666667
"133",0.11
"134",0.11
"135",0.11
"136",0.095
"137",0.095
"138",0.095
"139",0.1
"140",0.0983333333333333
"141",0.1
"142",0.101666666666667
"143",0.103333333333333
"144",0.101666666666667
"145",0.103333333333333
"146",0.101666666666667
"147",0.103333333333333
"148",0.103333333333333
"149",0.101666666666667
"150",0.103333333333333
"151",0.113333333333333
"152",0.111666666666667
"153",0.113333333333333
"154",0.113333333333333
"155",0.111666666666667
"156",0.113333333333333
"157",0.113333333333333
"158",0.111666666666667
"159",0.113333333333333
"160",0.103333333333333
"161",0.101666666666667
"162",0.103333333333333
"163",0.113333333333333
"164",0.111666666666667
"165",0.113333333333333
"166",0.113333333333333
"167",0.111666666666667
"168",0.113333333333333
"169",0.111666666666667
"170",0.11
"171",0.111666666666667
"172",0.103333333333333
"173",0.101666666666667
"174",0.103333333333333
"175",0.115
"176",0.113333333333333
"177",0.115
"178",0.113333333333333
"179",0.111666666666667
"180",0.113333333333333
"181",0.103333333333333
"182",0.101666666666667
"183",0.103333333333333
"184",0.103333333333333
"185",0.101666666666667
"186",0.103333333333333
"187",0.113333333333333
"188",0.111666666666667
"189",0.113333333333333
"190",0.103333333333333
"191",0.101666666666667
"192",0.103333333333333
"193",0.103333333333333
"194",0.101666666666667
"195",0.103333333333333
"196",0.113333333333333
"197",0.111666666666667
"198",0.113333333333333
"199",0.113333333333333
"200",0.111666666666667
"201",0.113333333333333
"202",0.103333333333333
"203",0.101666666666667
"204",0.103333333333333
"205",0.113333333333333
"206",0.111666666666667
"207",0.113333333333333
"208",0.111666666666667
"209",0.11
"210",0.111666666666667
"211",0.113333333333333
"212",0.111666666666667
"213",0.113333333333333
"214",0.115
"215",0.113333333333333
"216",0.115
"217",0.111666666666667
"218",0.11
"219",0.111666666666667
"220",0.103333333333333
"221",0.101666666666667
"222",0.103333333333333
"223",0.113333333333333
"224",0.111666666666667
"225",0.113333333333333
"226",0.103333333333333
"227",0.101666666666667
"228",0.103333333333333
"229",0.111666666666667
"230",0.11
"231",0.111666666666667
"232",0.113333333333333
"233",0.111666666666667
"234",0.113333333333333
"235",0.108333333333333
"236",0.108333333333333
"237",0.108333333333333
"238",0.108333333333333
"239",0.108333333333333
"240",0.108333333333333
"241",0.108333333333333
"242",0.108333333333333
"243",0.108333333333333
"244",0.0933333333333333
"245",0.095
"246",0.0933333333333333
"247",0.0933333333333333
"248",0.095
"249",0.0933333333333333
"250",0.0933333333333333
"251",0.095
"252",0.0933333333333333
"253",0.0933333333333333
"254",0.095
"255",0.0933333333333333
"256",0.0933333333333333
"257",0.095
"258",0.0933333333333333
"259",0.0933333333333333
"260",0.095
"261",0.0933333333333333
"262",0.0933333333333333
"263",0.095
"264",0.0933333333333333
"265",0.0933333333333333
"266",0.095
"267",0.0933333333333333
"268",0.0933333333333333
"269",0.095
"270",0.0933333333333333
"271",0.0933333333333333
"272",0.095
"273",0.0933333333333333
"274",0.0933333333333333
"275",0.095
"276",0.0933333333333333
"277",0.0933333333333333
"278",0.095
"279",0.0933333333333333
"280",0.0933333333333333
"281",0.095
"282",0.0933333333333333
"283",0.0933333333333333
"284",0.095
"285",0.0933333333333333
"286",0.0933333333333333
"287",0.095
"288",0.0933333333333333
"289",0.0933333333333333
"290",0.095
"291",0.0933333333333333
"292",0.0933333333333333
"293",0.095
"294",0.0933333333333333
"295",0.095
"296",0.0966666666666667
"297",0.095
"298",0.0916666666666667
"299",0.0933333333333333
"300",0.0916666666666667
"301",0.0933333333333333
"302",0.095
"303",0.0933333333333333
"304",0.0933333333333333
"305",0.095
"306",0.0933333333333333
"307",0.0933333333333333
"308",0.095
"309",0.0933333333333333
"310",0.0933333333333333
"311",0.095
"312",0.0933333333333333
"313",0.0933333333333333
"314",0.095
"315",0.0933333333333333
"316",0.0933333333333333
"317",0.095
"318",0.0933333333333333
"319",0.0916666666666667
"320",0.0933333333333333
"321",0.0916666666666667
"322",0.0933333333333333
"323",0.095
"324",0.0933333333333333
"325",0.0933333333333333
"326",0.095
"327",0.0933333333333333
"328",0.0933333333333333
"329",0.095
"330",0.0933333333333333
"331",0.0933333333333333
"332",0.095
"333",0.0933333333333333
"334",0.0933333333333333
"335",0.095
"336",0.0933333333333333
"337",0.0933333333333333
"338",0.095
"339",0.0933333333333333
"340",0.0933333333333333
"341",0.095
"342",0.0933333333333333
"343",0.0933333333333333
"344",0.095
"345",0.0933333333333333
"346",0.0933333333333333
"347",0.095
"348",0.0933333333333333
"349",0.0933333333333333
"350",0.095
"351",0.0933333333333333
"352",0.0933333333333333
"353",0.095
"354",0.0933333333333333
"355",0.0916666666666667
"356",0.0933333333333333
"357",0.0916666666666667
"358",0.0933333333333333
"359",0.095
"360",0.0933333333333333
"361",0.0933333333333333
"362",0.095
"363",0.0933333333333333
"364",0.0933333333333333
"365",0.095
"366",0.0933333333333333
"367",0.0916666666666667
"368",0.0933333333333333
"369",0.0916666666666667
"370",0.0933333333333333
"371",0.095
"372",0.0933333333333333
"373",0.0933333333333333
"374",0.095
"375",0.0933333333333333
"376",0.0933333333333333
"377",0.095
"378",0.0933333333333333
"379",0.0933333333333333
"380",0.095
"381",0.0933333333333333
"382",0.0933333333333333
"383",0.095
"384",0.0933333333333333
"385",0.0933333333333333
"386",0.095
"387",0.0933333333333333
"388",0.0933333333333333
"389",0.095
"390",0.0933333333333333
"391",0.0933333333333333
"392",0.095
"393",0.0933333333333333
"394",0.0933333333333333
"395",0.095
"396",0.0933333333333333
"397",0.0933333333333333
"398",0.095
"399",0.0933333333333333
"400",0.0933333333333333
"401",0.095
"402",0.0933333333333333
"403",0.0933333333333333
"404",0.095
"405",0.0933333333333333
"406",0.0933333333333333
"407",0.095
"408",0.0933333333333333
"409",0.0933333333333333
"410",0.095
"411",0.0933333333333333
"412",0.0933333333333333
"413",0.095
"414",0.0933333333333333
"415",0.0933333333333333
"416",0.095
"417",0.0933333333333333
"418",0.0933333333333333
"419",0.095
"420",0.0933333333333333
"421",0.0916666666666667
"422",0.0933333333333333
"423",0.0916666666666667
"424",0.0933333333333333
"425",0.095
"426",0.0933333333333333
"427",0.095
"428",0.0933333333333333
"429",0.095
"430",0.0933333333333333
"431",0.095
"432",0.0933333333333333
"433",0.0933333333333333
"434",0.095
"435",0.0933333333333333
"436",0.0933333333333333
"437",0.095
"438",0.0933333333333333
"439",0.0933333333333333
"440",0.095
"441",0.0933333333333333
"442",0.0933333333333333
"443",0.095
"444",0.0933333333333333
"445",0.0933333333333333
"446",0.095
"447",0.0933333333333333
"448",0.0933333333333333
"449",0.095
"450",0.0933333333333333
"451",0.0933333333333333
"452",0.095
"453",0.0933333333333333
"454",0.0933333333333333
"455",0.095
"456",0.0933333333333333
"457",0.095
"458",0.0966666666666667
"459",0.095
"460",0.0933333333333333
"461",0.095
"462",0.0933333333333333
"463",0.0933333333333333
"464",0.095
"465",0.0933333333333333
"466",0.0933333333333333
"467",0.095
"468",0.0933333333333333
"469",0.0916666666666667
"470",0.0933333333333333
"471",0.0916666666666667
"472",0.0933333333333333
"473",0.095
"474",0.0933333333333333
"475",0.0933333333333333
"476",0.095
"477",0.0933333333333333
"478",0.0933333333333333
"479",0.095
"480",0.0933333333333333
"481",0.0933333333333333
"482",0.095
"483",0.0933333333333333
"484",0.0933333333333333
"485",0.095
"486",0.0933333333333333
"487",0.0933333333333333
"488",0.095
"489",0.0933333333333333
"490",0.0933333333333333
"491",0.095
"492",0.0933333333333333
"493",0.0933333333333333
"494",0.095
"495",0.0933333333333333
"496",0.0933333333333333
"497",0.095
"498",0.0933333333333333
"499",0.0933333333333333
"500",0.095
"501",0.0933333333333333
"502",0.0933333333333333
"503",0.095
"504",0.0933333333333333
"505",0.0933333333333333
"506",0.095
"507",0.0933333333333333
"508",0.0933333333333333
"509",0.095
"510",0.0933333333333333
"511",0.0933333333333333
"512",0.095
"513",0.0933333333333333
"514",0.0933333333333333
"515",0.095
"516",0.0933333333333333
"517",0.0933333333333333
"518",0.095
"519",0.0933333333333333
"520",0.0933333333333333
"521",0.095
"522",0.0933333333333333
"523",0.0933333333333333
"524",0.095
"525",0.0933333333333333
"526",0.0933333333333333
"527",0.095
"528",0.0933333333333333
"529",0.0933333333333333
"530",0.095
"531",0.0933333333333333
"532",0.0933333333333333
"533",0.095
"534",0.0933333333333333
"535",0.0933333333333333
"536",0.095
"537",0.0933333333333333
"538",0.0933333333333333
"539",0.095
"540",0.0933333333333333
"541",0.0933333333333333
"542",0.095
"543",0.0933333333333333
"544",0.0933333333333333
"545",0.095
"546",0.0933333333333333
"547",0.0933333333333333
"548",0.095
"549",0.0933333333333333
"550",0.0933333333333333
"551",0.095
"552",0.0933333333333333
"553",0.095
"554",0.0966666666666667
"555",0.095
"556",0.0916666666666667
"557",0.0933333333333333
"558",0.0916666666666667
"559",0.0933333333333333
"560",0.095
"561",0.0933333333333333
"562",0.0933333333333333
"563",0.095
"564",0.0933333333333333
"565",0.0933333333333333
"566",0.095
"567",0.0933333333333333
"568",0.0916666666666667
"569",0.0933333333333333
"570",0.0916666666666667
"571",0.0933333333333333
"572",0.095
"573",0.0933333333333333
"574",0.095
"575",0.0933333333333333
"576",0.095
"577",0.095
"578",0.0966666666666667
"579",0.095
"580",0.0933333333333333
"581",0.095
"582",0.0933333333333333
"583",0.0933333333333333
"584",0.095
"585",0.0933333333333333
"586",0.0966666666666667
"587",0.0983333333333333
"588",0.0966666666666667
"589",0.0933333333333333
"590",0.095
"591",0.0933333333333333
"592",0.0966666666666667
"593",0.0983333333333333
"594",0.0966666666666667
"595",0.0933333333333333
"596",0.095
"597",0.0933333333333333
"598",0.0933333333333333
"599",0.095
"600",0.0933333333333333
"601",0.0933333333333333
"602",0.095
"603",0.0933333333333333
"604",0.0933333333333333
"605",0.095
"606",0.0933333333333333
"607",0.0933333333333333
"608",0.095
"609",0.0933333333333333
"610",0.0933333333333333
"611",0.095
"612",0.0933333333333333
"613",0.0933333333333333
"614",0.095
"615",0.0933333333333333
"616",0.0933333333333333
"617",0.095
"618",0.0933333333333333
"619",0.0933333333333333
"620",0.095
"621",0.0933333333333333
"622",0.0933333333333333
"623",0.095
"624",0.0933333333333333
"625",0.0933333333333333
"626",0.095
"627",0.0933333333333333
"628",0.0933333333333333
"629",0.095
"630",0.0933333333333333
"631",0.0933333333333333
"632",0.095
"633",0.0933333333333333
"634",0.0933333333333333
"635",0.095
"636",0.0933333333333333
"637",0.0933333333333333
"638",0.095
"639",0.0933333333333333
"640",0.0933333333333333
"641",0.095
"642",0.0933333333333333
"643",0.0933333333333333
"644",0.095
"645",0.0933333333333333
"646",0.0933333333333333
"647",0.095
"648",0.0933333333333333
"649",0.0933333333333333
"650",0.095
"651",0.0933333333333333
"652",0.0933333333333333
"653",0.095
"654",0.0933333333333333
"655",0.0933333333333333
"656",0.095
"657",0.0933333333333333
"658",0.0933333333333333
"659",0.095
"660",0.0933333333333333
"661",0.0916666666666667
"662",0.0933333333333333
"663",0.0916666666666667
"664",0.0933333333333333
"665",0.095
"666",0.0933333333333333
"667",0.0916666666666667
"668",0.0933333333333333
"669",0.0916666666666667
"670",0.0933333333333333
"671",0.095
"672",0.0933333333333333
"673",0.0933333333333333
"674",0.095
"675",0.0933333333333333
"676",0.0933333333333333
"677",0.095
"678",0.0933333333333333
"679",0.0933333333333333
"680",0.095
"681",0.0933333333333333
"682",0.0933333333333333
"683",0.095
"684",0.0933333333333333
"685",0.0933333333333333
"686",0.095
"687",0.0933333333333333
"688",0.0933333333333333
"689",0.095
"690",0.0933333333333333
"691",0.0933333333333333
"692",0.095
"693",0.0933333333333333
"694",0.0933333333333333
"695",0.095
"696",0.0933333333333333
"697",0.0933333333333333
"698",0.095
"699",0.0933333333333333
"700",0.0933333333333333
"701",0.095
"702",0.0933333333333333
"703",0.0933333333333333
"704",0.095
"705",0.0933333333333333
"706",0.0933333333333333
"707",0.095
"708",0.0933333333333333
"709",0.0933333333333333
"710",0.095
"711",0.0933333333333333
"712",0.0933333333333333
"713",0.095
"714",0.0933333333333333
"715",0.0933333333333333
"716",0.095
"717",0.0933333333333333
"718",0.0933333333333333
"719",0.095
"720",0.0933333333333333
"721",0.0916666666666667
"722",0.0933333333333333
"723",0.0916666666666667
"724",0.0933333333333333
"725",0.095
"726",0.0933333333333333
"727",0.0933333333333333
"728",0.095
"729",0.0933333333333333
"730",0.0933333333333333
"731",0.095
"732",0.0933333333333333
"733",0.0933333333333333
"734",0.095
"735",0.0933333333333333
"736",0.0933333333333333
"737",0.095
"738",0.0933333333333333
"739",0.0933333333333333
"740",0.095
"741",0.0933333333333333
"742",0.0933333333333333
"743",0.095
"744",0.0933333333333333
"745",0.0933333333333333
"746",0.095
"747",0.0933333333333333
"748",0.0966666666666667
"749",0.0983333333333333
"750",0.0966666666666667
"751",0.0933333333333333
"752",0.095
"753",0.0933333333333333
"754",0.0933333333333333
"755",0.095
"756",0.0933333333333333
"757",0.0933333333333333
"758",0.095
"759",0.0933333333333333
"760",0.0933333333333333
"761",0.095
"762",0.0933333333333333
"763",0.0933333333333333
"764",0.095
"765",0.0933333333333333
"766",0.0933333333333333
"767",0.095
"768",0.0933333333333333
"769",0.0933333333333333
"770",0.095
"771",0.0933333333333333
"772",0.0933333333333333
"773",0.095
"774",0.0933333333333333
"775",0.095
"776",0.0933333333333333
"777",0.095
"778",0.0916666666666667
"779",0.0933333333333333
"780",0.0916666666666667
"781",0.0933333333333333
"782",0.095
"783",0.0933333333333333
"784",0.0933333333333333
"785",0.095
"786",0.0933333333333333
"787",0.095
"788",0.0966666666666667
"789",0.095
"790",0.095
"791",0.0966666666666667
"792",0.095
"793",0.0933333333333333
"794",0.095
"795",0.0933333333333333
"796",0.0933333333333333
"797",0.095
"798",0.0933333333333333
"799",0.0933333333333333
"800",0.095
"801",0.0933333333333333
"802",0.0933333333333333
"803",0.095
"804",0.0933333333333333
"805",0.0933333333333333
"806",0.095
"807",0.0933333333333333
"808",0.0933333333333333
"809",0.095
"810",0.0933333333333333
"811",0.0933333333333333
"812",0.095
"813",0.0933333333333333
"814",0.0933333333333333
"815",0.095
"816",0.0933333333333333
"817",0.0933333333333333
"818",0.095
"819",0.0933333333333333
"820",0.0933333333333333
"821",0.095
"822",0.0933333333333333
"823",0.0933333333333333
"824",0.095
"825",0.0933333333333333
"826",0.0933333333333333
"827",0.095
"828",0.0933333333333333
"829",0.0933333333333333
"830",0.095
"831",0.0933333333333333
"832",0.095
"833",0.0966666666666667
"834",0.095
"835",0.0933333333333333
"836",0.095
"837",0.0933333333333333
"838",0.0933333333333333
"839",0.095
"840",0.0933333333333333
"841",0.0933333333333333
"842",0.095
"843",0.0933333333333333
"844",0.0933333333333333
"845",0.095
"846",0.0933333333333333
"847",0.095
"848",0.0966666666666667
"849",0.095
"850",0.0933333333333333
"851",0.095
"852",0.0933333333333333
"853",0.095
"854",0.0966666666666667
"855",0.095
"856",0.0916666666666667
"857",0.0933333333333333
"858",0.0916666666666667
"859",0.0933333333333333
"860",0.095
"861",0.0933333333333333
"862",0.0916666666666667
"863",0.0933333333333333
"864",0.0916666666666667
"865",0.0933333333333333
"866",0.095
"867",0.0933333333333333
"868",0.0933333333333333
"869",0.095
"870",0.0933333333333333
"871",0.095
"872",0.0933333333333333
"873",0.095
"874",0.0933333333333333
"875",0.095
"876",0.0933333333333333
"877",0.0933333333333333
"878",0.095
"879",0.0933333333333333
"880",0.0933333333333333
"881",0.095
"882",0.0933333333333333
"883",0.0933333333333333
"884",0.095
"885",0.0933333333333333
"886",0.0933333333333333
"887",0.095
"888",0.0933333333333333
"889",0.0933333333333333
"890",0.095
"891",0.0933333333333333
"892",0.0933333333333333
"893",0.095
"894",0.0933333333333333
"895",0.0916666666666667
"896",0.0933333333333333
"897",0.0916666666666667
"898",0.0916666666666667
"899",0.0933333333333333
"900",0.0916666666666667
"901",0.0933333333333333
"902",0.095
"903",0.0933333333333333
"904",0.0933333333333333
"905",0.095
"906",0.0933333333333333
"907",0.0933333333333333
"908",0.095
"909",0.0933333333333333
"910",0.0933333333333333
"911",0.095
"912",0.0933333333333333
"913",0.0933333333333333
"914",0.095
"915",0.0933333333333333
"916",0.0933333333333333
"917",0.095
"918",0.0933333333333333
"919",0.0933333333333333
"920",0.095
"921",0.0933333333333333
"922",0.0933333333333333
"923",0.095
"924",0.0933333333333333
"925",0.0933333333333333
"926",0.095
"927",0.0933333333333333
"928",0.125
"929",0.125
"930",0.125
"931",0.126666666666667
"932",0.126666666666667
"933",0.126666666666667
"934",0.125
"935",0.125
"936",0.125
"937",0.126666666666667
"938",0.126666666666667
"939",0.126666666666667
"940",0.126666666666667
"941",0.126666666666667
"942",0.126666666666667
"943",0.125
"944",0.125
"945",0.125
"946",0.125
"947",0.125
"948",0.125
"949",0.125
"950",0.125
"951",0.125
"952",0.125
"953",0.125
"954",0.125
"955",0.125
"956",0.125
"957",0.125
"958",0.125
"959",0.125
"960",0.125
"961",0.125
"962",0.125
"963",0.125
"964",0.125
"965",0.125
"966",0.125
"967",0.125
"968",0.125
"969",0.125
"970",0.125
"971",0.125
"972",0.125
"973",0.126666666666667
"974",0.126666666666667
"975",0.126666666666667
"976",0.125
"977",0.125
"978",0.125
"979",0.125
"980",0.125
"981",0.125
"982",0.125
"983",0.125
"984",0.125
"985",0.125
"986",0.125
"987",0.125
"988",0.123333333333333
"989",0.123333333333333
"990",0.123333333333333
"991",0.123333333333333
"992",0.123333333333333
"993",0.123333333333333
"994",0.123333333333333
"995",0.123333333333333
"996",0.123333333333333
"997",0.125
"998",0.125
"999",0.125
"1000",0.125
"1001",0.125
"1002",0.125
"1003",0.125
"1004",0.125
"1005",0.125
"1006",0.125
"1007",0.125
"1008",0.125
"1009",0.121666666666667
"1010",0.121666666666667
"1011",0.121666666666667
"1012",0.125
"1013",0.125
"1014",0.125
"1015",0.125
"1016",0.125
"1017",0.125
"1018",0.125
"1019",0.125
"1020",0.125
"1021",0.125
"1022",0.125
"1023",0.125
"1024",0.125
"1025",0.125
"1026",0.125
"1027",0.125
"1028",0.125
"1029",0.125
"1030",0.125
"1031",0.125
"1032",0.125
"1033",0.125
"1034",0.125
"1035",0.125
"1036",0.125
"1037",0.125
"1038",0.125
"1039",0.123333333333333
"1040",0.123333333333333
"1041",0.123333333333333
"1042",0.123333333333333
"1043",0.123333333333333
"1044",0.123333333333333
"1045",0.125
"1046",0.125
"1047",0.125
"1048",0.125
"1049",0.125
"1050",0.125
"1051",0.125
"1052",0.125
"1053",0.125
"1054",0.125
"1055",0.125
"1056",0.125
"1057",0.125
"1058",0.125
"1059",0.125
"1060",0.125
"1061",0.125
"1062",0.125
"1063",0.125
"1064",0.125
"1065",0.125
"1066",0.123333333333333
"1067",0.123333333333333
"1068",0.123333333333333
"1069",0.125
"1070",0.125
"1071",0.125
"1072",0.125
"1073",0.125
"1074",0.125
"1075",0.125
"1076",0.125
"1077",0.125
"1078",0.125
"1079",0.125
"1080",0.125
"1081",0.121666666666667
"1082",0.121666666666667
"1083",0.121666666666667
"1084",0.125
"1085",0.125
"1086",0.125
"1087",0.125
"1088",0.125
"1089",0.125
"1090",0.126666666666667
"1091",0.126666666666667
"1092",0.126666666666667
"1093",0.125
"1094",0.125
"1095",0.125
"1096",0.123333333333333
"1097",0.123333333333333
"1098",0.123333333333333
"1099",0.123333333333333
"1100",0.123333333333333
"1101",0.123333333333333
"1102",0.125
"1103",0.125
"1104",0.125
"1105",0.125
"1106",0.125
"1107",0.125
"1108",0.125
"1109",0.125
"1110",0.125
"1111",0.123333333333333
"1112",0.123333333333333
"1113",0.123333333333333
"1114",0.125
"1115",0.125
"1116",0.125
"1117",0.125
"1118",0.125
"1119",0.125
"1120",0.125
"1121",0.125
"1122",0.125
"1123",0.125
"1124",0.125
"1125",0.125
"1126",0.125
"1127",0.125
"1128",0.125
"1129",0.121666666666667
"1130",0.121666666666667
"1131",0.121666666666667
"1132",0.125
"1133",0.125
"1134",0.125
"1135",0.123333333333333
"1136",0.123333333333333
"1137",0.123333333333333
"1138",0.125
"1139",0.125
"1140",0.125
"1141",0.125
"1142",0.125
"1143",0.125
"1144",0.126666666666667
"1145",0.126666666666667
"1146",0.126666666666667
"1147",0.125
"1148",0.125
"1149",0.125
"1150",0.125
"1151",0.125
"1152",0.125
"1153",0.125
"1154",0.125
"1155",0.125
"1156",0.125
"1157",0.125
"1158",0.125
"1159",0.125
"1160",0.125
"1161",0.125
"1162",0.125
"1163",0.125
"1164",0.125
"1165",0.125
"1166",0.125
"1167",0.125
"1168",0.125
"1169",0.125
"1170",0.125
"1171",0.125
"1172",0.125
"1173",0.125
"1174",0.125
"1175",0.125
"1176",0.125
"1177",0.125
"1178",0.125
"1179",0.125
"1180",0.125
"1181",0.125
"1182",0.125
"1183",0.123333333333333
"1184",0.123333333333333
"1185",0.123333333333333
"1186",0.125
"1187",0.125
"1188",0.125
"1189",0.125
"1190",0.125
"1191",0.125
"1192",0.125
"1193",0.125
"1194",0.125
"1195",0.125
"1196",0.125
"1197",0.125
"1198",0.123333333333333
"1199",0.123333333333333
"1200",0.123333333333333
"1201",0.123333333333333
"1202",0.123333333333333
"1203",0.123333333333333
"1204",0.125
"1205",0.125
"1206",0.125
"1207",0.125
"1208",0.125
"1209",0.125
"1210",0.125
"1211",0.125
"1212",0.125
"1213",0.123333333333333
"1214",0.123333333333333
"1215",0.123333333333333
"1216",0.125
"1217",0.125
"1218",0.125
"1219",0.125
"1220",0.125
"1221",0.125
"1222",0.125
"1223",0.125
"1224",0.125
"1225",0.125
"1226",0.125
"1227",0.125
"1228",0.125
"1229",0.125
"1230",0.125
"1231",0.125
"1232",0.125
"1233",0.125
"1234",0.125
"1235",0.125
"1236",0.125
"1237",0.125
"1238",0.125
"1239",0.125
"1240",0.125
"1241",0.125
"1242",0.125
"1243",0.125
"1244",0.125
"1245",0.125
"1246",0.125
"1247",0.125
"1248",0.125
"1249",0.125
"1250",0.125
"1251",0.125
"1252",0.126666666666667
"1253",0.126666666666667
"1254",0.126666666666667
"1255",0.125
"1256",0.125
"1257",0.125
"1258",0.125
"1259",0.125
"1260",0.125
"1261",0.125
"1262",0.125
"1263",0.125
"1264",0.125
"1265",0.125
"1266",0.125
"1267",0.125
"1268",0.125
"1269",0.125
"1270",0.125
"1271",0.125
"1272",0.125
"1273",0.121666666666667
"1274",0.121666666666667
"1275",0.121666666666667
"1276",0.125
"1277",0.125
"1278",0.125
"1279",0.125
"1280",0.125
"1281",0.125
"1282",0.125
"1283",0.125
"1284",0.125
"1285",0.121666666666667
"1286",0.121666666666667
"1287",0.121666666666667
"1288",0.125
"1289",0.125
"1290",0.125
"1291",0.125
"1292",0.125
"1293",0.125
"1294",0.123333333333333
"1295",0.123333333333333
"1296",0.123333333333333
"1297",0.125
"1298",0.125
"1299",0.125
"1300",0.123333333333333
"1301",0.123333333333333
"1302",0.123333333333333
"1303",0.125
"1304",0.125
"1305",0.125
"1306",0.125
"1307",0.125
"1308",0.125
"1309",0.125
"1310",0.125
"1311",0.125
"1312",0.125
"1313",0.125
"1314",0.125
"1315",0.125
"1316",0.125
"1317",0.125
"1318",0.123333333333333
"1319",0.123333333333333
"1320",0.123333333333333
"1321",0.123333333333333
"1322",0.123333333333333
"1323",0.123333333333333
"1324",0.123333333333333
"1325",0.123333333333333
"1326",0.123333333333333
"1327",0.125
"1328",0.125
"1329",0.125
"1330",0.125
"1331",0.125
"1332",0.125
"1333",0.125
"1334",0.125
"1335",0.125
"1336",0.125
"1337",0.125
"1338",0.125
"1339",0.125
"1340",0.125
"1341",0.125
"1342",0.125
"1343",0.125
"1344",0.125
"1345",0.125
"1346",0.125
"1347",0.125
"1348",0.113333333333333
"1349",0.111666666666667
"1350",0.113333333333333
"1351",0.11
"1352",0.108333333333333
"1353",0.11
"1354",0.11
"1355",0.108333333333333
"1356",0.11
"1357",0.11
"1358",0.108333333333333
"1359",0.11
"1360",0.11
"1361",0.108333333333333
"1362",0.11
"1363",0.11
"1364",0.108333333333333
"1365",0.11
"1366",0.11
"1367",0.108333333333333
"1368",0.11
"1369",0.05
"1370",0.0483333333333333
"1371",0.05
"1372",0.05
"1373",0.0483333333333333
"1374",0.05
"1375",0.0516666666666667
"1376",0.055
"1377",0.0516666666666667
"1378",0.0516666666666667
"1379",0.055
"1380",0.0516666666666667
"1381",0.0516666666666667
"1382",0.055
"1383",0.0516666666666667
"1384",0.0533333333333333
"1385",0.0566666666666667
"1386",0.0533333333333333
"1387",0.0533333333333333
"1388",0.0566666666666667
"1389",0.0533333333333333
"1390",0.0516666666666667
"1391",0.055
"1392",0.0516666666666667
"1393",0.0516666666666667
"1394",0.055
"1395",0.0516666666666667
"1396",0.05
"1397",0.0533333333333333
"1398",0.05
"1399",0.0516666666666667
"1400",0.055
"1401",0.0516666666666667
"1402",0.0533333333333333
"1403",0.0566666666666667
"1404",0.0533333333333333
"1405",0.05
"1406",0.0533333333333333
"1407",0.05
"1408",0.0533333333333333
"1409",0.0566666666666667
"1410",0.0533333333333333
"1411",0.0516666666666667
"1412",0.055
"1413",0.0516666666666667
"1414",0.055
"1415",0.0583333333333333
"1416",0.055
"1417",0.0516666666666667
"1418",0.055
"1419",0.0516666666666667
"1420",0.055
"1421",0.055
"1422",0.055
"1423",0.106666666666667
"1424",0.113333333333333
"1425",0.106666666666667
"1426",0.116666666666667
"1427",0.115
"1428",0.116666666666667
"1429",0.105
"1430",0.108333333333333
"1431",0.105
"1432",0.106666666666667
"1433",0.106666666666667
"1434",0.106666666666667
"1435",0.105
"1436",0.108333333333333
"1437",0.105
"1438",0.105
"1439",0.108333333333333
"1440",0.105
"1441",0.105
"1442",0.108333333333333
"1443",0.105
"1444",0.105
"1445",0.108333333333333
"1446",0.105
"1447",0.105
"1448",0.108333333333333
"1449",0.105
"1450",0.105
"1451",0.108333333333333
"1452",0.105
"1453",0.105
"1454",0.108333333333333
"1455",0.105
"1456",0.106666666666667
"1457",0.11
"1458",0.106666666666667
"1459",0.103333333333333
"1460",0.106666666666667
"1461",0.103333333333333
"1462",0.105
"1463",0.108333333333333
"1464",0.105
"1465",0.105
"1466",0.108333333333333
"1467",0.105
"1468",0.105
"1469",0.108333333333333
"1470",0.105
"1471",0.105
"1472",0.108333333333333
"1473",0.105
"1474",0.105
"1475",0.108333333333333
"1476",0.105
"1477",0.105
"1478",0.108333333333333
"1479",0.105
"1480",0.105
"1481",0.108333333333333
"1482",0.105
"1483",0.105
"1484",0.111666666666667
"1485",0.105
"1486",0.105
"1487",0.108333333333333
"1488",0.105
"1489",0.105
"1490",0.108333333333333
"1491",0.105
"1492",0.105
"1493",0.108333333333333
"1494",0.105
"1495",0.105
"1496",0.108333333333333
"1497",0.105
"1498",0.103333333333333
"1499",0.106666666666667
"1500",0.103333333333333
"1501",0.105
"1502",0.108333333333333
"1503",0.105
"1504",0.105
"1505",0.108333333333333
"1506",0.105
"1507",0.105
"1508",0.108333333333333
"1509",0.105
"1510",0.105
"1511",0.108333333333333
"1512",0.105
"1513",0.105
"1514",0.108333333333333
"1515",0.105
"1516",0.106666666666667
"1517",0.11
"1518",0.106666666666667
"1519",0.105
"1520",0.108333333333333
"1521",0.105
"1522",0.105
"1523",0.108333333333333
"1524",0.105
"1525",0.105
"1526",0.108333333333333
"1527",0.105
"1528",0.105
"1529",0.108333333333333
"1530",0.105
"1531",0.105
"1532",0.108333333333333
"1533",0.105
"1534",0.105
"1535",0.108333333333333
"1536",0.105
"1537",0.105
"1538",0.108333333333333
"1539",0.105
"1540",0.105
"1541",0.108333333333333
"1542",0.105
"1543",0.105
"1544",0.108333333333333
"1545",0.105
"1546",0.105
"1547",0.108333333333333
"1548",0.105
"1549",0.103333333333333
"1550",0.106666666666667
"1551",0.103333333333333
"1552",0.105
"1553",0.108333333333333
"1554",0.105
"1555",0.105
"1556",0.108333333333333
"1557",0.105
"1558",0.105
"1559",0.108333333333333
"1560",0.105
"1561",0.105
"1562",0.108333333333333
"1563",0.105
"1564",0.105
"1565",0.108333333333333
"1566",0.105
"1567",0.105
"1568",0.108333333333333
"1569",0.105
"1570",0.105
"1571",0.108333333333333
"1572",0.105
"1573",0.106666666666667
"1574",0.11
"1575",0.106666666666667
"1576",0.105
"1577",0.108333333333333
"1578",0.105
"1579",0.105
"1580",0.108333333333333
"1581",0.105
"1582",0.105
"1583",0.108333333333333
"1584",0.105
"1585",0.106666666666667
"1586",0.11
"1587",0.106666666666667
"1588",0.105
"1589",0.108333333333333
"1590",0.105
"1591",0.105
"1592",0.108333333333333
"1593",0.105
"1594",0.105
"1595",0.108333333333333
"1596",0.105
"1597",0.105
"1598",0.108333333333333
"1599",0.105
"1600",0.103333333333333
"1601",0.106666666666667
"1602",0.103333333333333
"1603",0.105
"1604",0.108333333333333
"1605",0.105
"1606",0.105
"1607",0.108333333333333
"1608",0.105
"1609",0.105
"1610",0.108333333333333
"1611",0.105
"1612",0.105
"1613",0.108333333333333
"1614",0.105
"1615",0.105
"1616",0.108333333333333
"1617",0.105
"1618",0.105
"1619",0.108333333333333
"1620",0.105
"1621",0.105
"1622",0.108333333333333
"1623",0.105
"1624",0.105
"1625",0.108333333333333
"1626",0.105
"1627",0.105
"1628",0.108333333333333
"1629",0.105
"1630",0.105
"1631",0.108333333333333
"1632",0.105
"1633",0.106666666666667
"1634",0.11
"1635",0.106666666666667
"1636",0.105
"1637",0.108333333333333
"1638",0.105
"1639",0.105
"1640",0.108333333333333
"1641",0.105
"1642",0.108333333333333
"1643",0.11
"1644",0.108333333333333
"1645",0.125
"1646",0.126666666666667
"1647",0.125
"1648",0.126666666666667
"1649",0.128333333333333
"1650",0.126666666666667
"1651",0.085
"1652",0.085
"1653",0.085
"1654",0.0883333333333333
"1655",0.095
"1656",0.0883333333333333
"1657",0.118333333333333
"1658",0.113333333333333
"1659",0.118333333333333
"1660",0.118333333333333
"1661",0.113333333333333
"1662",0.118333333333333
"1663",0.12
"1664",0.121666666666667
"1665",0.12
"1666",0.121666666666667
"1667",0.123333333333333
"1668",0.121666666666667
"1669",0.105
"1670",0.103333333333333
"1671",0.105
"1672",0.105
"1673",0.103333333333333
"1674",0.105
"1675",0.105
"1676",0.106666666666667
"1677",0.105
"1678",0.106666666666667
"1679",0.113333333333333
"1680",0.106666666666667
"1681",0.11
"1682",0.108333333333333
"1683",0.11
"1684",0.111666666666667
"1685",0.11
"1686",0.111666666666667
"1687",0.103333333333333
"1688",0.105
"1689",0.103333333333333
"1690",0.111666666666667
"1691",0.111666666666667
"1692",0.111666666666667
"1693",0.11
"1694",0.108333333333333
"1695",0.11
"1696",0.111666666666667
"1697",0.11
"1698",0.111666666666667
"1699",0.108333333333333
"1700",0.106666666666667
"1701",0.108333333333333
"1702",0.111666666666667
"1703",0.11
"1704",0.111666666666667
"1705",0.11
"1706",0.108333333333333
"1707",0.11
"1708",0.111666666666667
"1709",0.111666666666667
"1710",0.111666666666667
"1711",0.111666666666667
"1712",0.11
"1713",0.111666666666667
"1714",0.11
"1715",0.108333333333333
"1716",0.11
"1717",0.103333333333333
"1718",0.105
"1719",0.103333333333333
"1720",0.111666666666667
"1721",0.11
"1722",0.111666666666667
"1723",0.11
"1724",0.108333333333333
"1725",0.11
"1726",0.11
"1727",0.108333333333333
"1728",0.11
"1729",0.105
"1730",0.103333333333333
"1731",0.105
"1732",0.11
"1733",0.108333333333333
"1734",0.11
"1735",0.108333333333333
"1736",0.106666666666667
"1737",0.108333333333333
"1738",0.111666666666667
"1739",0.11
"1740",0.111666666666667
"1741",0.111666666666667
"1742",0.11
"1743",0.111666666666667
"1744",0.111666666666667
"1745",0.11
"1746",0.111666666666667
"1747",0.111666666666667
"1748",0.11
"1749",0.111666666666667
"1750",0.111666666666667
"1751",0.111666666666667
"1752",0.111666666666667
"1753",0.103333333333333
"1754",0.105
"1755",0.103333333333333
"1756",0.111666666666667
"1757",0.11
"1758",0.111666666666667
"1759",0.106666666666667
"1760",0.108333333333333
"1761",0.106666666666667
"1762",0.111666666666667
"1763",0.111666666666667
"1764",0.111666666666667
"1765",0.108333333333333
"1766",0.106666666666667
"1767",0.108333333333333
"1768",0.11
"1769",0.108333333333333
"1770",0.11
"1771",0.108333333333333
"1772",0.106666666666667
"1773",0.108333333333333
"1774",0.11
"1775",0.108333333333333
"1776",0.11
"1777",0.11
"1778",0.108333333333333
"1779",0.11
"1780",0.103333333333333
"1781",0.105
"1782",0.103333333333333
"1783",0.111666666666667
"1784",0.11
"1785",0.111666666666667
"1786",0.11
"1787",0.108333333333333
"1788",0.11
"1789",0.11
"1790",0.111666666666667
"1791",0.11
"1792",0.108333333333333
"1793",0.106666666666667
"1794",0.108333333333333
"1795",0.11
"1796",0.108333333333333
"1797",0.11
"1798",0.111666666666667
"1799",0.11
"1800",0.111666666666667
"1801",0.11
"1802",0.111666666666667
"1803",0.11
"1804",0.111666666666667
"1805",0.111666666666667
"1806",0.111666666666667
"1807",0.111666666666667
"1808",0.11
"1809",0.111666666666667
"1810",0.111666666666667
"1811",0.111666666666667
"1812",0.111666666666667
"1813",0.111666666666667
"1814",0.11
"1815",0.111666666666667
"1816",0.11
"1817",0.108333333333333
"1818",0.11
"1819",0.111666666666667
"1820",0.11
"1821",0.111666666666667
"1822",0.108333333333333
"1823",0.106666666666667
"1824",0.108333333333333
"1825",0.111666666666667
"1826",0.11
"1827",0.111666666666667
"1828",0.111666666666667
"1829",0.11
"1830",0.111666666666667
"1831",0.111666666666667
"1832",0.11
"1833",0.111666666666667
"1834",0.111666666666667
"1835",0.11
"1836",0.111666666666667
"1837",0.111666666666667
"1838",0.11
"1839",0.111666666666667
"1840",0.11
"1841",0.108333333333333
"1842",0.11
"1843",0.113333333333333
"1844",0.111666666666667
"1845",0.113333333333333
"1846",0.111666666666667
"1847",0.11
"1848",0.111666666666667
"1849",0.075
"1850",0.075
"1851",0.075
"1852",0.0833333333333333
"1853",0.0833333333333333
"1854",0.0833333333333333
"1855",0.07
"1856",0.0733333333333333
"1857",0.07
"1858",0.0716666666666667
"1859",0.0716666666666667
"1860",0.0716666666666667
"1861",0.123333333333333
"1862",0.121666666666667
"1863",0.123333333333333
"1864",0.123333333333333
"1865",0.121666666666667
"1866",0.123333333333333
"1867",0.123333333333333
"1868",0.121666666666667
"1869",0.123333333333333
"1870",0.121666666666667
"1871",0.12
"1872",0.121666666666667
"1873",0.121666666666667
"1874",0.12
"1875",0.121666666666667
"1876",0.121666666666667
"1877",0.12
"1878",0.121666666666667
"1879",0.123333333333333
"1880",0.121666666666667
"1881",0.123333333333333
"1882",0.123333333333333
"1883",0.121666666666667
"1884",0.123333333333333
"1885",0.123333333333333
"1886",0.121666666666667
"1887",0.123333333333333
"1888",0.123333333333333
"1889",0.121666666666667
"1890",0.123333333333333
"1891",0.123333333333333
"1892",0.121666666666667
"1893",0.123333333333333
"1894",0.125
"1895",0.123333333333333
"1896",0.125
"1897",0.123333333333333
"1898",0.121666666666667
"1899",0.123333333333333
"1900",0.125
"1901",0.123333333333333
"1902",0.125
"1903",0.125
"1904",0.123333333333333
"1905",0.125
"1906",0.123333333333333
"1907",0.121666666666667
"1908",0.123333333333333
"1909",0.123333333333333
"1910",0.121666666666667
"1911",0.123333333333333
"1912",0.121666666666667
"1913",0.12
"1914",0.121666666666667
"1915",0.123333333333333
"1916",0.121666666666667
"1917",0.123333333333333
"1918",0.121666666666667
"1919",0.12
"1920",0.121666666666667
"1921",0.125
"1922",0.123333333333333
"1923",0.125
"1924",0.123333333333333
"1925",0.121666666666667
"1926",0.123333333333333
"1927",0.123333333333333
"1928",0.121666666666667
"1929",0.123333333333333
"1930",0.123333333333333
"1931",0.121666666666667
"1932",0.123333333333333
"1933",0.123333333333333
"1934",0.121666666666667
"1935",0.123333333333333
"1936",0.125
"1937",0.123333333333333
"1938",0.125
"1939",0.123333333333333
"1940",0.121666666666667
"1941",0.123333333333333
"1942",0.123333333333333
"1943",0.121666666666667
"1944",0.123333333333333
"1945",0.123333333333333
"1946",0.121666666666667
"1947",0.123333333333333
"1948",0.123333333333333
"1949",0.121666666666667
"1950",0.123333333333333
"1951",0.123333333333333
"1952",0.121666666666667
"1953",0.123333333333333
"1954",0.123333333333333
"1955",0.121666666666667
"1956",0.123333333333333
"1957",0.123333333333333
"1958",0.121666666666667
"1959",0.123333333333333
"1960",0.123333333333333
"1961",0.121666666666667
"1962",0.123333333333333
"1963",0.123333333333333
"1964",0.121666666666667
"1965",0.123333333333333
"1966",0.123333333333333
"1967",0.121666666666667
"1968",0.123333333333333
"1969",0.123333333333333
"1970",0.121666666666667
"1971",0.123333333333333
"1972",0.123333333333333
"1973",0.121666666666667
"1974",0.123333333333333
"1975",0.123333333333333
"1976",0.121666666666667
"1977",0.123333333333333
"1978",0.123333333333333
"1979",0.121666666666667
"1980",0.123333333333333
"1981",0.05
"1982",0.0516666666666667
"1983",0.05
"1984",0.0516666666666667
"1985",0.0533333333333333
"1986",0.0516666666666667
"1987",0.05
"1988",0.0516666666666667
"1989",0.05
"1990",0.0516666666666667
"1991",0.0533333333333333
"1992",0.0516666666666667
"1993",0.05
"1994",0.0516666666666667
"1995",0.05
"1996",0.0516666666666667
"1997",0.0533333333333333
"1998",0.0516666666666667
"1999",0.05
"2000",0.0516666666666667
"2001",0.05
"2002",0.0916666666666667
"2003",0.095
"2004",0.0916666666666667
"2005",0.108333333333333
"2006",0.111666666666667
"2007",0.108333333333333
"2008",0.095
"2009",0.095
"2010",0.095
"2011",0.0883333333333333
"2012",0.0866666666666667
"2013",0.0883333333333333
"2014",0.09
"2015",0.0883333333333333
"2016",0.09
"2017",0.09
"2018",0.0883333333333333
"2019",0.09
"2020",0.0883333333333333
"2021",0.0866666666666667
"2022",0.0883333333333333
"2023",0.0883333333333333
"2024",0.0866666666666667
"2025",0.0883333333333333
"2026",0.0966666666666667
"2027",0.095
"2028",0.0966666666666667
"2029",0.11
"2030",0.108333333333333
"2031",0.11
"2032",0.11
"2033",0.108333333333333
"2034",0.11
"2035",0.11
"2036",0.108333333333333
"2037",0.11
"2038",0.115
"2039",0.113333333333333
"2040",0.115
"2041",0.11
"2042",0.108333333333333
"2043",0.11
"2044",0.108333333333333
"2045",0.106666666666667
"2046",0.108333333333333
"2047",0.111666666666667
"2048",0.11
"2049",0.111666666666667
"2050",0.11
"2051",0.108333333333333
"2052",0.11
"2053",0.11
"2054",0.108333333333333
"2055",0.11
"2056",0.11
"2057",0.108333333333333
"2058",0.11
"2059",0.11
"2060",0.108333333333333
"2061",0.11
"2062",0.11
"2063",0.108333333333333
"2064",0.11
"2065",0.111666666666667
"2066",0.11
"2067",0.111666666666667
"2068",0.11
"2069",0.108333333333333
"2070",0.11
"2071",0.11
"2072",0.108333333333333
"2073",0.11
"2074",0.11
"2075",0.108333333333333
"2076",0.11
"2077",0.11
"2078",0.108333333333333
"2079",0.11
"2080",0.11
"2081",0.108333333333333
"2082",0.11
"2083",0.11
"2084",0.108333333333333
"2085",0.11
"2086",0.11
"2087",0.108333333333333
"2088",0.11
"2089",0.108333333333333
"2090",0.11
"2091",0.108333333333333
"2092",0.11
"2093",0.108333333333333
"2094",0.11
"2095",0.11
"2096",0.108333333333333
"2097",0.11
"2098",0.108333333333333
"2099",0.106666666666667
"2100",0.108333333333333
"2101",0.111666666666667
"2102",0.11
"2103",0.111666666666667
"2104",0.11
"2105",0.108333333333333
"2106",0.11
"2107",0.11
"2108",0.108333333333333
"2109",0.11
"2110",0.108333333333333
"2111",0.106666666666667
"2112",0.108333333333333
"2113",0.11
"2114",0.108333333333333
"2115",0.11
"2116",0.11
"2117",0.108333333333333
"2118",0.11
"2119",0.11
"2120",0.108333333333333
"2121",0.11
"2122",0.11
"2123",0.108333333333333
"2124",0.11
"2125",0.113333333333333
"2126",0.111666666666667
"2127",0.113333333333333
"2128",0.11
"2129",0.108333333333333
"2130",0.11
"2131",0.11
"2132",0.108333333333333
"2133",0.11
"2134",0.11
"2135",0.108333333333333
"2136",0.11
"2137",0.11
"2138",0.108333333333333
"2139",0.11
"2140",0.11
"2141",0.108333333333333
"2142",0.11
"2143",0.11
"2144",0.108333333333333
"2145",0.11
"2146",0.11
"2147",0.108333333333333
"2148",0.11
"2149",0.11
"2150",0.108333333333333
"2151",0.11
"2152",0.111666666666667
"2153",0.11
"2154",0.111666666666667
"2155",0.111666666666667
"2156",0.11
"2157",0.111666666666667
"2158",0.111666666666667
"2159",0.11
"2160",0.111666666666667
"2161",0.11
"2162",0.108333333333333
"2163",0.11
"2164",0.11
"2165",0.108333333333333
"2166",0.11
"2167",0.11
"2168",0.108333333333333
"2169",0.11
"2170",0.11
"2171",0.108333333333333
"2172",0.11
"2173",0.11
"2174",0.108333333333333
"2175",0.11
"2176",0.125
"2177",0.123333333333333
"2178",0.125
"2179",0.103333333333333
"2180",0.101666666666667
"2181",0.103333333333333
"2182",0.108333333333333
"2183",0.106666666666667
"2184",0.108333333333333
"2185",0.11
"2186",0.108333333333333
"2187",0.11
"2188",0.103333333333333
"2189",0.101666666666667
"2190",0.103333333333333
"2191",0.108333333333333
"2192",0.106666666666667
"2193",0.108333333333333
"2194",0.108333333333333
"2195",0.106666666666667
"2196",0.108333333333333
"2197",0.103333333333333
"2198",0.101666666666667
"2199",0.103333333333333
"2200",0.108333333333333
"2201",0.106666666666667
"2202",0.108333333333333
"2203",0.11
"2204",0.108333333333333
"2205",0.11
"2206",0.11
"2207",0.108333333333333
"2208",0.11
"2209",0.11
"2210",0.108333333333333
"2211",0.11
"2212",0.11
"2213",0.108333333333333
"2214",0.11
"2215",0.11
"2216",0.108333333333333
"2217",0.11
"2218",0.108333333333333
"2219",0.106666666666667
"2220",0.108333333333333
"2221",0.108333333333333
"2222",0.106666666666667
"2223",0.108333333333333
"2224",0.111666666666667
"2225",0.11
"2226",0.111666666666667
"2227",0.11
"2228",0.108333333333333
"2229",0.11
"2230",0.108333333333333
"2231",0.106666666666667
"2232",0.108333333333333
"2233",0.11
"2234",0.108333333333333
"2235",0.11
"2236",0.108333333333333
"2237",0.106666666666667
"2238",0.108333333333333
"2239",0.108333333333333
"2240",0.106666666666667
"2241",0.108333333333333
"2242",0.11
"2243",0.108333333333333
"2244",0.11
"2245",0.11
"2246",0.108333333333333
"2247",0.11
"2248",0.108333333333333
"2249",0.106666666666667
"2250",0.108333333333333
"2251",0.11
"2252",0.108333333333333
"2253",0.11
"2254",0.11
"2255",0.108333333333333
"2256",0.11
"2257",0.11
"2258",0.108333333333333
"2259",0.11
"2260",0.111666666666667
"2261",0.11
"2262",0.111666666666667
"2263",0.055
"2264",0.0533333333333333
"2265",0.055
"2266",0.0533333333333333
"2267",0.0516666666666667
"2268",0.0533333333333333
"2269",0.0533333333333333
"2270",0.0516666666666667
"2271",0.0533333333333333
"2272",0.0533333333333333
"2273",0.0516666666666667
"2274",0.0533333333333333
"2275",0.0533333333333333
"2276",0.0516666666666667
"2277",0.0533333333333333
"2278",0.0866666666666667
"2279",0.0883333333333333
"2280",0.0866666666666667
"2281",0.126666666666667
"2282",0.13
"2283",0.126666666666667
"2284",0.126666666666667
"2285",0.126666666666667
"2286",0.126666666666667
"2287",0.126666666666667
"2288",0.126666666666667
"2289",0.126666666666667
"2290",0.125
"2291",0.125
"2292",0.125
"2293",0.125
"2294",0.125
"2295",0.125
"2296",0.125
"2297",0.125
"2298",0.125
"2299",0.123333333333333
"2300",0.123333333333333
"2301",0.123333333333333
"2302",0.125
"2303",0.125
"2304",0.125
"2305",0.125
"2306",0.125
"2307",0.125
"2308",0.125
"2309",0.125
"2310",0.125
"2311",0.125
"2312",0.125
"2313",0.125
"2314",0.126666666666667
"2315",0.126666666666667
"2316",0.126666666666667
"2317",0.125
"2318",0.125
"2319",0.125
"2320",0.126666666666667
"2321",0.13
"2322",0.126666666666667
"2323",0.125
"2324",0.125
"2325",0.125
"2326",0.123333333333333
"2327",0.123333333333333
"2328",0.123333333333333
"2329",0.125
"2330",0.125
"2331",0.125
"2332",0.125
"2333",0.125
"2334",0.125
"2335",0.126666666666667
"2336",0.126666666666667
"2337",0.126666666666667
"2338",0.126666666666667
"2339",0.126666666666667
"2340",0.126666666666667
"2341",0.123333333333333
"2342",0.123333333333333
"2343",0.123333333333333
"2344",0.125
"2345",0.125
"2346",0.125
"2347",0.128333333333333
"2348",0.128333333333333
"2349",0.128333333333333
"2350",0.125
"2351",0.125
"2352",0.125
"2353",0.125
"2354",0.125
"2355",0.125
"2356",0.125
"2357",0.125
"2358",0.125
"2359",0.126666666666667
"2360",0.126666666666667
"2361",0.126666666666667
"2362",0.125
"2363",0.125
"2364",0.125
"2365",0.125
"2366",0.125
"2367",0.125
"2368",0.128333333333333
"2369",0.128333333333333
"2370",0.128333333333333
"2371",0.123333333333333
"2372",0.123333333333333
"2373",0.123333333333333
"2374",0.123333333333333
"2375",0.123333333333333
"2376",0.123333333333333
"2377",0.126666666666667
"2378",0.126666666666667
"2379",0.126666666666667
"2380",0.125
"2381",0.125
"2382",0.125
"2383",0.125
"2384",0.125
"2385",0.125
"2386",0.125
"2387",0.125
"2388",0.125
"2389",0.125
"2390",0.125
"2391",0.125
"2392",0.125
"2393",0.125
"2394",0.125
"2395",0.125
"2396",0.125
"2397",0.125
"2398",0.123333333333333
"2399",0.123333333333333
"2400",0.123333333333333
"2401",0.121666666666667
"2402",0.121666666666667
"2403",0.121666666666667
"2404",0.125
"2405",0.125
"2406",0.125
"2407",0.123333333333333
"2408",0.123333333333333
"2409",0.123333333333333
"2410",0.125
"2411",0.125
"2412",0.125
"2413",0.0916666666666667
"2414",0.0983333333333333
"2415",0.0916666666666667
"2416",0.128333333333333
"2417",0.128333333333333
"2418",0.128333333333333
"2419",0.13
"2420",0.13
"2421",0.13
"2422",0.128333333333333
"2423",0.128333333333333
"2424",0.128333333333333
"2425",0.13
"2426",0.13
"2427",0.13
"2428",0.13
"2429",0.13
"2430",0.13
"2431",0.128333333333333
"2432",0.128333333333333
"2433",0.128333333333333
"2434",0.13
"2435",0.13
"2436",0.13
"2437",0.13
"2438",0.13
"2439",0.13
"2440",0.13
"2441",0.13
"2442",0.13
"2443",0.128333333333333
"2444",0.128333333333333
"2445",0.128333333333333
"2446",0.0933333333333333
"2447",0.095
"2448",0.0933333333333333
"2449",0.11
"2450",0.106666666666667
"2451",0.11
"2452",0.0933333333333333
"2453",0.0933333333333333
"2454",0.0933333333333333
"2455",0.0916666666666667
"2456",0.0916666666666667
"2457",0.0916666666666667
"2458",0.0933333333333333
"2459",0.0933333333333333
"2460",0.0933333333333333
"2461",0.101666666666667
"2462",0.1
"2463",0.101666666666667
"2464",0.11
"2465",0.113333333333333
"2466",0.11
"2467",0.0966666666666667
"2468",0.0933333333333333
"2469",0.0966666666666667
"2470",0.095
"2471",0.0916666666666667
"2472",0.095
"2473",0.095
"2474",0.0916666666666667
"2475",0.095
"2476",0.0983333333333333
"2477",0.095
"2478",0.0983333333333333
"2479",0.0933333333333333
"2480",0.09
"2481",0.0933333333333333
"2482",0.095
"2483",0.0916666666666667
"2484",0.095
"2485",0.0966666666666667
"2486",0.0933333333333333
"2487",0.0966666666666667
"2488",0.0966666666666667
"2489",0.0933333333333333
"2490",0.0966666666666667
"2491",0.0966666666666667
"2492",0.0933333333333333
"2493",0.0966666666666667
"2494",0.095
"2495",0.0916666666666667
"2496",0.095
"2497",0.0966666666666667
"2498",0.0933333333333333
"2499",0.0966666666666667
"2500",0.095
"2501",0.0916666666666667
"2502",0.095
"2503",0.0966666666666667
"2504",0.0933333333333333
"2505",0.0966666666666667
"2506",0.095
"2507",0.0916666666666667
"2508",0.095
"2509",0.0966666666666667
"2510",0.0933333333333333
"2511",0.0966666666666667
"2512",0.0966666666666667
"2513",0.0933333333333333
"2514",0.0966666666666667
"2515",0.0966666666666667
"2516",0.0933333333333333
"2517",0.0966666666666667
"2518",0.0983333333333333
"2519",0.095
"2520",0.0983333333333333
"2521",0.095
"2522",0.0916666666666667
"2523",0.095
"2524",0.095
"2525",0.0916666666666667
"2526",0.095
"2527",0.0966666666666667
"2528",0.0933333333333333
"2529",0.0966666666666667
"2530",0.095
"2531",0.0916666666666667
"2532",0.095
"2533",0.0916666666666667
"2534",0.0883333333333333
"2535",0.0916666666666667
"2536",0.095
"2537",0.0916666666666667
"2538",0.095
"2539",0.095
"2540",0.0916666666666667
"2541",0.095
"2542",0.095
"2543",0.0916666666666667
"2544",0.095
"2545",0.0933333333333333
"2546",0.09
"2547",0.0933333333333333
"2548",0.0966666666666667
"2549",0.0933333333333333
"2550",0.0966666666666667
"2551",0.095
"2552",0.0916666666666667
"2553",0.095
"2554",0.0966666666666667
"2555",0.0933333333333333
"2556",0.0966666666666667
"2557",0.0966666666666667
"2558",0.0933333333333333
"2559",0.0966666666666667
"2560",0.095
"2561",0.0916666666666667
"2562",0.095
"2563",0.0966666666666667
"2564",0.0933333333333333
"2565",0.0966666666666667
"2566",0.095
"2567",0.0916666666666667
"2568",0.095
"2569",0.0966666666666667
"2570",0.0933333333333333
"2571",0.0966666666666667
"2572",0.0966666666666667
"2573",0.0933333333333333
"2574",0.0966666666666667
"2575",0.0933333333333333
"2576",0.09
"2577",0.0933333333333333
"2578",0.0966666666666667
"2579",0.0933333333333333
"2580",0.0966666666666667
"2581",0.095
"2582",0.0916666666666667
"2583",0.095
"2584",0.095
"2585",0.0916666666666667
"2586",0.095
"2587",0.095
"2588",0.0916666666666667
"2589",0.095
"2590",0.0966666666666667
"2591",0.0933333333333333
"2592",0.0966666666666667
"2593",0.0966666666666667
"2594",0.0933333333333333
"2595",0.0966666666666667
"2596",0.0966666666666667
"2597",0.0933333333333333
"2598",0.0966666666666667
"2599",0.0983333333333333
"2600",0.095
"2601",0.0983333333333333
"2602",0.0933333333333333
"2603",0.09
"2604",0.0933333333333333
"2605",0.095
"2606",0.0916666666666667
"2607",0.095
"2608",0.0933333333333333
"2609",0.09
"2610",0.0933333333333333
"2611",0.095
"2612",0.0916666666666667
"2613",0.095
"2614",0.0966666666666667
"2615",0.0933333333333333
"2616",0.0966666666666667
"2617",0.095
"2618",0.0916666666666667
"2619",0.095
"2620",0.095
"2621",0.0916666666666667
"2622",0.095
"2623",0.095
"2624",0.0916666666666667
"2625",0.095
"2626",0.0966666666666667
"2627",0.0933333333333333
"2628",0.0966666666666667
"2629",0.095
"2630",0.0916666666666667
"2631",0.095
"2632",0.095
"2633",0.0916666666666667
"2634",0.095
"2635",0.095
"2636",0.0916666666666667
"2637",0.095
"2638",0.0966666666666667
"2639",0.0933333333333333
"2640",0.0966666666666667
"2641",0.0966666666666667
"2642",0.0933333333333333
"2643",0.0966666666666667
"2644",0.0966666666666667
"2645",0.0933333333333333
"2646",0.0966666666666667
"2647",0.0933333333333333
"2648",0.09
"2649",0.0933333333333333
"2650",0.0966666666666667
"2651",0.0933333333333333
"2652",0.0966666666666667
"2653",0.095
"2654",0.0916666666666667
"2655",0.095
"2656",0.0966666666666667
"2657",0.0933333333333333
"2658",0.0966666666666667
"2659",0.0966666666666667
"2660",0.0933333333333333
"2661",0.0966666666666667
"2662",0.095
"2663",0.0916666666666667
"2664",0.095
"2665",0.095
"2666",0.0916666666666667
"2667",0.095
"2668",0.0966666666666667
"2669",0.0933333333333333
"2670",0.0966666666666667
"2671",0.0966666666666667
"2672",0.0933333333333333
"2673",0.0966666666666667
"2674",0.095
"2675",0.0916666666666667
"2676",0.095
"2677",0.095
"2678",0.0916666666666667
"2679",0.095
"2680",0.095
"2681",0.0916666666666667
"2682",0.095
"2683",0.095
"2684",0.0916666666666667
"2685",0.095
"2686",0.0966666666666667
"2687",0.0933333333333333
"2688",0.0966666666666667
"2689",0.0933333333333333
"2690",0.09
"2691",0.0933333333333333
"2692",0.0983333333333333
"2693",0.095
"2694",0.0983333333333333
"2695",0.0983333333333333
"2696",0.1
"2697",0.0983333333333333
"2698",0.11
"2699",0.111666666666667
"2700",0.11
"2701",0.108333333333333
"2702",0.11
"2703",0.108333333333333
"2704",0.0916666666666667
"2705",0.0916666666666667
"2706",0.0916666666666667
"2707",0.095
"2708",0.095
"2709",0.095
"2710",0.1
"2711",0.0983333333333333
"2712",0.1
"2713",0.1
"2714",0.0983333333333333
"2715",0.1
"2716",0.1
"2717",0.1
"2718",0.1
"2719",0.1
"2720",0.0983333333333333
"2721",0.1
"2722",0.1
"2723",0.0983333333333333
"2724",0.1
"2725",0.0966666666666667
"2726",0.095
"2727",0.0966666666666667
"2728",0.0983333333333333
"2729",0.0966666666666667
"2730",0.0983333333333333
"2731",0.1
"2732",0.0983333333333333
"2733",0.1
"2734",0.1
"2735",0.0983333333333333
"2736",0.1
"2737",0.1
"2738",0.0983333333333333
"2739",0.1
"2740",0.0966666666666667
"2741",0.095
"2742",0.0966666666666667
"2743",0.1
"2744",0.0983333333333333
"2745",0.1
"2746",0.1
"2747",0.0983333333333333
"2748",0.1
"2749",0.1
"2750",0.0983333333333333
"2751",0.1
"2752",0.1
"2753",0.0983333333333333
"2754",0.1
"2755",0.1
"2756",0.0983333333333333
"2757",0.1
"2758",0.0966666666666667
"2759",0.095
"2760",0.0966666666666667
"2761",0.0983333333333333
"2762",0.101666666666667
"2763",0.0983333333333333
"2764",0.0983333333333333
"2765",0.101666666666667
"2766",0.0983333333333333
"2767",0.0983333333333333
"2768",0.101666666666667
"2769",0.0983333333333333
"2770",0.1
"2771",0.103333333333333
"2772",0.1
"2773",0.0983333333333333
"2774",0.101666666666667
"2775",0.0983333333333333
"2776",0.101666666666667
"2777",0.105
"2778",0.101666666666667
"2779",0.0983333333333333
"2780",0.101666666666667
"2781",0.0983333333333333
"2782",0.0983333333333333
"2783",0.101666666666667
"2784",0.0983333333333333
"2785",0.103333333333333
"2786",0.105
"2787",0.103333333333333
"2788",0.123333333333333
"2789",0.121666666666667
"2790",0.123333333333333
"2791",0.121666666666667
"2792",0.123333333333333
"2793",0.121666666666667
"2794",0.121666666666667
"2795",0.123333333333333
"2796",0.121666666666667
"2797",0.0933333333333333
"2798",0.095
"2799",0.0933333333333333
"2800",0.0933333333333333
"2801",0.095
"2802",0.0933333333333333
"2803",0.0933333333333333
"2804",0.095
"2805",0.0933333333333333
"2806",0.0933333333333333
"2807",0.095
"2808",0.0933333333333333
"2809",0.0933333333333333
"2810",0.095
"2811",0.0933333333333333
"2812",0.0933333333333333
"2813",0.095
"2814",0.0933333333333333
"2815",0.0933333333333333
"2816",0.095
"2817",0.0933333333333333
"2818",0.0933333333333333
"2819",0.095
"2820",0.0933333333333333
"2821",0.0933333333333333
"2822",0.095
"2823",0.0933333333333333
"2824",0.0933333333333333
"2825",0.095
"2826",0.0933333333333333
"2827",0.095
"2828",0.0966666666666667
"2829",0.095
"2830",0.0933333333333333
"2831",0.095
"2832",0.0933333333333333
"2833",0.095
"2834",0.0966666666666667
"2835",0.095
"2836",0.095
"2837",0.0966666666666667
"2838",0.095
"2839",0.0933333333333333
"2840",0.095
"2841",0.0933333333333333
"2842",0.0933333333333333
"2843",0.095
"2844",0.0933333333333333
"2845",0.0933333333333333
"2846",0.095
"2847",0.0933333333333333
"2848",0.0933333333333333
"2849",0.095
"2850",0.0933333333333333
"2851",0.0933333333333333
"2852",0.095
"2853",0.0933333333333333
"2854",0.0933333333333333
"2855",0.095
"2856",0.0933333333333333
"2857",0.0933333333333333
"2858",0.095
"2859",0.0933333333333333
"2860",0.0933333333333333
"2861",0.095
"2862",0.0933333333333333
"2863",0.0933333333333333
"2864",0.095
"2865",0.0933333333333333
"2866",0.0933333333333333
"2867",0.095
"2868",0.0933333333333333
"2869",0.095
"2870",0.0966666666666667
"2871",0.095
"2872",0.0933333333333333
"2873",0.095
"2874",0.0933333333333333
"2875",0.095
"2876",0.0966666666666667
"2877",0.095
"2878",0.0933333333333333
"2879",0.095
"2880",0.0933333333333333
"2881",0.095
"2882",0.0933333333333333
"2883",0.095
"2884",0.0933333333333333
"2885",0.095
"2886",0.0933333333333333
"2887",0.0933333333333333
"2888",0.095
"2889",0.0933333333333333
"2890",0.0933333333333333
"2891",0.095
"2892",0.0933333333333333
"2893",0.0933333333333333
"2894",0.095
"2895",0.0933333333333333
"2896",0.0933333333333333
"2897",0.095
"2898",0.0933333333333333
"2899",0.0933333333333333
"2900",0.095
"2901",0.0933333333333333
"2902",0.095
"2903",0.0966666666666667
"2904",0.095
"2905",0.0933333333333333
"2906",0.095
"2907",0.0933333333333333
"2908",0.0933333333333333
"2909",0.095
"2910",0.0933333333333333
"2911",0.095
"2912",0.0966666666666667
"2913",0.095
"2914",0.0933333333333333
"2915",0.095
"2916",0.0933333333333333
"2917",0.0933333333333333
"2918",0.095
"2919",0.0933333333333333
"2920",0.0933333333333333
"2921",0.095
"2922",0.0933333333333333
"2923",0.0933333333333333
"2924",0.095
"2925",0.0933333333333333
"2926",0.0916666666666667
"2927",0.0933333333333333
"2928",0.0916666666666667
"2929",0.0933333333333333
"2930",0.095
"2931",0.0933333333333333
"2932",0.0916666666666667
"2933",0.0933333333333333
"2934",0.0916666666666667
"2935",0.0933333333333333
"2936",0.095
"2937",0.0933333333333333
"2938",0.095
"2939",0.0966666666666667
"2940",0.095
"2941",0.095
"2942",0.0966666666666667
"2943",0.095
"2944",0.095
"2945",0.0966666666666667
"2946",0.095
"2947",0.0933333333333333
"2948",0.095
"2949",0.0933333333333333
"2950",0.0933333333333333
"2951",0.095
"2952",0.0933333333333333
"2953",0.0933333333333333
"2954",0.095
"2955",0.0933333333333333
"2956",0.0933333333333333
"2957",0.095
"2958",0.0933333333333333
"2959",0.0933333333333333
"2960",0.095
"2961",0.0933333333333333
"2962",0.0933333333333333
"2963",0.095
"2964",0.0933333333333333
"2965",0.0933333333333333
"2966",0.095
"2967",0.0933333333333333
"2968",0.095
"2969",0.0966666666666667
"2970",0.095
"2971",0.0933333333333333
"2972",0.095
"2973",0.0933333333333333
"2974",0.0933333333333333
"2975",0.095
"2976",0.0933333333333333
"2977",0.0933333333333333
"2978",0.095
"2979",0.0933333333333333
"2980",0.0933333333333333
"2981",0.095
"2982",0.0933333333333333
"2983",0.0933333333333333
"2984",0.095
"2985",0.0933333333333333
"2986",0.0933333333333333
"2987",0.095
"2988",0.0933333333333333
"2989",0.0933333333333333
"2990",0.095
"2991",0.0933333333333333
"2992",0.095
"2993",0.0966666666666667
"2994",0.095
"2995",0.0933333333333333
"2996",0.095
"2997",0.0933333333333333
"2998",0.0933333333333333
"2999",0.095
"3000",0.0933333333333333
"3001",0.095
"3002",0.0966666666666667
"3003",0.095
"3004",0.0933333333333333
"3005",0.095
"3006",0.0933333333333333
"3007",0.0933333333333333
"3008",0.095
"3009",0.0933333333333333
"3010",0.0933333333333333
"3011",0.095
"3012",0.0933333333333333
"3013",0.0933333333333333
"3014",0.095
"3015",0.0933333333333333
"3016",0.0933333333333333
"3017",0.095
"3018",0.0933333333333333
"3019",0.0933333333333333
"3020",0.095
"3021",0.0933333333333333
"3022",0.0933333333333333
"3023",0.095
"3024",0.0933333333333333
"3025",0.095
"3026",0.0966666666666667
"3027",0.095
"3028",0.095
"3029",0.0966666666666667
"3030",0.095
"3031",0.0933333333333333
"3032",0.095
"3033",0.0933333333333333
"3034",0.0933333333333333
"3035",0.095
"3036",0.0933333333333333
"3037",0.095
"3038",0.0966666666666667
"3039",0.095
"3040",0.0933333333333333
"3041",0.095
"3042",0.0933333333333333
"3043",0.095
"3044",0.0966666666666667
"3045",0.095
"3046",0.0933333333333333
"3047",0.095
"3048",0.0933333333333333
"3049",0.0933333333333333
"3050",0.095
"3051",0.0933333333333333
"3052",0.0933333333333333
"3053",0.095
"3054",0.0933333333333333
"3055",0.0933333333333333
"3056",0.095
"3057",0.0933333333333333
"3058",0.0933333333333333
"3059",0.095
"3060",0.0933333333333333
"3061",0.095
"3062",0.0966666666666667
"3063",0.095
"3064",0.0933333333333333
"3065",0.095
"3066",0.0933333333333333
"3067",0.0933333333333333
"3068",0.095
"3069",0.0933333333333333
"3070",0.0933333333333333
"3071",0.095
"3072",0.0933333333333333
"3073",0.0933333333333333
"3074",0.095
"3075",0.0933333333333333
"3076",0.0933333333333333
"3077",0.095
"3078",0.0933333333333333
"3079",0.0933333333333333
"3080",0.095
"3081",0.0933333333333333
"3082",0.095
"3083",0.0966666666666667
"3084",0.095
"3085",0.0933333333333333
"3086",0.095
"3087",0.0933333333333333
"3088",0.095
"3089",0.0966666666666667
"3090",0.095
"3091",0.0933333333333333
"3092",0.095
"3093",0.0933333333333333
"3094",0.095
"3095",0.0966666666666667
"3096",0.095
"3097",0.095
"3098",0.0966666666666667
"3099",0.095
"3100",0.0933333333333333
"3101",0.095
"3102",0.0933333333333333
"3103",0.0933333333333333
"3104",0.095
"3105",0.0933333333333333
"3106",0.0933333333333333
"3107",0.095
"3108",0.0933333333333333
"3109",0.0933333333333333
"3110",0.095
"3111",0.0933333333333333
"3112",0.0933333333333333
"3113",0.095
"3114",0.0933333333333333
"3115",0.0933333333333333
"3116",0.095
"3117",0.0933333333333333
"3118",0.0933333333333333
"3119",0.095
"3120",0.0933333333333333
"3121",0.0933333333333333
"3122",0.095
"3123",0.0933333333333333
"3124",0.0933333333333333
"3125",0.095
"3126",0.0933333333333333
"3127",0.0933333333333333
"3128",0.095
"3129",0.0933333333333333
"3130",0.0933333333333333
"3131",0.095
"3132",0.0933333333333333
"3133",0.0933333333333333
"3134",0.095
"3135",0.0933333333333333
"3136",0.0933333333333333
"3137",0.095
"3138",0.0933333333333333
"3139",0.0933333333333333
"3140",0.095
"3141",0.0933333333333333
"3142",0.0933333333333333
"3143",0.095
"3144",0.0933333333333333
"3145",0.095
"3146",0.0966666666666667
"3147",0.095
"3148",0.095
"3149",0.0966666666666667
"3150",0.095
"3151",0.0933333333333333
"3152",0.095
"3153",0.0933333333333333
"3154",0.0933333333333333
"3155",0.095
"3156",0.0933333333333333
"3157",0.0933333333333333
"3158",0.095
"3159",0.0933333333333333
"3160",0.0933333333333333
"3161",0.095
"3162",0.0933333333333333
"3163",0.0933333333333333
"3164",0.095
"3165",0.0933333333333333
"3166",0.0933333333333333
"3167",0.095
"3168",0.0933333333333333
"3169",0.095
"3170",0.0966666666666667
"3171",0.095
"3172",0.0933333333333333
"3173",0.095
"3174",0.0933333333333333
"3175",0.0933333333333333
"3176",0.095
"3177",0.0933333333333333
"3178",0.095
"3179",0.0966666666666667
"3180",0.095
"3181",0.0933333333333333
"3182",0.095
"3183",0.0933333333333333
"3184",0.0933333333333333
"3185",0.095
"3186",0.0933333333333333
"3187",0.0933333333333333
"3188",0.095
"3189",0.0933333333333333
"3190",0.0933333333333333
"3191",0.095
"3192",0.0933333333333333
"3193",0.095
"3194",0.0966666666666667
"3195",0.095
"3196",0.0933333333333333
"3197",0.095
"3198",0.0933333333333333
"3199",0.095
"3200",0.0966666666666667
"3201",0.095
"3202",0.0933333333333333
"3203",0.095
"3204",0.0933333333333333
"3205",0.095
"3206",0.0933333333333333
"3207",0.095
"3208",0.0933333333333333
"3209",0.095
"3210",0.0933333333333333
"3211",0.0933333333333333
"3212",0.095
"3213",0.0933333333333333
"3214",0.0933333333333333
"3215",0.095
"3216",0.0933333333333333
"3217",0.0933333333333333
"3218",0.095
"3219",0.0933333333333333
"3220",0.0933333333333333
"3221",0.095
"3222",0.0933333333333333
"3223",0.0933333333333333
"3224",0.095
"3225",0.0933333333333333
"3226",0.095
"3227",0.0966666666666667
"3228",0.095
"3229",0.0933333333333333
"3230",0.095
"3231",0.0933333333333333
"3232",0.095
"3233",0.0966666666666667
"3234",0.095
"3235",0.0933333333333333
"3236",0.095
"3237",0.0933333333333333
"3238",0.0933333333333333
"3239",0.095
"3240",0.0933333333333333
"3241",0.095
"3242",0.0933333333333333
"3243",0.095
"3244",0.0933333333333333
"3245",0.095
"3246",0.0933333333333333
"3247",0.0933333333333333
"3248",0.095
"3249",0.0933333333333333
"3250",0.0966666666666667
"3251",0.0983333333333333
"3252",0.0966666666666667
"3253",0.0933333333333333
"3254",0.095
"3255",0.0933333333333333
"3256",0.0933333333333333
"3257",0.095
"3258",0.0933333333333333
"3259",0.0933333333333333
"3260",0.095
"3261",0.0933333333333333
"3262",0.095
"3263",0.0966666666666667
"3264",0.095
"3265",0.0933333333333333
"3266",0.095
"3267",0.0933333333333333
"3268",0.095
"3269",0.0966666666666667
"3270",0.095
"3271",0.095
"3272",0.0966666666666667
"3273",0.095
"3274",0.0933333333333333
"3275",0.095
"3276",0.0933333333333333
"3277",0.0933333333333333
"3278",0.095
"3279",0.0933333333333333
"3280",0.0933333333333333
"3281",0.095
"3282",0.0933333333333333
"3283",0.0933333333333333
"3284",0.095
"3285",0.0933333333333333
"3286",0.0933333333333333
"3287",0.095
"3288",0.0933333333333333
"3289",0.0933333333333333
"3290",0.095
"3291",0.0933333333333333
"3292",0.0933333333333333
"3293",0.095
"3294",0.0933333333333333
"3295",0.095
"3296",0.0966666666666667
"3297",0.095
"3298",0.0933333333333333
"3299",0.095
"3300",0.0933333333333333
"3301",0.095
"3302",0.0966666666666667
"3303",0.095
"3304",0.0933333333333333
"3305",0.095
"3306",0.0933333333333333
"3307",0.095
"3308",0.0966666666666667
"3309",0.095
"3310",0.0933333333333333
"3311",0.095
"3312",0.0933333333333333
"3313",0.0933333333333333
"3314",0.095
"3315",0.0933333333333333
"3316",0.0933333333333333
"3317",0.095
"3318",0.0933333333333333
"3319",0.0933333333333333
"3320",0.095
"3321",0.0933333333333333
"3322",0.0933333333333333
"3323",0.095
"3324",0.0933333333333333
"3325",0.0933333333333333
"3326",0.095
"3327",0.0933333333333333
"3328",0.0933333333333333
"3329",0.095
"3330",0.0933333333333333
"3331",0.095
"3332",0.0966666666666667
"3333",0.095
"3334",0.095
"3335",0.0966666666666667
"3336",0.095
"3337",0.095
"3338",0.0966666666666667
"3339",0.095
"3340",0.0933333333333333
"3341",0.095
"3342",0.0933333333333333
"3343",0.0933333333333333
"3344",0.095
"3345",0.0933333333333333
"3346",0.0933333333333333
"3347",0.095
"3348",0.0933333333333333
"3349",0.0933333333333333
"3350",0.095
"3351",0.0933333333333333
"3352",0.0933333333333333
"3353",0.095
"3354",0.0933333333333333
"3355",0.095
"3356",0.0966666666666667
"3357",0.095
"3358",0.0933333333333333
"3359",0.095
"3360",0.0933333333333333
"3361",0.0933333333333333
"3362",0.095
"3363",0.0933333333333333
"3364",0.0933333333333333
"3365",0.095
"3366",0.0933333333333333
"3367",0.0933333333333333
"3368",0.095
"3369",0.0933333333333333
"3370",0.0933333333333333
"3371",0.095
"3372",0.0933333333333333
"3373",0.0933333333333333
"3374",0.095
"3375",0.0933333333333333
"3376",0.0933333333333333
"3377",0.095
"3378",0.0933333333333333
"3379",0.095
"3380",0.0966666666666667
"3381",0.095
"3382",0.095
"3383",0.0966666666666667
"3384",0.095
"3385",0.095
"3386",0.0966666666666667
"3387",0.095
"3388",0.095
"3389",0.0933333333333333
"3390",0.095
"3391",0.0933333333333333
"3392",0.095
"3393",0.0933333333333333
"3394",0.0933333333333333
"3395",0.095
"3396",0.0933333333333333
"3397",0.0933333333333333
"3398",0.095
"3399",0.0933333333333333
"3400",0.0933333333333333
"3401",0.095
"3402",0.0933333333333333
"3403",0.0933333333333333
"3404",0.095
"3405",0.0933333333333333
"3406",0.095
"3407",0.0966666666666667
"3408",0.095
"3409",0.0933333333333333
"3410",0.095
"3411",0.0933333333333333
"3412",0.0933333333333333
"3413",0.095
"3414",0.0933333333333333
"3415",0.095
"3416",0.0966666666666667
"3417",0.095
"3418",0.0933333333333333
"3419",0.095
"3420",0.0933333333333333
"3421",0.0933333333333333
"3422",0.095
"3423",0.0933333333333333
"3424",0.0933333333333333
"3425",0.095
"3426",0.0933333333333333
"3427",0.095
"3428",0.0966666666666667
"3429",0.095
"3430",0.0933333333333333
"3431",0.095
"3432",0.0933333333333333
"3433",0.0933333333333333
"3434",0.095
"3435",0.0933333333333333
"3436",0.0933333333333333
"3437",0.095
"3438",0.0933333333333333
"3439",0.0933333333333333
"3440",0.095
"3441",0.0933333333333333
"3442",0.095
"3443",0.0966666666666667
"3444",0.095
"3445",0.0933333333333333
"3446",0.095
"3447",0.0933333333333333
"3448",0.0933333333333333
"3449",0.095
"3450",0.0933333333333333
"3451",0.0933333333333333
"3452",0.095
"3453",0.0933333333333333
"3454",0.0933333333333333
"3455",0.095
"3456",0.0933333333333333
"3457",0.095
"3458",0.0966666666666667
"3459",0.095
"3460",0.095
"3461",0.0966666666666667
"3462",0.095
"3463",0.095
"3464",0.0966666666666667
"3465",0.095
"3466",0.0933333333333333
"3467",0.095
"3468",0.0933333333333333
"3469",0.0933333333333333
"3470",0.095
"3471",0.0933333333333333
"3472",0.095
"3473",0.0966666666666667
"3474",0.095
"3475",0.095
"3476",0.0966666666666667
"3477",0.095
"3478",0.095
"3479",0.0966666666666667
"3480",0.095
"3481",0.095
"3482",0.0966666666666667
"3483",0.095
"3484",0.0933333333333333
"3485",0.095
"3486",0.0933333333333333
"3487",0.0933333333333333
"3488",0.095
"3489",0.0933333333333333
"3490",0.0933333333333333
"3491",0.095
"3492",0.0933333333333333
"3493",0.0933333333333333
"3494",0.095
"3495",0.0933333333333333
"3496",0.0933333333333333
"3497",0.095
"3498",0.0933333333333333
"3499",0.0933333333333333
"3500",0.095
"3501",0.0933333333333333
"3502",0.0916666666666667
"3503",0.0933333333333333
"3504",0.0916666666666667
"3505",0.095
"3506",0.0966666666666667
"3507",0.095
"3508",0.095
"3509",0.0966666666666667
"3510",0.095
"3511",0.0933333333333333
"3512",0.095
"3513",0.0933333333333333
"3514",0.0933333333333333
"3515",0.095
"3516",0.0933333333333333
"3517",0.0933333333333333
"3518",0.095
"3519",0.0933333333333333
"3520",0.0933333333333333
"3521",0.095
"3522",0.0933333333333333
"3523",0.0933333333333333
"3524",0.095
"3525",0.0933333333333333
"3526",0.0933333333333333
"3527",0.095
"3528",0.0933333333333333
"3529",0.0933333333333333
"3530",0.095
"3531",0.0933333333333333
"3532",0.0933333333333333
"3533",0.095
"3534",0.0933333333333333
"3535",0.0933333333333333
"3536",0.095
"3537",0.0933333333333333
"3538",0.0933333333333333
"3539",0.095
"3540",0.0933333333333333
"3541",0.095
"3542",0.0966666666666667
"3543",0.095
"3544",0.0933333333333333
"3545",0.095
"3546",0.0933333333333333
"3547",0.095
"3548",0.0966666666666667
"3549",0.095
"3550",0.0933333333333333
"3551",0.095
"3552",0.0933333333333333
"3553",0.0933333333333333
"3554",0.095
"3555",0.0933333333333333
"3556",0.0933333333333333
"3557",0.095
"3558",0.0933333333333333
"3559",0.0933333333333333
"3560",0.095
"3561",0.0933333333333333
"3562",0.0933333333333333
"3563",0.095
"3564",0.0933333333333333
"3565",0.095
"3566",0.0966666666666667
"3567",0.095
"3568",0.0933333333333333
"3569",0.095
"3570",0.0933333333333333
"3571",0.0933333333333333
"3572",0.095
"3573",0.0933333333333333
"3574",0.095
"3575",0.0966666666666667
"3576",0.095
"3577",0.095
"3578",0.0966666666666667
"3579",0.095
"3580",0.0933333333333333
"3581",0.095
"3582",0.0933333333333333
"3583",0.0933333333333333
"3584",0.095
"3585",0.0933333333333333
"3586",0.0933333333333333
"3587",0.095
"3588",0.0933333333333333
"3589",0.0933333333333333
"3590",0.095
"3591",0.0933333333333333
"3592",0.0933333333333333
"3593",0.095
"3594",0.0933333333333333
"3595",0.0933333333333333
"3596",0.095
"3597",0.0933333333333333
"3598",0.0933333333333333
"3599",0.095
"3600",0.0933333333333333
"3601",0.0933333333333333
"3602",0.095
"3603",0.0933333333333333
"3604",0.0933333333333333
"3605",0.095
"3606",0.0933333333333333
"3607",0.0933333333333333
"3608",0.095
"3609",0.0933333333333333
"3610",0.095
"3611",0.0966666666666667
"3612",0.095
"3613",0.0933333333333333
"3614",0.095
"3615",0.0933333333333333
"3616",0.0933333333333333
"3617",0.095
"3618",0.0933333333333333
"3619",0.0933333333333333
"3620",0.095
"3621",0.0933333333333333
"3622",0.0933333333333333
"3623",0.095
"3624",0.0933333333333333
"3625",0.0933333333333333
"3626",0.095
"3627",0.0933333333333333
"3628",0.0933333333333333
"3629",0.095
"3630",0.0933333333333333
"3631",0.0933333333333333
"3632",0.095
"3633",0.0933333333333333
"3634",0.095
"3635",0.0966666666666667
"3636",0.095
"3637",0.0933333333333333
"3638",0.095
"3639",0.0933333333333333
"3640",0.0933333333333333
"3641",0.095
"3642",0.0933333333333333
"3643",0.095
"3644",0.0966666666666667
"3645",0.095
"3646",0.0933333333333333
"3647",0.095
"3648",0.0933333333333333
"3649",0.0933333333333333
"3650",0.095
"3651",0.0933333333333333
"3652",0.0933333333333333
"3653",0.095
"3654",0.0933333333333333
"3655",0.095
"3656",0.0966666666666667
"3657",0.095
"3658",0.0933333333333333
"3659",0.095
"3660",0.0933333333333333
"3661",0.0933333333333333
"3662",0.095
"3663",0.0933333333333333
"3664",0.0933333333333333
"3665",0.095
"3666",0.0933333333333333
"3667",0.0933333333333333
"3668",0.095
"3669",0.0933333333333333
"3670",0.0933333333333333
"3671",0.095
"3672",0.0933333333333333
"3673",0.0933333333333333
"3674",0.095
"3675",0.0933333333333333
"3676",0.0916666666666667
"3677",0.0933333333333333
"3678",0.0916666666666667
"3679",0.095
"3680",0.0966666666666667
"3681",0.095
"3682",0.0933333333333333
"3683",0.095
"3684",0.0933333333333333
"3685",0.0933333333333333
"3686",0.095
"3687",0.0933333333333333
"3688",0.0933333333333333
"3689",0.095
"3690",0.0933333333333333
"3691",0.0933333333333333
"3692",0.095
"3693",0.0933333333333333
"3694",0.0933333333333333
"3695",0.095
"3696",0.0933333333333333
"3697",0.0933333333333333
"3698",0.095
"3699",0.0933333333333333
"3700",0.0933333333333333
"3701",0.095
"3702",0.0933333333333333
"3703",0.095
"3704",0.0966666666666667
"3705",0.095
"3706",0.095
"3707",0.0966666666666667
"3708",0.095
"3709",0.0933333333333333
"3710",0.095
"3711",0.0933333333333333
"3712",0.0933333333333333
"3713",0.095
"3714",0.0933333333333333
"3715",0.0933333333333333
"3716",0.095
"3717",0.0933333333333333
"3718",0.095
"3719",0.0966666666666667
"3720",0.095
"3721",0.0933333333333333
"3722",0.095
"3723",0.0933333333333333
"3724",0.0933333333333333
"3725",0.095
"3726",0.0933333333333333
"3727",0.0933333333333333
"3728",0.095
"3729",0.0933333333333333
"3730",0.0933333333333333
"3731",0.095
"3732",0.0933333333333333
"3733",0.0933333333333333
"3734",0.095
"3735",0.0933333333333333
"3736",0.095
"3737",0.0966666666666667
"3738",0.095
"3739",0.095
"3740",0.0966666666666667
"3741",0.095
"3742",0.0933333333333333
"3743",0.095
"3744",0.0933333333333333
"3745",0.0933333333333333
"3746",0.095
"3747",0.0933333333333333
"3748",0.0933333333333333
"3749",0.095
"3750",0.0933333333333333
"3751",0.0933333333333333
"3752",0.095
"3753",0.0933333333333333
"3754",0.0933333333333333
"3755",0.095
"3756",0.0933333333333333
"3757",0.0916666666666667
"3758",0.0933333333333333
"3759",0.0916666666666667
"3760",0.095
"3761",0.0966666666666667
"3762",0.095
"3763",0.095
"3764",0.0966666666666667
"3765",0.095
"3766",0.095
"3767",0.0966666666666667
"3768",0.095
"3769",0.0933333333333333
"3770",0.095
"3771",0.0933333333333333
"3772",0.0933333333333333
"3773",0.095
"3774",0.0933333333333333
"3775",0.0933333333333333
"3776",0.095
"3777",0.0933333333333333
"3778",0.0933333333333333
"3779",0.095
"3780",0.0933333333333333
"3781",0.095
"3782",0.0966666666666667
"3783",0.095
"3784",0.0933333333333333
"3785",0.095
"3786",0.0933333333333333
"3787",0.0933333333333333
"3788",0.095
"3789",0.0933333333333333
"3790",0.0933333333333333
"3791",0.095
"3792",0.0933333333333333
"3793",0.0933333333333333
"3794",0.095
"3795",0.0933333333333333
"3796",0.0933333333333333
"3797",0.095
"3798",0.0933333333333333
"3799",0.0933333333333333
"3800",0.095
"3801",0.0933333333333333
"3802",0.0933333333333333
"3803",0.095
"3804",0.0933333333333333
"3805",0.0933333333333333
"3806",0.095
"3807",0.0933333333333333
"3808",0.095
"3809",0.0966666666666667
"3810",0.095
"3811",0.095
"3812",0.0966666666666667
"3813",0.095
"3814",0.0933333333333333
"3815",0.095
"3816",0.0933333333333333
"3817",0.0933333333333333
"3818",0.095
"3819",0.0933333333333333
"3820",0.0933333333333333
"3821",0.095
"3822",0.0933333333333333
"3823",0.0933333333333333
"3824",0.095
"3825",0.0933333333333333
"3826",0.0933333333333333
"3827",0.095
"3828",0.0933333333333333
"3829",0.0933333333333333
"3830",0.095
"3831",0.0933333333333333
"3832",0.0933333333333333
"3833",0.095
"3834",0.0933333333333333
"3835",0.0933333333333333
"3836",0.095
"3837",0.0933333333333333
"3838",0.0933333333333333
"3839",0.095
"3840",0.0933333333333333
"3841",0.0933333333333333
"3842",0.095
"3843",0.0933333333333333
"3844",0.0933333333333333
"3845",0.095
"3846",0.0933333333333333
"3847",0.0933333333333333
"3848",0.095
"3849",0.0933333333333333
"3850",0.0933333333333333
"3851",0.095
"3852",0.0933333333333333
"3853",0.0933333333333333
"3854",0.095
"3855",0.0933333333333333
"3856",0.095
"3857",0.0966666666666667
"3858",0.095
"3859",0.095
"3860",0.0966666666666667
"3861",0.095
"3862",0.0933333333333333
"3863",0.095
"3864",0.0933333333333333
"3865",0.0933333333333333
"3866",0.095
"3867",0.0933333333333333
"3868",0.0933333333333333
"3869",0.095
"3870",0.0933333333333333
"3871",0.0933333333333333
"3872",0.095
"3873",0.0933333333333333
"3874",0.0933333333333333
"3875",0.095
"3876",0.0933333333333333
"3877",0.0933333333333333
"3878",0.095
"3879",0.0933333333333333
"3880",0.095
"3881",0.0966666666666667
"3882",0.095
"3883",0.095
"3884",0.0966666666666667
"3885",0.095
"3886",0.095
"3887",0.0966666666666667
"3888",0.095
"3889",0.095
"3890",0.0966666666666667
"3891",0.095
"3892",0.095
"3893",0.0966666666666667
"3894",0.095
"3895",0.0933333333333333
"3896",0.095
"3897",0.0933333333333333
"3898",0.0933333333333333
"3899",0.095
"3900",0.0933333333333333
"3901",0.0933333333333333
"3902",0.095
"3903",0.0933333333333333
"3904",0.0933333333333333
"3905",0.095
"3906",0.0933333333333333
"3907",0.095
"3908",0.0966666666666667
"3909",0.095
"3910",0.0933333333333333
"3911",0.095
"3912",0.0933333333333333
"3913",0.0933333333333333
"3914",0.095
"3915",0.0933333333333333
"3916",0.0933333333333333
"3917",0.095
"3918",0.0933333333333333
"3919",0.0933333333333333
"3920",0.095
"3921",0.0933333333333333
"3922",0.0933333333333333
"3923",0.095
"3924",0.0933333333333333
"3925",0.0933333333333333
"3926",0.095
"3927",0.0933333333333333
"3928",0.095
"3929",0.0966666666666667
"3930",0.095
"3931",0.0933333333333333
"3932",0.095
"3933",0.0933333333333333
"3934",0.0933333333333333
"3935",0.095
"3936",0.0933333333333333
"3937",0.0933333333333333
"3938",0.095
"3939",0.0933333333333333
"3940",0.095
"3941",0.0966666666666667
"3942",0.095
"3943",0.095
"3944",0.0966666666666667
"3945",0.095
"3946",0.0933333333333333
"3947",0.095
"3948",0.0933333333333333
"3949",0.0933333333333333
"3950",0.095
"3951",0.0933333333333333
"3952",0.0933333333333333
"3953",0.095
"3954",0.0933333333333333
"3955",0.0933333333333333
"3956",0.095
"3957",0.0933333333333333
"3958",0.0933333333333333
"3959",0.095
"3960",0.0933333333333333
"3961",0.0933333333333333
"3962",0.095
"3963",0.0933333333333333
"3964",0.095
"3965",0.0966666666666667
"3966",0.095
"3967",0.0933333333333333
"3968",0.095
"3969",0.0933333333333333
"3970",0.0933333333333333
"3971",0.095
"3972",0.0933333333333333
"3973",0.0916666666666667
"3974",0.0933333333333333
"3975",0.0916666666666667
"3976",0.0933333333333333
"3977",0.095
"3978",0.0933333333333333
"3979",0.095
"3980",0.0966666666666667
"3981",0.095
"3982",0.0933333333333333
"3983",0.095
"3984",0.0933333333333333
"3985",0.095
"3986",0.0966666666666667
"3987",0.095
"3988",0.0933333333333333
"3989",0.095
"3990",0.0933333333333333
"3991",0.095
"3992",0.0966666666666667
"3993",0.095
"3994",0.0933333333333333
"3995",0.095
"3996",0.0933333333333333
"3997",0.0933333333333333
"3998",0.095
"3999",0.0933333333333333
"4000",0.0933333333333333
"4001",0.095
"4002",0.0933333333333333
"4003",0.095
"4004",0.0966666666666667
"4005",0.095
"4006",0.0933333333333333
"4007",0.095
"4008",0.0933333333333333
"4009",0.095
"4010",0.0966666666666667
"4011",0.095
"4012",0.095
"4013",0.0933333333333333
"4014",0.095
"4015",0.0933333333333333
"4016",0.095
"4017",0.0933333333333333
"4018",0.095
"4019",0.0966666666666667
"4020",0.095
"4021",0.095
"4022",0.0966666666666667
"4023",0.095
"4024",0.0933333333333333
"4025",0.095
"4026",0.0933333333333333
"4027",0.0933333333333333
"4028",0.095
"4029",0.0933333333333333
"4030",0.095
"4031",0.0966666666666667
"4032",0.095
"4033",0.095
"4034",0.0966666666666667
"4035",0.095
"4036",0.095
"4037",0.0966666666666667
"4038",0.095
"4039",0.095
"4040",0.0966666666666667
"4041",0.095
"4042",0.0933333333333333
"4043",0.095
"4044",0.0933333333333333
"4045",0.0933333333333333
"4046",0.095
"4047",0.0933333333333333
"4048",0.0916666666666667
"4049",0.0933333333333333
"4050",0.0916666666666667
"4051",0.095
"4052",0.0966666666666667
"4053",0.095
"4054",0.0933333333333333
"4055",0.095
"4056",0.0933333333333333
"4057",0.095
"4058",0.0966666666666667
"4059",0.095
"4060",0.0933333333333333
"4061",0.095
"4062",0.0933333333333333
"4063",0.0933333333333333
"4064",0.095
"4065",0.0933333333333333
"4066",0.095
"4067",0.0966666666666667
"4068",0.095
"4069",0.095
"4070",0.0966666666666667
"4071",0.095
"4072",0.095
"4073",0.0966666666666667
"4074",0.095
"4075",0.095
"4076",0.0966666666666667
"4077",0.095
"4078",0.095
"4079",0.0966666666666667
"4080",0.095
"4081",0.0933333333333333
"4082",0.095
"4083",0.0933333333333333
"4084",0.0933333333333333
"4085",0.095
"4086",0.0933333333333333
"4087",0.0933333333333333
"4088",0.095
"4089",0.0933333333333333
"4090",0.0933333333333333
"4091",0.095
"4092",0.0933333333333333
"4093",0.0933333333333333
"4094",0.095
"4095",0.0933333333333333
"4096",0.0933333333333333
"4097",0.095
"4098",0.0933333333333333
"4099",0.0916666666666667
"4100",0.0933333333333333
"4101",0.0916666666666667
"4102",0.0933333333333333
"4103",0.095
"4104",0.0933333333333333
"4105",0.095
"4106",0.0966666666666667
"4107",0.095
"4108",0.0933333333333333
"4109",0.095
"4110",0.0933333333333333
"4111",0.095
"4112",0.0966666666666667
"4113",0.095
"4114",0.0933333333333333
"4115",0.095
"4116",0.0933333333333333
"4117",0.095
"4118",0.0966666666666667
"4119",0.095
"4120",0.0933333333333333
"4121",0.095
"4122",0.0933333333333333
"4123",0.0933333333333333
"4124",0.095
"4125",0.0933333333333333
"4126",0.095
"4127",0.0966666666666667
"4128",0.095
"4129",0.0933333333333333
"4130",0.095
"4131",0.0933333333333333
"4132",0.095
"4133",0.0966666666666667
"4134",0.095
"4135",0.095
"4136",0.0966666666666667
"4137",0.095
"4138",0.0933333333333333
"4139",0.095
"4140",0.0933333333333333
"4141",0.095
"4142",0.0966666666666667
"4143",0.095
"4144",0.095
"4145",0.0966666666666667
"4146",0.095
"4147",0.0933333333333333
"4148",0.095
"4149",0.0933333333333333
"4150",0.105
"4151",0.103333333333333
"4152",0.105
"4153",0.106666666666667
"4154",0.105
"4155",0.106666666666667
"4156",0.11
"4157",0.108333333333333
"4158",0.11
"4159",0.108333333333333
"4160",0.106666666666667
"4161",0.108333333333333
"4162",0.103333333333333
"4163",0.105
"4164",0.103333333333333
"4165",0.11
"4166",0.108333333333333
"4167",0.11
"4168",0.108333333333333
"4169",0.11
"4170",0.108333333333333
"4171",0.11
"4172",0.108333333333333
"4173",0.11
"4174",0.105
"4175",0.106666666666667
"4176",0.105
"4177",0.11
"4178",0.108333333333333
"4179",0.11
"4180",0.11
"4181",0.108333333333333
"4182",0.11
"4183",0.103333333333333
"4184",0.105
"4185",0.103333333333333
"4186",0.108333333333333
"4187",0.106666666666667
"4188",0.108333333333333
"4189",0.108333333333333
"4190",0.106666666666667
"4191",0.108333333333333
"4192",0.108333333333333
"4193",0.106666666666667
"4194",0.108333333333333
"4195",0.11
"4196",0.108333333333333
"4197",0.11
"4198",0.111666666666667
"4199",0.11
"4200",0.111666666666667
"4201",0.111666666666667
"4202",0.11
"4203",0.111666666666667
"4204",0.113333333333333
"4205",0.111666666666667
"4206",0.113333333333333
"4207",0.0933333333333333
"4208",0.0933333333333333
"4209",0.0916666666666667
"4210",0.0916666666666667
"4211",0.0916666666666667
"4212",0.0916666666666667
"4213",0.0933333333333333
"4214",0.0916666666666667
"4215",0.0916666666666667
"4216",0.0933333333333333
"4217",0.0933333333333333
"4218",0.0933333333333333
"4219",0.0933333333333333
"4220",0.0933333333333333
"4221",0.0933333333333333
"4222",0.0933333333333333
"4223",0.0933333333333333
"4224",0.0933333333333333
"4225",0.0933333333333333
"4226",0.0916666666666667
"4227",0.0933333333333333
"4228",0.0933333333333333
"4229",0.0933333333333333
"4230",0.0666666666666667
"4231",0.0666666666666667
"4232",0.0666666666666667
"4233",0.103333333333333
"4234",0.118333333333333
"4235",0.108333333333333
"4236",0.11
"4237",0.105
"4238",0.126666666666667
"4239",0.13
"4240",0.13
"4241",0.131666666666667
"4242",0.13
"4243",0.13
"4244",0.13
"4245",0.131666666666667
"4246",0.131666666666667
"4247",0.13
"4248",0.13
"4249",0.105
"4250",0.105
"4251",0.106666666666667
"4252",0.108333333333333
"4253",0.1
"4254",0.00666666666666667
"4255",0.00666666666666667
"4256",0.0466666666666667
"4257",0.0466666666666667
"4258",0.0466666666666667
"4259",0.00666666666666667
"4260",0.0466666666666667
"4261",0.0466666666666667
"4262",0.0466666666666667
"4263",0.00666666666666667
"4264",0.0483333333333333
"4265",0.0466666666666667
"4266",0.00666666666666667
"4267",0.00666666666666667
"4268",0.0466666666666667
"4269",0.00666666666666667
"4270",0.00666666666666667
"4271",0.0466666666666667
"4272",0.0466666666666667
"4273",0.00666666666666667
"4274",0.0466666666666667
"4275",0.045
"4276",0.0466666666666667
"4277",0.0516666666666667
"4278",0.0483333333333333
"4279",0.00666666666666667
"4280",0.0466666666666667
"4281",0.00666666666666667
"4282",0.0433333333333333
"4283",0.0466666666666667
"4284",0.0533333333333333
"4285",0.0533333333333333
"4286",0.0533333333333333
"4287",0.085
"4288",0.085
"4289",0.085
"4290",0.085
"4291",0.0866666666666667
"4292",0.085
"4293",0.085
"4294",0.085
"4295",0.085
"4296",0.0866666666666667
"4297",0.085
"4298",0.085
"4299",0.085
"4300",0.085
"4301",0.085
"4302",0.085
"4303",0.085
"4304",0.0866666666666667
"4305",0.0833333333333333
"4306",0.085
"4307",0.085
"4308",0.085
"4309",0.085
"4310",0.085
"4311",0.085
"4312",0.0833333333333333
"4313",0.085
"4314",0.085
"4315",0.085
"4316",0.085
"4317",0.085
"4318",0.085
"4319",0.085
"4320",0.085
"4321",0.085
"4322",0.085
"4323",0.085
"4324",0.0833333333333333
"4325",0.085
"4326",0.085
"4327",0.085
"4328",0.0833333333333333
"4329",0.085
"4330",0.0833333333333333
"4331",0.085
"4332",0.085
"4333",0.085
"4334",0.085
"4335",0.085
"4336",0.0866666666666667
"4337",0.085
"4338",0.085
"4339",0.085
"4340",0.085
"4341",0.085
"4342",0.085
"4343",0.085
"4344",0.085
"4345",0.085
"4346",0.0833333333333333
"4347",0.085
"4348",0.0833333333333333
"4349",0.085
"4350",0.085
"4351",0.085
"4352",0.085
"4353",0.085
"4354",0.085
"4355",0.085
"4356",0.085
"4357",0.085
"4358",0.0866666666666667
"4359",0.085
"4360",0.085
"4361",0.085
"4362",0.0833333333333333
"4363",0.085
"4364",0.085
"4365",0.0866666666666667
"4366",0.085
"4367",0.085
"4368",0.085
"4369",0.085
"4370",0.085
"4371",0.085
"4372",0.085
"4373",0.085
"4374",0.085
"4375",0.085
"4376",0.085
"4377",0.085
"4378",0.085
"4379",0.085
"4380",0.085
"4381",0.085
"4382",0.085
"4383",0.085
"4384",0.085
"4385",0.085
"4386",0.085
"4387",0.085
"4388",0.085
"4389",0.085
"4390",0.0866666666666667
"4391",0.0833333333333333
"4392",0.085
"4393",0.085
"4394",0.085
"4395",0.0833333333333333
"4396",0.085
"4397",0.0833333333333333
"4398",0.0866666666666667
"4399",0.085
"4400",0.085
"4401",0.0883333333333333
"4402",0.0866666666666667
"4403",0.0883333333333333
"4404",0.085
"4405",0.085
"4406",0.085
"4407",0.085
"4408",0.085
"4409",0.085
"4410",0.085
"4411",0.085
"4412",0.085
"4413",0.085
"4414",0.085
"4415",0.085
"4416",0.085
"4417",0.085
"4418",0.085
"4419",0.085
"4420",0.085
"4421",0.085
"4422",0.085
"4423",0.085
"4424",0.085
"4425",0.085
"4426",0.0833333333333333
"4427",0.085
"4428",0.0833333333333333
"4429",0.085
"4430",0.085
"4431",0.085
"4432",0.085
"4433",0.085
"4434",0.085
"4435",0.085
"4436",0.085
"4437",0.085
"4438",0.085
"4439",0.085
"4440",0.085
"4441",0.085
"4442",0.085
"4443",0.085
"4444",0.085
"4445",0.085
"4446",0.0833333333333333
"4447",0.085
"4448",0.085
"4449",0.085
"4450",0.0866666666666667
"4451",0.085
"4452",0.0866666666666667
"4453",0.085
"4454",0.085
"4455",0.0883333333333333
"4456",0.085
"4457",0.085
"4458",0.085
"4459",0.085
"4460",0.085
"4461",0.085
"4462",0.085
"4463",0.085
"4464",0.0866666666666667
"4465",0.0833333333333333
"4466",0.085
"4467",0.085
"4468",0.0866666666666667
"4469",0.0866666666666667
"4470",0.0866666666666667
"4471",0.085
"4472",0.085
"4473",0.085
"4474",0.085
"4475",0.085
"4476",0.085
"4477",0.085
"4478",0.085
"4479",0.085
"4480",0.085
"4481",0.085
"4482",0.085
"4483",0.0866666666666667
"4484",0.085
"4485",0.085
"4486",0.085
"4487",0.085
"4488",0.0866666666666667
"4489",0.085
"4490",0.0866666666666667
"4491",0.0833333333333333
"4492",0.085
"4493",0.0833333333333333
"4494",0.085
"4495",0.085
"4496",0.0833333333333333
"4497",0.085
"4498",0.085
"4499",0.085
"4500",0.085
"4501",0.085
"4502",0.085
"4503",0.085
"4504",0.0833333333333333
"4505",0.0833333333333333
"4506",0.085
"4507",0.085
"4508",0.085
"4509",0.085
"4510",0.085
"4511",0.085
"4512",0.085
"4513",0.085
"4514",0.085
"4515",0.118333333333333
"4516",0.12
"4517",0.118333333333333
"4518",0.12
"4519",0.12
"4520",0.118333333333333
"4521",0.118333333333333
"4522",0.118333333333333
"4523",0.118333333333333
"4524",0.118333333333333
"4525",0.118333333333333
"4526",0.118333333333333
"4527",0.118333333333333
"4528",0.118333333333333
"4529",0.118333333333333
"4530",0.12
"4531",0.118333333333333
"4532",0.118333333333333
"4533",0.118333333333333
"4534",0.118333333333333
"4535",0.116666666666667
"4536",0.118333333333333
"4537",0.116666666666667
"4538",0.118333333333333
"4539",0.118333333333333
"4540",0.118333333333333
"4541",0.118333333333333
"4542",0.116666666666667
"4543",0.118333333333333
"4544",0.118333333333333
"4545",0.118333333333333
"4546",0.118333333333333
"4547",0.118333333333333
"4548",0.118333333333333
"4549",0.118333333333333
"4550",0.118333333333333
"4551",0.118333333333333
"4552",0.118333333333333
"4553",0.118333333333333
"4554",0.118333333333333
"4555",0.118333333333333
"4556",0.118333333333333
"4557",0.118333333333333
"4558",0.118333333333333
"4559",0.118333333333333
"4560",0.118333333333333
"4561",0.118333333333333
"4562",0.118333333333333
"4563",0.118333333333333
"4564",0.118333333333333
"4565",0.118333333333333
"4566",0.116666666666667
"4567",0.118333333333333
"4568",0.118333333333333
"4569",0.12
"4570",0.118333333333333
"4571",0.118333333333333
"4572",0.116666666666667
"4573",0.118333333333333
"4574",0.118333333333333
"4575",0.118333333333333
"4576",0.116666666666667
"4577",0.118333333333333
"4578",0.118333333333333
"4579",0.118333333333333
"4580",0.118333333333333
"4581",0.118333333333333
"4582",0.12
"4583",0.118333333333333
"4584",0.118333333333333
"4585",0.118333333333333
"4586",0.118333333333333
"4587",0.12
"4588",0.118333333333333
"4589",0.118333333333333
"4590",0.118333333333333
"4591",0.118333333333333
"4592",0.118333333333333
"4593",0.118333333333333
"4594",0.118333333333333
"4595",0.118333333333333
"4596",0.118333333333333
"4597",0.118333333333333
"4598",0.118333333333333
"4599",0.118333333333333
"4600",0.116666666666667
"4601",0.118333333333333
"4602",0.118333333333333
"4603",0.118333333333333
"4604",0.118333333333333
"4605",0.118333333333333
"4606",0.118333333333333
"4607",0.118333333333333
"4608",0.118333333333333
"4609",0.118333333333333
"4610",0.118333333333333
"4611",0.118333333333333
"4612",0.118333333333333
"4613",0.118333333333333
"4614",0.118333333333333
"4615",0.118333333333333
"4616",0.118333333333333
"4617",0.118333333333333
"4618",0.118333333333333
"4619",0.118333333333333
"4620",0.118333333333333
"4621",0.118333333333333
"4622",0.118333333333333
"4623",0.12
"4624",0.118333333333333
"4625",0.118333333333333
"4626",0.118333333333333
"4627",0.118333333333333
"4628",0.118333333333333
"4629",0.118333333333333
"4630",0.116666666666667
"4631",0.118333333333333
"4632",0.118333333333333
"4633",0.118333333333333
"4634",0.12
"4635",0.118333333333333
"4636",0.118333333333333
"4637",0.116666666666667
"4638",0.118333333333333
"4639",0.116666666666667
"4640",0.118333333333333
"4641",0.118333333333333
"4642",0.118333333333333
"4643",0.118333333333333
"4644",0.118333333333333
"4645",0.116666666666667
"4646",0.116666666666667
"4647",0.116666666666667
"4648",0.118333333333333
"4649",0.118333333333333
"4650",0.118333333333333
"4651",0.118333333333333
"4652",0.118333333333333
"4653",0.118333333333333
"4654",0.118333333333333
"4655",0.0583333333333333
"4656",0.0533333333333333
"4657",0.0533333333333333
"4658",0.0533333333333333
"4659",0.0533333333333333
"4660",0.0516666666666667
"4661",0.0533333333333333
"4662",0.1
"4663",0.1
"4664",0.101666666666667
"4665",0.103333333333333
"4666",0.101666666666667
"4667",0.103333333333333
"4668",0.103333333333333
"4669",0.101666666666667
"4670",0.101666666666667
"4671",0.1
"4672",0.101666666666667
"4673",0.103333333333333
"4674",0.1
"4675",0.103333333333333
"4676",0.103333333333333
"4677",0.105
"4678",0.101666666666667
"4679",0.101666666666667
"4680",0.108333333333333
"4681",0.0916666666666667
"4682",0.12
"4683",0.116666666666667
"4684",0.118333333333333
"4685",0.118333333333333
"4686",0.118333333333333
"4687",0.118333333333333
"4688",0.118333333333333
"4689",0.118333333333333
"4690",0.118333333333333
"4691",0.12
"4692",0.116666666666667
"4693",0.118333333333333
"4694",0.118333333333333
"4695",0.118333333333333
"4696",0.118333333333333
"4697",0.118333333333333
"4698",0.118333333333333
"4699",0.118333333333333
"4700",0.121666666666667
"4701",0.118333333333333
"4702",0.118333333333333
"4703",0.118333333333333
"4704",0.118333333333333
"4705",0.116666666666667
"4706",0.118333333333333
"4707",0.118333333333333
"4708",0.118333333333333
"4709",0.118333333333333
"4710",0.118333333333333
"4711",0.12
"4712",0.118333333333333
"4713",0.118333333333333
"4714",0.118333333333333
"4715",0.118333333333333
"4716",0.118333333333333
"4717",0.118333333333333
"4718",0.118333333333333
"4719",0.118333333333333
"4720",0.118333333333333
"4721",0.118333333333333
"4722",0.12
"4723",0.118333333333333
"4724",0.118333333333333
"4725",0.118333333333333
"4726",0.118333333333333
"4727",0.118333333333333
"4728",0.118333333333333
"4729",0.118333333333333
"4730",0.12
"4731",0.118333333333333
"4732",0.118333333333333
"4733",0.118333333333333
"4734",0.12
"4735",0.118333333333333
"4736",0.118333333333333
"4737",0.118333333333333
"4738",0.118333333333333
"4739",0.118333333333333
"4740",0.118333333333333
"4741",0.118333333333333
"4742",0.118333333333333
"4743",0.118333333333333
"4744",0.118333333333333
"4745",0.118333333333333
"4746",0.118333333333333
"4747",0.118333333333333
"4748",0.118333333333333
"4749",0.118333333333333
"4750",0.118333333333333
"4751",0.118333333333333
"4752",0.118333333333333
"4753",0.0666666666666667
"4754",0.12
"4755",0.128333333333333
"4756",0.118333333333333
"4757",0.115
"4758",0.0583333333333333
"4759",0.0583333333333333
"4760",0.116666666666667
"4761",0.118333333333333
"4762",0.1
"4763",0.0983333333333333
"4764",0.1
"4765",0.06
"4766",0.06
"4767",0.0633333333333333
"4768",0.111666666666667
"4769",0.05
"4770",0.0466666666666667
"4771",0.065
"4772",0.0533333333333333
"4773",0.05
"4774",0.0483333333333333
"4775",0.065
"4776",0.0483333333333333
"4777",0.065
"4778",0.0533333333333333
"4779",0.0483333333333333
"4780",0.05
"4781",0.065
"4782",0.0466666666666667
"4783",0.065
"4784",0.05
"4785",0.06
"4786",0.0666666666666667
"4787",0.065
"4788",0.0483333333333333
"4789",0.0466666666666667
"4790",0.0466666666666667
"4791",0.0466666666666667
"4792",0.0533333333333333
"4793",0.065
"4794",0.0483333333333333
"4795",0.05
"4796",0.0533333333333333
"4797",0.065
"4798",0.05
"4799",0.0483333333333333
"4800",0.05
"4801",0.065
"4802",0.065
"4803",0.0466666666666667
"4804",0.05
"4805",0.0483333333333333
"4806",0.065
"4807",0.065
"4808",0.0466666666666667
"4809",0.0483333333333333
"4810",0.0533333333333333
"4811",0.0483333333333333
"4812",0.0533333333333333
"4813",0.0466666666666667
"4814",0.065
"4815",0.0466666666666667
"4816",0.05
"4817",0.0516666666666667
"4818",0.0516666666666667
"4819",0.0516666666666667
"4820",0.0516666666666667
"4821",0.0516666666666667
"4822",0.05
"4823",0.0533333333333333
"4824",0.0516666666666667
"4825",0.1
"4826",0.106666666666667
"4827",0.113333333333333
"4828",0.11
"4829",0.11
"4830",0.11
"4831",0.11
"4832",0.11
"4833",0.11
"4834",0.111666666666667
"4835",0.11
"4836",0.11
"4837",0.11
"4838",0.11
"4839",0.11
"4840",0.111666666666667
"4841",0.11
"4842",0.111666666666667
"4843",0.108333333333333
"4844",0.11
"4845",0.11
"4846",0.11
"4847",0.11
"4848",0.11
"4849",0.11
"4850",0.11
"4851",0.11
"4852",0.11
"4853",0.11
"4854",0.11
"4855",0.11
"4856",0.11
"4857",0.11
"4858",0.11
"4859",0.11
"4860",0.111666666666667
"4861",0.11
"4862",0.11
"4863",0.111666666666667
"4864",0.11
"4865",0.11
"4866",0.11
"4867",0.11
"4868",0.11
"4869",0.101666666666667
"4870",0.103333333333333
"4871",0.101666666666667
"4872",0.103333333333333
"4873",0.101666666666667
"4874",0.103333333333333
"4875",0.101666666666667
"4876",0.0916666666666667
"4877",0.125
"4878",0.128333333333333
"4879",0.0916666666666667
"4880",0.0916666666666667
"4881",0.0916666666666667
"4882",0.0916666666666667
"4883",0.09
"4884",0.113333333333333
"4885",0.09
"4886",0.09
"4887",0.09
"4888",0.0933333333333333
"4889",0.09
"4890",0.0883333333333333
"4891",0.095
"4892",0.09
"4893",0.09
"4894",0.09
"4895",0.09
"4896",0.09
"4897",0.0916666666666667
"4898",0.09
"4899",0.09
"4900",0.09
"4901",0.09
"4902",0.09
"4903",0.09
"4904",0.09
"4905",0.0883333333333333
"4906",0.09
"4907",0.09
"4908",0.09
"4909",0.0916666666666667
"4910",0.09
"4911",0.09
"4912",0.0883333333333333
"4913",0.09
"4914",0.09
"4915",0.09
"4916",0.09
"4917",0.0933333333333333
"4918",0.09
"4919",0.09
"4920",0.09
"4921",0.09
"4922",0.09
"4923",0.09
"4924",0.09
"4925",0.09
"4926",0.0916666666666667
"4927",0.0933333333333333
"4928",0.095
"4929",0.09
"4930",0.09
"4931",0.09
"4932",0.09
"4933",0.09
"4934",0.113333333333333
"4935",0.0833333333333333
"4936",0.0933333333333333
"4937",0.0933333333333333
"4938",0.0833333333333333
"4939",0.0916666666666667
"4940",0.0916666666666667
"4941",0.0833333333333333
"4942",0.0916666666666667
"4943",0.095
"4944",0.095
"4945",0.095
"4946",0.095
"4947",0.095
"4948",0.0916666666666667
"4949",0.0916666666666667
"4950",0.0966666666666667
"4951",0.095
"4952",0.0916666666666667
"4953",0.095
"4954",0.0916666666666667
"4955",0.0916666666666667
"4956",0.095
"4957",0.095
"4958",0.0933333333333333
"4959",0.095
"4960",0.095
"4961",0.095
"4962",0.0516666666666667
"4963",0.103333333333333
"4964",0.101666666666667
"4965",0.101666666666667
"4966",0.101666666666667
"4967",0.101666666666667
"4968",0.11
"4969",0.12
"4970",0.12
"4971",0.12
"4972",0.118333333333333
"4973",0.118333333333333
"4974",0.118333333333333
"4975",0.116666666666667
"4976",0.118333333333333
"4977",0.118333333333333
"4978",0.118333333333333
"4979",0.118333333333333
"4980",0.12
"4981",0.118333333333333
"4982",0.12
"4983",0.118333333333333
"4984",0.116666666666667
"4985",0.118333333333333
"4986",0.118333333333333
"4987",0.12
"4988",0.12
"4989",0.116666666666667
"4990",0.118333333333333
"4991",0.121666666666667
"4992",0.118333333333333
"4993",0.118333333333333
"4994",0.118333333333333
"4995",0.12
"4996",0.118333333333333
"4997",0.118333333333333
"4998",0.121666666666667
"4999",0.116666666666667
"5000",0.118333333333333
"5001",0.12
"5002",0.118333333333333
"5003",0.118333333333333
"5004",0.118333333333333
"5005",0.118333333333333
"5006",0.118333333333333
"5007",0.118333333333333
"5008",0.116666666666667
"5009",0.116666666666667
"5010",0.118333333333333
"5011",0.118333333333333
"5012",0.118333333333333
"5013",0.12
"5014",0.121666666666667
"5015",0.123333333333333
"5016",0.121666666666667
"5017",0.123333333333333
"5018",0.123333333333333
"5019",0.121666666666667
"5020",0.123333333333333
"5021",0.123333333333333
"5022",0.123333333333333
"5023",0.121666666666667
"5024",0.123333333333333
"5025",0.09
"5026",0.0933333333333333
"5027",0.0916666666666667
"5028",0.0933333333333333
"5029",0.113333333333333
"5030",0.108333333333333
"5031",0.133333333333333
"5032",0.131666666666667
"5033",0.131666666666667
"5034",0.135
"5035",0.13
"5036",0.131666666666667
"5037",0.133333333333333
"5038",0.133333333333333
"5039",0.133333333333333
"5040",0.131666666666667
"5041",0.133333333333333
"5042",0.131666666666667
"5043",0.133333333333333
"5044",0.131666666666667
"5045",0.133333333333333
"5046",0.133333333333333
"5047",0.133333333333333
"5048",0.135
"5049",0.131666666666667
"5050",0.131666666666667
"5051",0.133333333333333
"5052",0.131666666666667
"5053",0.128333333333333
"5054",0.131666666666667
"5055",0.131666666666667
"5056",0.131666666666667
"5057",0.13
"5058",0.133333333333333
"5059",0.131666666666667
"5060",0.133333333333333
"5061",0.133333333333333
"5062",0.131666666666667
"5063",0.133333333333333
"5064",0.131666666666667
"5065",0.133333333333333
"5066",0.133333333333333
"5067",0.13
"5068",0.133333333333333
"5069",0.131666666666667
"5070",0.131666666666667
"5071",0.131666666666667
"5072",0.133333333333333
"5073",0.133333333333333
"5074",0.133333333333333
"5075",0.135
"5076",0.13
"5077",0.131666666666667
"5078",0.13
"5079",0.131666666666667
"5080",0.133333333333333
"5081",0.131666666666667
"5082",0.131666666666667
"5083",0.131666666666667
"5084",0.133333333333333
"5085",0.131666666666667
"5086",0.131666666666667
"5087",0.131666666666667
"5088",0.133333333333333
"5089",0.133333333333333
"5090",0.133333333333333
"5091",0.13
"5092",0.133333333333333
"5093",0.131666666666667
"5094",0.133333333333333
"5095",0.133333333333333
"5096",0.131666666666667
"5097",0.131666666666667
"5098",0.133333333333333
"5099",0.133333333333333
"5100",0.131666666666667
"5101",0.131666666666667
"5102",0.131666666666667
"5103",0.131666666666667
"5104",0.133333333333333
"5105",0.13
"5106",0.135
"5107",0.116666666666667
"5108",0.108333333333333
"5109",0.106666666666667
"5110",0.0883333333333333
"5111",0.0916666666666667
"5112",0.11
"5113",0.11
"5114",0.11
"5115",0.11
"5116",0.111666666666667
"5117",0.106666666666667
"5118",0.108333333333333
"5119",0.111666666666667
"5120",0.11
"5121",0.11
"5122",0.106666666666667
"5123",0.11
"5124",0.11
"5125",0.11
"5126",0.11
"5127",0.11
"5128",0.106666666666667
"5129",0.0983333333333333
"5130",0.0983333333333333
"5131",0.0983333333333333
"5132",0.0983333333333333
"5133",0.0983333333333333
"5134",0.0983333333333333
"5135",0.0983333333333333
"5136",0.0983333333333333
"5137",0.1
"5138",0.11
"5139",0.111666666666667
"5140",0.111666666666667
"5141",0.085
"5142",0.085
"5143",0.0833333333333333
"5144",0.085
"5145",0.085
"5146",0.085
"5147",0.085
"5148",0.085
"5149",0.085
"5150",0.085
"5151",0.0866666666666667
"5152",0.085
"5153",0.085
"5154",0.0866666666666667
"5155",0.085
"5156",0.085
"5157",0.085
"5158",0.085
"5159",0.085
"5160",0.085
"5161",0.085
"5162",0.085
"5163",0.085
"5164",0.085
"5165",0.085
"5166",0.085
"5167",0.0866666666666667
"5168",0.085
"5169",0.0866666666666667
"5170",0.085
"5171",0.085
"5172",0.085
"5173",0.085
"5174",0.085
"5175",0.085
"5176",0.0866666666666667
"5177",0.085
"5178",0.085
"5179",0.0866666666666667
"5180",0.085
"5181",0.085
"5182",0.085
"5183",0.085
"5184",0.085
"5185",0.085
"5186",0.085
"5187",0.085
"5188",0.0866666666666667
"5189",0.0866666666666667
"5190",0.0866666666666667
"5191",0.085
"5192",0.085
"5193",0.085
"5194",0.0833333333333333
"5195",0.085
"5196",0.085
"5197",0.085
"5198",0.0866666666666667
"5199",0.085
"5200",0.085
"5201",0.085
"5202",0.085
"5203",0.085
"5204",0.085
"5205",0.085
"5206",0.085
"5207",0.085
"5208",0.085
"5209",0.0866666666666667
"5210",0.085
"5211",0.085
"5212",0.085
"5213",0.085
"5214",0.085
"5215",0.085
"5216",0.085
"5217",0.085
"5218",0.085
"5219",0.085
"5220",0.085
"5221",0.0866666666666667
"5222",0.085
"5223",0.085
"5224",0.085
"5225",0.085
"5226",0.085
"5227",0.085
"5228",0.085
"5229",0.0866666666666667
"5230",0.085
"5231",0.085
"5232",0.085
"5233",0.085
"5234",0.085
"5235",0.085
"5236",0.0866666666666667
"5237",0.085
"5238",0.0866666666666667
"5239",0.085
"5240",0.085
"5241",0.0866666666666667
"5242",0.085
"5243",0.085
"5244",0.085
"5245",0.085
"5246",0.085
"5247",0.085
"5248",0.085
"5249",0.085
"5250",0.085
"5251",0.085
"5252",0.0833333333333333
"5253",0.085
"5254",0.085
"5255",0.085
"5256",0.085
"5257",0.085
"5258",0.085
"5259",0.085
"5260",0.085
"5261",0.085
"5262",0.085
"5263",0.085
"5264",0.085
"5265",0.0866666666666667
"5266",0.085
"5267",0.085
"5268",0.0866666666666667
"5269",0.085
"5270",0.085
"5271",0.085
"5272",0.085
"5273",0.0866666666666667
"5274",0.085
"5275",0.0866666666666667
"5276",0.085
"5277",0.0866666666666667
"5278",0.085
"5279",0.085
"5280",0.085
"5281",0.085
"5282",0.085
"5283",0.085
"5284",0.085
"5285",0.085
"5286",0.0866666666666667
"5287",0.085
"5288",0.085
"5289",0.0866666666666667
"5290",0.085
"5291",0.085
"5292",0.0883333333333333
"5293",0.085
"5294",0.085
"5295",0.085
"5296",0.085
"5297",0.085
"5298",0.085
"5299",0.0866666666666667
"5300",0.085
"5301",0.085
"5302",0.085
"5303",0.085
"5304",0.085
"5305",0.085
"5306",0.085
"5307",0.085
"5308",0.085
"5309",0.0866666666666667
"5310",0.085
"5311",0.0866666666666667
"5312",0.0833333333333333
"5313",0.085
"5314",0.085
"5315",0.085
"5316",0.085
"5317",0.085
"5318",0.085
"5319",0.085
"5320",0.0866666666666667
"5321",0.0866666666666667
"5322",0.085
"5323",0.085
"5324",0.085
"5325",0.085
"5326",0.085
"5327",0.0866666666666667
"5328",0.085
"5329",0.0833333333333333
"5330",0.0833333333333333
"5331",0.085
"5332",0.085
"5333",0.085
"5334",0.085
"5335",0.085
"5336",0.0866666666666667
"5337",0.0866666666666667
"5338",0.0866666666666667
"5339",0.085
"5340",0.085
"5341",0.0833333333333333
"5342",0.085
"5343",0.085
"5344",0.0866666666666667
"5345",0.085
"5346",0.085
"5347",0.0866666666666667
"5348",0.085
"5349",0.085
"5350",0.085
"5351",0.0866666666666667
"5352",0.085
"5353",0.085
"5354",0.085
"5355",0.085
"5356",0.085
"5357",0.085
"5358",0.085
"5359",0.085
"5360",0.085
"5361",0.0866666666666667
"5362",0.085
"5363",0.085
"5364",0.085
"5365",0.085
"5366",0.085
"5367",0.0866666666666667
"5368",0.0866666666666667
"5369",0.0866666666666667
"5370",0.085
"5371",0.085
"5372",0.085
"5373",0.085
"5374",0.085
"5375",0.085
"5376",0.085
"5377",0.085
"5378",0.0866666666666667
"5379",0.085
"5380",0.085
"5381",0.085
"5382",0.085
"5383",0.085
"5384",0.085
"5385",0.085
"5386",0.085
"5387",0.085
"5388",0.085
"5389",0.0866666666666667
"5390",0.085
"5391",0.0866666666666667
"5392",0.085
"5393",0.085
"5394",0.085
"5395",0.0833333333333333
"5396",0.0833333333333333
"5397",0.085
"5398",0.085
"5399",0.085
"5400",0.085
"5401",0.0866666666666667
"5402",0.085
"5403",0.085
"5404",0.085
"5405",0.085
"5406",0.085
"5407",0.0833333333333333
"5408",0.085
"5409",0.085
"5410",0.085
"5411",0.085
"5412",0.085
"5413",0.085
"5414",0.085
"5415",0.085
"5416",0.085
"5417",0.085
"5418",0.085
"5419",0.085
"5420",0.0866666666666667
"5421",0.085
"5422",0.085
"5423",0.085
"5424",0.085
"5425",0.085
"5426",0.085
"5427",0.0866666666666667
"5428",0.085
"5429",0.085
"5430",0.085
"5431",0.085
"5432",0.085
"5433",0.085
"5434",0.0833333333333333
"5435",0.0866666666666667
"5436",0.085
"5437",0.085
"5438",0.085
"5439",0.0833333333333333
"5440",0.085
"5441",0.085
"5442",0.085
"5443",0.085
"5444",0.085
"5445",0.085
"5446",0.085
"5447",0.085
"5448",0.0866666666666667
"5449",0.085
"5450",0.085
"5451",0.085
"5452",0.085
"5453",0.085
"5454",0.085
"5455",0.0866666666666667
"5456",0.085
"5457",0.085
"5458",0.085
"5459",0.085
"5460",0.085
"5461",0.085
"5462",0.0866666666666667
"5463",0.0866666666666667
"5464",0.0866666666666667
"5465",0.085
"5466",0.085
"5467",0.085
"5468",0.085
"5469",0.0866666666666667
"5470",0.085
"5471",0.085
"5472",0.085
"5473",0.085
"5474",0.085
"5475",0.085
"5476",0.085
"5477",0.085
"5478",0.085
"5479",0.0866666666666667
"5480",0.085
"5481",0.085
"5482",0.085
"5483",0.085
"5484",0.085
"5485",0.085
"5486",0.085
"5487",0.085
"5488",0.085
"5489",0.085
"5490",0.085
"5491",0.085
"5492",0.085
"5493",0.085
"5494",0.085
"5495",0.085
"5496",0.085
"5497",0.085
"5498",0.085
"5499",0.085
"5500",0.085
"5501",0.0833333333333333
"5502",0.0866666666666667
"5503",0.0866666666666667
"5504",0.0866666666666667
"5505",0.0866666666666667
"5506",0.0866666666666667
"5507",0.085
"5508",0.085
"5509",0.085
"5510",0.085
"5511",0.0866666666666667
"5512",0.085
"5513",0.085
"5514",0.085
"5515",0.085
"5516",0.085
"5517",0.085
"5518",0.085
"5519",0.085
"5520",0.085
"5521",0.085
"5522",0.0866666666666667
"5523",0.0866666666666667
"5524",0.085
"5525",0.085
"5526",0.085
"5527",0.0833333333333333
"5528",0.085
"5529",0.085
"5530",0.085
"5531",0.085
"5532",0.085
"5533",0.085
"5534",0.085
"5535",0.085
"5536",0.085
"5537",0.0866666666666667
"5538",0.085
"5539",0.0866666666666667
"5540",0.085
"5541",0.085
"5542",0.085
"5543",0.085
"5544",0.085
"5545",0.0866666666666667
"5546",0.0866666666666667
"5547",0.085
"5548",0.085
"5549",0.085
"5550",0.085
"5551",0.085
"5552",0.0866666666666667
"5553",0.0866666666666667
"5554",0.0866666666666667
"5555",0.0866666666666667
"5556",0.085
"5557",0.085
"5558",0.085
"5559",0.0866666666666667
"5560",0.085
"5561",0.0866666666666667
"5562",0.085
"5563",0.085
"5564",0.0866666666666667
"5565",0.0866666666666667
"5566",0.0866666666666667
"5567",0.0866666666666667
"5568",0.0866666666666667
"5569",0.085
"5570",0.085
"5571",0.085
"5572",0.085
"5573",0.085
"5574",0.085
"5575",0.085
"5576",0.085
"5577",0.0866666666666667
"5578",0.085
"5579",0.0866666666666667
"5580",0.085
"5581",0.085
"5582",0.085
"5583",0.085
"5584",0.0866666666666667
"5585",0.085
"5586",0.0866666666666667
"5587",0.0866666666666667
"5588",0.085
"5589",0.085
"5590",0.085
"5591",0.085
"5592",0.06
"5593",0.065
"5594",0.0666666666666667
"5595",0.065
"5596",0.0633333333333333
"5597",0.065
"5598",0.0666666666666667
"5599",0.0666666666666667
"5600",0.0633333333333333
"5601",0.0683333333333333
"5602",0.0666666666666667
"5603",0.0616666666666667
"5604",0.0666666666666667
"5605",0.065
"5606",0.0666666666666667
"5607",0.065
"5608",0.0466666666666667
"5609",0.0466666666666667
"5610",0.0483333333333333
