"","x"
"1",0.116666666666667
"2",0.116666666666667
"3",0.116666666666667
"4",0.116666666666667
"5",0.116666666666667
"6",0.116666666666667
"7",0.116666666666667
"8",0.116666666666667
"9",0.116666666666667
"10",0.116666666666667
"11",0.116666666666667
"12",0.116666666666667
"13",0.116666666666667
"14",0.116666666666667
"15",0.113333333333333
"16",0.113333333333333
"17",0.113333333333333
"18",0.113333333333333
"19",0.113333333333333
"20",0.113333333333333
"21",0.113333333333333
"22",0.115
"23",0.115
"24",0.115
"25",0.115
"26",0.115
"27",0.115
"28",0.115
"29",0.115
"30",0.115
"31",0.115
"32",0.115
"33",0.115
"34",0.115
"35",0.115
"36",0.115
"37",0.115
"38",0.115
"39",0.115
"40",0.115
"41",0.115
"42",0.115
"43",0.116666666666667
"44",0.116666666666667
"45",0.116666666666667
"46",0.116666666666667
"47",0.116666666666667
"48",0.116666666666667
"49",0.116666666666667
"50",0.115
"51",0.115
"52",0.115
"53",0.115
"54",0.115
"55",0.115
"56",0.115
"57",0.115
"58",0.115
"59",0.115
"60",0.115
"61",0.115
"62",0.115
"63",0.115
"64",0.116666666666667
"65",0.116666666666667
"66",0.116666666666667
"67",0.116666666666667
"68",0.116666666666667
"69",0.116666666666667
"70",0.116666666666667
"71",0.116666666666667
"72",0.116666666666667
"73",0.116666666666667
"74",0.116666666666667
"75",0.116666666666667
"76",0.116666666666667
"77",0.116666666666667
"78",0.116666666666667
"79",0.116666666666667
"80",0.116666666666667
"81",0.116666666666667
"82",0.116666666666667
"83",0.116666666666667
"84",0.116666666666667
"85",0.116666666666667
"86",0.116666666666667
"87",0.116666666666667
"88",0.116666666666667
"89",0.116666666666667
"90",0.116666666666667
"91",0.116666666666667
"92",0.116666666666667
"93",0.116666666666667
"94",0.116666666666667
"95",0.116666666666667
"96",0.116666666666667
"97",0.116666666666667
"98",0.116666666666667
"99",0.116666666666667
"100",0.116666666666667
"101",0.116666666666667
"102",0.116666666666667
"103",0.116666666666667
"104",0.116666666666667
"105",0.116666666666667
"106",0.116666666666667
"107",0.116666666666667
"108",0.116666666666667
"109",0.116666666666667
"110",0.116666666666667
"111",0.116666666666667
"112",0.116666666666667
"113",0.116666666666667
"114",0.116666666666667
"115",0.116666666666667
"116",0.116666666666667
"117",0.116666666666667
"118",0.116666666666667
"119",0.116666666666667
"120",0.116666666666667
"121",0.116666666666667
"122",0.116666666666667
"123",0.116666666666667
"124",0.116666666666667
"125",0.116666666666667
"126",0.116666666666667
"127",0.116666666666667
"128",0.116666666666667
"129",0.116666666666667
"130",0.116666666666667
"131",0.116666666666667
"132",0.116666666666667
"133",0.116666666666667
"134",0.115
"135",0.115
"136",0.115
"137",0.115
"138",0.115
"139",0.115
"140",0.115
"141",0.116666666666667
"142",0.116666666666667
"143",0.116666666666667
"144",0.116666666666667
"145",0.116666666666667
"146",0.116666666666667
"147",0.116666666666667
"148",0.116666666666667
"149",0.116666666666667
"150",0.116666666666667
"151",0.116666666666667
"152",0.116666666666667
"153",0.116666666666667
"154",0.116666666666667
"155",0.115
"156",0.115
"157",0.115
"158",0.115
"159",0.115
"160",0.115
"161",0.115
"162",0.106666666666667
"163",0.108333333333333
"164",0.106666666666667
"165",0.108333333333333
"166",0.106666666666667
"167",0.108333333333333
"168",0.106666666666667
"169",0.106666666666667
"170",0.108333333333333
"171",0.106666666666667
"172",0.108333333333333
"173",0.106666666666667
"174",0.108333333333333
"175",0.106666666666667
"176",0.106666666666667
"177",0.108333333333333
"178",0.106666666666667
"179",0.108333333333333
"180",0.106666666666667
"181",0.108333333333333
"182",0.106666666666667
"183",0.0933333333333333
"184",0.095
"185",0.0933333333333333
"186",0.095
"187",0.0933333333333333
"188",0.095
"189",0.0933333333333333
"190",0.1
"191",0.101666666666667
"192",0.1
"193",0.101666666666667
"194",0.1
"195",0.101666666666667
"196",0.1
"197",0.08
"198",0.0816666666666667
"199",0.08
"200",0.0816666666666667
"201",0.08
"202",0.0816666666666667
"203",0.08
"204",0.0816666666666667
"205",0.0833333333333333
"206",0.0816666666666667
"207",0.0833333333333333
"208",0.0816666666666667
"209",0.0833333333333333
"210",0.0816666666666667
"211",0.105
"212",0.105
"213",0.105
"214",0.105
"215",0.105
"216",0.105
"217",0.105
"218",0.0966666666666667
"219",0.0983333333333333
"220",0.0966666666666667
"221",0.0983333333333333
"222",0.0966666666666667
"223",0.0983333333333333
"224",0.0966666666666667
"225",0.0933333333333333
"226",0.095
"227",0.0933333333333333
"228",0.095
"229",0.0933333333333333
"230",0.095
"231",0.0933333333333333
"232",0.09
"233",0.0916666666666667
"234",0.09
"235",0.0916666666666667
"236",0.09
"237",0.0916666666666667
"238",0.09
"239",0.09
"240",0.0916666666666667
"241",0.09
"242",0.0916666666666667
"243",0.09
"244",0.0916666666666667
"245",0.09
"246",0.0916666666666667
"247",0.0933333333333333
"248",0.0916666666666667
"249",0.0933333333333333
"250",0.0916666666666667
"251",0.0933333333333333
"252",0.0916666666666667
"253",0.09
"254",0.0916666666666667
"255",0.09
"256",0.0916666666666667
"257",0.09
"258",0.0916666666666667
"259",0.09
"260",0.0916666666666667
"261",0.0933333333333333
"262",0.0916666666666667
"263",0.0933333333333333
"264",0.0916666666666667
"265",0.0933333333333333
"266",0.0916666666666667
"267",0.09
"268",0.0916666666666667
"269",0.09
"270",0.0916666666666667
"271",0.09
"272",0.0916666666666667
"273",0.09
"274",0.0883333333333333
"275",0.09
"276",0.0883333333333333
"277",0.09
"278",0.0883333333333333
"279",0.09
"280",0.0883333333333333
"281",0.0933333333333333
"282",0.095
"283",0.0933333333333333
"284",0.095
"285",0.0933333333333333
"286",0.095
"287",0.0933333333333333
"288",0.09
"289",0.0916666666666667
"290",0.09
"291",0.0916666666666667
"292",0.09
"293",0.0916666666666667
"294",0.09
"295",0.11
"296",0.111666666666667
"297",0.11
"298",0.111666666666667
"299",0.11
"300",0.111666666666667
"301",0.11
"302",0.11
"303",0.111666666666667
"304",0.11
"305",0.111666666666667
"306",0.11
"307",0.111666666666667
"308",0.11
"309",0.111666666666667
"310",0.113333333333333
"311",0.111666666666667
"312",0.113333333333333
"313",0.111666666666667
"314",0.113333333333333
"315",0.111666666666667
"316",0.1
"317",0.101666666666667
"318",0.1
"319",0.101666666666667
"320",0.1
"321",0.101666666666667
"322",0.1
"323",0.101666666666667
"324",0.103333333333333
"325",0.101666666666667
"326",0.103333333333333
"327",0.101666666666667
"328",0.103333333333333
"329",0.101666666666667
"330",0.1
"331",0.101666666666667
"332",0.1
"333",0.101666666666667
"334",0.1
"335",0.101666666666667
"336",0.1
"337",0.105
"338",0.106666666666667
"339",0.105
"340",0.106666666666667
"341",0.105
"342",0.106666666666667
"343",0.105
"344",0.105
"345",0.106666666666667
"346",0.105
"347",0.106666666666667
"348",0.105
"349",0.106666666666667
"350",0.105
"351",0.103333333333333
"352",0.103333333333333
"353",0.103333333333333
"354",0.103333333333333
"355",0.103333333333333
"356",0.103333333333333
"357",0.103333333333333
"358",0.103333333333333
"359",0.103333333333333
"360",0.103333333333333
"361",0.103333333333333
"362",0.103333333333333
"363",0.103333333333333
"364",0.103333333333333
"365",0.103333333333333
"366",0.103333333333333
"367",0.103333333333333
"368",0.103333333333333
"369",0.103333333333333
"370",0.103333333333333
"371",0.103333333333333
"372",0.105
"373",0.106666666666667
"374",0.105
"375",0.106666666666667
"376",0.105
"377",0.106666666666667
"378",0.105
"379",0.103333333333333
"380",0.103333333333333
"381",0.103333333333333
"382",0.103333333333333
"383",0.103333333333333
"384",0.103333333333333
"385",0.103333333333333
"386",0.103333333333333
"387",0.103333333333333
"388",0.103333333333333
"389",0.103333333333333
"390",0.103333333333333
"391",0.103333333333333
"392",0.103333333333333
"393",0.101666666666667
"394",0.101666666666667
"395",0.101666666666667
"396",0.101666666666667
"397",0.101666666666667
"398",0.101666666666667
"399",0.101666666666667
"400",0.105
"401",0.106666666666667
"402",0.105
"403",0.106666666666667
"404",0.105
"405",0.106666666666667
"406",0.105
"407",0.105
"408",0.105
"409",0.105
"410",0.105
"411",0.105
"412",0.105
"413",0.105
"414",0.103333333333333
"415",0.103333333333333
"416",0.103333333333333
"417",0.103333333333333
"418",0.103333333333333
"419",0.103333333333333
"420",0.103333333333333
"421",0.105
"422",0.106666666666667
"423",0.105
"424",0.106666666666667
"425",0.105
"426",0.106666666666667
"427",0.105
"428",0.105
"429",0.106666666666667
"430",0.105
"431",0.106666666666667
"432",0.105
"433",0.106666666666667
"434",0.105
"435",0.103333333333333
"436",0.103333333333333
"437",0.103333333333333
"438",0.103333333333333
"439",0.103333333333333
"440",0.103333333333333
"441",0.103333333333333
"442",0.105
"443",0.106666666666667
"444",0.105
"445",0.106666666666667
"446",0.105
"447",0.106666666666667
"448",0.105
"449",0.105
"450",0.106666666666667
"451",0.105
"452",0.106666666666667
"453",0.105
"454",0.106666666666667
"455",0.105
"456",0.103333333333333
"457",0.103333333333333
"458",0.103333333333333
"459",0.103333333333333
"460",0.103333333333333
"461",0.103333333333333
"462",0.103333333333333
"463",0.103333333333333
"464",0.103333333333333
"465",0.103333333333333
"466",0.103333333333333
"467",0.103333333333333
"468",0.103333333333333
"469",0.103333333333333
"470",0.105
"471",0.106666666666667
"472",0.105
"473",0.106666666666667
"474",0.105
"475",0.106666666666667
"476",0.105
"477",0.103333333333333
"478",0.103333333333333
"479",0.103333333333333
"480",0.103333333333333
"481",0.103333333333333
"482",0.103333333333333
"483",0.103333333333333
"484",0.105
"485",0.105
"486",0.105
"487",0.105
"488",0.105
"489",0.105
"490",0.105
"491",0.103333333333333
"492",0.103333333333333
"493",0.103333333333333
"494",0.103333333333333
"495",0.103333333333333
"496",0.103333333333333
"497",0.103333333333333
"498",0.105
"499",0.105
"500",0.105
"501",0.105
"502",0.105
"503",0.105
"504",0.105
"505",0.101666666666667
"506",0.101666666666667
"507",0.101666666666667
"508",0.101666666666667
"509",0.101666666666667
"510",0.101666666666667
"511",0.101666666666667
"512",0.105
"513",0.106666666666667
"514",0.105
"515",0.106666666666667
"516",0.105
"517",0.106666666666667
"518",0.105
"519",0.103333333333333
"520",0.103333333333333
"521",0.103333333333333
"522",0.103333333333333
"523",0.103333333333333
"524",0.103333333333333
"525",0.103333333333333
"526",0.105
"527",0.106666666666667
"528",0.105
"529",0.106666666666667
"530",0.105
"531",0.106666666666667
"532",0.105
"533",0.105
"534",0.106666666666667
"535",0.105
"536",0.106666666666667
"537",0.105
"538",0.106666666666667
"539",0.105
"540",0.103333333333333
"541",0.103333333333333
"542",0.103333333333333
"543",0.103333333333333
"544",0.103333333333333
"545",0.103333333333333
"546",0.103333333333333
"547",0.106666666666667
"548",0.108333333333333
"549",0.106666666666667
"550",0.108333333333333
"551",0.106666666666667
"552",0.108333333333333
"553",0.106666666666667
"554",0.106666666666667
"555",0.108333333333333
"556",0.106666666666667
"557",0.108333333333333
"558",0.106666666666667
"559",0.108333333333333
"560",0.106666666666667
"561",0.106666666666667
"562",0.108333333333333
"563",0.106666666666667
"564",0.108333333333333
"565",0.106666666666667
"566",0.108333333333333
"567",0.106666666666667
"568",0.0966666666666667
"569",0.0966666666666667
"570",0.0966666666666667
"571",0.0966666666666667
"572",0.0966666666666667
"573",0.0966666666666667
"574",0.0966666666666667
"575",0.0966666666666667
"576",0.0966666666666667
"577",0.0966666666666667
"578",0.0966666666666667
"579",0.0966666666666667
"580",0.0966666666666667
"581",0.0966666666666667
"582",0.0966666666666667
"583",0.0966666666666667
"584",0.0966666666666667
"585",0.0966666666666667
"586",0.0966666666666667
"587",0.0966666666666667
"588",0.0966666666666667
"589",0.0966666666666667
"590",0.0966666666666667
"591",0.0966666666666667
"592",0.0966666666666667
"593",0.0966666666666667
"594",0.0966666666666667
"595",0.0966666666666667
"596",0.0966666666666667
"597",0.0966666666666667
"598",0.0966666666666667
"599",0.0966666666666667
"600",0.0966666666666667
"601",0.0966666666666667
"602",0.0966666666666667
"603",0.0966666666666667
"604",0.0966666666666667
"605",0.0966666666666667
"606",0.0966666666666667
"607",0.0966666666666667
"608",0.0966666666666667
"609",0.0966666666666667
"610",0.0966666666666667
"611",0.0966666666666667
"612",0.0966666666666667
"613",0.0966666666666667
"614",0.0966666666666667
"615",0.0966666666666667
"616",0.0966666666666667
"617",0.0966666666666667
"618",0.0966666666666667
"619",0.0966666666666667
"620",0.0966666666666667
"621",0.0966666666666667
"622",0.0966666666666667
"623",0.0966666666666667
"624",0.0966666666666667
"625",0.0966666666666667
"626",0.0966666666666667
"627",0.0966666666666667
"628",0.0966666666666667
"629",0.0966666666666667
"630",0.0966666666666667
"631",0.0966666666666667
"632",0.0966666666666667
"633",0.0966666666666667
"634",0.0966666666666667
"635",0.0966666666666667
"636",0.0966666666666667
"637",0.0966666666666667
"638",0.0966666666666667
"639",0.0966666666666667
"640",0.0966666666666667
"641",0.0966666666666667
"642",0.0966666666666667
"643",0.0966666666666667
"644",0.0966666666666667
"645",0.0966666666666667
"646",0.0966666666666667
"647",0.0966666666666667
"648",0.0966666666666667
"649",0.0966666666666667
"650",0.0966666666666667
"651",0.0966666666666667
"652",0.0966666666666667
"653",0.0966666666666667
"654",0.0966666666666667
"655",0.0966666666666667
"656",0.0966666666666667
"657",0.0966666666666667
"658",0.0966666666666667
"659",0.0966666666666667
"660",0.0966666666666667
"661",0.0966666666666667
"662",0.0966666666666667
"663",0.0966666666666667
"664",0.0966666666666667
"665",0.0966666666666667
"666",0.0966666666666667
"667",0.0966666666666667
"668",0.0966666666666667
"669",0.0966666666666667
"670",0.0966666666666667
"671",0.0966666666666667
"672",0.0966666666666667
"673",0.0966666666666667
"674",0.0966666666666667
"675",0.0966666666666667
"676",0.0966666666666667
"677",0.0966666666666667
"678",0.0966666666666667
"679",0.0966666666666667
"680",0.0966666666666667
"681",0.0966666666666667
"682",0.0966666666666667
"683",0.0966666666666667
"684",0.0966666666666667
"685",0.0966666666666667
"686",0.0966666666666667
"687",0.0983333333333333
"688",0.0983333333333333
"689",0.0983333333333333
"690",0.0983333333333333
"691",0.0983333333333333
"692",0.0983333333333333
"693",0.0983333333333333
"694",0.0983333333333333
"695",0.0983333333333333
"696",0.0983333333333333
"697",0.0983333333333333
"698",0.0983333333333333
"699",0.0983333333333333
"700",0.0983333333333333
"701",0.0966666666666667
"702",0.0966666666666667
"703",0.0966666666666667
"704",0.0966666666666667
"705",0.0966666666666667
"706",0.0966666666666667
"707",0.0966666666666667
"708",0.0966666666666667
"709",0.0966666666666667
"710",0.0966666666666667
"711",0.0966666666666667
"712",0.0966666666666667
"713",0.0966666666666667
"714",0.0966666666666667
"715",0.0966666666666667
"716",0.0966666666666667
"717",0.0966666666666667
"718",0.0966666666666667
"719",0.0966666666666667
"720",0.0966666666666667
"721",0.0966666666666667
"722",0.0966666666666667
"723",0.0966666666666667
"724",0.0966666666666667
"725",0.0966666666666667
"726",0.0966666666666667
"727",0.0966666666666667
"728",0.0966666666666667
"729",0.0966666666666667
"730",0.0966666666666667
"731",0.0966666666666667
"732",0.0966666666666667
"733",0.0966666666666667
"734",0.0966666666666667
"735",0.0966666666666667
"736",0.0966666666666667
"737",0.0966666666666667
"738",0.0966666666666667
"739",0.0966666666666667
"740",0.0966666666666667
"741",0.0966666666666667
"742",0.0966666666666667
"743",0.0983333333333333
"744",0.0983333333333333
"745",0.0983333333333333
"746",0.0983333333333333
"747",0.0983333333333333
"748",0.0983333333333333
"749",0.0983333333333333
"750",0.0966666666666667
"751",0.0966666666666667
"752",0.0966666666666667
"753",0.0966666666666667
"754",0.0966666666666667
"755",0.0966666666666667
"756",0.0966666666666667
"757",0.0966666666666667
"758",0.0966666666666667
"759",0.0966666666666667
"760",0.0966666666666667
"761",0.0966666666666667
"762",0.0966666666666667
"763",0.0966666666666667
"764",0.0966666666666667
"765",0.0966666666666667
"766",0.0966666666666667
"767",0.0966666666666667
"768",0.0966666666666667
"769",0.0966666666666667
"770",0.0966666666666667
"771",0.0966666666666667
"772",0.0966666666666667
"773",0.0966666666666667
"774",0.0966666666666667
"775",0.0966666666666667
"776",0.0966666666666667
"777",0.0966666666666667
"778",0.0966666666666667
"779",0.0966666666666667
"780",0.0966666666666667
"781",0.0966666666666667
"782",0.0966666666666667
"783",0.0966666666666667
"784",0.0966666666666667
"785",0.0966666666666667
"786",0.0966666666666667
"787",0.0966666666666667
"788",0.0966666666666667
"789",0.0966666666666667
"790",0.0966666666666667
"791",0.0966666666666667
"792",0.0966666666666667
"793",0.0966666666666667
"794",0.0966666666666667
"795",0.0966666666666667
"796",0.0966666666666667
"797",0.0966666666666667
"798",0.0966666666666667
"799",0.0966666666666667
"800",0.0966666666666667
"801",0.0966666666666667
"802",0.0966666666666667
"803",0.0966666666666667
"804",0.0966666666666667
"805",0.0966666666666667
"806",0.0966666666666667
"807",0.0966666666666667
"808",0.0966666666666667
"809",0.0966666666666667
"810",0.0966666666666667
"811",0.0966666666666667
"812",0.0966666666666667
"813",0.0966666666666667
"814",0.0966666666666667
"815",0.0966666666666667
"816",0.0966666666666667
"817",0.0966666666666667
"818",0.0966666666666667
"819",0.0966666666666667
"820",0.0966666666666667
"821",0.0966666666666667
"822",0.0966666666666667
"823",0.0966666666666667
"824",0.0966666666666667
"825",0.0966666666666667
"826",0.0966666666666667
"827",0.0983333333333333
"828",0.0983333333333333
"829",0.0983333333333333
"830",0.0983333333333333
"831",0.0983333333333333
"832",0.0983333333333333
"833",0.0983333333333333
"834",0.0966666666666667
"835",0.0966666666666667
"836",0.0966666666666667
"837",0.0966666666666667
"838",0.0966666666666667
"839",0.0966666666666667
"840",0.0966666666666667
"841",0.0966666666666667
"842",0.0966666666666667
"843",0.0966666666666667
"844",0.0966666666666667
"845",0.0966666666666667
"846",0.0966666666666667
"847",0.0966666666666667
"848",0.0966666666666667
"849",0.0966666666666667
"850",0.0966666666666667
"851",0.0966666666666667
"852",0.0966666666666667
"853",0.0966666666666667
"854",0.0966666666666667
"855",0.0983333333333333
"856",0.0983333333333333
"857",0.0983333333333333
"858",0.0983333333333333
"859",0.0983333333333333
"860",0.0983333333333333
"861",0.0983333333333333
"862",0.0966666666666667
"863",0.0966666666666667
"864",0.0966666666666667
"865",0.0966666666666667
"866",0.0966666666666667
"867",0.0966666666666667
"868",0.0966666666666667
"869",0.0966666666666667
"870",0.0966666666666667
"871",0.0966666666666667
"872",0.0966666666666667
"873",0.0966666666666667
"874",0.0966666666666667
"875",0.0966666666666667
"876",0.0966666666666667
"877",0.0966666666666667
"878",0.0966666666666667
"879",0.0966666666666667
"880",0.0966666666666667
"881",0.0966666666666667
"882",0.0966666666666667
"883",0.1
"884",0.1
"885",0.1
"886",0.1
"887",0.1
"888",0.1
"889",0.1
"890",0.0966666666666667
"891",0.0966666666666667
"892",0.0966666666666667
"893",0.0966666666666667
"894",0.0966666666666667
"895",0.0966666666666667
"896",0.0966666666666667
"897",0.0966666666666667
"898",0.0966666666666667
"899",0.0966666666666667
"900",0.0966666666666667
"901",0.0966666666666667
"902",0.0966666666666667
"903",0.0966666666666667
"904",0.0966666666666667
"905",0.0966666666666667
"906",0.0966666666666667
"907",0.0966666666666667
"908",0.0966666666666667
"909",0.0966666666666667
"910",0.0966666666666667
"911",0.0966666666666667
"912",0.0966666666666667
"913",0.0966666666666667
"914",0.0966666666666667
"915",0.0966666666666667
"916",0.0966666666666667
"917",0.0966666666666667
"918",0.0966666666666667
"919",0.0966666666666667
"920",0.0966666666666667
"921",0.0966666666666667
"922",0.0966666666666667
"923",0.0966666666666667
"924",0.0966666666666667
"925",0.0966666666666667
"926",0.0966666666666667
"927",0.0966666666666667
"928",0.0966666666666667
"929",0.0966666666666667
"930",0.0966666666666667
"931",0.0966666666666667
"932",0.0966666666666667
"933",0.0966666666666667
"934",0.0966666666666667
"935",0.0966666666666667
"936",0.0966666666666667
"937",0.0966666666666667
"938",0.0966666666666667
"939",0.0966666666666667
"940",0.0966666666666667
"941",0.0966666666666667
"942",0.0966666666666667
"943",0.0966666666666667
"944",0.0966666666666667
"945",0.0966666666666667
"946",0.0966666666666667
"947",0.0966666666666667
"948",0.0966666666666667
"949",0.0966666666666667
"950",0.0966666666666667
"951",0.0966666666666667
"952",0.0966666666666667
"953",0.0966666666666667
"954",0.0966666666666667
"955",0.0966666666666667
"956",0.0966666666666667
"957",0.0966666666666667
"958",0.0966666666666667
"959",0.0966666666666667
"960",0.0966666666666667
"961",0.0966666666666667
"962",0.0966666666666667
"963",0.0966666666666667
"964",0.0966666666666667
"965",0.0966666666666667
"966",0.0966666666666667
"967",0.0966666666666667
"968",0.0966666666666667
"969",0.0966666666666667
"970",0.0966666666666667
"971",0.0966666666666667
"972",0.0966666666666667
"973",0.0966666666666667
"974",0.0966666666666667
"975",0.0966666666666667
"976",0.0966666666666667
"977",0.0966666666666667
"978",0.0966666666666667
"979",0.0966666666666667
"980",0.0966666666666667
"981",0.0983333333333333
"982",0.0983333333333333
"983",0.0983333333333333
"984",0.0983333333333333
"985",0.0983333333333333
"986",0.0983333333333333
"987",0.0983333333333333
"988",0.0966666666666667
"989",0.0966666666666667
"990",0.0966666666666667
"991",0.0966666666666667
"992",0.0966666666666667
"993",0.0966666666666667
"994",0.0966666666666667
"995",0.0983333333333333
"996",0.0983333333333333
"997",0.0983333333333333
"998",0.0983333333333333
"999",0.0983333333333333
"1000",0.0983333333333333
"1001",0.0983333333333333
"1002",0.0966666666666667
"1003",0.0966666666666667
"1004",0.0966666666666667
"1005",0.0966666666666667
"1006",0.0966666666666667
"1007",0.0966666666666667
"1008",0.0966666666666667
"1009",0.0966666666666667
"1010",0.0966666666666667
"1011",0.0966666666666667
"1012",0.0966666666666667
"1013",0.0966666666666667
"1014",0.0966666666666667
"1015",0.0966666666666667
"1016",0.0966666666666667
"1017",0.0966666666666667
"1018",0.0966666666666667
"1019",0.0966666666666667
"1020",0.0966666666666667
"1021",0.0966666666666667
"1022",0.0966666666666667
"1023",0.0966666666666667
"1024",0.0966666666666667
"1025",0.0966666666666667
"1026",0.0966666666666667
"1027",0.0966666666666667
"1028",0.0966666666666667
"1029",0.0966666666666667
"1030",0.0966666666666667
"1031",0.0966666666666667
"1032",0.0966666666666667
"1033",0.0966666666666667
"1034",0.0966666666666667
"1035",0.0966666666666667
"1036",0.0966666666666667
"1037",0.0966666666666667
"1038",0.0966666666666667
"1039",0.0966666666666667
"1040",0.0966666666666667
"1041",0.0966666666666667
"1042",0.0966666666666667
"1043",0.0966666666666667
"1044",0.0966666666666667
"1045",0.0966666666666667
"1046",0.0966666666666667
"1047",0.0966666666666667
"1048",0.0966666666666667
"1049",0.0966666666666667
"1050",0.0966666666666667
"1051",0.0966666666666667
"1052",0.0966666666666667
"1053",0.0966666666666667
"1054",0.0966666666666667
"1055",0.0966666666666667
"1056",0.0966666666666667
"1057",0.0966666666666667
"1058",0.0966666666666667
"1059",0.0966666666666667
"1060",0.0966666666666667
"1061",0.0966666666666667
"1062",0.0966666666666667
"1063",0.0966666666666667
"1064",0.0966666666666667
"1065",0.0983333333333333
"1066",0.0983333333333333
"1067",0.0983333333333333
"1068",0.0983333333333333
"1069",0.0983333333333333
"1070",0.0983333333333333
"1071",0.0983333333333333
"1072",0.0966666666666667
"1073",0.0966666666666667
"1074",0.0966666666666667
"1075",0.0966666666666667
"1076",0.0966666666666667
"1077",0.0966666666666667
"1078",0.0966666666666667
"1079",0.0966666666666667
"1080",0.0966666666666667
"1081",0.0966666666666667
"1082",0.0966666666666667
"1083",0.0966666666666667
"1084",0.0966666666666667
"1085",0.0966666666666667
"1086",0.0966666666666667
"1087",0.0966666666666667
"1088",0.0966666666666667
"1089",0.0966666666666667
"1090",0.0966666666666667
"1091",0.0966666666666667
"1092",0.0966666666666667
"1093",0.0983333333333333
"1094",0.0983333333333333
"1095",0.0983333333333333
"1096",0.0983333333333333
"1097",0.0983333333333333
"1098",0.0983333333333333
"1099",0.0983333333333333
"1100",0.0966666666666667
"1101",0.0966666666666667
"1102",0.0966666666666667
"1103",0.0966666666666667
"1104",0.0966666666666667
"1105",0.0966666666666667
"1106",0.0966666666666667
"1107",0.0966666666666667
"1108",0.0966666666666667
"1109",0.0966666666666667
"1110",0.0966666666666667
"1111",0.0966666666666667
"1112",0.0966666666666667
"1113",0.0966666666666667
"1114",0.0966666666666667
"1115",0.0966666666666667
"1116",0.0966666666666667
"1117",0.0966666666666667
"1118",0.0966666666666667
"1119",0.0966666666666667
"1120",0.0966666666666667
"1121",0.0966666666666667
"1122",0.0966666666666667
"1123",0.0966666666666667
"1124",0.0966666666666667
"1125",0.0966666666666667
"1126",0.0966666666666667
"1127",0.0966666666666667
"1128",0.0966666666666667
"1129",0.0966666666666667
"1130",0.0966666666666667
"1131",0.0966666666666667
"1132",0.0966666666666667
"1133",0.0966666666666667
"1134",0.0966666666666667
"1135",0.0966666666666667
"1136",0.0966666666666667
"1137",0.0966666666666667
"1138",0.0966666666666667
"1139",0.0966666666666667
"1140",0.0966666666666667
"1141",0.0966666666666667
"1142",0.0966666666666667
"1143",0.0966666666666667
"1144",0.0966666666666667
"1145",0.0966666666666667
"1146",0.0966666666666667
"1147",0.0966666666666667
"1148",0.0966666666666667
"1149",0.0966666666666667
"1150",0.0966666666666667
"1151",0.0966666666666667
"1152",0.0966666666666667
"1153",0.0966666666666667
"1154",0.0966666666666667
"1155",0.0966666666666667
"1156",0.0966666666666667
"1157",0.0966666666666667
"1158",0.0966666666666667
"1159",0.0966666666666667
"1160",0.0966666666666667
"1161",0.0966666666666667
"1162",0.0966666666666667
"1163",0.0966666666666667
"1164",0.0966666666666667
"1165",0.0966666666666667
"1166",0.0966666666666667
"1167",0.0966666666666667
"1168",0.0966666666666667
"1169",0.0966666666666667
"1170",0.0966666666666667
"1171",0.0966666666666667
"1172",0.0966666666666667
"1173",0.0966666666666667
"1174",0.0966666666666667
"1175",0.0966666666666667
"1176",0.0966666666666667
"1177",0.0966666666666667
"1178",0.0966666666666667
"1179",0.0966666666666667
"1180",0.0966666666666667
"1181",0.0966666666666667
"1182",0.0966666666666667
"1183",0.0966666666666667
"1184",0.0966666666666667
"1185",0.0966666666666667
"1186",0.0966666666666667
"1187",0.0966666666666667
"1188",0.0966666666666667
"1189",0.0966666666666667
"1190",0.0966666666666667
"1191",0.0966666666666667
"1192",0.0966666666666667
"1193",0.0966666666666667
"1194",0.0966666666666667
"1195",0.0966666666666667
"1196",0.0966666666666667
"1197",0.0966666666666667
"1198",0.0966666666666667
"1199",0.0966666666666667
"1200",0.0966666666666667
"1201",0.0966666666666667
"1202",0.0966666666666667
"1203",0.0966666666666667
"1204",0.0966666666666667
"1205",0.0966666666666667
"1206",0.0966666666666667
"1207",0.0966666666666667
"1208",0.0966666666666667
"1209",0.0966666666666667
"1210",0.0966666666666667
"1211",0.0966666666666667
"1212",0.0966666666666667
"1213",0.0966666666666667
"1214",0.0966666666666667
"1215",0.0966666666666667
"1216",0.0966666666666667
"1217",0.0966666666666667
"1218",0.0966666666666667
"1219",0.0966666666666667
"1220",0.0966666666666667
"1221",0.0966666666666667
"1222",0.0966666666666667
"1223",0.0966666666666667
"1224",0.0966666666666667
"1225",0.0966666666666667
"1226",0.0966666666666667
"1227",0.0966666666666667
"1228",0.0966666666666667
"1229",0.0966666666666667
"1230",0.0966666666666667
"1231",0.0966666666666667
"1232",0.0966666666666667
"1233",0.0966666666666667
"1234",0.0966666666666667
"1235",0.0966666666666667
"1236",0.0966666666666667
"1237",0.0966666666666667
"1238",0.0966666666666667
"1239",0.0966666666666667
"1240",0.0966666666666667
"1241",0.0966666666666667
"1242",0.0966666666666667
"1243",0.0966666666666667
"1244",0.0966666666666667
"1245",0.0966666666666667
"1246",0.0966666666666667
"1247",0.0966666666666667
"1248",0.0966666666666667
"1249",0.0966666666666667
"1250",0.0966666666666667
"1251",0.0966666666666667
"1252",0.0966666666666667
"1253",0.0966666666666667
"1254",0.0966666666666667
"1255",0.0966666666666667
"1256",0.0966666666666667
"1257",0.0966666666666667
"1258",0.0966666666666667
"1259",0.0966666666666667
"1260",0.0966666666666667
"1261",0.0966666666666667
"1262",0.0966666666666667
"1263",0.0966666666666667
"1264",0.0966666666666667
"1265",0.0966666666666667
"1266",0.0966666666666667
"1267",0.0966666666666667
"1268",0.0966666666666667
"1269",0.0966666666666667
"1270",0.0966666666666667
"1271",0.0966666666666667
"1272",0.0966666666666667
"1273",0.0966666666666667
"1274",0.0966666666666667
"1275",0.0966666666666667
"1276",0.0966666666666667
"1277",0.0966666666666667
"1278",0.0966666666666667
"1279",0.0966666666666667
"1280",0.0966666666666667
"1281",0.0966666666666667
"1282",0.0966666666666667
"1283",0.0966666666666667
"1284",0.0966666666666667
"1285",0.0966666666666667
"1286",0.0966666666666667
"1287",0.0966666666666667
"1288",0.0966666666666667
"1289",0.0983333333333333
"1290",0.0983333333333333
"1291",0.0983333333333333
"1292",0.0983333333333333
"1293",0.0983333333333333
"1294",0.0983333333333333
"1295",0.0983333333333333
"1296",0.0983333333333333
"1297",0.0983333333333333
"1298",0.0983333333333333
"1299",0.0983333333333333
"1300",0.0983333333333333
"1301",0.0983333333333333
"1302",0.0983333333333333
"1303",0.0966666666666667
"1304",0.0966666666666667
"1305",0.0966666666666667
"1306",0.0966666666666667
"1307",0.0966666666666667
"1308",0.0966666666666667
"1309",0.0966666666666667
"1310",0.0966666666666667
"1311",0.0966666666666667
"1312",0.0966666666666667
"1313",0.0966666666666667
"1314",0.0966666666666667
"1315",0.0966666666666667
"1316",0.0966666666666667
"1317",0.0966666666666667
"1318",0.0966666666666667
"1319",0.0966666666666667
"1320",0.0966666666666667
"1321",0.0966666666666667
"1322",0.0966666666666667
"1323",0.0966666666666667
"1324",0.0983333333333333
"1325",0.0983333333333333
"1326",0.0983333333333333
"1327",0.0983333333333333
"1328",0.0983333333333333
"1329",0.0983333333333333
"1330",0.0983333333333333
"1331",0.0966666666666667
"1332",0.0966666666666667
"1333",0.0966666666666667
"1334",0.0966666666666667
"1335",0.0966666666666667
"1336",0.0966666666666667
"1337",0.0966666666666667
"1338",0.0983333333333333
"1339",0.0983333333333333
"1340",0.0983333333333333
"1341",0.0983333333333333
"1342",0.0983333333333333
"1343",0.0983333333333333
"1344",0.0983333333333333
"1345",0.0983333333333333
"1346",0.0983333333333333
"1347",0.0983333333333333
"1348",0.0983333333333333
"1349",0.0983333333333333
"1350",0.0983333333333333
"1351",0.0983333333333333
"1352",0.0966666666666667
"1353",0.0966666666666667
"1354",0.0966666666666667
"1355",0.0966666666666667
"1356",0.0966666666666667
"1357",0.0966666666666667
"1358",0.0966666666666667
"1359",0.0966666666666667
"1360",0.0966666666666667
"1361",0.0966666666666667
"1362",0.0966666666666667
"1363",0.0966666666666667
"1364",0.0966666666666667
"1365",0.0966666666666667
"1366",0.1
"1367",0.1
"1368",0.1
"1369",0.1
"1370",0.1
"1371",0.1
"1372",0.1
"1373",0.0966666666666667
"1374",0.0966666666666667
"1375",0.0966666666666667
"1376",0.0966666666666667
"1377",0.0966666666666667
"1378",0.0966666666666667
"1379",0.0966666666666667
"1380",0.1
"1381",0.1
"1382",0.1
"1383",0.1
"1384",0.1
"1385",0.1
"1386",0.1
"1387",0.0966666666666667
"1388",0.0966666666666667
"1389",0.0966666666666667
"1390",0.0966666666666667
"1391",0.0966666666666667
"1392",0.0966666666666667
"1393",0.0966666666666667
"1394",0.0966666666666667
"1395",0.0966666666666667
"1396",0.0966666666666667
"1397",0.0966666666666667
"1398",0.0966666666666667
"1399",0.0966666666666667
"1400",0.0966666666666667
"1401",0.0966666666666667
"1402",0.0966666666666667
"1403",0.0966666666666667
"1404",0.0966666666666667
"1405",0.0966666666666667
"1406",0.0966666666666667
"1407",0.0966666666666667
"1408",0.0966666666666667
"1409",0.0966666666666667
"1410",0.0966666666666667
"1411",0.0966666666666667
"1412",0.0966666666666667
"1413",0.0966666666666667
"1414",0.0966666666666667
"1415",0.0966666666666667
"1416",0.0966666666666667
"1417",0.0966666666666667
"1418",0.0966666666666667
"1419",0.0966666666666667
"1420",0.0966666666666667
"1421",0.0966666666666667
"1422",0.0966666666666667
"1423",0.0966666666666667
"1424",0.0966666666666667
"1425",0.0966666666666667
"1426",0.0966666666666667
"1427",0.0966666666666667
"1428",0.0966666666666667
"1429",0.0966666666666667
"1430",0.0966666666666667
"1431",0.0966666666666667
"1432",0.0966666666666667
"1433",0.0966666666666667
"1434",0.0966666666666667
"1435",0.0966666666666667
"1436",0.0966666666666667
"1437",0.0966666666666667
"1438",0.0966666666666667
"1439",0.0966666666666667
"1440",0.0966666666666667
"1441",0.0966666666666667
"1442",0.0966666666666667
"1443",0.0966666666666667
"1444",0.0966666666666667
"1445",0.0966666666666667
"1446",0.0966666666666667
"1447",0.0966666666666667
"1448",0.0966666666666667
"1449",0.0966666666666667
"1450",0.0966666666666667
"1451",0.0966666666666667
"1452",0.0966666666666667
"1453",0.0966666666666667
"1454",0.0966666666666667
"1455",0.0966666666666667
"1456",0.0966666666666667
"1457",0.0966666666666667
"1458",0.0966666666666667
"1459",0.0966666666666667
"1460",0.0966666666666667
"1461",0.0966666666666667
"1462",0.0966666666666667
"1463",0.0966666666666667
"1464",0.0966666666666667
"1465",0.0966666666666667
"1466",0.0966666666666667
"1467",0.0966666666666667
"1468",0.0966666666666667
"1469",0.0966666666666667
"1470",0.0966666666666667
"1471",0.0966666666666667
"1472",0.0966666666666667
"1473",0.0966666666666667
"1474",0.0966666666666667
"1475",0.0966666666666667
"1476",0.0966666666666667
"1477",0.0966666666666667
"1478",0.0966666666666667
"1479",0.0966666666666667
"1480",0.0966666666666667
"1481",0.0966666666666667
"1482",0.0966666666666667
"1483",0.0966666666666667
"1484",0.0966666666666667
"1485",0.0966666666666667
"1486",0.0966666666666667
"1487",0.0966666666666667
"1488",0.0966666666666667
"1489",0.0966666666666667
"1490",0.0966666666666667
"1491",0.0966666666666667
"1492",0.0966666666666667
"1493",0.0966666666666667
"1494",0.0966666666666667
"1495",0.0966666666666667
"1496",0.0966666666666667
"1497",0.0966666666666667
"1498",0.0966666666666667
"1499",0.0966666666666667
"1500",0.0966666666666667
"1501",0.0966666666666667
"1502",0.0966666666666667
"1503",0.0966666666666667
"1504",0.0966666666666667
"1505",0.0966666666666667
"1506",0.0966666666666667
"1507",0.0966666666666667
"1508",0.0966666666666667
"1509",0.0966666666666667
"1510",0.0966666666666667
"1511",0.0966666666666667
"1512",0.0966666666666667
"1513",0.0966666666666667
"1514",0.0966666666666667
"1515",0.0966666666666667
"1516",0.0966666666666667
"1517",0.0966666666666667
"1518",0.0966666666666667
"1519",0.0966666666666667
"1520",0.0966666666666667
"1521",0.0966666666666667
"1522",0.0966666666666667
"1523",0.0966666666666667
"1524",0.0966666666666667
"1525",0.0966666666666667
"1526",0.0966666666666667
"1527",0.0966666666666667
"1528",0.0966666666666667
"1529",0.0966666666666667
"1530",0.0966666666666667
"1531",0.0966666666666667
"1532",0.0966666666666667
"1533",0.0966666666666667
"1534",0.0966666666666667
"1535",0.0966666666666667
"1536",0.0966666666666667
"1537",0.0966666666666667
"1538",0.0966666666666667
"1539",0.0966666666666667
"1540",0.0966666666666667
"1541",0.0983333333333333
"1542",0.0983333333333333
"1543",0.0983333333333333
"1544",0.0983333333333333
"1545",0.0983333333333333
"1546",0.0983333333333333
"1547",0.0983333333333333
"1548",0.0966666666666667
"1549",0.0966666666666667
"1550",0.0966666666666667
"1551",0.0966666666666667
"1552",0.0966666666666667
"1553",0.0966666666666667
"1554",0.0966666666666667
"1555",0.0983333333333333
"1556",0.0983333333333333
"1557",0.0983333333333333
"1558",0.0983333333333333
"1559",0.0983333333333333
"1560",0.0983333333333333
"1561",0.0983333333333333
"1562",0.0966666666666667
"1563",0.0966666666666667
"1564",0.0966666666666667
"1565",0.0966666666666667
"1566",0.0966666666666667
"1567",0.0966666666666667
"1568",0.0966666666666667
"1569",0.0966666666666667
"1570",0.0966666666666667
"1571",0.0966666666666667
"1572",0.0966666666666667
"1573",0.0966666666666667
"1574",0.0966666666666667
"1575",0.0966666666666667
"1576",0.0966666666666667
"1577",0.0966666666666667
"1578",0.0966666666666667
"1579",0.0966666666666667
"1580",0.0966666666666667
"1581",0.0966666666666667
"1582",0.0966666666666667
"1583",0.0966666666666667
"1584",0.0966666666666667
"1585",0.0966666666666667
"1586",0.0966666666666667
"1587",0.0966666666666667
"1588",0.0966666666666667
"1589",0.0966666666666667
"1590",0.0966666666666667
"1591",0.0966666666666667
"1592",0.0966666666666667
"1593",0.0966666666666667
"1594",0.0966666666666667
"1595",0.0966666666666667
"1596",0.0966666666666667
"1597",0.0966666666666667
"1598",0.0966666666666667
"1599",0.0966666666666667
"1600",0.0966666666666667
"1601",0.0966666666666667
"1602",0.0966666666666667
"1603",0.0966666666666667
"1604",0.0966666666666667
"1605",0.0966666666666667
"1606",0.0966666666666667
"1607",0.0966666666666667
"1608",0.0966666666666667
"1609",0.0966666666666667
"1610",0.0966666666666667
"1611",0.0966666666666667
"1612",0.0966666666666667
"1613",0.0966666666666667
"1614",0.0966666666666667
"1615",0.0966666666666667
"1616",0.0966666666666667
"1617",0.0966666666666667
"1618",0.0966666666666667
"1619",0.0966666666666667
"1620",0.0966666666666667
"1621",0.0966666666666667
"1622",0.0966666666666667
"1623",0.0966666666666667
"1624",0.0966666666666667
"1625",0.0966666666666667
"1626",0.0966666666666667
"1627",0.0966666666666667
"1628",0.0966666666666667
"1629",0.0966666666666667
"1630",0.0966666666666667
"1631",0.0966666666666667
"1632",0.0966666666666667
"1633",0.0966666666666667
"1634",0.0966666666666667
"1635",0.0966666666666667
"1636",0.0966666666666667
"1637",0.0966666666666667
"1638",0.0966666666666667
"1639",0.0966666666666667
"1640",0.0966666666666667
"1641",0.0966666666666667
"1642",0.0966666666666667
"1643",0.0966666666666667
"1644",0.0966666666666667
"1645",0.0966666666666667
"1646",0.0966666666666667
"1647",0.0966666666666667
"1648",0.0966666666666667
"1649",0.0966666666666667
"1650",0.0966666666666667
"1651",0.0966666666666667
"1652",0.0966666666666667
"1653",0.0966666666666667
"1654",0.0966666666666667
"1655",0.0966666666666667
"1656",0.0966666666666667
"1657",0.0966666666666667
"1658",0.0966666666666667
"1659",0.0966666666666667
"1660",0.0966666666666667
"1661",0.0966666666666667
"1662",0.0966666666666667
"1663",0.0966666666666667
"1664",0.0966666666666667
"1665",0.0966666666666667
"1666",0.0966666666666667
"1667",0.0966666666666667
"1668",0.0966666666666667
"1669",0.0966666666666667
"1670",0.0966666666666667
"1671",0.0966666666666667
"1672",0.0966666666666667
"1673",0.0966666666666667
"1674",0.0966666666666667
"1675",0.0966666666666667
"1676",0.0966666666666667
"1677",0.0966666666666667
"1678",0.0966666666666667
"1679",0.0966666666666667
"1680",0.0966666666666667
"1681",0.0983333333333333
"1682",0.0983333333333333
"1683",0.0983333333333333
"1684",0.0983333333333333
"1685",0.0983333333333333
"1686",0.0983333333333333
"1687",0.0983333333333333
"1688",0.0966666666666667
"1689",0.0966666666666667
"1690",0.0966666666666667
"1691",0.0966666666666667
"1692",0.0966666666666667
"1693",0.0966666666666667
"1694",0.0966666666666667
"1695",0.0966666666666667
"1696",0.0966666666666667
"1697",0.0966666666666667
"1698",0.0966666666666667
"1699",0.0966666666666667
"1700",0.0966666666666667
"1701",0.0966666666666667
"1702",0.0966666666666667
"1703",0.0966666666666667
"1704",0.0966666666666667
"1705",0.0966666666666667
"1706",0.0966666666666667
"1707",0.0966666666666667
"1708",0.0966666666666667
"1709",0.0966666666666667
"1710",0.0966666666666667
"1711",0.0966666666666667
"1712",0.0966666666666667
"1713",0.0966666666666667
"1714",0.0966666666666667
"1715",0.0966666666666667
"1716",0.0966666666666667
"1717",0.0966666666666667
"1718",0.0966666666666667
"1719",0.0966666666666667
"1720",0.0966666666666667
"1721",0.0966666666666667
"1722",0.0966666666666667
"1723",0.0966666666666667
"1724",0.0966666666666667
"1725",0.0966666666666667
"1726",0.0966666666666667
"1727",0.0966666666666667
"1728",0.0966666666666667
"1729",0.0966666666666667
"1730",0.0966666666666667
"1731",0.0966666666666667
"1732",0.0966666666666667
"1733",0.0966666666666667
"1734",0.0966666666666667
"1735",0.0966666666666667
"1736",0.0966666666666667
"1737",0.0966666666666667
"1738",0.0966666666666667
"1739",0.0966666666666667
"1740",0.0966666666666667
"1741",0.0966666666666667
"1742",0.0966666666666667
"1743",0.0966666666666667
"1744",0.0966666666666667
"1745",0.0966666666666667
"1746",0.0966666666666667
"1747",0.0966666666666667
"1748",0.0966666666666667
"1749",0.0966666666666667
"1750",0.0966666666666667
"1751",0.0966666666666667
"1752",0.0966666666666667
"1753",0.0966666666666667
"1754",0.0966666666666667
"1755",0.0966666666666667
"1756",0.0966666666666667
"1757",0.0966666666666667
"1758",0.0966666666666667
"1759",0.0966666666666667
"1760",0.0966666666666667
"1761",0.0966666666666667
"1762",0.0966666666666667
"1763",0.0966666666666667
"1764",0.0966666666666667
"1765",0.0966666666666667
"1766",0.0966666666666667
"1767",0.0966666666666667
"1768",0.0966666666666667
"1769",0.0966666666666667
"1770",0.0966666666666667
"1771",0.0966666666666667
"1772",0.0966666666666667
"1773",0.0966666666666667
"1774",0.0966666666666667
"1775",0.0966666666666667
"1776",0.0966666666666667
"1777",0.0966666666666667
"1778",0.0966666666666667
"1779",0.0966666666666667
"1780",0.0966666666666667
"1781",0.0966666666666667
"1782",0.0966666666666667
"1783",0.0966666666666667
"1784",0.0966666666666667
"1785",0.0966666666666667
"1786",0.0966666666666667
"1787",0.0966666666666667
"1788",0.0966666666666667
"1789",0.0966666666666667
"1790",0.0966666666666667
"1791",0.0966666666666667
"1792",0.0966666666666667
"1793",0.0966666666666667
"1794",0.0966666666666667
"1795",0.0966666666666667
"1796",0.0966666666666667
"1797",0.0966666666666667
"1798",0.0966666666666667
"1799",0.0966666666666667
"1800",0.0966666666666667
"1801",0.0966666666666667
"1802",0.0966666666666667
"1803",0.0966666666666667
"1804",0.0966666666666667
"1805",0.0966666666666667
"1806",0.0966666666666667
"1807",0.0966666666666667
"1808",0.0966666666666667
"1809",0.0966666666666667
"1810",0.0966666666666667
"1811",0.0966666666666667
"1812",0.0966666666666667
"1813",0.0966666666666667
"1814",0.0983333333333333
"1815",0.0983333333333333
"1816",0.0983333333333333
"1817",0.0983333333333333
"1818",0.0983333333333333
"1819",0.0983333333333333
"1820",0.0983333333333333
"1821",0.0966666666666667
"1822",0.0966666666666667
"1823",0.0966666666666667
"1824",0.0966666666666667
"1825",0.0966666666666667
"1826",0.0966666666666667
"1827",0.0966666666666667
"1828",0.0966666666666667
"1829",0.0966666666666667
"1830",0.0966666666666667
"1831",0.0966666666666667
"1832",0.0966666666666667
"1833",0.0966666666666667
"1834",0.0966666666666667
"1835",0.0983333333333333
"1836",0.0983333333333333
"1837",0.0983333333333333
"1838",0.0983333333333333
"1839",0.0983333333333333
"1840",0.0983333333333333
"1841",0.0983333333333333
"1842",0.0983333333333333
"1843",0.0983333333333333
"1844",0.0983333333333333
"1845",0.0983333333333333
"1846",0.0983333333333333
"1847",0.0983333333333333
"1848",0.0983333333333333
"1849",0.0966666666666667
"1850",0.0966666666666667
"1851",0.0966666666666667
"1852",0.0966666666666667
"1853",0.0966666666666667
"1854",0.0966666666666667
"1855",0.0966666666666667
"1856",0.0966666666666667
"1857",0.0966666666666667
"1858",0.0966666666666667
"1859",0.0966666666666667
"1860",0.0966666666666667
"1861",0.0966666666666667
"1862",0.0966666666666667
"1863",0.0966666666666667
"1864",0.0966666666666667
"1865",0.0966666666666667
"1866",0.0966666666666667
"1867",0.0966666666666667
"1868",0.0966666666666667
"1869",0.0966666666666667
"1870",0.0966666666666667
"1871",0.0966666666666667
"1872",0.0966666666666667
"1873",0.0966666666666667
"1874",0.0966666666666667
"1875",0.0966666666666667
"1876",0.0966666666666667
"1877",0.0966666666666667
"1878",0.0966666666666667
"1879",0.0966666666666667
"1880",0.0966666666666667
"1881",0.0966666666666667
"1882",0.0966666666666667
"1883",0.0966666666666667
"1884",0.0966666666666667
"1885",0.0966666666666667
"1886",0.0966666666666667
"1887",0.0966666666666667
"1888",0.0966666666666667
"1889",0.0966666666666667
"1890",0.0966666666666667
"1891",0.0966666666666667
"1892",0.0966666666666667
"1893",0.0966666666666667
"1894",0.0966666666666667
"1895",0.0966666666666667
"1896",0.0966666666666667
"1897",0.0966666666666667
"1898",0.0966666666666667
"1899",0.0966666666666667
"1900",0.0966666666666667
"1901",0.0966666666666667
"1902",0.0966666666666667
"1903",0.0966666666666667
"1904",0.0966666666666667
"1905",0.0966666666666667
"1906",0.0966666666666667
"1907",0.0966666666666667
"1908",0.0966666666666667
"1909",0.0966666666666667
"1910",0.0966666666666667
"1911",0.0966666666666667
"1912",0.0966666666666667
"1913",0.0966666666666667
"1914",0.0966666666666667
"1915",0.0966666666666667
"1916",0.0966666666666667
"1917",0.0966666666666667
"1918",0.0966666666666667
"1919",0.0966666666666667
"1920",0.0966666666666667
"1921",0.0966666666666667
"1922",0.0966666666666667
"1923",0.0966666666666667
"1924",0.0966666666666667
"1925",0.0966666666666667
"1926",0.0966666666666667
"1927",0.0966666666666667
"1928",0.0966666666666667
"1929",0.0966666666666667
"1930",0.0966666666666667
"1931",0.0966666666666667
"1932",0.0966666666666667
"1933",0.0966666666666667
"1934",0.0966666666666667
"1935",0.0966666666666667
"1936",0.0966666666666667
"1937",0.0966666666666667
"1938",0.0966666666666667
"1939",0.0966666666666667
"1940",0.0983333333333333
"1941",0.0983333333333333
"1942",0.0983333333333333
"1943",0.0983333333333333
"1944",0.0983333333333333
"1945",0.0983333333333333
"1946",0.0983333333333333
"1947",0.0966666666666667
"1948",0.0966666666666667
"1949",0.0966666666666667
"1950",0.0966666666666667
"1951",0.0966666666666667
"1952",0.0966666666666667
"1953",0.0966666666666667
"1954",0.0966666666666667
"1955",0.0966666666666667
"1956",0.0966666666666667
"1957",0.0966666666666667
"1958",0.0966666666666667
"1959",0.0966666666666667
"1960",0.0966666666666667
"1961",0.0966666666666667
"1962",0.0966666666666667
"1963",0.0966666666666667
"1964",0.0966666666666667
"1965",0.0966666666666667
"1966",0.0966666666666667
"1967",0.0966666666666667
"1968",0.0966666666666667
"1969",0.0966666666666667
"1970",0.0966666666666667
"1971",0.0966666666666667
"1972",0.0966666666666667
"1973",0.0966666666666667
"1974",0.0966666666666667
"1975",0.0983333333333333
"1976",0.0983333333333333
"1977",0.0983333333333333
"1978",0.0983333333333333
"1979",0.0983333333333333
"1980",0.0983333333333333
"1981",0.0983333333333333
"1982",0.0966666666666667
"1983",0.0966666666666667
"1984",0.0966666666666667
"1985",0.0966666666666667
"1986",0.0966666666666667
"1987",0.0966666666666667
"1988",0.0966666666666667
"1989",0.0983333333333333
"1990",0.0983333333333333
"1991",0.0983333333333333
"1992",0.0983333333333333
"1993",0.0983333333333333
"1994",0.0983333333333333
"1995",0.0983333333333333
"1996",0.0983333333333333
"1997",0.0983333333333333
"1998",0.0983333333333333
"1999",0.0983333333333333
"2000",0.0983333333333333
"2001",0.0983333333333333
"2002",0.0983333333333333
"2003",0.0966666666666667
"2004",0.0966666666666667
"2005",0.0966666666666667
"2006",0.0966666666666667
"2007",0.0966666666666667
"2008",0.0966666666666667
"2009",0.0966666666666667
"2010",0.0983333333333333
"2011",0.0983333333333333
"2012",0.0983333333333333
"2013",0.0983333333333333
"2014",0.0983333333333333
"2015",0.0983333333333333
"2016",0.0983333333333333
"2017",0.0966666666666667
"2018",0.0966666666666667
"2019",0.0966666666666667
"2020",0.0966666666666667
"2021",0.0966666666666667
"2022",0.0966666666666667
"2023",0.0966666666666667
"2024",0.0966666666666667
"2025",0.0966666666666667
"2026",0.0966666666666667
"2027",0.0966666666666667
"2028",0.0966666666666667
"2029",0.0966666666666667
"2030",0.0966666666666667
"2031",0.0983333333333333
"2032",0.0983333333333333
"2033",0.0983333333333333
"2034",0.0983333333333333
"2035",0.0983333333333333
"2036",0.0983333333333333
"2037",0.0983333333333333
"2038",0.0966666666666667
"2039",0.0966666666666667
"2040",0.0966666666666667
"2041",0.0966666666666667
"2042",0.0966666666666667
"2043",0.0966666666666667
"2044",0.0966666666666667
"2045",0.0966666666666667
"2046",0.0966666666666667
"2047",0.0966666666666667
"2048",0.0966666666666667
"2049",0.0966666666666667
"2050",0.0966666666666667
"2051",0.0966666666666667
"2052",0.0966666666666667
"2053",0.0966666666666667
"2054",0.0966666666666667
"2055",0.0966666666666667
"2056",0.0966666666666667
"2057",0.0966666666666667
"2058",0.0966666666666667
"2059",0.0966666666666667
"2060",0.0966666666666667
"2061",0.0966666666666667
"2062",0.0966666666666667
"2063",0.0966666666666667
"2064",0.0966666666666667
"2065",0.0966666666666667
"2066",0.0966666666666667
"2067",0.0966666666666667
"2068",0.0966666666666667
"2069",0.0966666666666667
"2070",0.0966666666666667
"2071",0.0966666666666667
"2072",0.0966666666666667
"2073",0.0966666666666667
"2074",0.0966666666666667
"2075",0.0966666666666667
"2076",0.0966666666666667
"2077",0.0966666666666667
"2078",0.0966666666666667
"2079",0.0966666666666667
"2080",0.0966666666666667
"2081",0.0966666666666667
"2082",0.0966666666666667
"2083",0.0966666666666667
"2084",0.0966666666666667
"2085",0.0966666666666667
"2086",0.0966666666666667
"2087",0.0983333333333333
"2088",0.0983333333333333
"2089",0.0983333333333333
"2090",0.0983333333333333
"2091",0.0983333333333333
"2092",0.0983333333333333
"2093",0.0983333333333333
"2094",0.0983333333333333
"2095",0.0983333333333333
"2096",0.0983333333333333
"2097",0.0983333333333333
"2098",0.0983333333333333
"2099",0.0983333333333333
"2100",0.0983333333333333
"2101",0.0966666666666667
"2102",0.0966666666666667
"2103",0.0966666666666667
"2104",0.0966666666666667
"2105",0.0966666666666667
"2106",0.0966666666666667
"2107",0.0966666666666667
"2108",0.0966666666666667
"2109",0.0966666666666667
"2110",0.0966666666666667
"2111",0.0966666666666667
"2112",0.0966666666666667
"2113",0.0966666666666667
"2114",0.0966666666666667
"2115",0.0966666666666667
"2116",0.0966666666666667
"2117",0.0966666666666667
"2118",0.0966666666666667
"2119",0.0966666666666667
"2120",0.0966666666666667
"2121",0.0966666666666667
"2122",0.0966666666666667
"2123",0.0966666666666667
"2124",0.0966666666666667
"2125",0.0966666666666667
"2126",0.0966666666666667
"2127",0.0966666666666667
"2128",0.0966666666666667
"2129",0.0966666666666667
"2130",0.0966666666666667
"2131",0.0966666666666667
"2132",0.0966666666666667
"2133",0.0966666666666667
"2134",0.0966666666666667
"2135",0.0966666666666667
"2136",0.0966666666666667
"2137",0.0966666666666667
"2138",0.0966666666666667
"2139",0.0966666666666667
"2140",0.0966666666666667
"2141",0.0966666666666667
"2142",0.0966666666666667
"2143",0.0966666666666667
"2144",0.0966666666666667
"2145",0.0966666666666667
"2146",0.0966666666666667
"2147",0.0966666666666667
"2148",0.0966666666666667
"2149",0.0966666666666667
"2150",0.0966666666666667
"2151",0.0966666666666667
"2152",0.0966666666666667
"2153",0.0966666666666667
"2154",0.0966666666666667
"2155",0.0966666666666667
"2156",0.0966666666666667
"2157",0.0966666666666667
"2158",0.0966666666666667
"2159",0.0966666666666667
"2160",0.0966666666666667
"2161",0.0966666666666667
"2162",0.0966666666666667
"2163",0.0966666666666667
"2164",0.125
"2165",0.126666666666667
"2166",0.125
"2167",0.126666666666667
"2168",0.125
"2169",0.126666666666667
"2170",0.125
"2171",0.126666666666667
"2172",0.128333333333333
"2173",0.126666666666667
"2174",0.128333333333333
"2175",0.126666666666667
"2176",0.128333333333333
"2177",0.126666666666667
"2178",0.125
"2179",0.126666666666667
"2180",0.125
"2181",0.126666666666667
"2182",0.125
"2183",0.126666666666667
"2184",0.125
"2185",0.126666666666667
"2186",0.128333333333333
"2187",0.126666666666667
"2188",0.128333333333333
"2189",0.126666666666667
"2190",0.128333333333333
"2191",0.126666666666667
"2192",0.123333333333333
"2193",0.125
"2194",0.123333333333333
"2195",0.125
"2196",0.123333333333333
"2197",0.125
"2198",0.123333333333333
"2199",0.125
"2200",0.126666666666667
"2201",0.125
"2202",0.126666666666667
"2203",0.125
"2204",0.126666666666667
"2205",0.125
"2206",0.125
"2207",0.126666666666667
"2208",0.125
"2209",0.126666666666667
"2210",0.125
"2211",0.126666666666667
"2212",0.125
"2213",0.125
"2214",0.126666666666667
"2215",0.125
"2216",0.126666666666667
"2217",0.125
"2218",0.126666666666667
"2219",0.125
"2220",0.125
"2221",0.126666666666667
"2222",0.125
"2223",0.126666666666667
"2224",0.125
"2225",0.126666666666667
"2226",0.125
"2227",0.125
"2228",0.126666666666667
"2229",0.125
"2230",0.126666666666667
"2231",0.125
"2232",0.126666666666667
"2233",0.125
"2234",0.125
"2235",0.126666666666667
"2236",0.125
"2237",0.126666666666667
"2238",0.125
"2239",0.126666666666667
"2240",0.125
"2241",0.125
"2242",0.126666666666667
"2243",0.125
"2244",0.126666666666667
"2245",0.125
"2246",0.126666666666667
"2247",0.125
"2248",0.125
"2249",0.126666666666667
"2250",0.125
"2251",0.126666666666667
"2252",0.125
"2253",0.126666666666667
"2254",0.125
"2255",0.125
"2256",0.126666666666667
"2257",0.125
"2258",0.126666666666667
"2259",0.125
"2260",0.126666666666667
"2261",0.125
"2262",0.125
"2263",0.126666666666667
"2264",0.125
"2265",0.126666666666667
"2266",0.125
"2267",0.126666666666667
"2268",0.125
"2269",0.126666666666667
"2270",0.128333333333333
"2271",0.126666666666667
"2272",0.128333333333333
"2273",0.126666666666667
"2274",0.128333333333333
"2275",0.126666666666667
"2276",0.125
"2277",0.126666666666667
"2278",0.125
"2279",0.126666666666667
"2280",0.125
"2281",0.126666666666667
"2282",0.125
"2283",0.125
"2284",0.126666666666667
"2285",0.125
"2286",0.126666666666667
"2287",0.125
"2288",0.126666666666667
"2289",0.125
"2290",0.125
"2291",0.126666666666667
"2292",0.125
"2293",0.126666666666667
"2294",0.125
"2295",0.126666666666667
"2296",0.125
"2297",0.125
"2298",0.126666666666667
"2299",0.125
"2300",0.126666666666667
"2301",0.125
"2302",0.126666666666667
"2303",0.125
"2304",0.126666666666667
"2305",0.128333333333333
"2306",0.126666666666667
"2307",0.128333333333333
"2308",0.126666666666667
"2309",0.128333333333333
"2310",0.126666666666667
"2311",0.126666666666667
"2312",0.128333333333333
"2313",0.126666666666667
"2314",0.128333333333333
"2315",0.126666666666667
"2316",0.128333333333333
"2317",0.126666666666667
"2318",0.123333333333333
"2319",0.125
"2320",0.123333333333333
"2321",0.125
"2322",0.123333333333333
"2323",0.125
"2324",0.123333333333333
"2325",0.125
"2326",0.126666666666667
"2327",0.125
"2328",0.126666666666667
"2329",0.125
"2330",0.126666666666667
"2331",0.125
"2332",0.125
"2333",0.126666666666667
"2334",0.125
"2335",0.126666666666667
"2336",0.125
"2337",0.126666666666667
"2338",0.125
"2339",0.125
"2340",0.126666666666667
"2341",0.125
"2342",0.126666666666667
"2343",0.125
"2344",0.126666666666667
"2345",0.125
"2346",0.125
"2347",0.126666666666667
"2348",0.125
"2349",0.126666666666667
"2350",0.125
"2351",0.126666666666667
"2352",0.125
"2353",0.125
"2354",0.126666666666667
"2355",0.125
"2356",0.126666666666667
"2357",0.125
"2358",0.126666666666667
"2359",0.125
"2360",0.125
"2361",0.126666666666667
"2362",0.125
"2363",0.126666666666667
"2364",0.125
"2365",0.126666666666667
"2366",0.125
"2367",0.125
"2368",0.126666666666667
"2369",0.125
"2370",0.126666666666667
"2371",0.125
"2372",0.126666666666667
"2373",0.125
"2374",0.125
"2375",0.126666666666667
"2376",0.125
"2377",0.126666666666667
"2378",0.125
"2379",0.126666666666667
"2380",0.125
"2381",0.125
"2382",0.126666666666667
"2383",0.125
"2384",0.126666666666667
"2385",0.125
"2386",0.126666666666667
"2387",0.125
"2388",0.125
"2389",0.126666666666667
"2390",0.125
"2391",0.126666666666667
"2392",0.125
"2393",0.126666666666667
"2394",0.125
"2395",0.125
"2396",0.126666666666667
"2397",0.125
"2398",0.126666666666667
"2399",0.125
"2400",0.126666666666667
"2401",0.125
"2402",0.125
"2403",0.126666666666667
"2404",0.125
"2405",0.126666666666667
"2406",0.125
"2407",0.126666666666667
"2408",0.125
"2409",0.125
"2410",0.126666666666667
"2411",0.125
"2412",0.126666666666667
"2413",0.125
"2414",0.126666666666667
"2415",0.125
"2416",0.125
"2417",0.126666666666667
"2418",0.125
"2419",0.126666666666667
"2420",0.125
"2421",0.126666666666667
"2422",0.125
"2423",0.123333333333333
"2424",0.125
"2425",0.123333333333333
"2426",0.125
"2427",0.123333333333333
"2428",0.125
"2429",0.123333333333333
"2430",0.123333333333333
"2431",0.125
"2432",0.123333333333333
"2433",0.125
"2434",0.123333333333333
"2435",0.125
"2436",0.123333333333333
"2437",0.125
"2438",0.126666666666667
"2439",0.125
"2440",0.126666666666667
"2441",0.125
"2442",0.126666666666667
"2443",0.125
"2444",0.125
"2445",0.126666666666667
"2446",0.125
"2447",0.126666666666667
"2448",0.125
"2449",0.126666666666667
"2450",0.125
"2451",0.125
"2452",0.126666666666667
"2453",0.125
"2454",0.126666666666667
"2455",0.125
"2456",0.126666666666667
"2457",0.125
"2458",0.125
"2459",0.126666666666667
"2460",0.125
"2461",0.126666666666667
"2462",0.125
"2463",0.126666666666667
"2464",0.125
"2465",0.125
"2466",0.126666666666667
"2467",0.125
"2468",0.126666666666667
"2469",0.125
"2470",0.126666666666667
"2471",0.125
"2472",0.128333333333333
"2473",0.13
"2474",0.128333333333333
"2475",0.13
"2476",0.128333333333333
"2477",0.13
"2478",0.128333333333333
"2479",0.125
"2480",0.126666666666667
"2481",0.125
"2482",0.126666666666667
"2483",0.125
"2484",0.126666666666667
"2485",0.125
"2486",0.126666666666667
"2487",0.128333333333333
"2488",0.126666666666667
"2489",0.128333333333333
"2490",0.126666666666667
"2491",0.128333333333333
"2492",0.126666666666667
"2493",0.125
"2494",0.126666666666667
"2495",0.125
"2496",0.126666666666667
"2497",0.125
"2498",0.126666666666667
"2499",0.125
"2500",0.125
"2501",0.126666666666667
"2502",0.125
"2503",0.126666666666667
"2504",0.125
"2505",0.126666666666667
"2506",0.125
"2507",0.125
"2508",0.126666666666667
"2509",0.125
"2510",0.126666666666667
"2511",0.125
"2512",0.126666666666667
"2513",0.125
"2514",0.125
"2515",0.126666666666667
"2516",0.125
"2517",0.126666666666667
"2518",0.125
"2519",0.126666666666667
"2520",0.125
"2521",0.125
"2522",0.126666666666667
"2523",0.125
"2524",0.126666666666667
"2525",0.125
"2526",0.126666666666667
"2527",0.125
"2528",0.125
"2529",0.126666666666667
"2530",0.125
"2531",0.126666666666667
"2532",0.125
"2533",0.126666666666667
"2534",0.125
"2535",0.125
"2536",0.126666666666667
"2537",0.125
"2538",0.126666666666667
"2539",0.125
"2540",0.126666666666667
"2541",0.125
"2542",0.126666666666667
"2543",0.128333333333333
"2544",0.126666666666667
"2545",0.128333333333333
"2546",0.126666666666667
"2547",0.128333333333333
"2548",0.126666666666667
"2549",0.125
"2550",0.126666666666667
"2551",0.125
"2552",0.126666666666667
"2553",0.125
"2554",0.126666666666667
"2555",0.125
"2556",0.126666666666667
"2557",0.128333333333333
"2558",0.126666666666667
"2559",0.128333333333333
"2560",0.126666666666667
"2561",0.128333333333333
"2562",0.126666666666667
"2563",0.123333333333333
"2564",0.125
"2565",0.123333333333333
"2566",0.125
"2567",0.123333333333333
"2568",0.125
"2569",0.123333333333333
"2570",0.125
"2571",0.126666666666667
"2572",0.125
"2573",0.126666666666667
"2574",0.125
"2575",0.126666666666667
"2576",0.125
"2577",0.125
"2578",0.126666666666667
"2579",0.125
"2580",0.126666666666667
"2581",0.125
"2582",0.126666666666667
"2583",0.125
"2584",0.125
"2585",0.126666666666667
"2586",0.125
"2587",0.126666666666667
"2588",0.125
"2589",0.126666666666667
"2590",0.125
"2591",0.123333333333333
"2592",0.125
"2593",0.123333333333333
"2594",0.125
"2595",0.123333333333333
"2596",0.125
"2597",0.123333333333333
"2598",0.125
"2599",0.126666666666667
"2600",0.125
"2601",0.126666666666667
"2602",0.125
"2603",0.126666666666667
"2604",0.125
"2605",0.125
"2606",0.126666666666667
"2607",0.125
"2608",0.126666666666667
"2609",0.125
"2610",0.126666666666667
"2611",0.125
"2612",0.125
"2613",0.126666666666667
"2614",0.125
"2615",0.126666666666667
"2616",0.125
"2617",0.126666666666667
"2618",0.125
"2619",0.125
"2620",0.126666666666667
"2621",0.125
"2622",0.126666666666667
"2623",0.125
"2624",0.126666666666667
"2625",0.125
"2626",0.125
"2627",0.126666666666667
"2628",0.125
"2629",0.126666666666667
"2630",0.125
"2631",0.126666666666667
"2632",0.125
"2633",0.121666666666667
"2634",0.123333333333333
"2635",0.121666666666667
"2636",0.123333333333333
"2637",0.121666666666667
"2638",0.123333333333333
"2639",0.121666666666667
"2640",0.125
"2641",0.126666666666667
"2642",0.125
"2643",0.126666666666667
"2644",0.125
"2645",0.126666666666667
"2646",0.125
"2647",0.123333333333333
"2648",0.125
"2649",0.123333333333333
"2650",0.125
"2651",0.123333333333333
"2652",0.125
"2653",0.123333333333333
"2654",0.125
"2655",0.126666666666667
"2656",0.125
"2657",0.126666666666667
"2658",0.125
"2659",0.126666666666667
"2660",0.125
"2661",0.125
"2662",0.126666666666667
"2663",0.125
"2664",0.126666666666667
"2665",0.125
"2666",0.126666666666667
"2667",0.125
"2668",0.126666666666667
"2669",0.128333333333333
"2670",0.126666666666667
"2671",0.128333333333333
"2672",0.126666666666667
"2673",0.128333333333333
"2674",0.126666666666667
"2675",0.125
"2676",0.126666666666667
"2677",0.125
"2678",0.126666666666667
"2679",0.125
"2680",0.126666666666667
"2681",0.125
"2682",0.125
"2683",0.126666666666667
"2684",0.125
"2685",0.126666666666667
"2686",0.125
"2687",0.126666666666667
"2688",0.125
"2689",0.125
"2690",0.126666666666667
"2691",0.125
"2692",0.126666666666667
"2693",0.125
"2694",0.126666666666667
"2695",0.125
"2696",0.125
"2697",0.126666666666667
"2698",0.125
"2699",0.126666666666667
"2700",0.125
"2701",0.126666666666667
"2702",0.125
"2703",0.125
"2704",0.126666666666667
"2705",0.125
"2706",0.126666666666667
"2707",0.125
"2708",0.126666666666667
"2709",0.125
"2710",0.125
"2711",0.126666666666667
"2712",0.125
"2713",0.126666666666667
"2714",0.125
"2715",0.126666666666667
"2716",0.125
"2717",0.125
"2718",0.126666666666667
"2719",0.125
"2720",0.126666666666667
"2721",0.125
"2722",0.126666666666667
"2723",0.125
"2724",0.125
"2725",0.126666666666667
"2726",0.125
"2727",0.126666666666667
"2728",0.125
"2729",0.126666666666667
"2730",0.125
"2731",0.125
"2732",0.126666666666667
"2733",0.125
"2734",0.126666666666667
"2735",0.125
"2736",0.126666666666667
"2737",0.125
"2738",0.125
"2739",0.126666666666667
"2740",0.125
"2741",0.126666666666667
"2742",0.125
"2743",0.126666666666667
"2744",0.125
"2745",0.125
"2746",0.126666666666667
"2747",0.125
"2748",0.126666666666667
"2749",0.125
"2750",0.126666666666667
"2751",0.125
"2752",0.125
"2753",0.126666666666667
"2754",0.125
"2755",0.126666666666667
"2756",0.125
"2757",0.126666666666667
"2758",0.125
"2759",0.123333333333333
"2760",0.125
"2761",0.123333333333333
"2762",0.125
"2763",0.123333333333333
"2764",0.125
"2765",0.123333333333333
"2766",0.125
"2767",0.126666666666667
"2768",0.125
"2769",0.126666666666667
"2770",0.125
"2771",0.126666666666667
"2772",0.125
"2773",0.125
"2774",0.126666666666667
"2775",0.125
"2776",0.126666666666667
"2777",0.125
"2778",0.126666666666667
"2779",0.125
"2780",0.125
"2781",0.126666666666667
"2782",0.125
"2783",0.126666666666667
"2784",0.125
"2785",0.126666666666667
"2786",0.125
"2787",0.125
"2788",0.126666666666667
"2789",0.125
"2790",0.126666666666667
"2791",0.125
"2792",0.126666666666667
"2793",0.125
"2794",0.126666666666667
"2795",0.128333333333333
"2796",0.126666666666667
"2797",0.128333333333333
"2798",0.126666666666667
"2799",0.128333333333333
"2800",0.126666666666667
"2801",0.126666666666667
"2802",0.128333333333333
"2803",0.126666666666667
"2804",0.128333333333333
"2805",0.126666666666667
"2806",0.128333333333333
"2807",0.126666666666667
"2808",0.125
"2809",0.126666666666667
"2810",0.125
"2811",0.126666666666667
"2812",0.125
"2813",0.126666666666667
"2814",0.125
"2815",0.125
"2816",0.126666666666667
"2817",0.125
"2818",0.126666666666667
"2819",0.125
"2820",0.126666666666667
"2821",0.125
"2822",0.125
"2823",0.126666666666667
"2824",0.125
"2825",0.126666666666667
"2826",0.125
"2827",0.126666666666667
"2828",0.125
"2829",0.123333333333333
"2830",0.125
"2831",0.123333333333333
"2832",0.125
"2833",0.123333333333333
"2834",0.125
"2835",0.123333333333333
"2836",0.125
"2837",0.126666666666667
"2838",0.125
"2839",0.126666666666667
"2840",0.125
"2841",0.126666666666667
"2842",0.125
"2843",0.125
"2844",0.126666666666667
"2845",0.125
"2846",0.126666666666667
"2847",0.125
"2848",0.126666666666667
"2849",0.125
"2850",0.125
"2851",0.126666666666667
"2852",0.125
"2853",0.126666666666667
"2854",0.125
"2855",0.126666666666667
"2856",0.125
"2857",0.125
"2858",0.126666666666667
"2859",0.125
"2860",0.126666666666667
"2861",0.125
"2862",0.126666666666667
"2863",0.125
"2864",0.125
"2865",0.126666666666667
"2866",0.125
"2867",0.126666666666667
"2868",0.125
"2869",0.126666666666667
"2870",0.125
"2871",0.125
"2872",0.126666666666667
"2873",0.125
"2874",0.126666666666667
"2875",0.125
"2876",0.126666666666667
"2877",0.125
"2878",0.125
"2879",0.126666666666667
"2880",0.125
"2881",0.126666666666667
"2882",0.125
"2883",0.126666666666667
"2884",0.125
"2885",0.125
"2886",0.126666666666667
"2887",0.125
"2888",0.126666666666667
"2889",0.125
"2890",0.126666666666667
"2891",0.125
"2892",0.125
"2893",0.126666666666667
"2894",0.125
"2895",0.126666666666667
"2896",0.125
"2897",0.126666666666667
"2898",0.125
"2899",0.125
"2900",0.126666666666667
"2901",0.125
"2902",0.126666666666667
"2903",0.125
"2904",0.126666666666667
"2905",0.125
"2906",0.125
"2907",0.126666666666667
"2908",0.125
"2909",0.126666666666667
"2910",0.125
"2911",0.126666666666667
"2912",0.125
"2913",0.125
"2914",0.126666666666667
"2915",0.125
"2916",0.126666666666667
"2917",0.125
"2918",0.126666666666667
"2919",0.125
"2920",0.126666666666667
"2921",0.128333333333333
"2922",0.126666666666667
"2923",0.128333333333333
"2924",0.126666666666667
"2925",0.128333333333333
"2926",0.126666666666667
"2927",0.125
"2928",0.126666666666667
"2929",0.125
"2930",0.126666666666667
"2931",0.125
"2932",0.126666666666667
"2933",0.125
"2934",0.125
"2935",0.126666666666667
"2936",0.125
"2937",0.126666666666667
"2938",0.125
"2939",0.126666666666667
"2940",0.125
"2941",0.125
"2942",0.126666666666667
"2943",0.125
"2944",0.126666666666667
"2945",0.125
"2946",0.126666666666667
"2947",0.125
"2948",0.125
"2949",0.126666666666667
"2950",0.125
"2951",0.126666666666667
"2952",0.125
"2953",0.126666666666667
"2954",0.125
"2955",0.125
"2956",0.126666666666667
"2957",0.125
"2958",0.126666666666667
"2959",0.125
"2960",0.126666666666667
"2961",0.125
"2962",0.125
"2963",0.126666666666667
"2964",0.125
"2965",0.126666666666667
"2966",0.125
"2967",0.126666666666667
"2968",0.125
"2969",0.125
"2970",0.126666666666667
"2971",0.125
"2972",0.126666666666667
"2973",0.125
"2974",0.126666666666667
"2975",0.125
"2976",0.125
"2977",0.126666666666667
"2978",0.125
"2979",0.126666666666667
"2980",0.125
"2981",0.126666666666667
"2982",0.125
"2983",0.125
"2984",0.126666666666667
"2985",0.125
"2986",0.126666666666667
"2987",0.125
"2988",0.126666666666667
"2989",0.125
"2990",0.125
"2991",0.126666666666667
"2992",0.125
"2993",0.126666666666667
"2994",0.125
"2995",0.126666666666667
"2996",0.125
"2997",0.121666666666667
"2998",0.123333333333333
"2999",0.121666666666667
"3000",0.123333333333333
"3001",0.121666666666667
"3002",0.123333333333333
"3003",0.121666666666667
"3004",0.125
"3005",0.126666666666667
"3006",0.125
"3007",0.126666666666667
"3008",0.125
"3009",0.126666666666667
"3010",0.125
"3011",0.125
"3012",0.126666666666667
"3013",0.125
"3014",0.126666666666667
"3015",0.125
"3016",0.126666666666667
"3017",0.125
"3018",0.123333333333333
"3019",0.125
"3020",0.123333333333333
"3021",0.125
"3022",0.123333333333333
"3023",0.125
"3024",0.123333333333333
"3025",0.125
"3026",0.126666666666667
"3027",0.125
"3028",0.126666666666667
"3029",0.125
"3030",0.126666666666667
"3031",0.125
"3032",0.123333333333333
"3033",0.125
"3034",0.123333333333333
"3035",0.125
"3036",0.123333333333333
"3037",0.125
"3038",0.123333333333333
"3039",0.125
"3040",0.126666666666667
"3041",0.125
"3042",0.126666666666667
"3043",0.125
"3044",0.126666666666667
"3045",0.125
"3046",0.125
"3047",0.126666666666667
"3048",0.125
"3049",0.126666666666667
"3050",0.125
"3051",0.126666666666667
"3052",0.125
"3053",0.125
"3054",0.126666666666667
"3055",0.125
"3056",0.126666666666667
"3057",0.125
"3058",0.126666666666667
"3059",0.125
"3060",0.125
"3061",0.126666666666667
"3062",0.125
"3063",0.126666666666667
"3064",0.125
"3065",0.126666666666667
"3066",0.125
"3067",0.125
"3068",0.126666666666667
"3069",0.125
"3070",0.126666666666667
"3071",0.125
"3072",0.126666666666667
"3073",0.125
"3074",0.126666666666667
"3075",0.128333333333333
"3076",0.126666666666667
"3077",0.128333333333333
"3078",0.126666666666667
"3079",0.128333333333333
"3080",0.126666666666667
"3081",0.126666666666667
"3082",0.128333333333333
"3083",0.126666666666667
"3084",0.128333333333333
"3085",0.126666666666667
"3086",0.128333333333333
"3087",0.126666666666667
"3088",0.123333333333333
"3089",0.125
"3090",0.123333333333333
"3091",0.125
"3092",0.123333333333333
"3093",0.125
"3094",0.123333333333333
"3095",0.125
"3096",0.126666666666667
"3097",0.125
"3098",0.126666666666667
"3099",0.125
"3100",0.126666666666667
"3101",0.125
"3102",0.125
"3103",0.126666666666667
"3104",0.125
"3105",0.126666666666667
"3106",0.125
"3107",0.126666666666667
"3108",0.125
"3109",0.125
"3110",0.126666666666667
"3111",0.125
"3112",0.126666666666667
"3113",0.125
"3114",0.126666666666667
"3115",0.125
"3116",0.125
"3117",0.126666666666667
"3118",0.125
"3119",0.126666666666667
"3120",0.125
"3121",0.126666666666667
"3122",0.125
"3123",0.125
"3124",0.126666666666667
"3125",0.125
"3126",0.126666666666667
"3127",0.125
"3128",0.126666666666667
"3129",0.125
"3130",0.125
"3131",0.126666666666667
"3132",0.125
"3133",0.126666666666667
"3134",0.125
"3135",0.126666666666667
"3136",0.125
"3137",0.125
"3138",0.126666666666667
"3139",0.125
"3140",0.126666666666667
"3141",0.125
"3142",0.126666666666667
"3143",0.125
"3144",0.111666666666667
"3145",0.113333333333333
"3146",0.111666666666667
"3147",0.113333333333333
"3148",0.111666666666667
"3149",0.113333333333333
"3150",0.111666666666667
"3151",0.111666666666667
"3152",0.113333333333333
"3153",0.111666666666667
"3154",0.113333333333333
"3155",0.111666666666667
"3156",0.113333333333333
"3157",0.111666666666667
"3158",0.111666666666667
"3159",0.113333333333333
"3160",0.111666666666667
"3161",0.113333333333333
"3162",0.111666666666667
"3163",0.113333333333333
"3164",0.111666666666667
"3165",0.111666666666667
"3166",0.113333333333333
"3167",0.111666666666667
"3168",0.113333333333333
"3169",0.111666666666667
"3170",0.113333333333333
"3171",0.111666666666667
"3172",0.111666666666667
"3173",0.113333333333333
"3174",0.111666666666667
"3175",0.113333333333333
"3176",0.111666666666667
"3177",0.113333333333333
"3178",0.111666666666667
"3179",0.113333333333333
"3180",0.115
"3181",0.113333333333333
"3182",0.115
"3183",0.113333333333333
"3184",0.115
"3185",0.113333333333333
"3186",0.111666666666667
"3187",0.113333333333333
"3188",0.111666666666667
"3189",0.113333333333333
"3190",0.111666666666667
"3191",0.113333333333333
"3192",0.111666666666667
"3193",0.0266666666666667
"3194",0.0283333333333333
"3195",0.0266666666666667
"3196",0.0283333333333333
"3197",0.0266666666666667
"3198",0.0283333333333333
"3199",0.0266666666666667
"3200",0.0266666666666667
"3201",0.0283333333333333
"3202",0.0266666666666667
"3203",0.0283333333333333
"3204",0.0266666666666667
"3205",0.0283333333333333
"3206",0.0266666666666667
"3207",0.02
"3208",0.0183333333333333
"3209",0.02
"3210",0.0183333333333333
"3211",0.02
"3212",0.0183333333333333
"3213",0.02
"3214",0.0233333333333333
"3215",0.0216666666666667
"3216",0.0233333333333333
"3217",0.0216666666666667
"3218",0.0233333333333333
"3219",0.0216666666666667
"3220",0.0233333333333333
"3221",0.02
"3222",0.0183333333333333
"3223",0.02
"3224",0.0183333333333333
"3225",0.02
"3226",0.0183333333333333
"3227",0.02
"3228",0.0216666666666667
"3229",0.02
"3230",0.0216666666666667
"3231",0.02
"3232",0.0216666666666667
"3233",0.02
"3234",0.0216666666666667
"3235",0.0216666666666667
"3236",0.02
"3237",0.0216666666666667
"3238",0.02
"3239",0.0216666666666667
"3240",0.02
"3241",0.0216666666666667
"3242",0.02
"3243",0.0183333333333333
"3244",0.02
"3245",0.0183333333333333
"3246",0.02
"3247",0.0183333333333333
"3248",0.02
"3249",0.02
"3250",0.0183333333333333
"3251",0.02
"3252",0.0183333333333333
"3253",0.02
"3254",0.0183333333333333
"3255",0.02
"3256",0.0183333333333333
"3257",0.02
"3258",0.0183333333333333
"3259",0.02
"3260",0.0183333333333333
"3261",0.02
"3262",0.0183333333333333
"3263",0.02
"3264",0.0183333333333333
"3265",0.02
"3266",0.0183333333333333
"3267",0.02
"3268",0.0183333333333333
"3269",0.02
"3270",0.0216666666666667
"3271",0.02
"3272",0.0216666666666667
"3273",0.02
"3274",0.0216666666666667
"3275",0.02
"3276",0.0216666666666667
"3277",0.0183333333333333
"3278",0.02
"3279",0.0183333333333333
"3280",0.02
"3281",0.0183333333333333
"3282",0.02
"3283",0.0183333333333333
"3284",0.0216666666666667
"3285",0.02
"3286",0.0216666666666667
"3287",0.02
"3288",0.0216666666666667
"3289",0.02
"3290",0.0216666666666667
"3291",0.0233333333333333
"3292",0.0216666666666667
"3293",0.0233333333333333
"3294",0.0216666666666667
"3295",0.0233333333333333
"3296",0.0216666666666667
"3297",0.0233333333333333
"3298",0.0233333333333333
"3299",0.0216666666666667
"3300",0.0233333333333333
"3301",0.0216666666666667
"3302",0.0233333333333333
"3303",0.0216666666666667
"3304",0.0233333333333333
"3305",0.02
"3306",0.0183333333333333
"3307",0.02
"3308",0.0183333333333333
"3309",0.02
"3310",0.0183333333333333
"3311",0.02
"3312",0.0233333333333333
"3313",0.0216666666666667
"3314",0.0233333333333333
"3315",0.0216666666666667
"3316",0.0233333333333333
"3317",0.0216666666666667
"3318",0.0233333333333333
"3319",0.116666666666667
"3320",0.118333333333333
"3321",0.116666666666667
"3322",0.118333333333333
"3323",0.116666666666667
"3324",0.118333333333333
"3325",0.116666666666667
"3326",0.111666666666667
"3327",0.111666666666667
"3328",0.111666666666667
"3329",0.111666666666667
"3330",0.111666666666667
"3331",0.111666666666667
"3332",0.111666666666667
"3333",0.116666666666667
"3334",0.118333333333333
"3335",0.116666666666667
"3336",0.118333333333333
"3337",0.116666666666667
"3338",0.118333333333333
"3339",0.116666666666667
"3340",0.118333333333333
"3341",0.12
"3342",0.118333333333333
"3343",0.12
"3344",0.118333333333333
"3345",0.12
"3346",0.118333333333333
"3347",0.116666666666667
"3348",0.118333333333333
"3349",0.116666666666667
"3350",0.118333333333333
"3351",0.116666666666667
"3352",0.118333333333333
"3353",0.116666666666667
"3354",0.116666666666667
"3355",0.118333333333333
"3356",0.116666666666667
"3357",0.118333333333333
"3358",0.116666666666667
"3359",0.118333333333333
"3360",0.116666666666667
"3361",0.116666666666667
"3362",0.118333333333333
"3363",0.116666666666667
"3364",0.118333333333333
"3365",0.116666666666667
"3366",0.118333333333333
"3367",0.116666666666667
"3368",0.116666666666667
"3369",0.118333333333333
"3370",0.116666666666667
"3371",0.118333333333333
"3372",0.116666666666667
"3373",0.118333333333333
"3374",0.116666666666667
"3375",0.116666666666667
"3376",0.118333333333333
"3377",0.116666666666667
"3378",0.118333333333333
"3379",0.116666666666667
"3380",0.118333333333333
"3381",0.116666666666667
"3382",0.116666666666667
"3383",0.118333333333333
"3384",0.116666666666667
"3385",0.118333333333333
"3386",0.116666666666667
"3387",0.118333333333333
"3388",0.116666666666667
"3389",0.116666666666667
"3390",0.118333333333333
"3391",0.116666666666667
"3392",0.118333333333333
"3393",0.116666666666667
"3394",0.118333333333333
"3395",0.116666666666667
"3396",0.118333333333333
"3397",0.116666666666667
"3398",0.118333333333333
"3399",0.116666666666667
"3400",0.118333333333333
"3401",0.116666666666667
"3402",0.118333333333333
"3403",0.115
"3404",0.116666666666667
"3405",0.115
"3406",0.116666666666667
"3407",0.115
"3408",0.116666666666667
"3409",0.115
"3410",0.116666666666667
"3411",0.118333333333333
"3412",0.116666666666667
"3413",0.118333333333333
"3414",0.116666666666667
"3415",0.118333333333333
"3416",0.116666666666667
"3417",0.116666666666667
"3418",0.118333333333333
"3419",0.116666666666667
"3420",0.118333333333333
"3421",0.116666666666667
"3422",0.118333333333333
"3423",0.116666666666667
"3424",0.116666666666667
"3425",0.118333333333333
"3426",0.116666666666667
"3427",0.118333333333333
"3428",0.116666666666667
"3429",0.118333333333333
"3430",0.116666666666667
"3431",0.116666666666667
"3432",0.118333333333333
"3433",0.116666666666667
"3434",0.118333333333333
"3435",0.116666666666667
"3436",0.118333333333333
"3437",0.116666666666667
"3438",0.116666666666667
"3439",0.118333333333333
"3440",0.116666666666667
"3441",0.118333333333333
"3442",0.116666666666667
"3443",0.118333333333333
"3444",0.116666666666667
"3445",0.116666666666667
"3446",0.118333333333333
"3447",0.116666666666667
"3448",0.118333333333333
"3449",0.116666666666667
"3450",0.118333333333333
"3451",0.116666666666667
"3452",0.116666666666667
"3453",0.118333333333333
"3454",0.116666666666667
"3455",0.118333333333333
"3456",0.116666666666667
"3457",0.118333333333333
"3458",0.116666666666667
"3459",0.116666666666667
"3460",0.118333333333333
"3461",0.116666666666667
"3462",0.118333333333333
"3463",0.116666666666667
"3464",0.118333333333333
"3465",0.116666666666667
"3466",0.116666666666667
"3467",0.118333333333333
"3468",0.116666666666667
"3469",0.118333333333333
"3470",0.116666666666667
"3471",0.118333333333333
"3472",0.116666666666667
"3473",0.116666666666667
"3474",0.118333333333333
"3475",0.116666666666667
"3476",0.118333333333333
"3477",0.116666666666667
"3478",0.118333333333333
"3479",0.116666666666667
"3480",0.116666666666667
"3481",0.118333333333333
"3482",0.116666666666667
"3483",0.118333333333333
"3484",0.116666666666667
"3485",0.118333333333333
"3486",0.116666666666667
"3487",0.116666666666667
"3488",0.118333333333333
"3489",0.116666666666667
"3490",0.118333333333333
"3491",0.116666666666667
"3492",0.118333333333333
"3493",0.116666666666667
"3494",0.115
"3495",0.116666666666667
"3496",0.115
"3497",0.116666666666667
"3498",0.115
"3499",0.116666666666667
"3500",0.115
"3501",0.116666666666667
"3502",0.118333333333333
"3503",0.116666666666667
"3504",0.118333333333333
"3505",0.116666666666667
"3506",0.118333333333333
"3507",0.116666666666667
"3508",0.116666666666667
"3509",0.118333333333333
"3510",0.116666666666667
"3511",0.118333333333333
"3512",0.116666666666667
"3513",0.118333333333333
"3514",0.116666666666667
"3515",0.116666666666667
"3516",0.118333333333333
"3517",0.116666666666667
"3518",0.118333333333333
"3519",0.116666666666667
"3520",0.118333333333333
"3521",0.116666666666667
"3522",0.116666666666667
"3523",0.118333333333333
"3524",0.116666666666667
"3525",0.118333333333333
"3526",0.116666666666667
"3527",0.118333333333333
"3528",0.116666666666667
"3529",0.116666666666667
"3530",0.118333333333333
"3531",0.116666666666667
"3532",0.118333333333333
"3533",0.116666666666667
"3534",0.118333333333333
"3535",0.116666666666667
"3536",0.118333333333333
"3537",0.12
"3538",0.118333333333333
"3539",0.12
"3540",0.118333333333333
"3541",0.12
"3542",0.118333333333333
"3543",0.116666666666667
"3544",0.118333333333333
"3545",0.116666666666667
"3546",0.118333333333333
"3547",0.116666666666667
"3548",0.118333333333333
"3549",0.116666666666667
"3550",0.116666666666667
"3551",0.118333333333333
"3552",0.116666666666667
"3553",0.118333333333333
"3554",0.116666666666667
"3555",0.118333333333333
"3556",0.116666666666667
"3557",0.116666666666667
"3558",0.118333333333333
"3559",0.116666666666667
"3560",0.118333333333333
"3561",0.116666666666667
"3562",0.118333333333333
"3563",0.116666666666667
"3564",0.116666666666667
"3565",0.118333333333333
"3566",0.116666666666667
"3567",0.118333333333333
"3568",0.116666666666667
"3569",0.118333333333333
"3570",0.116666666666667
"3571",0.116666666666667
"3572",0.118333333333333
"3573",0.116666666666667
"3574",0.118333333333333
"3575",0.116666666666667
"3576",0.118333333333333
"3577",0.116666666666667
"3578",0.116666666666667
"3579",0.118333333333333
"3580",0.116666666666667
"3581",0.118333333333333
"3582",0.116666666666667
"3583",0.118333333333333
"3584",0.116666666666667
"3585",0.116666666666667
"3586",0.118333333333333
"3587",0.116666666666667
"3588",0.118333333333333
"3589",0.116666666666667
"3590",0.118333333333333
"3591",0.116666666666667
"3592",0.116666666666667
"3593",0.118333333333333
"3594",0.116666666666667
"3595",0.118333333333333
"3596",0.116666666666667
"3597",0.118333333333333
"3598",0.116666666666667
"3599",0.116666666666667
"3600",0.118333333333333
"3601",0.116666666666667
"3602",0.118333333333333
"3603",0.116666666666667
"3604",0.118333333333333
"3605",0.116666666666667
"3606",0.116666666666667
"3607",0.118333333333333
"3608",0.116666666666667
"3609",0.118333333333333
"3610",0.116666666666667
"3611",0.118333333333333
"3612",0.116666666666667
"3613",0.115
"3614",0.116666666666667
"3615",0.115
"3616",0.116666666666667
"3617",0.115
"3618",0.116666666666667
"3619",0.115
"3620",0.116666666666667
"3621",0.118333333333333
"3622",0.116666666666667
"3623",0.118333333333333
"3624",0.116666666666667
"3625",0.118333333333333
"3626",0.116666666666667
"3627",0.116666666666667
"3628",0.118333333333333
"3629",0.116666666666667
"3630",0.118333333333333
"3631",0.116666666666667
"3632",0.118333333333333
"3633",0.116666666666667
"3634",0.116666666666667
"3635",0.118333333333333
"3636",0.116666666666667
"3637",0.118333333333333
"3638",0.116666666666667
"3639",0.118333333333333
"3640",0.116666666666667
"3641",0.116666666666667
"3642",0.118333333333333
"3643",0.116666666666667
"3644",0.118333333333333
"3645",0.116666666666667
"3646",0.118333333333333
"3647",0.116666666666667
"3648",0.116666666666667
"3649",0.118333333333333
"3650",0.116666666666667
"3651",0.118333333333333
"3652",0.116666666666667
"3653",0.118333333333333
"3654",0.116666666666667
"3655",0.116666666666667
"3656",0.118333333333333
"3657",0.116666666666667
"3658",0.118333333333333
"3659",0.116666666666667
"3660",0.118333333333333
"3661",0.116666666666667
"3662",0.116666666666667
"3663",0.118333333333333
"3664",0.116666666666667
"3665",0.118333333333333
"3666",0.116666666666667
"3667",0.118333333333333
"3668",0.116666666666667
"3669",0.118333333333333
"3670",0.12
"3671",0.118333333333333
"3672",0.12
"3673",0.118333333333333
"3674",0.12
"3675",0.118333333333333
"3676",0.116666666666667
"3677",0.118333333333333
"3678",0.116666666666667
"3679",0.118333333333333
"3680",0.116666666666667
"3681",0.118333333333333
"3682",0.116666666666667
"3683",0.116666666666667
"3684",0.118333333333333
"3685",0.116666666666667
"3686",0.118333333333333
"3687",0.116666666666667
"3688",0.118333333333333
"3689",0.116666666666667
"3690",0.116666666666667
"3691",0.118333333333333
"3692",0.116666666666667
"3693",0.118333333333333
"3694",0.116666666666667
"3695",0.118333333333333
"3696",0.116666666666667
"3697",0.118333333333333
"3698",0.12
"3699",0.118333333333333
"3700",0.12
"3701",0.118333333333333
"3702",0.12
"3703",0.118333333333333
"3704",0.116666666666667
"3705",0.118333333333333
"3706",0.116666666666667
"3707",0.118333333333333
"3708",0.116666666666667
"3709",0.118333333333333
"3710",0.116666666666667
"3711",0.116666666666667
"3712",0.118333333333333
"3713",0.116666666666667
"3714",0.118333333333333
"3715",0.116666666666667
"3716",0.118333333333333
"3717",0.116666666666667
"3718",0.116666666666667
"3719",0.118333333333333
"3720",0.116666666666667
"3721",0.118333333333333
"3722",0.116666666666667
"3723",0.118333333333333
"3724",0.116666666666667
"3725",0.116666666666667
"3726",0.118333333333333
"3727",0.116666666666667
"3728",0.118333333333333
"3729",0.116666666666667
"3730",0.118333333333333
"3731",0.116666666666667
"3732",0.115
"3733",0.116666666666667
"3734",0.115
"3735",0.116666666666667
"3736",0.115
"3737",0.116666666666667
"3738",0.115
"3739",0.116666666666667
"3740",0.118333333333333
"3741",0.116666666666667
"3742",0.118333333333333
"3743",0.116666666666667
"3744",0.118333333333333
"3745",0.116666666666667
"3746",0.116666666666667
"3747",0.118333333333333
"3748",0.116666666666667
"3749",0.118333333333333
"3750",0.116666666666667
"3751",0.118333333333333
"3752",0.116666666666667
"3753",0.116666666666667
"3754",0.118333333333333
"3755",0.116666666666667
"3756",0.118333333333333
"3757",0.116666666666667
"3758",0.118333333333333
"3759",0.116666666666667
"3760",0.116666666666667
"3761",0.118333333333333
"3762",0.116666666666667
"3763",0.118333333333333
"3764",0.116666666666667
"3765",0.118333333333333
"3766",0.116666666666667
"3767",0.116666666666667
"3768",0.118333333333333
"3769",0.116666666666667
"3770",0.118333333333333
"3771",0.116666666666667
"3772",0.118333333333333
"3773",0.116666666666667
"3774",0.116666666666667
"3775",0.118333333333333
"3776",0.116666666666667
"3777",0.118333333333333
"3778",0.116666666666667
"3779",0.118333333333333
"3780",0.116666666666667
"3781",0.116666666666667
"3782",0.118333333333333
"3783",0.116666666666667
"3784",0.118333333333333
"3785",0.116666666666667
"3786",0.118333333333333
"3787",0.116666666666667
"3788",0.116666666666667
"3789",0.118333333333333
"3790",0.116666666666667
"3791",0.118333333333333
"3792",0.116666666666667
"3793",0.118333333333333
"3794",0.116666666666667
"3795",0.116666666666667
"3796",0.118333333333333
"3797",0.116666666666667
"3798",0.118333333333333
"3799",0.116666666666667
"3800",0.118333333333333
"3801",0.116666666666667
"3802",0.116666666666667
"3803",0.118333333333333
"3804",0.116666666666667
"3805",0.118333333333333
"3806",0.116666666666667
"3807",0.118333333333333
"3808",0.116666666666667
"3809",0.118333333333333
"3810",0.12
"3811",0.118333333333333
"3812",0.12
"3813",0.118333333333333
"3814",0.12
"3815",0.118333333333333
"3816",0.116666666666667
"3817",0.118333333333333
"3818",0.116666666666667
"3819",0.118333333333333
"3820",0.116666666666667
"3821",0.118333333333333
"3822",0.116666666666667
"3823",0.116666666666667
"3824",0.118333333333333
"3825",0.116666666666667
"3826",0.118333333333333
"3827",0.116666666666667
"3828",0.118333333333333
"3829",0.116666666666667
"3830",0.11
"3831",0.111666666666667
"3832",0.11
"3833",0.111666666666667
"3834",0.11
"3835",0.111666666666667
"3836",0.11
"3837",0.116666666666667
"3838",0.118333333333333
"3839",0.116666666666667
"3840",0.118333333333333
"3841",0.116666666666667
"3842",0.118333333333333
"3843",0.116666666666667
"3844",0.116666666666667
"3845",0.118333333333333
"3846",0.116666666666667
"3847",0.118333333333333
"3848",0.116666666666667
"3849",0.118333333333333
"3850",0.116666666666667
"3851",0.0833333333333333
"3852",0.085
"3853",0.0833333333333333
"3854",0.085
"3855",0.0833333333333333
"3856",0.085
"3857",0.0833333333333333
"3858",0.085
"3859",0.0866666666666667
"3860",0.085
"3861",0.0866666666666667
"3862",0.085
"3863",0.0866666666666667
"3864",0.085
"3865",0.105
"3866",0.106666666666667
"3867",0.105
"3868",0.106666666666667
"3869",0.105
"3870",0.106666666666667
"3871",0.105
"3872",0.105
"3873",0.106666666666667
"3874",0.105
"3875",0.106666666666667
"3876",0.105
"3877",0.106666666666667
"3878",0.105
"3879",0.128333333333333
"3880",0.13
"3881",0.128333333333333
"3882",0.13
"3883",0.128333333333333
"3884",0.13
"3885",0.128333333333333
"3886",0.13
"3887",0.131666666666667
"3888",0.13
"3889",0.131666666666667
"3890",0.13
"3891",0.131666666666667
"3892",0.13
"3893",0.05
"3894",0.0516666666666667
"3895",0.05
"3896",0.0516666666666667
"3897",0.05
"3898",0.0516666666666667
"3899",0.05
"3900",0.0516666666666667
"3901",0.0533333333333333
"3902",0.0516666666666667
"3903",0.0533333333333333
"3904",0.0516666666666667
"3905",0.0533333333333333
"3906",0.0516666666666667
"3907",0.05
"3908",0.0516666666666667
"3909",0.05
"3910",0.0516666666666667
"3911",0.05
"3912",0.0516666666666667
"3913",0.05
"3914",0.106666666666667
"3915",0.108333333333333
"3916",0.106666666666667
"3917",0.108333333333333
"3918",0.106666666666667
"3919",0.108333333333333
"3920",0.106666666666667
"3921",0.106666666666667
"3922",0.108333333333333
"3923",0.106666666666667
"3924",0.108333333333333
"3925",0.106666666666667
"3926",0.108333333333333
"3927",0.106666666666667
"3928",0.106666666666667
"3929",0.108333333333333
"3930",0.106666666666667
"3931",0.108333333333333
"3932",0.106666666666667
"3933",0.108333333333333
"3934",0.106666666666667
"3935",0.113333333333333
"3936",0.115
"3937",0.113333333333333
"3938",0.115
"3939",0.113333333333333
"3940",0.115
"3941",0.113333333333333
"3942",0.11
"3943",0.111666666666667
"3944",0.11
"3945",0.111666666666667
"3946",0.11
"3947",0.111666666666667
"3948",0.11
"3949",0.113333333333333
"3950",0.115
"3951",0.113333333333333
"3952",0.115
"3953",0.113333333333333
"3954",0.115
"3955",0.113333333333333
"3956",0.105
"3957",0.106666666666667
"3958",0.105
"3959",0.106666666666667
"3960",0.105
"3961",0.106666666666667
"3962",0.105
"3963",0.11
"3964",0.111666666666667
"3965",0.11
"3966",0.111666666666667
"3967",0.11
"3968",0.111666666666667
"3969",0.11
"3970",0.11
"3971",0.111666666666667
"3972",0.11
"3973",0.111666666666667
"3974",0.11
"3975",0.111666666666667
"3976",0.11
"3977",0.113333333333333
"3978",0.115
"3979",0.113333333333333
"3980",0.115
"3981",0.113333333333333
"3982",0.115
"3983",0.113333333333333
"3984",0.106666666666667
"3985",0.108333333333333
"3986",0.106666666666667
"3987",0.108333333333333
"3988",0.106666666666667
"3989",0.108333333333333
"3990",0.106666666666667
"3991",0.113333333333333
"3992",0.115
"3993",0.113333333333333
"3994",0.115
"3995",0.113333333333333
"3996",0.115
"3997",0.113333333333333
"3998",0.108333333333333
"3999",0.11
"4000",0.108333333333333
"4001",0.11
"4002",0.108333333333333
"4003",0.11
"4004",0.108333333333333
"4005",0.11
"4006",0.111666666666667
"4007",0.11
"4008",0.111666666666667
"4009",0.11
"4010",0.111666666666667
"4011",0.11
"4012",0.113333333333333
"4013",0.115
"4014",0.113333333333333
"4015",0.115
"4016",0.113333333333333
"4017",0.115
"4018",0.113333333333333
"4019",0.111666666666667
"4020",0.113333333333333
"4021",0.111666666666667
"4022",0.113333333333333
"4023",0.111666666666667
"4024",0.113333333333333
"4025",0.111666666666667
"4026",0.105
"4027",0.106666666666667
"4028",0.105
"4029",0.106666666666667
"4030",0.105
"4031",0.106666666666667
"4032",0.105
"4033",0.113333333333333
"4034",0.115
"4035",0.113333333333333
"4036",0.115
"4037",0.113333333333333
"4038",0.115
"4039",0.113333333333333
"4040",0.108333333333333
"4041",0.11
"4042",0.108333333333333
"4043",0.11
"4044",0.108333333333333
"4045",0.11
"4046",0.108333333333333
"4047",0.11
"4048",0.111666666666667
"4049",0.11
"4050",0.111666666666667
"4051",0.11
"4052",0.111666666666667
"4053",0.11
"4054",0.106666666666667
"4055",0.108333333333333
"4056",0.106666666666667
"4057",0.108333333333333
"4058",0.106666666666667
"4059",0.108333333333333
"4060",0.106666666666667
"4061",0.108333333333333
"4062",0.11
"4063",0.108333333333333
"4064",0.11
"4065",0.108333333333333
"4066",0.11
"4067",0.108333333333333
"4068",0.106666666666667
"4069",0.108333333333333
"4070",0.106666666666667
"4071",0.108333333333333
"4072",0.106666666666667
"4073",0.108333333333333
"4074",0.106666666666667
"4075",0.113333333333333
"4076",0.115
"4077",0.113333333333333
"4078",0.115
"4079",0.113333333333333
"4080",0.115
"4081",0.113333333333333
"4082",0.113333333333333
"4083",0.115
"4084",0.113333333333333
"4085",0.115
"4086",0.113333333333333
"4087",0.115
"4088",0.113333333333333
"4089",0.113333333333333
"4090",0.115
"4091",0.113333333333333
"4092",0.115
"4093",0.113333333333333
"4094",0.115
"4095",0.113333333333333
"4096",0.113333333333333
"4097",0.115
"4098",0.113333333333333
"4099",0.115
"4100",0.113333333333333
"4101",0.115
"4102",0.113333333333333
"4103",0.11
"4104",0.111666666666667
"4105",0.11
"4106",0.111666666666667
"4107",0.11
"4108",0.111666666666667
"4109",0.11
"4110",0.105
"4111",0.106666666666667
"4112",0.105
"4113",0.106666666666667
"4114",0.105
"4115",0.106666666666667
"4116",0.105
"4117",0.113333333333333
"4118",0.115
"4119",0.113333333333333
"4120",0.115
"4121",0.113333333333333
"4122",0.115
"4123",0.113333333333333
"4124",0.108333333333333
"4125",0.11
"4126",0.108333333333333
"4127",0.11
"4128",0.108333333333333
"4129",0.11
"4130",0.108333333333333
"4131",0.11
"4132",0.111666666666667
"4133",0.11
"4134",0.111666666666667
"4135",0.11
"4136",0.111666666666667
"4137",0.11
"4138",0.106666666666667
"4139",0.108333333333333
"4140",0.106666666666667
"4141",0.108333333333333
"4142",0.106666666666667
"4143",0.108333333333333
"4144",0.106666666666667
"4145",0.11
"4146",0.111666666666667
"4147",0.11
"4148",0.111666666666667
"4149",0.11
"4150",0.111666666666667
"4151",0.11
"4152",0.11
"4153",0.111666666666667
"4154",0.11
"4155",0.111666666666667
"4156",0.11
"4157",0.111666666666667
"4158",0.11
"4159",0.11
"4160",0.111666666666667
"4161",0.11
"4162",0.111666666666667
"4163",0.11
"4164",0.111666666666667
"4165",0.11
"4166",0.108333333333333
"4167",0.11
"4168",0.108333333333333
"4169",0.11
"4170",0.108333333333333
"4171",0.11
"4172",0.108333333333333
"4173",0.105
"4174",0.106666666666667
"4175",0.105
"4176",0.106666666666667
"4177",0.105
"4178",0.106666666666667
"4179",0.105
"4180",0.113333333333333
"4181",0.115
"4182",0.113333333333333
"4183",0.115
"4184",0.113333333333333
"4185",0.115
"4186",0.113333333333333
"4187",0.11
"4188",0.111666666666667
"4189",0.11
"4190",0.111666666666667
"4191",0.11
"4192",0.111666666666667
"4193",0.11
"4194",0.111666666666667
"4195",0.113333333333333
"4196",0.111666666666667
"4197",0.113333333333333
"4198",0.111666666666667
"4199",0.113333333333333
"4200",0.111666666666667
"4201",0.106666666666667
"4202",0.108333333333333
"4203",0.106666666666667
"4204",0.108333333333333
"4205",0.106666666666667
"4206",0.108333333333333
"4207",0.106666666666667
"4208",0.108333333333333
"4209",0.11
"4210",0.108333333333333
"4211",0.11
"4212",0.108333333333333
"4213",0.11
"4214",0.108333333333333
"4215",0.113333333333333
"4216",0.115
"4217",0.113333333333333
"4218",0.115
"4219",0.113333333333333
"4220",0.115
"4221",0.113333333333333
"4222",0.111666666666667
"4223",0.113333333333333
"4224",0.111666666666667
"4225",0.113333333333333
"4226",0.111666666666667
"4227",0.113333333333333
"4228",0.111666666666667
"4229",0.11
"4230",0.111666666666667
"4231",0.11
"4232",0.111666666666667
"4233",0.11
"4234",0.111666666666667
"4235",0.11
"4236",0.113333333333333
"4237",0.115
"4238",0.113333333333333
"4239",0.115
"4240",0.113333333333333
"4241",0.115
"4242",0.113333333333333
"4243",0.11
"4244",0.111666666666667
"4245",0.11
"4246",0.111666666666667
"4247",0.11
"4248",0.111666666666667
"4249",0.11
"4250",0.113333333333333
"4251",0.115
"4252",0.113333333333333
"4253",0.115
"4254",0.113333333333333
"4255",0.115
"4256",0.113333333333333
"4257",0.108333333333333
"4258",0.11
"4259",0.108333333333333
"4260",0.11
"4261",0.108333333333333
"4262",0.11
"4263",0.108333333333333
"4264",0.113333333333333
"4265",0.115
"4266",0.113333333333333
"4267",0.115
"4268",0.113333333333333
"4269",0.115
"4270",0.113333333333333
"4271",0.11
"4272",0.111666666666667
"4273",0.11
"4274",0.111666666666667
"4275",0.11
"4276",0.111666666666667
"4277",0.11
"4278",0.111666666666667
"4279",0.113333333333333
"4280",0.111666666666667
"4281",0.113333333333333
"4282",0.111666666666667
"4283",0.113333333333333
"4284",0.111666666666667
"4285",0.111666666666667
"4286",0.113333333333333
"4287",0.111666666666667
"4288",0.113333333333333
"4289",0.111666666666667
"4290",0.113333333333333
"4291",0.111666666666667
"4292",0.111666666666667
"4293",0.113333333333333
"4294",0.111666666666667
"4295",0.113333333333333
"4296",0.111666666666667
"4297",0.113333333333333
"4298",0.111666666666667
"4299",0.111666666666667
"4300",0.113333333333333
"4301",0.111666666666667
"4302",0.113333333333333
"4303",0.111666666666667
"4304",0.113333333333333
"4305",0.111666666666667
"4306",0.111666666666667
"4307",0.113333333333333
"4308",0.111666666666667
"4309",0.113333333333333
"4310",0.111666666666667
"4311",0.113333333333333
"4312",0.111666666666667
"4313",0.11
"4314",0.111666666666667
"4315",0.11
"4316",0.111666666666667
"4317",0.11
"4318",0.111666666666667
"4319",0.11
"4320",0.113333333333333
"4321",0.115
"4322",0.113333333333333
"4323",0.115
"4324",0.113333333333333
"4325",0.115
"4326",0.113333333333333
"4327",0.111666666666667
"4328",0.113333333333333
"4329",0.111666666666667
"4330",0.113333333333333
"4331",0.111666666666667
"4332",0.113333333333333
"4333",0.111666666666667
"4334",0.0766666666666667
"4335",0.0783333333333333
"4336",0.0766666666666667
"4337",0.0783333333333333
"4338",0.0766666666666667
"4339",0.0783333333333333
"4340",0.0766666666666667
"4341",0.0716666666666667
"4342",0.07
"4343",0.0716666666666667
"4344",0.07
"4345",0.0716666666666667
"4346",0.07
"4347",0.0716666666666667
"4348",0.0716666666666667
"4349",0.0716666666666667
"4350",0.0716666666666667
"4351",0.0716666666666667
"4352",0.0716666666666667
"4353",0.0716666666666667
"4354",0.0716666666666667
"4355",0.0683333333333333
"4356",0.07
"4357",0.0683333333333333
"4358",0.07
"4359",0.0683333333333333
"4360",0.07
"4361",0.0683333333333333
"4362",0.135
"4363",0.136666666666667
"4364",0.135
"4365",0.136666666666667
"4366",0.135
"4367",0.136666666666667
"4368",0.135
"4369",0.135
"4370",0.136666666666667
"4371",0.135
"4372",0.136666666666667
"4373",0.135
"4374",0.136666666666667
"4375",0.135
"4376",0.135
"4377",0.136666666666667
"4378",0.135
"4379",0.136666666666667
"4380",0.135
"4381",0.136666666666667
"4382",0.135
"4383",0.133333333333333
"4384",0.135
"4385",0.133333333333333
"4386",0.135
"4387",0.133333333333333
"4388",0.135
"4389",0.133333333333333
"4390",0.133333333333333
"4391",0.135
"4392",0.133333333333333
"4393",0.135
"4394",0.133333333333333
"4395",0.135
"4396",0.133333333333333
"4397",0.133333333333333
"4398",0.135
"4399",0.133333333333333
"4400",0.135
"4401",0.133333333333333
"4402",0.135
"4403",0.133333333333333
"4404",0.135
"4405",0.136666666666667
"4406",0.135
"4407",0.136666666666667
"4408",0.135
"4409",0.136666666666667
"4410",0.135
"4411",0.135
"4412",0.136666666666667
"4413",0.135
"4414",0.136666666666667
"4415",0.135
"4416",0.136666666666667
"4417",0.135
"4418",0.135
"4419",0.136666666666667
"4420",0.135
"4421",0.136666666666667
"4422",0.135
"4423",0.136666666666667
"4424",0.135
"4425",0.135
"4426",0.136666666666667
"4427",0.135
"4428",0.136666666666667
"4429",0.135
"4430",0.136666666666667
"4431",0.135
"4432",0.135
"4433",0.136666666666667
"4434",0.135
"4435",0.136666666666667
"4436",0.135
"4437",0.136666666666667
"4438",0.135
"4439",0.133333333333333
"4440",0.135
"4441",0.133333333333333
"4442",0.135
"4443",0.133333333333333
"4444",0.135
"4445",0.133333333333333
"4446",0.135
"4447",0.136666666666667
"4448",0.135
"4449",0.136666666666667
"4450",0.135
"4451",0.136666666666667
"4452",0.135
"4453",0.136666666666667
"4454",0.138333333333333
"4455",0.136666666666667
"4456",0.138333333333333
"4457",0.136666666666667
"4458",0.138333333333333
"4459",0.136666666666667
"4460",0.136666666666667
"4461",0.138333333333333
"4462",0.136666666666667
"4463",0.138333333333333
"4464",0.136666666666667
"4465",0.138333333333333
"4466",0.136666666666667
"4467",0.135
"4468",0.136666666666667
"4469",0.135
"4470",0.136666666666667
"4471",0.135
"4472",0.136666666666667
"4473",0.135
"4474",0.135
"4475",0.136666666666667
"4476",0.135
"4477",0.136666666666667
"4478",0.135
"4479",0.136666666666667
"4480",0.135
"4481",0.133333333333333
"4482",0.135
"4483",0.133333333333333
"4484",0.135
"4485",0.133333333333333
"4486",0.135
"4487",0.133333333333333
"4488",0.135
"4489",0.136666666666667
"4490",0.135
"4491",0.136666666666667
"4492",0.135
"4493",0.136666666666667
"4494",0.135
"4495",0.133333333333333
"4496",0.135
"4497",0.133333333333333
"4498",0.135
"4499",0.133333333333333
"4500",0.135
"4501",0.133333333333333
"4502",0.133333333333333
"4503",0.135
"4504",0.133333333333333
"4505",0.135
"4506",0.133333333333333
"4507",0.135
"4508",0.133333333333333
"4509",0.135
"4510",0.136666666666667
"4511",0.135
"4512",0.136666666666667
"4513",0.135
"4514",0.136666666666667
"4515",0.135
"4516",0.135
"4517",0.136666666666667
"4518",0.135
"4519",0.136666666666667
"4520",0.135
"4521",0.136666666666667
"4522",0.135
"4523",0.135
"4524",0.136666666666667
"4525",0.135
"4526",0.136666666666667
"4527",0.135
"4528",0.136666666666667
"4529",0.135
"4530",0.135
"4531",0.136666666666667
"4532",0.135
"4533",0.136666666666667
"4534",0.135
"4535",0.136666666666667
"4536",0.135
"4537",0.133333333333333
"4538",0.135
"4539",0.133333333333333
"4540",0.135
"4541",0.133333333333333
"4542",0.135
"4543",0.133333333333333
"4544",0.135
"4545",0.136666666666667
"4546",0.135
"4547",0.136666666666667
"4548",0.135
"4549",0.136666666666667
"4550",0.135
"4551",0.135
"4552",0.136666666666667
"4553",0.135
"4554",0.136666666666667
"4555",0.135
"4556",0.136666666666667
"4557",0.135
"4558",0.135
"4559",0.136666666666667
"4560",0.135
"4561",0.136666666666667
"4562",0.135
"4563",0.136666666666667
"4564",0.135
"4565",0.135
"4566",0.136666666666667
"4567",0.135
"4568",0.136666666666667
"4569",0.135
"4570",0.136666666666667
"4571",0.135
"4572",0.135
"4573",0.136666666666667
"4574",0.135
"4575",0.136666666666667
"4576",0.135
"4577",0.136666666666667
"4578",0.135
"4579",0.135
"4580",0.136666666666667
"4581",0.135
"4582",0.136666666666667
"4583",0.135
"4584",0.136666666666667
"4585",0.135
"4586",0.135
"4587",0.136666666666667
"4588",0.135
"4589",0.136666666666667
"4590",0.135
"4591",0.136666666666667
"4592",0.135
"4593",0.135
"4594",0.136666666666667
"4595",0.135
"4596",0.136666666666667
"4597",0.135
"4598",0.136666666666667
"4599",0.135
"4600",0.136666666666667
"4601",0.138333333333333
"4602",0.136666666666667
"4603",0.138333333333333
"4604",0.136666666666667
"4605",0.138333333333333
"4606",0.136666666666667
"4607",0.135
"4608",0.136666666666667
"4609",0.135
"4610",0.136666666666667
"4611",0.135
"4612",0.136666666666667
"4613",0.135
"4614",0.135
"4615",0.136666666666667
"4616",0.135
"4617",0.136666666666667
"4618",0.135
"4619",0.136666666666667
"4620",0.135
"4621",0.135
"4622",0.136666666666667
"4623",0.135
"4624",0.136666666666667
"4625",0.135
"4626",0.136666666666667
"4627",0.135
"4628",0.135
"4629",0.136666666666667
"4630",0.135
"4631",0.136666666666667
"4632",0.135
"4633",0.136666666666667
"4634",0.135
"4635",0.135
"4636",0.136666666666667
"4637",0.135
"4638",0.136666666666667
"4639",0.135
"4640",0.136666666666667
"4641",0.135
"4642",0.0983333333333333
"4643",0.0983333333333333
"4644",0.0983333333333333
"4645",0.0983333333333333
"4646",0.0983333333333333
"4647",0.0983333333333333
"4648",0.0983333333333333
"4649",0.111666666666667
"4650",0.113333333333333
"4651",0.111666666666667
"4652",0.113333333333333
"4653",0.111666666666667
"4654",0.113333333333333
"4655",0.111666666666667
"4656",0.0966666666666667
"4657",0.0983333333333333
"4658",0.0966666666666667
"4659",0.0983333333333333
"4660",0.0966666666666667
"4661",0.0983333333333333
"4662",0.0966666666666667
"4663",0.103333333333333
"4664",0.105
"4665",0.103333333333333
"4666",0.105
"4667",0.103333333333333
"4668",0.105
"4669",0.103333333333333
"4670",0.103333333333333
"4671",0.105
"4672",0.103333333333333
"4673",0.105
"4674",0.103333333333333
"4675",0.105
"4676",0.103333333333333
"4677",0.103333333333333
"4678",0.105
"4679",0.103333333333333
"4680",0.105
"4681",0.103333333333333
"4682",0.105
"4683",0.103333333333333
"4684",0.103333333333333
"4685",0.105
"4686",0.103333333333333
"4687",0.105
"4688",0.103333333333333
"4689",0.105
"4690",0.103333333333333
"4691",0.101666666666667
"4692",0.103333333333333
"4693",0.101666666666667
"4694",0.103333333333333
"4695",0.101666666666667
"4696",0.103333333333333
"4697",0.101666666666667
"4698",0.0966666666666667
"4699",0.0966666666666667
"4700",0.0966666666666667
"4701",0.0966666666666667
"4702",0.0966666666666667
"4703",0.0966666666666667
"4704",0.0966666666666667
"4705",0.0983333333333333
"4706",0.0983333333333333
"4707",0.0983333333333333
"4708",0.0983333333333333
"4709",0.0983333333333333
"4710",0.0983333333333333
"4711",0.0983333333333333
"4712",0.0983333333333333
"4713",0.0983333333333333
"4714",0.0983333333333333
"4715",0.0983333333333333
"4716",0.0983333333333333
"4717",0.0983333333333333
"4718",0.0983333333333333
"4719",0.0983333333333333
"4720",0.0983333333333333
"4721",0.0983333333333333
"4722",0.0983333333333333
"4723",0.0983333333333333
"4724",0.0983333333333333
"4725",0.0983333333333333
"4726",0.0966666666666667
"4727",0.0966666666666667
"4728",0.0966666666666667
"4729",0.0966666666666667
"4730",0.0966666666666667
"4731",0.0966666666666667
"4732",0.0966666666666667
"4733",0.0983333333333333
"4734",0.0983333333333333
"4735",0.0983333333333333
"4736",0.0983333333333333
"4737",0.0983333333333333
"4738",0.0983333333333333
"4739",0.0983333333333333
"4740",0.0966666666666667
"4741",0.0966666666666667
"4742",0.0966666666666667
"4743",0.0966666666666667
"4744",0.0966666666666667
"4745",0.0966666666666667
"4746",0.0966666666666667
"4747",0.101666666666667
"4748",0.101666666666667
"4749",0.101666666666667
"4750",0.101666666666667
"4751",0.101666666666667
"4752",0.101666666666667
"4753",0.101666666666667
"4754",0.0983333333333333
"4755",0.0983333333333333
"4756",0.0983333333333333
"4757",0.0983333333333333
"4758",0.0983333333333333
"4759",0.0983333333333333
"4760",0.0983333333333333
"4761",0.0983333333333333
"4762",0.0983333333333333
"4763",0.0983333333333333
"4764",0.0983333333333333
"4765",0.0983333333333333
"4766",0.0983333333333333
"4767",0.0983333333333333
"4768",0.0983333333333333
"4769",0.0983333333333333
"4770",0.0983333333333333
"4771",0.0983333333333333
"4772",0.0983333333333333
"4773",0.0983333333333333
"4774",0.0983333333333333
"4775",0.0983333333333333
"4776",0.0983333333333333
"4777",0.0983333333333333
"4778",0.0983333333333333
"4779",0.0983333333333333
"4780",0.0983333333333333
"4781",0.0983333333333333
"4782",0.0983333333333333
"4783",0.0983333333333333
"4784",0.0983333333333333
"4785",0.0983333333333333
"4786",0.0983333333333333
"4787",0.0983333333333333
"4788",0.0983333333333333
"4789",0.0966666666666667
"4790",0.0966666666666667
"4791",0.0966666666666667
"4792",0.0966666666666667
"4793",0.0966666666666667
"4794",0.0966666666666667
"4795",0.0966666666666667
"4796",0.0983333333333333
"4797",0.0983333333333333
"4798",0.0983333333333333
"4799",0.0983333333333333
"4800",0.0983333333333333
"4801",0.0983333333333333
"4802",0.0983333333333333
"4803",0.0983333333333333
"4804",0.0983333333333333
"4805",0.0983333333333333
"4806",0.0983333333333333
"4807",0.0983333333333333
"4808",0.0983333333333333
"4809",0.0983333333333333
"4810",0.0983333333333333
"4811",0.0983333333333333
"4812",0.0983333333333333
"4813",0.0983333333333333
"4814",0.0983333333333333
"4815",0.0983333333333333
"4816",0.0983333333333333
"4817",0.0983333333333333
"4818",0.0983333333333333
"4819",0.0983333333333333
"4820",0.0983333333333333
"4821",0.0983333333333333
"4822",0.0983333333333333
"4823",0.0983333333333333
"4824",0.0983333333333333
"4825",0.0983333333333333
"4826",0.0983333333333333
"4827",0.0983333333333333
"4828",0.0983333333333333
"4829",0.0983333333333333
"4830",0.0983333333333333
"4831",0.0983333333333333
"4832",0.0983333333333333
"4833",0.0983333333333333
"4834",0.0983333333333333
"4835",0.0983333333333333
"4836",0.0983333333333333
"4837",0.0983333333333333
"4838",0.0983333333333333
"4839",0.0983333333333333
"4840",0.0983333333333333
"4841",0.0983333333333333
"4842",0.0983333333333333
"4843",0.0983333333333333
"4844",0.0983333333333333
"4845",0.0983333333333333
"4846",0.0983333333333333
"4847",0.0983333333333333
"4848",0.0983333333333333
"4849",0.0983333333333333
"4850",0.0983333333333333
"4851",0.0983333333333333
"4852",0.0983333333333333
"4853",0.0983333333333333
"4854",0.0983333333333333
"4855",0.0983333333333333
"4856",0.0983333333333333
"4857",0.0983333333333333
"4858",0.0983333333333333
"4859",0.0983333333333333
"4860",0.0983333333333333
"4861",0.0983333333333333
"4862",0.0983333333333333
"4863",0.0983333333333333
"4864",0.0983333333333333
"4865",0.0983333333333333
"4866",0.0966666666666667
"4867",0.0966666666666667
"4868",0.0966666666666667
"4869",0.0966666666666667
"4870",0.0966666666666667
"4871",0.0966666666666667
"4872",0.0966666666666667
"4873",0.1
"4874",0.1
"4875",0.1
"4876",0.1
"4877",0.1
"4878",0.1
"4879",0.1
"4880",0.0983333333333333
"4881",0.0983333333333333
"4882",0.0983333333333333
"4883",0.0983333333333333
"4884",0.0983333333333333
"4885",0.0983333333333333
"4886",0.0983333333333333
"4887",0.0983333333333333
"4888",0.0983333333333333
"4889",0.0983333333333333
"4890",0.0983333333333333
"4891",0.0983333333333333
"4892",0.0983333333333333
"4893",0.0983333333333333
"4894",0.0966666666666667
"4895",0.0966666666666667
"4896",0.0966666666666667
"4897",0.0966666666666667
"4898",0.0966666666666667
"4899",0.0966666666666667
"4900",0.0966666666666667
"4901",0.0983333333333333
"4902",0.0983333333333333
"4903",0.0983333333333333
"4904",0.0983333333333333
"4905",0.0983333333333333
"4906",0.0983333333333333
"4907",0.0983333333333333
"4908",0.0983333333333333
"4909",0.0983333333333333
"4910",0.0983333333333333
"4911",0.0983333333333333
"4912",0.0983333333333333
"4913",0.0983333333333333
"4914",0.0983333333333333
"4915",0.0983333333333333
"4916",0.0983333333333333
"4917",0.0983333333333333
"4918",0.0983333333333333
"4919",0.0983333333333333
"4920",0.0983333333333333
"4921",0.0983333333333333
"4922",0.0983333333333333
"4923",0.0983333333333333
"4924",0.0983333333333333
"4925",0.0983333333333333
"4926",0.0983333333333333
"4927",0.0983333333333333
"4928",0.0983333333333333
"4929",0.101666666666667
"4930",0.101666666666667
"4931",0.101666666666667
"4932",0.101666666666667
"4933",0.101666666666667
"4934",0.101666666666667
"4935",0.101666666666667
"4936",0.0983333333333333
"4937",0.0983333333333333
"4938",0.0983333333333333
"4939",0.0983333333333333
"4940",0.0983333333333333
"4941",0.0983333333333333
"4942",0.0983333333333333
"4943",0.0983333333333333
"4944",0.0983333333333333
"4945",0.0983333333333333
"4946",0.0983333333333333
"4947",0.0983333333333333
"4948",0.0983333333333333
"4949",0.0983333333333333
"4950",0.0983333333333333
"4951",0.0983333333333333
"4952",0.0983333333333333
"4953",0.0983333333333333
"4954",0.0983333333333333
"4955",0.0983333333333333
"4956",0.0983333333333333
"4957",0.0983333333333333
"4958",0.0983333333333333
"4959",0.0983333333333333
"4960",0.0983333333333333
"4961",0.0983333333333333
"4962",0.0983333333333333
"4963",0.0983333333333333
"4964",0.0983333333333333
"4965",0.0983333333333333
"4966",0.0983333333333333
"4967",0.0983333333333333
"4968",0.0983333333333333
"4969",0.0983333333333333
"4970",0.0983333333333333
"4971",0.0983333333333333
"4972",0.0983333333333333
"4973",0.0983333333333333
"4974",0.0983333333333333
"4975",0.0983333333333333
"4976",0.0983333333333333
"4977",0.0983333333333333
"4978",0.0983333333333333
"4979",0.0983333333333333
"4980",0.0983333333333333
"4981",0.0983333333333333
"4982",0.0983333333333333
"4983",0.0983333333333333
"4984",0.0983333333333333
"4985",0.0983333333333333
"4986",0.0983333333333333
"4987",0.0983333333333333
"4988",0.0983333333333333
"4989",0.0983333333333333
"4990",0.0983333333333333
"4991",0.0983333333333333
"4992",0.0966666666666667
"4993",0.0966666666666667
"4994",0.0966666666666667
"4995",0.0966666666666667
"4996",0.0966666666666667
"4997",0.0966666666666667
"4998",0.0966666666666667
"4999",0.101666666666667
"5000",0.101666666666667
"5001",0.101666666666667
"5002",0.101666666666667
"5003",0.101666666666667
"5004",0.101666666666667
"5005",0.101666666666667
"5006",0.101666666666667
"5007",0.101666666666667
"5008",0.101666666666667
"5009",0.101666666666667
"5010",0.101666666666667
"5011",0.101666666666667
"5012",0.101666666666667
"5013",0.0983333333333333
"5014",0.0983333333333333
"5015",0.0983333333333333
"5016",0.0983333333333333
"5017",0.0983333333333333
"5018",0.0983333333333333
"5019",0.0983333333333333
"5020",0.0983333333333333
"5021",0.0983333333333333
"5022",0.0983333333333333
"5023",0.0983333333333333
"5024",0.0983333333333333
"5025",0.0983333333333333
"5026",0.0983333333333333
"5027",0.0983333333333333
"5028",0.0983333333333333
"5029",0.0983333333333333
"5030",0.0983333333333333
"5031",0.0983333333333333
"5032",0.0983333333333333
"5033",0.0983333333333333
"5034",0.0983333333333333
"5035",0.0983333333333333
"5036",0.0983333333333333
"5037",0.0983333333333333
"5038",0.0983333333333333
"5039",0.0983333333333333
"5040",0.0983333333333333
"5041",0.0983333333333333
"5042",0.0983333333333333
"5043",0.0983333333333333
"5044",0.0983333333333333
"5045",0.0983333333333333
"5046",0.0983333333333333
"5047",0.0983333333333333
"5048",0.13
"5049",0.131666666666667
"5050",0.13
"5051",0.131666666666667
"5052",0.13
"5053",0.131666666666667
"5054",0.13
"5055",0.0983333333333333
"5056",0.0983333333333333
"5057",0.0983333333333333
"5058",0.0983333333333333
"5059",0.0983333333333333
"5060",0.0983333333333333
"5061",0.0983333333333333
"5062",0.105
"5063",0.105
"5064",0.105
"5065",0.105
"5066",0.105
"5067",0.105
"5068",0.105
"5069",0.101666666666667
"5070",0.101666666666667
"5071",0.101666666666667
"5072",0.101666666666667
"5073",0.101666666666667
"5074",0.101666666666667
"5075",0.101666666666667
"5076",0.0983333333333333
"5077",0.0983333333333333
"5078",0.0983333333333333
"5079",0.0983333333333333
"5080",0.0983333333333333
"5081",0.0983333333333333
"5082",0.0983333333333333
"5083",0.103333333333333
"5084",0.103333333333333
"5085",0.103333333333333
"5086",0.103333333333333
"5087",0.103333333333333
"5088",0.103333333333333
"5089",0.103333333333333
"5090",0.103333333333333
"5091",0.103333333333333
"5092",0.103333333333333
"5093",0.103333333333333
"5094",0.103333333333333
"5095",0.103333333333333
"5096",0.103333333333333
"5097",0.0983333333333333
"5098",0.0983333333333333
"5099",0.0983333333333333
"5100",0.0983333333333333
"5101",0.0983333333333333
"5102",0.0983333333333333
"5103",0.0983333333333333
"5104",0.103333333333333
"5105",0.103333333333333
"5106",0.103333333333333
"5107",0.103333333333333
"5108",0.103333333333333
"5109",0.103333333333333
"5110",0.103333333333333
"5111",0.106666666666667
"5112",0.106666666666667
"5113",0.106666666666667
"5114",0.106666666666667
"5115",0.106666666666667
"5116",0.106666666666667
"5117",0.106666666666667
"5118",0.106666666666667
"5119",0.106666666666667
"5120",0.106666666666667
"5121",0.106666666666667
"5122",0.106666666666667
"5123",0.106666666666667
"5124",0.106666666666667
"5125",0.106666666666667
"5126",0.106666666666667
"5127",0.106666666666667
"5128",0.106666666666667
"5129",0.106666666666667
"5130",0.106666666666667
"5131",0.106666666666667
"5132",0.106666666666667
"5133",0.106666666666667
"5134",0.106666666666667
"5135",0.106666666666667
"5136",0.106666666666667
"5137",0.106666666666667
"5138",0.106666666666667
"5139",0.106666666666667
"5140",0.106666666666667
"5141",0.106666666666667
"5142",0.106666666666667
"5143",0.106666666666667
"5144",0.106666666666667
"5145",0.106666666666667
"5146",0.103333333333333
"5147",0.103333333333333
"5148",0.103333333333333
"5149",0.103333333333333
"5150",0.103333333333333
"5151",0.103333333333333
"5152",0.103333333333333
"5153",0.103333333333333
"5154",0.103333333333333
"5155",0.103333333333333
"5156",0.103333333333333
"5157",0.103333333333333
"5158",0.103333333333333
"5159",0.103333333333333
"5160",0.108333333333333
"5161",0.108333333333333
"5162",0.108333333333333
"5163",0.108333333333333
"5164",0.108333333333333
"5165",0.108333333333333
"5166",0.108333333333333
"5167",0.106666666666667
"5168",0.106666666666667
"5169",0.106666666666667
"5170",0.106666666666667
"5171",0.106666666666667
"5172",0.106666666666667
"5173",0.106666666666667
"5174",0.103333333333333
"5175",0.103333333333333
"5176",0.103333333333333
"5177",0.103333333333333
"5178",0.103333333333333
"5179",0.103333333333333
"5180",0.103333333333333
"5181",0.106666666666667
"5182",0.106666666666667
"5183",0.106666666666667
"5184",0.106666666666667
"5185",0.106666666666667
"5186",0.106666666666667
"5187",0.106666666666667
"5188",0.103333333333333
"5189",0.103333333333333
"5190",0.103333333333333
"5191",0.103333333333333
"5192",0.103333333333333
"5193",0.103333333333333
"5194",0.103333333333333
"5195",0.103333333333333
"5196",0.103333333333333
"5197",0.103333333333333
"5198",0.103333333333333
"5199",0.103333333333333
"5200",0.103333333333333
"5201",0.103333333333333
"5202",0.106666666666667
"5203",0.106666666666667
"5204",0.106666666666667
"5205",0.106666666666667
"5206",0.106666666666667
"5207",0.106666666666667
"5208",0.106666666666667
"5209",0.106666666666667
"5210",0.106666666666667
"5211",0.106666666666667
"5212",0.106666666666667
"5213",0.106666666666667
"5214",0.106666666666667
"5215",0.106666666666667
"5216",0.105
"5217",0.105
"5218",0.105
"5219",0.105
"5220",0.105
"5221",0.105
"5222",0.105
"5223",0.106666666666667
"5224",0.106666666666667
"5225",0.106666666666667
"5226",0.106666666666667
"5227",0.106666666666667
"5228",0.106666666666667
"5229",0.106666666666667
"5230",0.106666666666667
"5231",0.106666666666667
"5232",0.106666666666667
"5233",0.106666666666667
"5234",0.106666666666667
"5235",0.106666666666667
"5236",0.106666666666667
"5237",0.106666666666667
"5238",0.106666666666667
"5239",0.106666666666667
"5240",0.106666666666667
"5241",0.106666666666667
"5242",0.106666666666667
"5243",0.106666666666667
"5244",0.111666666666667
"5245",0.113333333333333
"5246",0.111666666666667
"5247",0.113333333333333
"5248",0.111666666666667
"5249",0.113333333333333
"5250",0.111666666666667
"5251",0.0283333333333333
"5252",0.03
"5253",0.0283333333333333
"5254",0.03
"5255",0.0283333333333333
"5256",0.03
"5257",0.0283333333333333
"5258",0.0266666666666667
"5259",0.0283333333333333
"5260",0.0266666666666667
"5261",0.0283333333333333
"5262",0.0266666666666667
"5263",0.0283333333333333
"5264",0.0266666666666667
"5265",0.0266666666666667
"5266",0.0283333333333333
"5267",0.0266666666666667
"5268",0.0283333333333333
"5269",0.0266666666666667
"5270",0.0283333333333333
"5271",0.0266666666666667
"5272",0.0266666666666667
"5273",0.0283333333333333
"5274",0.0266666666666667
"5275",0.0283333333333333
"5276",0.0266666666666667
"5277",0.0283333333333333
"5278",0.0266666666666667
"5279",0.0266666666666667
"5280",0.0283333333333333
"5281",0.0266666666666667
"5282",0.0283333333333333
"5283",0.0266666666666667
"5284",0.0283333333333333
"5285",0.0266666666666667
"5286",0.0983333333333333
"5287",0.1
"5288",0.0983333333333333
"5289",0.1
"5290",0.0983333333333333
"5291",0.1
"5292",0.0983333333333333
"5293",0.126666666666667
"5294",0.128333333333333
"5295",0.126666666666667
"5296",0.128333333333333
"5297",0.126666666666667
"5298",0.128333333333333
"5299",0.126666666666667
"5300",0.126666666666667
"5301",0.128333333333333
"5302",0.126666666666667
"5303",0.128333333333333
"5304",0.126666666666667
"5305",0.128333333333333
"5306",0.126666666666667
"5307",0.13
"5308",0.131666666666667
"5309",0.13
"5310",0.131666666666667
"5311",0.13
"5312",0.131666666666667
"5313",0.13
"5314",0.125
"5315",0.126666666666667
"5316",0.125
"5317",0.126666666666667
"5318",0.125
"5319",0.126666666666667
"5320",0.125
"5321",0.125
"5322",0.126666666666667
"5323",0.125
"5324",0.126666666666667
"5325",0.125
"5326",0.126666666666667
"5327",0.125
"5328",0.128333333333333
"5329",0.13
"5330",0.128333333333333
"5331",0.13
"5332",0.128333333333333
"5333",0.13
"5334",0.128333333333333
"5335",0.123333333333333
"5336",0.125
"5337",0.123333333333333
"5338",0.125
"5339",0.123333333333333
"5340",0.125
"5341",0.123333333333333
"5342",0.125
"5343",0.126666666666667
"5344",0.125
"5345",0.126666666666667
"5346",0.125
"5347",0.126666666666667
"5348",0.125
"5349",0.125
"5350",0.126666666666667
"5351",0.125
"5352",0.126666666666667
"5353",0.125
"5354",0.126666666666667
"5355",0.125
"5356",0.125
"5357",0.126666666666667
"5358",0.125
"5359",0.126666666666667
"5360",0.125
"5361",0.126666666666667
"5362",0.125
"5363",0.125
"5364",0.126666666666667
"5365",0.125
"5366",0.126666666666667
"5367",0.125
"5368",0.126666666666667
"5369",0.125
"5370",0.126666666666667
"5371",0.128333333333333
"5372",0.126666666666667
"5373",0.128333333333333
"5374",0.126666666666667
"5375",0.128333333333333
"5376",0.126666666666667
"5377",0.125
"5378",0.126666666666667
"5379",0.125
"5380",0.126666666666667
"5381",0.125
"5382",0.126666666666667
"5383",0.125
"5384",0.126666666666667
"5385",0.128333333333333
"5386",0.126666666666667
"5387",0.128333333333333
"5388",0.126666666666667
"5389",0.128333333333333
"5390",0.126666666666667
"5391",0.125
"5392",0.126666666666667
"5393",0.125
"5394",0.126666666666667
"5395",0.125
"5396",0.126666666666667
"5397",0.125
"5398",0.123333333333333
"5399",0.125
"5400",0.123333333333333
"5401",0.125
"5402",0.123333333333333
"5403",0.125
"5404",0.123333333333333
"5405",0.125
"5406",0.126666666666667
"5407",0.125
"5408",0.126666666666667
"5409",0.125
"5410",0.126666666666667
"5411",0.125
"5412",0.125
"5413",0.126666666666667
"5414",0.125
"5415",0.126666666666667
"5416",0.125
"5417",0.126666666666667
"5418",0.125
"5419",0.126666666666667
"5420",0.128333333333333
"5421",0.126666666666667
"5422",0.128333333333333
"5423",0.126666666666667
"5424",0.128333333333333
"5425",0.126666666666667
"5426",0.126666666666667
"5427",0.128333333333333
"5428",0.126666666666667
"5429",0.128333333333333
"5430",0.126666666666667
"5431",0.128333333333333
"5432",0.126666666666667
"5433",0.123333333333333
"5434",0.125
"5435",0.123333333333333
"5436",0.125
"5437",0.123333333333333
"5438",0.125
"5439",0.123333333333333
"5440",0.125
"5441",0.126666666666667
"5442",0.125
"5443",0.126666666666667
"5444",0.125
"5445",0.126666666666667
"5446",0.125
"5447",0.128333333333333
"5448",0.13
"5449",0.128333333333333
"5450",0.13
"5451",0.128333333333333
"5452",0.13
"5453",0.128333333333333
"5454",0.125
"5455",0.126666666666667
"5456",0.125
"5457",0.126666666666667
"5458",0.125
"5459",0.126666666666667
"5460",0.125
"5461",0.128333333333333
"5462",0.13
"5463",0.128333333333333
"5464",0.13
"5465",0.128333333333333
"5466",0.13
"5467",0.128333333333333
"5468",0.128333333333333
"5469",0.13
"5470",0.128333333333333
"5471",0.13
"5472",0.128333333333333
"5473",0.13
"5474",0.128333333333333
"5475",0.126666666666667
"5476",0.128333333333333
"5477",0.126666666666667
"5478",0.128333333333333
"5479",0.126666666666667
"5480",0.128333333333333
"5481",0.126666666666667
"5482",0.125
"5483",0.126666666666667
"5484",0.125
"5485",0.126666666666667
"5486",0.125
"5487",0.126666666666667
"5488",0.125
"5489",0.125
"5490",0.126666666666667
"5491",0.125
"5492",0.126666666666667
"5493",0.125
"5494",0.126666666666667
"5495",0.125
"5496",0.128333333333333
"5497",0.13
"5498",0.128333333333333
"5499",0.13
"5500",0.128333333333333
"5501",0.13
"5502",0.128333333333333
"5503",0.123333333333333
"5504",0.125
"5505",0.123333333333333
"5506",0.125
"5507",0.123333333333333
"5508",0.125
"5509",0.123333333333333
"5510",0.123333333333333
"5511",0.125
"5512",0.123333333333333
"5513",0.125
"5514",0.123333333333333
"5515",0.125
"5516",0.123333333333333
"5517",0.126666666666667
"5518",0.128333333333333
"5519",0.126666666666667
"5520",0.128333333333333
"5521",0.126666666666667
"5522",0.128333333333333
"5523",0.126666666666667
"5524",0.125
"5525",0.126666666666667
"5526",0.125
"5527",0.126666666666667
"5528",0.125
"5529",0.126666666666667
"5530",0.125
"5531",0.125
"5532",0.126666666666667
"5533",0.125
"5534",0.126666666666667
"5535",0.125
"5536",0.126666666666667
"5537",0.125
"5538",0.125
"5539",0.126666666666667
"5540",0.125
"5541",0.126666666666667
"5542",0.125
"5543",0.126666666666667
"5544",0.125
"5545",0.125
"5546",0.126666666666667
"5547",0.125
"5548",0.126666666666667
"5549",0.125
"5550",0.126666666666667
"5551",0.125
"5552",0.125
"5553",0.126666666666667
"5554",0.125
"5555",0.126666666666667
"5556",0.125
"5557",0.126666666666667
"5558",0.125
"5559",0.125
"5560",0.126666666666667
"5561",0.125
"5562",0.126666666666667
"5563",0.125
"5564",0.126666666666667
"5565",0.125
"5566",0.123333333333333
"5567",0.125
"5568",0.123333333333333
"5569",0.125
"5570",0.123333333333333
"5571",0.125
"5572",0.123333333333333
"5573",0.125
"5574",0.126666666666667
"5575",0.125
"5576",0.126666666666667
"5577",0.125
"5578",0.126666666666667
"5579",0.125
"5580",0.125
"5581",0.126666666666667
"5582",0.125
"5583",0.126666666666667
"5584",0.125
"5585",0.126666666666667
"5586",0.125
"5587",0.123333333333333
"5588",0.125
"5589",0.123333333333333
"5590",0.125
"5591",0.123333333333333
"5592",0.125
"5593",0.123333333333333
"5594",0.125
"5595",0.126666666666667
"5596",0.125
"5597",0.126666666666667
"5598",0.125
"5599",0.126666666666667
"5600",0.125
"5601",0.0833333333333333
"5602",0.085
"5603",0.0833333333333333
"5604",0.085
"5605",0.0833333333333333
"5606",0.085
"5607",0.0833333333333333
"5608",0.125
"5609",0.126666666666667
"5610",0.125
"5611",0.126666666666667
"5612",0.125
"5613",0.126666666666667
"5614",0.125
"5615",0.126666666666667
"5616",0.128333333333333
"5617",0.126666666666667
"5618",0.128333333333333
"5619",0.126666666666667
"5620",0.128333333333333
"5621",0.126666666666667
"5622",0.125
"5623",0.126666666666667
"5624",0.125
"5625",0.126666666666667
"5626",0.125
"5627",0.126666666666667
"5628",0.125
"5629",0.126666666666667
"5630",0.128333333333333
"5631",0.126666666666667
"5632",0.128333333333333
"5633",0.126666666666667
"5634",0.128333333333333
"5635",0.126666666666667
"5636",0.126666666666667
"5637",0.128333333333333
"5638",0.126666666666667
"5639",0.128333333333333
"5640",0.126666666666667
"5641",0.128333333333333
"5642",0.126666666666667
"5643",0.125
"5644",0.126666666666667
"5645",0.125
"5646",0.126666666666667
"5647",0.125
"5648",0.126666666666667
"5649",0.125
"5650",0.126666666666667
"5651",0.128333333333333
"5652",0.126666666666667
"5653",0.128333333333333
"5654",0.126666666666667
"5655",0.128333333333333
"5656",0.126666666666667
"5657",0.126666666666667
"5658",0.128333333333333
"5659",0.126666666666667
"5660",0.128333333333333
"5661",0.126666666666667
"5662",0.128333333333333
"5663",0.126666666666667
"5664",0.126666666666667
"5665",0.128333333333333
"5666",0.126666666666667
"5667",0.128333333333333
"5668",0.126666666666667
"5669",0.128333333333333
"5670",0.126666666666667
"5671",0.125
"5672",0.126666666666667
"5673",0.125
"5674",0.126666666666667
"5675",0.125
"5676",0.126666666666667
"5677",0.125
"5678",0.0933333333333333
"5679",0.0933333333333333
"5680",0.0933333333333333
"5681",0.0933333333333333
"5682",0.0933333333333333
"5683",0.0933333333333333
"5684",0.0933333333333333
"5685",0.11
"5686",0.11
"5687",0.11
"5688",0.11
"5689",0.11
"5690",0.11
"5691",0.11
"5692",0.105
"5693",0.106666666666667
"5694",0.105
"5695",0.106666666666667
"5696",0.105
"5697",0.106666666666667
"5698",0.105
"5699",0.103333333333333
"5700",0.105
"5701",0.103333333333333
"5702",0.105
"5703",0.103333333333333
"5704",0.105
"5705",0.103333333333333
"5706",0.105
"5707",0.106666666666667
"5708",0.105
"5709",0.106666666666667
"5710",0.105
"5711",0.106666666666667
"5712",0.105
"5713",0.101666666666667
"5714",0.103333333333333
"5715",0.101666666666667
"5716",0.103333333333333
"5717",0.101666666666667
"5718",0.103333333333333
"5719",0.101666666666667
"5720",0.116666666666667
"5721",0.116666666666667
"5722",0.116666666666667
"5723",0.116666666666667
"5724",0.116666666666667
"5725",0.116666666666667
"5726",0.116666666666667
"5727",0.095
"5728",0.0966666666666667
"5729",0.095
"5730",0.0966666666666667
"5731",0.095
"5732",0.0966666666666667
"5733",0.095
"5734",0.0933333333333333
"5735",0.095
"5736",0.0933333333333333
"5737",0.095
"5738",0.0933333333333333
"5739",0.095
"5740",0.0933333333333333
"5741",0.0933333333333333
"5742",0.095
"5743",0.0933333333333333
"5744",0.095
"5745",0.0933333333333333
"5746",0.095
"5747",0.0933333333333333
"5748",0.0966666666666667
"5749",0.0983333333333333
"5750",0.0966666666666667
"5751",0.0983333333333333
"5752",0.0966666666666667
"5753",0.0983333333333333
"5754",0.0966666666666667
"5755",0.095
"5756",0.0966666666666667
"5757",0.095
"5758",0.0966666666666667
"5759",0.095
"5760",0.0966666666666667
"5761",0.095
"5762",0.0933333333333333
"5763",0.095
"5764",0.0933333333333333
"5765",0.095
"5766",0.0933333333333333
"5767",0.095
"5768",0.0933333333333333
"5769",0.095
"5770",0.0966666666666667
"5771",0.095
"5772",0.0966666666666667
"5773",0.095
"5774",0.0966666666666667
"5775",0.095
"5776",0.095
"5777",0.0966666666666667
"5778",0.095
"5779",0.0966666666666667
"5780",0.095
"5781",0.0966666666666667
"5782",0.095
"5783",0.095
"5784",0.0966666666666667
"5785",0.095
"5786",0.0966666666666667
"5787",0.095
"5788",0.0966666666666667
"5789",0.095
"5790",0.0933333333333333
"5791",0.095
"5792",0.0933333333333333
"5793",0.095
"5794",0.0933333333333333
"5795",0.095
"5796",0.0933333333333333
"5797",0.095
"5798",0.0966666666666667
"5799",0.095
"5800",0.0966666666666667
"5801",0.095
"5802",0.0966666666666667
"5803",0.095
"5804",0.0933333333333333
"5805",0.095
"5806",0.0933333333333333
"5807",0.095
"5808",0.0933333333333333
"5809",0.095
"5810",0.0933333333333333
"5811",0.095
"5812",0.0966666666666667
"5813",0.095
"5814",0.0966666666666667
"5815",0.095
"5816",0.0966666666666667
"5817",0.095
"5818",0.0933333333333333
"5819",0.095
"5820",0.0933333333333333
"5821",0.095
"5822",0.0933333333333333
"5823",0.095
"5824",0.0933333333333333
"5825",0.095
"5826",0.0966666666666667
"5827",0.095
"5828",0.0966666666666667
"5829",0.095
"5830",0.0966666666666667
"5831",0.095
"5832",0.095
"5833",0.0966666666666667
"5834",0.095
"5835",0.0966666666666667
"5836",0.095
"5837",0.0966666666666667
"5838",0.095
"5839",0.095
"5840",0.0966666666666667
"5841",0.095
"5842",0.0966666666666667
"5843",0.095
"5844",0.0966666666666667
"5845",0.095
"5846",0.0933333333333333
"5847",0.095
"5848",0.0933333333333333
"5849",0.095
"5850",0.0933333333333333
"5851",0.095
"5852",0.0933333333333333
"5853",0.0933333333333333
"5854",0.095
"5855",0.0933333333333333
"5856",0.095
"5857",0.0933333333333333
"5858",0.095
"5859",0.0933333333333333
"5860",0.0933333333333333
"5861",0.095
"5862",0.0933333333333333
"5863",0.095
"5864",0.0933333333333333
"5865",0.095
"5866",0.0933333333333333
"5867",0.095
"5868",0.0966666666666667
"5869",0.095
"5870",0.0966666666666667
"5871",0.095
"5872",0.0966666666666667
"5873",0.095
"5874",0.0933333333333333
"5875",0.095
"5876",0.0933333333333333
"5877",0.095
"5878",0.0933333333333333
"5879",0.095
"5880",0.0933333333333333
"5881",0.0933333333333333
"5882",0.095
"5883",0.0933333333333333
"5884",0.095
"5885",0.0933333333333333
"5886",0.095
"5887",0.0933333333333333
"5888",0.0933333333333333
"5889",0.095
"5890",0.0933333333333333
"5891",0.095
"5892",0.0933333333333333
"5893",0.095
"5894",0.0933333333333333
"5895",0.0933333333333333
"5896",0.095
"5897",0.0933333333333333
"5898",0.095
"5899",0.0933333333333333
"5900",0.095
"5901",0.0933333333333333
"5902",0.0933333333333333
"5903",0.095
"5904",0.0933333333333333
"5905",0.095
"5906",0.0933333333333333
"5907",0.095
"5908",0.0933333333333333
"5909",0.095
"5910",0.0966666666666667
"5911",0.095
"5912",0.0966666666666667
"5913",0.095
"5914",0.0966666666666667
"5915",0.095
"5916",0.095
"5917",0.0966666666666667
"5918",0.095
"5919",0.0966666666666667
"5920",0.095
"5921",0.0966666666666667
"5922",0.095
"5923",0.0933333333333333
"5924",0.095
"5925",0.0933333333333333
"5926",0.095
"5927",0.0933333333333333
"5928",0.095
"5929",0.0933333333333333
"5930",0.095
"5931",0.0966666666666667
"5932",0.095
"5933",0.0966666666666667
"5934",0.095
"5935",0.0966666666666667
"5936",0.095
"5937",0.095
"5938",0.0966666666666667
"5939",0.095
"5940",0.0966666666666667
"5941",0.095
"5942",0.0966666666666667
"5943",0.095
"5944",0.0933333333333333
"5945",0.095
"5946",0.0933333333333333
"5947",0.095
"5948",0.0933333333333333
"5949",0.095
"5950",0.0933333333333333
"5951",0.095
"5952",0.0966666666666667
"5953",0.095
"5954",0.0966666666666667
"5955",0.095
"5956",0.0966666666666667
"5957",0.095
"5958",0.0933333333333333
"5959",0.095
"5960",0.0933333333333333
"5961",0.095
"5962",0.0933333333333333
"5963",0.095
"5964",0.0933333333333333
"5965",0.095
"5966",0.0966666666666667
"5967",0.095
"5968",0.0966666666666667
"5969",0.095
"5970",0.0966666666666667
"5971",0.095
"5972",0.095
"5973",0.0966666666666667
"5974",0.095
"5975",0.0966666666666667
"5976",0.095
"5977",0.0966666666666667
"5978",0.095
"5979",0.095
"5980",0.0966666666666667
"5981",0.095
"5982",0.0966666666666667
"5983",0.095
"5984",0.0966666666666667
"5985",0.095
"5986",0.095
"5987",0.0966666666666667
"5988",0.095
"5989",0.0966666666666667
"5990",0.095
"5991",0.0966666666666667
"5992",0.095
"5993",0.0933333333333333
"5994",0.095
"5995",0.0933333333333333
"5996",0.095
"5997",0.0933333333333333
"5998",0.095
"5999",0.0933333333333333
"6000",0.0933333333333333
"6001",0.095
"6002",0.0933333333333333
"6003",0.095
"6004",0.0933333333333333
"6005",0.095
"6006",0.0933333333333333
"6007",0.0933333333333333
"6008",0.095
"6009",0.0933333333333333
"6010",0.095
"6011",0.0933333333333333
"6012",0.095
"6013",0.0933333333333333
"6014",0.095
"6015",0.0966666666666667
"6016",0.095
"6017",0.0966666666666667
"6018",0.095
"6019",0.0966666666666667
"6020",0.095
"6021",0.095
"6022",0.0966666666666667
"6023",0.095
"6024",0.0966666666666667
"6025",0.095
"6026",0.0966666666666667
"6027",0.095
"6028",0.095
"6029",0.0966666666666667
"6030",0.095
"6031",0.0966666666666667
"6032",0.095
"6033",0.0966666666666667
"6034",0.095
"6035",0.0933333333333333
"6036",0.095
"6037",0.0933333333333333
"6038",0.095
"6039",0.0933333333333333
"6040",0.095
"6041",0.0933333333333333
"6042",0.095
"6043",0.0966666666666667
"6044",0.095
"6045",0.0966666666666667
"6046",0.095
"6047",0.0966666666666667
"6048",0.095
"6049",0.0933333333333333
"6050",0.095
"6051",0.0933333333333333
"6052",0.095
"6053",0.0933333333333333
"6054",0.095
"6055",0.0933333333333333
"6056",0.095
"6057",0.0966666666666667
"6058",0.095
"6059",0.0966666666666667
"6060",0.095
"6061",0.0966666666666667
"6062",0.095
"6063",0.0933333333333333
"6064",0.095
"6065",0.0933333333333333
"6066",0.095
"6067",0.0933333333333333
"6068",0.095
"6069",0.0933333333333333
"6070",0.095
"6071",0.0966666666666667
"6072",0.095
"6073",0.0966666666666667
"6074",0.095
"6075",0.0966666666666667
"6076",0.095
"6077",0.0933333333333333
"6078",0.095
"6079",0.0933333333333333
"6080",0.095
"6081",0.0933333333333333
"6082",0.095
"6083",0.0933333333333333
"6084",0.0933333333333333
"6085",0.095
"6086",0.0933333333333333
"6087",0.095
"6088",0.0933333333333333
"6089",0.095
"6090",0.0933333333333333
"6091",0.0933333333333333
"6092",0.095
"6093",0.0933333333333333
"6094",0.095
"6095",0.0933333333333333
"6096",0.095
"6097",0.0933333333333333
"6098",0.095
"6099",0.0966666666666667
"6100",0.095
"6101",0.0966666666666667
"6102",0.095
"6103",0.0966666666666667
"6104",0.095
"6105",0.0933333333333333
"6106",0.095
"6107",0.0933333333333333
"6108",0.095
"6109",0.0933333333333333
"6110",0.095
"6111",0.0933333333333333
"6112",0.0933333333333333
"6113",0.095
"6114",0.0933333333333333
"6115",0.095
"6116",0.0933333333333333
"6117",0.095
"6118",0.0933333333333333
"6119",0.0933333333333333
"6120",0.095
"6121",0.0933333333333333
"6122",0.095
"6123",0.0933333333333333
"6124",0.095
"6125",0.0933333333333333
"6126",0.095
"6127",0.0966666666666667
"6128",0.095
"6129",0.0966666666666667
"6130",0.095
"6131",0.0966666666666667
"6132",0.095
"6133",0.095
"6134",0.0966666666666667
"6135",0.095
"6136",0.0966666666666667
"6137",0.095
"6138",0.0966666666666667
"6139",0.095
"6140",0.095
"6141",0.0966666666666667
"6142",0.095
"6143",0.0966666666666667
"6144",0.095
"6145",0.0966666666666667
"6146",0.095
"6147",0.095
"6148",0.0966666666666667
"6149",0.095
"6150",0.0966666666666667
"6151",0.095
"6152",0.0966666666666667
"6153",0.095
"6154",0.095
"6155",0.0966666666666667
"6156",0.095
"6157",0.0966666666666667
"6158",0.095
"6159",0.0966666666666667
"6160",0.095
"6161",0.0933333333333333
"6162",0.095
"6163",0.0933333333333333
"6164",0.095
"6165",0.0933333333333333
"6166",0.095
"6167",0.0933333333333333
"6168",0.095
"6169",0.0966666666666667
"6170",0.095
"6171",0.0966666666666667
"6172",0.095
"6173",0.0966666666666667
"6174",0.095
"6175",0.095
"6176",0.0966666666666667
"6177",0.095
"6178",0.0966666666666667
"6179",0.095
"6180",0.0966666666666667
"6181",0.095
"6182",0.0933333333333333
"6183",0.095
"6184",0.0933333333333333
"6185",0.095
"6186",0.0933333333333333
"6187",0.095
"6188",0.0933333333333333
"6189",0.0933333333333333
"6190",0.095
"6191",0.0933333333333333
"6192",0.095
"6193",0.0933333333333333
"6194",0.095
"6195",0.0933333333333333
"6196",0.095
"6197",0.0966666666666667
"6198",0.095
"6199",0.0966666666666667
"6200",0.095
"6201",0.0966666666666667
"6202",0.095
"6203",0.095
"6204",0.0966666666666667
"6205",0.095
"6206",0.0966666666666667
"6207",0.095
"6208",0.0966666666666667
"6209",0.095
"6210",0.0933333333333333
"6211",0.095
"6212",0.0933333333333333
"6213",0.095
"6214",0.0933333333333333
"6215",0.095
"6216",0.0933333333333333
"6217",0.0933333333333333
"6218",0.095
"6219",0.0933333333333333
"6220",0.095
"6221",0.0933333333333333
"6222",0.095
"6223",0.0933333333333333
"6224",0.0933333333333333
"6225",0.095
"6226",0.0933333333333333
"6227",0.095
"6228",0.0933333333333333
"6229",0.095
"6230",0.0933333333333333
"6231",0.0933333333333333
"6232",0.095
"6233",0.0933333333333333
"6234",0.095
"6235",0.0933333333333333
"6236",0.095
"6237",0.0933333333333333
"6238",0.095
"6239",0.0966666666666667
"6240",0.095
"6241",0.0966666666666667
"6242",0.095
"6243",0.0966666666666667
"6244",0.095
"6245",0.095
"6246",0.0966666666666667
"6247",0.095
"6248",0.0966666666666667
"6249",0.095
"6250",0.0966666666666667
"6251",0.095
"6252",0.0933333333333333
"6253",0.095
"6254",0.0933333333333333
"6255",0.095
"6256",0.0933333333333333
"6257",0.095
"6258",0.0933333333333333
"6259",0.0966666666666667
"6260",0.0983333333333333
"6261",0.0966666666666667
"6262",0.0983333333333333
"6263",0.0966666666666667
"6264",0.0983333333333333
"6265",0.0966666666666667
"6266",0.12
"6267",0.118333333333333
"6268",0.12
"6269",0.118333333333333
"6270",0.12
"6271",0.118333333333333
"6272",0.12
"6273",0.123333333333333
"6274",0.121666666666667
"6275",0.123333333333333
"6276",0.121666666666667
"6277",0.123333333333333
"6278",0.121666666666667
"6279",0.123333333333333
"6280",0.0983333333333333
"6281",0.0983333333333333
"6282",0.0983333333333333
"6283",0.0983333333333333
"6284",0.0983333333333333
"6285",0.0983333333333333
"6286",0.0983333333333333
"6287",0.101666666666667
"6288",0.101666666666667
"6289",0.101666666666667
"6290",0.101666666666667
"6291",0.101666666666667
"6292",0.101666666666667
"6293",0.101666666666667
"6294",0.103333333333333
"6295",0.105
"6296",0.103333333333333
"6297",0.105
"6298",0.103333333333333
"6299",0.105
"6300",0.103333333333333
"6301",0.103333333333333
"6302",0.105
"6303",0.103333333333333
"6304",0.105
"6305",0.103333333333333
"6306",0.105
"6307",0.103333333333333
"6308",0.105
"6309",0.106666666666667
"6310",0.105
"6311",0.106666666666667
"6312",0.105
"6313",0.106666666666667
"6314",0.105
"6315",0.103333333333333
"6316",0.105
"6317",0.103333333333333
"6318",0.105
"6319",0.103333333333333
"6320",0.105
"6321",0.103333333333333
"6322",0.103333333333333
"6323",0.105
"6324",0.103333333333333
"6325",0.105
"6326",0.103333333333333
"6327",0.105
"6328",0.103333333333333
"6329",0.1
"6330",0.101666666666667
"6331",0.1
"6332",0.101666666666667
"6333",0.1
"6334",0.101666666666667
"6335",0.1
"6336",0.101666666666667
"6337",0.103333333333333
"6338",0.101666666666667
"6339",0.103333333333333
"6340",0.101666666666667
"6341",0.103333333333333
"6342",0.101666666666667
"6343",0.103333333333333
"6344",0.105
"6345",0.103333333333333
"6346",0.105
"6347",0.103333333333333
"6348",0.105
"6349",0.103333333333333
"6350",0.103333333333333
"6351",0.105
"6352",0.103333333333333
"6353",0.105
"6354",0.103333333333333
"6355",0.105
"6356",0.103333333333333
"6357",0.103333333333333
"6358",0.105
"6359",0.103333333333333
"6360",0.105
"6361",0.103333333333333
"6362",0.105
"6363",0.103333333333333
"6364",0.1
"6365",0.101666666666667
"6366",0.1
"6367",0.101666666666667
"6368",0.1
"6369",0.101666666666667
"6370",0.1
"6371",0.103333333333333
"6372",0.105
"6373",0.103333333333333
"6374",0.105
"6375",0.103333333333333
"6376",0.105
"6377",0.103333333333333
"6378",0.103333333333333
"6379",0.105
"6380",0.103333333333333
"6381",0.105
"6382",0.103333333333333
"6383",0.105
"6384",0.103333333333333
"6385",0.103333333333333
"6386",0.105
"6387",0.103333333333333
"6388",0.105
"6389",0.103333333333333
"6390",0.105
"6391",0.103333333333333
"6392",0.103333333333333
"6393",0.105
"6394",0.103333333333333
"6395",0.105
"6396",0.103333333333333
"6397",0.105
"6398",0.103333333333333
"6399",0.103333333333333
"6400",0.105
"6401",0.103333333333333
"6402",0.105
"6403",0.103333333333333
"6404",0.105
"6405",0.103333333333333
"6406",0.1
"6407",0.101666666666667
"6408",0.1
"6409",0.101666666666667
"6410",0.1
"6411",0.101666666666667
"6412",0.1
"6413",0.101666666666667
"6414",0.101666666666667
"6415",0.101666666666667
"6416",0.101666666666667
"6417",0.101666666666667
"6418",0.101666666666667
"6419",0.101666666666667
"6420",0.101666666666667
"6421",0.101666666666667
"6422",0.101666666666667
"6423",0.101666666666667
"6424",0.101666666666667
"6425",0.101666666666667
"6426",0.101666666666667
"6427",0.101666666666667
"6428",0.101666666666667
"6429",0.101666666666667
"6430",0.101666666666667
"6431",0.101666666666667
"6432",0.101666666666667
"6433",0.101666666666667
"6434",0.103333333333333
"6435",0.103333333333333
"6436",0.103333333333333
"6437",0.103333333333333
"6438",0.103333333333333
"6439",0.103333333333333
"6440",0.103333333333333
"6441",0.101666666666667
"6442",0.101666666666667
"6443",0.101666666666667
"6444",0.101666666666667
"6445",0.101666666666667
"6446",0.101666666666667
"6447",0.101666666666667
"6448",0.105
"6449",0.105
"6450",0.105
"6451",0.105
"6452",0.105
"6453",0.105
"6454",0.105
"6455",0.101666666666667
"6456",0.101666666666667
"6457",0.101666666666667
"6458",0.101666666666667
"6459",0.101666666666667
"6460",0.101666666666667
"6461",0.101666666666667
"6462",0.101666666666667
"6463",0.101666666666667
"6464",0.101666666666667
"6465",0.101666666666667
"6466",0.101666666666667
"6467",0.101666666666667
"6468",0.101666666666667
"6469",0.105
"6470",0.105
"6471",0.105
"6472",0.105
"6473",0.105
"6474",0.105
"6475",0.105
"6476",0.135
"6477",0.136666666666667
"6478",0.135
"6479",0.136666666666667
"6480",0.135
"6481",0.136666666666667
"6482",0.135
"6483",0.133333333333333
"6484",0.135
"6485",0.133333333333333
"6486",0.135
"6487",0.133333333333333
"6488",0.135
"6489",0.133333333333333
"6490",0.133333333333333
"6491",0.135
"6492",0.133333333333333
"6493",0.135
"6494",0.133333333333333
"6495",0.135
"6496",0.133333333333333
"6497",0.0966666666666667
"6498",0.0966666666666667
"6499",0.0966666666666667
"6500",0.0966666666666667
"6501",0.0966666666666667
"6502",0.0966666666666667
"6503",0.0966666666666667
"6504",0.0966666666666667
"6505",0.0966666666666667
"6506",0.0966666666666667
"6507",0.0966666666666667
"6508",0.0966666666666667
"6509",0.0966666666666667
"6510",0.0966666666666667
"6511",0.0966666666666667
"6512",0.0966666666666667
"6513",0.0966666666666667
"6514",0.0966666666666667
"6515",0.0966666666666667
"6516",0.0966666666666667
"6517",0.0966666666666667
"6518",0.0966666666666667
"6519",0.0966666666666667
"6520",0.0966666666666667
"6521",0.0966666666666667
"6522",0.0966666666666667
"6523",0.0966666666666667
"6524",0.0966666666666667
"6525",0.0966666666666667
"6526",0.0966666666666667
"6527",0.0966666666666667
"6528",0.0966666666666667
"6529",0.0966666666666667
"6530",0.0966666666666667
"6531",0.0966666666666667
"6532",0.0966666666666667
"6533",0.0966666666666667
"6534",0.0966666666666667
"6535",0.0966666666666667
"6536",0.0966666666666667
"6537",0.0966666666666667
"6538",0.0966666666666667
"6539",0.0966666666666667
"6540",0.0966666666666667
"6541",0.0966666666666667
"6542",0.0966666666666667
"6543",0.0966666666666667
"6544",0.0966666666666667
"6545",0.0966666666666667
"6546",0.0966666666666667
"6547",0.0966666666666667
"6548",0.0966666666666667
"6549",0.0966666666666667
"6550",0.0966666666666667
"6551",0.0966666666666667
"6552",0.0966666666666667
"6553",0.0966666666666667
"6554",0.0966666666666667
"6555",0.0966666666666667
"6556",0.0966666666666667
"6557",0.0966666666666667
"6558",0.0966666666666667
"6559",0.0966666666666667
"6560",0.0966666666666667
"6561",0.0966666666666667
"6562",0.0966666666666667
"6563",0.0966666666666667
"6564",0.0966666666666667
"6565",0.0966666666666667
"6566",0.0966666666666667
"6567",0.0983333333333333
"6568",0.0983333333333333
"6569",0.0983333333333333
"6570",0.0983333333333333
"6571",0.0983333333333333
"6572",0.0983333333333333
"6573",0.0983333333333333
"6574",0.0966666666666667
"6575",0.0966666666666667
"6576",0.0966666666666667
"6577",0.0966666666666667
"6578",0.0966666666666667
"6579",0.0966666666666667
"6580",0.0966666666666667
"6581",0.0983333333333333
"6582",0.0983333333333333
"6583",0.0983333333333333
"6584",0.0983333333333333
"6585",0.0983333333333333
"6586",0.0983333333333333
"6587",0.0983333333333333
"6588",0.0983333333333333
"6589",0.0983333333333333
"6590",0.0983333333333333
"6591",0.0983333333333333
"6592",0.0983333333333333
"6593",0.0983333333333333
"6594",0.0983333333333333
"6595",0.0966666666666667
"6596",0.0966666666666667
"6597",0.0966666666666667
"6598",0.0966666666666667
"6599",0.0966666666666667
"6600",0.0966666666666667
"6601",0.0966666666666667
"6602",0.0966666666666667
"6603",0.0966666666666667
"6604",0.0966666666666667
"6605",0.0966666666666667
"6606",0.0966666666666667
"6607",0.0966666666666667
"6608",0.0966666666666667
"6609",0.0966666666666667
"6610",0.0966666666666667
"6611",0.0966666666666667
"6612",0.0966666666666667
"6613",0.0966666666666667
"6614",0.0966666666666667
"6615",0.0966666666666667
"6616",0.0966666666666667
"6617",0.0966666666666667
"6618",0.0966666666666667
"6619",0.0966666666666667
"6620",0.0966666666666667
"6621",0.0966666666666667
"6622",0.0966666666666667
"6623",0.0966666666666667
"6624",0.0966666666666667
"6625",0.0966666666666667
"6626",0.0966666666666667
"6627",0.0966666666666667
"6628",0.0966666666666667
"6629",0.0966666666666667
"6630",0.0966666666666667
"6631",0.0966666666666667
"6632",0.0966666666666667
"6633",0.0966666666666667
"6634",0.0966666666666667
"6635",0.0966666666666667
"6636",0.0966666666666667
"6637",0.0966666666666667
"6638",0.0966666666666667
"6639",0.0966666666666667
"6640",0.0966666666666667
"6641",0.0966666666666667
"6642",0.0966666666666667
"6643",0.0966666666666667
"6644",0.0966666666666667
"6645",0.0966666666666667
"6646",0.0966666666666667
"6647",0.0966666666666667
"6648",0.0966666666666667
"6649",0.0966666666666667
"6650",0.0966666666666667
"6651",0.0966666666666667
"6652",0.0966666666666667
"6653",0.0966666666666667
"6654",0.0966666666666667
"6655",0.0966666666666667
"6656",0.0966666666666667
"6657",0.0966666666666667
"6658",0.0966666666666667
"6659",0.0966666666666667
"6660",0.0966666666666667
"6661",0.0966666666666667
"6662",0.0966666666666667
"6663",0.0966666666666667
"6664",0.0966666666666667
"6665",0.0983333333333333
"6666",0.0983333333333333
"6667",0.0983333333333333
"6668",0.0983333333333333
"6669",0.0983333333333333
"6670",0.0983333333333333
"6671",0.0983333333333333
"6672",0.0966666666666667
"6673",0.0966666666666667
"6674",0.0966666666666667
"6675",0.0966666666666667
"6676",0.0966666666666667
"6677",0.0966666666666667
"6678",0.0966666666666667
"6679",0.0983333333333333
"6680",0.0983333333333333
"6681",0.0983333333333333
"6682",0.0983333333333333
"6683",0.0983333333333333
"6684",0.0983333333333333
"6685",0.0983333333333333
"6686",0.0966666666666667
"6687",0.0966666666666667
"6688",0.0966666666666667
"6689",0.0966666666666667
"6690",0.0966666666666667
"6691",0.0966666666666667
"6692",0.0966666666666667
"6693",0.0983333333333333
"6694",0.0983333333333333
"6695",0.0983333333333333
"6696",0.0983333333333333
"6697",0.0983333333333333
"6698",0.0983333333333333
"6699",0.0983333333333333
"6700",0.0966666666666667
"6701",0.0966666666666667
"6702",0.0966666666666667
"6703",0.0966666666666667
"6704",0.0966666666666667
"6705",0.0966666666666667
"6706",0.0966666666666667
"6707",0.0966666666666667
"6708",0.0966666666666667
"6709",0.0966666666666667
"6710",0.0966666666666667
"6711",0.0966666666666667
"6712",0.0966666666666667
"6713",0.0966666666666667
"6714",0.0966666666666667
"6715",0.0966666666666667
"6716",0.0966666666666667
"6717",0.0966666666666667
"6718",0.0966666666666667
"6719",0.0966666666666667
"6720",0.0966666666666667
"6721",0.0966666666666667
"6722",0.0966666666666667
"6723",0.0966666666666667
"6724",0.0966666666666667
"6725",0.0966666666666667
"6726",0.0966666666666667
"6727",0.0966666666666667
"6728",0.0966666666666667
"6729",0.0966666666666667
"6730",0.0966666666666667
"6731",0.0966666666666667
"6732",0.0966666666666667
"6733",0.0966666666666667
"6734",0.0966666666666667
"6735",0.0966666666666667
"6736",0.0966666666666667
"6737",0.0966666666666667
"6738",0.0966666666666667
"6739",0.0966666666666667
"6740",0.0966666666666667
"6741",0.0966666666666667
"6742",0.0983333333333333
"6743",0.0983333333333333
"6744",0.0983333333333333
"6745",0.0983333333333333
"6746",0.0983333333333333
"6747",0.0983333333333333
"6748",0.0983333333333333
"6749",0.0966666666666667
"6750",0.0966666666666667
"6751",0.0966666666666667
"6752",0.0966666666666667
"6753",0.0966666666666667
"6754",0.0966666666666667
"6755",0.0966666666666667
"6756",0.0966666666666667
"6757",0.0966666666666667
"6758",0.0966666666666667
"6759",0.0966666666666667
"6760",0.0966666666666667
"6761",0.0966666666666667
"6762",0.0966666666666667
"6763",0.0983333333333333
"6764",0.0983333333333333
"6765",0.0983333333333333
"6766",0.0983333333333333
"6767",0.0983333333333333
"6768",0.0983333333333333
"6769",0.0983333333333333
"6770",0.0966666666666667
"6771",0.0966666666666667
"6772",0.0966666666666667
"6773",0.0966666666666667
"6774",0.0966666666666667
"6775",0.0966666666666667
"6776",0.0966666666666667
"6777",0.0966666666666667
"6778",0.0966666666666667
"6779",0.0966666666666667
"6780",0.0966666666666667
"6781",0.0966666666666667
"6782",0.0966666666666667
"6783",0.0966666666666667
"6784",0.0966666666666667
"6785",0.0966666666666667
"6786",0.0966666666666667
"6787",0.0966666666666667
"6788",0.0966666666666667
"6789",0.0966666666666667
"6790",0.0966666666666667
"6791",0.0966666666666667
"6792",0.0966666666666667
"6793",0.0966666666666667
"6794",0.0966666666666667
"6795",0.0966666666666667
"6796",0.0966666666666667
"6797",0.0966666666666667
"6798",0.095
"6799",0.095
"6800",0.095
"6801",0.095
"6802",0.095
"6803",0.095
"6804",0.095
"6805",0.0966666666666667
"6806",0.0966666666666667
"6807",0.0966666666666667
"6808",0.0966666666666667
"6809",0.0966666666666667
"6810",0.0966666666666667
"6811",0.0966666666666667
"6812",0.095
"6813",0.095
"6814",0.095
"6815",0.095
"6816",0.095
"6817",0.095
"6818",0.095
"6819",0.0966666666666667
"6820",0.0966666666666667
"6821",0.0966666666666667
"6822",0.0966666666666667
"6823",0.0966666666666667
"6824",0.0966666666666667
"6825",0.0966666666666667
"6826",0.0983333333333333
"6827",0.0983333333333333
"6828",0.0983333333333333
"6829",0.0983333333333333
"6830",0.0983333333333333
"6831",0.0983333333333333
"6832",0.0983333333333333
"6833",0.0983333333333333
"6834",0.0983333333333333
"6835",0.0983333333333333
"6836",0.0983333333333333
"6837",0.0983333333333333
"6838",0.0983333333333333
"6839",0.0983333333333333
"6840",0.0983333333333333
"6841",0.0983333333333333
"6842",0.0983333333333333
"6843",0.0983333333333333
"6844",0.0983333333333333
"6845",0.0983333333333333
"6846",0.0983333333333333
"6847",0.0966666666666667
"6848",0.0966666666666667
"6849",0.0966666666666667
"6850",0.0966666666666667
"6851",0.0966666666666667
"6852",0.0966666666666667
"6853",0.0966666666666667
"6854",0.0966666666666667
"6855",0.0966666666666667
"6856",0.0966666666666667
"6857",0.0966666666666667
"6858",0.0966666666666667
"6859",0.0966666666666667
"6860",0.0966666666666667
"6861",0.0966666666666667
"6862",0.0966666666666667
"6863",0.0966666666666667
"6864",0.0966666666666667
"6865",0.0966666666666667
"6866",0.0966666666666667
"6867",0.0966666666666667
"6868",0.0966666666666667
"6869",0.0966666666666667
"6870",0.0966666666666667
"6871",0.0966666666666667
"6872",0.0966666666666667
"6873",0.0966666666666667
"6874",0.0966666666666667
"6875",0.0966666666666667
"6876",0.0966666666666667
"6877",0.0966666666666667
"6878",0.0966666666666667
"6879",0.0966666666666667
"6880",0.0966666666666667
"6881",0.0966666666666667
"6882",0.0966666666666667
"6883",0.0966666666666667
"6884",0.0966666666666667
"6885",0.0966666666666667
"6886",0.0966666666666667
"6887",0.0966666666666667
"6888",0.0966666666666667
"6889",0.0966666666666667
"6890",0.0966666666666667
"6891",0.0966666666666667
"6892",0.0966666666666667
"6893",0.0966666666666667
"6894",0.0966666666666667
"6895",0.0966666666666667
"6896",0.0983333333333333
"6897",0.0983333333333333
"6898",0.0983333333333333
"6899",0.0983333333333333
"6900",0.0983333333333333
"6901",0.0983333333333333
"6902",0.0983333333333333
"6903",0.0966666666666667
"6904",0.0966666666666667
"6905",0.0966666666666667
"6906",0.0966666666666667
"6907",0.0966666666666667
"6908",0.0966666666666667
"6909",0.0966666666666667
"6910",0.0966666666666667
"6911",0.0966666666666667
"6912",0.0966666666666667
"6913",0.0966666666666667
"6914",0.0966666666666667
"6915",0.0966666666666667
"6916",0.0966666666666667
"6917",0.0966666666666667
"6918",0.0966666666666667
"6919",0.0966666666666667
"6920",0.0966666666666667
"6921",0.0966666666666667
"6922",0.0966666666666667
"6923",0.0966666666666667
"6924",0.0966666666666667
"6925",0.0966666666666667
"6926",0.0966666666666667
"6927",0.0966666666666667
"6928",0.0966666666666667
"6929",0.0966666666666667
"6930",0.0966666666666667
"6931",0.0966666666666667
"6932",0.0966666666666667
"6933",0.0966666666666667
"6934",0.0966666666666667
"6935",0.0966666666666667
"6936",0.0966666666666667
"6937",0.0966666666666667
"6938",0.0966666666666667
"6939",0.0966666666666667
"6940",0.0966666666666667
"6941",0.0966666666666667
"6942",0.0966666666666667
"6943",0.0966666666666667
"6944",0.0966666666666667
"6945",0.0966666666666667
"6946",0.0966666666666667
"6947",0.0966666666666667
"6948",0.0966666666666667
"6949",0.0966666666666667
"6950",0.0966666666666667
"6951",0.0966666666666667
"6952",0.0983333333333333
"6953",0.0983333333333333
"6954",0.0983333333333333
"6955",0.0983333333333333
"6956",0.0983333333333333
"6957",0.0983333333333333
"6958",0.0983333333333333
"6959",0.0966666666666667
"6960",0.0966666666666667
"6961",0.0966666666666667
"6962",0.0966666666666667
"6963",0.0966666666666667
"6964",0.0966666666666667
"6965",0.0966666666666667
"6966",0.0966666666666667
"6967",0.0966666666666667
"6968",0.0966666666666667
"6969",0.0966666666666667
"6970",0.0966666666666667
"6971",0.0966666666666667
"6972",0.0966666666666667
"6973",0.0983333333333333
"6974",0.0983333333333333
"6975",0.0983333333333333
"6976",0.0983333333333333
"6977",0.0983333333333333
"6978",0.0983333333333333
"6979",0.0983333333333333
"6980",0.0966666666666667
"6981",0.0966666666666667
"6982",0.0966666666666667
"6983",0.0966666666666667
"6984",0.0966666666666667
"6985",0.0966666666666667
"6986",0.0966666666666667
"6987",0.0966666666666667
"6988",0.0966666666666667
"6989",0.0966666666666667
"6990",0.0966666666666667
"6991",0.0966666666666667
"6992",0.0966666666666667
"6993",0.0966666666666667
"6994",0.0966666666666667
"6995",0.0966666666666667
"6996",0.0966666666666667
"6997",0.0966666666666667
"6998",0.0966666666666667
"6999",0.0966666666666667
"7000",0.0966666666666667
"7001",0.0966666666666667
"7002",0.0966666666666667
"7003",0.0966666666666667
"7004",0.0966666666666667
"7005",0.0966666666666667
"7006",0.0966666666666667
"7007",0.0966666666666667
"7008",0.0966666666666667
"7009",0.0966666666666667
"7010",0.0966666666666667
"7011",0.0966666666666667
"7012",0.0966666666666667
"7013",0.0966666666666667
"7014",0.0966666666666667
"7015",0.0966666666666667
"7016",0.0966666666666667
"7017",0.0966666666666667
"7018",0.0966666666666667
"7019",0.0966666666666667
"7020",0.0966666666666667
"7021",0.0966666666666667
"7022",0.0966666666666667
"7023",0.0966666666666667
"7024",0.0966666666666667
"7025",0.0966666666666667
"7026",0.0966666666666667
"7027",0.0966666666666667
"7028",0.0966666666666667
"7029",0.0983333333333333
"7030",0.0983333333333333
"7031",0.0983333333333333
"7032",0.0983333333333333
"7033",0.0983333333333333
"7034",0.0983333333333333
"7035",0.0983333333333333
"7036",0.0983333333333333
"7037",0.0983333333333333
"7038",0.0983333333333333
"7039",0.0983333333333333
"7040",0.0983333333333333
"7041",0.0983333333333333
"7042",0.0983333333333333
"7043",0.0966666666666667
"7044",0.0966666666666667
"7045",0.0966666666666667
"7046",0.0966666666666667
"7047",0.0966666666666667
"7048",0.0966666666666667
"7049",0.0966666666666667
"7050",0.0966666666666667
"7051",0.0966666666666667
"7052",0.0966666666666667
"7053",0.0966666666666667
"7054",0.0966666666666667
"7055",0.0966666666666667
"7056",0.0966666666666667
"7057",0.0983333333333333
"7058",0.0983333333333333
"7059",0.0983333333333333
"7060",0.0983333333333333
"7061",0.0983333333333333
"7062",0.0983333333333333
"7063",0.0983333333333333
"7064",0.0966666666666667
"7065",0.0966666666666667
"7066",0.0966666666666667
"7067",0.0966666666666667
"7068",0.0966666666666667
"7069",0.0966666666666667
"7070",0.0966666666666667
"7071",0.0983333333333333
"7072",0.0983333333333333
"7073",0.0983333333333333
"7074",0.0983333333333333
"7075",0.0983333333333333
"7076",0.0983333333333333
"7077",0.0983333333333333
"7078",0.0966666666666667
"7079",0.0966666666666667
"7080",0.0966666666666667
"7081",0.0966666666666667
"7082",0.0966666666666667
"7083",0.0966666666666667
"7084",0.0966666666666667
"7085",0.0966666666666667
"7086",0.0966666666666667
"7087",0.0966666666666667
"7088",0.0966666666666667
"7089",0.0966666666666667
"7090",0.0966666666666667
"7091",0.0966666666666667
"7092",0.0966666666666667
"7093",0.0966666666666667
"7094",0.0966666666666667
"7095",0.0966666666666667
"7096",0.0966666666666667
"7097",0.0966666666666667
"7098",0.0966666666666667
"7099",0.0966666666666667
"7100",0.0966666666666667
"7101",0.0966666666666667
"7102",0.0966666666666667
"7103",0.0966666666666667
"7104",0.0966666666666667
"7105",0.0966666666666667
"7106",0.0966666666666667
"7107",0.0966666666666667
"7108",0.0966666666666667
"7109",0.0966666666666667
"7110",0.0966666666666667
"7111",0.0966666666666667
"7112",0.0966666666666667
"7113",0.0983333333333333
"7114",0.0983333333333333
"7115",0.0983333333333333
"7116",0.0983333333333333
"7117",0.0983333333333333
"7118",0.0983333333333333
"7119",0.0983333333333333
"7120",0.0966666666666667
"7121",0.0966666666666667
"7122",0.0966666666666667
"7123",0.0966666666666667
"7124",0.0966666666666667
"7125",0.0966666666666667
"7126",0.0966666666666667
"7127",0.0966666666666667
"7128",0.0966666666666667
"7129",0.0966666666666667
"7130",0.0966666666666667
"7131",0.0966666666666667
"7132",0.0966666666666667
"7133",0.0966666666666667
"7134",0.0966666666666667
"7135",0.0966666666666667
"7136",0.0966666666666667
"7137",0.0966666666666667
"7138",0.0966666666666667
"7139",0.0966666666666667
"7140",0.0966666666666667
"7141",0.0966666666666667
"7142",0.0966666666666667
"7143",0.0966666666666667
"7144",0.0966666666666667
"7145",0.0966666666666667
"7146",0.0966666666666667
"7147",0.0966666666666667
"7148",0.0966666666666667
"7149",0.0966666666666667
"7150",0.0966666666666667
"7151",0.0966666666666667
"7152",0.0966666666666667
"7153",0.0966666666666667
"7154",0.0966666666666667
"7155",0.0966666666666667
"7156",0.0966666666666667
"7157",0.0966666666666667
"7158",0.0966666666666667
"7159",0.0966666666666667
"7160",0.0966666666666667
"7161",0.0966666666666667
"7162",0.0983333333333333
"7163",0.0983333333333333
"7164",0.0983333333333333
"7165",0.0983333333333333
"7166",0.0983333333333333
"7167",0.0983333333333333
"7168",0.0983333333333333
"7169",0.0966666666666667
"7170",0.0966666666666667
"7171",0.0966666666666667
"7172",0.0966666666666667
"7173",0.0966666666666667
"7174",0.0966666666666667
"7175",0.0966666666666667
"7176",0.0983333333333333
"7177",0.0983333333333333
"7178",0.0983333333333333
"7179",0.0983333333333333
"7180",0.0983333333333333
"7181",0.0983333333333333
"7182",0.0983333333333333
"7183",0.0966666666666667
"7184",0.0966666666666667
"7185",0.0966666666666667
"7186",0.0966666666666667
"7187",0.0966666666666667
"7188",0.0966666666666667
"7189",0.0966666666666667
"7190",0.0983333333333333
"7191",0.0983333333333333
"7192",0.0983333333333333
"7193",0.0983333333333333
"7194",0.0983333333333333
"7195",0.0983333333333333
"7196",0.0983333333333333
"7197",0.0983333333333333
"7198",0.0983333333333333
"7199",0.0983333333333333
"7200",0.0983333333333333
"7201",0.0983333333333333
"7202",0.0983333333333333
"7203",0.0983333333333333
"7204",0.0966666666666667
"7205",0.0966666666666667
"7206",0.0966666666666667
"7207",0.0966666666666667
"7208",0.0966666666666667
"7209",0.0966666666666667
"7210",0.0966666666666667
"7211",0.0966666666666667
"7212",0.0966666666666667
"7213",0.0966666666666667
"7214",0.0966666666666667
"7215",0.0966666666666667
"7216",0.0966666666666667
"7217",0.0966666666666667
"7218",0.0966666666666667
"7219",0.0966666666666667
"7220",0.0966666666666667
"7221",0.0966666666666667
"7222",0.0966666666666667
"7223",0.0966666666666667
"7224",0.0966666666666667
"7225",0.0966666666666667
"7226",0.0966666666666667
"7227",0.0966666666666667
"7228",0.0966666666666667
"7229",0.0966666666666667
"7230",0.0966666666666667
"7231",0.0966666666666667
"7232",0.0966666666666667
"7233",0.0966666666666667
"7234",0.0966666666666667
"7235",0.0966666666666667
"7236",0.0966666666666667
"7237",0.0966666666666667
"7238",0.0966666666666667
"7239",0.0966666666666667
"7240",0.0966666666666667
"7241",0.0966666666666667
"7242",0.0966666666666667
"7243",0.0966666666666667
"7244",0.0966666666666667
"7245",0.0966666666666667
"7246",0.0966666666666667
"7247",0.0966666666666667
"7248",0.0966666666666667
"7249",0.0966666666666667
"7250",0.0966666666666667
"7251",0.0966666666666667
"7252",0.0966666666666667
"7253",0.0966666666666667
"7254",0.0966666666666667
"7255",0.0966666666666667
"7256",0.0966666666666667
"7257",0.0966666666666667
"7258",0.0966666666666667
"7259",0.0966666666666667
"7260",0.0966666666666667
"7261",0.0966666666666667
"7262",0.0966666666666667
"7263",0.0966666666666667
"7264",0.0966666666666667
"7265",0.0966666666666667
"7266",0.0966666666666667
"7267",0.0966666666666667
"7268",0.0966666666666667
"7269",0.0966666666666667
"7270",0.0966666666666667
"7271",0.0966666666666667
"7272",0.0966666666666667
"7273",0.0966666666666667
"7274",0.0966666666666667
"7275",0.0966666666666667
"7276",0.0966666666666667
"7277",0.0966666666666667
"7278",0.0966666666666667
"7279",0.0966666666666667
"7280",0.0966666666666667
"7281",0.0966666666666667
"7282",0.0966666666666667
"7283",0.0966666666666667
"7284",0.0966666666666667
"7285",0.0966666666666667
"7286",0.0966666666666667
"7287",0.0966666666666667
"7288",0.0966666666666667
"7289",0.0966666666666667
"7290",0.0966666666666667
"7291",0.0966666666666667
"7292",0.0966666666666667
"7293",0.0966666666666667
"7294",0.0966666666666667
"7295",0.0966666666666667
"7296",0.0966666666666667
"7297",0.0966666666666667
"7298",0.0966666666666667
"7299",0.0966666666666667
"7300",0.0966666666666667
"7301",0.0966666666666667
"7302",0.0966666666666667
"7303",0.0966666666666667
"7304",0.0966666666666667
"7305",0.0966666666666667
"7306",0.0966666666666667
"7307",0.0966666666666667
"7308",0.0966666666666667
"7309",0.0983333333333333
"7310",0.0983333333333333
"7311",0.0983333333333333
"7312",0.0983333333333333
"7313",0.0983333333333333
"7314",0.0983333333333333
"7315",0.0983333333333333
"7316",0.0983333333333333
"7317",0.0983333333333333
"7318",0.0983333333333333
"7319",0.0983333333333333
"7320",0.0983333333333333
"7321",0.0983333333333333
"7322",0.0983333333333333
"7323",0.0966666666666667
"7324",0.0966666666666667
"7325",0.0966666666666667
"7326",0.0966666666666667
"7327",0.0966666666666667
"7328",0.0966666666666667
"7329",0.0966666666666667
"7330",0.0966666666666667
"7331",0.0966666666666667
"7332",0.0966666666666667
"7333",0.0966666666666667
"7334",0.0966666666666667
"7335",0.0966666666666667
"7336",0.0966666666666667
"7337",0.0966666666666667
"7338",0.0966666666666667
"7339",0.0966666666666667
"7340",0.0966666666666667
"7341",0.0966666666666667
"7342",0.0966666666666667
"7343",0.0966666666666667
"7344",0.0966666666666667
"7345",0.0966666666666667
"7346",0.0966666666666667
"7347",0.0966666666666667
"7348",0.0966666666666667
"7349",0.0966666666666667
"7350",0.0966666666666667
"7351",0.0966666666666667
"7352",0.0966666666666667
"7353",0.0966666666666667
"7354",0.0966666666666667
"7355",0.0966666666666667
"7356",0.0966666666666667
"7357",0.0966666666666667
"7358",0.0966666666666667
"7359",0.0966666666666667
"7360",0.0966666666666667
"7361",0.0966666666666667
"7362",0.0966666666666667
"7363",0.0966666666666667
"7364",0.0966666666666667
"7365",0.0983333333333333
"7366",0.0983333333333333
"7367",0.0983333333333333
"7368",0.0983333333333333
"7369",0.0983333333333333
"7370",0.0983333333333333
"7371",0.0983333333333333
"7372",0.0966666666666667
"7373",0.0966666666666667
"7374",0.0966666666666667
"7375",0.0966666666666667
"7376",0.0966666666666667
"7377",0.0966666666666667
"7378",0.0966666666666667
"7379",0.0966666666666667
"7380",0.0966666666666667
"7381",0.0966666666666667
"7382",0.0966666666666667
"7383",0.0966666666666667
"7384",0.0966666666666667
"7385",0.0966666666666667
"7386",0.095
"7387",0.095
"7388",0.095
"7389",0.095
"7390",0.095
"7391",0.095
"7392",0.095
"7393",0.0966666666666667
"7394",0.0966666666666667
"7395",0.0966666666666667
"7396",0.0966666666666667
"7397",0.0966666666666667
"7398",0.0966666666666667
"7399",0.0966666666666667
"7400",0.0966666666666667
"7401",0.0966666666666667
"7402",0.0966666666666667
"7403",0.0966666666666667
"7404",0.0966666666666667
"7405",0.0966666666666667
"7406",0.0966666666666667
"7407",0.0966666666666667
"7408",0.0966666666666667
"7409",0.0966666666666667
"7410",0.0966666666666667
"7411",0.0966666666666667
"7412",0.0966666666666667
"7413",0.0966666666666667
"7414",0.0966666666666667
"7415",0.0966666666666667
"7416",0.0966666666666667
"7417",0.0966666666666667
"7418",0.0966666666666667
"7419",0.0966666666666667
"7420",0.0966666666666667
"7421",0.0983333333333333
"7422",0.0983333333333333
"7423",0.0983333333333333
"7424",0.0983333333333333
"7425",0.0983333333333333
"7426",0.0983333333333333
"7427",0.0983333333333333
"7428",0.0966666666666667
"7429",0.0966666666666667
"7430",0.0966666666666667
"7431",0.0966666666666667
"7432",0.0966666666666667
"7433",0.0966666666666667
"7434",0.0966666666666667
"7435",0.0983333333333333
"7436",0.0983333333333333
"7437",0.0983333333333333
"7438",0.0983333333333333
"7439",0.0983333333333333
"7440",0.0983333333333333
"7441",0.0983333333333333
"7442",0.0966666666666667
"7443",0.0966666666666667
"7444",0.0966666666666667
"7445",0.0966666666666667
"7446",0.0966666666666667
"7447",0.0966666666666667
"7448",0.0966666666666667
"7449",0.0983333333333333
"7450",0.0983333333333333
"7451",0.0983333333333333
"7452",0.0983333333333333
"7453",0.0983333333333333
"7454",0.0983333333333333
"7455",0.0983333333333333
"7456",0.0966666666666667
"7457",0.0966666666666667
"7458",0.0966666666666667
"7459",0.0966666666666667
"7460",0.0966666666666667
"7461",0.0966666666666667
"7462",0.0966666666666667
"7463",0.0966666666666667
"7464",0.0966666666666667
"7465",0.0966666666666667
"7466",0.0966666666666667
"7467",0.0966666666666667
"7468",0.0966666666666667
"7469",0.0966666666666667
"7470",0.0966666666666667
"7471",0.0966666666666667
"7472",0.0966666666666667
"7473",0.0966666666666667
"7474",0.0966666666666667
"7475",0.0966666666666667
"7476",0.0966666666666667
"7477",0.0966666666666667
"7478",0.0966666666666667
"7479",0.0966666666666667
"7480",0.0966666666666667
"7481",0.0966666666666667
"7482",0.0966666666666667
"7483",0.0966666666666667
"7484",0.0966666666666667
"7485",0.0966666666666667
"7486",0.0966666666666667
"7487",0.0966666666666667
"7488",0.0966666666666667
"7489",0.0966666666666667
"7490",0.0966666666666667
"7491",0.0966666666666667
"7492",0.0966666666666667
"7493",0.0966666666666667
"7494",0.0966666666666667
"7495",0.0966666666666667
"7496",0.0966666666666667
"7497",0.0966666666666667
"7498",0.0983333333333333
"7499",0.0983333333333333
"7500",0.0983333333333333
"7501",0.0983333333333333
"7502",0.0983333333333333
"7503",0.0983333333333333
"7504",0.0983333333333333
"7505",0.0966666666666667
"7506",0.0966666666666667
"7507",0.0966666666666667
"7508",0.0966666666666667
"7509",0.0966666666666667
"7510",0.0966666666666667
"7511",0.0966666666666667
"7512",0.0983333333333333
"7513",0.0983333333333333
"7514",0.0983333333333333
"7515",0.0983333333333333
"7516",0.0983333333333333
"7517",0.0983333333333333
"7518",0.0983333333333333
"7519",0.0966666666666667
"7520",0.0966666666666667
"7521",0.0966666666666667
"7522",0.0966666666666667
"7523",0.0966666666666667
"7524",0.0966666666666667
"7525",0.0966666666666667
"7526",0.0966666666666667
"7527",0.0966666666666667
"7528",0.0966666666666667
"7529",0.0966666666666667
"7530",0.0966666666666667
"7531",0.0966666666666667
"7532",0.0966666666666667
"7533",0.0983333333333333
"7534",0.0983333333333333
"7535",0.0983333333333333
"7536",0.0983333333333333
"7537",0.0983333333333333
"7538",0.0983333333333333
"7539",0.0983333333333333
"7540",0.0966666666666667
"7541",0.0966666666666667
"7542",0.0966666666666667
"7543",0.0966666666666667
"7544",0.0966666666666667
"7545",0.0966666666666667
"7546",0.0966666666666667
"7547",0.0966666666666667
"7548",0.0966666666666667
"7549",0.0966666666666667
"7550",0.0966666666666667
"7551",0.0966666666666667
"7552",0.0966666666666667
"7553",0.0966666666666667
"7554",0.1
"7555",0.1
"7556",0.1
"7557",0.1
"7558",0.1
"7559",0.1
"7560",0.1
"7561",0.0966666666666667
"7562",0.0966666666666667
"7563",0.0966666666666667
"7564",0.0966666666666667
"7565",0.0966666666666667
"7566",0.0966666666666667
"7567",0.0966666666666667
"7568",0.0966666666666667
"7569",0.0966666666666667
"7570",0.0966666666666667
"7571",0.0966666666666667
"7572",0.0966666666666667
"7573",0.0966666666666667
"7574",0.0966666666666667
"7575",0.0966666666666667
"7576",0.0966666666666667
"7577",0.0966666666666667
"7578",0.0966666666666667
"7579",0.0966666666666667
"7580",0.0966666666666667
"7581",0.0966666666666667
"7582",0.0983333333333333
"7583",0.0983333333333333
"7584",0.0983333333333333
"7585",0.0983333333333333
"7586",0.0983333333333333
"7587",0.0983333333333333
"7588",0.0983333333333333
"7589",0.0966666666666667
"7590",0.0966666666666667
"7591",0.0966666666666667
"7592",0.0966666666666667
"7593",0.0966666666666667
"7594",0.0966666666666667
"7595",0.0966666666666667
"7596",0.0983333333333333
"7597",0.0983333333333333
"7598",0.0983333333333333
"7599",0.0983333333333333
"7600",0.0983333333333333
"7601",0.0983333333333333
"7602",0.0983333333333333
"7603",0.0983333333333333
"7604",0.0983333333333333
"7605",0.0983333333333333
"7606",0.0983333333333333
"7607",0.0983333333333333
"7608",0.0983333333333333
"7609",0.0983333333333333
"7610",0.0966666666666667
"7611",0.0966666666666667
"7612",0.0966666666666667
"7613",0.0966666666666667
"7614",0.0966666666666667
"7615",0.0966666666666667
"7616",0.0966666666666667
"7617",0.0966666666666667
"7618",0.0966666666666667
"7619",0.0966666666666667
"7620",0.0966666666666667
"7621",0.0966666666666667
"7622",0.0966666666666667
"7623",0.0966666666666667
"7624",0.0966666666666667
"7625",0.0966666666666667
"7626",0.0966666666666667
"7627",0.0966666666666667
"7628",0.0966666666666667
"7629",0.0966666666666667
"7630",0.0966666666666667
"7631",0.0966666666666667
"7632",0.0966666666666667
"7633",0.0966666666666667
"7634",0.0966666666666667
"7635",0.0966666666666667
"7636",0.0966666666666667
"7637",0.0966666666666667
"7638",0.0966666666666667
"7639",0.0966666666666667
"7640",0.0966666666666667
"7641",0.0966666666666667
"7642",0.0966666666666667
"7643",0.0966666666666667
"7644",0.0966666666666667
"7645",0.0966666666666667
"7646",0.0966666666666667
"7647",0.0966666666666667
"7648",0.0966666666666667
"7649",0.0966666666666667
"7650",0.0966666666666667
"7651",0.0966666666666667
"7652",0.0966666666666667
"7653",0.0966666666666667
"7654",0.0966666666666667
"7655",0.0966666666666667
"7656",0.0966666666666667
"7657",0.0966666666666667
"7658",0.0966666666666667
"7659",0.0983333333333333
"7660",0.0983333333333333
"7661",0.0983333333333333
"7662",0.0983333333333333
"7663",0.0983333333333333
"7664",0.0983333333333333
"7665",0.0983333333333333
"7666",0.0966666666666667
"7667",0.0966666666666667
"7668",0.0966666666666667
"7669",0.0966666666666667
"7670",0.0966666666666667
"7671",0.0966666666666667
"7672",0.0966666666666667
"7673",0.0983333333333333
"7674",0.0983333333333333
"7675",0.0983333333333333
"7676",0.0983333333333333
"7677",0.0983333333333333
"7678",0.0983333333333333
"7679",0.0983333333333333
"7680",0.0966666666666667
"7681",0.0966666666666667
"7682",0.0966666666666667
"7683",0.0966666666666667
"7684",0.0966666666666667
"7685",0.0966666666666667
"7686",0.0966666666666667
"7687",0.095
"7688",0.095
"7689",0.095
"7690",0.095
"7691",0.095
"7692",0.095
"7693",0.095
"7694",0.0966666666666667
"7695",0.0966666666666667
"7696",0.0966666666666667
"7697",0.0966666666666667
"7698",0.0966666666666667
"7699",0.0966666666666667
"7700",0.0966666666666667
"7701",0.0966666666666667
"7702",0.0966666666666667
"7703",0.0966666666666667
"7704",0.0966666666666667
"7705",0.0966666666666667
"7706",0.0966666666666667
"7707",0.0966666666666667
"7708",0.0966666666666667
"7709",0.0966666666666667
"7710",0.0966666666666667
"7711",0.0966666666666667
"7712",0.0966666666666667
"7713",0.0966666666666667
"7714",0.0966666666666667
"7715",0.0966666666666667
"7716",0.0966666666666667
"7717",0.0966666666666667
"7718",0.0966666666666667
"7719",0.0966666666666667
"7720",0.0966666666666667
"7721",0.0966666666666667
"7722",0.0966666666666667
"7723",0.0966666666666667
"7724",0.0966666666666667
"7725",0.0966666666666667
"7726",0.0966666666666667
"7727",0.0966666666666667
"7728",0.0966666666666667
"7729",0.0966666666666667
"7730",0.0966666666666667
"7731",0.0966666666666667
"7732",0.0966666666666667
"7733",0.0966666666666667
"7734",0.0966666666666667
"7735",0.0966666666666667
"7736",0.0966666666666667
"7737",0.0966666666666667
"7738",0.0966666666666667
"7739",0.0966666666666667
"7740",0.0966666666666667
"7741",0.0966666666666667
"7742",0.0966666666666667
"7743",0.0983333333333333
"7744",0.0983333333333333
"7745",0.0983333333333333
"7746",0.0983333333333333
"7747",0.0983333333333333
"7748",0.0983333333333333
"7749",0.0983333333333333
"7750",0.0983333333333333
"7751",0.0983333333333333
"7752",0.0983333333333333
"7753",0.0983333333333333
"7754",0.0983333333333333
"7755",0.0983333333333333
"7756",0.0983333333333333
"7757",0.0983333333333333
"7758",0.0983333333333333
"7759",0.0983333333333333
"7760",0.0983333333333333
"7761",0.0983333333333333
"7762",0.0983333333333333
"7763",0.0983333333333333
"7764",0.0966666666666667
"7765",0.0966666666666667
"7766",0.0966666666666667
"7767",0.0966666666666667
"7768",0.0966666666666667
"7769",0.0966666666666667
"7770",0.0966666666666667
"7771",0.0966666666666667
"7772",0.0966666666666667
"7773",0.0966666666666667
"7774",0.0966666666666667
"7775",0.0966666666666667
"7776",0.0966666666666667
"7777",0.0966666666666667
"7778",0.0966666666666667
"7779",0.0966666666666667
"7780",0.0966666666666667
"7781",0.0966666666666667
"7782",0.0966666666666667
"7783",0.0966666666666667
"7784",0.0966666666666667
"7785",0.0966666666666667
"7786",0.0966666666666667
"7787",0.0966666666666667
"7788",0.0966666666666667
"7789",0.0966666666666667
"7790",0.0966666666666667
"7791",0.0966666666666667
"7792",0.0966666666666667
"7793",0.0966666666666667
"7794",0.0966666666666667
"7795",0.0966666666666667
"7796",0.0966666666666667
"7797",0.0966666666666667
"7798",0.0966666666666667
"7799",0.0983333333333333
"7800",0.0983333333333333
"7801",0.0983333333333333
"7802",0.0983333333333333
"7803",0.0983333333333333
"7804",0.0983333333333333
"7805",0.0983333333333333
"7806",0.0966666666666667
"7807",0.0966666666666667
"7808",0.0966666666666667
"7809",0.0966666666666667
"7810",0.0966666666666667
"7811",0.0966666666666667
"7812",0.0966666666666667
"7813",0.0966666666666667
"7814",0.0966666666666667
"7815",0.0966666666666667
"7816",0.0966666666666667
"7817",0.0966666666666667
"7818",0.0966666666666667
"7819",0.0966666666666667
"7820",0.0966666666666667
"7821",0.0966666666666667
"7822",0.0966666666666667
"7823",0.0966666666666667
"7824",0.0966666666666667
"7825",0.0966666666666667
"7826",0.0966666666666667
"7827",0.0966666666666667
"7828",0.0966666666666667
"7829",0.0966666666666667
"7830",0.0966666666666667
"7831",0.0966666666666667
"7832",0.0966666666666667
"7833",0.0966666666666667
"7834",0.0966666666666667
"7835",0.0966666666666667
"7836",0.0966666666666667
"7837",0.0966666666666667
"7838",0.0966666666666667
"7839",0.0966666666666667
"7840",0.0966666666666667
"7841",0.0966666666666667
"7842",0.0966666666666667
"7843",0.0966666666666667
"7844",0.0966666666666667
"7845",0.0966666666666667
"7846",0.0966666666666667
"7847",0.0966666666666667
"7848",0.0966666666666667
"7849",0.0966666666666667
"7850",0.0966666666666667
"7851",0.0966666666666667
"7852",0.0966666666666667
"7853",0.0966666666666667
"7854",0.0966666666666667
"7855",0.0983333333333333
"7856",0.0983333333333333
"7857",0.0983333333333333
"7858",0.0983333333333333
"7859",0.0983333333333333
"7860",0.0983333333333333
"7861",0.0983333333333333
"7862",0.0983333333333333
"7863",0.0983333333333333
"7864",0.0983333333333333
"7865",0.0983333333333333
"7866",0.0983333333333333
"7867",0.0983333333333333
"7868",0.0983333333333333
"7869",0.0983333333333333
"7870",0.0983333333333333
"7871",0.0983333333333333
"7872",0.0983333333333333
"7873",0.0983333333333333
"7874",0.0983333333333333
"7875",0.0983333333333333
"7876",0.0983333333333333
"7877",0.0983333333333333
"7878",0.0983333333333333
"7879",0.0983333333333333
"7880",0.0983333333333333
"7881",0.0983333333333333
"7882",0.0983333333333333
"7883",0.0966666666666667
"7884",0.0966666666666667
"7885",0.0966666666666667
"7886",0.0966666666666667
"7887",0.0966666666666667
"7888",0.0966666666666667
"7889",0.0966666666666667
"7890",0.0966666666666667
"7891",0.0966666666666667
"7892",0.0966666666666667
"7893",0.0966666666666667
"7894",0.0966666666666667
"7895",0.0966666666666667
"7896",0.0966666666666667
"7897",0.0966666666666667
"7898",0.0966666666666667
"7899",0.0966666666666667
"7900",0.0966666666666667
"7901",0.0966666666666667
"7902",0.0966666666666667
"7903",0.0966666666666667
"7904",0.0966666666666667
"7905",0.0966666666666667
"7906",0.0966666666666667
"7907",0.0966666666666667
"7908",0.0966666666666667
"7909",0.0966666666666667
"7910",0.0966666666666667
"7911",0.0966666666666667
"7912",0.0966666666666667
"7913",0.0966666666666667
"7914",0.0966666666666667
"7915",0.0966666666666667
"7916",0.0966666666666667
"7917",0.0966666666666667
"7918",0.0983333333333333
"7919",0.0983333333333333
"7920",0.0983333333333333
"7921",0.0983333333333333
"7922",0.0983333333333333
"7923",0.0983333333333333
"7924",0.0983333333333333
"7925",0.0966666666666667
"7926",0.0966666666666667
"7927",0.0966666666666667
"7928",0.0966666666666667
"7929",0.0966666666666667
"7930",0.0966666666666667
"7931",0.0966666666666667
"7932",0.0966666666666667
"7933",0.0966666666666667
"7934",0.0966666666666667
"7935",0.0966666666666667
"7936",0.0966666666666667
"7937",0.0966666666666667
"7938",0.0966666666666667
"7939",0.0983333333333333
"7940",0.0983333333333333
"7941",0.0983333333333333
"7942",0.0983333333333333
"7943",0.0983333333333333
"7944",0.0983333333333333
"7945",0.0983333333333333
"7946",0.0966666666666667
"7947",0.0966666666666667
"7948",0.0966666666666667
"7949",0.0966666666666667
"7950",0.0966666666666667
"7951",0.0966666666666667
"7952",0.0966666666666667
"7953",0.0966666666666667
"7954",0.0966666666666667
"7955",0.0966666666666667
"7956",0.0966666666666667
"7957",0.0966666666666667
"7958",0.0966666666666667
"7959",0.0966666666666667
"7960",0.0966666666666667
"7961",0.0966666666666667
"7962",0.0966666666666667
"7963",0.0966666666666667
"7964",0.0966666666666667
"7965",0.0966666666666667
"7966",0.0966666666666667
"7967",0.0983333333333333
"7968",0.0983333333333333
"7969",0.0983333333333333
"7970",0.0983333333333333
"7971",0.0983333333333333
"7972",0.0983333333333333
"7973",0.0983333333333333
"7974",0.0966666666666667
"7975",0.0966666666666667
"7976",0.0966666666666667
"7977",0.0966666666666667
"7978",0.0966666666666667
"7979",0.0966666666666667
"7980",0.0966666666666667
"7981",0.0966666666666667
"7982",0.0966666666666667
"7983",0.0966666666666667
"7984",0.0966666666666667
"7985",0.0966666666666667
"7986",0.0966666666666667
"7987",0.0966666666666667
"7988",0.0966666666666667
"7989",0.0966666666666667
"7990",0.0966666666666667
"7991",0.0966666666666667
"7992",0.0966666666666667
"7993",0.0966666666666667
"7994",0.0966666666666667
"7995",0.0966666666666667
"7996",0.0966666666666667
"7997",0.0966666666666667
"7998",0.0966666666666667
"7999",0.0966666666666667
"8000",0.0966666666666667
"8001",0.0966666666666667
"8002",0.0983333333333333
"8003",0.0983333333333333
"8004",0.0983333333333333
"8005",0.0983333333333333
"8006",0.0983333333333333
"8007",0.0983333333333333
"8008",0.0983333333333333
"8009",0.0966666666666667
"8010",0.0966666666666667
"8011",0.0966666666666667
"8012",0.0966666666666667
"8013",0.0966666666666667
"8014",0.0966666666666667
"8015",0.0966666666666667
"8016",0.0966666666666667
"8017",0.0966666666666667
"8018",0.0966666666666667
"8019",0.0966666666666667
"8020",0.0966666666666667
"8021",0.0966666666666667
"8022",0.0966666666666667
"8023",0.0966666666666667
"8024",0.0966666666666667
"8025",0.0966666666666667
"8026",0.0966666666666667
"8027",0.0966666666666667
"8028",0.0966666666666667
"8029",0.0966666666666667
"8030",0.0966666666666667
"8031",0.0966666666666667
"8032",0.0966666666666667
"8033",0.0966666666666667
"8034",0.0966666666666667
"8035",0.0966666666666667
"8036",0.0966666666666667
"8037",0.0983333333333333
"8038",0.0983333333333333
"8039",0.0983333333333333
"8040",0.0983333333333333
"8041",0.0983333333333333
"8042",0.0983333333333333
"8043",0.0983333333333333
"8044",0.0983333333333333
"8045",0.0983333333333333
"8046",0.0983333333333333
"8047",0.0983333333333333
"8048",0.0983333333333333
"8049",0.0983333333333333
"8050",0.0983333333333333
"8051",0.0983333333333333
"8052",0.0983333333333333
"8053",0.0983333333333333
"8054",0.0983333333333333
"8055",0.0983333333333333
"8056",0.0983333333333333
"8057",0.0983333333333333
"8058",0.0966666666666667
"8059",0.0966666666666667
"8060",0.0966666666666667
"8061",0.0966666666666667
"8062",0.0966666666666667
"8063",0.0966666666666667
"8064",0.0966666666666667
"8065",0.0966666666666667
"8066",0.0966666666666667
"8067",0.0966666666666667
"8068",0.0966666666666667
"8069",0.0966666666666667
"8070",0.0966666666666667
"8071",0.0966666666666667
"8072",0.0983333333333333
"8073",0.0983333333333333
"8074",0.0983333333333333
"8075",0.0983333333333333
"8076",0.0983333333333333
"8077",0.0983333333333333
"8078",0.0983333333333333
"8079",0.0983333333333333
"8080",0.0983333333333333
"8081",0.0983333333333333
"8082",0.0983333333333333
"8083",0.0983333333333333
"8084",0.0983333333333333
"8085",0.0983333333333333
"8086",0.0983333333333333
"8087",0.0983333333333333
"8088",0.0983333333333333
"8089",0.0983333333333333
"8090",0.0983333333333333
"8091",0.0983333333333333
"8092",0.0983333333333333
"8093",0.0983333333333333
"8094",0.0983333333333333
"8095",0.0983333333333333
"8096",0.0983333333333333
"8097",0.0983333333333333
"8098",0.0983333333333333
"8099",0.0983333333333333
"8100",0.0966666666666667
"8101",0.0966666666666667
"8102",0.0966666666666667
"8103",0.0966666666666667
"8104",0.0966666666666667
"8105",0.0966666666666667
"8106",0.0966666666666667
"8107",0.0966666666666667
"8108",0.0966666666666667
"8109",0.0966666666666667
"8110",0.0966666666666667
"8111",0.0966666666666667
"8112",0.0966666666666667
"8113",0.0966666666666667
"8114",0.0966666666666667
"8115",0.0966666666666667
"8116",0.0966666666666667
"8117",0.0966666666666667
"8118",0.0966666666666667
"8119",0.0966666666666667
"8120",0.0966666666666667
"8121",0.0966666666666667
"8122",0.0966666666666667
"8123",0.0966666666666667
"8124",0.0966666666666667
"8125",0.0966666666666667
"8126",0.0966666666666667
"8127",0.0966666666666667
"8128",0.0966666666666667
"8129",0.0966666666666667
"8130",0.0966666666666667
"8131",0.0966666666666667
"8132",0.0966666666666667
"8133",0.0966666666666667
"8134",0.0966666666666667
"8135",0.0966666666666667
"8136",0.0966666666666667
"8137",0.0966666666666667
"8138",0.0966666666666667
"8139",0.0966666666666667
"8140",0.0966666666666667
"8141",0.0966666666666667
"8142",0.095
"8143",0.095
"8144",0.095
"8145",0.095
"8146",0.095
"8147",0.095
"8148",0.095
"8149",0.0983333333333333
"8150",0.0983333333333333
"8151",0.0983333333333333
"8152",0.0983333333333333
"8153",0.0983333333333333
"8154",0.0983333333333333
"8155",0.0983333333333333
"8156",0.0983333333333333
"8157",0.0983333333333333
"8158",0.0983333333333333
"8159",0.0983333333333333
"8160",0.0983333333333333
"8161",0.0983333333333333
"8162",0.0983333333333333
"8163",0.0966666666666667
"8164",0.0966666666666667
"8165",0.0966666666666667
"8166",0.0966666666666667
"8167",0.0966666666666667
"8168",0.0966666666666667
"8169",0.0966666666666667
"8170",0.0966666666666667
"8171",0.0966666666666667
"8172",0.0966666666666667
"8173",0.0966666666666667
"8174",0.0966666666666667
"8175",0.0966666666666667
"8176",0.0966666666666667
"8177",0.0966666666666667
"8178",0.0966666666666667
"8179",0.0966666666666667
"8180",0.0966666666666667
"8181",0.0966666666666667
"8182",0.0966666666666667
"8183",0.0966666666666667
"8184",0.0966666666666667
"8185",0.0966666666666667
"8186",0.0966666666666667
"8187",0.0966666666666667
"8188",0.0966666666666667
"8189",0.0966666666666667
"8190",0.0966666666666667
"8191",0.0966666666666667
"8192",0.0966666666666667
"8193",0.0966666666666667
"8194",0.0966666666666667
"8195",0.0966666666666667
"8196",0.0966666666666667
"8197",0.0966666666666667
"8198",0.0966666666666667
"8199",0.0966666666666667
"8200",0.0966666666666667
"8201",0.0966666666666667
"8202",0.0966666666666667
"8203",0.0966666666666667
"8204",0.0966666666666667
"8205",0.0966666666666667
"8206",0.0966666666666667
"8207",0.0966666666666667
"8208",0.0966666666666667
"8209",0.0966666666666667
"8210",0.0966666666666667
"8211",0.0966666666666667
"8212",0.0966666666666667
"8213",0.0966666666666667
"8214",0.0966666666666667
"8215",0.0966666666666667
"8216",0.0966666666666667
"8217",0.0966666666666667
"8218",0.0966666666666667
"8219",0.0966666666666667
"8220",0.0966666666666667
"8221",0.0966666666666667
"8222",0.0966666666666667
"8223",0.0966666666666667
"8224",0.0966666666666667
"8225",0.0966666666666667
"8226",0.0966666666666667
"8227",0.0966666666666667
"8228",0.0966666666666667
"8229",0.0966666666666667
"8230",0.0966666666666667
"8231",0.0966666666666667
"8232",0.0966666666666667
"8233",0.0983333333333333
"8234",0.0983333333333333
"8235",0.0983333333333333
"8236",0.0983333333333333
"8237",0.0983333333333333
"8238",0.0983333333333333
"8239",0.0983333333333333
"8240",0.0966666666666667
"8241",0.0966666666666667
"8242",0.0966666666666667
"8243",0.0966666666666667
"8244",0.0966666666666667
"8245",0.0966666666666667
"8246",0.0966666666666667
"8247",0.0983333333333333
"8248",0.0983333333333333
"8249",0.0983333333333333
"8250",0.0983333333333333
"8251",0.0983333333333333
"8252",0.0983333333333333
"8253",0.0983333333333333
"8254",0.0966666666666667
"8255",0.0966666666666667
"8256",0.0966666666666667
"8257",0.0966666666666667
"8258",0.0966666666666667
"8259",0.0966666666666667
"8260",0.0966666666666667
"8261",0.0966666666666667
"8262",0.0966666666666667
"8263",0.0966666666666667
"8264",0.0966666666666667
"8265",0.0966666666666667
"8266",0.0966666666666667
"8267",0.0966666666666667
"8268",0.0966666666666667
"8269",0.0966666666666667
"8270",0.0966666666666667
"8271",0.0966666666666667
"8272",0.0966666666666667
"8273",0.0966666666666667
"8274",0.0966666666666667
"8275",0.0966666666666667
"8276",0.0966666666666667
"8277",0.0966666666666667
"8278",0.0966666666666667
"8279",0.0966666666666667
"8280",0.0966666666666667
"8281",0.0966666666666667
"8282",0.0966666666666667
"8283",0.0966666666666667
"8284",0.0966666666666667
"8285",0.0966666666666667
"8286",0.0966666666666667
"8287",0.0966666666666667
"8288",0.0966666666666667
"8289",0.0983333333333333
"8290",0.0983333333333333
"8291",0.0983333333333333
"8292",0.0983333333333333
"8293",0.0983333333333333
"8294",0.0983333333333333
"8295",0.0983333333333333
"8296",0.0966666666666667
"8297",0.0966666666666667
"8298",0.0966666666666667
"8299",0.0966666666666667
"8300",0.0966666666666667
"8301",0.0966666666666667
"8302",0.0966666666666667
"8303",0.0966666666666667
"8304",0.0966666666666667
"8305",0.0966666666666667
"8306",0.0966666666666667
"8307",0.0966666666666667
"8308",0.0966666666666667
"8309",0.0966666666666667
"8310",0.0983333333333333
"8311",0.0983333333333333
"8312",0.0983333333333333
"8313",0.0983333333333333
"8314",0.0983333333333333
"8315",0.0983333333333333
"8316",0.0983333333333333
"8317",0.0983333333333333
"8318",0.0983333333333333
"8319",0.0983333333333333
"8320",0.0983333333333333
"8321",0.0983333333333333
"8322",0.0983333333333333
"8323",0.0983333333333333
"8324",0.0966666666666667
"8325",0.0966666666666667
"8326",0.0966666666666667
"8327",0.0966666666666667
"8328",0.0966666666666667
"8329",0.0966666666666667
"8330",0.0966666666666667
"8331",0.0966666666666667
"8332",0.0966666666666667
"8333",0.0966666666666667
"8334",0.0966666666666667
"8335",0.0966666666666667
"8336",0.0966666666666667
"8337",0.0966666666666667
"8338",0.0966666666666667
"8339",0.0966666666666667
"8340",0.0966666666666667
"8341",0.0966666666666667
"8342",0.0966666666666667
"8343",0.0966666666666667
"8344",0.0966666666666667
"8345",0.0966666666666667
"8346",0.0966666666666667
"8347",0.0966666666666667
"8348",0.0966666666666667
"8349",0.0966666666666667
"8350",0.0966666666666667
"8351",0.0966666666666667
"8352",0.0966666666666667
"8353",0.0966666666666667
"8354",0.0966666666666667
"8355",0.0966666666666667
"8356",0.0966666666666667
"8357",0.0966666666666667
"8358",0.0966666666666667
"8359",0.0966666666666667
"8360",0.0966666666666667
"8361",0.0966666666666667
"8362",0.0966666666666667
"8363",0.0966666666666667
"8364",0.0966666666666667
"8365",0.0966666666666667
"8366",0.0966666666666667
"8367",0.0966666666666667
"8368",0.0966666666666667
"8369",0.0966666666666667
"8370",0.0966666666666667
"8371",0.0966666666666667
"8372",0.0966666666666667
"8373",0.0966666666666667
"8374",0.0966666666666667
"8375",0.0966666666666667
"8376",0.0966666666666667
"8377",0.0966666666666667
"8378",0.0966666666666667
"8379",0.0966666666666667
"8380",0.0966666666666667
"8381",0.0966666666666667
"8382",0.0966666666666667
"8383",0.0966666666666667
"8384",0.0966666666666667
"8385",0.0966666666666667
"8386",0.0966666666666667
"8387",0.0966666666666667
"8388",0.0966666666666667
"8389",0.0966666666666667
"8390",0.0966666666666667
"8391",0.0966666666666667
"8392",0.0966666666666667
"8393",0.0966666666666667
"8394",0.0983333333333333
"8395",0.0983333333333333
"8396",0.0983333333333333
"8397",0.0983333333333333
"8398",0.0983333333333333
"8399",0.0983333333333333
"8400",0.0983333333333333
"8401",0.0966666666666667
"8402",0.0966666666666667
"8403",0.0966666666666667
"8404",0.0966666666666667
"8405",0.0966666666666667
"8406",0.0966666666666667
"8407",0.0966666666666667
"8408",0.0966666666666667
"8409",0.0966666666666667
"8410",0.0966666666666667
"8411",0.0966666666666667
"8412",0.0966666666666667
"8413",0.0966666666666667
"8414",0.0966666666666667
"8415",0.0966666666666667
"8416",0.0966666666666667
"8417",0.0966666666666667
"8418",0.0966666666666667
"8419",0.0966666666666667
"8420",0.0966666666666667
"8421",0.0966666666666667
"8422",0.0966666666666667
"8423",0.0966666666666667
"8424",0.0966666666666667
"8425",0.0966666666666667
"8426",0.0966666666666667
"8427",0.0966666666666667
"8428",0.0966666666666667
"8429",0.0966666666666667
"8430",0.0966666666666667
"8431",0.0966666666666667
"8432",0.0966666666666667
"8433",0.0966666666666667
"8434",0.0966666666666667
"8435",0.0966666666666667
"8436",0.0966666666666667
"8437",0.0966666666666667
"8438",0.0966666666666667
"8439",0.0966666666666667
"8440",0.0966666666666667
"8441",0.0966666666666667
"8442",0.0966666666666667
"8443",0.0966666666666667
"8444",0.0966666666666667
"8445",0.0966666666666667
"8446",0.0966666666666667
"8447",0.0966666666666667
"8448",0.0966666666666667
"8449",0.0966666666666667
"8450",0.0983333333333333
"8451",0.0983333333333333
"8452",0.0983333333333333
"8453",0.0983333333333333
"8454",0.0983333333333333
"8455",0.0983333333333333
"8456",0.0983333333333333
"8457",0.0966666666666667
"8458",0.0966666666666667
"8459",0.0966666666666667
"8460",0.0966666666666667
"8461",0.0966666666666667
"8462",0.0966666666666667
"8463",0.0966666666666667
"8464",0.0966666666666667
"8465",0.0966666666666667
"8466",0.0966666666666667
"8467",0.0966666666666667
"8468",0.0966666666666667
"8469",0.0966666666666667
"8470",0.0966666666666667
"8471",0.0983333333333333
"8472",0.0983333333333333
"8473",0.0983333333333333
"8474",0.0983333333333333
"8475",0.0983333333333333
"8476",0.0983333333333333
"8477",0.0983333333333333
"8478",0.0966666666666667
"8479",0.0966666666666667
"8480",0.0966666666666667
"8481",0.0966666666666667
"8482",0.0966666666666667
"8483",0.0966666666666667
"8484",0.0966666666666667
"8485",0.0966666666666667
"8486",0.0966666666666667
"8487",0.0966666666666667
"8488",0.0966666666666667
"8489",0.0966666666666667
"8490",0.0966666666666667
"8491",0.0966666666666667
"8492",0.0966666666666667
"8493",0.0966666666666667
"8494",0.0966666666666667
"8495",0.0966666666666667
"8496",0.0966666666666667
"8497",0.0966666666666667
"8498",0.0966666666666667
"8499",0.0983333333333333
"8500",0.0983333333333333
"8501",0.0983333333333333
"8502",0.0983333333333333
"8503",0.0983333333333333
"8504",0.0983333333333333
"8505",0.0983333333333333
"8506",0.0966666666666667
"8507",0.0966666666666667
"8508",0.0966666666666667
"8509",0.0966666666666667
"8510",0.0966666666666667
"8511",0.0966666666666667
"8512",0.0966666666666667
"8513",0.0966666666666667
"8514",0.0966666666666667
"8515",0.0966666666666667
"8516",0.0966666666666667
"8517",0.0966666666666667
"8518",0.0966666666666667
"8519",0.0966666666666667
"8520",0.0966666666666667
"8521",0.0966666666666667
"8522",0.0966666666666667
"8523",0.0966666666666667
"8524",0.0966666666666667
"8525",0.0966666666666667
"8526",0.0966666666666667
"8527",0.0966666666666667
"8528",0.0966666666666667
"8529",0.0966666666666667
"8530",0.0966666666666667
"8531",0.0966666666666667
"8532",0.0966666666666667
"8533",0.0966666666666667
"8534",0.0966666666666667
"8535",0.0966666666666667
"8536",0.0966666666666667
"8537",0.0966666666666667
"8538",0.0966666666666667
"8539",0.0966666666666667
"8540",0.0966666666666667
"8541",0.0966666666666667
"8542",0.0966666666666667
"8543",0.0966666666666667
"8544",0.0966666666666667
"8545",0.0966666666666667
"8546",0.0966666666666667
"8547",0.0966666666666667
"8548",0.095
"8549",0.095
"8550",0.095
"8551",0.095
"8552",0.095
"8553",0.095
"8554",0.095
"8555",0.0983333333333333
"8556",0.0983333333333333
"8557",0.0983333333333333
"8558",0.0983333333333333
"8559",0.0983333333333333
"8560",0.0983333333333333
"8561",0.0983333333333333
"8562",0.0966666666666667
"8563",0.0966666666666667
"8564",0.0966666666666667
"8565",0.0966666666666667
"8566",0.0966666666666667
"8567",0.0966666666666667
"8568",0.0966666666666667
"8569",0.0966666666666667
"8570",0.0966666666666667
"8571",0.0966666666666667
"8572",0.0966666666666667
"8573",0.0966666666666667
"8574",0.0966666666666667
"8575",0.0966666666666667
"8576",0.0966666666666667
"8577",0.0966666666666667
"8578",0.0966666666666667
"8579",0.0966666666666667
"8580",0.0966666666666667
"8581",0.0966666666666667
"8582",0.0966666666666667
"8583",0.0966666666666667
"8584",0.0966666666666667
"8585",0.0966666666666667
"8586",0.0966666666666667
"8587",0.0966666666666667
"8588",0.0966666666666667
"8589",0.0966666666666667
"8590",0.0966666666666667
"8591",0.0966666666666667
"8592",0.0966666666666667
"8593",0.0966666666666667
"8594",0.0966666666666667
"8595",0.0966666666666667
"8596",0.0966666666666667
"8597",0.0966666666666667
"8598",0.0966666666666667
"8599",0.0966666666666667
"8600",0.0966666666666667
"8601",0.0966666666666667
"8602",0.0966666666666667
"8603",0.0966666666666667
"8604",0.0966666666666667
"8605",0.0966666666666667
"8606",0.0966666666666667
"8607",0.0966666666666667
"8608",0.0966666666666667
"8609",0.0966666666666667
"8610",0.0966666666666667
"8611",0.0983333333333333
"8612",0.0983333333333333
"8613",0.0983333333333333
"8614",0.0983333333333333
"8615",0.0983333333333333
"8616",0.0983333333333333
"8617",0.0983333333333333
"8618",0.0983333333333333
"8619",0.0983333333333333
"8620",0.0983333333333333
"8621",0.0983333333333333
"8622",0.0983333333333333
"8623",0.0983333333333333
"8624",0.0983333333333333
"8625",0.0966666666666667
"8626",0.0966666666666667
"8627",0.0966666666666667
"8628",0.0966666666666667
"8629",0.0966666666666667
"8630",0.0966666666666667
"8631",0.0966666666666667
"8632",0.0966666666666667
"8633",0.0966666666666667
"8634",0.0966666666666667
"8635",0.0966666666666667
"8636",0.0966666666666667
"8637",0.0966666666666667
"8638",0.0966666666666667
"8639",0.0966666666666667
"8640",0.0966666666666667
"8641",0.0966666666666667
"8642",0.0966666666666667
"8643",0.0966666666666667
"8644",0.0966666666666667
"8645",0.0966666666666667
"8646",0.0983333333333333
"8647",0.0983333333333333
"8648",0.0983333333333333
"8649",0.0983333333333333
"8650",0.0983333333333333
"8651",0.0983333333333333
"8652",0.0983333333333333
"8653",0.0966666666666667
"8654",0.0966666666666667
"8655",0.0966666666666667
"8656",0.0966666666666667
"8657",0.0966666666666667
"8658",0.0966666666666667
"8659",0.0966666666666667
"8660",0.0966666666666667
"8661",0.0966666666666667
"8662",0.0966666666666667
"8663",0.0966666666666667
"8664",0.0966666666666667
"8665",0.0966666666666667
"8666",0.0966666666666667
"8667",0.0966666666666667
"8668",0.0966666666666667
"8669",0.0966666666666667
"8670",0.0966666666666667
"8671",0.0966666666666667
"8672",0.0966666666666667
"8673",0.0966666666666667
"8674",0.0966666666666667
"8675",0.0966666666666667
"8676",0.0966666666666667
"8677",0.0966666666666667
"8678",0.0966666666666667
"8679",0.0966666666666667
"8680",0.0966666666666667
"8681",0.0966666666666667
"8682",0.0966666666666667
"8683",0.0966666666666667
"8684",0.0966666666666667
"8685",0.0966666666666667
"8686",0.0966666666666667
"8687",0.0966666666666667
"8688",0.0983333333333333
"8689",0.0983333333333333
"8690",0.0983333333333333
"8691",0.0983333333333333
"8692",0.0983333333333333
"8693",0.0983333333333333
"8694",0.0983333333333333
"8695",0.0983333333333333
"8696",0.0983333333333333
"8697",0.0983333333333333
"8698",0.0983333333333333
"8699",0.0983333333333333
"8700",0.0983333333333333
"8701",0.0983333333333333
"8702",0.0966666666666667
"8703",0.0966666666666667
"8704",0.0966666666666667
"8705",0.0966666666666667
"8706",0.0966666666666667
"8707",0.0966666666666667
"8708",0.0966666666666667
"8709",0.0966666666666667
"8710",0.0966666666666667
"8711",0.0966666666666667
"8712",0.0966666666666667
"8713",0.0966666666666667
"8714",0.0966666666666667
"8715",0.0966666666666667
"8716",0.0966666666666667
"8717",0.0966666666666667
"8718",0.0966666666666667
"8719",0.0966666666666667
"8720",0.0966666666666667
"8721",0.0966666666666667
"8722",0.0966666666666667
"8723",0.0966666666666667
"8724",0.0966666666666667
"8725",0.0966666666666667
"8726",0.0966666666666667
"8727",0.0966666666666667
"8728",0.0966666666666667
"8729",0.0966666666666667
"8730",0.0966666666666667
"8731",0.0966666666666667
"8732",0.0966666666666667
"8733",0.0966666666666667
"8734",0.0966666666666667
"8735",0.0966666666666667
"8736",0.0966666666666667
"8737",0.095
"8738",0.095
"8739",0.095
"8740",0.095
"8741",0.095
"8742",0.095
"8743",0.095
"8744",0.0983333333333333
"8745",0.0983333333333333
"8746",0.0983333333333333
"8747",0.0983333333333333
"8748",0.0983333333333333
"8749",0.0983333333333333
"8750",0.0983333333333333
"8751",0.0983333333333333
"8752",0.0983333333333333
"8753",0.0983333333333333
"8754",0.0983333333333333
"8755",0.0983333333333333
"8756",0.0983333333333333
"8757",0.0983333333333333
"8758",0.0983333333333333
"8759",0.0983333333333333
"8760",0.0983333333333333
"8761",0.0983333333333333
"8762",0.0983333333333333
"8763",0.0983333333333333
"8764",0.0983333333333333
"8765",0.0966666666666667
"8766",0.0966666666666667
"8767",0.0966666666666667
"8768",0.0966666666666667
"8769",0.0966666666666667
"8770",0.0966666666666667
"8771",0.0966666666666667
"8772",0.0966666666666667
"8773",0.0966666666666667
"8774",0.0966666666666667
"8775",0.0966666666666667
"8776",0.0966666666666667
"8777",0.0966666666666667
"8778",0.0966666666666667
"8779",0.0966666666666667
"8780",0.0966666666666667
"8781",0.0966666666666667
"8782",0.0966666666666667
"8783",0.0966666666666667
"8784",0.0966666666666667
"8785",0.0966666666666667
"8786",0.0966666666666667
"8787",0.0966666666666667
"8788",0.0966666666666667
"8789",0.0966666666666667
"8790",0.0966666666666667
"8791",0.0966666666666667
"8792",0.0966666666666667
"8793",0.0983333333333333
"8794",0.0983333333333333
"8795",0.0983333333333333
"8796",0.0983333333333333
"8797",0.0983333333333333
"8798",0.0983333333333333
"8799",0.0983333333333333
"8800",0.0966666666666667
"8801",0.0966666666666667
"8802",0.0966666666666667
"8803",0.0966666666666667
"8804",0.0966666666666667
"8805",0.0966666666666667
"8806",0.0966666666666667
"8807",0.0966666666666667
"8808",0.0966666666666667
"8809",0.0966666666666667
"8810",0.0966666666666667
"8811",0.0966666666666667
"8812",0.0966666666666667
"8813",0.0966666666666667
"8814",0.0966666666666667
"8815",0.0966666666666667
"8816",0.0966666666666667
"8817",0.0966666666666667
"8818",0.0966666666666667
"8819",0.0966666666666667
"8820",0.0966666666666667
"8821",0.0966666666666667
"8822",0.0966666666666667
"8823",0.0966666666666667
"8824",0.0966666666666667
"8825",0.0966666666666667
"8826",0.0966666666666667
"8827",0.0966666666666667
"8828",0.0966666666666667
"8829",0.0966666666666667
"8830",0.0966666666666667
"8831",0.0966666666666667
"8832",0.0966666666666667
"8833",0.0966666666666667
"8834",0.0966666666666667
"8835",0.0966666666666667
"8836",0.0966666666666667
"8837",0.0966666666666667
"8838",0.0966666666666667
"8839",0.0966666666666667
"8840",0.0966666666666667
"8841",0.0966666666666667
"8842",0.0966666666666667
"8843",0.0966666666666667
"8844",0.0966666666666667
"8845",0.0966666666666667
"8846",0.0966666666666667
"8847",0.0966666666666667
"8848",0.0966666666666667
"8849",0.0966666666666667
"8850",0.0966666666666667
"8851",0.0966666666666667
"8852",0.0966666666666667
"8853",0.0966666666666667
"8854",0.0966666666666667
"8855",0.0966666666666667
"8856",0.0983333333333333
"8857",0.0983333333333333
"8858",0.0983333333333333
"8859",0.0983333333333333
"8860",0.0983333333333333
"8861",0.0983333333333333
"8862",0.0983333333333333
"8863",0.0983333333333333
"8864",0.0983333333333333
"8865",0.0983333333333333
"8866",0.0983333333333333
"8867",0.0983333333333333
"8868",0.0983333333333333
"8869",0.0983333333333333
"8870",0.0966666666666667
"8871",0.0966666666666667
"8872",0.0966666666666667
"8873",0.0966666666666667
"8874",0.0966666666666667
"8875",0.0966666666666667
"8876",0.0966666666666667
"8877",0.0966666666666667
"8878",0.0966666666666667
"8879",0.0966666666666667
"8880",0.0966666666666667
"8881",0.0966666666666667
"8882",0.0966666666666667
"8883",0.0966666666666667
"8884",0.0966666666666667
"8885",0.0966666666666667
"8886",0.0966666666666667
"8887",0.0966666666666667
"8888",0.0966666666666667
"8889",0.0966666666666667
"8890",0.0966666666666667
"8891",0.0966666666666667
"8892",0.0966666666666667
"8893",0.0966666666666667
"8894",0.0966666666666667
"8895",0.0966666666666667
"8896",0.0966666666666667
"8897",0.0966666666666667
"8898",0.0966666666666667
"8899",0.0966666666666667
"8900",0.0966666666666667
"8901",0.0966666666666667
"8902",0.0966666666666667
"8903",0.0966666666666667
"8904",0.0966666666666667
"8905",0.0966666666666667
"8906",0.0966666666666667
"8907",0.0966666666666667
"8908",0.0966666666666667
"8909",0.0966666666666667
"8910",0.0966666666666667
"8911",0.0966666666666667
"8912",0.0966666666666667
"8913",0.0966666666666667
"8914",0.0966666666666667
"8915",0.0966666666666667
"8916",0.0966666666666667
"8917",0.0966666666666667
"8918",0.0966666666666667
"8919",0.0966666666666667
"8920",0.0966666666666667
"8921",0.0966666666666667
"8922",0.0966666666666667
"8923",0.0966666666666667
"8924",0.0966666666666667
"8925",0.0966666666666667
"8926",0.0966666666666667
"8927",0.0966666666666667
"8928",0.0966666666666667
"8929",0.0966666666666667
"8930",0.0966666666666667
"8931",0.0966666666666667
"8932",0.0966666666666667
"8933",0.0966666666666667
"8934",0.0966666666666667
"8935",0.0966666666666667
"8936",0.0966666666666667
"8937",0.0966666666666667
"8938",0.0966666666666667
"8939",0.0966666666666667
"8940",0.0966666666666667
"8941",0.0966666666666667
"8942",0.0966666666666667
"8943",0.0966666666666667
"8944",0.0966666666666667
"8945",0.0966666666666667
"8946",0.0966666666666667
"8947",0.0966666666666667
"8948",0.0966666666666667
"8949",0.0966666666666667
"8950",0.0966666666666667
"8951",0.0966666666666667
"8952",0.0966666666666667
"8953",0.0966666666666667
"8954",0.0966666666666667
"8955",0.0966666666666667
"8956",0.0966666666666667
"8957",0.0966666666666667
"8958",0.0966666666666667
"8959",0.0966666666666667
"8960",0.0966666666666667
"8961",0.0966666666666667
"8962",0.0966666666666667
"8963",0.0966666666666667
"8964",0.0966666666666667
"8965",0.0966666666666667
"8966",0.0966666666666667
"8967",0.0966666666666667
"8968",0.0983333333333333
"8969",0.0983333333333333
"8970",0.0983333333333333
"8971",0.0983333333333333
"8972",0.0983333333333333
"8973",0.0983333333333333
"8974",0.0983333333333333
"8975",0.0983333333333333
"8976",0.0983333333333333
"8977",0.0983333333333333
"8978",0.0983333333333333
"8979",0.0983333333333333
"8980",0.0983333333333333
"8981",0.0983333333333333
"8982",0.0966666666666667
"8983",0.0966666666666667
"8984",0.0966666666666667
"8985",0.0966666666666667
"8986",0.0966666666666667
"8987",0.0966666666666667
"8988",0.0966666666666667
"8989",0.0966666666666667
"8990",0.0966666666666667
"8991",0.0966666666666667
"8992",0.0966666666666667
"8993",0.0966666666666667
"8994",0.0966666666666667
"8995",0.0966666666666667
"8996",0.0966666666666667
"8997",0.0966666666666667
"8998",0.0966666666666667
"8999",0.0966666666666667
"9000",0.0966666666666667
"9001",0.0966666666666667
"9002",0.0966666666666667
"9003",0.0966666666666667
"9004",0.0966666666666667
"9005",0.0966666666666667
"9006",0.0966666666666667
"9007",0.0966666666666667
"9008",0.0966666666666667
"9009",0.0966666666666667
"9010",0.0966666666666667
"9011",0.0966666666666667
"9012",0.0966666666666667
"9013",0.0966666666666667
"9014",0.0966666666666667
"9015",0.0966666666666667
"9016",0.0966666666666667
"9017",0.0966666666666667
"9018",0.0966666666666667
"9019",0.0966666666666667
"9020",0.0966666666666667
"9021",0.0966666666666667
"9022",0.0966666666666667
"9023",0.0966666666666667
"9024",0.0983333333333333
"9025",0.0983333333333333
"9026",0.0983333333333333
"9027",0.0983333333333333
"9028",0.0983333333333333
"9029",0.0983333333333333
"9030",0.0983333333333333
"9031",0.0983333333333333
"9032",0.0983333333333333
"9033",0.0983333333333333
"9034",0.0983333333333333
"9035",0.0983333333333333
"9036",0.0983333333333333
"9037",0.0983333333333333
"9038",0.0983333333333333
"9039",0.0983333333333333
"9040",0.0983333333333333
"9041",0.0983333333333333
"9042",0.0983333333333333
"9043",0.0983333333333333
"9044",0.0983333333333333
"9045",0.0983333333333333
"9046",0.0983333333333333
"9047",0.0983333333333333
"9048",0.0983333333333333
"9049",0.0983333333333333
"9050",0.0983333333333333
"9051",0.0983333333333333
"9052",0.0983333333333333
"9053",0.0983333333333333
"9054",0.0983333333333333
"9055",0.0983333333333333
"9056",0.0983333333333333
"9057",0.0983333333333333
"9058",0.0983333333333333
"9059",0.0966666666666667
"9060",0.0966666666666667
"9061",0.0966666666666667
"9062",0.0966666666666667
"9063",0.0966666666666667
"9064",0.0966666666666667
"9065",0.0966666666666667
"9066",0.0966666666666667
"9067",0.0966666666666667
"9068",0.0966666666666667
"9069",0.0966666666666667
"9070",0.0966666666666667
"9071",0.0966666666666667
"9072",0.0966666666666667
"9073",0.0966666666666667
"9074",0.0966666666666667
"9075",0.0966666666666667
"9076",0.0966666666666667
"9077",0.0966666666666667
"9078",0.0966666666666667
"9079",0.0966666666666667
"9080",0.0966666666666667
"9081",0.0966666666666667
"9082",0.0966666666666667
"9083",0.0966666666666667
"9084",0.0966666666666667
"9085",0.0966666666666667
"9086",0.0966666666666667
"9087",0.0983333333333333
"9088",0.0983333333333333
"9089",0.0983333333333333
"9090",0.0983333333333333
"9091",0.0983333333333333
"9092",0.0983333333333333
"9093",0.0983333333333333
"9094",0.0966666666666667
"9095",0.0966666666666667
"9096",0.0966666666666667
"9097",0.0966666666666667
"9098",0.0966666666666667
"9099",0.0966666666666667
"9100",0.0966666666666667
"9101",0.0966666666666667
"9102",0.0966666666666667
"9103",0.0966666666666667
"9104",0.0966666666666667
"9105",0.0966666666666667
"9106",0.0966666666666667
"9107",0.0966666666666667
"9108",0.0966666666666667
"9109",0.0966666666666667
"9110",0.0966666666666667
"9111",0.0966666666666667
"9112",0.0966666666666667
"9113",0.0966666666666667
"9114",0.0966666666666667
"9115",0.0966666666666667
"9116",0.0966666666666667
"9117",0.0966666666666667
"9118",0.0966666666666667
"9119",0.0966666666666667
"9120",0.0966666666666667
"9121",0.0966666666666667
"9122",0.0966666666666667
"9123",0.0966666666666667
"9124",0.0966666666666667
"9125",0.0966666666666667
"9126",0.0966666666666667
"9127",0.0966666666666667
"9128",0.0966666666666667
"9129",0.0966666666666667
"9130",0.0966666666666667
"9131",0.0966666666666667
"9132",0.0966666666666667
"9133",0.0966666666666667
"9134",0.0966666666666667
"9135",0.0966666666666667
"9136",0.0983333333333333
"9137",0.0983333333333333
"9138",0.0983333333333333
"9139",0.0983333333333333
"9140",0.0983333333333333
"9141",0.0983333333333333
"9142",0.0983333333333333
"9143",0.0966666666666667
"9144",0.0966666666666667
"9145",0.0966666666666667
"9146",0.0966666666666667
"9147",0.0966666666666667
"9148",0.0966666666666667
"9149",0.0966666666666667
"9150",0.0966666666666667
"9151",0.0966666666666667
"9152",0.0966666666666667
"9153",0.0966666666666667
"9154",0.0966666666666667
"9155",0.0966666666666667
"9156",0.0966666666666667
"9157",0.0966666666666667
"9158",0.0966666666666667
"9159",0.0966666666666667
"9160",0.0966666666666667
"9161",0.0966666666666667
"9162",0.0966666666666667
"9163",0.0966666666666667
"9164",0.0983333333333333
"9165",0.0983333333333333
"9166",0.0983333333333333
"9167",0.0983333333333333
"9168",0.0983333333333333
"9169",0.0983333333333333
"9170",0.0983333333333333
"9171",0.0983333333333333
"9172",0.0983333333333333
"9173",0.0983333333333333
"9174",0.0983333333333333
"9175",0.0983333333333333
"9176",0.0983333333333333
"9177",0.0983333333333333
"9178",0.0966666666666667
"9179",0.0966666666666667
"9180",0.0966666666666667
"9181",0.0966666666666667
"9182",0.0966666666666667
"9183",0.0966666666666667
"9184",0.0966666666666667
"9185",0.0966666666666667
"9186",0.0966666666666667
"9187",0.0966666666666667
"9188",0.0966666666666667
"9189",0.0966666666666667
"9190",0.0966666666666667
"9191",0.0966666666666667
"9192",0.0966666666666667
"9193",0.0966666666666667
"9194",0.0966666666666667
"9195",0.0966666666666667
"9196",0.0966666666666667
"9197",0.0966666666666667
"9198",0.0966666666666667
"9199",0.0966666666666667
"9200",0.0966666666666667
"9201",0.0966666666666667
"9202",0.0966666666666667
"9203",0.0966666666666667
"9204",0.0966666666666667
"9205",0.0966666666666667
"9206",0.0966666666666667
"9207",0.0966666666666667
"9208",0.0966666666666667
"9209",0.0966666666666667
"9210",0.0966666666666667
"9211",0.0966666666666667
"9212",0.0966666666666667
"9213",0.0966666666666667
"9214",0.0966666666666667
"9215",0.0966666666666667
"9216",0.0966666666666667
"9217",0.0966666666666667
"9218",0.0966666666666667
"9219",0.0966666666666667
"9220",0.0983333333333333
"9221",0.0983333333333333
"9222",0.0983333333333333
"9223",0.0983333333333333
"9224",0.0983333333333333
"9225",0.0983333333333333
"9226",0.0983333333333333
"9227",0.0966666666666667
"9228",0.0966666666666667
"9229",0.0966666666666667
"9230",0.0966666666666667
"9231",0.0966666666666667
"9232",0.0966666666666667
"9233",0.0966666666666667
"9234",0.0966666666666667
"9235",0.0966666666666667
"9236",0.0966666666666667
"9237",0.0966666666666667
"9238",0.0966666666666667
"9239",0.0966666666666667
"9240",0.0966666666666667
"9241",0.095
"9242",0.095
"9243",0.095
"9244",0.095
"9245",0.095
"9246",0.095
"9247",0.095
"9248",0.0966666666666667
"9249",0.0966666666666667
"9250",0.0966666666666667
"9251",0.0966666666666667
"9252",0.0966666666666667
"9253",0.0966666666666667
"9254",0.0966666666666667
"9255",0.0983333333333333
"9256",0.0983333333333333
"9257",0.0983333333333333
"9258",0.0983333333333333
"9259",0.0983333333333333
"9260",0.0983333333333333
"9261",0.0983333333333333
"9262",0.0966666666666667
"9263",0.0966666666666667
"9264",0.0966666666666667
"9265",0.0966666666666667
"9266",0.0966666666666667
"9267",0.0966666666666667
"9268",0.0966666666666667
"9269",0.0983333333333333
"9270",0.0983333333333333
"9271",0.0983333333333333
"9272",0.0983333333333333
"9273",0.0983333333333333
"9274",0.0983333333333333
"9275",0.0983333333333333
"9276",0.0966666666666667
"9277",0.0966666666666667
"9278",0.0966666666666667
"9279",0.0966666666666667
"9280",0.0966666666666667
"9281",0.0966666666666667
"9282",0.0966666666666667
"9283",0.0983333333333333
"9284",0.0983333333333333
"9285",0.0983333333333333
"9286",0.0983333333333333
"9287",0.0983333333333333
"9288",0.0983333333333333
"9289",0.0983333333333333
"9290",0.0966666666666667
"9291",0.0966666666666667
"9292",0.0966666666666667
"9293",0.0966666666666667
"9294",0.0966666666666667
"9295",0.0966666666666667
"9296",0.0966666666666667
"9297",0.0966666666666667
"9298",0.0966666666666667
"9299",0.0966666666666667
"9300",0.0966666666666667
"9301",0.0966666666666667
"9302",0.0966666666666667
"9303",0.0966666666666667
"9304",0.0966666666666667
"9305",0.0966666666666667
"9306",0.0966666666666667
"9307",0.0966666666666667
"9308",0.0966666666666667
"9309",0.0966666666666667
"9310",0.0966666666666667
"9311",0.0983333333333333
"9312",0.0983333333333333
"9313",0.0983333333333333
"9314",0.0983333333333333
"9315",0.0983333333333333
"9316",0.0983333333333333
"9317",0.0983333333333333
"9318",0.0966666666666667
"9319",0.0966666666666667
"9320",0.0966666666666667
"9321",0.0966666666666667
"9322",0.0966666666666667
"9323",0.0966666666666667
"9324",0.0966666666666667
"9325",0.0983333333333333
"9326",0.0983333333333333
"9327",0.0983333333333333
"9328",0.0983333333333333
"9329",0.0983333333333333
"9330",0.0983333333333333
"9331",0.0983333333333333
"9332",0.0983333333333333
"9333",0.0983333333333333
"9334",0.0983333333333333
"9335",0.0983333333333333
"9336",0.0983333333333333
"9337",0.0983333333333333
"9338",0.0983333333333333
"9339",0.0966666666666667
"9340",0.0966666666666667
"9341",0.0966666666666667
"9342",0.0966666666666667
"9343",0.0966666666666667
"9344",0.0966666666666667
"9345",0.0966666666666667
"9346",0.0983333333333333
"9347",0.0983333333333333
"9348",0.0983333333333333
"9349",0.0983333333333333
"9350",0.0983333333333333
"9351",0.0983333333333333
"9352",0.0983333333333333
"9353",0.0983333333333333
"9354",0.0983333333333333
"9355",0.0983333333333333
"9356",0.0983333333333333
"9357",0.0983333333333333
"9358",0.0983333333333333
"9359",0.0983333333333333
"9360",0.0966666666666667
"9361",0.0966666666666667
"9362",0.0966666666666667
"9363",0.0966666666666667
"9364",0.0966666666666667
"9365",0.0966666666666667
"9366",0.0966666666666667
"9367",0.0966666666666667
"9368",0.0966666666666667
"9369",0.0966666666666667
"9370",0.0966666666666667
"9371",0.0966666666666667
"9372",0.0966666666666667
"9373",0.0966666666666667
"9374",0.0983333333333333
"9375",0.0983333333333333
"9376",0.0983333333333333
"9377",0.0983333333333333
"9378",0.0983333333333333
"9379",0.0983333333333333
"9380",0.0983333333333333
"9381",0.0983333333333333
"9382",0.0983333333333333
"9383",0.0983333333333333
"9384",0.0983333333333333
"9385",0.0983333333333333
"9386",0.0983333333333333
"9387",0.0983333333333333
"9388",0.0983333333333333
"9389",0.0983333333333333
"9390",0.0983333333333333
"9391",0.0983333333333333
"9392",0.0983333333333333
"9393",0.0983333333333333
"9394",0.0983333333333333
"9395",0.0983333333333333
"9396",0.0983333333333333
"9397",0.0983333333333333
"9398",0.0983333333333333
"9399",0.0983333333333333
"9400",0.0983333333333333
"9401",0.0983333333333333
"9402",0.0966666666666667
"9403",0.0966666666666667
"9404",0.0966666666666667
"9405",0.0966666666666667
"9406",0.0966666666666667
"9407",0.0966666666666667
"9408",0.0966666666666667
"9409",0.0966666666666667
"9410",0.0966666666666667
"9411",0.0966666666666667
"9412",0.0966666666666667
"9413",0.0966666666666667
"9414",0.0966666666666667
"9415",0.0966666666666667
"9416",0.095
"9417",0.095
"9418",0.095
"9419",0.095
"9420",0.095
"9421",0.095
"9422",0.095
"9423",0.0983333333333333
"9424",0.0983333333333333
"9425",0.0983333333333333
"9426",0.0983333333333333
"9427",0.0983333333333333
"9428",0.0983333333333333
"9429",0.0983333333333333
"9430",0.0966666666666667
"9431",0.0966666666666667
"9432",0.0966666666666667
"9433",0.0966666666666667
"9434",0.0966666666666667
"9435",0.0966666666666667
"9436",0.0966666666666667
"9437",0.0983333333333333
"9438",0.0983333333333333
"9439",0.0983333333333333
"9440",0.0983333333333333
"9441",0.0983333333333333
"9442",0.0983333333333333
"9443",0.0983333333333333
"9444",0.0966666666666667
"9445",0.0966666666666667
"9446",0.0966666666666667
"9447",0.0966666666666667
"9448",0.0966666666666667
"9449",0.0966666666666667
"9450",0.0966666666666667
"9451",0.0966666666666667
"9452",0.0966666666666667
"9453",0.0966666666666667
"9454",0.0966666666666667
"9455",0.0966666666666667
"9456",0.0966666666666667
"9457",0.0966666666666667
"9458",0.0983333333333333
"9459",0.0983333333333333
"9460",0.0983333333333333
"9461",0.0983333333333333
"9462",0.0983333333333333
"9463",0.0983333333333333
"9464",0.0983333333333333
"9465",0.0983333333333333
"9466",0.0983333333333333
"9467",0.0983333333333333
"9468",0.0983333333333333
"9469",0.0983333333333333
"9470",0.0983333333333333
"9471",0.0983333333333333
"9472",0.0983333333333333
"9473",0.0983333333333333
"9474",0.0983333333333333
"9475",0.0983333333333333
"9476",0.0983333333333333
"9477",0.0983333333333333
"9478",0.0983333333333333
"9479",0.0983333333333333
"9480",0.0983333333333333
"9481",0.0983333333333333
"9482",0.0983333333333333
"9483",0.0983333333333333
"9484",0.0983333333333333
"9485",0.0983333333333333
"9486",0.0983333333333333
"9487",0.0983333333333333
"9488",0.0983333333333333
"9489",0.0983333333333333
"9490",0.0983333333333333
"9491",0.0983333333333333
"9492",0.0983333333333333
"9493",0.0966666666666667
"9494",0.0966666666666667
"9495",0.0966666666666667
"9496",0.0966666666666667
"9497",0.0966666666666667
"9498",0.0966666666666667
"9499",0.0966666666666667
"9500",0.0966666666666667
"9501",0.0966666666666667
"9502",0.0966666666666667
"9503",0.0966666666666667
"9504",0.0966666666666667
"9505",0.0966666666666667
"9506",0.0966666666666667
"9507",0.0966666666666667
"9508",0.0966666666666667
"9509",0.0966666666666667
"9510",0.0966666666666667
"9511",0.0966666666666667
"9512",0.0966666666666667
"9513",0.0966666666666667
"9514",0.0966666666666667
"9515",0.0966666666666667
"9516",0.0966666666666667
"9517",0.0966666666666667
"9518",0.0966666666666667
"9519",0.0966666666666667
"9520",0.0966666666666667
"9521",0.0966666666666667
"9522",0.0966666666666667
"9523",0.0966666666666667
"9524",0.0966666666666667
"9525",0.0966666666666667
"9526",0.0966666666666667
"9527",0.0966666666666667
"9528",0.0966666666666667
"9529",0.0966666666666667
"9530",0.0966666666666667
"9531",0.0966666666666667
"9532",0.0966666666666667
"9533",0.0966666666666667
"9534",0.0966666666666667
"9535",0.095
"9536",0.095
"9537",0.095
"9538",0.095
"9539",0.095
"9540",0.095
"9541",0.095
"9542",0.0966666666666667
"9543",0.0966666666666667
"9544",0.0966666666666667
"9545",0.0966666666666667
"9546",0.0966666666666667
"9547",0.0966666666666667
"9548",0.0966666666666667
"9549",0.0983333333333333
"9550",0.0983333333333333
"9551",0.0983333333333333
"9552",0.0983333333333333
"9553",0.0983333333333333
"9554",0.0983333333333333
"9555",0.0983333333333333
"9556",0.0966666666666667
"9557",0.0966666666666667
"9558",0.0966666666666667
"9559",0.0966666666666667
"9560",0.0966666666666667
"9561",0.0966666666666667
"9562",0.0966666666666667
"9563",0.0983333333333333
"9564",0.0983333333333333
"9565",0.0983333333333333
"9566",0.0983333333333333
"9567",0.0983333333333333
"9568",0.0983333333333333
"9569",0.0983333333333333
"9570",0.0966666666666667
"9571",0.0966666666666667
"9572",0.0966666666666667
"9573",0.0966666666666667
"9574",0.0966666666666667
"9575",0.0966666666666667
"9576",0.0966666666666667
"9577",0.0983333333333333
"9578",0.0983333333333333
"9579",0.0983333333333333
"9580",0.0983333333333333
"9581",0.0983333333333333
"9582",0.0983333333333333
"9583",0.0983333333333333
"9584",0.0966666666666667
"9585",0.0966666666666667
"9586",0.0966666666666667
"9587",0.0966666666666667
"9588",0.0966666666666667
"9589",0.0966666666666667
"9590",0.0966666666666667
"9591",0.0966666666666667
"9592",0.0966666666666667
"9593",0.0966666666666667
"9594",0.0966666666666667
"9595",0.0966666666666667
"9596",0.0966666666666667
"9597",0.0966666666666667
"9598",0.0983333333333333
"9599",0.0983333333333333
"9600",0.0983333333333333
"9601",0.0983333333333333
"9602",0.0983333333333333
"9603",0.0983333333333333
"9604",0.0983333333333333
"9605",0.0966666666666667
"9606",0.0966666666666667
"9607",0.0966666666666667
"9608",0.0966666666666667
"9609",0.0966666666666667
"9610",0.0966666666666667
"9611",0.0966666666666667
"9612",0.0983333333333333
"9613",0.0983333333333333
"9614",0.0983333333333333
"9615",0.0983333333333333
"9616",0.0983333333333333
"9617",0.0983333333333333
"9618",0.0983333333333333
"9619",0.0983333333333333
"9620",0.0983333333333333
"9621",0.0983333333333333
"9622",0.0983333333333333
"9623",0.0983333333333333
"9624",0.0983333333333333
"9625",0.0983333333333333
"9626",0.0966666666666667
"9627",0.0966666666666667
"9628",0.0966666666666667
"9629",0.0966666666666667
"9630",0.0966666666666667
"9631",0.0966666666666667
"9632",0.0966666666666667
"9633",0.0983333333333333
"9634",0.0983333333333333
"9635",0.0983333333333333
"9636",0.0983333333333333
"9637",0.0983333333333333
"9638",0.0983333333333333
"9639",0.0983333333333333
"9640",0.0983333333333333
"9641",0.0983333333333333
"9642",0.0983333333333333
"9643",0.0983333333333333
"9644",0.0983333333333333
"9645",0.0983333333333333
"9646",0.0983333333333333
"9647",0.0966666666666667
"9648",0.0966666666666667
"9649",0.0966666666666667
"9650",0.0966666666666667
"9651",0.0966666666666667
"9652",0.0966666666666667
"9653",0.0966666666666667
"9654",0.106666666666667
"9655",0.108333333333333
"9656",0.106666666666667
"9657",0.108333333333333
"9658",0.106666666666667
"9659",0.108333333333333
"9660",0.106666666666667
"9661",0.106666666666667
"9662",0.108333333333333
"9663",0.106666666666667
"9664",0.108333333333333
"9665",0.106666666666667
"9666",0.108333333333333
"9667",0.106666666666667
"9668",0.108333333333333
"9669",0.11
"9670",0.108333333333333
"9671",0.11
"9672",0.108333333333333
"9673",0.11
"9674",0.108333333333333
"9675",0.106666666666667
"9676",0.108333333333333
"9677",0.106666666666667
"9678",0.108333333333333
"9679",0.106666666666667
"9680",0.108333333333333
"9681",0.106666666666667
"9682",0.105
"9683",0.106666666666667
"9684",0.105
"9685",0.106666666666667
"9686",0.105
"9687",0.106666666666667
"9688",0.105
"9689",0.108333333333333
"9690",0.11
"9691",0.108333333333333
"9692",0.11
"9693",0.108333333333333
"9694",0.11
"9695",0.108333333333333
"9696",0.106666666666667
"9697",0.108333333333333
"9698",0.106666666666667
"9699",0.108333333333333
"9700",0.106666666666667
"9701",0.108333333333333
"9702",0.106666666666667
"9703",0.108333333333333
"9704",0.11
"9705",0.108333333333333
"9706",0.11
"9707",0.108333333333333
"9708",0.11
"9709",0.108333333333333
"9710",0.106666666666667
"9711",0.108333333333333
"9712",0.106666666666667
"9713",0.108333333333333
"9714",0.106666666666667
"9715",0.108333333333333
"9716",0.106666666666667
"9717",0.11
"9718",0.111666666666667
"9719",0.11
"9720",0.111666666666667
"9721",0.11
"9722",0.111666666666667
"9723",0.11
"9724",0.108333333333333
"9725",0.11
"9726",0.108333333333333
"9727",0.11
"9728",0.108333333333333
"9729",0.11
"9730",0.108333333333333
"9731",0.105
"9732",0.106666666666667
"9733",0.105
"9734",0.106666666666667
"9735",0.105
"9736",0.106666666666667
"9737",0.105
"9738",0.108333333333333
"9739",0.11
"9740",0.108333333333333
"9741",0.11
"9742",0.108333333333333
"9743",0.11
"9744",0.108333333333333
"9745",0.106666666666667
"9746",0.108333333333333
"9747",0.106666666666667
"9748",0.108333333333333
"9749",0.106666666666667
"9750",0.108333333333333
"9751",0.106666666666667
"9752",0.108333333333333
"9753",0.11
"9754",0.108333333333333
"9755",0.11
"9756",0.108333333333333
"9757",0.11
"9758",0.108333333333333
"9759",0.108333333333333
"9760",0.11
"9761",0.108333333333333
"9762",0.11
"9763",0.108333333333333
"9764",0.11
"9765",0.108333333333333
"9766",0.113333333333333
"9767",0.115
"9768",0.113333333333333
"9769",0.115
"9770",0.113333333333333
"9771",0.115
"9772",0.113333333333333
"9773",0.113333333333333
"9774",0.115
"9775",0.113333333333333
"9776",0.115
"9777",0.113333333333333
"9778",0.115
"9779",0.113333333333333
"9780",0.115
"9781",0.116666666666667
"9782",0.115
"9783",0.116666666666667
"9784",0.115
"9785",0.116666666666667
"9786",0.115
"9787",0.111666666666667
"9788",0.113333333333333
"9789",0.111666666666667
"9790",0.113333333333333
"9791",0.113333333333333
"9792",0.111666666666667
"9793",0.111666666666667
"9794",0.111666666666667
"9795",0.111666666666667
"9796",0.113333333333333
"9797",0.111666666666667
"9798",0.113333333333333
"9799",0.113333333333333
"9800",0.115
"9801",0.111666666666667
"9802",0.111666666666667
"9803",0.111666666666667
"9804",0.113333333333333
"9805",0.111666666666667
"9806",0.113333333333333
"9807",0.113333333333333
"9808",0.111666666666667
"9809",0.111666666666667
"9810",0.111666666666667
"9811",0.111666666666667
"9812",0.113333333333333
"9813",0.111666666666667
"9814",0.113333333333333
"9815",0.113333333333333
"9816",0.115
"9817",0.111666666666667
"9818",0.111666666666667
"9819",0.108333333333333
"9820",0.11
"9821",0.108333333333333
"9822",0.11
"9823",0.11
"9824",0.108333333333333
"9825",0.108333333333333
"9826",0.108333333333333
"9827",0.108333333333333
"9828",0.11
"9829",0.108333333333333
"9830",0.11
"9831",0.11
"9832",0.111666666666667
"9833",0.108333333333333
"9834",0.108333333333333
"9835",0.11
"9836",0.111666666666667
"9837",0.11
"9838",0.111666666666667
"9839",0.111666666666667
"9840",0.11
"9841",0.11
"9842",0.11
"9843",0.11
"9844",0.111666666666667
"9845",0.11
"9846",0.111666666666667
"9847",0.111666666666667
"9848",0.113333333333333
"9849",0.11
"9850",0.11
"9851",0.11
"9852",0.111666666666667
"9853",0.11
"9854",0.111666666666667
"9855",0.111666666666667
"9856",0.11
"9857",0.11
"9858",0.11
"9859",0.11
"9860",0.111666666666667
"9861",0.11
"9862",0.111666666666667
"9863",0.111666666666667
"9864",0.113333333333333
"9865",0.11
"9866",0.11
"9867",0.11
"9868",0.111666666666667
"9869",0.11
"9870",0.111666666666667
"9871",0.111666666666667
"9872",0.11
"9873",0.11
"9874",0.11
"9875",0.11
"9876",0.111666666666667
"9877",0.11
"9878",0.111666666666667
"9879",0.111666666666667
"9880",0.113333333333333
"9881",0.11
"9882",0.11
"9883",0.111666666666667
"9884",0.113333333333333
"9885",0.111666666666667
"9886",0.113333333333333
"9887",0.113333333333333
"9888",0.111666666666667
"9889",0.111666666666667
"9890",0.111666666666667
"9891",0.111666666666667
"9892",0.113333333333333
"9893",0.111666666666667
"9894",0.113333333333333
"9895",0.113333333333333
"9896",0.115
"9897",0.111666666666667
"9898",0.111666666666667
"9899",0.11
"9900",0.111666666666667
"9901",0.11
"9902",0.111666666666667
"9903",0.111666666666667
"9904",0.11
"9905",0.11
"9906",0.11
"9907",0.11
"9908",0.111666666666667
"9909",0.11
"9910",0.111666666666667
"9911",0.111666666666667
"9912",0.113333333333333
"9913",0.11
"9914",0.11
"9915",0.11
"9916",0.111666666666667
"9917",0.11
"9918",0.111666666666667
"9919",0.111666666666667
"9920",0.11
"9921",0.11
"9922",0.11
"9923",0.11
"9924",0.111666666666667
"9925",0.11
"9926",0.111666666666667
"9927",0.111666666666667
"9928",0.113333333333333
"9929",0.11
"9930",0.11
"9931",0.111666666666667
"9932",0.113333333333333
"9933",0.111666666666667
"9934",0.113333333333333
"9935",0.113333333333333
"9936",0.111666666666667
"9937",0.111666666666667
"9938",0.111666666666667
"9939",0.111666666666667
"9940",0.113333333333333
"9941",0.111666666666667
"9942",0.113333333333333
"9943",0.113333333333333
"9944",0.115
"9945",0.111666666666667
"9946",0.111666666666667
"9947",0.111666666666667
"9948",0.113333333333333
"9949",0.111666666666667
"9950",0.113333333333333
"9951",0.113333333333333
"9952",0.111666666666667
"9953",0.111666666666667
"9954",0.111666666666667
"9955",0.111666666666667
"9956",0.113333333333333
"9957",0.111666666666667
"9958",0.113333333333333
"9959",0.113333333333333
"9960",0.115
"9961",0.111666666666667
"9962",0.111666666666667
"9963",0.111666666666667
"9964",0.113333333333333
"9965",0.111666666666667
"9966",0.113333333333333
"9967",0.113333333333333
"9968",0.111666666666667
"9969",0.111666666666667
"9970",0.111666666666667
"9971",0.111666666666667
"9972",0.113333333333333
"9973",0.111666666666667
"9974",0.113333333333333
"9975",0.113333333333333
"9976",0.115
"9977",0.111666666666667
"9978",0.111666666666667
"9979",0.111666666666667
"9980",0.113333333333333
"9981",0.111666666666667
"9982",0.113333333333333
"9983",0.113333333333333
"9984",0.111666666666667
"9985",0.111666666666667
"9986",0.111666666666667
"9987",0.111666666666667
"9988",0.113333333333333
"9989",0.111666666666667
"9990",0.113333333333333
"9991",0.113333333333333
"9992",0.115
"9993",0.111666666666667
"9994",0.111666666666667
"9995",0.111666666666667
"9996",0.113333333333333
"9997",0.111666666666667
"9998",0.113333333333333
"9999",0.113333333333333
"10000",0.111666666666667
"10001",0.111666666666667
"10002",0.111666666666667
"10003",0.111666666666667
"10004",0.113333333333333
"10005",0.111666666666667
"10006",0.113333333333333
"10007",0.113333333333333
"10008",0.115
"10009",0.111666666666667
"10010",0.111666666666667
"10011",0.111666666666667
"10012",0.113333333333333
"10013",0.111666666666667
"10014",0.113333333333333
"10015",0.113333333333333
"10016",0.111666666666667
"10017",0.111666666666667
"10018",0.111666666666667
"10019",0.111666666666667
"10020",0.113333333333333
"10021",0.111666666666667
"10022",0.113333333333333
"10023",0.113333333333333
"10024",0.115
"10025",0.111666666666667
"10026",0.111666666666667
"10027",0.111666666666667
"10028",0.113333333333333
"10029",0.111666666666667
"10030",0.113333333333333
"10031",0.113333333333333
"10032",0.111666666666667
"10033",0.111666666666667
"10034",0.111666666666667
"10035",0.111666666666667
"10036",0.113333333333333
"10037",0.111666666666667
"10038",0.113333333333333
"10039",0.113333333333333
"10040",0.115
"10041",0.111666666666667
"10042",0.111666666666667
"10043",0.111666666666667
"10044",0.113333333333333
"10045",0.111666666666667
"10046",0.113333333333333
"10047",0.113333333333333
"10048",0.111666666666667
"10049",0.111666666666667
"10050",0.111666666666667
"10051",0.111666666666667
"10052",0.113333333333333
"10053",0.111666666666667
"10054",0.113333333333333
"10055",0.113333333333333
"10056",0.115
"10057",0.111666666666667
"10058",0.111666666666667
"10059",0.111666666666667
"10060",0.113333333333333
"10061",0.111666666666667
"10062",0.113333333333333
"10063",0.113333333333333
"10064",0.111666666666667
"10065",0.111666666666667
"10066",0.111666666666667
"10067",0.111666666666667
"10068",0.113333333333333
"10069",0.111666666666667
"10070",0.113333333333333
"10071",0.113333333333333
"10072",0.115
"10073",0.111666666666667
"10074",0.111666666666667
"10075",0.111666666666667
"10076",0.113333333333333
"10077",0.111666666666667
"10078",0.113333333333333
"10079",0.113333333333333
"10080",0.111666666666667
"10081",0.111666666666667
"10082",0.111666666666667
"10083",0.111666666666667
"10084",0.113333333333333
"10085",0.111666666666667
"10086",0.113333333333333
"10087",0.113333333333333
"10088",0.115
"10089",0.111666666666667
"10090",0.111666666666667
"10091",0.11
"10092",0.111666666666667
"10093",0.11
"10094",0.111666666666667
"10095",0.111666666666667
"10096",0.11
"10097",0.11
"10098",0.11
"10099",0.11
"10100",0.111666666666667
"10101",0.11
"10102",0.111666666666667
"10103",0.111666666666667
"10104",0.113333333333333
"10105",0.11
"10106",0.11
"10107",0.111666666666667
"10108",0.113333333333333
"10109",0.111666666666667
"10110",0.113333333333333
"10111",0.113333333333333
"10112",0.111666666666667
"10113",0.111666666666667
"10114",0.111666666666667
"10115",0.111666666666667
"10116",0.113333333333333
"10117",0.111666666666667
"10118",0.113333333333333
"10119",0.113333333333333
"10120",0.115
"10121",0.111666666666667
"10122",0.111666666666667
"10123",0.111666666666667
"10124",0.113333333333333
"10125",0.111666666666667
"10126",0.113333333333333
"10127",0.113333333333333
"10128",0.111666666666667
"10129",0.111666666666667
"10130",0.111666666666667
"10131",0.111666666666667
"10132",0.113333333333333
"10133",0.111666666666667
"10134",0.113333333333333
"10135",0.113333333333333
"10136",0.115
"10137",0.111666666666667
"10138",0.111666666666667
"10139",0.11
"10140",0.111666666666667
"10141",0.11
"10142",0.111666666666667
"10143",0.111666666666667
"10144",0.11
"10145",0.11
"10146",0.11
"10147",0.11
"10148",0.111666666666667
"10149",0.11
"10150",0.111666666666667
"10151",0.111666666666667
"10152",0.113333333333333
"10153",0.11
"10154",0.113333333333333
"10155",0.11
"10156",0.11
"10157",0.11
"10158",0.111666666666667
"10159",0.111666666666667
"10160",0.11
"10161",0.11
"10162",0.108333333333333
"10163",0.11
"10164",0.111666666666667
"10165",0.108333333333333
"10166",0.111666666666667
"10167",0.11
"10168",0.113333333333333
"10169",0.113333333333333
"10170",0.11
"10171",0.11
"10172",0.11
"10173",0.11
"10174",0.111666666666667
"10175",0.111666666666667
"10176",0.11
"10177",0.11
"10178",0.108333333333333
"10179",0.11
"10180",0.111666666666667
"10181",0.108333333333333
"10182",0.111666666666667
"10183",0.11
"10184",0.113333333333333
"10185",0.113333333333333
"10186",0.11
"10187",0.11
"10188",0.11
"10189",0.11
"10190",0.111666666666667
"10191",0.111666666666667
"10192",0.11
"10193",0.11
"10194",0.108333333333333
"10195",0.11
"10196",0.111666666666667
"10197",0.108333333333333
"10198",0.111666666666667
"10199",0.11
"10200",0.113333333333333
"10201",0.113333333333333
"10202",0.11
"10203",0.09
"10204",0.09
"10205",0.09
"10206",0.0916666666666667
"10207",0.0916666666666667
"10208",0.09
"10209",0.09
"10210",0.0883333333333333
"10211",0.09
"10212",0.0916666666666667
"10213",0.0883333333333333
"10214",0.0916666666666667
"10215",0.09
"10216",0.0933333333333333
"10217",0.0933333333333333
"10218",0.09
"10219",0.095
"10220",0.095
"10221",0.095
"10222",0.0966666666666667
"10223",0.0966666666666667
"10224",0.095
"10225",0.095
"10226",0.0933333333333333
"10227",0.095
"10228",0.0966666666666667
"10229",0.0933333333333333
"10230",0.0966666666666667
"10231",0.095
"10232",0.0983333333333333
"10233",0.095
"10234",0.0966666666666667
"10235",0.0783333333333333
"10236",0.0766666666666667
"10237",0.0783333333333333
"10238",0.0766666666666667
"10239",0.0766666666666667
"10240",0.0783333333333333
"10241",0.0783333333333333
"10242",0.0766666666666667
"10243",0.0783333333333333
"10244",0.0766666666666667
"10245",0.0766666666666667
"10246",0.0766666666666667
"10247",0.0766666666666667
"10248",0.0816666666666667
"10249",0.0783333333333333
"10250",0.0783333333333333
"10251",0.08
"10252",0.0783333333333333
"10253",0.08
"10254",0.0783333333333333
"10255",0.0783333333333333
"10256",0.08
"10257",0.08
"10258",0.0783333333333333
"10259",0.08
"10260",0.0783333333333333
"10261",0.0783333333333333
"10262",0.0783333333333333
"10263",0.0783333333333333
"10264",0.0833333333333333
"10265",0.08
"10266",0.08
"10267",0.0966666666666667
"10268",0.0966666666666667
"10269",0.0966666666666667
"10270",0.0983333333333333
"10271",0.0983333333333333
"10272",0.0966666666666667
"10273",0.0966666666666667
"10274",0.0966666666666667
"10275",0.0966666666666667
"10276",0.0983333333333333
"10277",0.0966666666666667
"10278",0.0983333333333333
"10279",0.0966666666666667
"10280",0.0983333333333333
"10281",0.1
"10282",0.0966666666666667
"10283",0.0916666666666667
"10284",0.0883333333333333
"10285",0.095
"10286",0.09
"10287",0.09
"10288",0.0916666666666667
"10289",0.0916666666666667
"10290",0.09
"10291",0.0916666666666667
"10292",0.09
"10293",0.09
"10294",0.09
"10295",0.0883333333333333
"10296",0.095
"10297",0.0916666666666667
"10298",0.0916666666666667
"10299",0.095
"10300",0.095
"10301",0.0933333333333333
"10302",0.0966666666666667
"10303",0.0966666666666667
"10304",0.095
"10305",0.095
"10306",0.0933333333333333
"10307",0.095
"10308",0.0966666666666667
"10309",0.0933333333333333
"10310",0.0966666666666667
"10311",0.095
"10312",0.0983333333333333
"10313",0.095
"10314",0.0966666666666667
"10315",0.0933333333333333
"10316",0.0933333333333333
"10317",0.0916666666666667
"10318",0.095
"10319",0.095
"10320",0.0933333333333333
"10321",0.0933333333333333
"10322",0.0916666666666667
"10323",0.0933333333333333
"10324",0.095
"10325",0.0916666666666667
"10326",0.095
"10327",0.0933333333333333
"10328",0.0966666666666667
"10329",0.0933333333333333
"10330",0.0966666666666667
"10331",0.0916666666666667
"10332",0.0916666666666667
"10333",0.09
"10334",0.0933333333333333
"10335",0.0933333333333333
"10336",0.0916666666666667
"10337",0.0916666666666667
"10338",0.09
"10339",0.0916666666666667
"10340",0.0933333333333333
"10341",0.09
"10342",0.0933333333333333
"10343",0.0916666666666667
"10344",0.095
"10345",0.0916666666666667
"10346",0.095
"10347",0.0933333333333333
"10348",0.0933333333333333
"10349",0.0916666666666667
"10350",0.095
"10351",0.095
"10352",0.0933333333333333
"10353",0.0933333333333333
"10354",0.0916666666666667
"10355",0.0933333333333333
"10356",0.095
"10357",0.0916666666666667
"10358",0.095
"10359",0.0933333333333333
"10360",0.0966666666666667
"10361",0.0933333333333333
"10362",0.0966666666666667
"10363",0.0933333333333333
"10364",0.0933333333333333
"10365",0.0916666666666667
"10366",0.095
"10367",0.095
"10368",0.0933333333333333
"10369",0.0933333333333333
"10370",0.0916666666666667
"10371",0.0933333333333333
"10372",0.095
"10373",0.0916666666666667
"10374",0.095
"10375",0.0933333333333333
"10376",0.0966666666666667
"10377",0.0933333333333333
"10378",0.0966666666666667
"10379",0.0933333333333333
"10380",0.0933333333333333
"10381",0.0916666666666667
"10382",0.095
"10383",0.095
"10384",0.0933333333333333
"10385",0.0933333333333333
"10386",0.0916666666666667
"10387",0.0933333333333333
"10388",0.095
"10389",0.0916666666666667
"10390",0.095
"10391",0.0933333333333333
"10392",0.0966666666666667
"10393",0.0933333333333333
"10394",0.0966666666666667
"10395",0.0916666666666667
"10396",0.0916666666666667
"10397",0.09
"10398",0.0933333333333333
"10399",0.0933333333333333
"10400",0.0916666666666667
"10401",0.0916666666666667
"10402",0.09
"10403",0.0916666666666667
"10404",0.0933333333333333
"10405",0.09
"10406",0.0933333333333333
"10407",0.0916666666666667
"10408",0.095
"10409",0.0916666666666667
"10410",0.095
"10411",0.09
"10412",0.09
"10413",0.0883333333333333
"10414",0.0916666666666667
"10415",0.0916666666666667
"10416",0.09
"10417",0.09
"10418",0.0883333333333333
"10419",0.09
"10420",0.0916666666666667
"10421",0.0883333333333333
"10422",0.0916666666666667
"10423",0.09
"10424",0.0933333333333333
"10425",0.09
"10426",0.0933333333333333
"10427",0.095
"10428",0.095
"10429",0.0933333333333333
"10430",0.0966666666666667
"10431",0.0966666666666667
"10432",0.095
"10433",0.095
"10434",0.0933333333333333
"10435",0.095
"10436",0.0966666666666667
"10437",0.0933333333333333
"10438",0.0966666666666667
"10439",0.095
"10440",0.0983333333333333
"10441",0.095
"10442",0.0966666666666667
"10443",0.0933333333333333
"10444",0.0933333333333333
"10445",0.0916666666666667
"10446",0.095
"10447",0.095
"10448",0.0933333333333333
"10449",0.0933333333333333
"10450",0.0916666666666667
"10451",0.0933333333333333
"10452",0.095
"10453",0.0916666666666667
"10454",0.095
"10455",0.0933333333333333
"10456",0.0966666666666667
"10457",0.0933333333333333
"10458",0.0966666666666667
"10459",0.108333333333333
"10460",0.11
"10461",0.111666666666667
"10462",0.11
"10463",0.11
"10464",0.108333333333333
"10465",0.108333333333333
"10466",0.106666666666667
"10467",0.108333333333333
"10468",0.11
"10469",0.106666666666667
"10470",0.11
"10471",0.11
"10472",0.111666666666667
"10473",0.108333333333333
"10474",0.108333333333333
"10475",0.105
"10476",0.106666666666667
"10477",0.108333333333333
"10478",0.106666666666667
"10479",0.106666666666667
"10480",0.105
"10481",0.105
"10482",0.103333333333333
"10483",0.105
"10484",0.106666666666667
"10485",0.103333333333333
"10486",0.106666666666667
"10487",0.106666666666667
"10488",0.108333333333333
"10489",0.108333333333333
"10490",0.105
"10491",0.106666666666667
"10492",0.108333333333333
"10493",0.11
"10494",0.108333333333333
"10495",0.108333333333333
"10496",0.106666666666667
"10497",0.106666666666667
"10498",0.105
"10499",0.106666666666667
"10500",0.108333333333333
"10501",0.105
"10502",0.108333333333333
"10503",0.108333333333333
"10504",0.108333333333333
"10505",0.11
"10506",0.106666666666667
"10507",0.0983333333333333
"10508",0.0983333333333333
"10509",0.0983333333333333
"10510",0.1
"10511",0.1
"10512",0.0983333333333333
"10513",0.0983333333333333
"10514",0.0966666666666667
"10515",0.0983333333333333
"10516",0.1
"10517",0.0966666666666667
"10518",0.1
"10519",0.0983333333333333
"10520",0.101666666666667
"10521",0.0983333333333333
"10522",0.0983333333333333
"10523",0.101666666666667
"10524",0.103333333333333
"10525",0.101666666666667
"10526",0.103333333333333
"10527",0.103333333333333
"10528",0.101666666666667
"10529",0.101666666666667
"10530",0.1
"10531",0.101666666666667
"10532",0.103333333333333
"10533",0.1
"10534",0.103333333333333
"10535",0.103333333333333
"10536",0.105
"10537",0.101666666666667
"10538",0.101666666666667
"10539",0.1
"10540",0.101666666666667
"10541",0.1
"10542",0.101666666666667
"10543",0.101666666666667
"10544",0.1
"10545",0.1
"10546",0.0983333333333333
"10547",0.1
"10548",0.101666666666667
"10549",0.0983333333333333
"10550",0.101666666666667
"10551",0.101666666666667
"10552",0.103333333333333
"10553",0.0983333333333333
"10554",0.1
"10555",0.101666666666667
"10556",0.103333333333333
"10557",0.101666666666667
"10558",0.103333333333333
"10559",0.103333333333333
"10560",0.101666666666667
"10561",0.101666666666667
"10562",0.1
"10563",0.101666666666667
"10564",0.103333333333333
"10565",0.1
"10566",0.103333333333333
"10567",0.103333333333333
"10568",0.105
"10569",0.105
"10570",0.101666666666667
"10571",0.101666666666667
"10572",0.103333333333333
"10573",0.101666666666667
"10574",0.103333333333333
"10575",0.103333333333333
"10576",0.101666666666667
"10577",0.101666666666667
"10578",0.1
"10579",0.101666666666667
"10580",0.103333333333333
"10581",0.1
"10582",0.103333333333333
"10583",0.103333333333333
"10584",0.105
"10585",0.105
"10586",0.101666666666667
"10587",0.1
"10588",0.101666666666667
"10589",0.1
"10590",0.101666666666667
"10591",0.101666666666667
"10592",0.1
"10593",0.1
"10594",0.1
"10595",0.1
"10596",0.101666666666667
"10597",0.1
"10598",0.101666666666667
"10599",0.101666666666667
"10600",0.103333333333333
"10601",0.1
"10602",0.1
"10603",0.1
"10604",0.101666666666667
"10605",0.1
"10606",0.101666666666667
"10607",0.101666666666667
"10608",0.1
"10609",0.1
"10610",0.1
"10611",0.1
"10612",0.101666666666667
"10613",0.1
"10614",0.101666666666667
"10615",0.101666666666667
"10616",0.103333333333333
"10617",0.1
"10618",0.1
"10619",0.1
"10620",0.101666666666667
"10621",0.1
"10622",0.101666666666667
"10623",0.101666666666667
"10624",0.1
"10625",0.1
"10626",0.1
"10627",0.1
"10628",0.101666666666667
"10629",0.1
"10630",0.101666666666667
"10631",0.101666666666667
"10632",0.103333333333333
"10633",0.1
"10634",0.1
"10635",0.101666666666667
"10636",0.103333333333333
"10637",0.101666666666667
"10638",0.103333333333333
"10639",0.103333333333333
"10640",0.101666666666667
"10641",0.101666666666667
"10642",0.1
"10643",0.101666666666667
"10644",0.103333333333333
"10645",0.1
"10646",0.103333333333333
"10647",0.103333333333333
"10648",0.105
"10649",0.105
"10650",0.101666666666667
"10651",0.1
"10652",0.101666666666667
"10653",0.1
"10654",0.101666666666667
"10655",0.101666666666667
"10656",0.1
"10657",0.1
"10658",0.1
"10659",0.1
"10660",0.101666666666667
"10661",0.1
"10662",0.101666666666667
"10663",0.101666666666667
"10664",0.103333333333333
"10665",0.1
"10666",0.1
"10667",0.1
"10668",0.101666666666667
"10669",0.1
"10670",0.101666666666667
"10671",0.101666666666667
"10672",0.1
"10673",0.1
"10674",0.1
"10675",0.1
"10676",0.101666666666667
"10677",0.1
"10678",0.101666666666667
"10679",0.101666666666667
"10680",0.103333333333333
"10681",0.1
"10682",0.1
"10683",0.0983333333333333
"10684",0.1
"10685",0.0983333333333333
"10686",0.1
"10687",0.1
"10688",0.0983333333333333
"10689",0.0983333333333333
"10690",0.0983333333333333
"10691",0.0983333333333333
"10692",0.1
"10693",0.0983333333333333
"10694",0.1
"10695",0.1
"10696",0.101666666666667
"10697",0.0983333333333333
"10698",0.0983333333333333
"10699",0.101666666666667
"10700",0.103333333333333
"10701",0.101666666666667
"10702",0.103333333333333
"10703",0.103333333333333
"10704",0.101666666666667
"10705",0.101666666666667
"10706",0.1
"10707",0.101666666666667
"10708",0.103333333333333
"10709",0.1
"10710",0.103333333333333
"10711",0.103333333333333
"10712",0.105
"10713",0.105
"10714",0.101666666666667
"10715",0.101666666666667
"10716",0.103333333333333
"10717",0.101666666666667
"10718",0.103333333333333
"10719",0.103333333333333
"10720",0.101666666666667
"10721",0.101666666666667
"10722",0.101666666666667
"10723",0.101666666666667
"10724",0.103333333333333
"10725",0.101666666666667
"10726",0.103333333333333
"10727",0.103333333333333
"10728",0.105
"10729",0.101666666666667
"10730",0.101666666666667
"10731",0.1
"10732",0.101666666666667
"10733",0.1
"10734",0.101666666666667
"10735",0.101666666666667
"10736",0.1
"10737",0.1
"10738",0.1
"10739",0.1
"10740",0.101666666666667
"10741",0.1
"10742",0.101666666666667
"10743",0.101666666666667
"10744",0.103333333333333
"10745",0.1
"10746",0.1
"10747",0.101666666666667
"10748",0.103333333333333
"10749",0.101666666666667
"10750",0.103333333333333
"10751",0.103333333333333
"10752",0.101666666666667
"10753",0.101666666666667
"10754",0.1
"10755",0.101666666666667
"10756",0.103333333333333
"10757",0.1
"10758",0.103333333333333
"10759",0.103333333333333
"10760",0.105
"10761",0.105
"10762",0.101666666666667
"10763",0.101666666666667
"10764",0.103333333333333
"10765",0.101666666666667
"10766",0.103333333333333
"10767",0.103333333333333
"10768",0.101666666666667
"10769",0.101666666666667
"10770",0.1
"10771",0.101666666666667
"10772",0.103333333333333
"10773",0.1
"10774",0.103333333333333
"10775",0.103333333333333
"10776",0.105
"10777",0.105
"10778",0.101666666666667
"10779",0.1
"10780",0.101666666666667
"10781",0.1
"10782",0.101666666666667
"10783",0.101666666666667
"10784",0.1
"10785",0.1
"10786",0.1
"10787",0.1
"10788",0.101666666666667
"10789",0.1
"10790",0.101666666666667
"10791",0.101666666666667
"10792",0.103333333333333
"10793",0.1
"10794",0.1
"10795",0.101666666666667
"10796",0.103333333333333
"10797",0.101666666666667
"10798",0.103333333333333
"10799",0.103333333333333
"10800",0.101666666666667
"10801",0.101666666666667
"10802",0.1
"10803",0.101666666666667
"10804",0.103333333333333
"10805",0.1
"10806",0.103333333333333
"10807",0.103333333333333
"10808",0.105
"10809",0.105
"10810",0.101666666666667
"10811",0.101666666666667
"10812",0.103333333333333
"10813",0.101666666666667
"10814",0.103333333333333
"10815",0.103333333333333
"10816",0.101666666666667
"10817",0.101666666666667
"10818",0.1
"10819",0.101666666666667
"10820",0.103333333333333
"10821",0.1
"10822",0.103333333333333
"10823",0.103333333333333
"10824",0.105
"10825",0.105
"10826",0.101666666666667
"10827",0.1
"10828",0.101666666666667
"10829",0.1
"10830",0.101666666666667
"10831",0.101666666666667
"10832",0.1
"10833",0.1
"10834",0.1
"10835",0.1
"10836",0.101666666666667
"10837",0.1
"10838",0.101666666666667
"10839",0.101666666666667
"10840",0.103333333333333
"10841",0.1
"10842",0.1
"10843",0.1
"10844",0.101666666666667
"10845",0.1
"10846",0.101666666666667
"10847",0.101666666666667
"10848",0.1
"10849",0.1
"10850",0.1
"10851",0.1
"10852",0.101666666666667
"10853",0.1
"10854",0.101666666666667
"10855",0.101666666666667
"10856",0.103333333333333
"10857",0.1
"10858",0.1
"10859",0.101666666666667
"10860",0.103333333333333
"10861",0.101666666666667
"10862",0.103333333333333
"10863",0.103333333333333
"10864",0.101666666666667
"10865",0.101666666666667
"10866",0.1
"10867",0.101666666666667
"10868",0.103333333333333
"10869",0.1
"10870",0.103333333333333
"10871",0.103333333333333
"10872",0.105
"10873",0.105
"10874",0.101666666666667
"10875",0.1
"10876",0.101666666666667
"10877",0.1
"10878",0.101666666666667
"10879",0.101666666666667
"10880",0.1
"10881",0.1
"10882",0.1
"10883",0.1
"10884",0.101666666666667
"10885",0.1
"10886",0.101666666666667
"10887",0.101666666666667
"10888",0.103333333333333
"10889",0.1
"10890",0.1
"10891",0.101666666666667
"10892",0.103333333333333
"10893",0.101666666666667
"10894",0.103333333333333
"10895",0.103333333333333
"10896",0.101666666666667
"10897",0.101666666666667
"10898",0.101666666666667
"10899",0.101666666666667
"10900",0.103333333333333
"10901",0.101666666666667
"10902",0.103333333333333
"10903",0.103333333333333
"10904",0.105
"10905",0.101666666666667
"10906",0.101666666666667
"10907",0.1
"10908",0.101666666666667
"10909",0.1
"10910",0.101666666666667
"10911",0.101666666666667
"10912",0.1
"10913",0.1
"10914",0.1
"10915",0.1
"10916",0.101666666666667
"10917",0.1
"10918",0.101666666666667
"10919",0.101666666666667
"10920",0.103333333333333
"10921",0.1
"10922",0.1
"10923",0.101666666666667
"10924",0.103333333333333
"10925",0.101666666666667
"10926",0.103333333333333
"10927",0.103333333333333
"10928",0.101666666666667
"10929",0.101666666666667
"10930",0.101666666666667
"10931",0.101666666666667
"10932",0.103333333333333
"10933",0.101666666666667
"10934",0.103333333333333
"10935",0.103333333333333
"10936",0.105
"10937",0.101666666666667
"10938",0.101666666666667
"10939",0.0983333333333333
"10940",0.1
"10941",0.0983333333333333
"10942",0.1
"10943",0.1
"10944",0.0983333333333333
"10945",0.0983333333333333
"10946",0.0983333333333333
"10947",0.0983333333333333
"10948",0.1
"10949",0.0983333333333333
"10950",0.1
"10951",0.1
"10952",0.101666666666667
"10953",0.0983333333333333
"10954",0.0983333333333333
"10955",0.101666666666667
"10956",0.103333333333333
"10957",0.101666666666667
"10958",0.103333333333333
"10959",0.103333333333333
"10960",0.101666666666667
"10961",0.101666666666667
"10962",0.1
"10963",0.101666666666667
"10964",0.103333333333333
"10965",0.1
"10966",0.103333333333333
"10967",0.103333333333333
"10968",0.105
"10969",0.105
"10970",0.101666666666667
"10971",0.1
"10972",0.101666666666667
"10973",0.1
"10974",0.101666666666667
"10975",0.101666666666667
"10976",0.1
"10977",0.1
"10978",0.1
"10979",0.1
"10980",0.101666666666667
"10981",0.1
"10982",0.101666666666667
"10983",0.101666666666667
"10984",0.103333333333333
"10985",0.1
"10986",0.1
"10987",0.101666666666667
"10988",0.103333333333333
"10989",0.101666666666667
"10990",0.103333333333333
"10991",0.103333333333333
"10992",0.101666666666667
"10993",0.101666666666667
"10994",0.1
"10995",0.101666666666667
"10996",0.103333333333333
"10997",0.1
"10998",0.103333333333333
"10999",0.103333333333333
"11000",0.105
"11001",0.105
"11002",0.101666666666667
"11003",0.105
"11004",0.106666666666667
"11005",0.105
"11006",0.106666666666667
"11007",0.106666666666667
"11008",0.105
"11009",0.105
"11010",0.103333333333333
"11011",0.105
"11012",0.106666666666667
"11013",0.103333333333333
"11014",0.106666666666667
"11015",0.106666666666667
"11016",0.108333333333333
"11017",0.108333333333333
"11018",0.105
"11019",0.1
"11020",0.101666666666667
"11021",0.1
"11022",0.101666666666667
"11023",0.101666666666667
"11024",0.1
"11025",0.1
"11026",0.1
"11027",0.1
"11028",0.101666666666667
"11029",0.1
"11030",0.101666666666667
"11031",0.101666666666667
"11032",0.103333333333333
"11033",0.1
"11034",0.1
"11035",0.105
"11036",0.106666666666667
"11037",0.105
"11038",0.106666666666667
"11039",0.106666666666667
"11040",0.105
"11041",0.105
"11042",0.103333333333333
"11043",0.105
"11044",0.106666666666667
"11045",0.103333333333333
"11046",0.106666666666667
"11047",0.106666666666667
"11048",0.108333333333333
"11049",0.108333333333333
"11050",0.108333333333333
"11051",0.105
"11052",0.106666666666667
"11053",0.105
"11054",0.106666666666667
"11055",0.106666666666667
"11056",0.105
"11057",0.105
"11058",0.103333333333333
"11059",0.105
"11060",0.106666666666667
"11061",0.103333333333333
"11062",0.106666666666667
"11063",0.106666666666667
"11064",0.108333333333333
"11065",0.108333333333333
"11066",0.108333333333333
"11067",0.105
"11068",0.106666666666667
"11069",0.105
"11070",0.106666666666667
"11071",0.106666666666667
"11072",0.105
"11073",0.105
"11074",0.103333333333333
"11075",0.105
"11076",0.106666666666667
"11077",0.103333333333333
"11078",0.106666666666667
"11079",0.106666666666667
"11080",0.108333333333333
"11081",0.108333333333333
"11082",0.108333333333333
"11083",0.095
"11084",0.0966666666666667
"11085",0.095
"11086",0.0966666666666667
"11087",0.0966666666666667
"11088",0.095
"11089",0.095
"11090",0.095
"11091",0.095
"11092",0.0966666666666667
"11093",0.095
"11094",0.0966666666666667
"11095",0.0966666666666667
"11096",0.0983333333333333
"11097",0.095
"11098",0.0983333333333333
"11099",0.095
"11100",0.0966666666666667
"11101",0.095
"11102",0.0966666666666667
"11103",0.0966666666666667
"11104",0.095
"11105",0.095
"11106",0.095
"11107",0.095
"11108",0.0966666666666667
"11109",0.095
"11110",0.0966666666666667
"11111",0.0966666666666667
"11112",0.0983333333333333
"11113",0.095
"11114",0.0983333333333333
"11115",0.095
"11116",0.0966666666666667
"11117",0.095
"11118",0.0966666666666667
"11119",0.0966666666666667
"11120",0.095
"11121",0.095
"11122",0.095
"11123",0.095
"11124",0.0966666666666667
"11125",0.095
"11126",0.0966666666666667
"11127",0.0966666666666667
"11128",0.0983333333333333
"11129",0.095
"11130",0.0983333333333333
"11131",0.095
"11132",0.0966666666666667
"11133",0.095
"11134",0.0966666666666667
"11135",0.0966666666666667
"11136",0.095
"11137",0.095
"11138",0.095
"11139",0.095
"11140",0.0966666666666667
"11141",0.095
"11142",0.0966666666666667
"11143",0.0966666666666667
"11144",0.0983333333333333
"11145",0.095
"11146",0.0983333333333333
"11147",0.095
"11148",0.0966666666666667
"11149",0.095
"11150",0.0966666666666667
"11151",0.0966666666666667
"11152",0.095
"11153",0.095
"11154",0.095
"11155",0.095
"11156",0.0966666666666667
"11157",0.095
"11158",0.0966666666666667
"11159",0.0966666666666667
"11160",0.0983333333333333
"11161",0.095
"11162",0.0983333333333333
"11163",0.095
"11164",0.0966666666666667
"11165",0.095
"11166",0.0966666666666667
"11167",0.0966666666666667
"11168",0.095
"11169",0.095
"11170",0.095
"11171",0.095
"11172",0.0966666666666667
"11173",0.095
"11174",0.0966666666666667
"11175",0.0966666666666667
"11176",0.0983333333333333
"11177",0.095
"11178",0.0983333333333333
"11179",0.095
"11180",0.0966666666666667
"11181",0.095
"11182",0.0966666666666667
"11183",0.0966666666666667
"11184",0.095
"11185",0.095
"11186",0.095
"11187",0.095
"11188",0.0966666666666667
"11189",0.095
"11190",0.0966666666666667
"11191",0.0966666666666667
"11192",0.0983333333333333
"11193",0.095
"11194",0.0983333333333333
"11195",0.095
"11196",0.0966666666666667
"11197",0.095
"11198",0.0966666666666667
"11199",0.0966666666666667
"11200",0.095
"11201",0.095
"11202",0.095
"11203",0.095
"11204",0.0966666666666667
"11205",0.095
"11206",0.0966666666666667
"11207",0.0966666666666667
"11208",0.0983333333333333
"11209",0.095
"11210",0.0983333333333333
"11211",0.095
"11212",0.0966666666666667
"11213",0.095
"11214",0.0966666666666667
"11215",0.0966666666666667
"11216",0.095
"11217",0.095
"11218",0.095
"11219",0.095
"11220",0.0966666666666667
"11221",0.095
"11222",0.0966666666666667
"11223",0.0966666666666667
"11224",0.0983333333333333
"11225",0.095
"11226",0.0983333333333333
"11227",0.095
"11228",0.0966666666666667
"11229",0.095
"11230",0.0966666666666667
"11231",0.0966666666666667
"11232",0.095
"11233",0.095
"11234",0.095
"11235",0.095
"11236",0.0966666666666667
"11237",0.095
"11238",0.0966666666666667
"11239",0.0966666666666667
"11240",0.0983333333333333
"11241",0.095
"11242",0.0983333333333333
"11243",0.095
"11244",0.0966666666666667
"11245",0.095
"11246",0.0966666666666667
"11247",0.0966666666666667
"11248",0.095
"11249",0.095
"11250",0.095
"11251",0.095
"11252",0.0966666666666667
"11253",0.095
"11254",0.0966666666666667
"11255",0.0966666666666667
"11256",0.0983333333333333
"11257",0.095
"11258",0.0983333333333333
"11259",0.095
"11260",0.0966666666666667
"11261",0.095
"11262",0.0966666666666667
"11263",0.0966666666666667
"11264",0.095
"11265",0.095
"11266",0.095
"11267",0.095
"11268",0.0966666666666667
"11269",0.095
"11270",0.0966666666666667
"11271",0.0966666666666667
"11272",0.0983333333333333
"11273",0.095
"11274",0.0983333333333333
"11275",0.095
"11276",0.0966666666666667
"11277",0.095
"11278",0.0966666666666667
"11279",0.0966666666666667
"11280",0.095
"11281",0.095
"11282",0.095
"11283",0.095
"11284",0.0966666666666667
"11285",0.095
"11286",0.0966666666666667
"11287",0.0966666666666667
"11288",0.0983333333333333
"11289",0.095
"11290",0.0983333333333333
"11291",0.095
"11292",0.0966666666666667
"11293",0.095
"11294",0.0966666666666667
"11295",0.0966666666666667
"11296",0.095
"11297",0.095
"11298",0.095
"11299",0.095
"11300",0.0966666666666667
"11301",0.095
"11302",0.0966666666666667
"11303",0.0966666666666667
"11304",0.0983333333333333
"11305",0.095
"11306",0.0983333333333333
"11307",0.095
"11308",0.0966666666666667
"11309",0.095
"11310",0.0966666666666667
"11311",0.0966666666666667
"11312",0.095
"11313",0.095
"11314",0.095
"11315",0.095
"11316",0.0966666666666667
"11317",0.095
"11318",0.0966666666666667
"11319",0.0966666666666667
"11320",0.0983333333333333
"11321",0.095
"11322",0.0983333333333333
"11323",0.095
"11324",0.0966666666666667
"11325",0.095
"11326",0.0966666666666667
"11327",0.0966666666666667
"11328",0.095
"11329",0.095
"11330",0.095
"11331",0.095
"11332",0.0966666666666667
"11333",0.095
"11334",0.0966666666666667
"11335",0.0966666666666667
"11336",0.0983333333333333
"11337",0.095
"11338",0.0983333333333333
"11339",0.095
"11340",0.0966666666666667
"11341",0.095
"11342",0.0966666666666667
"11343",0.0966666666666667
"11344",0.095
"11345",0.095
"11346",0.095
"11347",0.095
"11348",0.0966666666666667
"11349",0.095
"11350",0.0966666666666667
"11351",0.0966666666666667
"11352",0.0983333333333333
"11353",0.095
"11354",0.0983333333333333
"11355",0.0966666666666667
"11356",0.0983333333333333
"11357",0.0966666666666667
"11358",0.0983333333333333
"11359",0.0983333333333333
"11360",0.0966666666666667
"11361",0.0966666666666667
"11362",0.0966666666666667
"11363",0.0966666666666667
"11364",0.0983333333333333
"11365",0.0966666666666667
"11366",0.0983333333333333
"11367",0.0983333333333333
"11368",0.1
"11369",0.0966666666666667
"11370",0.1
"11371",0.0966666666666667
"11372",0.0983333333333333
"11373",0.0966666666666667
"11374",0.0983333333333333
"11375",0.0983333333333333
"11376",0.0966666666666667
"11377",0.0966666666666667
"11378",0.0966666666666667
"11379",0.0966666666666667
"11380",0.0983333333333333
"11381",0.0966666666666667
"11382",0.0983333333333333
"11383",0.0983333333333333
"11384",0.1
"11385",0.0966666666666667
"11386",0.1
"11387",0.095
"11388",0.0966666666666667
"11389",0.095
"11390",0.0966666666666667
"11391",0.0966666666666667
"11392",0.095
"11393",0.095
"11394",0.095
"11395",0.095
"11396",0.0966666666666667
"11397",0.095
"11398",0.0966666666666667
"11399",0.0966666666666667
"11400",0.0983333333333333
"11401",0.095
"11402",0.0983333333333333
"11403",0.095
"11404",0.0966666666666667
"11405",0.095
"11406",0.0966666666666667
"11407",0.0966666666666667
"11408",0.095
"11409",0.095
"11410",0.095
"11411",0.095
"11412",0.0966666666666667
"11413",0.095
"11414",0.0966666666666667
"11415",0.0966666666666667
"11416",0.0983333333333333
"11417",0.095
"11418",0.0983333333333333
"11419",0.095
"11420",0.0966666666666667
"11421",0.095
"11422",0.0966666666666667
"11423",0.0966666666666667
"11424",0.095
"11425",0.095
"11426",0.095
"11427",0.095
"11428",0.0966666666666667
"11429",0.095
"11430",0.0966666666666667
"11431",0.0966666666666667
"11432",0.0983333333333333
"11433",0.095
"11434",0.0983333333333333
"11435",0.095
"11436",0.0966666666666667
"11437",0.095
"11438",0.0966666666666667
"11439",0.0966666666666667
"11440",0.095
"11441",0.095
"11442",0.095
"11443",0.095
"11444",0.0966666666666667
"11445",0.095
"11446",0.0966666666666667
"11447",0.0966666666666667
"11448",0.0983333333333333
"11449",0.095
"11450",0.0983333333333333
"11451",0.095
"11452",0.0966666666666667
"11453",0.095
"11454",0.0966666666666667
"11455",0.0966666666666667
"11456",0.095
"11457",0.095
"11458",0.095
"11459",0.095
"11460",0.0966666666666667
"11461",0.095
"11462",0.0966666666666667
"11463",0.0966666666666667
"11464",0.0983333333333333
"11465",0.095
"11466",0.0983333333333333
"11467",0.095
"11468",0.0966666666666667
"11469",0.095
"11470",0.0966666666666667
"11471",0.0966666666666667
"11472",0.095
"11473",0.095
"11474",0.095
"11475",0.095
"11476",0.0966666666666667
"11477",0.095
"11478",0.0966666666666667
"11479",0.0966666666666667
"11480",0.0983333333333333
"11481",0.095
"11482",0.0983333333333333
"11483",0.0966666666666667
"11484",0.0983333333333333
"11485",0.0966666666666667
"11486",0.0983333333333333
"11487",0.0983333333333333
"11488",0.0966666666666667
"11489",0.0966666666666667
"11490",0.0966666666666667
"11491",0.0966666666666667
"11492",0.0983333333333333
"11493",0.0966666666666667
"11494",0.0983333333333333
"11495",0.0983333333333333
"11496",0.1
"11497",0.0966666666666667
"11498",0.1
"11499",0.095
"11500",0.0966666666666667
"11501",0.095
"11502",0.0966666666666667
"11503",0.0966666666666667
"11504",0.095
"11505",0.095
"11506",0.095
"11507",0.095
"11508",0.0966666666666667
"11509",0.095
"11510",0.0966666666666667
"11511",0.0966666666666667
"11512",0.0983333333333333
"11513",0.095
"11514",0.0983333333333333
"11515",0.095
"11516",0.0966666666666667
"11517",0.095
"11518",0.0966666666666667
"11519",0.0966666666666667
"11520",0.095
"11521",0.095
"11522",0.095
"11523",0.095
"11524",0.0966666666666667
"11525",0.095
"11526",0.0966666666666667
"11527",0.0966666666666667
"11528",0.0983333333333333
"11529",0.095
"11530",0.0983333333333333
"11531",0.095
"11532",0.0966666666666667
"11533",0.095
"11534",0.0966666666666667
"11535",0.0966666666666667
"11536",0.095
"11537",0.095
"11538",0.095
"11539",0.095
"11540",0.0966666666666667
"11541",0.095
"11542",0.0966666666666667
"11543",0.0966666666666667
"11544",0.0983333333333333
"11545",0.095
"11546",0.0983333333333333
"11547",0.095
"11548",0.0966666666666667
"11549",0.095
"11550",0.0966666666666667
"11551",0.0966666666666667
"11552",0.095
"11553",0.095
"11554",0.095
"11555",0.095
"11556",0.0966666666666667
"11557",0.095
"11558",0.0966666666666667
"11559",0.0966666666666667
"11560",0.0983333333333333
"11561",0.095
"11562",0.0983333333333333
"11563",0.095
"11564",0.0966666666666667
"11565",0.095
"11566",0.0966666666666667
"11567",0.0966666666666667
"11568",0.095
"11569",0.095
"11570",0.095
"11571",0.095
"11572",0.0966666666666667
"11573",0.095
"11574",0.0966666666666667
"11575",0.0966666666666667
"11576",0.0983333333333333
"11577",0.095
"11578",0.0983333333333333
"11579",0.095
"11580",0.0966666666666667
"11581",0.095
"11582",0.0966666666666667
"11583",0.0966666666666667
"11584",0.095
"11585",0.095
"11586",0.095
"11587",0.095
"11588",0.0966666666666667
"11589",0.095
"11590",0.0966666666666667
"11591",0.0966666666666667
"11592",0.0983333333333333
"11593",0.095
"11594",0.0983333333333333
"11595",0.095
"11596",0.0966666666666667
"11597",0.095
"11598",0.0966666666666667
"11599",0.0966666666666667
"11600",0.095
"11601",0.095
"11602",0.095
"11603",0.095
"11604",0.0966666666666667
"11605",0.095
"11606",0.0966666666666667
"11607",0.0966666666666667
"11608",0.0983333333333333
"11609",0.095
"11610",0.0983333333333333
"11611",0.095
"11612",0.0966666666666667
"11613",0.095
"11614",0.0966666666666667
"11615",0.0966666666666667
"11616",0.095
"11617",0.095
"11618",0.095
"11619",0.095
"11620",0.0966666666666667
"11621",0.095
"11622",0.0966666666666667
"11623",0.0966666666666667
"11624",0.0983333333333333
"11625",0.095
"11626",0.0983333333333333
"11627",0.095
"11628",0.0966666666666667
"11629",0.095
"11630",0.0966666666666667
"11631",0.0966666666666667
"11632",0.095
"11633",0.095
"11634",0.095
"11635",0.095
"11636",0.0966666666666667
"11637",0.095
"11638",0.0966666666666667
"11639",0.0966666666666667
"11640",0.0983333333333333
"11641",0.095
"11642",0.0983333333333333
"11643",0.095
"11644",0.0966666666666667
"11645",0.095
"11646",0.0966666666666667
"11647",0.0966666666666667
"11648",0.095
"11649",0.095
"11650",0.095
"11651",0.095
"11652",0.0966666666666667
"11653",0.095
"11654",0.0966666666666667
"11655",0.0966666666666667
"11656",0.0983333333333333
"11657",0.095
"11658",0.0983333333333333
"11659",0.095
"11660",0.0966666666666667
"11661",0.095
"11662",0.0966666666666667
"11663",0.0966666666666667
"11664",0.095
"11665",0.095
"11666",0.095
"11667",0.095
"11668",0.0966666666666667
"11669",0.095
"11670",0.0966666666666667
"11671",0.0966666666666667
"11672",0.0983333333333333
"11673",0.095
"11674",0.0983333333333333
"11675",0.0966666666666667
"11676",0.0983333333333333
"11677",0.0966666666666667
"11678",0.0983333333333333
"11679",0.0983333333333333
"11680",0.0966666666666667
"11681",0.0966666666666667
"11682",0.0966666666666667
"11683",0.0966666666666667
"11684",0.0983333333333333
"11685",0.0966666666666667
"11686",0.0983333333333333
"11687",0.0983333333333333
"11688",0.1
"11689",0.0966666666666667
"11690",0.1
"11691",0.095
"11692",0.0966666666666667
"11693",0.095
"11694",0.0966666666666667
"11695",0.0966666666666667
"11696",0.095
"11697",0.095
"11698",0.095
"11699",0.095
"11700",0.0966666666666667
"11701",0.095
"11702",0.0966666666666667
"11703",0.0966666666666667
"11704",0.0983333333333333
"11705",0.095
"11706",0.0983333333333333
"11707",0.095
"11708",0.0966666666666667
"11709",0.095
"11710",0.0966666666666667
"11711",0.0966666666666667
"11712",0.095
"11713",0.095
"11714",0.095
"11715",0.095
"11716",0.0966666666666667
"11717",0.095
"11718",0.0966666666666667
"11719",0.0966666666666667
"11720",0.0983333333333333
"11721",0.095
"11722",0.0983333333333333
"11723",0.095
"11724",0.0966666666666667
"11725",0.095
"11726",0.0966666666666667
"11727",0.0966666666666667
"11728",0.095
"11729",0.095
"11730",0.095
"11731",0.095
"11732",0.0966666666666667
"11733",0.095
"11734",0.0966666666666667
"11735",0.0966666666666667
"11736",0.0983333333333333
"11737",0.095
"11738",0.0983333333333333
"11739",0.0966666666666667
"11740",0.0983333333333333
"11741",0.0966666666666667
"11742",0.0983333333333333
"11743",0.0983333333333333
"11744",0.0966666666666667
"11745",0.0966666666666667
"11746",0.0966666666666667
"11747",0.0966666666666667
"11748",0.0983333333333333
"11749",0.0966666666666667
"11750",0.0983333333333333
"11751",0.0983333333333333
"11752",0.1
"11753",0.0966666666666667
"11754",0.1
"11755",0.095
"11756",0.0966666666666667
"11757",0.095
"11758",0.0966666666666667
"11759",0.0966666666666667
"11760",0.095
"11761",0.095
"11762",0.095
"11763",0.095
"11764",0.0966666666666667
"11765",0.095
"11766",0.0966666666666667
"11767",0.0966666666666667
"11768",0.0983333333333333
"11769",0.095
"11770",0.0983333333333333
"11771",0.095
"11772",0.0966666666666667
"11773",0.095
"11774",0.0966666666666667
"11775",0.0966666666666667
"11776",0.095
"11777",0.095
"11778",0.095
"11779",0.095
"11780",0.0966666666666667
"11781",0.095
"11782",0.0966666666666667
"11783",0.0966666666666667
"11784",0.0983333333333333
"11785",0.095
"11786",0.0983333333333333
"11787",0.095
"11788",0.0966666666666667
"11789",0.095
"11790",0.0966666666666667
"11791",0.0966666666666667
"11792",0.095
"11793",0.095
"11794",0.095
"11795",0.095
"11796",0.0966666666666667
"11797",0.095
"11798",0.0966666666666667
"11799",0.0966666666666667
"11800",0.0983333333333333
"11801",0.095
"11802",0.0983333333333333
"11803",0.0983333333333333
"11804",0.1
"11805",0.0983333333333333
"11806",0.1
"11807",0.1
"11808",0.0983333333333333
"11809",0.0983333333333333
"11810",0.0983333333333333
"11811",0.0983333333333333
"11812",0.1
"11813",0.0983333333333333
"11814",0.1
"11815",0.1
"11816",0.101666666666667
"11817",0.0983333333333333
"11818",0.101666666666667
"11819",0.095
"11820",0.0966666666666667
"11821",0.095
"11822",0.0966666666666667
"11823",0.0966666666666667
"11824",0.095
"11825",0.095
"11826",0.095
"11827",0.095
"11828",0.0966666666666667
"11829",0.095
"11830",0.0966666666666667
"11831",0.0966666666666667
"11832",0.0983333333333333
"11833",0.095
"11834",0.0983333333333333
"11835",0.095
"11836",0.0966666666666667
"11837",0.095
"11838",0.0966666666666667
"11839",0.0966666666666667
"11840",0.095
"11841",0.095
"11842",0.095
"11843",0.095
"11844",0.0966666666666667
"11845",0.095
"11846",0.0966666666666667
"11847",0.0966666666666667
"11848",0.0983333333333333
"11849",0.095
"11850",0.0983333333333333
"11851",0.095
"11852",0.0966666666666667
"11853",0.095
"11854",0.0966666666666667
"11855",0.0966666666666667
"11856",0.095
"11857",0.095
"11858",0.095
"11859",0.095
"11860",0.0966666666666667
"11861",0.095
"11862",0.0966666666666667
"11863",0.0966666666666667
"11864",0.0983333333333333
"11865",0.095
"11866",0.0983333333333333
"11867",0.095
"11868",0.0966666666666667
"11869",0.095
"11870",0.0966666666666667
"11871",0.0966666666666667
"11872",0.095
"11873",0.095
"11874",0.095
"11875",0.095
"11876",0.0966666666666667
"11877",0.095
"11878",0.0966666666666667
"11879",0.0966666666666667
"11880",0.0983333333333333
"11881",0.095
"11882",0.0983333333333333
"11883",0.095
"11884",0.0966666666666667
"11885",0.095
"11886",0.0966666666666667
"11887",0.0966666666666667
"11888",0.095
"11889",0.095
"11890",0.095
"11891",0.095
"11892",0.0966666666666667
"11893",0.095
"11894",0.0966666666666667
"11895",0.0966666666666667
"11896",0.0983333333333333
"11897",0.095
"11898",0.0983333333333333
"11899",0.095
"11900",0.0966666666666667
"11901",0.095
"11902",0.0966666666666667
"11903",0.0966666666666667
"11904",0.095
"11905",0.095
"11906",0.095
"11907",0.095
"11908",0.0966666666666667
"11909",0.095
"11910",0.0966666666666667
"11911",0.0966666666666667
"11912",0.0983333333333333
"11913",0.095
"11914",0.0983333333333333
"11915",0.095
"11916",0.0966666666666667
"11917",0.095
"11918",0.0966666666666667
"11919",0.0966666666666667
"11920",0.095
"11921",0.095
"11922",0.095
"11923",0.095
"11924",0.0966666666666667
"11925",0.095
"11926",0.0966666666666667
"11927",0.0966666666666667
"11928",0.0983333333333333
"11929",0.095
"11930",0.0983333333333333
"11931",0.095
"11932",0.0966666666666667
"11933",0.095
"11934",0.0966666666666667
"11935",0.0966666666666667
"11936",0.095
"11937",0.095
"11938",0.095
"11939",0.095
"11940",0.0966666666666667
"11941",0.095
"11942",0.0966666666666667
"11943",0.0966666666666667
"11944",0.0983333333333333
"11945",0.095
"11946",0.0983333333333333
"11947",0.095
"11948",0.0966666666666667
"11949",0.095
"11950",0.0966666666666667
"11951",0.0966666666666667
"11952",0.095
"11953",0.095
"11954",0.095
"11955",0.095
"11956",0.0966666666666667
"11957",0.095
"11958",0.0966666666666667
"11959",0.0966666666666667
"11960",0.0983333333333333
"11961",0.095
"11962",0.0983333333333333
"11963",0.095
"11964",0.0966666666666667
"11965",0.095
"11966",0.0966666666666667
"11967",0.0966666666666667
"11968",0.095
"11969",0.095
"11970",0.095
"11971",0.095
"11972",0.0966666666666667
"11973",0.095
"11974",0.0966666666666667
"11975",0.0966666666666667
"11976",0.0983333333333333
"11977",0.095
"11978",0.0983333333333333
"11979",0.095
"11980",0.0966666666666667
"11981",0.095
"11982",0.0966666666666667
"11983",0.0966666666666667
"11984",0.095
"11985",0.095
"11986",0.095
"11987",0.095
"11988",0.0966666666666667
"11989",0.095
"11990",0.0966666666666667
"11991",0.0966666666666667
"11992",0.0983333333333333
"11993",0.095
"11994",0.0983333333333333
"11995",0.095
"11996",0.0966666666666667
"11997",0.095
"11998",0.0966666666666667
"11999",0.0966666666666667
"12000",0.095
"12001",0.095
"12002",0.095
"12003",0.095
"12004",0.0966666666666667
"12005",0.095
"12006",0.0966666666666667
"12007",0.0966666666666667
"12008",0.0983333333333333
"12009",0.095
"12010",0.0983333333333333
"12011",0.095
"12012",0.0966666666666667
"12013",0.095
"12014",0.0966666666666667
"12015",0.0966666666666667
"12016",0.095
"12017",0.095
"12018",0.095
"12019",0.095
"12020",0.0966666666666667
"12021",0.095
"12022",0.0966666666666667
"12023",0.0966666666666667
"12024",0.0983333333333333
"12025",0.095
"12026",0.0983333333333333
"12027",0.0966666666666667
"12028",0.0983333333333333
"12029",0.0966666666666667
"12030",0.0983333333333333
"12031",0.0983333333333333
"12032",0.0966666666666667
"12033",0.0966666666666667
"12034",0.0966666666666667
"12035",0.0966666666666667
"12036",0.0983333333333333
"12037",0.0966666666666667
"12038",0.0983333333333333
"12039",0.0983333333333333
"12040",0.1
"12041",0.0966666666666667
"12042",0.1
"12043",0.095
"12044",0.0966666666666667
"12045",0.095
"12046",0.0966666666666667
"12047",0.0966666666666667
"12048",0.095
"12049",0.095
"12050",0.095
"12051",0.095
"12052",0.0966666666666667
"12053",0.095
"12054",0.0966666666666667
"12055",0.0966666666666667
"12056",0.0983333333333333
"12057",0.095
"12058",0.0983333333333333
"12059",0.0966666666666667
"12060",0.0983333333333333
"12061",0.0966666666666667
"12062",0.0983333333333333
"12063",0.0983333333333333
"12064",0.0966666666666667
"12065",0.0966666666666667
"12066",0.0966666666666667
"12067",0.0966666666666667
"12068",0.0983333333333333
"12069",0.0966666666666667
"12070",0.0983333333333333
"12071",0.0983333333333333
"12072",0.1
"12073",0.0966666666666667
"12074",0.0966666666666667
"12075",0.095
"12076",0.0966666666666667
"12077",0.095
"12078",0.0966666666666667
"12079",0.0966666666666667
"12080",0.095
"12081",0.095
"12082",0.095
"12083",0.095
"12084",0.0966666666666667
"12085",0.095
"12086",0.0966666666666667
"12087",0.0966666666666667
"12088",0.0983333333333333
"12089",0.095
"12090",0.0983333333333333
"12091",0.095
"12092",0.0966666666666667
"12093",0.095
"12094",0.0966666666666667
"12095",0.0966666666666667
"12096",0.095
"12097",0.095
"12098",0.095
"12099",0.095
"12100",0.0966666666666667
"12101",0.095
"12102",0.0966666666666667
"12103",0.0966666666666667
"12104",0.0983333333333333
"12105",0.095
"12106",0.0983333333333333
"12107",0.095
"12108",0.0966666666666667
"12109",0.095
"12110",0.0966666666666667
"12111",0.0966666666666667
"12112",0.095
"12113",0.095
"12114",0.095
"12115",0.095
"12116",0.0966666666666667
"12117",0.095
"12118",0.0966666666666667
"12119",0.0966666666666667
"12120",0.0983333333333333
"12121",0.095
"12122",0.0983333333333333
"12123",0.095
"12124",0.0966666666666667
"12125",0.095
"12126",0.0966666666666667
"12127",0.0966666666666667
"12128",0.095
"12129",0.095
"12130",0.095
"12131",0.095
"12132",0.0966666666666667
"12133",0.095
"12134",0.0966666666666667
"12135",0.0966666666666667
"12136",0.0983333333333333
"12137",0.095
"12138",0.0983333333333333
"12139",0.095
"12140",0.0966666666666667
"12141",0.095
"12142",0.0966666666666667
"12143",0.0966666666666667
"12144",0.095
"12145",0.095
"12146",0.095
"12147",0.095
"12148",0.0966666666666667
"12149",0.095
"12150",0.0966666666666667
"12151",0.0966666666666667
"12152",0.0983333333333333
"12153",0.095
"12154",0.0983333333333333
"12155",0.095
"12156",0.0966666666666667
"12157",0.095
"12158",0.0966666666666667
"12159",0.0966666666666667
"12160",0.095
"12161",0.095
"12162",0.095
"12163",0.095
"12164",0.0966666666666667
"12165",0.095
"12166",0.0966666666666667
"12167",0.0966666666666667
"12168",0.0983333333333333
"12169",0.095
"12170",0.0983333333333333
"12171",0.095
"12172",0.0966666666666667
"12173",0.095
"12174",0.0966666666666667
"12175",0.0966666666666667
"12176",0.095
"12177",0.095
"12178",0.095
"12179",0.095
"12180",0.0966666666666667
"12181",0.095
"12182",0.0966666666666667
"12183",0.0966666666666667
"12184",0.0983333333333333
"12185",0.095
"12186",0.0983333333333333
"12187",0.095
"12188",0.0966666666666667
"12189",0.095
"12190",0.0966666666666667
"12191",0.0966666666666667
"12192",0.095
"12193",0.095
"12194",0.095
"12195",0.095
"12196",0.0966666666666667
"12197",0.095
"12198",0.0966666666666667
"12199",0.0966666666666667
"12200",0.0983333333333333
"12201",0.095
"12202",0.0983333333333333
"12203",0.095
"12204",0.0966666666666667
"12205",0.095
"12206",0.0966666666666667
"12207",0.0966666666666667
"12208",0.095
"12209",0.095
"12210",0.095
"12211",0.095
"12212",0.0966666666666667
"12213",0.095
"12214",0.0966666666666667
"12215",0.0966666666666667
"12216",0.0983333333333333
"12217",0.095
"12218",0.0983333333333333
"12219",0.0966666666666667
"12220",0.0983333333333333
"12221",0.0966666666666667
"12222",0.0983333333333333
"12223",0.0983333333333333
"12224",0.0966666666666667
"12225",0.0966666666666667
"12226",0.0966666666666667
"12227",0.0966666666666667
"12228",0.0983333333333333
"12229",0.0966666666666667
"12230",0.0983333333333333
"12231",0.0983333333333333
"12232",0.1
"12233",0.0966666666666667
"12234",0.1
"12235",0.095
"12236",0.0966666666666667
"12237",0.095
"12238",0.0966666666666667
"12239",0.0966666666666667
"12240",0.095
"12241",0.095
"12242",0.095
"12243",0.095
"12244",0.0966666666666667
"12245",0.095
"12246",0.0966666666666667
"12247",0.0966666666666667
"12248",0.0983333333333333
"12249",0.095
"12250",0.0983333333333333
"12251",0.095
"12252",0.0966666666666667
"12253",0.095
"12254",0.0966666666666667
"12255",0.0966666666666667
"12256",0.095
"12257",0.095
"12258",0.095
"12259",0.095
"12260",0.0966666666666667
"12261",0.095
"12262",0.0966666666666667
"12263",0.0966666666666667
"12264",0.0983333333333333
"12265",0.095
"12266",0.0983333333333333
"12267",0.095
"12268",0.0966666666666667
"12269",0.095
"12270",0.0966666666666667
"12271",0.0966666666666667
"12272",0.095
"12273",0.095
"12274",0.095
"12275",0.095
"12276",0.0966666666666667
"12277",0.095
"12278",0.0966666666666667
"12279",0.0966666666666667
"12280",0.0983333333333333
"12281",0.095
"12282",0.0983333333333333
"12283",0.0966666666666667
"12284",0.0983333333333333
"12285",0.0966666666666667
"12286",0.0983333333333333
"12287",0.0983333333333333
"12288",0.0966666666666667
"12289",0.0966666666666667
"12290",0.0966666666666667
"12291",0.0966666666666667
"12292",0.0983333333333333
"12293",0.0966666666666667
"12294",0.0983333333333333
"12295",0.0983333333333333
"12296",0.1
"12297",0.0966666666666667
"12298",0.1
"12299",0.095
"12300",0.0966666666666667
"12301",0.095
"12302",0.0966666666666667
"12303",0.0966666666666667
"12304",0.095
"12305",0.095
"12306",0.095
"12307",0.095
"12308",0.0966666666666667
"12309",0.095
"12310",0.0966666666666667
"12311",0.0966666666666667
"12312",0.0983333333333333
"12313",0.095
"12314",0.0983333333333333
"12315",0.095
"12316",0.0966666666666667
"12317",0.095
"12318",0.0966666666666667
"12319",0.0966666666666667
"12320",0.095
"12321",0.095
"12322",0.095
"12323",0.095
"12324",0.0966666666666667
"12325",0.095
"12326",0.0966666666666667
"12327",0.0966666666666667
"12328",0.0983333333333333
"12329",0.095
"12330",0.0983333333333333
"12331",0.095
"12332",0.0966666666666667
"12333",0.095
"12334",0.0966666666666667
"12335",0.0966666666666667
"12336",0.095
"12337",0.095
"12338",0.095
"12339",0.095
"12340",0.0966666666666667
"12341",0.095
"12342",0.0966666666666667
"12343",0.0966666666666667
"12344",0.0983333333333333
"12345",0.095
"12346",0.0983333333333333
"12347",0.095
"12348",0.0966666666666667
"12349",0.095
"12350",0.0966666666666667
"12351",0.0966666666666667
"12352",0.095
"12353",0.095
"12354",0.095
"12355",0.095
"12356",0.0966666666666667
"12357",0.095
"12358",0.0966666666666667
"12359",0.0966666666666667
"12360",0.0983333333333333
"12361",0.095
"12362",0.0983333333333333
"12363",0.095
"12364",0.0966666666666667
"12365",0.095
"12366",0.0966666666666667
"12367",0.0966666666666667
"12368",0.095
"12369",0.095
"12370",0.095
"12371",0.095
"12372",0.0966666666666667
"12373",0.095
"12374",0.0966666666666667
"12375",0.0966666666666667
"12376",0.0983333333333333
"12377",0.095
"12378",0.0983333333333333
"12379",0.095
"12380",0.0966666666666667
"12381",0.095
"12382",0.0966666666666667
"12383",0.0966666666666667
"12384",0.095
"12385",0.095
"12386",0.095
"12387",0.095
"12388",0.0966666666666667
"12389",0.095
"12390",0.0966666666666667
"12391",0.0966666666666667
"12392",0.0983333333333333
"12393",0.095
"12394",0.0983333333333333
"12395",0.095
"12396",0.0966666666666667
"12397",0.095
"12398",0.0966666666666667
"12399",0.0966666666666667
"12400",0.095
"12401",0.095
"12402",0.095
"12403",0.095
"12404",0.0966666666666667
"12405",0.095
"12406",0.0966666666666667
"12407",0.0966666666666667
"12408",0.0983333333333333
"12409",0.095
"12410",0.0983333333333333
"12411",0.095
"12412",0.0966666666666667
"12413",0.095
"12414",0.0966666666666667
"12415",0.0966666666666667
"12416",0.095
"12417",0.095
"12418",0.095
"12419",0.095
"12420",0.0966666666666667
"12421",0.095
"12422",0.0966666666666667
"12423",0.0966666666666667
"12424",0.0983333333333333
"12425",0.095
"12426",0.0983333333333333
"12427",0.095
"12428",0.0966666666666667
"12429",0.095
"12430",0.0966666666666667
"12431",0.0966666666666667
"12432",0.095
"12433",0.095
"12434",0.095
"12435",0.095
"12436",0.0966666666666667
"12437",0.095
"12438",0.0966666666666667
"12439",0.0966666666666667
"12440",0.0983333333333333
"12441",0.095
"12442",0.0983333333333333
"12443",0.095
"12444",0.0966666666666667
"12445",0.095
"12446",0.0966666666666667
"12447",0.0966666666666667
"12448",0.095
"12449",0.095
"12450",0.095
"12451",0.095
"12452",0.0966666666666667
"12453",0.095
"12454",0.0966666666666667
"12455",0.0966666666666667
"12456",0.0983333333333333
"12457",0.095
"12458",0.0983333333333333
"12459",0.095
"12460",0.0966666666666667
"12461",0.095
"12462",0.0966666666666667
"12463",0.0966666666666667
"12464",0.095
"12465",0.095
"12466",0.095
"12467",0.095
"12468",0.0966666666666667
"12469",0.095
"12470",0.0966666666666667
"12471",0.0966666666666667
"12472",0.0983333333333333
"12473",0.095
"12474",0.0983333333333333
"12475",0.095
"12476",0.0966666666666667
"12477",0.095
"12478",0.0966666666666667
"12479",0.0966666666666667
"12480",0.095
"12481",0.095
"12482",0.095
"12483",0.095
"12484",0.0966666666666667
"12485",0.095
"12486",0.0966666666666667
"12487",0.0966666666666667
"12488",0.0983333333333333
"12489",0.095
"12490",0.0983333333333333
"12491",0.095
"12492",0.0966666666666667
"12493",0.095
"12494",0.0966666666666667
"12495",0.0966666666666667
"12496",0.095
"12497",0.095
"12498",0.095
"12499",0.095
"12500",0.0966666666666667
"12501",0.095
"12502",0.0966666666666667
"12503",0.0966666666666667
"12504",0.0983333333333333
"12505",0.095
"12506",0.0983333333333333
"12507",0.095
"12508",0.0966666666666667
"12509",0.095
"12510",0.0966666666666667
"12511",0.0966666666666667
"12512",0.095
"12513",0.095
"12514",0.095
"12515",0.095
"12516",0.0966666666666667
"12517",0.095
"12518",0.0966666666666667
"12519",0.0966666666666667
"12520",0.0983333333333333
"12521",0.095
"12522",0.0983333333333333
"12523",0.095
"12524",0.0966666666666667
"12525",0.095
"12526",0.0966666666666667
"12527",0.0966666666666667
"12528",0.095
"12529",0.095
"12530",0.095
"12531",0.095
"12532",0.0966666666666667
"12533",0.095
"12534",0.0966666666666667
"12535",0.0966666666666667
"12536",0.0983333333333333
"12537",0.095
"12538",0.0983333333333333
"12539",0.095
"12540",0.0966666666666667
"12541",0.095
"12542",0.0966666666666667
"12543",0.0966666666666667
"12544",0.095
"12545",0.095
"12546",0.095
"12547",0.095
"12548",0.0966666666666667
"12549",0.095
"12550",0.0966666666666667
"12551",0.0966666666666667
"12552",0.0983333333333333
"12553",0.095
"12554",0.0983333333333333
"12555",0.095
"12556",0.0966666666666667
"12557",0.095
"12558",0.0966666666666667
"12559",0.0966666666666667
"12560",0.095
"12561",0.095
"12562",0.095
"12563",0.095
"12564",0.0966666666666667
"12565",0.095
"12566",0.0966666666666667
"12567",0.0966666666666667
"12568",0.0983333333333333
"12569",0.095
"12570",0.0983333333333333
"12571",0.095
"12572",0.0966666666666667
"12573",0.095
"12574",0.0966666666666667
"12575",0.0966666666666667
"12576",0.095
"12577",0.095
"12578",0.095
"12579",0.095
"12580",0.0966666666666667
"12581",0.095
"12582",0.0966666666666667
"12583",0.0966666666666667
"12584",0.0983333333333333
"12585",0.095
"12586",0.0983333333333333
"12587",0.095
"12588",0.0966666666666667
"12589",0.095
"12590",0.0966666666666667
"12591",0.0966666666666667
"12592",0.095
"12593",0.095
"12594",0.095
"12595",0.095
"12596",0.0966666666666667
"12597",0.095
"12598",0.0966666666666667
"12599",0.0966666666666667
"12600",0.0983333333333333
"12601",0.095
"12602",0.0983333333333333
"12603",0.095
"12604",0.0966666666666667
"12605",0.095
"12606",0.0966666666666667
"12607",0.0966666666666667
"12608",0.095
"12609",0.095
"12610",0.095
"12611",0.095
"12612",0.0966666666666667
"12613",0.095
"12614",0.0966666666666667
"12615",0.0966666666666667
"12616",0.0983333333333333
"12617",0.095
"12618",0.0983333333333333
"12619",0.095
"12620",0.0966666666666667
"12621",0.095
"12622",0.0966666666666667
"12623",0.0966666666666667
"12624",0.095
"12625",0.095
"12626",0.095
"12627",0.095
"12628",0.0966666666666667
"12629",0.095
"12630",0.0966666666666667
"12631",0.0966666666666667
"12632",0.0983333333333333
"12633",0.095
"12634",0.0983333333333333
"12635",0.095
"12636",0.0966666666666667
"12637",0.095
"12638",0.0966666666666667
"12639",0.0966666666666667
"12640",0.095
"12641",0.095
"12642",0.095
"12643",0.095
"12644",0.0966666666666667
"12645",0.095
"12646",0.0966666666666667
"12647",0.0966666666666667
"12648",0.0983333333333333
"12649",0.095
"12650",0.0983333333333333
"12651",0.095
"12652",0.0966666666666667
"12653",0.095
"12654",0.0966666666666667
"12655",0.0966666666666667
"12656",0.095
"12657",0.095
"12658",0.095
"12659",0.095
"12660",0.0966666666666667
"12661",0.095
"12662",0.0966666666666667
"12663",0.0966666666666667
"12664",0.0983333333333333
"12665",0.095
"12666",0.0983333333333333
"12667",0.095
"12668",0.0966666666666667
"12669",0.095
"12670",0.0966666666666667
"12671",0.0966666666666667
"12672",0.095
"12673",0.095
"12674",0.095
"12675",0.095
"12676",0.0966666666666667
"12677",0.095
"12678",0.0966666666666667
"12679",0.0966666666666667
"12680",0.0983333333333333
"12681",0.095
"12682",0.0983333333333333
"12683",0.095
"12684",0.0966666666666667
"12685",0.095
"12686",0.0966666666666667
"12687",0.0966666666666667
"12688",0.095
"12689",0.095
"12690",0.095
"12691",0.095
"12692",0.0966666666666667
"12693",0.095
"12694",0.0966666666666667
"12695",0.0966666666666667
"12696",0.0983333333333333
"12697",0.095
"12698",0.0983333333333333
"12699",0.095
"12700",0.0966666666666667
"12701",0.095
"12702",0.0966666666666667
"12703",0.0966666666666667
"12704",0.095
"12705",0.095
"12706",0.095
"12707",0.095
"12708",0.0966666666666667
"12709",0.095
"12710",0.0966666666666667
"12711",0.0966666666666667
"12712",0.0983333333333333
"12713",0.095
"12714",0.0983333333333333
"12715",0.095
"12716",0.0966666666666667
"12717",0.095
"12718",0.0966666666666667
"12719",0.0966666666666667
"12720",0.095
"12721",0.095
"12722",0.095
"12723",0.095
"12724",0.0966666666666667
"12725",0.095
"12726",0.0966666666666667
"12727",0.0966666666666667
"12728",0.0983333333333333
"12729",0.095
"12730",0.0983333333333333
"12731",0.0966666666666667
"12732",0.0983333333333333
"12733",0.0966666666666667
"12734",0.0983333333333333
"12735",0.0983333333333333
"12736",0.0966666666666667
"12737",0.0966666666666667
"12738",0.0966666666666667
"12739",0.0966666666666667
"12740",0.0983333333333333
"12741",0.0966666666666667
"12742",0.0983333333333333
"12743",0.0983333333333333
"12744",0.1
"12745",0.0966666666666667
"12746",0.1
"12747",0.0966666666666667
"12748",0.0983333333333333
"12749",0.0966666666666667
"12750",0.0983333333333333
"12751",0.0983333333333333
"12752",0.0966666666666667
"12753",0.0966666666666667
"12754",0.0966666666666667
"12755",0.0966666666666667
"12756",0.0983333333333333
"12757",0.0966666666666667
"12758",0.0983333333333333
"12759",0.0983333333333333
"12760",0.1
"12761",0.0966666666666667
"12762",0.1
"12763",0.095
"12764",0.0966666666666667
"12765",0.095
"12766",0.0966666666666667
"12767",0.0966666666666667
"12768",0.095
"12769",0.095
"12770",0.095
"12771",0.095
"12772",0.0966666666666667
"12773",0.095
"12774",0.0966666666666667
"12775",0.0966666666666667
"12776",0.0983333333333333
"12777",0.095
"12778",0.0983333333333333
"12779",0.095
"12780",0.0966666666666667
"12781",0.095
"12782",0.0966666666666667
"12783",0.0966666666666667
"12784",0.095
"12785",0.095
"12786",0.095
"12787",0.095
"12788",0.0966666666666667
"12789",0.095
"12790",0.0966666666666667
"12791",0.0966666666666667
"12792",0.0983333333333333
"12793",0.095
"12794",0.0983333333333333
"12795",0.095
"12796",0.0966666666666667
"12797",0.095
"12798",0.0966666666666667
"12799",0.0966666666666667
"12800",0.095
"12801",0.095
"12802",0.095
"12803",0.095
"12804",0.0966666666666667
"12805",0.095
"12806",0.0966666666666667
"12807",0.0966666666666667
"12808",0.0983333333333333
"12809",0.095
"12810",0.0983333333333333
"12811",0.0966666666666667
"12812",0.0983333333333333
"12813",0.0966666666666667
"12814",0.0983333333333333
"12815",0.0983333333333333
"12816",0.0966666666666667
"12817",0.0966666666666667
"12818",0.0966666666666667
"12819",0.0966666666666667
"12820",0.0983333333333333
"12821",0.0966666666666667
"12822",0.0983333333333333
"12823",0.0983333333333333
"12824",0.1
"12825",0.0966666666666667
"12826",0.1
"12827",0.095
"12828",0.0966666666666667
"12829",0.095
"12830",0.0966666666666667
"12831",0.0966666666666667
"12832",0.095
"12833",0.095
"12834",0.095
"12835",0.095
"12836",0.0966666666666667
"12837",0.095
"12838",0.0966666666666667
"12839",0.0966666666666667
"12840",0.0983333333333333
"12841",0.095
"12842",0.0983333333333333
"12843",0.0966666666666667
"12844",0.0983333333333333
"12845",0.0966666666666667
"12846",0.0983333333333333
"12847",0.0983333333333333
"12848",0.0966666666666667
"12849",0.0966666666666667
"12850",0.0966666666666667
"12851",0.0966666666666667
"12852",0.0983333333333333
"12853",0.0966666666666667
"12854",0.0983333333333333
"12855",0.0983333333333333
"12856",0.1
"12857",0.0966666666666667
"12858",0.0966666666666667
"12859",0.0966666666666667
"12860",0.0983333333333333
"12861",0.0966666666666667
"12862",0.0983333333333333
"12863",0.0983333333333333
"12864",0.0966666666666667
"12865",0.0966666666666667
"12866",0.0966666666666667
"12867",0.0966666666666667
"12868",0.0983333333333333
"12869",0.0966666666666667
"12870",0.0983333333333333
"12871",0.0983333333333333
"12872",0.1
"12873",0.0966666666666667
"12874",0.1
"12875",0.095
"12876",0.0966666666666667
"12877",0.095
"12878",0.0966666666666667
"12879",0.0966666666666667
"12880",0.095
"12881",0.095
"12882",0.095
"12883",0.095
"12884",0.0966666666666667
"12885",0.095
"12886",0.0966666666666667
"12887",0.0966666666666667
"12888",0.0983333333333333
"12889",0.095
"12890",0.0983333333333333
"12891",0.095
"12892",0.0966666666666667
"12893",0.095
"12894",0.0966666666666667
"12895",0.0966666666666667
"12896",0.095
"12897",0.095
"12898",0.095
"12899",0.095
"12900",0.0966666666666667
"12901",0.095
"12902",0.0966666666666667
"12903",0.0966666666666667
"12904",0.0983333333333333
"12905",0.095
"12906",0.0983333333333333
"12907",0.0983333333333333
"12908",0.1
"12909",0.0983333333333333
"12910",0.1
"12911",0.1
"12912",0.0983333333333333
"12913",0.0983333333333333
"12914",0.0983333333333333
"12915",0.0983333333333333
"12916",0.1
"12917",0.0983333333333333
"12918",0.1
"12919",0.1
"12920",0.101666666666667
"12921",0.0983333333333333
"12922",0.101666666666667
"12923",0.095
"12924",0.0966666666666667
"12925",0.095
"12926",0.0966666666666667
"12927",0.0966666666666667
"12928",0.095
"12929",0.095
"12930",0.095
"12931",0.095
"12932",0.0966666666666667
"12933",0.095
"12934",0.0966666666666667
"12935",0.0966666666666667
"12936",0.0983333333333333
"12937",0.095
"12938",0.0983333333333333
"12939",0.0983333333333333
"12940",0.1
"12941",0.0983333333333333
"12942",0.1
"12943",0.1
"12944",0.0983333333333333
"12945",0.0983333333333333
"12946",0.0983333333333333
"12947",0.0983333333333333
"12948",0.1
"12949",0.0983333333333333
"12950",0.1
"12951",0.1
"12952",0.101666666666667
"12953",0.0983333333333333
"12954",0.101666666666667
"12955",0.095
"12956",0.0966666666666667
"12957",0.095
"12958",0.0966666666666667
"12959",0.0966666666666667
"12960",0.095
"12961",0.095
"12962",0.095
"12963",0.095
"12964",0.0966666666666667
"12965",0.095
"12966",0.0966666666666667
"12967",0.0966666666666667
"12968",0.0983333333333333
"12969",0.095
"12970",0.0983333333333333
"12971",0.095
"12972",0.0966666666666667
"12973",0.095
"12974",0.0966666666666667
"12975",0.0966666666666667
"12976",0.095
"12977",0.095
"12978",0.095
"12979",0.095
"12980",0.0966666666666667
"12981",0.095
"12982",0.0966666666666667
"12983",0.0966666666666667
"12984",0.0983333333333333
"12985",0.095
"12986",0.0983333333333333
"12987",0.095
"12988",0.0966666666666667
"12989",0.095
"12990",0.0966666666666667
"12991",0.0966666666666667
"12992",0.095
"12993",0.095
"12994",0.095
"12995",0.095
"12996",0.0966666666666667
"12997",0.095
"12998",0.0966666666666667
"12999",0.0966666666666667
"13000",0.0983333333333333
"13001",0.095
"13002",0.0983333333333333
"13003",0.095
"13004",0.0966666666666667
"13005",0.095
"13006",0.0966666666666667
"13007",0.0966666666666667
"13008",0.095
"13009",0.095
"13010",0.095
"13011",0.095
"13012",0.0966666666666667
"13013",0.095
"13014",0.0966666666666667
"13015",0.0966666666666667
"13016",0.0983333333333333
"13017",0.095
"13018",0.0983333333333333
"13019",0.095
"13020",0.0966666666666667
"13021",0.095
"13022",0.0966666666666667
"13023",0.0966666666666667
"13024",0.095
"13025",0.095
"13026",0.095
"13027",0.095
"13028",0.0966666666666667
"13029",0.095
"13030",0.0966666666666667
"13031",0.0966666666666667
"13032",0.0983333333333333
"13033",0.095
"13034",0.0983333333333333
"13035",0.095
"13036",0.0966666666666667
"13037",0.095
"13038",0.0966666666666667
"13039",0.0966666666666667
"13040",0.095
"13041",0.095
"13042",0.095
"13043",0.095
"13044",0.0966666666666667
"13045",0.095
"13046",0.0966666666666667
"13047",0.0966666666666667
"13048",0.0983333333333333
"13049",0.095
"13050",0.0983333333333333
"13051",0.095
"13052",0.0966666666666667
"13053",0.095
"13054",0.0966666666666667
"13055",0.0966666666666667
"13056",0.095
"13057",0.095
"13058",0.095
"13059",0.095
"13060",0.0966666666666667
"13061",0.095
"13062",0.0966666666666667
"13063",0.0966666666666667
"13064",0.0983333333333333
"13065",0.095
"13066",0.0983333333333333
"13067",0.095
"13068",0.0966666666666667
"13069",0.095
"13070",0.0966666666666667
"13071",0.0966666666666667
"13072",0.095
"13073",0.095
"13074",0.095
"13075",0.095
"13076",0.0966666666666667
"13077",0.095
"13078",0.0966666666666667
"13079",0.0966666666666667
"13080",0.0983333333333333
"13081",0.095
"13082",0.0983333333333333
"13083",0.095
"13084",0.0966666666666667
"13085",0.095
"13086",0.0966666666666667
"13087",0.0966666666666667
"13088",0.095
"13089",0.095
"13090",0.095
"13091",0.095
"13092",0.0966666666666667
"13093",0.095
"13094",0.0966666666666667
"13095",0.0966666666666667
"13096",0.0983333333333333
"13097",0.095
"13098",0.0983333333333333
"13099",0.095
"13100",0.0966666666666667
"13101",0.095
"13102",0.0966666666666667
"13103",0.0966666666666667
"13104",0.095
"13105",0.095
"13106",0.095
"13107",0.095
"13108",0.0966666666666667
"13109",0.095
"13110",0.0966666666666667
"13111",0.0966666666666667
"13112",0.0983333333333333
"13113",0.095
"13114",0.0983333333333333
"13115",0.095
"13116",0.0966666666666667
"13117",0.095
"13118",0.0966666666666667
"13119",0.0966666666666667
"13120",0.095
"13121",0.095
"13122",0.095
"13123",0.095
"13124",0.0966666666666667
"13125",0.095
"13126",0.0966666666666667
"13127",0.0966666666666667
"13128",0.0983333333333333
"13129",0.095
"13130",0.0983333333333333
"13131",0.095
"13132",0.0966666666666667
"13133",0.095
"13134",0.0966666666666667
"13135",0.0966666666666667
"13136",0.095
"13137",0.095
"13138",0.095
"13139",0.095
"13140",0.0966666666666667
"13141",0.095
"13142",0.0966666666666667
"13143",0.0966666666666667
"13144",0.0983333333333333
"13145",0.095
"13146",0.0983333333333333
"13147",0.095
"13148",0.0966666666666667
"13149",0.095
"13150",0.0966666666666667
"13151",0.0966666666666667
"13152",0.095
"13153",0.095
"13154",0.095
"13155",0.095
"13156",0.0966666666666667
"13157",0.095
"13158",0.0966666666666667
"13159",0.0966666666666667
"13160",0.0983333333333333
"13161",0.095
"13162",0.0983333333333333
"13163",0.095
"13164",0.0966666666666667
"13165",0.095
"13166",0.0966666666666667
"13167",0.0966666666666667
"13168",0.095
"13169",0.095
"13170",0.095
"13171",0.095
"13172",0.0966666666666667
"13173",0.095
"13174",0.0966666666666667
"13175",0.0966666666666667
"13176",0.0983333333333333
"13177",0.095
"13178",0.0983333333333333
"13179",0.095
"13180",0.0966666666666667
"13181",0.095
"13182",0.0966666666666667
"13183",0.0966666666666667
"13184",0.095
"13185",0.095
"13186",0.095
"13187",0.095
"13188",0.0966666666666667
"13189",0.095
"13190",0.0966666666666667
"13191",0.0966666666666667
"13192",0.0983333333333333
"13193",0.095
"13194",0.0983333333333333
"13195",0.095
"13196",0.0966666666666667
"13197",0.095
"13198",0.0966666666666667
"13199",0.0966666666666667
"13200",0.095
"13201",0.095
"13202",0.095
"13203",0.095
"13204",0.0966666666666667
"13205",0.095
"13206",0.0966666666666667
"13207",0.0966666666666667
"13208",0.0983333333333333
"13209",0.095
"13210",0.0983333333333333
"13211",0.095
"13212",0.0966666666666667
"13213",0.095
"13214",0.0966666666666667
"13215",0.0966666666666667
"13216",0.095
"13217",0.095
"13218",0.095
"13219",0.095
"13220",0.0966666666666667
"13221",0.095
"13222",0.0966666666666667
"13223",0.0966666666666667
"13224",0.0983333333333333
"13225",0.095
"13226",0.0983333333333333
"13227",0.095
"13228",0.0966666666666667
"13229",0.095
"13230",0.0966666666666667
"13231",0.0966666666666667
"13232",0.095
"13233",0.095
"13234",0.095
"13235",0.095
"13236",0.0966666666666667
"13237",0.095
"13238",0.0966666666666667
"13239",0.0966666666666667
"13240",0.0983333333333333
"13241",0.095
"13242",0.0983333333333333
"13243",0.095
"13244",0.0966666666666667
"13245",0.095
"13246",0.0966666666666667
"13247",0.0966666666666667
"13248",0.095
"13249",0.095
"13250",0.095
"13251",0.095
"13252",0.0966666666666667
"13253",0.095
"13254",0.0966666666666667
"13255",0.0966666666666667
"13256",0.0983333333333333
"13257",0.095
"13258",0.0983333333333333
"13259",0.095
"13260",0.0966666666666667
"13261",0.095
"13262",0.0966666666666667
"13263",0.0966666666666667
"13264",0.095
"13265",0.095
"13266",0.095
"13267",0.095
"13268",0.0966666666666667
"13269",0.095
"13270",0.0966666666666667
"13271",0.0966666666666667
"13272",0.0983333333333333
"13273",0.095
"13274",0.0983333333333333
"13275",0.095
"13276",0.0966666666666667
"13277",0.095
"13278",0.0966666666666667
"13279",0.0966666666666667
"13280",0.095
"13281",0.095
"13282",0.095
"13283",0.095
"13284",0.0966666666666667
"13285",0.095
"13286",0.0966666666666667
"13287",0.0966666666666667
"13288",0.0983333333333333
"13289",0.095
"13290",0.0983333333333333
"13291",0.095
"13292",0.0966666666666667
"13293",0.095
"13294",0.0966666666666667
"13295",0.0966666666666667
"13296",0.095
"13297",0.095
"13298",0.095
"13299",0.095
"13300",0.0966666666666667
"13301",0.095
"13302",0.0966666666666667
"13303",0.0966666666666667
"13304",0.0983333333333333
"13305",0.095
"13306",0.0983333333333333
"13307",0.0966666666666667
"13308",0.0983333333333333
"13309",0.0966666666666667
"13310",0.0983333333333333
"13311",0.0983333333333333
"13312",0.0966666666666667
"13313",0.0966666666666667
"13314",0.0966666666666667
"13315",0.0966666666666667
"13316",0.0983333333333333
"13317",0.0966666666666667
"13318",0.0983333333333333
"13319",0.0983333333333333
"13320",0.1
"13321",0.0966666666666667
"13322",0.1
"13323",0.095
"13324",0.0966666666666667
"13325",0.095
"13326",0.0966666666666667
"13327",0.0966666666666667
"13328",0.095
"13329",0.095
"13330",0.095
"13331",0.095
"13332",0.0966666666666667
"13333",0.095
"13334",0.0966666666666667
"13335",0.0966666666666667
"13336",0.0983333333333333
"13337",0.095
"13338",0.0983333333333333
"13339",0.0966666666666667
"13340",0.0983333333333333
"13341",0.0966666666666667
"13342",0.0983333333333333
"13343",0.0983333333333333
"13344",0.0966666666666667
"13345",0.0966666666666667
"13346",0.0966666666666667
"13347",0.0966666666666667
"13348",0.0983333333333333
"13349",0.0966666666666667
"13350",0.0983333333333333
"13351",0.0983333333333333
"13352",0.1
"13353",0.0966666666666667
"13354",0.1
"13355",0.095
"13356",0.0966666666666667
"13357",0.095
"13358",0.0966666666666667
"13359",0.0966666666666667
"13360",0.095
"13361",0.095
"13362",0.095
"13363",0.095
"13364",0.0966666666666667
"13365",0.095
"13366",0.0966666666666667
"13367",0.0966666666666667
"13368",0.0983333333333333
"13369",0.095
"13370",0.0983333333333333
"13371",0.095
"13372",0.0966666666666667
"13373",0.095
"13374",0.0966666666666667
"13375",0.0966666666666667
"13376",0.095
"13377",0.095
"13378",0.095
"13379",0.095
"13380",0.0966666666666667
"13381",0.095
"13382",0.0966666666666667
"13383",0.0966666666666667
"13384",0.0983333333333333
"13385",0.095
"13386",0.0983333333333333
"13387",0.095
"13388",0.0966666666666667
"13389",0.095
"13390",0.0966666666666667
"13391",0.0966666666666667
"13392",0.095
"13393",0.095
"13394",0.095
"13395",0.095
"13396",0.0966666666666667
"13397",0.095
"13398",0.0966666666666667
"13399",0.0966666666666667
"13400",0.0983333333333333
"13401",0.095
"13402",0.0983333333333333
"13403",0.095
"13404",0.0966666666666667
"13405",0.095
"13406",0.0966666666666667
"13407",0.0966666666666667
"13408",0.095
"13409",0.095
"13410",0.095
"13411",0.095
"13412",0.0966666666666667
"13413",0.095
"13414",0.0966666666666667
"13415",0.0966666666666667
"13416",0.0983333333333333
"13417",0.095
"13418",0.0983333333333333
"13419",0.095
"13420",0.0966666666666667
"13421",0.095
"13422",0.0966666666666667
"13423",0.0966666666666667
"13424",0.095
"13425",0.095
"13426",0.095
"13427",0.095
"13428",0.0966666666666667
"13429",0.095
"13430",0.0966666666666667
"13431",0.0966666666666667
"13432",0.0983333333333333
"13433",0.095
"13434",0.0983333333333333
"13435",0.095
"13436",0.0966666666666667
"13437",0.095
"13438",0.0966666666666667
"13439",0.0966666666666667
"13440",0.095
"13441",0.095
"13442",0.095
"13443",0.095
"13444",0.0966666666666667
"13445",0.095
"13446",0.0966666666666667
"13447",0.0966666666666667
"13448",0.0983333333333333
"13449",0.095
"13450",0.0983333333333333
"13451",0.095
"13452",0.0966666666666667
"13453",0.095
"13454",0.0966666666666667
"13455",0.0966666666666667
"13456",0.095
"13457",0.095
"13458",0.095
"13459",0.095
"13460",0.0966666666666667
"13461",0.095
"13462",0.0966666666666667
"13463",0.0966666666666667
"13464",0.0983333333333333
"13465",0.095
"13466",0.0983333333333333
"13467",0.095
"13468",0.0966666666666667
"13469",0.095
"13470",0.0966666666666667
"13471",0.0966666666666667
"13472",0.095
"13473",0.095
"13474",0.095
"13475",0.095
"13476",0.0966666666666667
"13477",0.095
"13478",0.0966666666666667
"13479",0.0966666666666667
"13480",0.0983333333333333
"13481",0.095
"13482",0.0983333333333333
"13483",0.095
"13484",0.0966666666666667
"13485",0.095
"13486",0.0966666666666667
"13487",0.0966666666666667
"13488",0.095
"13489",0.095
"13490",0.095
"13491",0.095
"13492",0.0966666666666667
"13493",0.095
"13494",0.0966666666666667
"13495",0.0966666666666667
"13496",0.0983333333333333
"13497",0.095
"13498",0.0983333333333333
"13499",0.095
"13500",0.0966666666666667
"13501",0.095
"13502",0.0966666666666667
"13503",0.0966666666666667
"13504",0.095
"13505",0.095
"13506",0.095
"13507",0.095
"13508",0.0966666666666667
"13509",0.095
"13510",0.0966666666666667
"13511",0.0966666666666667
"13512",0.0983333333333333
"13513",0.095
"13514",0.0983333333333333
"13515",0.095
"13516",0.0966666666666667
"13517",0.095
"13518",0.0966666666666667
"13519",0.0966666666666667
"13520",0.095
"13521",0.095
"13522",0.095
"13523",0.095
"13524",0.0966666666666667
"13525",0.095
"13526",0.0966666666666667
"13527",0.0966666666666667
"13528",0.0983333333333333
"13529",0.095
"13530",0.0983333333333333
"13531",0.095
"13532",0.0966666666666667
"13533",0.095
"13534",0.0966666666666667
"13535",0.0966666666666667
"13536",0.095
"13537",0.095
"13538",0.095
"13539",0.095
"13540",0.0966666666666667
"13541",0.095
"13542",0.0966666666666667
"13543",0.0966666666666667
"13544",0.0983333333333333
"13545",0.095
"13546",0.0983333333333333
"13547",0.095
"13548",0.0966666666666667
"13549",0.095
"13550",0.0966666666666667
"13551",0.0966666666666667
"13552",0.095
"13553",0.095
"13554",0.095
"13555",0.095
"13556",0.0966666666666667
"13557",0.095
"13558",0.0966666666666667
"13559",0.0966666666666667
"13560",0.0983333333333333
"13561",0.095
"13562",0.0983333333333333
"13563",0.095
"13564",0.0966666666666667
"13565",0.095
"13566",0.0966666666666667
"13567",0.0966666666666667
"13568",0.095
"13569",0.095
"13570",0.095
"13571",0.095
"13572",0.0966666666666667
"13573",0.095
"13574",0.0966666666666667
"13575",0.0966666666666667
"13576",0.0983333333333333
"13577",0.095
"13578",0.0983333333333333
"13579",0.095
"13580",0.0966666666666667
"13581",0.095
"13582",0.0966666666666667
"13583",0.0966666666666667
"13584",0.095
"13585",0.095
"13586",0.095
"13587",0.095
"13588",0.0966666666666667
"13589",0.095
"13590",0.0966666666666667
"13591",0.0966666666666667
"13592",0.0983333333333333
"13593",0.095
"13594",0.0983333333333333
"13595",0.095
"13596",0.0966666666666667
"13597",0.095
"13598",0.0966666666666667
"13599",0.0966666666666667
"13600",0.095
"13601",0.095
"13602",0.095
"13603",0.095
"13604",0.0966666666666667
"13605",0.095
"13606",0.0966666666666667
"13607",0.0966666666666667
"13608",0.0983333333333333
"13609",0.095
"13610",0.0983333333333333
"13611",0.095
"13612",0.0966666666666667
"13613",0.095
"13614",0.0966666666666667
"13615",0.0966666666666667
"13616",0.095
"13617",0.095
"13618",0.095
"13619",0.095
"13620",0.0966666666666667
"13621",0.095
"13622",0.0966666666666667
"13623",0.0966666666666667
"13624",0.0983333333333333
"13625",0.095
"13626",0.0983333333333333
"13627",0.0966666666666667
"13628",0.0983333333333333
"13629",0.0966666666666667
"13630",0.0983333333333333
"13631",0.0983333333333333
"13632",0.0966666666666667
"13633",0.0966666666666667
"13634",0.0966666666666667
"13635",0.0966666666666667
"13636",0.0983333333333333
"13637",0.0966666666666667
"13638",0.0983333333333333
"13639",0.0983333333333333
"13640",0.1
"13641",0.0966666666666667
"13642",0.1
"13643",0.095
"13644",0.0966666666666667
"13645",0.095
"13646",0.0966666666666667
"13647",0.0966666666666667
"13648",0.095
"13649",0.095
"13650",0.095
"13651",0.095
"13652",0.0966666666666667
"13653",0.095
"13654",0.0966666666666667
"13655",0.0966666666666667
"13656",0.0983333333333333
"13657",0.095
"13658",0.0983333333333333
"13659",0.095
"13660",0.0966666666666667
"13661",0.095
"13662",0.0966666666666667
"13663",0.0966666666666667
"13664",0.095
"13665",0.095
"13666",0.095
"13667",0.095
"13668",0.0966666666666667
"13669",0.095
"13670",0.0966666666666667
"13671",0.0966666666666667
"13672",0.0983333333333333
"13673",0.095
"13674",0.0983333333333333
"13675",0.095
"13676",0.0966666666666667
"13677",0.095
"13678",0.0966666666666667
"13679",0.0966666666666667
"13680",0.095
"13681",0.095
"13682",0.095
"13683",0.095
"13684",0.0966666666666667
"13685",0.095
"13686",0.0966666666666667
"13687",0.0966666666666667
"13688",0.0983333333333333
"13689",0.095
"13690",0.0983333333333333
"13691",0.095
"13692",0.0966666666666667
"13693",0.095
"13694",0.0966666666666667
"13695",0.0966666666666667
"13696",0.095
"13697",0.095
"13698",0.095
"13699",0.095
"13700",0.0966666666666667
"13701",0.095
"13702",0.0966666666666667
"13703",0.0966666666666667
"13704",0.0983333333333333
"13705",0.095
"13706",0.0983333333333333
"13707",0.095
"13708",0.0966666666666667
"13709",0.095
"13710",0.0966666666666667
"13711",0.0966666666666667
"13712",0.095
"13713",0.095
"13714",0.095
"13715",0.095
"13716",0.0966666666666667
"13717",0.095
"13718",0.0966666666666667
"13719",0.0966666666666667
"13720",0.0983333333333333
"13721",0.095
"13722",0.0983333333333333
"13723",0.095
"13724",0.0966666666666667
"13725",0.095
"13726",0.0966666666666667
"13727",0.0966666666666667
"13728",0.095
"13729",0.095
"13730",0.095
"13731",0.095
"13732",0.0966666666666667
"13733",0.095
"13734",0.0966666666666667
"13735",0.0966666666666667
"13736",0.0983333333333333
"13737",0.095
"13738",0.0983333333333333
"13739",0.095
"13740",0.0966666666666667
"13741",0.095
"13742",0.0966666666666667
"13743",0.0966666666666667
"13744",0.095
"13745",0.095
"13746",0.095
"13747",0.095
"13748",0.0966666666666667
"13749",0.095
"13750",0.0966666666666667
"13751",0.0966666666666667
"13752",0.0983333333333333
"13753",0.095
"13754",0.0983333333333333
"13755",0.095
"13756",0.0966666666666667
"13757",0.095
"13758",0.0966666666666667
"13759",0.0966666666666667
"13760",0.095
"13761",0.095
"13762",0.095
"13763",0.095
"13764",0.0966666666666667
"13765",0.095
"13766",0.0966666666666667
"13767",0.0966666666666667
"13768",0.0983333333333333
"13769",0.095
"13770",0.0983333333333333
"13771",0.095
"13772",0.0966666666666667
"13773",0.095
"13774",0.0966666666666667
"13775",0.0966666666666667
"13776",0.095
"13777",0.095
"13778",0.095
"13779",0.095
"13780",0.0966666666666667
"13781",0.095
"13782",0.0966666666666667
"13783",0.0966666666666667
"13784",0.0983333333333333
"13785",0.095
"13786",0.0983333333333333
"13787",0.095
"13788",0.0966666666666667
"13789",0.095
"13790",0.0966666666666667
"13791",0.0966666666666667
"13792",0.095
"13793",0.095
"13794",0.095
"13795",0.095
"13796",0.0966666666666667
"13797",0.095
"13798",0.0966666666666667
"13799",0.0966666666666667
"13800",0.0983333333333333
"13801",0.095
"13802",0.0983333333333333
"13803",0.095
"13804",0.0966666666666667
"13805",0.095
"13806",0.0966666666666667
"13807",0.0966666666666667
"13808",0.095
"13809",0.095
"13810",0.095
"13811",0.095
"13812",0.0966666666666667
"13813",0.095
"13814",0.0966666666666667
"13815",0.0966666666666667
"13816",0.0983333333333333
"13817",0.095
"13818",0.0983333333333333
"13819",0.095
"13820",0.0966666666666667
"13821",0.095
"13822",0.0966666666666667
"13823",0.0966666666666667
"13824",0.095
"13825",0.095
"13826",0.095
"13827",0.095
"13828",0.0966666666666667
"13829",0.095
"13830",0.0966666666666667
"13831",0.0966666666666667
"13832",0.0983333333333333
"13833",0.095
"13834",0.0983333333333333
"13835",0.095
"13836",0.0966666666666667
"13837",0.095
"13838",0.0966666666666667
"13839",0.0966666666666667
"13840",0.095
"13841",0.095
"13842",0.095
"13843",0.095
"13844",0.0966666666666667
"13845",0.095
"13846",0.0966666666666667
"13847",0.0966666666666667
"13848",0.0983333333333333
"13849",0.095
"13850",0.0983333333333333
"13851",0.095
"13852",0.0966666666666667
"13853",0.095
"13854",0.0966666666666667
"13855",0.0966666666666667
"13856",0.095
"13857",0.095
"13858",0.095
"13859",0.095
"13860",0.0966666666666667
"13861",0.095
"13862",0.0966666666666667
"13863",0.0966666666666667
"13864",0.0983333333333333
"13865",0.095
"13866",0.0983333333333333
"13867",0.095
"13868",0.0966666666666667
"13869",0.095
"13870",0.0966666666666667
"13871",0.0966666666666667
"13872",0.095
"13873",0.095
"13874",0.095
"13875",0.095
"13876",0.0966666666666667
"13877",0.095
"13878",0.0966666666666667
"13879",0.0966666666666667
"13880",0.0983333333333333
"13881",0.095
"13882",0.0983333333333333
"13883",0.095
"13884",0.0966666666666667
"13885",0.095
"13886",0.0966666666666667
"13887",0.0966666666666667
"13888",0.095
"13889",0.095
"13890",0.095
"13891",0.095
"13892",0.0966666666666667
"13893",0.095
"13894",0.0966666666666667
"13895",0.0966666666666667
"13896",0.0983333333333333
"13897",0.095
"13898",0.0983333333333333
"13899",0.095
"13900",0.0966666666666667
"13901",0.095
"13902",0.0966666666666667
"13903",0.0966666666666667
"13904",0.095
"13905",0.095
"13906",0.095
"13907",0.095
"13908",0.0966666666666667
"13909",0.095
"13910",0.0966666666666667
"13911",0.0966666666666667
"13912",0.0983333333333333
"13913",0.095
"13914",0.0983333333333333
"13915",0.0966666666666667
"13916",0.0983333333333333
"13917",0.0966666666666667
"13918",0.0983333333333333
"13919",0.0983333333333333
"13920",0.0966666666666667
"13921",0.0966666666666667
"13922",0.0966666666666667
"13923",0.0966666666666667
"13924",0.0983333333333333
"13925",0.0966666666666667
"13926",0.0983333333333333
"13927",0.0983333333333333
"13928",0.1
"13929",0.0966666666666667
"13930",0.1
"13931",0.0966666666666667
"13932",0.0983333333333333
"13933",0.0966666666666667
"13934",0.0983333333333333
"13935",0.0983333333333333
"13936",0.0966666666666667
"13937",0.0966666666666667
"13938",0.0966666666666667
"13939",0.0966666666666667
"13940",0.0983333333333333
"13941",0.0966666666666667
"13942",0.0983333333333333
"13943",0.0983333333333333
"13944",0.1
"13945",0.0966666666666667
"13946",0.1
"13947",0.095
"13948",0.0966666666666667
"13949",0.095
"13950",0.0966666666666667
"13951",0.0966666666666667
"13952",0.095
"13953",0.095
"13954",0.095
"13955",0.095
"13956",0.0966666666666667
"13957",0.095
"13958",0.0966666666666667
"13959",0.0966666666666667
"13960",0.0983333333333333
"13961",0.095
"13962",0.0983333333333333
"13963",0.095
"13964",0.0966666666666667
"13965",0.095
"13966",0.0966666666666667
"13967",0.0966666666666667
"13968",0.095
"13969",0.095
"13970",0.095
"13971",0.095
"13972",0.0966666666666667
"13973",0.095
"13974",0.0966666666666667
"13975",0.0966666666666667
"13976",0.0983333333333333
"13977",0.095
"13978",0.0983333333333333
"13979",0.0966666666666667
"13980",0.0983333333333333
"13981",0.0966666666666667
"13982",0.0983333333333333
"13983",0.0983333333333333
"13984",0.0966666666666667
"13985",0.0966666666666667
"13986",0.0966666666666667
"13987",0.0966666666666667
"13988",0.0983333333333333
"13989",0.0966666666666667
"13990",0.0983333333333333
"13991",0.0983333333333333
"13992",0.1
"13993",0.0966666666666667
"13994",0.1
"13995",0.0966666666666667
"13996",0.0983333333333333
"13997",0.0966666666666667
"13998",0.0983333333333333
"13999",0.0983333333333333
"14000",0.0966666666666667
"14001",0.0966666666666667
"14002",0.0966666666666667
"14003",0.0966666666666667
"14004",0.0983333333333333
"14005",0.0966666666666667
"14006",0.0983333333333333
"14007",0.0983333333333333
"14008",0.1
"14009",0.0966666666666667
"14010",0.1
"14011",0.095
"14012",0.0966666666666667
"14013",0.095
"14014",0.0966666666666667
"14015",0.0966666666666667
"14016",0.095
"14017",0.095
"14018",0.095
"14019",0.095
"14020",0.0966666666666667
"14021",0.095
"14022",0.0966666666666667
"14023",0.0966666666666667
"14024",0.0983333333333333
"14025",0.095
"14026",0.0983333333333333
"14027",0.095
"14028",0.0966666666666667
"14029",0.095
"14030",0.0966666666666667
"14031",0.0966666666666667
"14032",0.095
"14033",0.095
"14034",0.095
"14035",0.095
"14036",0.0966666666666667
"14037",0.095
"14038",0.0966666666666667
"14039",0.0966666666666667
"14040",0.0983333333333333
"14041",0.095
"14042",0.0983333333333333
"14043",0.095
"14044",0.0966666666666667
"14045",0.095
"14046",0.0966666666666667
"14047",0.0966666666666667
"14048",0.095
"14049",0.095
"14050",0.095
"14051",0.095
"14052",0.0966666666666667
"14053",0.095
"14054",0.0966666666666667
"14055",0.0966666666666667
"14056",0.0983333333333333
"14057",0.095
"14058",0.0983333333333333
"14059",0.095
"14060",0.0966666666666667
"14061",0.095
"14062",0.0966666666666667
"14063",0.0966666666666667
"14064",0.095
"14065",0.095
"14066",0.095
"14067",0.095
"14068",0.0966666666666667
"14069",0.095
"14070",0.0966666666666667
"14071",0.0966666666666667
"14072",0.0983333333333333
"14073",0.095
"14074",0.0983333333333333
"14075",0.095
"14076",0.0966666666666667
"14077",0.095
"14078",0.0966666666666667
"14079",0.0966666666666667
"14080",0.095
"14081",0.095
"14082",0.095
"14083",0.095
"14084",0.0966666666666667
"14085",0.095
"14086",0.0966666666666667
"14087",0.0966666666666667
"14088",0.0983333333333333
"14089",0.095
"14090",0.0983333333333333
"14091",0.095
"14092",0.0966666666666667
"14093",0.095
"14094",0.0966666666666667
"14095",0.0966666666666667
"14096",0.095
"14097",0.095
"14098",0.095
"14099",0.095
"14100",0.0966666666666667
"14101",0.095
"14102",0.0966666666666667
"14103",0.0966666666666667
"14104",0.0983333333333333
"14105",0.095
"14106",0.0983333333333333
"14107",0.095
"14108",0.0966666666666667
"14109",0.095
"14110",0.0966666666666667
"14111",0.0966666666666667
"14112",0.095
"14113",0.095
"14114",0.095
"14115",0.095
"14116",0.0966666666666667
"14117",0.095
"14118",0.0966666666666667
"14119",0.0966666666666667
"14120",0.0983333333333333
"14121",0.095
"14122",0.0983333333333333
"14123",0.095
"14124",0.0966666666666667
"14125",0.095
"14126",0.0966666666666667
"14127",0.0966666666666667
"14128",0.095
"14129",0.095
"14130",0.095
"14131",0.095
"14132",0.0966666666666667
"14133",0.095
"14134",0.0966666666666667
"14135",0.0966666666666667
"14136",0.0983333333333333
"14137",0.095
"14138",0.0983333333333333
"14139",0.095
"14140",0.0966666666666667
"14141",0.095
"14142",0.0966666666666667
"14143",0.0966666666666667
"14144",0.095
"14145",0.095
"14146",0.095
"14147",0.095
"14148",0.0966666666666667
"14149",0.095
"14150",0.0966666666666667
"14151",0.0966666666666667
"14152",0.0983333333333333
"14153",0.095
"14154",0.0983333333333333
"14155",0.095
"14156",0.0966666666666667
"14157",0.095
"14158",0.0966666666666667
"14159",0.0966666666666667
"14160",0.095
"14161",0.095
"14162",0.095
"14163",0.095
"14164",0.0966666666666667
"14165",0.095
"14166",0.0966666666666667
"14167",0.0966666666666667
"14168",0.0983333333333333
"14169",0.095
"14170",0.0983333333333333
"14171",0.095
"14172",0.0966666666666667
"14173",0.095
"14174",0.0966666666666667
"14175",0.0966666666666667
"14176",0.095
"14177",0.095
"14178",0.095
"14179",0.095
"14180",0.0966666666666667
"14181",0.095
"14182",0.0966666666666667
"14183",0.0966666666666667
"14184",0.0983333333333333
"14185",0.095
"14186",0.0983333333333333
"14187",0.095
"14188",0.0966666666666667
"14189",0.095
"14190",0.0966666666666667
"14191",0.0966666666666667
"14192",0.095
"14193",0.095
"14194",0.095
"14195",0.095
"14196",0.0966666666666667
"14197",0.095
"14198",0.0966666666666667
"14199",0.0966666666666667
"14200",0.0983333333333333
"14201",0.095
"14202",0.0983333333333333
"14203",0.095
"14204",0.0966666666666667
"14205",0.095
"14206",0.0966666666666667
"14207",0.0966666666666667
"14208",0.095
"14209",0.095
"14210",0.095
"14211",0.095
"14212",0.0966666666666667
"14213",0.095
"14214",0.0966666666666667
"14215",0.0966666666666667
"14216",0.0983333333333333
"14217",0.095
"14218",0.0983333333333333
"14219",0.0966666666666667
"14220",0.0983333333333333
"14221",0.0966666666666667
"14222",0.0983333333333333
"14223",0.0983333333333333
"14224",0.0966666666666667
"14225",0.0966666666666667
"14226",0.0966666666666667
"14227",0.0966666666666667
"14228",0.0983333333333333
"14229",0.0966666666666667
"14230",0.0983333333333333
"14231",0.0983333333333333
"14232",0.1
"14233",0.0966666666666667
"14234",0.1
"14235",0.095
"14236",0.0966666666666667
"14237",0.095
"14238",0.0966666666666667
"14239",0.0966666666666667
"14240",0.095
"14241",0.095
"14242",0.095
"14243",0.095
"14244",0.0966666666666667
"14245",0.095
"14246",0.0966666666666667
"14247",0.0966666666666667
"14248",0.0983333333333333
"14249",0.095
"14250",0.0983333333333333
"14251",0.095
"14252",0.0966666666666667
"14253",0.095
"14254",0.0966666666666667
"14255",0.0966666666666667
"14256",0.095
"14257",0.095
"14258",0.095
"14259",0.095
"14260",0.0966666666666667
"14261",0.095
"14262",0.0966666666666667
"14263",0.0966666666666667
"14264",0.0983333333333333
"14265",0.095
"14266",0.0983333333333333
"14267",0.095
"14268",0.0966666666666667
"14269",0.095
"14270",0.0966666666666667
"14271",0.0966666666666667
"14272",0.095
"14273",0.095
"14274",0.095
"14275",0.095
"14276",0.0966666666666667
"14277",0.095
"14278",0.0966666666666667
"14279",0.0966666666666667
"14280",0.0983333333333333
"14281",0.095
"14282",0.0983333333333333
"14283",0.095
"14284",0.0966666666666667
"14285",0.095
"14286",0.0966666666666667
"14287",0.0966666666666667
"14288",0.095
"14289",0.095
"14290",0.095
"14291",0.095
"14292",0.0966666666666667
"14293",0.095
"14294",0.0966666666666667
"14295",0.0966666666666667
"14296",0.0983333333333333
"14297",0.095
"14298",0.0983333333333333
"14299",0.0966666666666667
"14300",0.0983333333333333
"14301",0.0966666666666667
"14302",0.0983333333333333
"14303",0.0983333333333333
"14304",0.0966666666666667
"14305",0.0966666666666667
"14306",0.0966666666666667
"14307",0.0966666666666667
"14308",0.0983333333333333
"14309",0.0966666666666667
"14310",0.0983333333333333
"14311",0.0983333333333333
"14312",0.1
"14313",0.0966666666666667
"14314",0.1
"14315",0.095
"14316",0.0966666666666667
"14317",0.095
"14318",0.0966666666666667
"14319",0.0966666666666667
"14320",0.095
"14321",0.095
"14322",0.095
"14323",0.095
"14324",0.0966666666666667
"14325",0.095
"14326",0.0966666666666667
"14327",0.0966666666666667
"14328",0.0983333333333333
"14329",0.095
"14330",0.0983333333333333
"14331",0.0966666666666667
"14332",0.0983333333333333
"14333",0.0966666666666667
"14334",0.0983333333333333
"14335",0.0983333333333333
"14336",0.0966666666666667
"14337",0.0966666666666667
"14338",0.0966666666666667
"14339",0.0966666666666667
"14340",0.0983333333333333
"14341",0.0966666666666667
"14342",0.0983333333333333
"14343",0.0983333333333333
"14344",0.1
"14345",0.0966666666666667
"14346",0.1
"14347",0.0966666666666667
"14348",0.0983333333333333
"14349",0.0966666666666667
"14350",0.0983333333333333
"14351",0.0983333333333333
"14352",0.0966666666666667
"14353",0.0966666666666667
"14354",0.0966666666666667
"14355",0.0966666666666667
"14356",0.0983333333333333
"14357",0.0966666666666667
"14358",0.0983333333333333
"14359",0.0983333333333333
"14360",0.1
"14361",0.0966666666666667
"14362",0.1
"14363",0.095
"14364",0.0966666666666667
"14365",0.095
"14366",0.0966666666666667
"14367",0.0966666666666667
"14368",0.095
"14369",0.095
"14370",0.095
"14371",0.095
"14372",0.0966666666666667
"14373",0.095
"14374",0.0966666666666667
"14375",0.0966666666666667
"14376",0.0983333333333333
"14377",0.095
"14378",0.0983333333333333
"14379",0.0966666666666667
"14380",0.0983333333333333
"14381",0.0966666666666667
"14382",0.0983333333333333
"14383",0.0983333333333333
"14384",0.0966666666666667
"14385",0.0966666666666667
"14386",0.0966666666666667
"14387",0.0966666666666667
"14388",0.0983333333333333
"14389",0.0966666666666667
"14390",0.0983333333333333
"14391",0.0983333333333333
"14392",0.1
"14393",0.0966666666666667
"14394",0.1
"14395",0.095
"14396",0.0966666666666667
"14397",0.095
"14398",0.0966666666666667
"14399",0.0966666666666667
"14400",0.095
"14401",0.095
"14402",0.095
"14403",0.095
"14404",0.0966666666666667
"14405",0.095
"14406",0.0966666666666667
"14407",0.0966666666666667
"14408",0.0983333333333333
"14409",0.095
"14410",0.0983333333333333
"14411",0.095
"14412",0.0966666666666667
"14413",0.095
"14414",0.0966666666666667
"14415",0.0966666666666667
"14416",0.095
"14417",0.095
"14418",0.095
"14419",0.095
"14420",0.0966666666666667
"14421",0.095
"14422",0.0966666666666667
"14423",0.0966666666666667
"14424",0.0983333333333333
"14425",0.095
"14426",0.0983333333333333
"14427",0.0966666666666667
"14428",0.0983333333333333
"14429",0.0966666666666667
"14430",0.0983333333333333
"14431",0.0983333333333333
"14432",0.0966666666666667
"14433",0.0966666666666667
"14434",0.0966666666666667
"14435",0.0966666666666667
"14436",0.0983333333333333
"14437",0.0966666666666667
"14438",0.0983333333333333
"14439",0.0983333333333333
"14440",0.1
"14441",0.0966666666666667
"14442",0.0966666666666667
"14443",0.095
"14444",0.0966666666666667
"14445",0.095
"14446",0.0966666666666667
"14447",0.0966666666666667
"14448",0.095
"14449",0.095
"14450",0.095
"14451",0.095
"14452",0.0966666666666667
"14453",0.095
"14454",0.0966666666666667
"14455",0.0966666666666667
"14456",0.0983333333333333
"14457",0.095
"14458",0.0983333333333333
"14459",0.095
"14460",0.0966666666666667
"14461",0.095
"14462",0.0966666666666667
"14463",0.0966666666666667
"14464",0.095
"14465",0.095
"14466",0.095
"14467",0.095
"14468",0.0966666666666667
"14469",0.095
"14470",0.0966666666666667
"14471",0.0966666666666667
"14472",0.0983333333333333
"14473",0.095
"14474",0.0983333333333333
"14475",0.095
"14476",0.0966666666666667
"14477",0.095
"14478",0.0966666666666667
"14479",0.0966666666666667
"14480",0.095
"14481",0.095
"14482",0.095
"14483",0.095
"14484",0.0966666666666667
"14485",0.095
"14486",0.0966666666666667
"14487",0.0966666666666667
"14488",0.0983333333333333
"14489",0.095
"14490",0.0983333333333333
"14491",0.095
"14492",0.0966666666666667
"14493",0.095
"14494",0.0966666666666667
"14495",0.0966666666666667
"14496",0.095
"14497",0.095
"14498",0.095
"14499",0.095
"14500",0.0966666666666667
"14501",0.095
"14502",0.0966666666666667
"14503",0.0966666666666667
"14504",0.0983333333333333
"14505",0.095
"14506",0.0983333333333333
"14507",0.095
"14508",0.0966666666666667
"14509",0.095
"14510",0.0966666666666667
"14511",0.0966666666666667
"14512",0.095
"14513",0.095
"14514",0.095
"14515",0.095
"14516",0.0966666666666667
"14517",0.095
"14518",0.0966666666666667
"14519",0.0966666666666667
"14520",0.0983333333333333
"14521",0.095
"14522",0.0983333333333333
"14523",0.095
"14524",0.0966666666666667
"14525",0.095
"14526",0.0966666666666667
"14527",0.0966666666666667
"14528",0.095
"14529",0.095
"14530",0.095
"14531",0.095
"14532",0.0966666666666667
"14533",0.095
"14534",0.0966666666666667
"14535",0.0966666666666667
"14536",0.0983333333333333
"14537",0.095
"14538",0.0983333333333333
"14539",0.095
"14540",0.0966666666666667
"14541",0.095
"14542",0.0966666666666667
"14543",0.0966666666666667
"14544",0.095
"14545",0.095
"14546",0.095
"14547",0.095
"14548",0.0966666666666667
"14549",0.095
"14550",0.0966666666666667
"14551",0.0966666666666667
"14552",0.0983333333333333
"14553",0.095
"14554",0.0983333333333333
"14555",0.0966666666666667
"14556",0.0983333333333333
"14557",0.0966666666666667
"14558",0.0983333333333333
"14559",0.0983333333333333
"14560",0.0966666666666667
"14561",0.0966666666666667
"14562",0.0966666666666667
"14563",0.0966666666666667
"14564",0.0983333333333333
"14565",0.0966666666666667
"14566",0.0983333333333333
"14567",0.0983333333333333
"14568",0.1
"14569",0.0966666666666667
"14570",0.1
"14571",0.0966666666666667
"14572",0.0983333333333333
"14573",0.0966666666666667
"14574",0.0983333333333333
"14575",0.0983333333333333
"14576",0.0966666666666667
"14577",0.0966666666666667
"14578",0.0966666666666667
"14579",0.0966666666666667
"14580",0.0983333333333333
"14581",0.0966666666666667
"14582",0.0983333333333333
"14583",0.0983333333333333
"14584",0.1
"14585",0.0966666666666667
"14586",0.1
"14587",0.095
"14588",0.0966666666666667
"14589",0.095
"14590",0.0966666666666667
"14591",0.0966666666666667
"14592",0.095
"14593",0.095
"14594",0.095
"14595",0.095
"14596",0.0966666666666667
"14597",0.095
"14598",0.0966666666666667
"14599",0.0966666666666667
"14600",0.0983333333333333
"14601",0.095
"14602",0.0983333333333333
"14603",0.095
"14604",0.0966666666666667
"14605",0.095
"14606",0.0966666666666667
"14607",0.0966666666666667
"14608",0.095
"14609",0.095
"14610",0.095
"14611",0.095
"14612",0.0966666666666667
"14613",0.095
"14614",0.0966666666666667
"14615",0.0966666666666667
"14616",0.0983333333333333
"14617",0.095
"14618",0.0983333333333333
"14619",0.095
"14620",0.0966666666666667
"14621",0.095
"14622",0.0966666666666667
"14623",0.0966666666666667
"14624",0.095
"14625",0.095
"14626",0.095
"14627",0.095
"14628",0.0966666666666667
"14629",0.095
"14630",0.0966666666666667
"14631",0.0966666666666667
"14632",0.0983333333333333
"14633",0.095
"14634",0.0983333333333333
"14635",0.095
"14636",0.0966666666666667
"14637",0.095
"14638",0.0966666666666667
"14639",0.0966666666666667
"14640",0.095
"14641",0.095
"14642",0.095
"14643",0.095
"14644",0.0966666666666667
"14645",0.095
"14646",0.0966666666666667
"14647",0.0966666666666667
"14648",0.0983333333333333
"14649",0.095
"14650",0.0983333333333333
"14651",0.095
"14652",0.0966666666666667
"14653",0.095
"14654",0.0966666666666667
"14655",0.0966666666666667
"14656",0.095
"14657",0.095
"14658",0.095
"14659",0.095
"14660",0.0966666666666667
"14661",0.095
"14662",0.0966666666666667
"14663",0.0966666666666667
"14664",0.0983333333333333
"14665",0.095
"14666",0.0983333333333333
"14667",0.095
"14668",0.0966666666666667
"14669",0.095
"14670",0.0966666666666667
"14671",0.0966666666666667
"14672",0.095
"14673",0.095
"14674",0.095
"14675",0.095
"14676",0.0966666666666667
"14677",0.095
"14678",0.0966666666666667
"14679",0.0966666666666667
"14680",0.0983333333333333
"14681",0.095
"14682",0.0983333333333333
"14683",0.095
"14684",0.0966666666666667
"14685",0.095
"14686",0.0966666666666667
"14687",0.0966666666666667
"14688",0.095
"14689",0.095
"14690",0.095
"14691",0.095
"14692",0.0966666666666667
"14693",0.095
"14694",0.0966666666666667
"14695",0.0966666666666667
"14696",0.0983333333333333
"14697",0.095
"14698",0.0983333333333333
"14699",0.095
"14700",0.0966666666666667
"14701",0.095
"14702",0.0966666666666667
"14703",0.0966666666666667
"14704",0.095
"14705",0.095
"14706",0.095
"14707",0.095
"14708",0.0966666666666667
"14709",0.095
"14710",0.0966666666666667
"14711",0.0966666666666667
"14712",0.0983333333333333
"14713",0.095
"14714",0.0983333333333333
"14715",0.095
"14716",0.0966666666666667
"14717",0.095
"14718",0.0966666666666667
"14719",0.0966666666666667
"14720",0.095
"14721",0.095
"14722",0.095
"14723",0.095
"14724",0.0966666666666667
"14725",0.095
"14726",0.0966666666666667
"14727",0.0966666666666667
"14728",0.0983333333333333
"14729",0.095
"14730",0.0983333333333333
"14731",0.116666666666667
"14732",0.116666666666667
"14733",0.12
"14734",0.118333333333333
"14735",0.118333333333333
"14736",0.116666666666667
"14737",0.116666666666667
"14738",0.115
"14739",0.116666666666667
"14740",0.118333333333333
"14741",0.115
"14742",0.118333333333333
"14743",0.116666666666667
"14744",0.118333333333333
"14745",0.116666666666667
"14746",0.116666666666667
"14747",0.115
"14748",0.115
"14749",0.118333333333333
"14750",0.116666666666667
"14751",0.116666666666667
"14752",0.115
"14753",0.115
"14754",0.113333333333333
"14755",0.115
"14756",0.116666666666667
"14757",0.113333333333333
"14758",0.116666666666667
"14759",0.115
"14760",0.116666666666667
"14761",0.118333333333333
"14762",0.115
"14763",0.116666666666667
"14764",0.116666666666667
"14765",0.12
"14766",0.118333333333333
"14767",0.118333333333333
"14768",0.116666666666667
"14769",0.116666666666667
"14770",0.115
"14771",0.116666666666667
"14772",0.118333333333333
"14773",0.115
"14774",0.118333333333333
"14775",0.116666666666667
"14776",0.118333333333333
"14777",0.116666666666667
"14778",0.116666666666667
"14779",0.118333333333333
"14780",0.118333333333333
"14781",0.121666666666667
"14782",0.12
"14783",0.12
"14784",0.118333333333333
"14785",0.118333333333333
"14786",0.116666666666667
"14787",0.118333333333333
"14788",0.12
"14789",0.116666666666667
"14790",0.12
"14791",0.118333333333333
"14792",0.12
"14793",0.118333333333333
"14794",0.118333333333333
"14795",0.115
"14796",0.115
"14797",0.118333333333333
"14798",0.116666666666667
"14799",0.116666666666667
"14800",0.115
"14801",0.115
"14802",0.113333333333333
"14803",0.115
"14804",0.116666666666667
"14805",0.113333333333333
"14806",0.116666666666667
"14807",0.115
"14808",0.116666666666667
"14809",0.115
"14810",0.115
"14811",0.116666666666667
"14812",0.116666666666667
"14813",0.12
"14814",0.118333333333333
"14815",0.118333333333333
"14816",0.116666666666667
"14817",0.116666666666667
"14818",0.115
"14819",0.116666666666667
"14820",0.118333333333333
"14821",0.115
"14822",0.118333333333333
"14823",0.116666666666667
"14824",0.118333333333333
"14825",0.116666666666667
"14826",0.116666666666667
"14827",0.116666666666667
"14828",0.116666666666667
"14829",0.12
"14830",0.118333333333333
"14831",0.118333333333333
"14832",0.116666666666667
"14833",0.116666666666667
"14834",0.115
"14835",0.116666666666667
"14836",0.118333333333333
"14837",0.115
"14838",0.118333333333333
"14839",0.116666666666667
"14840",0.118333333333333
"14841",0.116666666666667
"14842",0.116666666666667
"14843",0.116666666666667
"14844",0.116666666666667
"14845",0.12
"14846",0.118333333333333
"14847",0.118333333333333
"14848",0.116666666666667
"14849",0.116666666666667
"14850",0.115
"14851",0.116666666666667
"14852",0.118333333333333
"14853",0.115
"14854",0.118333333333333
"14855",0.116666666666667
"14856",0.118333333333333
"14857",0.116666666666667
"14858",0.116666666666667
"14859",0.116666666666667
"14860",0.116666666666667
"14861",0.12
"14862",0.118333333333333
"14863",0.118333333333333
"14864",0.116666666666667
"14865",0.116666666666667
"14866",0.115
"14867",0.116666666666667
"14868",0.118333333333333
"14869",0.115
"14870",0.118333333333333
"14871",0.116666666666667
"14872",0.118333333333333
"14873",0.116666666666667
"14874",0.116666666666667
"14875",0.116666666666667
"14876",0.116666666666667
"14877",0.12
"14878",0.118333333333333
"14879",0.118333333333333
"14880",0.116666666666667
"14881",0.116666666666667
"14882",0.115
"14883",0.116666666666667
"14884",0.118333333333333
"14885",0.115
"14886",0.118333333333333
"14887",0.116666666666667
"14888",0.118333333333333
"14889",0.116666666666667
"14890",0.116666666666667
"14891",0.116666666666667
"14892",0.116666666666667
"14893",0.12
"14894",0.118333333333333
"14895",0.118333333333333
"14896",0.116666666666667
"14897",0.116666666666667
"14898",0.115
"14899",0.116666666666667
"14900",0.118333333333333
"14901",0.115
"14902",0.118333333333333
"14903",0.116666666666667
"14904",0.118333333333333
"14905",0.116666666666667
"14906",0.116666666666667
"14907",0.116666666666667
"14908",0.116666666666667
"14909",0.12
"14910",0.118333333333333
"14911",0.118333333333333
"14912",0.116666666666667
"14913",0.116666666666667
"14914",0.115
"14915",0.116666666666667
"14916",0.118333333333333
"14917",0.115
"14918",0.118333333333333
"14919",0.116666666666667
"14920",0.118333333333333
"14921",0.116666666666667
"14922",0.116666666666667
"14923",0.116666666666667
"14924",0.116666666666667
"14925",0.12
"14926",0.118333333333333
"14927",0.118333333333333
"14928",0.116666666666667
"14929",0.116666666666667
"14930",0.115
"14931",0.116666666666667
"14932",0.118333333333333
"14933",0.115
"14934",0.118333333333333
"14935",0.116666666666667
"14936",0.118333333333333
"14937",0.116666666666667
"14938",0.116666666666667
"14939",0.116666666666667
"14940",0.116666666666667
"14941",0.12
"14942",0.118333333333333
"14943",0.118333333333333
"14944",0.116666666666667
"14945",0.116666666666667
"14946",0.115
"14947",0.116666666666667
"14948",0.118333333333333
"14949",0.115
"14950",0.118333333333333
"14951",0.116666666666667
"14952",0.118333333333333
"14953",0.116666666666667
"14954",0.116666666666667
"14955",0.116666666666667
"14956",0.116666666666667
"14957",0.12
"14958",0.118333333333333
"14959",0.118333333333333
"14960",0.116666666666667
"14961",0.116666666666667
"14962",0.115
"14963",0.116666666666667
"14964",0.118333333333333
"14965",0.115
"14966",0.118333333333333
"14967",0.116666666666667
"14968",0.118333333333333
"14969",0.116666666666667
"14970",0.116666666666667
"14971",0.118333333333333
"14972",0.118333333333333
"14973",0.121666666666667
"14974",0.12
"14975",0.12
"14976",0.118333333333333
"14977",0.118333333333333
"14978",0.116666666666667
"14979",0.118333333333333
"14980",0.12
"14981",0.116666666666667
"14982",0.12
"14983",0.118333333333333
"14984",0.12
"14985",0.118333333333333
"14986",0.118333333333333
"14987",0.116666666666667
"14988",0.116666666666667
"14989",0.12
"14990",0.118333333333333
"14991",0.118333333333333
"14992",0.116666666666667
"14993",0.116666666666667
"14994",0.115
"14995",0.116666666666667
"14996",0.118333333333333
"14997",0.115
"14998",0.118333333333333
"14999",0.116666666666667
"15000",0.118333333333333
"15001",0.116666666666667
"15002",0.116666666666667
"15003",0.116666666666667
"15004",0.116666666666667
"15005",0.12
"15006",0.118333333333333
"15007",0.118333333333333
"15008",0.116666666666667
"15009",0.116666666666667
"15010",0.115
"15011",0.116666666666667
"15012",0.118333333333333
"15013",0.115
"15014",0.118333333333333
"15015",0.116666666666667
"15016",0.118333333333333
"15017",0.116666666666667
"15018",0.116666666666667
"15019",0.116666666666667
"15020",0.116666666666667
"15021",0.12
"15022",0.118333333333333
"15023",0.118333333333333
"15024",0.116666666666667
"15025",0.116666666666667
"15026",0.115
"15027",0.116666666666667
"15028",0.118333333333333
"15029",0.115
"15030",0.118333333333333
"15031",0.116666666666667
"15032",0.118333333333333
"15033",0.116666666666667
"15034",0.116666666666667
"15035",0.116666666666667
"15036",0.116666666666667
"15037",0.12
"15038",0.118333333333333
"15039",0.118333333333333
"15040",0.116666666666667
"15041",0.116666666666667
"15042",0.115
"15043",0.116666666666667
"15044",0.118333333333333
"15045",0.115
"15046",0.118333333333333
"15047",0.116666666666667
"15048",0.118333333333333
"15049",0.116666666666667
"15050",0.116666666666667
"15051",0.118333333333333
"15052",0.118333333333333
"15053",0.121666666666667
"15054",0.12
"15055",0.12
"15056",0.118333333333333
"15057",0.118333333333333
"15058",0.116666666666667
"15059",0.118333333333333
"15060",0.12
"15061",0.116666666666667
"15062",0.12
"15063",0.118333333333333
"15064",0.12
"15065",0.118333333333333
"15066",0.118333333333333
"15067",0.118333333333333
"15068",0.118333333333333
"15069",0.121666666666667
"15070",0.12
"15071",0.12
"15072",0.118333333333333
"15073",0.118333333333333
"15074",0.116666666666667
"15075",0.118333333333333
"15076",0.12
"15077",0.116666666666667
"15078",0.12
"15079",0.118333333333333
"15080",0.12
"15081",0.118333333333333
"15082",0.118333333333333
"15083",0.115
"15084",0.115
"15085",0.118333333333333
"15086",0.116666666666667
"15087",0.116666666666667
"15088",0.115
"15089",0.115
"15090",0.113333333333333
"15091",0.115
"15092",0.116666666666667
"15093",0.113333333333333
"15094",0.116666666666667
"15095",0.115
"15096",0.116666666666667
"15097",0.115
"15098",0.115
"15099",0.116666666666667
"15100",0.116666666666667
"15101",0.12
"15102",0.118333333333333
"15103",0.118333333333333
"15104",0.116666666666667
"15105",0.116666666666667
"15106",0.115
"15107",0.116666666666667
"15108",0.118333333333333
"15109",0.115
"15110",0.118333333333333
"15111",0.116666666666667
"15112",0.118333333333333
"15113",0.116666666666667
"15114",0.116666666666667
"15115",0.116666666666667
"15116",0.116666666666667
"15117",0.12
"15118",0.118333333333333
"15119",0.118333333333333
"15120",0.116666666666667
"15121",0.116666666666667
"15122",0.115
"15123",0.116666666666667
"15124",0.118333333333333
"15125",0.115
"15126",0.118333333333333
"15127",0.116666666666667
"15128",0.118333333333333
"15129",0.116666666666667
"15130",0.116666666666667
"15131",0.116666666666667
"15132",0.116666666666667
"15133",0.12
"15134",0.118333333333333
"15135",0.118333333333333
"15136",0.116666666666667
"15137",0.116666666666667
"15138",0.115
"15139",0.116666666666667
"15140",0.118333333333333
"15141",0.115
"15142",0.118333333333333
"15143",0.116666666666667
"15144",0.118333333333333
"15145",0.116666666666667
"15146",0.116666666666667
"15147",0.116666666666667
"15148",0.116666666666667
"15149",0.12
"15150",0.118333333333333
"15151",0.118333333333333
"15152",0.116666666666667
"15153",0.116666666666667
"15154",0.115
"15155",0.116666666666667
"15156",0.118333333333333
"15157",0.115
"15158",0.118333333333333
"15159",0.116666666666667
"15160",0.118333333333333
"15161",0.116666666666667
"15162",0.116666666666667
"15163",0.116666666666667
"15164",0.116666666666667
"15165",0.12
"15166",0.118333333333333
"15167",0.118333333333333
"15168",0.116666666666667
"15169",0.116666666666667
"15170",0.115
"15171",0.116666666666667
"15172",0.118333333333333
"15173",0.115
"15174",0.118333333333333
"15175",0.116666666666667
"15176",0.118333333333333
"15177",0.116666666666667
"15178",0.116666666666667
"15179",0.116666666666667
"15180",0.116666666666667
"15181",0.12
"15182",0.118333333333333
"15183",0.118333333333333
"15184",0.116666666666667
"15185",0.116666666666667
"15186",0.115
"15187",0.116666666666667
"15188",0.118333333333333
"15189",0.115
"15190",0.118333333333333
"15191",0.116666666666667
"15192",0.118333333333333
"15193",0.116666666666667
"15194",0.116666666666667
"15195",0.116666666666667
"15196",0.116666666666667
"15197",0.12
"15198",0.118333333333333
"15199",0.118333333333333
"15200",0.116666666666667
"15201",0.116666666666667
"15202",0.115
"15203",0.116666666666667
"15204",0.118333333333333
"15205",0.115
"15206",0.118333333333333
"15207",0.116666666666667
"15208",0.118333333333333
"15209",0.116666666666667
"15210",0.116666666666667
"15211",0.116666666666667
"15212",0.116666666666667
"15213",0.12
"15214",0.118333333333333
"15215",0.118333333333333
"15216",0.116666666666667
"15217",0.116666666666667
"15218",0.115
"15219",0.116666666666667
"15220",0.118333333333333
"15221",0.115
"15222",0.118333333333333
"15223",0.116666666666667
"15224",0.118333333333333
"15225",0.116666666666667
"15226",0.116666666666667
"15227",0.116666666666667
"15228",0.116666666666667
"15229",0.12
"15230",0.118333333333333
"15231",0.118333333333333
"15232",0.116666666666667
"15233",0.116666666666667
"15234",0.115
"15235",0.116666666666667
"15236",0.118333333333333
"15237",0.115
"15238",0.118333333333333
"15239",0.116666666666667
"15240",0.118333333333333
"15241",0.116666666666667
"15242",0.116666666666667
"15243",0.116666666666667
"15244",0.116666666666667
"15245",0.12
"15246",0.118333333333333
"15247",0.118333333333333
"15248",0.116666666666667
"15249",0.116666666666667
"15250",0.115
"15251",0.116666666666667
"15252",0.118333333333333
"15253",0.115
"15254",0.118333333333333
"15255",0.116666666666667
"15256",0.118333333333333
"15257",0.116666666666667
"15258",0.116666666666667
"15259",0.116666666666667
"15260",0.116666666666667
"15261",0.12
"15262",0.118333333333333
"15263",0.118333333333333
"15264",0.116666666666667
"15265",0.116666666666667
"15266",0.115
"15267",0.116666666666667
"15268",0.118333333333333
"15269",0.115
"15270",0.118333333333333
"15271",0.116666666666667
"15272",0.118333333333333
"15273",0.116666666666667
"15274",0.116666666666667
"15275",0.116666666666667
"15276",0.116666666666667
"15277",0.12
"15278",0.118333333333333
"15279",0.118333333333333
"15280",0.116666666666667
"15281",0.116666666666667
"15282",0.115
"15283",0.116666666666667
"15284",0.118333333333333
"15285",0.115
"15286",0.118333333333333
"15287",0.116666666666667
"15288",0.118333333333333
"15289",0.116666666666667
"15290",0.116666666666667
"15291",0.116666666666667
"15292",0.116666666666667
"15293",0.12
"15294",0.118333333333333
"15295",0.118333333333333
"15296",0.116666666666667
"15297",0.116666666666667
"15298",0.115
"15299",0.116666666666667
"15300",0.118333333333333
"15301",0.115
"15302",0.118333333333333
"15303",0.116666666666667
"15304",0.118333333333333
"15305",0.116666666666667
"15306",0.116666666666667
"15307",0.116666666666667
"15308",0.116666666666667
"15309",0.12
"15310",0.118333333333333
"15311",0.118333333333333
"15312",0.116666666666667
"15313",0.116666666666667
"15314",0.115
"15315",0.116666666666667
"15316",0.118333333333333
"15317",0.115
"15318",0.118333333333333
"15319",0.116666666666667
"15320",0.118333333333333
"15321",0.116666666666667
"15322",0.116666666666667
"15323",0.115
"15324",0.115
"15325",0.118333333333333
"15326",0.116666666666667
"15327",0.116666666666667
"15328",0.115
"15329",0.115
"15330",0.113333333333333
"15331",0.115
"15332",0.116666666666667
"15333",0.113333333333333
"15334",0.116666666666667
"15335",0.115
"15336",0.116666666666667
"15337",0.115
"15338",0.115
"15339",0.115
"15340",0.115
"15341",0.118333333333333
"15342",0.116666666666667
"15343",0.116666666666667
"15344",0.115
"15345",0.115
"15346",0.113333333333333
"15347",0.115
"15348",0.116666666666667
"15349",0.113333333333333
"15350",0.116666666666667
"15351",0.115
"15352",0.116666666666667
"15353",0.115
"15354",0.115
"15355",0.116666666666667
"15356",0.116666666666667
"15357",0.12
"15358",0.118333333333333
"15359",0.118333333333333
"15360",0.116666666666667
"15361",0.116666666666667
"15362",0.115
"15363",0.116666666666667
"15364",0.118333333333333
"15365",0.115
"15366",0.118333333333333
"15367",0.116666666666667
"15368",0.118333333333333
"15369",0.116666666666667
"15370",0.116666666666667
"15371",0.116666666666667
"15372",0.116666666666667
"15373",0.12
"15374",0.118333333333333
"15375",0.118333333333333
"15376",0.116666666666667
"15377",0.116666666666667
"15378",0.115
"15379",0.116666666666667
"15380",0.118333333333333
"15381",0.115
"15382",0.118333333333333
"15383",0.116666666666667
"15384",0.118333333333333
"15385",0.116666666666667
"15386",0.116666666666667
"15387",0.116666666666667
"15388",0.116666666666667
"15389",0.12
"15390",0.118333333333333
"15391",0.118333333333333
"15392",0.116666666666667
"15393",0.116666666666667
"15394",0.115
"15395",0.116666666666667
"15396",0.118333333333333
"15397",0.115
"15398",0.118333333333333
"15399",0.116666666666667
"15400",0.118333333333333
"15401",0.116666666666667
"15402",0.116666666666667
"15403",0.116666666666667
"15404",0.116666666666667
"15405",0.12
"15406",0.118333333333333
"15407",0.118333333333333
"15408",0.116666666666667
"15409",0.116666666666667
"15410",0.115
"15411",0.116666666666667
"15412",0.118333333333333
"15413",0.115
"15414",0.118333333333333
"15415",0.116666666666667
"15416",0.118333333333333
"15417",0.116666666666667
"15418",0.116666666666667
"15419",0.116666666666667
"15420",0.116666666666667
"15421",0.12
"15422",0.118333333333333
"15423",0.118333333333333
"15424",0.116666666666667
"15425",0.116666666666667
"15426",0.115
"15427",0.116666666666667
"15428",0.118333333333333
"15429",0.115
"15430",0.118333333333333
"15431",0.116666666666667
"15432",0.118333333333333
"15433",0.116666666666667
"15434",0.116666666666667
"15435",0.12
"15436",0.12
"15437",0.123333333333333
"15438",0.121666666666667
"15439",0.121666666666667
"15440",0.12
"15441",0.12
"15442",0.118333333333333
"15443",0.12
"15444",0.121666666666667
"15445",0.118333333333333
"15446",0.121666666666667
"15447",0.12
"15448",0.121666666666667
"15449",0.12
"15450",0.12
"15451",0.116666666666667
"15452",0.116666666666667
"15453",0.12
"15454",0.118333333333333
"15455",0.118333333333333
"15456",0.116666666666667
"15457",0.116666666666667
"15458",0.115
"15459",0.116666666666667
"15460",0.118333333333333
"15461",0.115
"15462",0.118333333333333
"15463",0.116666666666667
"15464",0.118333333333333
"15465",0.116666666666667
"15466",0.116666666666667
"15467",0.118333333333333
"15468",0.118333333333333
"15469",0.121666666666667
"15470",0.12
"15471",0.12
"15472",0.118333333333333
"15473",0.118333333333333
"15474",0.116666666666667
"15475",0.118333333333333
"15476",0.12
"15477",0.116666666666667
"15478",0.12
"15479",0.118333333333333
"15480",0.12
"15481",0.118333333333333
"15482",0.118333333333333
"15483",0.116666666666667
"15484",0.116666666666667
"15485",0.12
"15486",0.118333333333333
"15487",0.118333333333333
"15488",0.116666666666667
"15489",0.116666666666667
"15490",0.115
"15491",0.116666666666667
"15492",0.118333333333333
"15493",0.115
"15494",0.118333333333333
"15495",0.116666666666667
"15496",0.118333333333333
"15497",0.116666666666667
"15498",0.116666666666667
"15499",0.116666666666667
"15500",0.116666666666667
"15501",0.12
"15502",0.118333333333333
"15503",0.118333333333333
"15504",0.116666666666667
"15505",0.116666666666667
"15506",0.115
"15507",0.116666666666667
"15508",0.118333333333333
"15509",0.115
"15510",0.118333333333333
"15511",0.116666666666667
"15512",0.118333333333333
"15513",0.116666666666667
"15514",0.116666666666667
"15515",0.116666666666667
"15516",0.116666666666667
"15517",0.12
"15518",0.118333333333333
"15519",0.118333333333333
"15520",0.116666666666667
"15521",0.116666666666667
"15522",0.115
"15523",0.116666666666667
"15524",0.118333333333333
"15525",0.115
"15526",0.118333333333333
"15527",0.116666666666667
"15528",0.118333333333333
"15529",0.116666666666667
"15530",0.116666666666667
"15531",0.116666666666667
"15532",0.116666666666667
"15533",0.12
"15534",0.118333333333333
"15535",0.118333333333333
"15536",0.116666666666667
"15537",0.116666666666667
"15538",0.115
"15539",0.116666666666667
"15540",0.118333333333333
"15541",0.115
"15542",0.118333333333333
"15543",0.116666666666667
"15544",0.118333333333333
"15545",0.116666666666667
"15546",0.116666666666667
"15547",0.116666666666667
"15548",0.116666666666667
"15549",0.12
"15550",0.118333333333333
"15551",0.118333333333333
"15552",0.116666666666667
"15553",0.116666666666667
"15554",0.115
"15555",0.116666666666667
"15556",0.118333333333333
"15557",0.115
"15558",0.118333333333333
"15559",0.116666666666667
"15560",0.118333333333333
"15561",0.116666666666667
"15562",0.116666666666667
"15563",0.116666666666667
"15564",0.116666666666667
"15565",0.12
"15566",0.118333333333333
"15567",0.118333333333333
"15568",0.116666666666667
"15569",0.116666666666667
"15570",0.115
"15571",0.116666666666667
"15572",0.118333333333333
"15573",0.115
"15574",0.118333333333333
"15575",0.116666666666667
"15576",0.118333333333333
"15577",0.116666666666667
"15578",0.116666666666667
"15579",0.116666666666667
"15580",0.116666666666667
"15581",0.12
"15582",0.118333333333333
"15583",0.118333333333333
"15584",0.116666666666667
"15585",0.116666666666667
"15586",0.115
"15587",0.116666666666667
"15588",0.118333333333333
"15589",0.115
"15590",0.118333333333333
"15591",0.116666666666667
"15592",0.118333333333333
"15593",0.116666666666667
"15594",0.116666666666667
"15595",0.118333333333333
"15596",0.118333333333333
"15597",0.121666666666667
"15598",0.12
"15599",0.12
"15600",0.118333333333333
"15601",0.118333333333333
"15602",0.116666666666667
"15603",0.118333333333333
"15604",0.12
"15605",0.116666666666667
"15606",0.12
"15607",0.118333333333333
"15608",0.12
"15609",0.118333333333333
"15610",0.118333333333333
"15611",0.116666666666667
"15612",0.116666666666667
"15613",0.12
"15614",0.118333333333333
"15615",0.118333333333333
"15616",0.116666666666667
"15617",0.116666666666667
"15618",0.115
"15619",0.116666666666667
"15620",0.118333333333333
"15621",0.115
"15622",0.118333333333333
"15623",0.116666666666667
"15624",0.118333333333333
"15625",0.116666666666667
"15626",0.116666666666667
"15627",0.118333333333333
"15628",0.118333333333333
"15629",0.121666666666667
"15630",0.12
"15631",0.12
"15632",0.118333333333333
"15633",0.118333333333333
"15634",0.116666666666667
"15635",0.118333333333333
"15636",0.12
"15637",0.116666666666667
"15638",0.12
"15639",0.118333333333333
"15640",0.12
"15641",0.118333333333333
"15642",0.118333333333333
"15643",0.115
"15644",0.115
"15645",0.118333333333333
"15646",0.116666666666667
"15647",0.116666666666667
"15648",0.115
"15649",0.115
"15650",0.113333333333333
"15651",0.115
"15652",0.116666666666667
"15653",0.113333333333333
"15654",0.116666666666667
"15655",0.115
"15656",0.116666666666667
"15657",0.115
"15658",0.115
"15659",0.116666666666667
"15660",0.116666666666667
"15661",0.12
"15662",0.118333333333333
"15663",0.118333333333333
"15664",0.116666666666667
"15665",0.116666666666667
"15666",0.115
"15667",0.116666666666667
"15668",0.118333333333333
"15669",0.115
"15670",0.118333333333333
"15671",0.116666666666667
"15672",0.118333333333333
"15673",0.116666666666667
"15674",0.116666666666667
"15675",0.116666666666667
"15676",0.116666666666667
"15677",0.12
"15678",0.118333333333333
"15679",0.118333333333333
"15680",0.116666666666667
"15681",0.116666666666667
"15682",0.115
"15683",0.116666666666667
"15684",0.118333333333333
"15685",0.115
"15686",0.118333333333333
"15687",0.116666666666667
"15688",0.118333333333333
"15689",0.116666666666667
"15690",0.116666666666667
"15691",0.116666666666667
"15692",0.116666666666667
"15693",0.12
"15694",0.118333333333333
"15695",0.118333333333333
"15696",0.116666666666667
"15697",0.116666666666667
"15698",0.115
"15699",0.116666666666667
"15700",0.118333333333333
"15701",0.115
"15702",0.118333333333333
"15703",0.116666666666667
"15704",0.118333333333333
"15705",0.116666666666667
"15706",0.116666666666667
"15707",0.115
"15708",0.115
"15709",0.118333333333333
"15710",0.116666666666667
"15711",0.116666666666667
"15712",0.115
"15713",0.115
"15714",0.113333333333333
"15715",0.115
"15716",0.116666666666667
"15717",0.113333333333333
"15718",0.116666666666667
"15719",0.115
"15720",0.116666666666667
"15721",0.115
"15722",0.115
"15723",0.116666666666667
"15724",0.116666666666667
"15725",0.12
"15726",0.118333333333333
"15727",0.118333333333333
"15728",0.116666666666667
"15729",0.116666666666667
"15730",0.115
"15731",0.116666666666667
"15732",0.118333333333333
"15733",0.115
"15734",0.118333333333333
"15735",0.116666666666667
"15736",0.118333333333333
"15737",0.116666666666667
"15738",0.116666666666667
"15739",0.116666666666667
"15740",0.116666666666667
"15741",0.12
"15742",0.118333333333333
"15743",0.118333333333333
"15744",0.116666666666667
"15745",0.116666666666667
"15746",0.115
"15747",0.116666666666667
"15748",0.118333333333333
"15749",0.115
"15750",0.118333333333333
"15751",0.116666666666667
"15752",0.118333333333333
"15753",0.116666666666667
"15754",0.116666666666667
"15755",0.116666666666667
"15756",0.116666666666667
"15757",0.12
"15758",0.118333333333333
"15759",0.118333333333333
"15760",0.116666666666667
"15761",0.116666666666667
"15762",0.115
"15763",0.116666666666667
"15764",0.118333333333333
"15765",0.115
"15766",0.118333333333333
"15767",0.116666666666667
"15768",0.118333333333333
"15769",0.116666666666667
"15770",0.116666666666667
"15771",0.116666666666667
"15772",0.116666666666667
"15773",0.12
"15774",0.118333333333333
"15775",0.118333333333333
"15776",0.116666666666667
"15777",0.116666666666667
"15778",0.115
"15779",0.116666666666667
"15780",0.118333333333333
"15781",0.115
"15782",0.118333333333333
"15783",0.116666666666667
"15784",0.118333333333333
"15785",0.116666666666667
"15786",0.116666666666667
"15787",0.116666666666667
"15788",0.116666666666667
"15789",0.12
"15790",0.118333333333333
"15791",0.118333333333333
"15792",0.116666666666667
"15793",0.116666666666667
"15794",0.115
"15795",0.116666666666667
"15796",0.118333333333333
"15797",0.115
"15798",0.118333333333333
"15799",0.116666666666667
"15800",0.118333333333333
"15801",0.116666666666667
"15802",0.116666666666667
"15803",0.116666666666667
"15804",0.116666666666667
"15805",0.12
"15806",0.118333333333333
"15807",0.118333333333333
"15808",0.116666666666667
"15809",0.116666666666667
"15810",0.115
"15811",0.116666666666667
"15812",0.118333333333333
"15813",0.115
"15814",0.118333333333333
"15815",0.116666666666667
"15816",0.118333333333333
"15817",0.116666666666667
"15818",0.116666666666667
"15819",0.116666666666667
"15820",0.116666666666667
"15821",0.12
"15822",0.118333333333333
"15823",0.118333333333333
"15824",0.116666666666667
"15825",0.116666666666667
"15826",0.115
"15827",0.116666666666667
"15828",0.118333333333333
"15829",0.115
"15830",0.118333333333333
"15831",0.116666666666667
"15832",0.118333333333333
"15833",0.116666666666667
"15834",0.116666666666667
"15835",0.115
"15836",0.115
"15837",0.118333333333333
"15838",0.116666666666667
"15839",0.116666666666667
"15840",0.115
"15841",0.115
"15842",0.113333333333333
"15843",0.115
"15844",0.116666666666667
"15845",0.113333333333333
"15846",0.116666666666667
"15847",0.115
"15848",0.116666666666667
"15849",0.115
"15850",0.115
"15851",0.116666666666667
"15852",0.116666666666667
"15853",0.12
"15854",0.118333333333333
"15855",0.118333333333333
"15856",0.116666666666667
"15857",0.116666666666667
"15858",0.115
"15859",0.116666666666667
"15860",0.118333333333333
"15861",0.115
"15862",0.118333333333333
"15863",0.116666666666667
"15864",0.118333333333333
"15865",0.116666666666667
"15866",0.116666666666667
"15867",0.116666666666667
"15868",0.116666666666667
"15869",0.12
"15870",0.118333333333333
"15871",0.118333333333333
"15872",0.116666666666667
"15873",0.116666666666667
"15874",0.115
"15875",0.116666666666667
"15876",0.118333333333333
"15877",0.115
"15878",0.118333333333333
"15879",0.116666666666667
"15880",0.118333333333333
"15881",0.116666666666667
"15882",0.116666666666667
"15883",0.118333333333333
"15884",0.118333333333333
"15885",0.121666666666667
"15886",0.12
"15887",0.12
"15888",0.118333333333333
"15889",0.118333333333333
"15890",0.116666666666667
"15891",0.118333333333333
"15892",0.12
"15893",0.116666666666667
"15894",0.12
"15895",0.118333333333333
"15896",0.12
"15897",0.118333333333333
"15898",0.118333333333333
"15899",0.116666666666667
"15900",0.116666666666667
"15901",0.12
"15902",0.118333333333333
"15903",0.118333333333333
"15904",0.116666666666667
"15905",0.116666666666667
"15906",0.115
"15907",0.116666666666667
"15908",0.118333333333333
"15909",0.115
"15910",0.118333333333333
"15911",0.116666666666667
"15912",0.118333333333333
"15913",0.116666666666667
"15914",0.116666666666667
"15915",0.116666666666667
"15916",0.116666666666667
"15917",0.12
"15918",0.118333333333333
"15919",0.118333333333333
"15920",0.116666666666667
"15921",0.116666666666667
"15922",0.115
"15923",0.116666666666667
"15924",0.118333333333333
"15925",0.115
"15926",0.118333333333333
"15927",0.116666666666667
"15928",0.118333333333333
"15929",0.116666666666667
"15930",0.116666666666667
"15931",0.116666666666667
"15932",0.116666666666667
"15933",0.12
"15934",0.118333333333333
"15935",0.118333333333333
"15936",0.116666666666667
"15937",0.116666666666667
"15938",0.115
"15939",0.116666666666667
"15940",0.118333333333333
"15941",0.115
"15942",0.118333333333333
"15943",0.116666666666667
"15944",0.118333333333333
"15945",0.116666666666667
"15946",0.116666666666667
"15947",0.116666666666667
"15948",0.116666666666667
"15949",0.12
"15950",0.118333333333333
"15951",0.118333333333333
"15952",0.116666666666667
"15953",0.116666666666667
"15954",0.115
"15955",0.116666666666667
"15956",0.118333333333333
"15957",0.115
"15958",0.118333333333333
"15959",0.116666666666667
"15960",0.118333333333333
"15961",0.116666666666667
"15962",0.116666666666667
"15963",0.116666666666667
"15964",0.116666666666667
"15965",0.12
"15966",0.118333333333333
"15967",0.118333333333333
"15968",0.116666666666667
"15969",0.116666666666667
"15970",0.115
"15971",0.116666666666667
"15972",0.118333333333333
"15973",0.115
"15974",0.118333333333333
"15975",0.116666666666667
"15976",0.118333333333333
"15977",0.116666666666667
"15978",0.116666666666667
"15979",0.116666666666667
"15980",0.116666666666667
"15981",0.12
"15982",0.118333333333333
"15983",0.118333333333333
"15984",0.116666666666667
"15985",0.116666666666667
"15986",0.115
"15987",0.116666666666667
"15988",0.118333333333333
"15989",0.115
"15990",0.118333333333333
"15991",0.116666666666667
"15992",0.118333333333333
"15993",0.116666666666667
"15994",0.116666666666667
"15995",0.116666666666667
"15996",0.116666666666667
"15997",0.12
"15998",0.118333333333333
"15999",0.118333333333333
"16000",0.116666666666667
"16001",0.116666666666667
"16002",0.115
"16003",0.116666666666667
"16004",0.118333333333333
"16005",0.115
"16006",0.118333333333333
"16007",0.116666666666667
"16008",0.118333333333333
"16009",0.116666666666667
"16010",0.116666666666667
"16011",0.116666666666667
"16012",0.116666666666667
"16013",0.12
"16014",0.118333333333333
"16015",0.118333333333333
"16016",0.116666666666667
"16017",0.116666666666667
"16018",0.115
"16019",0.116666666666667
"16020",0.118333333333333
"16021",0.115
"16022",0.118333333333333
"16023",0.116666666666667
"16024",0.118333333333333
"16025",0.116666666666667
"16026",0.116666666666667
"16027",0.116666666666667
"16028",0.116666666666667
"16029",0.12
"16030",0.118333333333333
"16031",0.118333333333333
"16032",0.116666666666667
"16033",0.116666666666667
"16034",0.115
"16035",0.116666666666667
"16036",0.118333333333333
"16037",0.115
"16038",0.118333333333333
"16039",0.116666666666667
"16040",0.118333333333333
"16041",0.116666666666667
"16042",0.116666666666667
"16043",0.116666666666667
"16044",0.116666666666667
"16045",0.12
"16046",0.118333333333333
"16047",0.118333333333333
"16048",0.116666666666667
"16049",0.116666666666667
"16050",0.115
"16051",0.116666666666667
"16052",0.118333333333333
"16053",0.115
"16054",0.118333333333333
"16055",0.116666666666667
"16056",0.118333333333333
"16057",0.116666666666667
"16058",0.116666666666667
"16059",0.116666666666667
"16060",0.116666666666667
"16061",0.12
"16062",0.118333333333333
"16063",0.118333333333333
"16064",0.116666666666667
"16065",0.116666666666667
"16066",0.115
"16067",0.116666666666667
"16068",0.118333333333333
"16069",0.115
"16070",0.118333333333333
"16071",0.116666666666667
"16072",0.118333333333333
"16073",0.116666666666667
"16074",0.116666666666667
"16075",0.116666666666667
"16076",0.116666666666667
"16077",0.12
"16078",0.118333333333333
"16079",0.118333333333333
"16080",0.116666666666667
"16081",0.116666666666667
"16082",0.115
"16083",0.116666666666667
"16084",0.118333333333333
"16085",0.115
"16086",0.118333333333333
"16087",0.116666666666667
"16088",0.118333333333333
"16089",0.116666666666667
"16090",0.116666666666667
"16091",0.115
"16092",0.115
"16093",0.118333333333333
"16094",0.116666666666667
"16095",0.116666666666667
"16096",0.115
"16097",0.115
"16098",0.113333333333333
"16099",0.115
"16100",0.116666666666667
"16101",0.113333333333333
"16102",0.116666666666667
"16103",0.115
"16104",0.116666666666667
"16105",0.115
"16106",0.115
"16107",0.116666666666667
"16108",0.116666666666667
"16109",0.12
"16110",0.118333333333333
"16111",0.118333333333333
"16112",0.116666666666667
"16113",0.116666666666667
"16114",0.115
"16115",0.116666666666667
"16116",0.118333333333333
"16117",0.115
"16118",0.118333333333333
"16119",0.116666666666667
"16120",0.118333333333333
"16121",0.116666666666667
"16122",0.116666666666667
"16123",0.116666666666667
"16124",0.116666666666667
"16125",0.12
"16126",0.118333333333333
"16127",0.118333333333333
"16128",0.116666666666667
"16129",0.116666666666667
"16130",0.115
"16131",0.116666666666667
"16132",0.118333333333333
"16133",0.115
"16134",0.118333333333333
"16135",0.116666666666667
"16136",0.118333333333333
"16137",0.116666666666667
"16138",0.116666666666667
"16139",0.116666666666667
"16140",0.116666666666667
"16141",0.12
"16142",0.118333333333333
"16143",0.118333333333333
"16144",0.116666666666667
"16145",0.116666666666667
"16146",0.115
"16147",0.116666666666667
"16148",0.118333333333333
"16149",0.115
"16150",0.118333333333333
"16151",0.116666666666667
"16152",0.118333333333333
"16153",0.116666666666667
"16154",0.116666666666667
"16155",0.116666666666667
"16156",0.116666666666667
"16157",0.12
"16158",0.118333333333333
"16159",0.118333333333333
"16160",0.116666666666667
"16161",0.116666666666667
"16162",0.115
"16163",0.116666666666667
"16164",0.118333333333333
"16165",0.115
"16166",0.118333333333333
"16167",0.116666666666667
"16168",0.118333333333333
"16169",0.116666666666667
"16170",0.116666666666667
"16171",0.118333333333333
"16172",0.118333333333333
"16173",0.121666666666667
"16174",0.12
"16175",0.12
"16176",0.118333333333333
"16177",0.118333333333333
"16178",0.116666666666667
"16179",0.118333333333333
"16180",0.12
"16181",0.116666666666667
"16182",0.12
"16183",0.118333333333333
"16184",0.12
"16185",0.118333333333333
"16186",0.118333333333333
"16187",0.118333333333333
"16188",0.118333333333333
"16189",0.121666666666667
"16190",0.12
"16191",0.12
"16192",0.118333333333333
"16193",0.118333333333333
"16194",0.116666666666667
"16195",0.118333333333333
"16196",0.12
"16197",0.116666666666667
"16198",0.12
"16199",0.118333333333333
"16200",0.12
"16201",0.118333333333333
"16202",0.118333333333333
"16203",0.116666666666667
"16204",0.116666666666667
"16205",0.12
"16206",0.118333333333333
"16207",0.118333333333333
"16208",0.116666666666667
"16209",0.116666666666667
"16210",0.115
"16211",0.116666666666667
"16212",0.118333333333333
"16213",0.115
"16214",0.118333333333333
"16215",0.116666666666667
"16216",0.118333333333333
"16217",0.116666666666667
"16218",0.116666666666667
"16219",0.116666666666667
"16220",0.116666666666667
"16221",0.12
"16222",0.118333333333333
"16223",0.118333333333333
"16224",0.116666666666667
"16225",0.116666666666667
"16226",0.115
"16227",0.116666666666667
"16228",0.118333333333333
"16229",0.115
"16230",0.118333333333333
"16231",0.116666666666667
"16232",0.118333333333333
"16233",0.116666666666667
"16234",0.116666666666667
"16235",0.116666666666667
"16236",0.116666666666667
"16237",0.12
"16238",0.118333333333333
"16239",0.118333333333333
"16240",0.116666666666667
"16241",0.116666666666667
"16242",0.115
"16243",0.116666666666667
"16244",0.118333333333333
"16245",0.115
"16246",0.118333333333333
"16247",0.116666666666667
"16248",0.118333333333333
"16249",0.116666666666667
"16250",0.116666666666667
"16251",0.115
"16252",0.115
"16253",0.118333333333333
"16254",0.116666666666667
"16255",0.116666666666667
"16256",0.115
"16257",0.115
"16258",0.113333333333333
"16259",0.115
"16260",0.116666666666667
"16261",0.113333333333333
"16262",0.116666666666667
"16263",0.115
"16264",0.116666666666667
"16265",0.115
"16266",0.115
"16267",0.116666666666667
"16268",0.116666666666667
"16269",0.12
"16270",0.118333333333333
"16271",0.118333333333333
"16272",0.116666666666667
"16273",0.116666666666667
"16274",0.115
"16275",0.116666666666667
"16276",0.118333333333333
"16277",0.115
"16278",0.118333333333333
"16279",0.116666666666667
"16280",0.118333333333333
"16281",0.116666666666667
"16282",0.116666666666667
"16283",0.116666666666667
"16284",0.116666666666667
"16285",0.12
"16286",0.118333333333333
"16287",0.118333333333333
"16288",0.116666666666667
"16289",0.116666666666667
"16290",0.115
"16291",0.116666666666667
"16292",0.118333333333333
"16293",0.115
"16294",0.118333333333333
"16295",0.116666666666667
"16296",0.118333333333333
"16297",0.116666666666667
"16298",0.116666666666667
"16299",0.116666666666667
"16300",0.116666666666667
"16301",0.12
"16302",0.118333333333333
"16303",0.118333333333333
"16304",0.116666666666667
"16305",0.116666666666667
"16306",0.115
"16307",0.116666666666667
"16308",0.118333333333333
"16309",0.115
"16310",0.118333333333333
"16311",0.116666666666667
"16312",0.118333333333333
"16313",0.116666666666667
"16314",0.116666666666667
"16315",0.116666666666667
"16316",0.116666666666667
"16317",0.12
"16318",0.118333333333333
"16319",0.118333333333333
"16320",0.116666666666667
"16321",0.116666666666667
"16322",0.115
"16323",0.116666666666667
"16324",0.118333333333333
"16325",0.115
"16326",0.118333333333333
"16327",0.116666666666667
"16328",0.118333333333333
"16329",0.116666666666667
"16330",0.116666666666667
"16331",0.116666666666667
"16332",0.116666666666667
"16333",0.12
"16334",0.118333333333333
"16335",0.118333333333333
"16336",0.116666666666667
"16337",0.116666666666667
"16338",0.115
"16339",0.116666666666667
"16340",0.118333333333333
"16341",0.115
"16342",0.118333333333333
"16343",0.116666666666667
"16344",0.118333333333333
"16345",0.116666666666667
"16346",0.116666666666667
"16347",0.116666666666667
"16348",0.116666666666667
"16349",0.12
"16350",0.118333333333333
"16351",0.118333333333333
"16352",0.116666666666667
"16353",0.116666666666667
"16354",0.115
"16355",0.116666666666667
"16356",0.118333333333333
"16357",0.115
"16358",0.118333333333333
"16359",0.116666666666667
"16360",0.118333333333333
"16361",0.116666666666667
"16362",0.116666666666667
"16363",0.116666666666667
"16364",0.116666666666667
"16365",0.12
"16366",0.118333333333333
"16367",0.118333333333333
"16368",0.116666666666667
"16369",0.116666666666667
"16370",0.115
"16371",0.116666666666667
"16372",0.118333333333333
"16373",0.115
"16374",0.118333333333333
"16375",0.116666666666667
"16376",0.118333333333333
"16377",0.116666666666667
"16378",0.116666666666667
"16379",0.116666666666667
"16380",0.116666666666667
"16381",0.12
"16382",0.118333333333333
"16383",0.118333333333333
"16384",0.116666666666667
"16385",0.116666666666667
"16386",0.115
"16387",0.116666666666667
"16388",0.118333333333333
"16389",0.115
"16390",0.118333333333333
"16391",0.116666666666667
"16392",0.118333333333333
"16393",0.116666666666667
"16394",0.116666666666667
"16395",0.116666666666667
"16396",0.116666666666667
"16397",0.12
"16398",0.118333333333333
"16399",0.118333333333333
"16400",0.116666666666667
"16401",0.116666666666667
"16402",0.115
"16403",0.116666666666667
"16404",0.118333333333333
"16405",0.115
"16406",0.118333333333333
"16407",0.116666666666667
"16408",0.118333333333333
"16409",0.116666666666667
"16410",0.116666666666667
"16411",0.116666666666667
"16412",0.116666666666667
"16413",0.12
"16414",0.118333333333333
"16415",0.118333333333333
"16416",0.116666666666667
"16417",0.116666666666667
"16418",0.115
"16419",0.116666666666667
"16420",0.118333333333333
"16421",0.115
"16422",0.118333333333333
"16423",0.116666666666667
"16424",0.118333333333333
"16425",0.116666666666667
"16426",0.116666666666667
"16427",0.116666666666667
"16428",0.116666666666667
"16429",0.12
"16430",0.118333333333333
"16431",0.118333333333333
"16432",0.116666666666667
"16433",0.116666666666667
"16434",0.115
"16435",0.116666666666667
"16436",0.118333333333333
"16437",0.115
"16438",0.118333333333333
"16439",0.116666666666667
"16440",0.118333333333333
"16441",0.116666666666667
"16442",0.116666666666667
"16443",0.116666666666667
"16444",0.116666666666667
"16445",0.12
"16446",0.118333333333333
"16447",0.118333333333333
"16448",0.116666666666667
"16449",0.116666666666667
"16450",0.115
"16451",0.116666666666667
"16452",0.118333333333333
"16453",0.115
"16454",0.118333333333333
"16455",0.116666666666667
"16456",0.118333333333333
"16457",0.116666666666667
"16458",0.116666666666667
"16459",0.118333333333333
"16460",0.118333333333333
"16461",0.121666666666667
"16462",0.12
"16463",0.12
"16464",0.118333333333333
"16465",0.118333333333333
"16466",0.116666666666667
"16467",0.118333333333333
"16468",0.12
"16469",0.116666666666667
"16470",0.12
"16471",0.118333333333333
"16472",0.12
"16473",0.118333333333333
"16474",0.118333333333333
"16475",0.116666666666667
"16476",0.116666666666667
"16477",0.12
"16478",0.118333333333333
"16479",0.118333333333333
"16480",0.116666666666667
"16481",0.116666666666667
"16482",0.115
"16483",0.116666666666667
"16484",0.118333333333333
"16485",0.115
"16486",0.118333333333333
"16487",0.116666666666667
"16488",0.118333333333333
"16489",0.116666666666667
"16490",0.116666666666667
"16491",0.116666666666667
"16492",0.116666666666667
"16493",0.12
"16494",0.118333333333333
"16495",0.118333333333333
"16496",0.116666666666667
"16497",0.116666666666667
"16498",0.115
"16499",0.116666666666667
"16500",0.118333333333333
"16501",0.115
"16502",0.118333333333333
"16503",0.116666666666667
"16504",0.118333333333333
"16505",0.116666666666667
"16506",0.116666666666667
"16507",0.116666666666667
"16508",0.116666666666667
"16509",0.12
"16510",0.118333333333333
"16511",0.118333333333333
"16512",0.116666666666667
"16513",0.116666666666667
"16514",0.115
"16515",0.116666666666667
"16516",0.118333333333333
"16517",0.115
"16518",0.118333333333333
"16519",0.116666666666667
"16520",0.118333333333333
"16521",0.116666666666667
"16522",0.116666666666667
"16523",0.116666666666667
"16524",0.116666666666667
"16525",0.12
"16526",0.118333333333333
"16527",0.118333333333333
"16528",0.116666666666667
"16529",0.116666666666667
"16530",0.115
"16531",0.116666666666667
"16532",0.118333333333333
"16533",0.115
"16534",0.118333333333333
"16535",0.116666666666667
"16536",0.118333333333333
"16537",0.116666666666667
"16538",0.116666666666667
"16539",0.116666666666667
"16540",0.116666666666667
"16541",0.12
"16542",0.118333333333333
"16543",0.118333333333333
"16544",0.116666666666667
"16545",0.116666666666667
"16546",0.115
"16547",0.116666666666667
"16548",0.118333333333333
"16549",0.115
"16550",0.118333333333333
"16551",0.116666666666667
"16552",0.118333333333333
"16553",0.116666666666667
"16554",0.116666666666667
"16555",0.116666666666667
"16556",0.116666666666667
"16557",0.12
"16558",0.118333333333333
"16559",0.118333333333333
"16560",0.116666666666667
"16561",0.116666666666667
"16562",0.115
"16563",0.116666666666667
"16564",0.118333333333333
"16565",0.115
"16566",0.118333333333333
"16567",0.116666666666667
"16568",0.118333333333333
"16569",0.116666666666667
"16570",0.116666666666667
"16571",0.116666666666667
"16572",0.116666666666667
"16573",0.12
"16574",0.118333333333333
"16575",0.118333333333333
"16576",0.116666666666667
"16577",0.116666666666667
"16578",0.115
"16579",0.116666666666667
"16580",0.118333333333333
"16581",0.115
"16582",0.118333333333333
"16583",0.116666666666667
"16584",0.118333333333333
"16585",0.116666666666667
"16586",0.116666666666667
"16587",0.116666666666667
"16588",0.116666666666667
"16589",0.12
"16590",0.118333333333333
"16591",0.118333333333333
"16592",0.116666666666667
"16593",0.116666666666667
"16594",0.115
"16595",0.116666666666667
"16596",0.118333333333333
"16597",0.115
"16598",0.118333333333333
"16599",0.116666666666667
"16600",0.118333333333333
"16601",0.116666666666667
"16602",0.116666666666667
"16603",0.116666666666667
"16604",0.116666666666667
"16605",0.12
"16606",0.118333333333333
"16607",0.118333333333333
"16608",0.116666666666667
"16609",0.116666666666667
"16610",0.115
"16611",0.116666666666667
"16612",0.118333333333333
"16613",0.115
"16614",0.118333333333333
"16615",0.116666666666667
"16616",0.118333333333333
"16617",0.116666666666667
"16618",0.116666666666667
"16619",0.116666666666667
"16620",0.116666666666667
"16621",0.12
"16622",0.118333333333333
"16623",0.118333333333333
"16624",0.116666666666667
"16625",0.116666666666667
"16626",0.115
"16627",0.116666666666667
"16628",0.118333333333333
"16629",0.115
"16630",0.118333333333333
"16631",0.116666666666667
"16632",0.118333333333333
"16633",0.116666666666667
"16634",0.116666666666667
"16635",0.116666666666667
"16636",0.116666666666667
"16637",0.12
"16638",0.118333333333333
"16639",0.118333333333333
"16640",0.116666666666667
"16641",0.116666666666667
"16642",0.115
"16643",0.116666666666667
"16644",0.118333333333333
"16645",0.115
"16646",0.118333333333333
"16647",0.116666666666667
"16648",0.118333333333333
"16649",0.116666666666667
"16650",0.116666666666667
"16651",0.116666666666667
"16652",0.116666666666667
"16653",0.12
"16654",0.118333333333333
"16655",0.118333333333333
"16656",0.116666666666667
"16657",0.116666666666667
"16658",0.115
"16659",0.116666666666667
"16660",0.118333333333333
"16661",0.115
"16662",0.118333333333333
"16663",0.116666666666667
"16664",0.118333333333333
"16665",0.116666666666667
"16666",0.116666666666667
"16667",0.116666666666667
"16668",0.116666666666667
"16669",0.12
"16670",0.118333333333333
"16671",0.118333333333333
"16672",0.116666666666667
"16673",0.116666666666667
"16674",0.115
"16675",0.116666666666667
"16676",0.118333333333333
"16677",0.115
"16678",0.118333333333333
"16679",0.116666666666667
"16680",0.118333333333333
"16681",0.116666666666667
"16682",0.116666666666667
"16683",0.115
"16684",0.115
"16685",0.118333333333333
"16686",0.116666666666667
"16687",0.116666666666667
"16688",0.115
"16689",0.115
"16690",0.113333333333333
"16691",0.115
"16692",0.116666666666667
"16693",0.113333333333333
"16694",0.116666666666667
"16695",0.115
"16696",0.116666666666667
"16697",0.115
"16698",0.115
"16699",0.116666666666667
"16700",0.116666666666667
"16701",0.12
"16702",0.118333333333333
"16703",0.118333333333333
"16704",0.116666666666667
"16705",0.116666666666667
"16706",0.115
"16707",0.116666666666667
"16708",0.118333333333333
"16709",0.115
"16710",0.118333333333333
"16711",0.116666666666667
"16712",0.118333333333333
"16713",0.116666666666667
"16714",0.116666666666667
"16715",0.115
"16716",0.115
"16717",0.118333333333333
"16718",0.116666666666667
"16719",0.116666666666667
"16720",0.115
"16721",0.115
"16722",0.113333333333333
"16723",0.115
"16724",0.116666666666667
"16725",0.113333333333333
"16726",0.116666666666667
"16727",0.115
"16728",0.116666666666667
"16729",0.115
"16730",0.115
"16731",0.116666666666667
"16732",0.116666666666667
"16733",0.12
"16734",0.118333333333333
"16735",0.118333333333333
"16736",0.116666666666667
"16737",0.116666666666667
"16738",0.115
"16739",0.116666666666667
"16740",0.118333333333333
"16741",0.115
"16742",0.118333333333333
"16743",0.116666666666667
"16744",0.118333333333333
"16745",0.116666666666667
"16746",0.116666666666667
"16747",0.116666666666667
"16748",0.116666666666667
"16749",0.12
"16750",0.118333333333333
"16751",0.118333333333333
"16752",0.116666666666667
"16753",0.116666666666667
"16754",0.115
"16755",0.116666666666667
"16756",0.118333333333333
"16757",0.115
"16758",0.118333333333333
"16759",0.116666666666667
"16760",0.118333333333333
"16761",0.116666666666667
"16762",0.116666666666667
"16763",0.116666666666667
"16764",0.116666666666667
"16765",0.12
"16766",0.118333333333333
"16767",0.118333333333333
"16768",0.116666666666667
"16769",0.116666666666667
"16770",0.115
"16771",0.116666666666667
"16772",0.118333333333333
"16773",0.115
"16774",0.118333333333333
"16775",0.116666666666667
"16776",0.118333333333333
"16777",0.116666666666667
"16778",0.116666666666667
"16779",0.116666666666667
"16780",0.116666666666667
"16781",0.12
"16782",0.118333333333333
"16783",0.118333333333333
"16784",0.116666666666667
"16785",0.116666666666667
"16786",0.115
"16787",0.116666666666667
"16788",0.118333333333333
"16789",0.115
"16790",0.118333333333333
"16791",0.116666666666667
"16792",0.118333333333333
"16793",0.116666666666667
"16794",0.116666666666667
"16795",0.116666666666667
"16796",0.116666666666667
"16797",0.12
"16798",0.118333333333333
"16799",0.118333333333333
"16800",0.116666666666667
"16801",0.116666666666667
"16802",0.115
"16803",0.116666666666667
"16804",0.118333333333333
"16805",0.115
"16806",0.118333333333333
"16807",0.116666666666667
"16808",0.118333333333333
"16809",0.116666666666667
"16810",0.116666666666667
"16811",0.118333333333333
"16812",0.118333333333333
"16813",0.121666666666667
"16814",0.12
"16815",0.12
"16816",0.118333333333333
"16817",0.118333333333333
"16818",0.116666666666667
"16819",0.118333333333333
"16820",0.12
"16821",0.116666666666667
"16822",0.12
"16823",0.118333333333333
"16824",0.12
"16825",0.118333333333333
"16826",0.118333333333333
"16827",0.118333333333333
"16828",0.118333333333333
"16829",0.121666666666667
"16830",0.12
"16831",0.12
"16832",0.118333333333333
"16833",0.118333333333333
"16834",0.116666666666667
"16835",0.118333333333333
"16836",0.12
"16837",0.116666666666667
"16838",0.12
"16839",0.118333333333333
"16840",0.12
"16841",0.118333333333333
"16842",0.118333333333333
"16843",0.115
"16844",0.115
"16845",0.118333333333333
"16846",0.116666666666667
"16847",0.116666666666667
"16848",0.115
"16849",0.115
"16850",0.113333333333333
"16851",0.115
"16852",0.116666666666667
"16853",0.113333333333333
"16854",0.116666666666667
"16855",0.115
"16856",0.116666666666667
"16857",0.115
"16858",0.115
"16859",0.116666666666667
"16860",0.116666666666667
"16861",0.12
"16862",0.118333333333333
"16863",0.118333333333333
"16864",0.116666666666667
"16865",0.116666666666667
"16866",0.115
"16867",0.116666666666667
"16868",0.118333333333333
"16869",0.115
"16870",0.118333333333333
"16871",0.116666666666667
"16872",0.118333333333333
"16873",0.116666666666667
"16874",0.116666666666667
"16875",0.116666666666667
"16876",0.116666666666667
"16877",0.12
"16878",0.118333333333333
"16879",0.118333333333333
"16880",0.116666666666667
"16881",0.116666666666667
"16882",0.115
"16883",0.116666666666667
"16884",0.118333333333333
"16885",0.115
"16886",0.118333333333333
"16887",0.116666666666667
"16888",0.118333333333333
"16889",0.116666666666667
"16890",0.116666666666667
"16891",0.116666666666667
"16892",0.116666666666667
"16893",0.12
"16894",0.118333333333333
"16895",0.118333333333333
"16896",0.116666666666667
"16897",0.116666666666667
"16898",0.115
"16899",0.116666666666667
"16900",0.118333333333333
"16901",0.115
"16902",0.118333333333333
"16903",0.116666666666667
"16904",0.118333333333333
"16905",0.116666666666667
"16906",0.116666666666667
"16907",0.116666666666667
"16908",0.116666666666667
"16909",0.12
"16910",0.118333333333333
"16911",0.118333333333333
"16912",0.116666666666667
"16913",0.116666666666667
"16914",0.115
"16915",0.116666666666667
"16916",0.118333333333333
"16917",0.115
"16918",0.118333333333333
"16919",0.116666666666667
"16920",0.118333333333333
"16921",0.116666666666667
"16922",0.116666666666667
"16923",0.116666666666667
"16924",0.116666666666667
"16925",0.12
"16926",0.118333333333333
"16927",0.118333333333333
"16928",0.116666666666667
"16929",0.116666666666667
"16930",0.115
"16931",0.116666666666667
"16932",0.118333333333333
"16933",0.115
"16934",0.118333333333333
"16935",0.116666666666667
"16936",0.118333333333333
"16937",0.116666666666667
"16938",0.116666666666667
"16939",0.116666666666667
"16940",0.116666666666667
"16941",0.12
"16942",0.118333333333333
"16943",0.118333333333333
"16944",0.116666666666667
"16945",0.116666666666667
"16946",0.115
"16947",0.116666666666667
"16948",0.118333333333333
"16949",0.115
"16950",0.118333333333333
"16951",0.116666666666667
"16952",0.118333333333333
"16953",0.116666666666667
"16954",0.116666666666667
"16955",0.116666666666667
"16956",0.116666666666667
"16957",0.12
"16958",0.118333333333333
"16959",0.118333333333333
"16960",0.116666666666667
"16961",0.116666666666667
"16962",0.115
"16963",0.116666666666667
"16964",0.118333333333333
"16965",0.115
"16966",0.118333333333333
"16967",0.116666666666667
"16968",0.118333333333333
"16969",0.116666666666667
"16970",0.116666666666667
"16971",0.106666666666667
"16972",0.108333333333333
"16973",0.106666666666667
"16974",0.108333333333333
"16975",0.108333333333333
"16976",0.106666666666667
"16977",0.106666666666667
"16978",0.105
"16979",0.106666666666667
"16980",0.108333333333333
"16981",0.105
"16982",0.108333333333333
"16983",0.108333333333333
"16984",0.11
"16985",0.11
"16986",0.11
"16987",0.115
"16988",0.116666666666667
"16989",0.115
"16990",0.116666666666667
"16991",0.116666666666667
"16992",0.115
"16993",0.115
"16994",0.113333333333333
"16995",0.115
"16996",0.116666666666667
"16997",0.113333333333333
"16998",0.116666666666667
"16999",0.116666666666667
"17000",0.118333333333333
"17001",0.115
"17002",0.115
"17003",0.115
"17004",0.116666666666667
"17005",0.115
"17006",0.116666666666667
"17007",0.116666666666667
"17008",0.115
"17009",0.115
"17010",0.113333333333333
"17011",0.115
"17012",0.116666666666667
"17013",0.113333333333333
"17014",0.116666666666667
"17015",0.116666666666667
"17016",0.118333333333333
"17017",0.115
"17018",0.115
"17019",0.115
"17020",0.116666666666667
"17021",0.115
"17022",0.116666666666667
"17023",0.116666666666667
"17024",0.115
"17025",0.115
"17026",0.113333333333333
"17027",0.115
"17028",0.116666666666667
"17029",0.113333333333333
"17030",0.116666666666667
"17031",0.116666666666667
"17032",0.118333333333333
"17033",0.115
"17034",0.115
"17035",0.115
"17036",0.116666666666667
"17037",0.115
"17038",0.116666666666667
"17039",0.116666666666667
"17040",0.115
"17041",0.115
"17042",0.113333333333333
"17043",0.115
"17044",0.116666666666667
"17045",0.113333333333333
"17046",0.116666666666667
"17047",0.116666666666667
"17048",0.118333333333333
"17049",0.115
"17050",0.115
"17051",0.116666666666667
"17052",0.118333333333333
"17053",0.116666666666667
"17054",0.118333333333333
"17055",0.118333333333333
"17056",0.116666666666667
"17057",0.116666666666667
"17058",0.115
"17059",0.116666666666667
"17060",0.118333333333333
"17061",0.115
"17062",0.118333333333333
"17063",0.118333333333333
"17064",0.12
"17065",0.116666666666667
"17066",0.116666666666667
"17067",0.115
"17068",0.116666666666667
"17069",0.115
"17070",0.116666666666667
"17071",0.116666666666667
"17072",0.115
"17073",0.115
"17074",0.113333333333333
"17075",0.115
"17076",0.116666666666667
"17077",0.113333333333333
"17078",0.116666666666667
"17079",0.116666666666667
"17080",0.118333333333333
"17081",0.115
"17082",0.115
"17083",0.0216666666666667
"17084",0.0216666666666667
"17085",0.0216666666666667
"17086",0.0233333333333333
"17087",0.0233333333333333
"17088",0.0216666666666667
"17089",0.0216666666666667
"17090",0.02
"17091",0.0216666666666667
"17092",0.0233333333333333
"17093",0.02
"17094",0.0233333333333333
"17095",0.0216666666666667
"17096",0.025
"17097",0.0216666666666667
"17098",0.0216666666666667
"17099",0.0216666666666667
"17100",0.0216666666666667
"17101",0.0216666666666667
"17102",0.0233333333333333
"17103",0.0233333333333333
"17104",0.0216666666666667
"17105",0.0216666666666667
"17106",0.02
"17107",0.0216666666666667
"17108",0.0233333333333333
"17109",0.02
"17110",0.0233333333333333
"17111",0.0216666666666667
"17112",0.025
"17113",0.0216666666666667
"17114",0.0216666666666667
"17115",0.116666666666667
"17116",0.118333333333333
"17117",0.116666666666667
"17118",0.118333333333333
"17119",0.118333333333333
"17120",0.116666666666667
"17121",0.116666666666667
"17122",0.115
"17123",0.116666666666667
"17124",0.118333333333333
"17125",0.115
"17126",0.118333333333333
"17127",0.118333333333333
"17128",0.12
"17129",0.115
"17130",0.12
"17131",0.103333333333333
"17132",0.105
"17133",0.103333333333333
"17134",0.105
"17135",0.105
"17136",0.103333333333333
"17137",0.103333333333333
"17138",0.103333333333333
"17139",0.103333333333333
"17140",0.105
"17141",0.103333333333333
"17142",0.105
"17143",0.105
"17144",0.106666666666667
"17145",0.105
"17146",0.103333333333333
"17147",0.113333333333333
"17148",0.113333333333333
"17149",0.113333333333333
"17150",0.115
"17151",0.115
"17152",0.113333333333333
"17153",0.113333333333333
"17154",0.111666666666667
"17155",0.113333333333333
"17156",0.115
"17157",0.111666666666667
"17158",0.115
"17159",0.113333333333333
"17160",0.115
"17161",0.113333333333333
"17162",0.113333333333333
"17163",0.115
"17164",0.115
"17165",0.115
"17166",0.116666666666667
"17167",0.116666666666667
"17168",0.115
"17169",0.115
"17170",0.113333333333333
"17171",0.115
"17172",0.116666666666667
"17173",0.113333333333333
"17174",0.116666666666667
"17175",0.115
"17176",0.116666666666667
"17177",0.115
"17178",0.115
"17179",0.113333333333333
"17180",0.113333333333333
"17181",0.113333333333333
"17182",0.115
"17183",0.115
"17184",0.113333333333333
"17185",0.113333333333333
"17186",0.111666666666667
"17187",0.113333333333333
"17188",0.115
"17189",0.111666666666667
"17190",0.115
"17191",0.113333333333333
"17192",0.115
"17193",0.113333333333333
"17194",0.113333333333333
"17195",0.113333333333333
"17196",0.113333333333333
"17197",0.113333333333333
"17198",0.115
"17199",0.115
"17200",0.113333333333333
"17201",0.113333333333333
"17202",0.111666666666667
"17203",0.113333333333333
"17204",0.115
"17205",0.111666666666667
"17206",0.115
"17207",0.113333333333333
"17208",0.115
"17209",0.113333333333333
"17210",0.113333333333333
"17211",0.113333333333333
"17212",0.113333333333333
"17213",0.113333333333333
"17214",0.115
"17215",0.115
"17216",0.113333333333333
"17217",0.113333333333333
"17218",0.111666666666667
"17219",0.113333333333333
"17220",0.115
"17221",0.111666666666667
"17222",0.115
"17223",0.113333333333333
"17224",0.115
"17225",0.113333333333333
"17226",0.113333333333333
"17227",0.113333333333333
"17228",0.113333333333333
"17229",0.113333333333333
"17230",0.115
"17231",0.115
"17232",0.113333333333333
"17233",0.113333333333333
"17234",0.111666666666667
"17235",0.113333333333333
"17236",0.115
"17237",0.111666666666667
"17238",0.115
"17239",0.113333333333333
"17240",0.115
"17241",0.113333333333333
"17242",0.113333333333333
"17243",0.113333333333333
"17244",0.113333333333333
"17245",0.113333333333333
"17246",0.115
"17247",0.115
"17248",0.113333333333333
"17249",0.113333333333333
"17250",0.111666666666667
"17251",0.113333333333333
"17252",0.115
"17253",0.111666666666667
"17254",0.115
"17255",0.113333333333333
"17256",0.115
"17257",0.113333333333333
"17258",0.113333333333333
"17259",0.113333333333333
"17260",0.113333333333333
"17261",0.113333333333333
"17262",0.115
"17263",0.115
"17264",0.113333333333333
"17265",0.113333333333333
"17266",0.111666666666667
"17267",0.113333333333333
"17268",0.115
"17269",0.111666666666667
"17270",0.115
"17271",0.113333333333333
"17272",0.115
"17273",0.113333333333333
"17274",0.113333333333333
"17275",0.113333333333333
"17276",0.113333333333333
"17277",0.113333333333333
"17278",0.115
"17279",0.115
"17280",0.113333333333333
"17281",0.113333333333333
"17282",0.111666666666667
"17283",0.113333333333333
"17284",0.115
"17285",0.111666666666667
"17286",0.115
"17287",0.113333333333333
"17288",0.115
"17289",0.113333333333333
"17290",0.113333333333333
"17291",0.111666666666667
"17292",0.111666666666667
"17293",0.111666666666667
"17294",0.113333333333333
"17295",0.113333333333333
"17296",0.111666666666667
"17297",0.111666666666667
"17298",0.113333333333333
"17299",0.111666666666667
"17300",0.113333333333333
"17301",0.113333333333333
"17302",0.113333333333333
"17303",0.111666666666667
"17304",0.113333333333333
"17305",0.111666666666667
"17306",0.111666666666667
"17307",0.111666666666667
"17308",0.111666666666667
"17309",0.111666666666667
"17310",0.113333333333333
"17311",0.113333333333333
"17312",0.111666666666667
"17313",0.111666666666667
"17314",0.11
"17315",0.111666666666667
"17316",0.113333333333333
"17317",0.11
"17318",0.113333333333333
"17319",0.111666666666667
"17320",0.113333333333333
"17321",0.111666666666667
"17322",0.111666666666667
"17323",0.113333333333333
"17324",0.113333333333333
"17325",0.113333333333333
"17326",0.115
"17327",0.115
"17328",0.113333333333333
"17329",0.113333333333333
"17330",0.111666666666667
"17331",0.113333333333333
"17332",0.115
"17333",0.111666666666667
"17334",0.115
"17335",0.113333333333333
"17336",0.115
"17337",0.113333333333333
"17338",0.113333333333333
"17339",0.113333333333333
"17340",0.113333333333333
"17341",0.113333333333333
"17342",0.115
"17343",0.115
"17344",0.113333333333333
"17345",0.113333333333333
"17346",0.111666666666667
"17347",0.113333333333333
"17348",0.115
"17349",0.111666666666667
"17350",0.115
"17351",0.113333333333333
"17352",0.115
"17353",0.113333333333333
"17354",0.113333333333333
"17355",0.113333333333333
"17356",0.113333333333333
"17357",0.113333333333333
"17358",0.115
"17359",0.115
"17360",0.113333333333333
"17361",0.113333333333333
"17362",0.111666666666667
"17363",0.113333333333333
"17364",0.115
"17365",0.111666666666667
"17366",0.115
"17367",0.113333333333333
"17368",0.115
"17369",0.113333333333333
"17370",0.113333333333333
"17371",0.113333333333333
"17372",0.113333333333333
"17373",0.113333333333333
"17374",0.115
"17375",0.115
"17376",0.113333333333333
"17377",0.113333333333333
"17378",0.111666666666667
"17379",0.113333333333333
"17380",0.115
"17381",0.111666666666667
"17382",0.115
"17383",0.113333333333333
"17384",0.115
"17385",0.113333333333333
"17386",0.113333333333333
"17387",0.113333333333333
"17388",0.113333333333333
"17389",0.113333333333333
"17390",0.115
"17391",0.115
"17392",0.113333333333333
"17393",0.113333333333333
"17394",0.111666666666667
"17395",0.113333333333333
"17396",0.115
"17397",0.111666666666667
"17398",0.115
"17399",0.113333333333333
"17400",0.115
"17401",0.113333333333333
"17402",0.113333333333333
"17403",0.113333333333333
"17404",0.113333333333333
"17405",0.113333333333333
"17406",0.115
"17407",0.115
"17408",0.113333333333333
"17409",0.113333333333333
"17410",0.111666666666667
"17411",0.113333333333333
"17412",0.115
"17413",0.111666666666667
"17414",0.115
"17415",0.113333333333333
"17416",0.115
"17417",0.113333333333333
"17418",0.113333333333333
"17419",0.113333333333333
"17420",0.113333333333333
"17421",0.113333333333333
"17422",0.115
"17423",0.115
"17424",0.113333333333333
"17425",0.113333333333333
"17426",0.111666666666667
"17427",0.113333333333333
"17428",0.115
"17429",0.111666666666667
"17430",0.115
"17431",0.113333333333333
"17432",0.115
"17433",0.113333333333333
"17434",0.113333333333333
"17435",0.113333333333333
"17436",0.113333333333333
"17437",0.113333333333333
"17438",0.115
"17439",0.115
"17440",0.113333333333333
"17441",0.113333333333333
"17442",0.111666666666667
"17443",0.113333333333333
"17444",0.115
"17445",0.111666666666667
"17446",0.115
"17447",0.113333333333333
"17448",0.115
"17449",0.113333333333333
"17450",0.116666666666667
"17451",0.113333333333333
"17452",0.113333333333333
"17453",0.113333333333333
"17454",0.115
"17455",0.115
"17456",0.113333333333333
"17457",0.113333333333333
"17458",0.111666666666667
"17459",0.113333333333333
"17460",0.115
"17461",0.111666666666667
"17462",0.115
"17463",0.113333333333333
"17464",0.115
"17465",0.113333333333333
"17466",0.113333333333333
"17467",0.113333333333333
"17468",0.113333333333333
"17469",0.113333333333333
"17470",0.115
"17471",0.115
"17472",0.113333333333333
"17473",0.113333333333333
"17474",0.111666666666667
"17475",0.113333333333333
"17476",0.115
"17477",0.111666666666667
"17478",0.115
"17479",0.113333333333333
"17480",0.115
"17481",0.113333333333333
"17482",0.113333333333333
"17483",0.113333333333333
"17484",0.113333333333333
"17485",0.113333333333333
"17486",0.115
"17487",0.115
"17488",0.113333333333333
"17489",0.113333333333333
"17490",0.111666666666667
"17491",0.113333333333333
"17492",0.115
"17493",0.111666666666667
"17494",0.115
"17495",0.113333333333333
"17496",0.115
"17497",0.113333333333333
"17498",0.113333333333333
"17499",0.113333333333333
"17500",0.113333333333333
"17501",0.113333333333333
"17502",0.115
"17503",0.115
"17504",0.113333333333333
"17505",0.113333333333333
"17506",0.111666666666667
"17507",0.113333333333333
"17508",0.115
"17509",0.111666666666667
"17510",0.115
"17511",0.113333333333333
"17512",0.115
"17513",0.113333333333333
"17514",0.113333333333333
"17515",0.111666666666667
"17516",0.111666666666667
"17517",0.111666666666667
"17518",0.113333333333333
"17519",0.113333333333333
"17520",0.111666666666667
"17521",0.111666666666667
"17522",0.11
"17523",0.111666666666667
"17524",0.113333333333333
"17525",0.11
"17526",0.113333333333333
"17527",0.111666666666667
"17528",0.113333333333333
"17529",0.111666666666667
"17530",0.111666666666667
"17531",0.113333333333333
"17532",0.113333333333333
"17533",0.113333333333333
"17534",0.115
"17535",0.115
"17536",0.113333333333333
"17537",0.113333333333333
"17538",0.111666666666667
"17539",0.113333333333333
"17540",0.115
"17541",0.111666666666667
"17542",0.115
"17543",0.113333333333333
"17544",0.115
"17545",0.113333333333333
"17546",0.113333333333333
"17547",0.113333333333333
"17548",0.113333333333333
"17549",0.113333333333333
"17550",0.115
"17551",0.115
"17552",0.113333333333333
"17553",0.113333333333333
"17554",0.111666666666667
"17555",0.113333333333333
"17556",0.115
"17557",0.111666666666667
"17558",0.115
"17559",0.113333333333333
"17560",0.115
"17561",0.113333333333333
"17562",0.113333333333333
"17563",0.113333333333333
"17564",0.113333333333333
"17565",0.113333333333333
"17566",0.115
"17567",0.115
"17568",0.113333333333333
"17569",0.113333333333333
"17570",0.111666666666667
"17571",0.113333333333333
"17572",0.115
"17573",0.111666666666667
"17574",0.115
"17575",0.113333333333333
"17576",0.115
"17577",0.113333333333333
"17578",0.113333333333333
"17579",0.113333333333333
"17580",0.113333333333333
"17581",0.113333333333333
"17582",0.115
"17583",0.115
"17584",0.113333333333333
"17585",0.113333333333333
"17586",0.111666666666667
"17587",0.113333333333333
"17588",0.115
"17589",0.111666666666667
"17590",0.115
"17591",0.113333333333333
"17592",0.115
"17593",0.113333333333333
"17594",0.113333333333333
"17595",0.113333333333333
"17596",0.113333333333333
"17597",0.113333333333333
"17598",0.115
"17599",0.115
"17600",0.113333333333333
"17601",0.113333333333333
"17602",0.111666666666667
"17603",0.113333333333333
"17604",0.115
"17605",0.111666666666667
"17606",0.115
"17607",0.113333333333333
"17608",0.115
"17609",0.113333333333333
"17610",0.113333333333333
"17611",0.111666666666667
"17612",0.111666666666667
"17613",0.111666666666667
"17614",0.113333333333333
"17615",0.113333333333333
"17616",0.111666666666667
"17617",0.111666666666667
"17618",0.11
"17619",0.111666666666667
"17620",0.113333333333333
"17621",0.11
"17622",0.113333333333333
"17623",0.111666666666667
"17624",0.113333333333333
"17625",0.115
"17626",0.111666666666667
"17627",0.113333333333333
"17628",0.113333333333333
"17629",0.113333333333333
"17630",0.115
"17631",0.115
"17632",0.113333333333333
"17633",0.113333333333333
"17634",0.111666666666667
"17635",0.113333333333333
"17636",0.115
"17637",0.111666666666667
"17638",0.115
"17639",0.113333333333333
"17640",0.115
"17641",0.113333333333333
"17642",0.113333333333333
"17643",0.113333333333333
"17644",0.113333333333333
"17645",0.113333333333333
"17646",0.115
"17647",0.115
"17648",0.113333333333333
"17649",0.113333333333333
"17650",0.111666666666667
"17651",0.113333333333333
"17652",0.115
"17653",0.111666666666667
"17654",0.115
"17655",0.113333333333333
"17656",0.115
"17657",0.113333333333333
"17658",0.113333333333333
"17659",0.113333333333333
"17660",0.113333333333333
"17661",0.113333333333333
"17662",0.115
"17663",0.115
"17664",0.113333333333333
"17665",0.113333333333333
"17666",0.111666666666667
"17667",0.113333333333333
"17668",0.115
"17669",0.111666666666667
"17670",0.115
"17671",0.113333333333333
"17672",0.115
"17673",0.113333333333333
"17674",0.113333333333333
"17675",0.113333333333333
"17676",0.113333333333333
"17677",0.113333333333333
"17678",0.115
"17679",0.115
"17680",0.113333333333333
"17681",0.113333333333333
"17682",0.111666666666667
"17683",0.113333333333333
"17684",0.115
"17685",0.111666666666667
"17686",0.115
"17687",0.113333333333333
"17688",0.115
"17689",0.113333333333333
"17690",0.113333333333333
"17691",0.113333333333333
"17692",0.113333333333333
"17693",0.113333333333333
"17694",0.115
"17695",0.115
"17696",0.113333333333333
"17697",0.113333333333333
"17698",0.111666666666667
"17699",0.113333333333333
"17700",0.115
"17701",0.111666666666667
"17702",0.115
"17703",0.113333333333333
"17704",0.115
"17705",0.113333333333333
"17706",0.113333333333333
"17707",0.113333333333333
"17708",0.113333333333333
"17709",0.113333333333333
"17710",0.115
"17711",0.115
"17712",0.113333333333333
"17713",0.113333333333333
"17714",0.111666666666667
"17715",0.113333333333333
"17716",0.115
"17717",0.111666666666667
"17718",0.115
"17719",0.113333333333333
"17720",0.115
"17721",0.113333333333333
"17722",0.113333333333333
"17723",0.113333333333333
"17724",0.113333333333333
"17725",0.113333333333333
"17726",0.115
"17727",0.115
"17728",0.113333333333333
"17729",0.113333333333333
"17730",0.111666666666667
"17731",0.113333333333333
"17732",0.115
"17733",0.111666666666667
"17734",0.115
"17735",0.113333333333333
"17736",0.115
"17737",0.113333333333333
"17738",0.113333333333333
"17739",0.113333333333333
"17740",0.113333333333333
"17741",0.113333333333333
"17742",0.115
"17743",0.115
"17744",0.113333333333333
"17745",0.113333333333333
"17746",0.111666666666667
"17747",0.113333333333333
"17748",0.115
"17749",0.111666666666667
"17750",0.115
"17751",0.113333333333333
"17752",0.115
"17753",0.113333333333333
"17754",0.113333333333333
"17755",0.113333333333333
"17756",0.113333333333333
"17757",0.113333333333333
"17758",0.115
"17759",0.115
"17760",0.113333333333333
"17761",0.113333333333333
"17762",0.111666666666667
"17763",0.113333333333333
"17764",0.115
"17765",0.111666666666667
"17766",0.115
"17767",0.113333333333333
"17768",0.115
"17769",0.113333333333333
"17770",0.113333333333333
"17771",0.113333333333333
"17772",0.113333333333333
"17773",0.113333333333333
"17774",0.115
"17775",0.115
"17776",0.113333333333333
"17777",0.113333333333333
"17778",0.111666666666667
"17779",0.113333333333333
"17780",0.115
"17781",0.111666666666667
"17782",0.115
"17783",0.113333333333333
"17784",0.115
"17785",0.113333333333333
"17786",0.113333333333333
"17787",0.111666666666667
"17788",0.111666666666667
"17789",0.111666666666667
"17790",0.113333333333333
"17791",0.113333333333333
"17792",0.111666666666667
"17793",0.111666666666667
"17794",0.11
"17795",0.111666666666667
"17796",0.113333333333333
"17797",0.11
"17798",0.113333333333333
"17799",0.111666666666667
"17800",0.113333333333333
"17801",0.111666666666667
"17802",0.111666666666667
"17803",0.113333333333333
"17804",0.113333333333333
"17805",0.113333333333333
"17806",0.115
"17807",0.115
"17808",0.113333333333333
"17809",0.113333333333333
"17810",0.111666666666667
"17811",0.113333333333333
"17812",0.115
"17813",0.111666666666667
"17814",0.115
"17815",0.113333333333333
"17816",0.115
"17817",0.113333333333333
"17818",0.113333333333333
"17819",0.113333333333333
"17820",0.113333333333333
"17821",0.113333333333333
"17822",0.115
"17823",0.115
"17824",0.113333333333333
"17825",0.113333333333333
"17826",0.111666666666667
"17827",0.113333333333333
"17828",0.115
"17829",0.111666666666667
"17830",0.115
"17831",0.113333333333333
"17832",0.115
"17833",0.113333333333333
"17834",0.113333333333333
"17835",0.113333333333333
"17836",0.113333333333333
"17837",0.113333333333333
"17838",0.115
"17839",0.115
"17840",0.113333333333333
"17841",0.113333333333333
"17842",0.111666666666667
"17843",0.113333333333333
"17844",0.115
"17845",0.111666666666667
"17846",0.115
"17847",0.113333333333333
"17848",0.115
"17849",0.113333333333333
"17850",0.113333333333333
"17851",0.113333333333333
"17852",0.113333333333333
"17853",0.113333333333333
"17854",0.115
"17855",0.115
"17856",0.113333333333333
"17857",0.113333333333333
"17858",0.111666666666667
"17859",0.113333333333333
"17860",0.115
"17861",0.111666666666667
"17862",0.115
"17863",0.113333333333333
"17864",0.115
"17865",0.113333333333333
"17866",0.113333333333333
"17867",0.113333333333333
"17868",0.113333333333333
"17869",0.113333333333333
"17870",0.115
"17871",0.115
"17872",0.113333333333333
"17873",0.113333333333333
"17874",0.111666666666667
"17875",0.113333333333333
"17876",0.115
"17877",0.111666666666667
"17878",0.115
"17879",0.113333333333333
"17880",0.115
"17881",0.113333333333333
"17882",0.113333333333333
"17883",0.113333333333333
"17884",0.113333333333333
"17885",0.113333333333333
"17886",0.115
"17887",0.115
"17888",0.113333333333333
"17889",0.113333333333333
"17890",0.111666666666667
"17891",0.113333333333333
"17892",0.115
"17893",0.111666666666667
"17894",0.115
"17895",0.113333333333333
"17896",0.115
"17897",0.113333333333333
"17898",0.113333333333333
"17899",0.113333333333333
"17900",0.113333333333333
"17901",0.113333333333333
"17902",0.115
"17903",0.115
"17904",0.113333333333333
"17905",0.113333333333333
"17906",0.111666666666667
"17907",0.113333333333333
"17908",0.115
"17909",0.111666666666667
"17910",0.115
"17911",0.113333333333333
"17912",0.115
"17913",0.113333333333333
"17914",0.113333333333333
"17915",0.115
"17916",0.115
"17917",0.115
"17918",0.116666666666667
"17919",0.116666666666667
"17920",0.115
"17921",0.115
"17922",0.113333333333333
"17923",0.115
"17924",0.116666666666667
"17925",0.113333333333333
"17926",0.116666666666667
"17927",0.115
"17928",0.116666666666667
"17929",0.115
"17930",0.115
"17931",0.113333333333333
"17932",0.113333333333333
"17933",0.113333333333333
"17934",0.115
"17935",0.115
"17936",0.113333333333333
"17937",0.113333333333333
"17938",0.111666666666667
"17939",0.113333333333333
"17940",0.115
"17941",0.111666666666667
"17942",0.115
"17943",0.113333333333333
"17944",0.115
"17945",0.113333333333333
"17946",0.113333333333333
"17947",0.113333333333333
"17948",0.113333333333333
"17949",0.113333333333333
"17950",0.115
"17951",0.115
"17952",0.113333333333333
"17953",0.113333333333333
"17954",0.111666666666667
"17955",0.113333333333333
"17956",0.115
"17957",0.111666666666667
"17958",0.115
"17959",0.113333333333333
"17960",0.115
"17961",0.113333333333333
"17962",0.113333333333333
"17963",0.113333333333333
"17964",0.113333333333333
"17965",0.113333333333333
"17966",0.115
"17967",0.115
"17968",0.113333333333333
"17969",0.113333333333333
"17970",0.111666666666667
"17971",0.113333333333333
"17972",0.115
"17973",0.111666666666667
"17974",0.115
"17975",0.113333333333333
"17976",0.115
"17977",0.113333333333333
"17978",0.113333333333333
"17979",0.115
"17980",0.115
"17981",0.115
"17982",0.116666666666667
"17983",0.116666666666667
"17984",0.115
"17985",0.115
"17986",0.113333333333333
"17987",0.115
"17988",0.116666666666667
"17989",0.113333333333333
"17990",0.116666666666667
"17991",0.115
"17992",0.116666666666667
"17993",0.115
"17994",0.115
"17995",0.113333333333333
"17996",0.113333333333333
"17997",0.113333333333333
"17998",0.115
"17999",0.115
"18000",0.113333333333333
"18001",0.113333333333333
"18002",0.111666666666667
"18003",0.113333333333333
"18004",0.115
"18005",0.111666666666667
"18006",0.115
"18007",0.113333333333333
"18008",0.115
"18009",0.113333333333333
"18010",0.113333333333333
"18011",0.113333333333333
"18012",0.113333333333333
"18013",0.113333333333333
"18014",0.115
"18015",0.115
"18016",0.113333333333333
"18017",0.113333333333333
"18018",0.111666666666667
"18019",0.113333333333333
"18020",0.115
"18021",0.111666666666667
"18022",0.115
"18023",0.113333333333333
"18024",0.115
"18025",0.113333333333333
"18026",0.113333333333333
"18027",0.113333333333333
"18028",0.113333333333333
"18029",0.113333333333333
"18030",0.115
"18031",0.115
"18032",0.113333333333333
"18033",0.113333333333333
"18034",0.111666666666667
"18035",0.113333333333333
"18036",0.115
"18037",0.111666666666667
"18038",0.115
"18039",0.113333333333333
"18040",0.115
"18041",0.113333333333333
"18042",0.113333333333333
"18043",0.113333333333333
"18044",0.113333333333333
"18045",0.113333333333333
"18046",0.115
"18047",0.115
"18048",0.113333333333333
"18049",0.113333333333333
"18050",0.111666666666667
"18051",0.113333333333333
"18052",0.115
"18053",0.111666666666667
"18054",0.115
"18055",0.113333333333333
"18056",0.115
"18057",0.113333333333333
"18058",0.113333333333333
"18059",0.111666666666667
"18060",0.111666666666667
"18061",0.111666666666667
"18062",0.113333333333333
"18063",0.113333333333333
"18064",0.111666666666667
"18065",0.111666666666667
"18066",0.11
"18067",0.111666666666667
"18068",0.113333333333333
"18069",0.11
"18070",0.113333333333333
"18071",0.111666666666667
"18072",0.113333333333333
"18073",0.111666666666667
"18074",0.111666666666667
"18075",0.113333333333333
"18076",0.113333333333333
"18077",0.113333333333333
"18078",0.115
"18079",0.115
"18080",0.113333333333333
"18081",0.113333333333333
"18082",0.111666666666667
"18083",0.113333333333333
"18084",0.115
"18085",0.111666666666667
"18086",0.115
"18087",0.113333333333333
"18088",0.115
"18089",0.113333333333333
"18090",0.113333333333333
"18091",0.113333333333333
"18092",0.113333333333333
"18093",0.113333333333333
"18094",0.115
"18095",0.115
"18096",0.113333333333333
"18097",0.113333333333333
"18098",0.111666666666667
"18099",0.113333333333333
"18100",0.115
"18101",0.111666666666667
"18102",0.115
"18103",0.113333333333333
"18104",0.115
"18105",0.113333333333333
"18106",0.113333333333333
"18107",0.113333333333333
"18108",0.113333333333333
"18109",0.113333333333333
"18110",0.115
"18111",0.115
"18112",0.113333333333333
"18113",0.113333333333333
"18114",0.111666666666667
"18115",0.113333333333333
"18116",0.115
"18117",0.111666666666667
"18118",0.115
"18119",0.113333333333333
"18120",0.115
"18121",0.113333333333333
"18122",0.113333333333333
"18123",0.113333333333333
"18124",0.113333333333333
"18125",0.113333333333333
"18126",0.115
"18127",0.115
"18128",0.113333333333333
"18129",0.113333333333333
"18130",0.111666666666667
"18131",0.113333333333333
"18132",0.115
"18133",0.111666666666667
"18134",0.115
"18135",0.113333333333333
"18136",0.115
"18137",0.113333333333333
"18138",0.113333333333333
"18139",0.113333333333333
"18140",0.113333333333333
"18141",0.113333333333333
"18142",0.115
"18143",0.115
"18144",0.113333333333333
"18145",0.113333333333333
"18146",0.111666666666667
"18147",0.113333333333333
"18148",0.115
"18149",0.111666666666667
"18150",0.115
"18151",0.113333333333333
"18152",0.115
"18153",0.113333333333333
"18154",0.113333333333333
"18155",0.113333333333333
"18156",0.113333333333333
"18157",0.113333333333333
"18158",0.115
"18159",0.115
"18160",0.113333333333333
"18161",0.113333333333333
"18162",0.111666666666667
"18163",0.113333333333333
"18164",0.115
"18165",0.111666666666667
"18166",0.115
"18167",0.113333333333333
"18168",0.115
"18169",0.113333333333333
"18170",0.113333333333333
"18171",0.113333333333333
"18172",0.113333333333333
"18173",0.113333333333333
"18174",0.115
"18175",0.115
"18176",0.113333333333333
"18177",0.113333333333333
"18178",0.111666666666667
"18179",0.113333333333333
"18180",0.115
"18181",0.111666666666667
"18182",0.115
"18183",0.113333333333333
"18184",0.115
"18185",0.113333333333333
"18186",0.113333333333333
"18187",0.113333333333333
"18188",0.113333333333333
"18189",0.113333333333333
"18190",0.115
"18191",0.115
"18192",0.113333333333333
"18193",0.113333333333333
"18194",0.111666666666667
"18195",0.113333333333333
"18196",0.115
"18197",0.111666666666667
"18198",0.115
"18199",0.113333333333333
"18200",0.115
"18201",0.113333333333333
"18202",0.113333333333333
"18203",0.113333333333333
"18204",0.113333333333333
"18205",0.113333333333333
"18206",0.115
"18207",0.115
"18208",0.113333333333333
"18209",0.113333333333333
"18210",0.111666666666667
"18211",0.113333333333333
"18212",0.115
"18213",0.111666666666667
"18214",0.115
"18215",0.113333333333333
"18216",0.115
"18217",0.113333333333333
"18218",0.113333333333333
"18219",0.113333333333333
"18220",0.113333333333333
"18221",0.113333333333333
"18222",0.115
"18223",0.115
"18224",0.113333333333333
"18225",0.113333333333333
"18226",0.111666666666667
"18227",0.113333333333333
"18228",0.115
"18229",0.111666666666667
"18230",0.115
"18231",0.113333333333333
"18232",0.115
"18233",0.113333333333333
"18234",0.113333333333333
"18235",0.115
"18236",0.115
"18237",0.115
"18238",0.116666666666667
"18239",0.116666666666667
"18240",0.115
"18241",0.115
"18242",0.113333333333333
"18243",0.115
"18244",0.116666666666667
"18245",0.113333333333333
"18246",0.116666666666667
"18247",0.115
"18248",0.116666666666667
"18249",0.115
"18250",0.115
"18251",0.113333333333333
"18252",0.113333333333333
"18253",0.113333333333333
"18254",0.115
"18255",0.115
"18256",0.113333333333333
"18257",0.113333333333333
"18258",0.111666666666667
"18259",0.113333333333333
"18260",0.115
"18261",0.111666666666667
"18262",0.115
"18263",0.113333333333333
"18264",0.115
"18265",0.113333333333333
"18266",0.113333333333333
"18267",0.113333333333333
"18268",0.113333333333333
"18269",0.113333333333333
"18270",0.115
"18271",0.115
"18272",0.113333333333333
"18273",0.113333333333333
"18274",0.111666666666667
"18275",0.113333333333333
"18276",0.115
"18277",0.111666666666667
"18278",0.115
"18279",0.113333333333333
"18280",0.115
"18281",0.113333333333333
"18282",0.113333333333333
"18283",0.108333333333333
"18284",0.11
"18285",0.111666666666667
"18286",0.11
"18287",0.11
"18288",0.108333333333333
"18289",0.108333333333333
"18290",0.106666666666667
"18291",0.108333333333333
"18292",0.11
"18293",0.106666666666667
"18294",0.11
"18295",0.11
"18296",0.111666666666667
"18297",0.111666666666667
"18298",0.111666666666667
"18299",0.12
"18300",0.121666666666667
"18301",0.12
"18302",0.121666666666667
"18303",0.121666666666667
"18304",0.12
"18305",0.12
"18306",0.118333333333333
"18307",0.12
"18308",0.121666666666667
"18309",0.118333333333333
"18310",0.121666666666667
"18311",0.121666666666667
"18312",0.12
"18313",0.12
"18314",0.123333333333333
"18315",0.12
"18316",0.121666666666667
"18317",0.12
"18318",0.121666666666667
"18319",0.121666666666667
"18320",0.12
"18321",0.12
"18322",0.118333333333333
"18323",0.12
"18324",0.121666666666667
"18325",0.118333333333333
"18326",0.121666666666667
"18327",0.121666666666667
"18328",0.12
"18329",0.123333333333333
"18330",0.123333333333333
"18331",0.0783333333333333
"18332",0.0783333333333333
"18333",0.0783333333333333
"18334",0.08
"18335",0.08
"18336",0.0783333333333333
"18337",0.0783333333333333
"18338",0.0766666666666667
"18339",0.0783333333333333
"18340",0.08
"18341",0.0766666666666667
"18342",0.08
"18343",0.0783333333333333
"18344",0.0816666666666667
"18345",0.0783333333333333
"18346",0.0816666666666667
"18347",0.08
"18348",0.0766666666666667
"18349",0.08
"18350",0.0783333333333333
"18351",0.0783333333333333
"18352",0.08
"18353",0.08
"18354",0.0783333333333333
"18355",0.08
"18356",0.0783333333333333
"18357",0.0783333333333333
"18358",0.0783333333333333
"18359",0.0766666666666667
"18360",0.0833333333333333
"18361",0.0766666666666667
"18362",0.08
"18363",0.11
"18364",0.111666666666667
"18365",0.11
"18366",0.111666666666667
"18367",0.111666666666667
"18368",0.11
"18369",0.11
"18370",0.108333333333333
"18371",0.11
"18372",0.111666666666667
"18373",0.108333333333333
"18374",0.111666666666667
"18375",0.111666666666667
"18376",0.113333333333333
"18377",0.113333333333333
"18378",0.11
"18379",0.11
"18380",0.111666666666667
"18381",0.11
"18382",0.111666666666667
"18383",0.111666666666667
"18384",0.11
"18385",0.11
"18386",0.108333333333333
"18387",0.11
"18388",0.111666666666667
"18389",0.108333333333333
"18390",0.111666666666667
"18391",0.111666666666667
"18392",0.113333333333333
"18393",0.113333333333333
"18394",0.11
"18395",0.12
"18396",0.123333333333333
"18397",0.123333333333333
"18398",0.121666666666667
"18399",0.121666666666667
"18400",0.12
"18401",0.12
"18402",0.118333333333333
"18403",0.12
"18404",0.121666666666667
"18405",0.118333333333333
"18406",0.121666666666667
"18407",0.123333333333333
"18408",0.123333333333333
"18409",0.123333333333333
"18410",0.123333333333333
"18411",0.121666666666667
"18412",0.125
"18413",0.125
"18414",0.123333333333333
"18415",0.123333333333333
"18416",0.121666666666667
"18417",0.121666666666667
"18418",0.12
"18419",0.121666666666667
"18420",0.123333333333333
"18421",0.12
"18422",0.123333333333333
"18423",0.125
"18424",0.125
"18425",0.125
"18426",0.125
"18427",0.0516666666666667
"18428",0.0516666666666667
"18429",0.0516666666666667
"18430",0.0533333333333333
"18431",0.0533333333333333
"18432",0.0516666666666667
"18433",0.0516666666666667
"18434",0.05
"18435",0.0516666666666667
"18436",0.0533333333333333
"18437",0.05
"18438",0.0533333333333333
"18439",0.0516666666666667
"18440",0.055
"18441",0.0516666666666667
"18442",0.055
"18443",0.055
"18444",0.055
"18445",0.055
"18446",0.0566666666666667
"18447",0.0566666666666667
"18448",0.055
"18449",0.055
"18450",0.0533333333333333
"18451",0.055
"18452",0.0566666666666667
"18453",0.0533333333333333
"18454",0.0566666666666667
"18455",0.055
"18456",0.0583333333333333
"18457",0.055
"18458",0.055
"18459",0.0516666666666667
"18460",0.0516666666666667
"18461",0.0516666666666667
"18462",0.0533333333333333
"18463",0.0533333333333333
"18464",0.0516666666666667
"18465",0.0516666666666667
"18466",0.05
"18467",0.0516666666666667
"18468",0.0533333333333333
"18469",0.05
"18470",0.0533333333333333
"18471",0.0516666666666667
"18472",0.055
"18473",0.0516666666666667
"18474",0.055
"18475",0.105
"18476",0.106666666666667
"18477",0.108333333333333
"18478",0.106666666666667
"18479",0.106666666666667
"18480",0.105
"18481",0.105
"18482",0.103333333333333
"18483",0.105
"18484",0.106666666666667
"18485",0.103333333333333
"18486",0.106666666666667
"18487",0.106666666666667
"18488",0.108333333333333
"18489",0.108333333333333
"18490",0.105
"18491",0.105
"18492",0.106666666666667
"18493",0.108333333333333
"18494",0.106666666666667
"18495",0.106666666666667
"18496",0.105
"18497",0.105
"18498",0.103333333333333
"18499",0.105
"18500",0.106666666666667
"18501",0.103333333333333
"18502",0.106666666666667
"18503",0.106666666666667
"18504",0.108333333333333
"18505",0.108333333333333
"18506",0.105
"18507",0.105
"18508",0.106666666666667
"18509",0.108333333333333
"18510",0.106666666666667
"18511",0.106666666666667
"18512",0.105
"18513",0.105
"18514",0.103333333333333
"18515",0.105
"18516",0.106666666666667
"18517",0.103333333333333
"18518",0.106666666666667
"18519",0.106666666666667
"18520",0.108333333333333
"18521",0.108333333333333
"18522",0.108333333333333
"18523",0.116666666666667
"18524",0.118333333333333
"18525",0.116666666666667
"18526",0.118333333333333
"18527",0.118333333333333
"18528",0.116666666666667
"18529",0.116666666666667
"18530",0.115
"18531",0.116666666666667
"18532",0.118333333333333
"18533",0.115
"18534",0.118333333333333
"18535",0.118333333333333
"18536",0.12
"18537",0.115
"18538",0.12
"18539",0.115
"18540",0.116666666666667
"18541",0.115
"18542",0.116666666666667
"18543",0.116666666666667
"18544",0.115
"18545",0.115
"18546",0.113333333333333
"18547",0.115
"18548",0.116666666666667
"18549",0.113333333333333
"18550",0.116666666666667
"18551",0.116666666666667
"18552",0.118333333333333
"18553",0.115
"18554",0.115
"18555",0.113333333333333
"18556",0.115
"18557",0.113333333333333
"18558",0.115
"18559",0.115
"18560",0.113333333333333
"18561",0.113333333333333
"18562",0.111666666666667
"18563",0.113333333333333
"18564",0.115
"18565",0.111666666666667
"18566",0.115
"18567",0.115
"18568",0.116666666666667
"18569",0.116666666666667
"18570",0.113333333333333
"18571",0.103333333333333
"18572",0.105
"18573",0.106666666666667
"18574",0.105
"18575",0.105
"18576",0.103333333333333
"18577",0.103333333333333
"18578",0.101666666666667
"18579",0.103333333333333
"18580",0.105
"18581",0.101666666666667
"18582",0.105
"18583",0.105
"18584",0.106666666666667
"18585",0.106666666666667
"18586",0.106666666666667
"18587",0.108333333333333
"18588",0.11
"18589",0.108333333333333
"18590",0.11
"18591",0.11
"18592",0.108333333333333
"18593",0.108333333333333
"18594",0.106666666666667
"18595",0.108333333333333
"18596",0.11
"18597",0.106666666666667
"18598",0.11
"18599",0.11
"18600",0.111666666666667
"18601",0.111666666666667
"18602",0.111666666666667
"18603",0.115
"18604",0.116666666666667
"18605",0.115
"18606",0.116666666666667
"18607",0.116666666666667
"18608",0.115
"18609",0.115
"18610",0.113333333333333
"18611",0.115
"18612",0.116666666666667
"18613",0.113333333333333
"18614",0.116666666666667
"18615",0.116666666666667
"18616",0.118333333333333
"18617",0.115
"18618",0.115
"18619",0.116666666666667
"18620",0.118333333333333
"18621",0.116666666666667
"18622",0.118333333333333
"18623",0.118333333333333
"18624",0.116666666666667
"18625",0.116666666666667
"18626",0.115
"18627",0.116666666666667
"18628",0.118333333333333
"18629",0.115
"18630",0.118333333333333
"18631",0.118333333333333
"18632",0.12
"18633",0.116666666666667
"18634",0.116666666666667
"18635",0.105
"18636",0.106666666666667
"18637",0.108333333333333
"18638",0.106666666666667
"18639",0.106666666666667
"18640",0.105
"18641",0.105
"18642",0.103333333333333
"18643",0.105
"18644",0.106666666666667
"18645",0.103333333333333
"18646",0.106666666666667
"18647",0.106666666666667
"18648",0.108333333333333
"18649",0.108333333333333
"18650",0.105
"18651",0.116666666666667
"18652",0.118333333333333
"18653",0.116666666666667
"18654",0.118333333333333
"18655",0.118333333333333
"18656",0.116666666666667
"18657",0.116666666666667
"18658",0.115
"18659",0.116666666666667
"18660",0.118333333333333
"18661",0.115
"18662",0.118333333333333
"18663",0.118333333333333
"18664",0.12
"18665",0.116666666666667
"18666",0.116666666666667
"18667",0.106666666666667
"18668",0.108333333333333
"18669",0.11
"18670",0.108333333333333
"18671",0.108333333333333
"18672",0.106666666666667
"18673",0.106666666666667
"18674",0.105
"18675",0.106666666666667
"18676",0.108333333333333
"18677",0.105
"18678",0.108333333333333
"18679",0.108333333333333
"18680",0.11
"18681",0.11
"18682",0.106666666666667
"18683",0.108333333333333
"18684",0.11
"18685",0.108333333333333
"18686",0.11
"18687",0.11
"18688",0.108333333333333
"18689",0.108333333333333
"18690",0.106666666666667
"18691",0.108333333333333
"18692",0.11
"18693",0.106666666666667
"18694",0.11
"18695",0.11
"18696",0.111666666666667
"18697",0.111666666666667
"18698",0.111666666666667
"18699",0.116666666666667
"18700",0.118333333333333
"18701",0.116666666666667
"18702",0.118333333333333
"18703",0.118333333333333
"18704",0.116666666666667
"18705",0.116666666666667
"18706",0.115
"18707",0.116666666666667
"18708",0.118333333333333
"18709",0.115
"18710",0.118333333333333
"18711",0.118333333333333
"18712",0.12
"18713",0.116666666666667
"18714",0.116666666666667
"18715",0.111666666666667
"18716",0.113333333333333
"18717",0.111666666666667
"18718",0.113333333333333
"18719",0.113333333333333
"18720",0.111666666666667
"18721",0.111666666666667
"18722",0.11
"18723",0.111666666666667
"18724",0.113333333333333
"18725",0.11
"18726",0.113333333333333
"18727",0.113333333333333
"18728",0.115
"18729",0.115
"18730",0.111666666666667
"18731",0.103333333333333
"18732",0.105
"18733",0.106666666666667
"18734",0.105
"18735",0.105
"18736",0.103333333333333
"18737",0.103333333333333
"18738",0.101666666666667
"18739",0.103333333333333
"18740",0.105
"18741",0.101666666666667
"18742",0.105
"18743",0.105
"18744",0.106666666666667
"18745",0.106666666666667
"18746",0.106666666666667
"18747",0.113333333333333
"18748",0.115
"18749",0.113333333333333
"18750",0.115
"18751",0.115
"18752",0.113333333333333
"18753",0.113333333333333
"18754",0.111666666666667
"18755",0.113333333333333
"18756",0.115
"18757",0.111666666666667
"18758",0.115
"18759",0.115
"18760",0.116666666666667
"18761",0.116666666666667
"18762",0.113333333333333
"18763",0.106666666666667
"18764",0.108333333333333
"18765",0.11
"18766",0.108333333333333
"18767",0.108333333333333
"18768",0.106666666666667
"18769",0.106666666666667
"18770",0.105
"18771",0.106666666666667
"18772",0.108333333333333
"18773",0.105
"18774",0.108333333333333
"18775",0.108333333333333
"18776",0.11
"18777",0.11
"18778",0.106666666666667
"18779",0.115
"18780",0.116666666666667
"18781",0.115
"18782",0.116666666666667
"18783",0.116666666666667
"18784",0.115
"18785",0.115
"18786",0.113333333333333
"18787",0.115
"18788",0.116666666666667
"18789",0.113333333333333
"18790",0.116666666666667
"18791",0.116666666666667
"18792",0.118333333333333
"18793",0.115
"18794",0.115
"18795",0.105
"18796",0.106666666666667
"18797",0.108333333333333
"18798",0.106666666666667
"18799",0.106666666666667
"18800",0.105
"18801",0.105
"18802",0.103333333333333
"18803",0.105
"18804",0.106666666666667
"18805",0.103333333333333
"18806",0.106666666666667
"18807",0.106666666666667
"18808",0.108333333333333
"18809",0.108333333333333
"18810",0.105
"18811",0.106666666666667
"18812",0.108333333333333
"18813",0.11
"18814",0.108333333333333
"18815",0.108333333333333
"18816",0.106666666666667
"18817",0.106666666666667
"18818",0.105
"18819",0.106666666666667
"18820",0.108333333333333
"18821",0.105
"18822",0.108333333333333
"18823",0.108333333333333
"18824",0.11
"18825",0.11
"18826",0.106666666666667
"18827",0.105
"18828",0.106666666666667
"18829",0.108333333333333
"18830",0.106666666666667
"18831",0.106666666666667
"18832",0.105
"18833",0.105
"18834",0.103333333333333
"18835",0.105
"18836",0.106666666666667
"18837",0.103333333333333
"18838",0.106666666666667
"18839",0.106666666666667
"18840",0.108333333333333
"18841",0.108333333333333
"18842",0.105
"18843",0.116666666666667
"18844",0.118333333333333
"18845",0.116666666666667
"18846",0.118333333333333
"18847",0.118333333333333
"18848",0.116666666666667
"18849",0.116666666666667
"18850",0.115
"18851",0.116666666666667
"18852",0.118333333333333
"18853",0.115
"18854",0.118333333333333
"18855",0.118333333333333
"18856",0.12
"18857",0.116666666666667
"18858",0.116666666666667
"18859",0.113333333333333
"18860",0.115
"18861",0.113333333333333
"18862",0.115
"18863",0.115
"18864",0.113333333333333
"18865",0.113333333333333
"18866",0.111666666666667
"18867",0.113333333333333
"18868",0.115
"18869",0.111666666666667
"18870",0.115
"18871",0.115
"18872",0.116666666666667
"18873",0.116666666666667
"18874",0.113333333333333
"18875",0.113333333333333
"18876",0.115
"18877",0.113333333333333
"18878",0.115
"18879",0.115
"18880",0.113333333333333
"18881",0.113333333333333
"18882",0.111666666666667
"18883",0.113333333333333
"18884",0.115
"18885",0.111666666666667
"18886",0.115
"18887",0.115
"18888",0.116666666666667
"18889",0.116666666666667
"18890",0.113333333333333
"18891",0.113333333333333
"18892",0.115
"18893",0.113333333333333
"18894",0.115
"18895",0.115
"18896",0.113333333333333
"18897",0.113333333333333
"18898",0.111666666666667
"18899",0.113333333333333
"18900",0.115
"18901",0.111666666666667
"18902",0.115
"18903",0.115
"18904",0.116666666666667
"18905",0.116666666666667
"18906",0.113333333333333
"18907",0.108333333333333
"18908",0.11
"18909",0.108333333333333
"18910",0.11
"18911",0.11
"18912",0.108333333333333
"18913",0.108333333333333
"18914",0.106666666666667
"18915",0.108333333333333
"18916",0.11
"18917",0.106666666666667
"18918",0.11
"18919",0.11
"18920",0.111666666666667
"18921",0.111666666666667
"18922",0.111666666666667
"18923",0.103333333333333
"18924",0.105
"18925",0.106666666666667
"18926",0.105
"18927",0.105
"18928",0.103333333333333
"18929",0.103333333333333
"18930",0.101666666666667
"18931",0.103333333333333
"18932",0.105
"18933",0.101666666666667
"18934",0.105
"18935",0.105
"18936",0.106666666666667
"18937",0.106666666666667
"18938",0.106666666666667
"18939",0.116666666666667
"18940",0.118333333333333
"18941",0.116666666666667
"18942",0.118333333333333
"18943",0.118333333333333
"18944",0.116666666666667
"18945",0.116666666666667
"18946",0.115
"18947",0.116666666666667
"18948",0.118333333333333
"18949",0.115
"18950",0.118333333333333
"18951",0.118333333333333
"18952",0.12
"18953",0.116666666666667
"18954",0.116666666666667
"18955",0.111666666666667
"18956",0.113333333333333
"18957",0.111666666666667
"18958",0.113333333333333
"18959",0.113333333333333
"18960",0.111666666666667
"18961",0.111666666666667
"18962",0.11
"18963",0.111666666666667
"18964",0.113333333333333
"18965",0.11
"18966",0.113333333333333
"18967",0.113333333333333
"18968",0.115
"18969",0.111666666666667
"18970",0.115
"18971",0.108333333333333
"18972",0.11
"18973",0.108333333333333
"18974",0.11
"18975",0.11
"18976",0.108333333333333
"18977",0.108333333333333
"18978",0.106666666666667
"18979",0.108333333333333
"18980",0.11
"18981",0.106666666666667
"18982",0.11
"18983",0.11
"18984",0.111666666666667
"18985",0.111666666666667
"18986",0.111666666666667
"18987",0.105
"18988",0.106666666666667
"18989",0.108333333333333
"18990",0.106666666666667
"18991",0.106666666666667
"18992",0.105
"18993",0.105
"18994",0.103333333333333
"18995",0.105
"18996",0.106666666666667
"18997",0.103333333333333
"18998",0.106666666666667
"18999",0.106666666666667
"19000",0.108333333333333
"19001",0.108333333333333
"19002",0.105
"19003",0.115
"19004",0.116666666666667
"19005",0.115
"19006",0.116666666666667
"19007",0.116666666666667
"19008",0.115
"19009",0.115
"19010",0.113333333333333
"19011",0.115
"19012",0.116666666666667
"19013",0.113333333333333
"19014",0.116666666666667
"19015",0.116666666666667
"19016",0.118333333333333
"19017",0.115
"19018",0.115
"19019",0.113333333333333
"19020",0.115
"19021",0.113333333333333
"19022",0.115
"19023",0.115
"19024",0.113333333333333
"19025",0.113333333333333
"19026",0.111666666666667
"19027",0.113333333333333
"19028",0.115
"19029",0.111666666666667
"19030",0.115
"19031",0.115
"19032",0.116666666666667
"19033",0.113333333333333
"19034",0.113333333333333
"19035",0.115
"19036",0.116666666666667
"19037",0.115
"19038",0.116666666666667
"19039",0.116666666666667
"19040",0.115
"19041",0.115
"19042",0.113333333333333
"19043",0.115
"19044",0.116666666666667
"19045",0.113333333333333
"19046",0.116666666666667
"19047",0.116666666666667
"19048",0.118333333333333
"19049",0.115
"19050",0.115
"19051",0.106666666666667
"19052",0.108333333333333
"19053",0.11
"19054",0.108333333333333
"19055",0.108333333333333
"19056",0.106666666666667
"19057",0.106666666666667
"19058",0.105
"19059",0.106666666666667
"19060",0.108333333333333
"19061",0.105
"19062",0.108333333333333
"19063",0.108333333333333
"19064",0.11
"19065",0.11
"19066",0.106666666666667
"19067",0.103333333333333
"19068",0.105
"19069",0.106666666666667
"19070",0.105
"19071",0.105
"19072",0.103333333333333
"19073",0.103333333333333
"19074",0.101666666666667
"19075",0.103333333333333
"19076",0.105
"19077",0.101666666666667
"19078",0.105
"19079",0.105
"19080",0.106666666666667
"19081",0.106666666666667
"19082",0.106666666666667
"19083",0.113333333333333
"19084",0.115
"19085",0.113333333333333
"19086",0.115
"19087",0.115
"19088",0.113333333333333
"19089",0.113333333333333
"19090",0.111666666666667
"19091",0.113333333333333
"19092",0.115
"19093",0.111666666666667
"19094",0.115
"19095",0.115
"19096",0.116666666666667
"19097",0.116666666666667
"19098",0.113333333333333
"19099",0.115
"19100",0.116666666666667
"19101",0.115
"19102",0.116666666666667
"19103",0.116666666666667
"19104",0.115
"19105",0.115
"19106",0.113333333333333
"19107",0.115
"19108",0.116666666666667
"19109",0.113333333333333
"19110",0.116666666666667
"19111",0.116666666666667
"19112",0.118333333333333
"19113",0.115
"19114",0.115
"19115",0.111666666666667
"19116",0.113333333333333
"19117",0.111666666666667
"19118",0.113333333333333
"19119",0.113333333333333
"19120",0.111666666666667
"19121",0.111666666666667
"19122",0.11
"19123",0.111666666666667
"19124",0.113333333333333
"19125",0.11
"19126",0.113333333333333
"19127",0.113333333333333
"19128",0.115
"19129",0.115
"19130",0.115
"19131",0.105
"19132",0.106666666666667
"19133",0.108333333333333
"19134",0.106666666666667
"19135",0.106666666666667
"19136",0.105
"19137",0.105
"19138",0.103333333333333
"19139",0.105
"19140",0.106666666666667
"19141",0.103333333333333
"19142",0.106666666666667
"19143",0.106666666666667
"19144",0.108333333333333
"19145",0.108333333333333
"19146",0.105
"19147",0.106666666666667
"19148",0.108333333333333
"19149",0.11
"19150",0.108333333333333
"19151",0.108333333333333
"19152",0.106666666666667
"19153",0.106666666666667
"19154",0.105
"19155",0.106666666666667
"19156",0.108333333333333
"19157",0.105
"19158",0.108333333333333
"19159",0.108333333333333
"19160",0.11
"19161",0.11
"19162",0.106666666666667
"19163",0.113333333333333
"19164",0.115
"19165",0.113333333333333
"19166",0.115
"19167",0.115
"19168",0.113333333333333
"19169",0.113333333333333
"19170",0.111666666666667
"19171",0.113333333333333
"19172",0.115
"19173",0.111666666666667
"19174",0.115
"19175",0.115
"19176",0.116666666666667
"19177",0.116666666666667
"19178",0.113333333333333
"19179",0.111666666666667
"19180",0.113333333333333
"19181",0.111666666666667
"19182",0.113333333333333
"19183",0.113333333333333
"19184",0.111666666666667
"19185",0.111666666666667
"19186",0.11
"19187",0.111666666666667
"19188",0.113333333333333
"19189",0.11
"19190",0.113333333333333
"19191",0.113333333333333
"19192",0.115
"19193",0.115
"19194",0.115
"19195",0.108333333333333
"19196",0.11
"19197",0.108333333333333
"19198",0.11
"19199",0.11
"19200",0.108333333333333
"19201",0.108333333333333
"19202",0.106666666666667
"19203",0.108333333333333
"19204",0.11
"19205",0.106666666666667
"19206",0.11
"19207",0.11
"19208",0.111666666666667
"19209",0.111666666666667
"19210",0.111666666666667
"19211",0.116666666666667
"19212",0.118333333333333
"19213",0.116666666666667
"19214",0.118333333333333
"19215",0.118333333333333
"19216",0.116666666666667
"19217",0.116666666666667
"19218",0.115
"19219",0.116666666666667
"19220",0.118333333333333
"19221",0.115
"19222",0.118333333333333
"19223",0.118333333333333
"19224",0.12
"19225",0.116666666666667
"19226",0.116666666666667
"19227",0.108333333333333
"19228",0.11
"19229",0.108333333333333
"19230",0.11
"19231",0.11
"19232",0.108333333333333
"19233",0.108333333333333
"19234",0.106666666666667
"19235",0.108333333333333
"19236",0.11
"19237",0.106666666666667
"19238",0.11
"19239",0.11
"19240",0.111666666666667
"19241",0.111666666666667
"19242",0.111666666666667
"19243",0.113333333333333
"19244",0.115
"19245",0.113333333333333
"19246",0.115
"19247",0.115
"19248",0.113333333333333
"19249",0.113333333333333
"19250",0.111666666666667
"19251",0.113333333333333
"19252",0.115
"19253",0.111666666666667
"19254",0.115
"19255",0.115
"19256",0.116666666666667
"19257",0.116666666666667
"19258",0.113333333333333
"19259",0.106666666666667
"19260",0.108333333333333
"19261",0.11
"19262",0.108333333333333
"19263",0.108333333333333
"19264",0.106666666666667
"19265",0.106666666666667
"19266",0.105
"19267",0.106666666666667
"19268",0.108333333333333
"19269",0.105
"19270",0.108333333333333
"19271",0.108333333333333
"19272",0.11
"19273",0.11
"19274",0.106666666666667
"19275",0.113333333333333
"19276",0.115
"19277",0.113333333333333
"19278",0.115
"19279",0.115
"19280",0.113333333333333
"19281",0.113333333333333
"19282",0.111666666666667
"19283",0.113333333333333
"19284",0.115
"19285",0.111666666666667
"19286",0.115
"19287",0.115
"19288",0.116666666666667
"19289",0.116666666666667
"19290",0.113333333333333
"19291",0.11
"19292",0.11
"19293",0.11
"19294",0.111666666666667
"19295",0.111666666666667
"19296",0.11
"19297",0.11
"19298",0.108333333333333
"19299",0.11
"19300",0.111666666666667
"19301",0.108333333333333
"19302",0.111666666666667
"19303",0.11
"19304",0.113333333333333
"19305",0.113333333333333
"19306",0.11
"19307",0.111666666666667
"19308",0.113333333333333
"19309",0.111666666666667
"19310",0.113333333333333
"19311",0.113333333333333
"19312",0.111666666666667
"19313",0.111666666666667
"19314",0.11
"19315",0.111666666666667
"19316",0.113333333333333
"19317",0.11
"19318",0.113333333333333
"19319",0.113333333333333
"19320",0.115
"19321",0.115
"19322",0.111666666666667
"19323",0.111666666666667
"19324",0.113333333333333
"19325",0.111666666666667
"19326",0.113333333333333
"19327",0.113333333333333
"19328",0.111666666666667
"19329",0.111666666666667
"19330",0.11
"19331",0.111666666666667
"19332",0.113333333333333
"19333",0.11
"19334",0.113333333333333
"19335",0.113333333333333
"19336",0.115
"19337",0.115
"19338",0.111666666666667
"19339",0.111666666666667
"19340",0.113333333333333
"19341",0.111666666666667
"19342",0.113333333333333
"19343",0.113333333333333
"19344",0.111666666666667
"19345",0.111666666666667
"19346",0.11
"19347",0.111666666666667
"19348",0.113333333333333
"19349",0.11
"19350",0.113333333333333
"19351",0.113333333333333
"19352",0.115
"19353",0.115
"19354",0.111666666666667
"19355",0.111666666666667
"19356",0.113333333333333
"19357",0.111666666666667
"19358",0.113333333333333
"19359",0.113333333333333
"19360",0.111666666666667
"19361",0.111666666666667
"19362",0.11
"19363",0.111666666666667
"19364",0.113333333333333
"19365",0.11
"19366",0.113333333333333
"19367",0.113333333333333
"19368",0.115
"19369",0.115
"19370",0.111666666666667
"19371",0.111666666666667
"19372",0.113333333333333
"19373",0.111666666666667
"19374",0.113333333333333
"19375",0.113333333333333
"19376",0.111666666666667
"19377",0.111666666666667
"19378",0.11
"19379",0.111666666666667
"19380",0.113333333333333
"19381",0.11
"19382",0.113333333333333
"19383",0.113333333333333
"19384",0.115
"19385",0.115
"19386",0.111666666666667
"19387",0.11
"19388",0.111666666666667
"19389",0.11
"19390",0.111666666666667
"19391",0.111666666666667
"19392",0.11
"19393",0.11
"19394",0.108333333333333
"19395",0.11
"19396",0.111666666666667
"19397",0.108333333333333
"19398",0.111666666666667
"19399",0.111666666666667
"19400",0.113333333333333
"19401",0.113333333333333
"19402",0.11
"19403",0.113333333333333
"19404",0.115
"19405",0.113333333333333
"19406",0.115
"19407",0.115
"19408",0.113333333333333
"19409",0.113333333333333
"19410",0.111666666666667
"19411",0.113333333333333
"19412",0.115
"19413",0.111666666666667
"19414",0.115
"19415",0.115
"19416",0.116666666666667
"19417",0.116666666666667
"19418",0.113333333333333
"19419",0.111666666666667
"19420",0.113333333333333
"19421",0.111666666666667
"19422",0.113333333333333
"19423",0.113333333333333
"19424",0.111666666666667
"19425",0.111666666666667
"19426",0.11
"19427",0.111666666666667
"19428",0.113333333333333
"19429",0.11
"19430",0.113333333333333
"19431",0.113333333333333
"19432",0.115
"19433",0.115
"19434",0.111666666666667
"19435",0.075
"19436",0.0766666666666667
"19437",0.075
"19438",0.0766666666666667
"19439",0.0766666666666667
"19440",0.075
"19441",0.075
"19442",0.0733333333333333
"19443",0.075
"19444",0.0766666666666667
"19445",0.0733333333333333
"19446",0.0766666666666667
"19447",0.0766666666666667
"19448",0.0783333333333333
"19449",0.075
"19450",0.075
"19451",0.0616666666666667
"19452",0.0616666666666667
"19453",0.0616666666666667
"19454",0.0633333333333333
"19455",0.0633333333333333
"19456",0.0616666666666667
"19457",0.0616666666666667
"19458",0.0633333333333333
"19459",0.0616666666666667
"19460",0.0633333333333333
"19461",0.0633333333333333
"19462",0.0633333333333333
"19463",0.0616666666666667
"19464",0.065
"19465",0.0616666666666667
"19466",0.065
"19467",0.065
"19468",0.065
"19469",0.065
"19470",0.0666666666666667
"19471",0.0666666666666667
"19472",0.065
"19473",0.065
"19474",0.065
"19475",0.065
"19476",0.0666666666666667
"19477",0.065
"19478",0.0666666666666667
"19479",0.065
"19480",0.0683333333333333
"19481",0.0683333333333333
"19482",0.065
"19483",0.0616666666666667
"19484",0.0583333333333333
"19485",0.065
"19486",0.06
"19487",0.06
"19488",0.0616666666666667
"19489",0.0616666666666667
"19490",0.06
"19491",0.0616666666666667
"19492",0.06
"19493",0.06
"19494",0.06
"19495",0.0583333333333333
"19496",0.0633333333333333
"19497",0.0616666666666667
"19498",0.0616666666666667
"19499",0.123333333333333
"19500",0.123333333333333
"19501",0.126666666666667
"19502",0.125
"19503",0.125
"19504",0.123333333333333
"19505",0.123333333333333
"19506",0.121666666666667
"19507",0.123333333333333
"19508",0.125
"19509",0.121666666666667
"19510",0.125
"19511",0.123333333333333
"19512",0.126666666666667
"19513",0.126666666666667
"19514",0.123333333333333
"19515",0.123333333333333
"19516",0.123333333333333
"19517",0.126666666666667
"19518",0.125
"19519",0.125
"19520",0.123333333333333
"19521",0.123333333333333
"19522",0.121666666666667
"19523",0.123333333333333
"19524",0.125
"19525",0.121666666666667
"19526",0.125
"19527",0.123333333333333
"19528",0.126666666666667
"19529",0.126666666666667
"19530",0.123333333333333
"19531",0.123333333333333
"19532",0.123333333333333
"19533",0.126666666666667
"19534",0.125
"19535",0.125
"19536",0.123333333333333
"19537",0.123333333333333
"19538",0.121666666666667
"19539",0.123333333333333
"19540",0.125
"19541",0.121666666666667
"19542",0.125
"19543",0.123333333333333
"19544",0.126666666666667
"19545",0.126666666666667
"19546",0.123333333333333
"19547",0.125
"19548",0.125
"19549",0.128333333333333
"19550",0.126666666666667
"19551",0.126666666666667
"19552",0.125
"19553",0.125
"19554",0.123333333333333
"19555",0.125
"19556",0.126666666666667
"19557",0.123333333333333
"19558",0.126666666666667
"19559",0.125
"19560",0.128333333333333
"19561",0.125
"19562",0.125
"19563",0.125
"19564",0.125
"19565",0.128333333333333
"19566",0.126666666666667
"19567",0.126666666666667
"19568",0.125
"19569",0.125
"19570",0.123333333333333
"19571",0.125
"19572",0.126666666666667
"19573",0.123333333333333
"19574",0.126666666666667
"19575",0.125
"19576",0.128333333333333
"19577",0.125
"19578",0.125
"19579",0.121666666666667
"19580",0.121666666666667
"19581",0.125
"19582",0.123333333333333
"19583",0.123333333333333
"19584",0.121666666666667
"19585",0.121666666666667
"19586",0.12
"19587",0.121666666666667
"19588",0.123333333333333
"19589",0.12
"19590",0.123333333333333
"19591",0.121666666666667
"19592",0.125
"19593",0.125
"19594",0.121666666666667
"19595",0.123333333333333
"19596",0.123333333333333
"19597",0.126666666666667
"19598",0.125
"19599",0.125
"19600",0.123333333333333
"19601",0.123333333333333
"19602",0.121666666666667
"19603",0.123333333333333
"19604",0.125
"19605",0.121666666666667
"19606",0.125
"19607",0.123333333333333
"19608",0.126666666666667
"19609",0.126666666666667
"19610",0.123333333333333
"19611",0.123333333333333
"19612",0.123333333333333
"19613",0.126666666666667
"19614",0.125
"19615",0.125
"19616",0.123333333333333
"19617",0.123333333333333
"19618",0.121666666666667
"19619",0.123333333333333
"19620",0.125
"19621",0.121666666666667
"19622",0.125
"19623",0.123333333333333
"19624",0.126666666666667
"19625",0.126666666666667
"19626",0.123333333333333
"19627",0.123333333333333
"19628",0.123333333333333
"19629",0.126666666666667
"19630",0.125
"19631",0.125
"19632",0.123333333333333
"19633",0.123333333333333
"19634",0.121666666666667
"19635",0.123333333333333
"19636",0.125
"19637",0.121666666666667
"19638",0.125
"19639",0.123333333333333
"19640",0.126666666666667
"19641",0.126666666666667
"19642",0.123333333333333
"19643",0.123333333333333
"19644",0.123333333333333
"19645",0.126666666666667
"19646",0.125
"19647",0.125
"19648",0.123333333333333
"19649",0.123333333333333
"19650",0.121666666666667
"19651",0.123333333333333
"19652",0.125
"19653",0.121666666666667
"19654",0.125
"19655",0.123333333333333
"19656",0.126666666666667
"19657",0.126666666666667
"19658",0.123333333333333
"19659",0.123333333333333
"19660",0.123333333333333
"19661",0.126666666666667
"19662",0.125
"19663",0.125
"19664",0.123333333333333
"19665",0.123333333333333
"19666",0.121666666666667
"19667",0.123333333333333
"19668",0.125
"19669",0.121666666666667
"19670",0.125
"19671",0.123333333333333
"19672",0.126666666666667
"19673",0.126666666666667
"19674",0.123333333333333
"19675",0.121666666666667
"19676",0.121666666666667
"19677",0.125
"19678",0.123333333333333
"19679",0.123333333333333
"19680",0.121666666666667
"19681",0.121666666666667
"19682",0.12
"19683",0.121666666666667
"19684",0.123333333333333
"19685",0.12
"19686",0.123333333333333
"19687",0.121666666666667
"19688",0.125
"19689",0.125
"19690",0.121666666666667
"19691",0.123333333333333
"19692",0.123333333333333
"19693",0.126666666666667
"19694",0.125
"19695",0.125
"19696",0.123333333333333
"19697",0.123333333333333
"19698",0.121666666666667
"19699",0.123333333333333
"19700",0.125
"19701",0.121666666666667
"19702",0.125
"19703",0.123333333333333
"19704",0.126666666666667
"19705",0.126666666666667
"19706",0.123333333333333
"19707",0.125
"19708",0.125
"19709",0.128333333333333
"19710",0.126666666666667
"19711",0.126666666666667
"19712",0.125
"19713",0.125
"19714",0.123333333333333
"19715",0.125
"19716",0.126666666666667
"19717",0.123333333333333
"19718",0.126666666666667
"19719",0.125
"19720",0.128333333333333
"19721",0.128333333333333
"19722",0.125
"19723",0.125
"19724",0.125
"19725",0.128333333333333
"19726",0.126666666666667
"19727",0.126666666666667
"19728",0.125
"19729",0.125
"19730",0.123333333333333
"19731",0.125
"19732",0.126666666666667
"19733",0.123333333333333
"19734",0.126666666666667
"19735",0.125
"19736",0.128333333333333
"19737",0.128333333333333
"19738",0.125
"19739",0.123333333333333
"19740",0.123333333333333
"19741",0.126666666666667
"19742",0.125
"19743",0.125
"19744",0.123333333333333
"19745",0.123333333333333
"19746",0.121666666666667
"19747",0.123333333333333
"19748",0.125
"19749",0.121666666666667
"19750",0.125
"19751",0.123333333333333
"19752",0.126666666666667
"19753",0.126666666666667
"19754",0.123333333333333
"19755",0.123333333333333
"19756",0.123333333333333
"19757",0.126666666666667
"19758",0.125
"19759",0.125
"19760",0.123333333333333
"19761",0.123333333333333
"19762",0.121666666666667
"19763",0.123333333333333
"19764",0.125
"19765",0.121666666666667
"19766",0.125
"19767",0.123333333333333
"19768",0.126666666666667
"19769",0.126666666666667
"19770",0.123333333333333
"19771",0.125
"19772",0.125
"19773",0.128333333333333
"19774",0.126666666666667
"19775",0.126666666666667
"19776",0.125
"19777",0.125
"19778",0.123333333333333
"19779",0.125
"19780",0.126666666666667
"19781",0.123333333333333
"19782",0.126666666666667
"19783",0.125
"19784",0.128333333333333
"19785",0.125
"19786",0.125
"19787",0.123333333333333
"19788",0.123333333333333
"19789",0.126666666666667
"19790",0.125
"19791",0.125
"19792",0.123333333333333
"19793",0.123333333333333
"19794",0.121666666666667
"19795",0.123333333333333
"19796",0.125
"19797",0.121666666666667
"19798",0.125
"19799",0.123333333333333
"19800",0.126666666666667
"19801",0.126666666666667
"19802",0.123333333333333
"19803",0.125
"19804",0.125
"19805",0.128333333333333
"19806",0.126666666666667
"19807",0.126666666666667
"19808",0.125
"19809",0.125
"19810",0.123333333333333
"19811",0.125
"19812",0.126666666666667
"19813",0.123333333333333
"19814",0.126666666666667
"19815",0.125
"19816",0.128333333333333
"19817",0.125
"19818",0.125
"19819",0.121666666666667
"19820",0.125
"19821",0.125
"19822",0.123333333333333
"19823",0.123333333333333
"19824",0.121666666666667
"19825",0.121666666666667
"19826",0.12
"19827",0.121666666666667
"19828",0.123333333333333
"19829",0.12
"19830",0.123333333333333
"19831",0.125
"19832",0.125
"19833",0.125
"19834",0.121666666666667
"19835",0.123333333333333
"19836",0.123333333333333
"19837",0.126666666666667
"19838",0.125
"19839",0.125
"19840",0.123333333333333
"19841",0.123333333333333
"19842",0.121666666666667
"19843",0.123333333333333
"19844",0.125
"19845",0.121666666666667
"19846",0.125
"19847",0.123333333333333
"19848",0.126666666666667
"19849",0.126666666666667
"19850",0.123333333333333
"19851",0.123333333333333
"19852",0.123333333333333
"19853",0.126666666666667
"19854",0.125
"19855",0.125
"19856",0.123333333333333
"19857",0.123333333333333
"19858",0.121666666666667
"19859",0.123333333333333
"19860",0.125
"19861",0.121666666666667
"19862",0.125
"19863",0.123333333333333
"19864",0.126666666666667
"19865",0.126666666666667
"19866",0.123333333333333
"19867",0.123333333333333
"19868",0.123333333333333
"19869",0.126666666666667
"19870",0.125
"19871",0.125
"19872",0.123333333333333
"19873",0.123333333333333
"19874",0.121666666666667
"19875",0.123333333333333
"19876",0.125
"19877",0.121666666666667
"19878",0.125
"19879",0.123333333333333
"19880",0.126666666666667
"19881",0.126666666666667
"19882",0.123333333333333
"19883",0.123333333333333
"19884",0.123333333333333
"19885",0.126666666666667
"19886",0.125
"19887",0.125
"19888",0.123333333333333
"19889",0.123333333333333
"19890",0.121666666666667
"19891",0.123333333333333
"19892",0.125
"19893",0.121666666666667
"19894",0.125
"19895",0.123333333333333
"19896",0.126666666666667
"19897",0.126666666666667
"19898",0.123333333333333
"19899",0.121666666666667
"19900",0.125
"19901",0.125
"19902",0.123333333333333
"19903",0.123333333333333
"19904",0.121666666666667
"19905",0.121666666666667
"19906",0.12
"19907",0.121666666666667
"19908",0.123333333333333
"19909",0.12
"19910",0.123333333333333
"19911",0.125
"19912",0.125
"19913",0.125
"19914",0.121666666666667
"19915",0.123333333333333
"19916",0.123333333333333
"19917",0.126666666666667
"19918",0.125
"19919",0.125
"19920",0.123333333333333
"19921",0.123333333333333
"19922",0.121666666666667
"19923",0.123333333333333
"19924",0.125
"19925",0.121666666666667
"19926",0.125
"19927",0.123333333333333
"19928",0.126666666666667
"19929",0.126666666666667
"19930",0.123333333333333
"19931",0.123333333333333
"19932",0.123333333333333
"19933",0.126666666666667
"19934",0.125
"19935",0.125
"19936",0.123333333333333
"19937",0.123333333333333
"19938",0.121666666666667
"19939",0.123333333333333
"19940",0.125
"19941",0.121666666666667
"19942",0.125
"19943",0.123333333333333
"19944",0.126666666666667
"19945",0.126666666666667
"19946",0.123333333333333
"19947",0.123333333333333
"19948",0.123333333333333
"19949",0.126666666666667
"19950",0.125
"19951",0.125
"19952",0.123333333333333
"19953",0.123333333333333
"19954",0.121666666666667
"19955",0.123333333333333
"19956",0.125
"19957",0.121666666666667
"19958",0.125
"19959",0.123333333333333
"19960",0.126666666666667
"19961",0.126666666666667
"19962",0.123333333333333
"19963",0.123333333333333
"19964",0.123333333333333
"19965",0.126666666666667
"19966",0.125
"19967",0.125
"19968",0.123333333333333
"19969",0.123333333333333
"19970",0.121666666666667
"19971",0.123333333333333
"19972",0.125
"19973",0.121666666666667
"19974",0.125
"19975",0.123333333333333
"19976",0.126666666666667
"19977",0.126666666666667
"19978",0.123333333333333
"19979",0.123333333333333
"19980",0.123333333333333
"19981",0.126666666666667
"19982",0.125
"19983",0.125
"19984",0.123333333333333
"19985",0.123333333333333
"19986",0.121666666666667
"19987",0.123333333333333
"19988",0.125
"19989",0.121666666666667
"19990",0.125
"19991",0.123333333333333
"19992",0.126666666666667
"19993",0.126666666666667
"19994",0.123333333333333
"19995",0.126666666666667
"19996",0.126666666666667
"19997",0.13
"19998",0.128333333333333
"19999",0.128333333333333
"20000",0.126666666666667
"20001",0.126666666666667
"20002",0.125
"20003",0.126666666666667
"20004",0.128333333333333
"20005",0.125
"20006",0.128333333333333
"20007",0.126666666666667
"20008",0.13
"20009",0.126666666666667
"20010",0.126666666666667
"20011",0.123333333333333
"20012",0.123333333333333
"20013",0.126666666666667
"20014",0.125
"20015",0.125
"20016",0.123333333333333
"20017",0.123333333333333
"20018",0.121666666666667
"20019",0.123333333333333
"20020",0.125
"20021",0.121666666666667
"20022",0.125
"20023",0.123333333333333
"20024",0.126666666666667
"20025",0.126666666666667
"20026",0.123333333333333
"20027",0.123333333333333
"20028",0.123333333333333
"20029",0.126666666666667
"20030",0.125
"20031",0.125
"20032",0.123333333333333
"20033",0.123333333333333
"20034",0.121666666666667
"20035",0.123333333333333
"20036",0.125
"20037",0.121666666666667
"20038",0.125
"20039",0.123333333333333
"20040",0.126666666666667
"20041",0.126666666666667
"20042",0.123333333333333
"20043",0.125
"20044",0.125
"20045",0.128333333333333
"20046",0.126666666666667
"20047",0.126666666666667
"20048",0.125
"20049",0.125
"20050",0.123333333333333
"20051",0.125
"20052",0.126666666666667
"20053",0.123333333333333
"20054",0.126666666666667
"20055",0.125
"20056",0.128333333333333
"20057",0.128333333333333
"20058",0.125
"20059",0.123333333333333
"20060",0.123333333333333
"20061",0.126666666666667
"20062",0.125
"20063",0.125
"20064",0.123333333333333
"20065",0.123333333333333
"20066",0.121666666666667
"20067",0.123333333333333
"20068",0.125
"20069",0.121666666666667
"20070",0.125
"20071",0.123333333333333
"20072",0.126666666666667
"20073",0.126666666666667
"20074",0.123333333333333
"20075",0.123333333333333
"20076",0.123333333333333
"20077",0.126666666666667
"20078",0.125
"20079",0.125
"20080",0.123333333333333
"20081",0.123333333333333
"20082",0.121666666666667
"20083",0.123333333333333
"20084",0.125
"20085",0.121666666666667
"20086",0.125
"20087",0.123333333333333
"20088",0.126666666666667
"20089",0.126666666666667
"20090",0.123333333333333
"20091",0.123333333333333
"20092",0.123333333333333
"20093",0.126666666666667
"20094",0.125
"20095",0.125
"20096",0.123333333333333
"20097",0.123333333333333
"20098",0.121666666666667
"20099",0.123333333333333
"20100",0.125
"20101",0.121666666666667
"20102",0.125
"20103",0.123333333333333
"20104",0.126666666666667
"20105",0.126666666666667
"20106",0.123333333333333
"20107",0.123333333333333
"20108",0.123333333333333
"20109",0.126666666666667
"20110",0.125
"20111",0.125
"20112",0.123333333333333
"20113",0.123333333333333
"20114",0.121666666666667
"20115",0.123333333333333
"20116",0.125
"20117",0.121666666666667
"20118",0.125
"20119",0.123333333333333
"20120",0.126666666666667
"20121",0.126666666666667
"20122",0.123333333333333
"20123",0.123333333333333
"20124",0.123333333333333
"20125",0.126666666666667
"20126",0.125
"20127",0.125
"20128",0.123333333333333
"20129",0.123333333333333
"20130",0.121666666666667
"20131",0.123333333333333
"20132",0.125
"20133",0.121666666666667
"20134",0.125
"20135",0.123333333333333
"20136",0.126666666666667
"20137",0.126666666666667
"20138",0.123333333333333
"20139",0.02
"20140",0.0233333333333333
"20141",0.02
"20142",0.0216666666666667
"20143",0.0216666666666667
"20144",0.02
"20145",0.02
"20146",0.0183333333333333
"20147",0.02
"20148",0.0216666666666667
"20149",0.0183333333333333
"20150",0.0216666666666667
"20151",0.0233333333333333
"20152",0.0233333333333333
"20153",0.02
"20154",0.0233333333333333
"20155",0.0183333333333333
"20156",0.0216666666666667
"20157",0.0183333333333333
"20158",0.02
"20159",0.02
"20160",0.0183333333333333
"20161",0.0183333333333333
"20162",0.02
"20163",0.0183333333333333
"20164",0.02
"20165",0.02
"20166",0.02
"20167",0.0216666666666667
"20168",0.0216666666666667
"20169",0.0183333333333333
"20170",0.0216666666666667
"20171",0.02
"20172",0.0233333333333333
"20173",0.02
"20174",0.0216666666666667
"20175",0.0216666666666667
"20176",0.02
"20177",0.02
"20178",0.0183333333333333
"20179",0.02
"20180",0.0216666666666667
"20181",0.0183333333333333
"20182",0.0216666666666667
"20183",0.0233333333333333
"20184",0.0233333333333333
"20185",0.02
"20186",0.0233333333333333
"20187",0.0183333333333333
"20188",0.0216666666666667
"20189",0.0183333333333333
"20190",0.02
"20191",0.02
"20192",0.0183333333333333
"20193",0.0183333333333333
"20194",0.02
"20195",0.0183333333333333
"20196",0.02
"20197",0.02
"20198",0.02
"20199",0.0216666666666667
"20200",0.0216666666666667
"20201",0.0183333333333333
"20202",0.0216666666666667
"20203",0.02
"20204",0.0233333333333333
"20205",0.02
"20206",0.0216666666666667
"20207",0.0216666666666667
"20208",0.02
"20209",0.02
"20210",0.0183333333333333
"20211",0.02
"20212",0.0216666666666667
"20213",0.0183333333333333
"20214",0.0216666666666667
"20215",0.0233333333333333
"20216",0.0233333333333333
"20217",0.02
"20218",0.0233333333333333
"20219",0.0183333333333333
"20220",0.0216666666666667
"20221",0.0183333333333333
"20222",0.02
"20223",0.02
"20224",0.0183333333333333
"20225",0.0183333333333333
"20226",0.02
"20227",0.0183333333333333
"20228",0.02
"20229",0.02
"20230",0.02
"20231",0.0216666666666667
"20232",0.0216666666666667
"20233",0.0183333333333333
"20234",0.0216666666666667
"20235",0.02
"20236",0.0233333333333333
"20237",0.02
"20238",0.0216666666666667
"20239",0.0216666666666667
"20240",0.02
"20241",0.02
"20242",0.0183333333333333
"20243",0.02
"20244",0.0216666666666667
"20245",0.0183333333333333
"20246",0.0216666666666667
"20247",0.0233333333333333
"20248",0.0233333333333333
"20249",0.02
"20250",0.0233333333333333
"20251",0.0916666666666667
"20252",0.0916666666666667
"20253",0.0916666666666667
"20254",0.0933333333333333
"20255",0.0933333333333333
"20256",0.0916666666666667
"20257",0.0916666666666667
"20258",0.0916666666666667
"20259",0.0916666666666667
"20260",0.0933333333333333
"20261",0.0916666666666667
"20262",0.0933333333333333
"20263",0.0916666666666667
"20264",0.095
"20265",0.0916666666666667
"20266",0.095
"20267",0.106666666666667
"20268",0.108333333333333
"20269",0.106666666666667
"20270",0.108333333333333
"20271",0.108333333333333
"20272",0.106666666666667
"20273",0.106666666666667
"20274",0.105
"20275",0.106666666666667
"20276",0.108333333333333
"20277",0.105
"20278",0.108333333333333
"20279",0.108333333333333
"20280",0.11
"20281",0.106666666666667
"20282",0.11
"20283",0.095
"20284",0.0916666666666667
"20285",0.0933333333333333
"20286",0.0933333333333333
"20287",0.0933333333333333
"20288",0.095
"20289",0.095
"20290",0.0933333333333333
"20291",0.095
"20292",0.0933333333333333
"20293",0.0933333333333333
"20294",0.0933333333333333
"20295",0.0916666666666667
"20296",0.095
"20297",0.095
"20298",0.0916666666666667
"20299",0.103333333333333
"20300",0.103333333333333
"20301",0.103333333333333
"20302",0.105
"20303",0.105
"20304",0.103333333333333
"20305",0.103333333333333
"20306",0.101666666666667
"20307",0.103333333333333
"20308",0.105
"20309",0.101666666666667
"20310",0.105
"20311",0.103333333333333
"20312",0.106666666666667
"20313",0.103333333333333
"20314",0.103333333333333
"20315",0.103333333333333
"20316",0.103333333333333
"20317",0.103333333333333
"20318",0.105
"20319",0.105
"20320",0.103333333333333
"20321",0.103333333333333
"20322",0.101666666666667
"20323",0.103333333333333
"20324",0.105
"20325",0.101666666666667
"20326",0.105
"20327",0.103333333333333
"20328",0.106666666666667
"20329",0.103333333333333
"20330",0.103333333333333
"20331",0.103333333333333
"20332",0.103333333333333
"20333",0.103333333333333
"20334",0.105
"20335",0.105
"20336",0.103333333333333
"20337",0.103333333333333
"20338",0.101666666666667
"20339",0.103333333333333
"20340",0.105
"20341",0.101666666666667
"20342",0.105
"20343",0.103333333333333
"20344",0.106666666666667
"20345",0.103333333333333
"20346",0.103333333333333
"20347",0.103333333333333
"20348",0.103333333333333
"20349",0.103333333333333
"20350",0.105
"20351",0.105
"20352",0.103333333333333
"20353",0.103333333333333
"20354",0.101666666666667
"20355",0.103333333333333
"20356",0.105
"20357",0.101666666666667
"20358",0.105
"20359",0.103333333333333
"20360",0.106666666666667
"20361",0.103333333333333
"20362",0.103333333333333
"20363",0.101666666666667
"20364",0.101666666666667
"20365",0.101666666666667
"20366",0.103333333333333
"20367",0.103333333333333
"20368",0.101666666666667
"20369",0.101666666666667
"20370",0.1
"20371",0.101666666666667
"20372",0.103333333333333
"20373",0.1
"20374",0.103333333333333
"20375",0.101666666666667
"20376",0.105
"20377",0.101666666666667
"20378",0.101666666666667
"20379",0.09
"20380",0.09
"20381",0.09
"20382",0.0916666666666667
"20383",0.0916666666666667
"20384",0.09
"20385",0.09
"20386",0.09
"20387",0.09
"20388",0.0916666666666667
"20389",0.09
"20390",0.0916666666666667
"20391",0.09
"20392",0.0933333333333333
"20393",0.0916666666666667
"20394",0.09
"20395",0.0933333333333333
"20396",0.095
"20397",0.0933333333333333
"20398",0.095
"20399",0.095
"20400",0.0933333333333333
"20401",0.0933333333333333
"20402",0.0933333333333333
"20403",0.0933333333333333
"20404",0.095
"20405",0.0933333333333333
"20406",0.095
"20407",0.095
"20408",0.0966666666666667
"20409",0.0916666666666667
"20410",0.0966666666666667
"20411",0.0933333333333333
"20412",0.095
"20413",0.0933333333333333
"20414",0.095
"20415",0.095
"20416",0.0933333333333333
"20417",0.0933333333333333
"20418",0.0933333333333333
"20419",0.0933333333333333
"20420",0.095
"20421",0.0933333333333333
"20422",0.095
"20423",0.095
"20424",0.0966666666666667
"20425",0.0916666666666667
"20426",0.0966666666666667
"20427",0.0933333333333333
"20428",0.095
"20429",0.0933333333333333
"20430",0.095
"20431",0.095
"20432",0.0933333333333333
"20433",0.0933333333333333
"20434",0.0933333333333333
"20435",0.0933333333333333
"20436",0.095
"20437",0.0933333333333333
"20438",0.095
"20439",0.095
"20440",0.0966666666666667
"20441",0.0916666666666667
"20442",0.0966666666666667
"20443",0.0983333333333333
"20444",0.1
"20445",0.0983333333333333
"20446",0.1
"20447",0.1
"20448",0.0983333333333333
"20449",0.0983333333333333
"20450",0.0983333333333333
"20451",0.0983333333333333
"20452",0.1
"20453",0.0983333333333333
"20454",0.1
"20455",0.1
"20456",0.101666666666667
"20457",0.0966666666666667
"20458",0.101666666666667
"20459",0.0933333333333333
"20460",0.095
"20461",0.0933333333333333
"20462",0.095
"20463",0.095
"20464",0.0933333333333333
"20465",0.0933333333333333
"20466",0.0933333333333333
"20467",0.0933333333333333
"20468",0.095
"20469",0.0933333333333333
"20470",0.095
"20471",0.095
"20472",0.0966666666666667
"20473",0.0916666666666667
"20474",0.0966666666666667
"20475",0.0916666666666667
"20476",0.0933333333333333
"20477",0.0916666666666667
"20478",0.0933333333333333
"20479",0.0933333333333333
"20480",0.0916666666666667
"20481",0.0916666666666667
"20482",0.0916666666666667
"20483",0.0916666666666667
"20484",0.0933333333333333
"20485",0.0916666666666667
"20486",0.0933333333333333
"20487",0.0933333333333333
"20488",0.095
"20489",0.09
"20490",0.095
"20491",0.0966666666666667
"20492",0.0983333333333333
"20493",0.0966666666666667
"20494",0.0983333333333333
"20495",0.0983333333333333
"20496",0.0966666666666667
"20497",0.0966666666666667
"20498",0.0966666666666667
"20499",0.0966666666666667
"20500",0.0983333333333333
"20501",0.0966666666666667
"20502",0.0983333333333333
"20503",0.0983333333333333
"20504",0.0983333333333333
"20505",0.095
"20506",0.1
"20507",0.0933333333333333
"20508",0.095
"20509",0.0933333333333333
"20510",0.095
"20511",0.095
"20512",0.0933333333333333
"20513",0.0933333333333333
"20514",0.0933333333333333
"20515",0.0933333333333333
"20516",0.095
"20517",0.0933333333333333
"20518",0.095
"20519",0.095
"20520",0.0966666666666667
"20521",0.0916666666666667
"20522",0.0966666666666667
"20523",0.0933333333333333
"20524",0.095
"20525",0.0933333333333333
"20526",0.095
"20527",0.095
"20528",0.0933333333333333
"20529",0.0933333333333333
"20530",0.0933333333333333
"20531",0.0933333333333333
"20532",0.095
"20533",0.0933333333333333
"20534",0.095
"20535",0.095
"20536",0.0966666666666667
"20537",0.0916666666666667
"20538",0.0966666666666667
"20539",0.0933333333333333
"20540",0.095
"20541",0.0933333333333333
"20542",0.095
"20543",0.095
"20544",0.0933333333333333
"20545",0.0933333333333333
"20546",0.0933333333333333
"20547",0.0933333333333333
"20548",0.095
"20549",0.0933333333333333
"20550",0.095
"20551",0.095
"20552",0.0966666666666667
"20553",0.0916666666666667
"20554",0.0966666666666667
"20555",0.0933333333333333
"20556",0.095
"20557",0.0933333333333333
"20558",0.095
"20559",0.095
"20560",0.0933333333333333
"20561",0.0933333333333333
"20562",0.0933333333333333
"20563",0.0933333333333333
"20564",0.095
"20565",0.0933333333333333
"20566",0.095
"20567",0.095
"20568",0.0966666666666667
"20569",0.0916666666666667
"20570",0.0966666666666667
"20571",0.0933333333333333
"20572",0.095
"20573",0.0933333333333333
"20574",0.095
"20575",0.095
"20576",0.0933333333333333
"20577",0.0933333333333333
"20578",0.0933333333333333
"20579",0.0933333333333333
"20580",0.095
"20581",0.0933333333333333
"20582",0.095
"20583",0.095
"20584",0.0966666666666667
"20585",0.0916666666666667
"20586",0.0966666666666667
"20587",0.095
"20588",0.0966666666666667
"20589",0.095
"20590",0.0966666666666667
"20591",0.0966666666666667
"20592",0.095
"20593",0.095
"20594",0.095
"20595",0.095
"20596",0.0966666666666667
"20597",0.095
"20598",0.0966666666666667
"20599",0.0966666666666667
"20600",0.0983333333333333
"20601",0.0933333333333333
"20602",0.0983333333333333
"20603",0.0933333333333333
"20604",0.095
"20605",0.0933333333333333
"20606",0.095
"20607",0.095
"20608",0.0933333333333333
"20609",0.0933333333333333
"20610",0.0933333333333333
"20611",0.0933333333333333
"20612",0.095
"20613",0.0933333333333333
"20614",0.095
"20615",0.095
"20616",0.0966666666666667
"20617",0.0916666666666667
"20618",0.0966666666666667
"20619",0.0933333333333333
"20620",0.095
"20621",0.0933333333333333
"20622",0.095
"20623",0.095
"20624",0.0933333333333333
"20625",0.0933333333333333
"20626",0.0933333333333333
"20627",0.0933333333333333
"20628",0.095
"20629",0.0933333333333333
"20630",0.095
"20631",0.095
"20632",0.0966666666666667
"20633",0.0916666666666667
"20634",0.0966666666666667
"20635",0.0933333333333333
"20636",0.095
"20637",0.0933333333333333
"20638",0.095
"20639",0.095
"20640",0.0933333333333333
"20641",0.0933333333333333
"20642",0.0933333333333333
"20643",0.0933333333333333
"20644",0.095
"20645",0.0933333333333333
"20646",0.095
"20647",0.095
"20648",0.0966666666666667
"20649",0.0916666666666667
"20650",0.0966666666666667
"20651",0.0933333333333333
"20652",0.095
"20653",0.0933333333333333
"20654",0.095
"20655",0.095
"20656",0.0933333333333333
"20657",0.0933333333333333
"20658",0.0933333333333333
"20659",0.0933333333333333
"20660",0.095
"20661",0.0933333333333333
"20662",0.095
"20663",0.095
"20664",0.0966666666666667
"20665",0.0916666666666667
"20666",0.0966666666666667
"20667",0.0933333333333333
"20668",0.095
"20669",0.0933333333333333
"20670",0.095
"20671",0.095
"20672",0.0933333333333333
"20673",0.0933333333333333
"20674",0.0933333333333333
"20675",0.0933333333333333
"20676",0.095
"20677",0.0933333333333333
"20678",0.095
"20679",0.095
"20680",0.0966666666666667
"20681",0.0916666666666667
"20682",0.0966666666666667
"20683",0.0933333333333333
"20684",0.095
"20685",0.0933333333333333
"20686",0.095
"20687",0.095
"20688",0.0933333333333333
"20689",0.0933333333333333
"20690",0.0933333333333333
"20691",0.0933333333333333
"20692",0.095
"20693",0.0933333333333333
"20694",0.095
"20695",0.095
"20696",0.0966666666666667
"20697",0.0916666666666667
"20698",0.0966666666666667
"20699",0.0933333333333333
"20700",0.095
"20701",0.0933333333333333
"20702",0.095
"20703",0.095
"20704",0.0933333333333333
"20705",0.0933333333333333
"20706",0.0933333333333333
"20707",0.0933333333333333
"20708",0.095
"20709",0.0933333333333333
"20710",0.095
"20711",0.095
"20712",0.0966666666666667
"20713",0.0916666666666667
"20714",0.0966666666666667
"20715",0.0916666666666667
"20716",0.0933333333333333
"20717",0.0916666666666667
"20718",0.0933333333333333
"20719",0.0933333333333333
"20720",0.0916666666666667
"20721",0.0916666666666667
"20722",0.0916666666666667
"20723",0.0916666666666667
"20724",0.0933333333333333
"20725",0.0916666666666667
"20726",0.0933333333333333
"20727",0.0933333333333333
"20728",0.095
"20729",0.09
"20730",0.095
"20731",0.0933333333333333
"20732",0.095
"20733",0.0933333333333333
"20734",0.095
"20735",0.095
"20736",0.0933333333333333
"20737",0.0933333333333333
"20738",0.0933333333333333
"20739",0.0933333333333333
"20740",0.095
"20741",0.0933333333333333
"20742",0.095
"20743",0.095
"20744",0.0966666666666667
"20745",0.0916666666666667
"20746",0.0966666666666667
"20747",0.0933333333333333
"20748",0.095
"20749",0.0933333333333333
"20750",0.095
"20751",0.095
"20752",0.0933333333333333
"20753",0.0933333333333333
"20754",0.0933333333333333
"20755",0.0933333333333333
"20756",0.095
"20757",0.0933333333333333
"20758",0.095
"20759",0.095
"20760",0.0966666666666667
"20761",0.0916666666666667
"20762",0.0966666666666667
"20763",0.0916666666666667
"20764",0.0933333333333333
"20765",0.0916666666666667
"20766",0.0933333333333333
"20767",0.0933333333333333
"20768",0.0916666666666667
"20769",0.0916666666666667
"20770",0.0916666666666667
"20771",0.0916666666666667
"20772",0.0933333333333333
"20773",0.0916666666666667
"20774",0.0933333333333333
"20775",0.0933333333333333
"20776",0.095
"20777",0.09
"20778",0.095
"20779",0.095
"20780",0.0966666666666667
"20781",0.095
"20782",0.0966666666666667
"20783",0.0966666666666667
"20784",0.095
"20785",0.095
"20786",0.095
"20787",0.095
"20788",0.0966666666666667
"20789",0.095
"20790",0.0966666666666667
"20791",0.0966666666666667
"20792",0.0983333333333333
"20793",0.0933333333333333
"20794",0.0983333333333333
"20795",0.0933333333333333
"20796",0.095
"20797",0.0933333333333333
"20798",0.095
"20799",0.095
"20800",0.0933333333333333
"20801",0.0933333333333333
"20802",0.0933333333333333
"20803",0.0933333333333333
"20804",0.095
"20805",0.0933333333333333
"20806",0.095
"20807",0.095
"20808",0.0966666666666667
"20809",0.0916666666666667
"20810",0.0966666666666667
"20811",0.0933333333333333
"20812",0.095
"20813",0.0933333333333333
"20814",0.095
"20815",0.095
"20816",0.0933333333333333
"20817",0.0933333333333333
"20818",0.0933333333333333
"20819",0.0933333333333333
"20820",0.095
"20821",0.0933333333333333
"20822",0.095
"20823",0.095
"20824",0.0966666666666667
"20825",0.0916666666666667
"20826",0.0966666666666667
"20827",0.0916666666666667
"20828",0.0933333333333333
"20829",0.0916666666666667
"20830",0.0933333333333333
"20831",0.0933333333333333
"20832",0.0916666666666667
"20833",0.0916666666666667
"20834",0.0916666666666667
"20835",0.0916666666666667
"20836",0.0933333333333333
"20837",0.0916666666666667
"20838",0.0933333333333333
"20839",0.0933333333333333
"20840",0.095
"20841",0.09
"20842",0.095
"20843",0.0933333333333333
"20844",0.095
"20845",0.0933333333333333
"20846",0.095
"20847",0.095
"20848",0.0933333333333333
"20849",0.0933333333333333
"20850",0.0933333333333333
"20851",0.0933333333333333
"20852",0.095
"20853",0.0933333333333333
"20854",0.095
"20855",0.095
"20856",0.0966666666666667
"20857",0.0916666666666667
"20858",0.0966666666666667
"20859",0.0933333333333333
"20860",0.095
"20861",0.0933333333333333
"20862",0.095
"20863",0.095
"20864",0.0933333333333333
"20865",0.0933333333333333
"20866",0.0933333333333333
"20867",0.0933333333333333
"20868",0.095
"20869",0.0933333333333333
"20870",0.095
"20871",0.095
"20872",0.0966666666666667
"20873",0.0916666666666667
"20874",0.0966666666666667
"20875",0.0933333333333333
"20876",0.095
"20877",0.0933333333333333
"20878",0.095
"20879",0.095
"20880",0.0933333333333333
"20881",0.0933333333333333
"20882",0.0933333333333333
"20883",0.0933333333333333
"20884",0.095
"20885",0.0933333333333333
"20886",0.095
"20887",0.095
"20888",0.0966666666666667
"20889",0.0916666666666667
"20890",0.0966666666666667
"20891",0.0933333333333333
"20892",0.095
"20893",0.0933333333333333
"20894",0.095
"20895",0.095
"20896",0.0933333333333333
"20897",0.0933333333333333
"20898",0.0933333333333333
"20899",0.0933333333333333
"20900",0.095
"20901",0.0933333333333333
"20902",0.095
"20903",0.095
"20904",0.0966666666666667
"20905",0.0916666666666667
"20906",0.0966666666666667
"20907",0.0966666666666667
"20908",0.0983333333333333
"20909",0.0966666666666667
"20910",0.0983333333333333
"20911",0.0983333333333333
"20912",0.0966666666666667
"20913",0.0966666666666667
"20914",0.0966666666666667
"20915",0.0966666666666667
"20916",0.0983333333333333
"20917",0.0966666666666667
"20918",0.0983333333333333
"20919",0.0983333333333333
"20920",0.1
"20921",0.095
"20922",0.1
"20923",0.0933333333333333
"20924",0.095
"20925",0.0933333333333333
"20926",0.095
"20927",0.095
"20928",0.0933333333333333
"20929",0.0933333333333333
"20930",0.0933333333333333
"20931",0.0933333333333333
"20932",0.095
"20933",0.0933333333333333
"20934",0.095
"20935",0.095
"20936",0.0966666666666667
"20937",0.0916666666666667
"20938",0.0966666666666667
"20939",0.0933333333333333
"20940",0.095
"20941",0.0933333333333333
"20942",0.095
"20943",0.095
"20944",0.0933333333333333
"20945",0.0933333333333333
"20946",0.0933333333333333
"20947",0.0933333333333333
"20948",0.095
"20949",0.0933333333333333
"20950",0.095
"20951",0.095
"20952",0.0966666666666667
"20953",0.0916666666666667
"20954",0.0966666666666667
"20955",0.0933333333333333
"20956",0.095
"20957",0.0933333333333333
"20958",0.095
"20959",0.095
"20960",0.0933333333333333
"20961",0.0933333333333333
"20962",0.0933333333333333
"20963",0.0933333333333333
"20964",0.095
"20965",0.0933333333333333
"20966",0.095
"20967",0.095
"20968",0.0966666666666667
"20969",0.0916666666666667
"20970",0.0966666666666667
"20971",0.0933333333333333
"20972",0.095
"20973",0.0933333333333333
"20974",0.095
"20975",0.095
"20976",0.0933333333333333
"20977",0.0933333333333333
"20978",0.0933333333333333
"20979",0.0933333333333333
"20980",0.095
"20981",0.0933333333333333
"20982",0.095
"20983",0.095
"20984",0.0966666666666667
"20985",0.0916666666666667
"20986",0.0966666666666667
"20987",0.0933333333333333
"20988",0.095
"20989",0.0933333333333333
"20990",0.095
"20991",0.095
"20992",0.0933333333333333
"20993",0.0933333333333333
"20994",0.0933333333333333
"20995",0.0933333333333333
"20996",0.095
"20997",0.0933333333333333
"20998",0.095
"20999",0.095
"21000",0.0966666666666667
"21001",0.0916666666666667
"21002",0.0966666666666667
"21003",0.0933333333333333
"21004",0.095
"21005",0.0933333333333333
"21006",0.095
"21007",0.095
"21008",0.0933333333333333
"21009",0.0933333333333333
"21010",0.0933333333333333
"21011",0.0933333333333333
"21012",0.095
"21013",0.0933333333333333
"21014",0.095
"21015",0.095
"21016",0.0966666666666667
"21017",0.0916666666666667
"21018",0.0966666666666667
"21019",0.0933333333333333
"21020",0.095
"21021",0.0933333333333333
"21022",0.095
"21023",0.095
"21024",0.0933333333333333
"21025",0.0933333333333333
"21026",0.0933333333333333
"21027",0.0933333333333333
"21028",0.095
"21029",0.0933333333333333
"21030",0.095
"21031",0.095
"21032",0.0966666666666667
"21033",0.0916666666666667
"21034",0.0966666666666667
"21035",0.0933333333333333
"21036",0.095
"21037",0.0933333333333333
"21038",0.095
"21039",0.095
"21040",0.0933333333333333
"21041",0.0933333333333333
"21042",0.0933333333333333
"21043",0.0933333333333333
"21044",0.095
"21045",0.0933333333333333
"21046",0.095
"21047",0.095
"21048",0.0966666666666667
"21049",0.0916666666666667
"21050",0.0966666666666667
"21051",0.095
"21052",0.0966666666666667
"21053",0.095
"21054",0.0966666666666667
"21055",0.0966666666666667
"21056",0.095
"21057",0.095
"21058",0.095
"21059",0.095
"21060",0.0966666666666667
"21061",0.095
"21062",0.0966666666666667
"21063",0.0966666666666667
"21064",0.0983333333333333
"21065",0.0933333333333333
"21066",0.0983333333333333
"21067",0.0966666666666667
"21068",0.0983333333333333
"21069",0.0966666666666667
"21070",0.0983333333333333
"21071",0.0983333333333333
"21072",0.0966666666666667
"21073",0.0966666666666667
"21074",0.0966666666666667
"21075",0.0966666666666667
"21076",0.0983333333333333
"21077",0.0966666666666667
"21078",0.0983333333333333
"21079",0.0983333333333333
"21080",0.0983333333333333
"21081",0.095
"21082",0.1
"21083",0.0966666666666667
"21084",0.0983333333333333
"21085",0.0966666666666667
"21086",0.0983333333333333
"21087",0.0983333333333333
"21088",0.0966666666666667
"21089",0.0966666666666667
"21090",0.0966666666666667
"21091",0.0966666666666667
"21092",0.0983333333333333
"21093",0.0966666666666667
"21094",0.0983333333333333
"21095",0.0983333333333333
"21096",0.0983333333333333
"21097",0.095
"21098",0.1
"21099",0.0933333333333333
"21100",0.095
"21101",0.0933333333333333
"21102",0.095
"21103",0.095
"21104",0.0933333333333333
"21105",0.0933333333333333
"21106",0.0933333333333333
"21107",0.0933333333333333
"21108",0.095
"21109",0.0933333333333333
"21110",0.095
"21111",0.095
"21112",0.0966666666666667
"21113",0.0916666666666667
"21114",0.0966666666666667
"21115",0.0933333333333333
"21116",0.095
"21117",0.0933333333333333
"21118",0.095
"21119",0.095
"21120",0.0933333333333333
"21121",0.0933333333333333
"21122",0.0933333333333333
"21123",0.0933333333333333
"21124",0.095
"21125",0.0933333333333333
"21126",0.095
"21127",0.095
"21128",0.0966666666666667
"21129",0.0916666666666667
"21130",0.0966666666666667
"21131",0.0933333333333333
"21132",0.095
"21133",0.0933333333333333
"21134",0.095
"21135",0.095
"21136",0.0933333333333333
"21137",0.0933333333333333
"21138",0.0933333333333333
"21139",0.0933333333333333
"21140",0.095
"21141",0.0933333333333333
"21142",0.095
"21143",0.095
"21144",0.0966666666666667
"21145",0.0916666666666667
"21146",0.0966666666666667
"21147",0.0933333333333333
"21148",0.095
"21149",0.0933333333333333
"21150",0.095
"21151",0.095
"21152",0.0933333333333333
"21153",0.0933333333333333
"21154",0.0933333333333333
"21155",0.0933333333333333
"21156",0.095
"21157",0.0933333333333333
"21158",0.095
"21159",0.095
"21160",0.0966666666666667
"21161",0.0916666666666667
"21162",0.0966666666666667
"21163",0.0933333333333333
"21164",0.095
"21165",0.0933333333333333
"21166",0.095
"21167",0.095
"21168",0.0933333333333333
"21169",0.0933333333333333
"21170",0.0933333333333333
"21171",0.0933333333333333
"21172",0.095
"21173",0.0933333333333333
"21174",0.095
"21175",0.095
"21176",0.0966666666666667
"21177",0.0916666666666667
"21178",0.0966666666666667
"21179",0.125
"21180",0.128333333333333
"21181",0.128333333333333
"21182",0.126666666666667
"21183",0.126666666666667
"21184",0.125
"21185",0.125
"21186",0.123333333333333
"21187",0.125
"21188",0.126666666666667
"21189",0.123333333333333
"21190",0.126666666666667
"21191",0.128333333333333
"21192",0.128333333333333
"21193",0.125
"21194",0.125
"21195",0.0983333333333333
"21196",0.1
"21197",0.0983333333333333
"21198",0.1
"21199",0.1
"21200",0.0983333333333333
"21201",0.0983333333333333
"21202",0.0983333333333333
"21203",0.0983333333333333
"21204",0.1
"21205",0.0983333333333333
"21206",0.1
"21207",0.1
"21208",0.101666666666667
"21209",0.1
"21210",0.0983333333333333
"21211",0.105
"21212",0.106666666666667
"21213",0.105
"21214",0.106666666666667
"21215",0.106666666666667
"21216",0.105
"21217",0.105
"21218",0.105
"21219",0.105
"21220",0.106666666666667
"21221",0.105
"21222",0.106666666666667
"21223",0.106666666666667
"21224",0.108333333333333
"21225",0.103333333333333
"21226",0.105
"21227",0.101666666666667
"21228",0.103333333333333
"21229",0.101666666666667
"21230",0.103333333333333
"21231",0.103333333333333
"21232",0.101666666666667
"21233",0.101666666666667
"21234",0.101666666666667
"21235",0.101666666666667
"21236",0.103333333333333
"21237",0.101666666666667
"21238",0.103333333333333
"21239",0.103333333333333
"21240",0.105
"21241",0.103333333333333
"21242",0.101666666666667
"21243",0.0983333333333333
"21244",0.1
"21245",0.0983333333333333
"21246",0.1
"21247",0.1
"21248",0.0983333333333333
"21249",0.0983333333333333
"21250",0.0983333333333333
"21251",0.0983333333333333
"21252",0.1
"21253",0.0983333333333333
"21254",0.1
"21255",0.1
"21256",0.101666666666667
"21257",0.1
"21258",0.0983333333333333
"21259",0.1
"21260",0.101666666666667
"21261",0.1
"21262",0.101666666666667
"21263",0.101666666666667
"21264",0.1
"21265",0.1
"21266",0.1
"21267",0.1
"21268",0.101666666666667
"21269",0.1
"21270",0.101666666666667
"21271",0.101666666666667
"21272",0.103333333333333
"21273",0.101666666666667
"21274",0.1
"21275",0.1
"21276",0.101666666666667
"21277",0.1
"21278",0.101666666666667
"21279",0.101666666666667
"21280",0.1
"21281",0.1
"21282",0.1
"21283",0.1
"21284",0.101666666666667
"21285",0.1
"21286",0.101666666666667
"21287",0.101666666666667
"21288",0.103333333333333
"21289",0.101666666666667
"21290",0.1
"21291",0.0983333333333333
"21292",0.1
"21293",0.0983333333333333
"21294",0.1
"21295",0.1
"21296",0.0983333333333333
"21297",0.0983333333333333
"21298",0.0983333333333333
"21299",0.0983333333333333
"21300",0.1
"21301",0.0983333333333333
"21302",0.1
"21303",0.1
"21304",0.101666666666667
"21305",0.1
"21306",0.0983333333333333
"21307",0.1
"21308",0.101666666666667
"21309",0.1
"21310",0.101666666666667
"21311",0.101666666666667
"21312",0.1
"21313",0.1
"21314",0.1
"21315",0.1
"21316",0.101666666666667
"21317",0.1
"21318",0.101666666666667
"21319",0.101666666666667
"21320",0.103333333333333
"21321",0.101666666666667
"21322",0.1
"21323",0.106666666666667
"21324",0.108333333333333
"21325",0.106666666666667
"21326",0.108333333333333
"21327",0.108333333333333
"21328",0.106666666666667
"21329",0.106666666666667
"21330",0.106666666666667
"21331",0.106666666666667
"21332",0.108333333333333
"21333",0.106666666666667
"21334",0.108333333333333
"21335",0.108333333333333
"21336",0.11
"21337",0.105
"21338",0.106666666666667
"21339",0.106666666666667
"21340",0.108333333333333
"21341",0.106666666666667
"21342",0.108333333333333
"21343",0.108333333333333
"21344",0.106666666666667
"21345",0.106666666666667
"21346",0.106666666666667
"21347",0.106666666666667
"21348",0.108333333333333
"21349",0.106666666666667
"21350",0.108333333333333
"21351",0.108333333333333
"21352",0.11
"21353",0.105
"21354",0.106666666666667
"21355",0.106666666666667
"21356",0.108333333333333
"21357",0.106666666666667
"21358",0.108333333333333
"21359",0.108333333333333
"21360",0.106666666666667
"21361",0.106666666666667
"21362",0.106666666666667
"21363",0.106666666666667
"21364",0.108333333333333
"21365",0.106666666666667
"21366",0.108333333333333
"21367",0.108333333333333
"21368",0.11
"21369",0.105
"21370",0.106666666666667
"21371",0.106666666666667
"21372",0.108333333333333
"21373",0.106666666666667
"21374",0.108333333333333
"21375",0.108333333333333
"21376",0.106666666666667
"21377",0.106666666666667
"21378",0.106666666666667
"21379",0.106666666666667
"21380",0.108333333333333
"21381",0.106666666666667
"21382",0.108333333333333
"21383",0.108333333333333
"21384",0.11
"21385",0.105
"21386",0.106666666666667
"21387",0.106666666666667
"21388",0.108333333333333
"21389",0.106666666666667
"21390",0.108333333333333
"21391",0.108333333333333
"21392",0.106666666666667
"21393",0.106666666666667
"21394",0.106666666666667
"21395",0.106666666666667
"21396",0.108333333333333
"21397",0.106666666666667
"21398",0.108333333333333
"21399",0.108333333333333
"21400",0.11
"21401",0.105
"21402",0.106666666666667
"21403",0.1
"21404",0.101666666666667
"21405",0.1
"21406",0.101666666666667
"21407",0.101666666666667
"21408",0.1
"21409",0.1
"21410",0.1
"21411",0.1
"21412",0.101666666666667
"21413",0.1
"21414",0.101666666666667
"21415",0.101666666666667
"21416",0.103333333333333
"21417",0.101666666666667
"21418",0.1
"21419",0.1
"21420",0.101666666666667
"21421",0.1
"21422",0.101666666666667
"21423",0.101666666666667
"21424",0.1
"21425",0.1
"21426",0.1
"21427",0.1
"21428",0.101666666666667
"21429",0.1
"21430",0.101666666666667
"21431",0.101666666666667
"21432",0.103333333333333
"21433",0.101666666666667
"21434",0.1
"21435",0.105
"21436",0.106666666666667
"21437",0.105
"21438",0.106666666666667
"21439",0.106666666666667
"21440",0.105
"21441",0.105
"21442",0.105
"21443",0.105
"21444",0.106666666666667
"21445",0.105
"21446",0.106666666666667
"21447",0.106666666666667
"21448",0.108333333333333
"21449",0.106666666666667
"21450",0.105
"21451",0.106666666666667
"21452",0.108333333333333
"21453",0.106666666666667
"21454",0.108333333333333
"21455",0.108333333333333
"21456",0.106666666666667
"21457",0.106666666666667
"21458",0.106666666666667
"21459",0.106666666666667
"21460",0.108333333333333
"21461",0.106666666666667
"21462",0.108333333333333
"21463",0.108333333333333
"21464",0.11
"21465",0.105
"21466",0.106666666666667
"21467",0.1
"21468",0.101666666666667
"21469",0.1
"21470",0.101666666666667
"21471",0.101666666666667
"21472",0.1
"21473",0.1
"21474",0.1
"21475",0.1
"21476",0.101666666666667
"21477",0.1
"21478",0.101666666666667
"21479",0.101666666666667
"21480",0.103333333333333
"21481",0.101666666666667
"21482",0.1
"21483",0.106666666666667
"21484",0.108333333333333
"21485",0.106666666666667
"21486",0.108333333333333
"21487",0.108333333333333
"21488",0.106666666666667
"21489",0.106666666666667
"21490",0.106666666666667
"21491",0.106666666666667
"21492",0.108333333333333
"21493",0.106666666666667
"21494",0.108333333333333
"21495",0.108333333333333
"21496",0.11
"21497",0.105
"21498",0.106666666666667
"21499",0.1
"21500",0.101666666666667
"21501",0.1
"21502",0.101666666666667
"21503",0.101666666666667
"21504",0.1
"21505",0.1
"21506",0.1
"21507",0.1
"21508",0.101666666666667
"21509",0.1
"21510",0.101666666666667
"21511",0.101666666666667
"21512",0.103333333333333
"21513",0.101666666666667
"21514",0.1
"21515",0.1
"21516",0.101666666666667
"21517",0.1
"21518",0.101666666666667
"21519",0.101666666666667
"21520",0.1
"21521",0.1
"21522",0.1
"21523",0.1
"21524",0.101666666666667
"21525",0.1
"21526",0.101666666666667
"21527",0.101666666666667
"21528",0.103333333333333
"21529",0.101666666666667
"21530",0.1
"21531",0.106666666666667
"21532",0.108333333333333
"21533",0.106666666666667
"21534",0.108333333333333
"21535",0.108333333333333
"21536",0.106666666666667
"21537",0.106666666666667
"21538",0.106666666666667
"21539",0.106666666666667
"21540",0.108333333333333
"21541",0.106666666666667
"21542",0.108333333333333
"21543",0.108333333333333
"21544",0.11
"21545",0.105
"21546",0.106666666666667
"21547",0.106666666666667
"21548",0.108333333333333
"21549",0.106666666666667
"21550",0.108333333333333
"21551",0.108333333333333
"21552",0.106666666666667
"21553",0.106666666666667
"21554",0.106666666666667
"21555",0.106666666666667
"21556",0.108333333333333
"21557",0.106666666666667
"21558",0.108333333333333
"21559",0.108333333333333
"21560",0.11
"21561",0.105
"21562",0.106666666666667
"21563",0.105
"21564",0.106666666666667
"21565",0.105
"21566",0.106666666666667
"21567",0.106666666666667
"21568",0.105
"21569",0.105
"21570",0.105
"21571",0.105
"21572",0.106666666666667
"21573",0.105
"21574",0.106666666666667
"21575",0.106666666666667
"21576",0.108333333333333
"21577",0.103333333333333
"21578",0.105
"21579",0.106666666666667
"21580",0.108333333333333
"21581",0.106666666666667
"21582",0.108333333333333
"21583",0.108333333333333
"21584",0.106666666666667
"21585",0.106666666666667
"21586",0.106666666666667
"21587",0.106666666666667
"21588",0.108333333333333
"21589",0.106666666666667
"21590",0.108333333333333
"21591",0.108333333333333
"21592",0.11
"21593",0.105
"21594",0.106666666666667
"21595",0.106666666666667
"21596",0.108333333333333
"21597",0.106666666666667
"21598",0.108333333333333
"21599",0.108333333333333
"21600",0.106666666666667
"21601",0.106666666666667
"21602",0.106666666666667
"21603",0.106666666666667
"21604",0.108333333333333
"21605",0.106666666666667
"21606",0.108333333333333
"21607",0.108333333333333
"21608",0.11
"21609",0.105
"21610",0.106666666666667
"21611",0.106666666666667
"21612",0.108333333333333
"21613",0.106666666666667
"21614",0.108333333333333
"21615",0.108333333333333
"21616",0.106666666666667
"21617",0.106666666666667
"21618",0.106666666666667
"21619",0.106666666666667
"21620",0.108333333333333
"21621",0.106666666666667
"21622",0.108333333333333
"21623",0.108333333333333
"21624",0.11
"21625",0.105
"21626",0.106666666666667
"21627",0.111666666666667
"21628",0.113333333333333
"21629",0.111666666666667
"21630",0.113333333333333
"21631",0.113333333333333
"21632",0.111666666666667
"21633",0.111666666666667
"21634",0.11
"21635",0.111666666666667
"21636",0.113333333333333
"21637",0.11
"21638",0.113333333333333
"21639",0.113333333333333
"21640",0.115
"21641",0.115
"21642",0.111666666666667
"21643",0.0266666666666667
"21644",0.0266666666666667
"21645",0.0266666666666667
"21646",0.0283333333333333
"21647",0.0283333333333333
"21648",0.0266666666666667
"21649",0.0266666666666667
"21650",0.025
"21651",0.0266666666666667
"21652",0.0283333333333333
"21653",0.025
"21654",0.0283333333333333
"21655",0.0266666666666667
"21656",0.03
"21657",0.0266666666666667
"21658",0.0266666666666667
"21659",0.025
"21660",0.025
"21661",0.025
"21662",0.0266666666666667
"21663",0.0266666666666667
"21664",0.025
"21665",0.025
"21666",0.0233333333333333
"21667",0.025
"21668",0.0266666666666667
"21669",0.0233333333333333
"21670",0.0266666666666667
"21671",0.025
"21672",0.0283333333333333
"21673",0.025
"21674",0.025
"21675",0.025
"21676",0.025
"21677",0.025
"21678",0.0266666666666667
"21679",0.0266666666666667
"21680",0.025
"21681",0.025
"21682",0.0233333333333333
"21683",0.025
"21684",0.0266666666666667
"21685",0.0233333333333333
"21686",0.0266666666666667
"21687",0.025
"21688",0.0283333333333333
"21689",0.025
"21690",0.025
"21691",0.025
"21692",0.025
"21693",0.025
"21694",0.0266666666666667
"21695",0.0266666666666667
"21696",0.025
"21697",0.025
"21698",0.0233333333333333
"21699",0.025
"21700",0.0266666666666667
"21701",0.0233333333333333
"21702",0.0266666666666667
"21703",0.025
"21704",0.0283333333333333
"21705",0.025
"21706",0.025
"21707",0.025
"21708",0.025
"21709",0.025
"21710",0.0266666666666667
"21711",0.0266666666666667
"21712",0.025
"21713",0.025
"21714",0.0233333333333333
"21715",0.025
"21716",0.0266666666666667
"21717",0.0233333333333333
"21718",0.0266666666666667
"21719",0.025
"21720",0.0283333333333333
"21721",0.025
"21722",0.025
"21723",0.0916666666666667
"21724",0.0916666666666667
"21725",0.0916666666666667
"21726",0.09
"21727",0.09
"21728",0.0916666666666667
"21729",0.0916666666666667
"21730",0.09
"21731",0.0916666666666667
"21732",0.09
"21733",0.09
"21734",0.09
"21735",0.0916666666666667
"21736",0.0933333333333333
"21737",0.0933333333333333
"21738",0.0883333333333333
"21739",0.115
"21740",0.115
"21741",0.118333333333333
"21742",0.116666666666667
"21743",0.116666666666667
"21744",0.115
"21745",0.115
"21746",0.113333333333333
"21747",0.115
"21748",0.116666666666667
"21749",0.113333333333333
"21750",0.116666666666667
"21751",0.115
"21752",0.116666666666667
"21753",0.118333333333333
"21754",0.118333333333333
"21755",0.115
"21756",0.115
"21757",0.118333333333333
"21758",0.116666666666667
"21759",0.116666666666667
"21760",0.115
"21761",0.115
"21762",0.113333333333333
"21763",0.115
"21764",0.116666666666667
"21765",0.113333333333333
"21766",0.116666666666667
"21767",0.115
"21768",0.116666666666667
"21769",0.118333333333333
"21770",0.115
"21771",0.118333333333333
"21772",0.118333333333333
"21773",0.121666666666667
"21774",0.12
"21775",0.12
"21776",0.118333333333333
"21777",0.118333333333333
"21778",0.116666666666667
"21779",0.118333333333333
"21780",0.12
"21781",0.116666666666667
"21782",0.12
"21783",0.118333333333333
"21784",0.12
"21785",0.121666666666667
"21786",0.118333333333333
"21787",0.116666666666667
"21788",0.116666666666667
"21789",0.12
"21790",0.118333333333333
"21791",0.118333333333333
"21792",0.116666666666667
"21793",0.116666666666667
"21794",0.115
"21795",0.116666666666667
"21796",0.118333333333333
"21797",0.115
"21798",0.118333333333333
"21799",0.116666666666667
"21800",0.118333333333333
"21801",0.116666666666667
"21802",0.116666666666667
"21803",0.116666666666667
"21804",0.116666666666667
"21805",0.12
"21806",0.118333333333333
"21807",0.118333333333333
"21808",0.116666666666667
"21809",0.116666666666667
"21810",0.115
"21811",0.116666666666667
"21812",0.118333333333333
"21813",0.115
"21814",0.118333333333333
"21815",0.116666666666667
"21816",0.118333333333333
"21817",0.116666666666667
"21818",0.116666666666667
"21819",0.116666666666667
"21820",0.116666666666667
"21821",0.12
"21822",0.118333333333333
"21823",0.118333333333333
"21824",0.116666666666667
"21825",0.116666666666667
"21826",0.115
"21827",0.116666666666667
"21828",0.118333333333333
"21829",0.115
"21830",0.118333333333333
"21831",0.116666666666667
"21832",0.118333333333333
"21833",0.12
"21834",0.116666666666667
"21835",0.115
"21836",0.115
"21837",0.118333333333333
"21838",0.116666666666667
"21839",0.116666666666667
"21840",0.115
"21841",0.115
"21842",0.113333333333333
"21843",0.115
"21844",0.116666666666667
"21845",0.113333333333333
"21846",0.116666666666667
"21847",0.115
"21848",0.116666666666667
"21849",0.115
"21850",0.115
"21851",0.116666666666667
"21852",0.116666666666667
"21853",0.12
"21854",0.118333333333333
"21855",0.118333333333333
"21856",0.116666666666667
"21857",0.116666666666667
"21858",0.115
"21859",0.116666666666667
"21860",0.118333333333333
"21861",0.115
"21862",0.118333333333333
"21863",0.116666666666667
"21864",0.118333333333333
"21865",0.116666666666667
"21866",0.116666666666667
"21867",0.116666666666667
"21868",0.116666666666667
"21869",0.12
"21870",0.118333333333333
"21871",0.118333333333333
"21872",0.116666666666667
"21873",0.116666666666667
"21874",0.115
"21875",0.116666666666667
"21876",0.118333333333333
"21877",0.115
"21878",0.118333333333333
"21879",0.116666666666667
"21880",0.118333333333333
"21881",0.116666666666667
"21882",0.116666666666667
"21883",0.116666666666667
"21884",0.116666666666667
"21885",0.12
"21886",0.118333333333333
"21887",0.118333333333333
"21888",0.116666666666667
"21889",0.116666666666667
"21890",0.115
"21891",0.116666666666667
"21892",0.118333333333333
"21893",0.115
"21894",0.118333333333333
"21895",0.116666666666667
"21896",0.118333333333333
"21897",0.116666666666667
"21898",0.116666666666667
"21899",0.116666666666667
"21900",0.116666666666667
"21901",0.12
"21902",0.118333333333333
"21903",0.118333333333333
"21904",0.116666666666667
"21905",0.116666666666667
"21906",0.115
"21907",0.116666666666667
"21908",0.118333333333333
"21909",0.115
"21910",0.118333333333333
"21911",0.116666666666667
"21912",0.118333333333333
"21913",0.116666666666667
"21914",0.116666666666667
"21915",0.118333333333333
"21916",0.118333333333333
"21917",0.121666666666667
"21918",0.12
"21919",0.12
"21920",0.118333333333333
"21921",0.118333333333333
"21922",0.116666666666667
"21923",0.118333333333333
"21924",0.12
"21925",0.116666666666667
"21926",0.12
"21927",0.118333333333333
"21928",0.12
"21929",0.118333333333333
"21930",0.118333333333333
"21931",0.116666666666667
"21932",0.116666666666667
"21933",0.12
"21934",0.118333333333333
"21935",0.118333333333333
"21936",0.116666666666667
"21937",0.116666666666667
"21938",0.115
"21939",0.116666666666667
"21940",0.118333333333333
"21941",0.115
"21942",0.118333333333333
"21943",0.116666666666667
"21944",0.118333333333333
"21945",0.116666666666667
"21946",0.116666666666667
"21947",0.115
"21948",0.115
"21949",0.118333333333333
"21950",0.116666666666667
"21951",0.116666666666667
"21952",0.115
"21953",0.115
"21954",0.113333333333333
"21955",0.115
"21956",0.116666666666667
"21957",0.113333333333333
"21958",0.116666666666667
"21959",0.115
"21960",0.116666666666667
"21961",0.118333333333333
"21962",0.118333333333333
"21963",0.116666666666667
"21964",0.116666666666667
"21965",0.12
"21966",0.118333333333333
"21967",0.118333333333333
"21968",0.116666666666667
"21969",0.116666666666667
"21970",0.115
"21971",0.116666666666667
"21972",0.118333333333333
"21973",0.115
"21974",0.118333333333333
"21975",0.116666666666667
"21976",0.118333333333333
"21977",0.116666666666667
"21978",0.116666666666667
"21979",0.115
"21980",0.115
"21981",0.118333333333333
"21982",0.116666666666667
"21983",0.116666666666667
"21984",0.115
"21985",0.115
"21986",0.113333333333333
"21987",0.115
"21988",0.116666666666667
"21989",0.113333333333333
"21990",0.116666666666667
"21991",0.115
"21992",0.116666666666667
"21993",0.115
"21994",0.115
"21995",0.116666666666667
"21996",0.116666666666667
"21997",0.12
"21998",0.118333333333333
"21999",0.118333333333333
"22000",0.116666666666667
"22001",0.116666666666667
"22002",0.115
"22003",0.116666666666667
"22004",0.118333333333333
"22005",0.115
"22006",0.118333333333333
"22007",0.116666666666667
"22008",0.118333333333333
"22009",0.116666666666667
"22010",0.116666666666667
"22011",0.116666666666667
"22012",0.116666666666667
"22013",0.12
"22014",0.118333333333333
"22015",0.118333333333333
"22016",0.116666666666667
"22017",0.116666666666667
"22018",0.115
"22019",0.116666666666667
"22020",0.118333333333333
"22021",0.115
"22022",0.118333333333333
"22023",0.116666666666667
"22024",0.118333333333333
"22025",0.116666666666667
"22026",0.116666666666667
"22027",0.115
"22028",0.115
"22029",0.118333333333333
"22030",0.116666666666667
"22031",0.116666666666667
"22032",0.115
"22033",0.115
"22034",0.113333333333333
"22035",0.115
"22036",0.116666666666667
"22037",0.113333333333333
"22038",0.116666666666667
"22039",0.115
"22040",0.116666666666667
"22041",0.118333333333333
"22042",0.115
"22043",0.115
"22044",0.115
"22045",0.118333333333333
"22046",0.116666666666667
"22047",0.116666666666667
"22048",0.115
"22049",0.115
"22050",0.113333333333333
"22051",0.115
"22052",0.116666666666667
"22053",0.113333333333333
"22054",0.116666666666667
"22055",0.115
"22056",0.116666666666667
"22057",0.118333333333333
"22058",0.115
"22059",0.115
"22060",0.115
"22061",0.118333333333333
"22062",0.116666666666667
"22063",0.116666666666667
"22064",0.115
"22065",0.115
"22066",0.113333333333333
"22067",0.115
"22068",0.116666666666667
"22069",0.113333333333333
"22070",0.116666666666667
"22071",0.115
"22072",0.116666666666667
"22073",0.115
"22074",0.115
"22075",0.116666666666667
"22076",0.116666666666667
"22077",0.12
"22078",0.118333333333333
"22079",0.118333333333333
"22080",0.116666666666667
"22081",0.116666666666667
"22082",0.115
"22083",0.116666666666667
"22084",0.118333333333333
"22085",0.115
"22086",0.118333333333333
"22087",0.116666666666667
"22088",0.118333333333333
"22089",0.116666666666667
"22090",0.116666666666667
"22091",0.116666666666667
"22092",0.116666666666667
"22093",0.12
"22094",0.118333333333333
"22095",0.118333333333333
"22096",0.116666666666667
"22097",0.116666666666667
"22098",0.115
"22099",0.116666666666667
"22100",0.118333333333333
"22101",0.115
"22102",0.118333333333333
"22103",0.116666666666667
"22104",0.118333333333333
"22105",0.12
"22106",0.116666666666667
"22107",0.116666666666667
"22108",0.116666666666667
"22109",0.12
"22110",0.118333333333333
"22111",0.118333333333333
"22112",0.116666666666667
"22113",0.116666666666667
"22114",0.115
"22115",0.116666666666667
"22116",0.118333333333333
"22117",0.115
"22118",0.118333333333333
"22119",0.116666666666667
"22120",0.118333333333333
"22121",0.116666666666667
"22122",0.116666666666667
"22123",0.116666666666667
"22124",0.116666666666667
"22125",0.12
"22126",0.118333333333333
"22127",0.118333333333333
"22128",0.116666666666667
"22129",0.116666666666667
"22130",0.115
"22131",0.116666666666667
"22132",0.118333333333333
"22133",0.115
"22134",0.118333333333333
"22135",0.116666666666667
"22136",0.118333333333333
"22137",0.12
"22138",0.116666666666667
"22139",0.116666666666667
"22140",0.116666666666667
"22141",0.12
"22142",0.118333333333333
"22143",0.118333333333333
"22144",0.116666666666667
"22145",0.116666666666667
"22146",0.115
"22147",0.116666666666667
"22148",0.118333333333333
"22149",0.115
"22150",0.118333333333333
"22151",0.116666666666667
"22152",0.118333333333333
"22153",0.12
"22154",0.116666666666667
"22155",0.115
"22156",0.115
"22157",0.118333333333333
"22158",0.116666666666667
"22159",0.116666666666667
"22160",0.115
"22161",0.115
"22162",0.113333333333333
"22163",0.115
"22164",0.116666666666667
"22165",0.113333333333333
"22166",0.116666666666667
"22167",0.115
"22168",0.116666666666667
"22169",0.118333333333333
"22170",0.115
"22171",0.116666666666667
"22172",0.116666666666667
"22173",0.12
"22174",0.118333333333333
"22175",0.118333333333333
"22176",0.116666666666667
"22177",0.116666666666667
"22178",0.115
"22179",0.116666666666667
"22180",0.118333333333333
"22181",0.115
"22182",0.118333333333333
"22183",0.116666666666667
"22184",0.118333333333333
"22185",0.116666666666667
"22186",0.116666666666667
"22187",0.116666666666667
"22188",0.116666666666667
"22189",0.12
"22190",0.118333333333333
"22191",0.118333333333333
"22192",0.116666666666667
"22193",0.116666666666667
"22194",0.115
"22195",0.116666666666667
"22196",0.118333333333333
"22197",0.115
"22198",0.118333333333333
"22199",0.116666666666667
"22200",0.118333333333333
"22201",0.116666666666667
"22202",0.116666666666667
"22203",0.116666666666667
"22204",0.116666666666667
"22205",0.12
"22206",0.118333333333333
"22207",0.118333333333333
"22208",0.116666666666667
"22209",0.116666666666667
"22210",0.115
"22211",0.116666666666667
"22212",0.118333333333333
"22213",0.115
"22214",0.118333333333333
"22215",0.116666666666667
"22216",0.118333333333333
"22217",0.12
"22218",0.116666666666667
"22219",0.115
"22220",0.115
"22221",0.118333333333333
"22222",0.116666666666667
"22223",0.116666666666667
"22224",0.115
"22225",0.115
"22226",0.113333333333333
"22227",0.115
"22228",0.116666666666667
"22229",0.113333333333333
"22230",0.116666666666667
"22231",0.115
"22232",0.116666666666667
"22233",0.115
"22234",0.115
"22235",0.115
"22236",0.115
"22237",0.118333333333333
"22238",0.116666666666667
"22239",0.116666666666667
"22240",0.115
"22241",0.115
"22242",0.113333333333333
"22243",0.115
"22244",0.116666666666667
"22245",0.113333333333333
"22246",0.116666666666667
"22247",0.115
"22248",0.116666666666667
"22249",0.115
"22250",0.115
"22251",0.115
"22252",0.115
"22253",0.118333333333333
"22254",0.116666666666667
"22255",0.116666666666667
"22256",0.115
"22257",0.115
"22258",0.113333333333333
"22259",0.115
"22260",0.116666666666667
"22261",0.113333333333333
"22262",0.116666666666667
"22263",0.115
"22264",0.116666666666667
"22265",0.118333333333333
"22266",0.115
"22267",0.116666666666667
"22268",0.116666666666667
"22269",0.12
"22270",0.118333333333333
"22271",0.118333333333333
"22272",0.116666666666667
"22273",0.116666666666667
"22274",0.115
"22275",0.116666666666667
"22276",0.118333333333333
"22277",0.115
"22278",0.118333333333333
"22279",0.116666666666667
"22280",0.118333333333333
"22281",0.116666666666667
"22282",0.116666666666667
"22283",0.116666666666667
"22284",0.116666666666667
"22285",0.12
"22286",0.118333333333333
"22287",0.118333333333333
"22288",0.116666666666667
"22289",0.116666666666667
"22290",0.115
"22291",0.116666666666667
"22292",0.118333333333333
"22293",0.115
"22294",0.118333333333333
"22295",0.116666666666667
"22296",0.118333333333333
"22297",0.116666666666667
"22298",0.116666666666667
"22299",0.116666666666667
"22300",0.116666666666667
"22301",0.12
"22302",0.118333333333333
"22303",0.118333333333333
"22304",0.116666666666667
"22305",0.116666666666667
"22306",0.115
"22307",0.116666666666667
"22308",0.118333333333333
"22309",0.115
"22310",0.118333333333333
"22311",0.116666666666667
"22312",0.118333333333333
"22313",0.116666666666667
"22314",0.116666666666667
"22315",0.116666666666667
"22316",0.116666666666667
"22317",0.12
"22318",0.118333333333333
"22319",0.118333333333333
"22320",0.116666666666667
"22321",0.116666666666667
"22322",0.115
"22323",0.116666666666667
"22324",0.118333333333333
"22325",0.115
"22326",0.118333333333333
"22327",0.116666666666667
"22328",0.118333333333333
"22329",0.116666666666667
"22330",0.116666666666667
"22331",0.116666666666667
"22332",0.116666666666667
"22333",0.12
"22334",0.118333333333333
"22335",0.118333333333333
"22336",0.116666666666667
"22337",0.116666666666667
"22338",0.115
"22339",0.116666666666667
"22340",0.118333333333333
"22341",0.115
"22342",0.118333333333333
"22343",0.116666666666667
"22344",0.118333333333333
"22345",0.116666666666667
"22346",0.116666666666667
"22347",0.116666666666667
"22348",0.116666666666667
"22349",0.12
"22350",0.118333333333333
"22351",0.118333333333333
"22352",0.116666666666667
"22353",0.116666666666667
"22354",0.115
"22355",0.116666666666667
"22356",0.118333333333333
"22357",0.115
"22358",0.118333333333333
"22359",0.116666666666667
"22360",0.118333333333333
"22361",0.116666666666667
"22362",0.116666666666667
"22363",0.115
"22364",0.115
"22365",0.118333333333333
"22366",0.116666666666667
"22367",0.116666666666667
"22368",0.115
"22369",0.115
"22370",0.113333333333333
"22371",0.115
"22372",0.116666666666667
"22373",0.113333333333333
"22374",0.116666666666667
"22375",0.115
"22376",0.116666666666667
"22377",0.115
"22378",0.115
"22379",0.116666666666667
"22380",0.116666666666667
"22381",0.12
"22382",0.118333333333333
"22383",0.118333333333333
"22384",0.116666666666667
"22385",0.116666666666667
"22386",0.115
"22387",0.116666666666667
"22388",0.118333333333333
"22389",0.115
"22390",0.118333333333333
"22391",0.116666666666667
"22392",0.118333333333333
"22393",0.116666666666667
"22394",0.116666666666667
"22395",0.116666666666667
"22396",0.116666666666667
"22397",0.12
"22398",0.118333333333333
"22399",0.118333333333333
"22400",0.116666666666667
"22401",0.116666666666667
"22402",0.115
"22403",0.116666666666667
"22404",0.118333333333333
"22405",0.115
"22406",0.118333333333333
"22407",0.116666666666667
"22408",0.118333333333333
"22409",0.116666666666667
"22410",0.116666666666667
"22411",0.115
"22412",0.115
"22413",0.118333333333333
"22414",0.116666666666667
"22415",0.116666666666667
"22416",0.115
"22417",0.115
"22418",0.113333333333333
"22419",0.115
"22420",0.116666666666667
"22421",0.113333333333333
"22422",0.116666666666667
"22423",0.115
"22424",0.116666666666667
"22425",0.115
"22426",0.115
"22427",0.116666666666667
"22428",0.116666666666667
"22429",0.12
"22430",0.118333333333333
"22431",0.118333333333333
"22432",0.116666666666667
"22433",0.116666666666667
"22434",0.115
"22435",0.116666666666667
"22436",0.118333333333333
"22437",0.115
"22438",0.118333333333333
"22439",0.116666666666667
"22440",0.118333333333333
"22441",0.116666666666667
"22442",0.116666666666667
"22443",0.085
"22444",0.085
"22445",0.085
"22446",0.0866666666666667
"22447",0.0866666666666667
"22448",0.085
"22449",0.085
"22450",0.0833333333333333
"22451",0.085
"22452",0.0866666666666667
"22453",0.0833333333333333
"22454",0.0866666666666667
"22455",0.085
"22456",0.0866666666666667
"22457",0.085
"22458",0.0883333333333333
"22459",0.116666666666667
"22460",0.116666666666667
"22461",0.12
"22462",0.118333333333333
"22463",0.118333333333333
"22464",0.116666666666667
"22465",0.116666666666667
"22466",0.115
"22467",0.116666666666667
"22468",0.118333333333333
"22469",0.115
"22470",0.118333333333333
"22471",0.116666666666667
"22472",0.118333333333333
"22473",0.116666666666667
"22474",0.116666666666667
"22475",0.115
"22476",0.115
"22477",0.118333333333333
"22478",0.116666666666667
"22479",0.116666666666667
"22480",0.115
"22481",0.115
"22482",0.113333333333333
"22483",0.115
"22484",0.116666666666667
"22485",0.113333333333333
"22486",0.116666666666667
"22487",0.115
"22488",0.116666666666667
"22489",0.118333333333333
"22490",0.115
"22491",0.116666666666667
"22492",0.116666666666667
"22493",0.12
"22494",0.118333333333333
"22495",0.118333333333333
"22496",0.116666666666667
"22497",0.116666666666667
"22498",0.115
"22499",0.116666666666667
"22500",0.118333333333333
"22501",0.115
"22502",0.118333333333333
"22503",0.116666666666667
"22504",0.118333333333333
"22505",0.116666666666667
"22506",0.116666666666667
"22507",0.115
"22508",0.115
"22509",0.118333333333333
"22510",0.116666666666667
"22511",0.116666666666667
"22512",0.115
"22513",0.115
"22514",0.113333333333333
"22515",0.115
"22516",0.116666666666667
"22517",0.113333333333333
"22518",0.116666666666667
"22519",0.115
"22520",0.116666666666667
"22521",0.118333333333333
"22522",0.115
"22523",0.115
"22524",0.115
"22525",0.118333333333333
"22526",0.116666666666667
"22527",0.116666666666667
"22528",0.115
"22529",0.115
"22530",0.113333333333333
"22531",0.115
"22532",0.116666666666667
"22533",0.113333333333333
"22534",0.116666666666667
"22535",0.115
"22536",0.116666666666667
"22537",0.118333333333333
"22538",0.115
"22539",0.116666666666667
"22540",0.116666666666667
"22541",0.12
"22542",0.118333333333333
"22543",0.118333333333333
"22544",0.116666666666667
"22545",0.116666666666667
"22546",0.115
"22547",0.116666666666667
"22548",0.118333333333333
"22549",0.115
"22550",0.118333333333333
"22551",0.116666666666667
"22552",0.118333333333333
"22553",0.116666666666667
"22554",0.116666666666667
"22555",0.115
"22556",0.115
"22557",0.118333333333333
"22558",0.116666666666667
"22559",0.116666666666667
"22560",0.115
"22561",0.115
"22562",0.113333333333333
"22563",0.115
"22564",0.116666666666667
"22565",0.113333333333333
"22566",0.116666666666667
"22567",0.115
"22568",0.116666666666667
"22569",0.118333333333333
"22570",0.115
"22571",0.115
"22572",0.115
"22573",0.118333333333333
"22574",0.116666666666667
"22575",0.116666666666667
"22576",0.115
"22577",0.115
"22578",0.113333333333333
"22579",0.115
"22580",0.116666666666667
"22581",0.113333333333333
"22582",0.116666666666667
"22583",0.115
"22584",0.116666666666667
"22585",0.118333333333333
"22586",0.115
"22587",0.115
"22588",0.115
"22589",0.118333333333333
"22590",0.116666666666667
"22591",0.116666666666667
"22592",0.115
"22593",0.115
"22594",0.113333333333333
"22595",0.115
"22596",0.116666666666667
"22597",0.113333333333333
"22598",0.116666666666667
"22599",0.115
"22600",0.116666666666667
"22601",0.118333333333333
"22602",0.115
"22603",0.116666666666667
"22604",0.116666666666667
"22605",0.12
"22606",0.118333333333333
"22607",0.118333333333333
"22608",0.116666666666667
"22609",0.116666666666667
"22610",0.115
"22611",0.116666666666667
"22612",0.118333333333333
"22613",0.115
"22614",0.118333333333333
"22615",0.116666666666667
"22616",0.118333333333333
"22617",0.116666666666667
"22618",0.116666666666667
"22619",0.0866666666666667
"22620",0.0883333333333333
"22621",0.0866666666666667
"22622",0.0883333333333333
"22623",0.0883333333333333
"22624",0.0866666666666667
"22625",0.0866666666666667
"22626",0.0866666666666667
"22627",0.0866666666666667
"22628",0.0883333333333333
"22629",0.0866666666666667
"22630",0.0883333333333333
"22631",0.0883333333333333
"22632",0.0883333333333333
"22633",0.085
"22634",0.09
"22635",0.106666666666667
"22636",0.108333333333333
"22637",0.106666666666667
"22638",0.108333333333333
"22639",0.108333333333333
"22640",0.106666666666667
"22641",0.106666666666667
"22642",0.106666666666667
"22643",0.106666666666667
"22644",0.108333333333333
"22645",0.106666666666667
"22646",0.108333333333333
"22647",0.108333333333333
"22648",0.11
"22649",0.106666666666667
"22650",0.106666666666667
"22651",0.103333333333333
"22652",0.103333333333333
"22653",0.103333333333333
"22654",0.105
"22655",0.105
"22656",0.103333333333333
"22657",0.103333333333333
"22658",0.101666666666667
"22659",0.103333333333333
"22660",0.105
"22661",0.101666666666667
"22662",0.105
"22663",0.103333333333333
"22664",0.106666666666667
"22665",0.103333333333333
"22666",0.106666666666667
"22667",0.101666666666667
"22668",0.101666666666667
"22669",0.101666666666667
"22670",0.103333333333333
"22671",0.103333333333333
"22672",0.101666666666667
"22673",0.101666666666667
"22674",0.1
"22675",0.101666666666667
"22676",0.103333333333333
"22677",0.1
"22678",0.103333333333333
"22679",0.101666666666667
"22680",0.105
"22681",0.101666666666667
"22682",0.105
"22683",0.103333333333333
"22684",0.103333333333333
"22685",0.103333333333333
"22686",0.105
"22687",0.105
"22688",0.103333333333333
"22689",0.103333333333333
"22690",0.101666666666667
"22691",0.103333333333333
"22692",0.105
"22693",0.101666666666667
"22694",0.105
"22695",0.103333333333333
"22696",0.106666666666667
"22697",0.103333333333333
"22698",0.106666666666667
"22699",0.0966666666666667
"22700",0.0966666666666667
"22701",0.0966666666666667
"22702",0.0983333333333333
"22703",0.0983333333333333
"22704",0.0966666666666667
"22705",0.0966666666666667
"22706",0.095
"22707",0.0966666666666667
"22708",0.0983333333333333
"22709",0.095
"22710",0.0983333333333333
"22711",0.0966666666666667
"22712",0.1
"22713",0.0983333333333333
"22714",0.0966666666666667
"22715",0.11
"22716",0.111666666666667
"22717",0.113333333333333
"22718",0.111666666666667
"22719",0.111666666666667
"22720",0.11
"22721",0.11
"22722",0.11
"22723",0.11
"22724",0.111666666666667
"22725",0.11
"22726",0.111666666666667
"22727",0.111666666666667
"22728",0.113333333333333
"22729",0.11
"22730",0.11
"22731",0.0966666666666667
"22732",0.0966666666666667
"22733",0.095
"22734",0.0983333333333333
"22735",0.0983333333333333
"22736",0.0966666666666667
"22737",0.0966666666666667
"22738",0.095
"22739",0.0966666666666667
"22740",0.0983333333333333
"22741",0.095
"22742",0.0983333333333333
"22743",0.0966666666666667
"22744",0.0966666666666667
"22745",0.0966666666666667
"22746",0.0966666666666667
"22747",0.095
"22748",0.095
"22749",0.0933333333333333
"22750",0.0966666666666667
"22751",0.0966666666666667
"22752",0.095
"22753",0.095
"22754",0.0933333333333333
"22755",0.095
"22756",0.0966666666666667
"22757",0.0933333333333333
"22758",0.0966666666666667
"22759",0.095
"22760",0.095
"22761",0.095
"22762",0.095
"22763",0.095
"22764",0.095
"22765",0.0933333333333333
"22766",0.0966666666666667
"22767",0.0966666666666667
"22768",0.095
"22769",0.095
"22770",0.0933333333333333
"22771",0.095
"22772",0.0966666666666667
"22773",0.0933333333333333
"22774",0.0966666666666667
"22775",0.095
"22776",0.095
"22777",0.095
"22778",0.095
"22779",0.0983333333333333
"22780",0.0983333333333333
"22781",0.0966666666666667
"22782",0.1
"22783",0.1
"22784",0.0983333333333333
"22785",0.0983333333333333
"22786",0.0966666666666667
"22787",0.0983333333333333
"22788",0.1
"22789",0.0966666666666667
"22790",0.1
"22791",0.0983333333333333
"22792",0.0983333333333333
"22793",0.0983333333333333
"22794",0.0983333333333333
"22795",0.0966666666666667
"22796",0.0966666666666667
"22797",0.095
"22798",0.0983333333333333
"22799",0.0983333333333333
"22800",0.0966666666666667
"22801",0.0966666666666667
"22802",0.095
"22803",0.0966666666666667
"22804",0.0983333333333333
"22805",0.095
"22806",0.0983333333333333
"22807",0.0966666666666667
"22808",0.0966666666666667
"22809",0.0966666666666667
"22810",0.0966666666666667
"22811",0.095
"22812",0.095
"22813",0.0933333333333333
"22814",0.0966666666666667
"22815",0.0966666666666667
"22816",0.095
"22817",0.095
"22818",0.0933333333333333
"22819",0.095
"22820",0.0966666666666667
"22821",0.0933333333333333
"22822",0.0966666666666667
"22823",0.095
"22824",0.095
"22825",0.095
"22826",0.095
"22827",0.0966666666666667
"22828",0.0966666666666667
"22829",0.095
"22830",0.0983333333333333
"22831",0.0983333333333333
"22832",0.0966666666666667
"22833",0.0966666666666667
"22834",0.095
"22835",0.0966666666666667
"22836",0.0983333333333333
"22837",0.095
"22838",0.0983333333333333
"22839",0.0966666666666667
"22840",0.0966666666666667
"22841",0.0966666666666667
"22842",0.0966666666666667
"22843",0.0966666666666667
"22844",0.0966666666666667
"22845",0.095
"22846",0.0983333333333333
"22847",0.0983333333333333
"22848",0.0966666666666667
"22849",0.0966666666666667
"22850",0.095
"22851",0.0966666666666667
"22852",0.0983333333333333
"22853",0.095
"22854",0.0983333333333333
"22855",0.0966666666666667
"22856",0.0966666666666667
"22857",0.0966666666666667
"22858",0.0966666666666667
"22859",0.0966666666666667
"22860",0.0966666666666667
"22861",0.095
"22862",0.0983333333333333
"22863",0.0983333333333333
"22864",0.0966666666666667
"22865",0.0966666666666667
"22866",0.095
"22867",0.0966666666666667
"22868",0.0983333333333333
"22869",0.095
"22870",0.0983333333333333
"22871",0.0966666666666667
"22872",0.0966666666666667
"22873",0.0966666666666667
"22874",0.0966666666666667
"22875",0.095
"22876",0.095
"22877",0.0933333333333333
"22878",0.0966666666666667
"22879",0.0966666666666667
"22880",0.095
"22881",0.095
"22882",0.0933333333333333
"22883",0.095
"22884",0.0966666666666667
"22885",0.0933333333333333
"22886",0.0966666666666667
"22887",0.095
"22888",0.095
"22889",0.095
"22890",0.095
"22891",0.0966666666666667
"22892",0.0966666666666667
"22893",0.095
"22894",0.0983333333333333
"22895",0.0983333333333333
"22896",0.0966666666666667
"22897",0.0966666666666667
"22898",0.095
"22899",0.0966666666666667
"22900",0.0983333333333333
"22901",0.095
"22902",0.0983333333333333
"22903",0.0966666666666667
"22904",0.0966666666666667
"22905",0.0966666666666667
"22906",0.0966666666666667
"22907",0.095
"22908",0.095
"22909",0.0933333333333333
"22910",0.0966666666666667
"22911",0.0966666666666667
"22912",0.095
"22913",0.095
"22914",0.0933333333333333
"22915",0.095
"22916",0.0966666666666667
"22917",0.0933333333333333
"22918",0.0966666666666667
"22919",0.095
"22920",0.095
"22921",0.095
"22922",0.095
"22923",0.0966666666666667
"22924",0.0966666666666667
"22925",0.095
"22926",0.0983333333333333
"22927",0.0983333333333333
"22928",0.0966666666666667
"22929",0.0966666666666667
"22930",0.095
"22931",0.0966666666666667
"22932",0.0983333333333333
"22933",0.095
"22934",0.0983333333333333
"22935",0.0966666666666667
"22936",0.0966666666666667
"22937",0.0966666666666667
"22938",0.0966666666666667
"22939",0.095
"22940",0.095
"22941",0.0933333333333333
"22942",0.0966666666666667
"22943",0.0966666666666667
"22944",0.095
"22945",0.095
"22946",0.0933333333333333
"22947",0.095
"22948",0.0966666666666667
"22949",0.0933333333333333
"22950",0.0966666666666667
"22951",0.095
"22952",0.095
"22953",0.095
"22954",0.095
"22955",0.0966666666666667
"22956",0.0966666666666667
"22957",0.095
"22958",0.0983333333333333
"22959",0.0983333333333333
"22960",0.0966666666666667
"22961",0.0966666666666667
"22962",0.095
"22963",0.0966666666666667
"22964",0.0983333333333333
"22965",0.095
"22966",0.0983333333333333
"22967",0.0966666666666667
"22968",0.0966666666666667
"22969",0.0966666666666667
"22970",0.0966666666666667
"22971",0.0966666666666667
"22972",0.0966666666666667
"22973",0.095
"22974",0.0983333333333333
"22975",0.0983333333333333
"22976",0.0966666666666667
"22977",0.0966666666666667
"22978",0.095
"22979",0.0966666666666667
"22980",0.0983333333333333
"22981",0.095
"22982",0.0983333333333333
"22983",0.0966666666666667
"22984",0.0966666666666667
"22985",0.0966666666666667
"22986",0.0966666666666667
"22987",0.0966666666666667
"22988",0.0966666666666667
"22989",0.095
"22990",0.0983333333333333
"22991",0.0983333333333333
"22992",0.0966666666666667
"22993",0.0966666666666667
"22994",0.095
"22995",0.0966666666666667
"22996",0.0983333333333333
"22997",0.095
"22998",0.0983333333333333
"22999",0.0966666666666667
"23000",0.0966666666666667
"23001",0.0966666666666667
"23002",0.0966666666666667
"23003",0.095
"23004",0.095
"23005",0.0933333333333333
"23006",0.0966666666666667
"23007",0.0966666666666667
"23008",0.095
"23009",0.095
"23010",0.0933333333333333
"23011",0.095
"23012",0.0966666666666667
"23013",0.0933333333333333
"23014",0.0966666666666667
"23015",0.095
"23016",0.095
"23017",0.095
"23018",0.095
"23019",0.095
"23020",0.095
"23021",0.0933333333333333
"23022",0.0966666666666667
"23023",0.0966666666666667
"23024",0.095
"23025",0.095
"23026",0.0933333333333333
"23027",0.095
"23028",0.0966666666666667
"23029",0.0933333333333333
"23030",0.0966666666666667
"23031",0.095
"23032",0.095
"23033",0.095
"23034",0.095
"23035",0.095
"23036",0.095
"23037",0.0933333333333333
"23038",0.0966666666666667
"23039",0.0966666666666667
"23040",0.095
"23041",0.095
"23042",0.0933333333333333
"23043",0.095
"23044",0.0966666666666667
"23045",0.0933333333333333
"23046",0.0966666666666667
"23047",0.095
"23048",0.095
"23049",0.095
"23050",0.095
"23051",0.0966666666666667
"23052",0.0966666666666667
"23053",0.095
"23054",0.0983333333333333
"23055",0.0983333333333333
"23056",0.0966666666666667
"23057",0.0966666666666667
"23058",0.095
"23059",0.0966666666666667
"23060",0.0983333333333333
"23061",0.095
"23062",0.0983333333333333
"23063",0.0966666666666667
"23064",0.0966666666666667
"23065",0.0966666666666667
"23066",0.0966666666666667
"23067",0.095
"23068",0.095
"23069",0.0933333333333333
"23070",0.0966666666666667
"23071",0.0966666666666667
"23072",0.095
"23073",0.095
"23074",0.0933333333333333
"23075",0.095
"23076",0.0966666666666667
"23077",0.0933333333333333
"23078",0.0966666666666667
"23079",0.095
"23080",0.095
"23081",0.095
"23082",0.095
"23083",0.095
"23084",0.095
"23085",0.0933333333333333
"23086",0.0966666666666667
"23087",0.0966666666666667
"23088",0.095
"23089",0.095
"23090",0.0933333333333333
"23091",0.095
"23092",0.0966666666666667
"23093",0.0933333333333333
"23094",0.0966666666666667
"23095",0.095
"23096",0.095
"23097",0.095
"23098",0.095
"23099",0.095
"23100",0.095
"23101",0.0933333333333333
"23102",0.0966666666666667
"23103",0.0966666666666667
"23104",0.095
"23105",0.095
"23106",0.0933333333333333
"23107",0.095
"23108",0.0966666666666667
"23109",0.0933333333333333
"23110",0.0966666666666667
"23111",0.095
"23112",0.095
"23113",0.095
"23114",0.095
"23115",0.095
"23116",0.095
"23117",0.0933333333333333
"23118",0.0966666666666667
"23119",0.0966666666666667
"23120",0.095
"23121",0.095
"23122",0.0933333333333333
"23123",0.095
"23124",0.0966666666666667
"23125",0.0933333333333333
"23126",0.0966666666666667
"23127",0.095
"23128",0.095
"23129",0.095
"23130",0.095
"23131",0.095
"23132",0.095
"23133",0.0933333333333333
"23134",0.0966666666666667
"23135",0.0966666666666667
"23136",0.095
"23137",0.095
"23138",0.0933333333333333
"23139",0.095
"23140",0.0966666666666667
"23141",0.0933333333333333
"23142",0.0966666666666667
"23143",0.095
"23144",0.095
"23145",0.095
"23146",0.095
"23147",0.0966666666666667
"23148",0.0966666666666667
"23149",0.095
"23150",0.0983333333333333
"23151",0.0983333333333333
"23152",0.0966666666666667
"23153",0.0966666666666667
"23154",0.095
"23155",0.0966666666666667
"23156",0.0983333333333333
"23157",0.095
"23158",0.0983333333333333
"23159",0.0966666666666667
"23160",0.0966666666666667
"23161",0.0966666666666667
"23162",0.0966666666666667
"23163",0.0966666666666667
"23164",0.0966666666666667
"23165",0.095
"23166",0.0983333333333333
"23167",0.0983333333333333
"23168",0.0966666666666667
"23169",0.0966666666666667
"23170",0.095
"23171",0.0966666666666667
"23172",0.0983333333333333
"23173",0.095
"23174",0.0983333333333333
"23175",0.0966666666666667
"23176",0.0966666666666667
"23177",0.0966666666666667
"23178",0.0966666666666667
"23179",0.095
"23180",0.095
"23181",0.0933333333333333
"23182",0.0966666666666667
"23183",0.0966666666666667
"23184",0.095
"23185",0.095
"23186",0.0933333333333333
"23187",0.095
"23188",0.0966666666666667
"23189",0.0933333333333333
"23190",0.0966666666666667
"23191",0.095
"23192",0.095
"23193",0.095
"23194",0.095
"23195",0.0966666666666667
"23196",0.0966666666666667
"23197",0.095
"23198",0.0983333333333333
"23199",0.0983333333333333
"23200",0.0966666666666667
"23201",0.0966666666666667
"23202",0.095
"23203",0.0966666666666667
"23204",0.0983333333333333
"23205",0.095
"23206",0.0983333333333333
"23207",0.0966666666666667
"23208",0.0966666666666667
"23209",0.0966666666666667
"23210",0.0966666666666667
"23211",0.0966666666666667
"23212",0.0966666666666667
"23213",0.095
"23214",0.0983333333333333
"23215",0.0983333333333333
"23216",0.0966666666666667
"23217",0.0966666666666667
"23218",0.095
"23219",0.0966666666666667
"23220",0.0983333333333333
"23221",0.095
"23222",0.0983333333333333
"23223",0.0966666666666667
"23224",0.0966666666666667
"23225",0.0966666666666667
"23226",0.0966666666666667
"23227",0.095
"23228",0.095
"23229",0.0933333333333333
"23230",0.0966666666666667
"23231",0.0966666666666667
"23232",0.095
"23233",0.095
"23234",0.0933333333333333
"23235",0.095
"23236",0.0966666666666667
"23237",0.0933333333333333
"23238",0.0966666666666667
"23239",0.095
"23240",0.095
"23241",0.095
"23242",0.095
"23243",0.0966666666666667
"23244",0.0966666666666667
"23245",0.095
"23246",0.0983333333333333
"23247",0.0983333333333333
"23248",0.0966666666666667
"23249",0.0966666666666667
"23250",0.095
"23251",0.0966666666666667
"23252",0.0983333333333333
"23253",0.095
"23254",0.0983333333333333
"23255",0.0966666666666667
"23256",0.0966666666666667
"23257",0.0966666666666667
"23258",0.0966666666666667
"23259",0.095
"23260",0.095
"23261",0.0933333333333333
"23262",0.0966666666666667
"23263",0.0966666666666667
"23264",0.095
"23265",0.095
"23266",0.0933333333333333
"23267",0.095
"23268",0.0966666666666667
"23269",0.0933333333333333
"23270",0.0966666666666667
"23271",0.095
"23272",0.095
"23273",0.095
"23274",0.095
"23275",0.0966666666666667
"23276",0.0966666666666667
"23277",0.095
"23278",0.0983333333333333
"23279",0.0983333333333333
"23280",0.0966666666666667
"23281",0.0966666666666667
"23282",0.095
"23283",0.0966666666666667
"23284",0.0983333333333333
"23285",0.095
"23286",0.0983333333333333
"23287",0.0966666666666667
"23288",0.0966666666666667
"23289",0.0966666666666667
"23290",0.0966666666666667
"23291",0.0966666666666667
"23292",0.0966666666666667
"23293",0.095
"23294",0.0983333333333333
"23295",0.0983333333333333
"23296",0.0966666666666667
"23297",0.0966666666666667
"23298",0.095
"23299",0.0966666666666667
"23300",0.0983333333333333
"23301",0.095
"23302",0.0983333333333333
"23303",0.0966666666666667
"23304",0.0966666666666667
"23305",0.0966666666666667
"23306",0.0966666666666667
"23307",0.0966666666666667
"23308",0.0966666666666667
"23309",0.095
"23310",0.0983333333333333
"23311",0.0983333333333333
"23312",0.0966666666666667
"23313",0.0966666666666667
"23314",0.095
"23315",0.0966666666666667
"23316",0.0983333333333333
"23317",0.095
"23318",0.0983333333333333
"23319",0.0966666666666667
"23320",0.0966666666666667
"23321",0.0966666666666667
"23322",0.0966666666666667
"23323",0.0966666666666667
"23324",0.0966666666666667
"23325",0.095
"23326",0.0983333333333333
"23327",0.0983333333333333
"23328",0.0966666666666667
"23329",0.0966666666666667
"23330",0.095
"23331",0.0966666666666667
"23332",0.0983333333333333
"23333",0.095
"23334",0.0983333333333333
"23335",0.0966666666666667
"23336",0.0966666666666667
"23337",0.0966666666666667
"23338",0.0966666666666667
"23339",0.095
"23340",0.095
"23341",0.0933333333333333
"23342",0.0966666666666667
"23343",0.0966666666666667
"23344",0.095
"23345",0.095
"23346",0.0933333333333333
"23347",0.095
"23348",0.0966666666666667
"23349",0.0933333333333333
"23350",0.0966666666666667
"23351",0.095
"23352",0.095
"23353",0.095
"23354",0.095
"23355",0.095
"23356",0.095
"23357",0.0933333333333333
"23358",0.0966666666666667
"23359",0.0966666666666667
"23360",0.095
"23361",0.095
"23362",0.0933333333333333
"23363",0.095
"23364",0.0966666666666667
"23365",0.0933333333333333
"23366",0.0966666666666667
"23367",0.095
"23368",0.095
"23369",0.095
"23370",0.095
"23371",0.095
"23372",0.095
"23373",0.0933333333333333
"23374",0.0966666666666667
"23375",0.0966666666666667
"23376",0.095
"23377",0.095
"23378",0.0933333333333333
"23379",0.095
"23380",0.0966666666666667
"23381",0.0933333333333333
"23382",0.0966666666666667
"23383",0.095
"23384",0.095
"23385",0.095
"23386",0.095
"23387",0.0966666666666667
"23388",0.0966666666666667
"23389",0.095
"23390",0.0983333333333333
"23391",0.0983333333333333
"23392",0.0966666666666667
"23393",0.0966666666666667
"23394",0.095
"23395",0.0966666666666667
"23396",0.0983333333333333
"23397",0.095
"23398",0.0983333333333333
"23399",0.0966666666666667
"23400",0.0966666666666667
"23401",0.0966666666666667
"23402",0.0966666666666667
"23403",0.0966666666666667
"23404",0.0966666666666667
"23405",0.095
"23406",0.0983333333333333
"23407",0.0983333333333333
"23408",0.0966666666666667
"23409",0.0966666666666667
"23410",0.095
"23411",0.0966666666666667
"23412",0.0983333333333333
"23413",0.095
"23414",0.0983333333333333
"23415",0.0966666666666667
"23416",0.0966666666666667
"23417",0.0966666666666667
"23418",0.0966666666666667
"23419",0.0966666666666667
"23420",0.0966666666666667
"23421",0.095
"23422",0.0983333333333333
"23423",0.0983333333333333
"23424",0.0966666666666667
"23425",0.0966666666666667
"23426",0.095
"23427",0.0966666666666667
"23428",0.0983333333333333
"23429",0.095
"23430",0.0983333333333333
"23431",0.0966666666666667
"23432",0.0966666666666667
"23433",0.0966666666666667
"23434",0.0966666666666667
"23435",0.095
"23436",0.095
"23437",0.0933333333333333
"23438",0.0966666666666667
"23439",0.0966666666666667
"23440",0.095
"23441",0.095
"23442",0.0933333333333333
"23443",0.095
"23444",0.0966666666666667
"23445",0.0933333333333333
"23446",0.0966666666666667
"23447",0.095
"23448",0.095
"23449",0.095
"23450",0.095
"23451",0.0966666666666667
"23452",0.0966666666666667
"23453",0.095
"23454",0.0983333333333333
"23455",0.0983333333333333
"23456",0.0966666666666667
"23457",0.0966666666666667
"23458",0.095
"23459",0.0966666666666667
"23460",0.0983333333333333
"23461",0.095
"23462",0.0983333333333333
"23463",0.0966666666666667
"23464",0.0966666666666667
"23465",0.0966666666666667
"23466",0.0966666666666667
"23467",0.095
"23468",0.095
"23469",0.0933333333333333
"23470",0.0966666666666667
"23471",0.0966666666666667
"23472",0.095
"23473",0.095
"23474",0.0933333333333333
"23475",0.095
"23476",0.0966666666666667
"23477",0.0933333333333333
"23478",0.0966666666666667
"23479",0.095
"23480",0.095
"23481",0.095
"23482",0.095
"23483",0.0966666666666667
"23484",0.0966666666666667
"23485",0.095
"23486",0.0983333333333333
"23487",0.0983333333333333
"23488",0.0966666666666667
"23489",0.0966666666666667
"23490",0.095
"23491",0.0966666666666667
"23492",0.0983333333333333
"23493",0.095
"23494",0.0983333333333333
"23495",0.0966666666666667
"23496",0.0966666666666667
"23497",0.0966666666666667
"23498",0.0966666666666667
"23499",0.095
"23500",0.095
"23501",0.0933333333333333
"23502",0.0966666666666667
"23503",0.0966666666666667
"23504",0.095
"23505",0.095
"23506",0.0933333333333333
"23507",0.095
"23508",0.0966666666666667
"23509",0.0933333333333333
"23510",0.0966666666666667
"23511",0.095
"23512",0.095
"23513",0.095
"23514",0.095
"23515",0.0966666666666667
"23516",0.0966666666666667
"23517",0.095
"23518",0.0983333333333333
"23519",0.0983333333333333
"23520",0.0966666666666667
"23521",0.0966666666666667
"23522",0.095
"23523",0.0966666666666667
"23524",0.0983333333333333
"23525",0.095
"23526",0.0983333333333333
"23527",0.0966666666666667
"23528",0.0966666666666667
"23529",0.0966666666666667
"23530",0.0966666666666667
"23531",0.095
"23532",0.095
"23533",0.0933333333333333
"23534",0.0966666666666667
"23535",0.0966666666666667
"23536",0.095
"23537",0.095
"23538",0.0933333333333333
"23539",0.095
"23540",0.0966666666666667
"23541",0.0933333333333333
"23542",0.0966666666666667
"23543",0.095
"23544",0.095
"23545",0.095
"23546",0.095
"23547",0.095
"23548",0.095
"23549",0.0933333333333333
"23550",0.0966666666666667
"23551",0.0966666666666667
"23552",0.095
"23553",0.095
"23554",0.0933333333333333
"23555",0.095
"23556",0.0966666666666667
"23557",0.0933333333333333
"23558",0.0966666666666667
"23559",0.095
"23560",0.095
"23561",0.095
"23562",0.095
"23563",0.095
"23564",0.095
"23565",0.0933333333333333
"23566",0.0966666666666667
"23567",0.0966666666666667
"23568",0.095
"23569",0.095
"23570",0.0933333333333333
"23571",0.095
"23572",0.0966666666666667
"23573",0.0933333333333333
"23574",0.0966666666666667
"23575",0.095
"23576",0.095
"23577",0.095
"23578",0.095
"23579",0.0966666666666667
"23580",0.0966666666666667
"23581",0.095
"23582",0.0983333333333333
"23583",0.0983333333333333
"23584",0.0966666666666667
"23585",0.0966666666666667
"23586",0.095
"23587",0.0966666666666667
"23588",0.0983333333333333
"23589",0.095
"23590",0.0983333333333333
"23591",0.0966666666666667
"23592",0.0966666666666667
"23593",0.0966666666666667
"23594",0.0966666666666667
"23595",0.095
"23596",0.095
"23597",0.0933333333333333
"23598",0.0966666666666667
"23599",0.0966666666666667
"23600",0.095
"23601",0.095
"23602",0.0933333333333333
"23603",0.095
"23604",0.0966666666666667
"23605",0.0933333333333333
"23606",0.0966666666666667
"23607",0.095
"23608",0.095
"23609",0.095
"23610",0.095
"23611",0.095
"23612",0.095
"23613",0.0933333333333333
"23614",0.0966666666666667
"23615",0.0966666666666667
"23616",0.095
"23617",0.095
"23618",0.0933333333333333
"23619",0.095
"23620",0.0966666666666667
"23621",0.0933333333333333
"23622",0.0966666666666667
"23623",0.095
"23624",0.095
"23625",0.095
"23626",0.095
"23627",0.095
"23628",0.095
"23629",0.0933333333333333
"23630",0.0966666666666667
"23631",0.0966666666666667
"23632",0.095
"23633",0.095
"23634",0.0933333333333333
"23635",0.095
"23636",0.0966666666666667
"23637",0.0933333333333333
"23638",0.0966666666666667
"23639",0.095
"23640",0.095
"23641",0.095
"23642",0.095
"23643",0.0966666666666667
"23644",0.0966666666666667
"23645",0.095
"23646",0.0983333333333333
"23647",0.0983333333333333
"23648",0.0966666666666667
"23649",0.0966666666666667
"23650",0.095
"23651",0.0966666666666667
"23652",0.0983333333333333
"23653",0.095
"23654",0.0983333333333333
"23655",0.0966666666666667
"23656",0.0966666666666667
"23657",0.0966666666666667
"23658",0.0966666666666667
"23659",0.0966666666666667
"23660",0.0966666666666667
"23661",0.095
"23662",0.0983333333333333
"23663",0.0983333333333333
"23664",0.0966666666666667
"23665",0.0966666666666667
"23666",0.095
"23667",0.0966666666666667
"23668",0.0983333333333333
"23669",0.095
"23670",0.0983333333333333
"23671",0.0966666666666667
"23672",0.0966666666666667
"23673",0.0966666666666667
"23674",0.0966666666666667
"23675",0.0966666666666667
"23676",0.0966666666666667
"23677",0.095
"23678",0.0983333333333333
"23679",0.0983333333333333
"23680",0.0966666666666667
"23681",0.0966666666666667
"23682",0.095
"23683",0.0966666666666667
"23684",0.0983333333333333
"23685",0.095
"23686",0.0983333333333333
"23687",0.0966666666666667
"23688",0.0966666666666667
"23689",0.0966666666666667
"23690",0.0966666666666667
"23691",0.0966666666666667
"23692",0.0966666666666667
"23693",0.095
"23694",0.0983333333333333
"23695",0.0983333333333333
"23696",0.0966666666666667
"23697",0.0966666666666667
"23698",0.095
"23699",0.0966666666666667
"23700",0.0983333333333333
"23701",0.095
"23702",0.0983333333333333
"23703",0.0966666666666667
"23704",0.0966666666666667
"23705",0.0966666666666667
"23706",0.0966666666666667
"23707",0.0966666666666667
"23708",0.0966666666666667
"23709",0.095
"23710",0.0983333333333333
"23711",0.0983333333333333
"23712",0.0966666666666667
"23713",0.0966666666666667
"23714",0.095
"23715",0.0966666666666667
"23716",0.0983333333333333
"23717",0.095
"23718",0.0983333333333333
"23719",0.0966666666666667
"23720",0.0966666666666667
"23721",0.0966666666666667
"23722",0.0966666666666667
"23723",0.095
"23724",0.095
"23725",0.0933333333333333
"23726",0.0966666666666667
"23727",0.0966666666666667
"23728",0.095
"23729",0.095
"23730",0.0933333333333333
"23731",0.095
"23732",0.0966666666666667
"23733",0.0933333333333333
"23734",0.0966666666666667
"23735",0.095
"23736",0.095
"23737",0.095
"23738",0.095
"23739",0.0966666666666667
"23740",0.0966666666666667
"23741",0.095
"23742",0.0983333333333333
"23743",0.0983333333333333
"23744",0.0966666666666667
"23745",0.0966666666666667
"23746",0.095
"23747",0.0966666666666667
"23748",0.0983333333333333
"23749",0.095
"23750",0.0983333333333333
"23751",0.0966666666666667
"23752",0.0966666666666667
"23753",0.0966666666666667
"23754",0.0966666666666667
"23755",0.0966666666666667
"23756",0.0966666666666667
"23757",0.095
"23758",0.0983333333333333
"23759",0.0983333333333333
"23760",0.0966666666666667
"23761",0.0966666666666667
"23762",0.095
"23763",0.0966666666666667
"23764",0.0983333333333333
"23765",0.095
"23766",0.0983333333333333
"23767",0.0966666666666667
"23768",0.0966666666666667
"23769",0.0966666666666667
"23770",0.0966666666666667
"23771",0.095
"23772",0.095
"23773",0.0933333333333333
"23774",0.0966666666666667
"23775",0.0966666666666667
"23776",0.095
"23777",0.095
"23778",0.0933333333333333
"23779",0.095
"23780",0.0966666666666667
"23781",0.0933333333333333
"23782",0.0966666666666667
"23783",0.095
"23784",0.095
"23785",0.095
"23786",0.095
"23787",0.095
"23788",0.095
"23789",0.0933333333333333
"23790",0.0966666666666667
"23791",0.0966666666666667
"23792",0.095
"23793",0.095
"23794",0.0933333333333333
"23795",0.095
"23796",0.0966666666666667
"23797",0.0933333333333333
"23798",0.0966666666666667
"23799",0.095
"23800",0.095
"23801",0.095
"23802",0.095
"23803",0.0966666666666667
"23804",0.0966666666666667
"23805",0.095
"23806",0.0983333333333333
"23807",0.0983333333333333
"23808",0.0966666666666667
"23809",0.0966666666666667
"23810",0.095
"23811",0.0966666666666667
"23812",0.0983333333333333
"23813",0.095
"23814",0.0983333333333333
"23815",0.0966666666666667
"23816",0.0966666666666667
"23817",0.0966666666666667
"23818",0.0966666666666667
"23819",0.0966666666666667
"23820",0.0966666666666667
"23821",0.095
"23822",0.0983333333333333
"23823",0.0983333333333333
"23824",0.0966666666666667
"23825",0.0966666666666667
"23826",0.095
"23827",0.0966666666666667
"23828",0.0983333333333333
"23829",0.095
"23830",0.0983333333333333
"23831",0.0966666666666667
"23832",0.0966666666666667
"23833",0.0966666666666667
"23834",0.0966666666666667
"23835",0.095
"23836",0.095
"23837",0.0933333333333333
"23838",0.0966666666666667
"23839",0.0966666666666667
"23840",0.095
"23841",0.095
"23842",0.0933333333333333
"23843",0.095
"23844",0.0966666666666667
"23845",0.0933333333333333
"23846",0.0966666666666667
"23847",0.095
"23848",0.095
"23849",0.095
"23850",0.095
"23851",0.095
"23852",0.095
"23853",0.0933333333333333
"23854",0.0966666666666667
"23855",0.0966666666666667
"23856",0.095
"23857",0.095
"23858",0.0933333333333333
"23859",0.095
"23860",0.0966666666666667
"23861",0.0933333333333333
"23862",0.0966666666666667
"23863",0.095
"23864",0.095
"23865",0.095
"23866",0.095
"23867",0.095
"23868",0.095
"23869",0.0933333333333333
"23870",0.0966666666666667
"23871",0.0966666666666667
"23872",0.095
"23873",0.095
"23874",0.0933333333333333
"23875",0.095
"23876",0.0966666666666667
"23877",0.0933333333333333
"23878",0.0966666666666667
"23879",0.095
"23880",0.095
"23881",0.095
"23882",0.095
"23883",0.095
"23884",0.095
"23885",0.0933333333333333
"23886",0.0966666666666667
"23887",0.0966666666666667
"23888",0.095
"23889",0.095
"23890",0.0933333333333333
"23891",0.095
"23892",0.0966666666666667
"23893",0.0933333333333333
"23894",0.0966666666666667
"23895",0.095
"23896",0.095
"23897",0.095
"23898",0.095
"23899",0.0966666666666667
"23900",0.0966666666666667
"23901",0.095
"23902",0.0983333333333333
"23903",0.0983333333333333
"23904",0.0966666666666667
"23905",0.0966666666666667
"23906",0.095
"23907",0.0966666666666667
"23908",0.0983333333333333
"23909",0.095
"23910",0.0983333333333333
"23911",0.0966666666666667
"23912",0.0966666666666667
"23913",0.0966666666666667
"23914",0.0966666666666667
"23915",0.0966666666666667
"23916",0.0966666666666667
"23917",0.095
"23918",0.0983333333333333
"23919",0.0983333333333333
"23920",0.0966666666666667
"23921",0.0966666666666667
"23922",0.095
"23923",0.0966666666666667
"23924",0.0983333333333333
"23925",0.095
"23926",0.0983333333333333
"23927",0.0966666666666667
"23928",0.0966666666666667
"23929",0.0966666666666667
"23930",0.0966666666666667
"23931",0.095
"23932",0.095
"23933",0.0933333333333333
"23934",0.0966666666666667
"23935",0.0966666666666667
"23936",0.095
"23937",0.095
"23938",0.0933333333333333
"23939",0.095
"23940",0.0966666666666667
"23941",0.0933333333333333
"23942",0.0966666666666667
"23943",0.095
"23944",0.095
"23945",0.095
"23946",0.095
"23947",0.0916666666666667
"23948",0.0916666666666667
"23949",0.0916666666666667
"23950",0.0933333333333333
"23951",0.0933333333333333
"23952",0.0916666666666667
"23953",0.0916666666666667
"23954",0.09
"23955",0.0916666666666667
"23956",0.0933333333333333
"23957",0.09
"23958",0.0933333333333333
"23959",0.0916666666666667
"23960",0.095
"23961",0.0933333333333333
"23962",0.095
"23963",0.116666666666667
"23964",0.12
"23965",0.116666666666667
"23966",0.118333333333333
"23967",0.118333333333333
"23968",0.116666666666667
"23969",0.116666666666667
"23970",0.118333333333333
"23971",0.116666666666667
"23972",0.118333333333333
"23973",0.118333333333333
"23974",0.118333333333333
"23975",0.12
"23976",0.12
"23977",0.12
"23978",0.12
"23979",0.118333333333333
"23980",0.118333333333333
"23981",0.118333333333333
"23982",0.12
"23983",0.12
"23984",0.118333333333333
"23985",0.118333333333333
"23986",0.12
"23987",0.118333333333333
"23988",0.12
"23989",0.12
"23990",0.12
"23991",0.118333333333333
"23992",0.121666666666667
"23993",0.121666666666667
"23994",0.121666666666667
"23995",0.0933333333333333
"23996",0.0933333333333333
"23997",0.0933333333333333
"23998",0.095
"23999",0.095
"24000",0.0933333333333333
"24001",0.0933333333333333
"24002",0.0933333333333333
"24003",0.0933333333333333
"24004",0.095
"24005",0.0933333333333333
"24006",0.095
"24007",0.0933333333333333
"24008",0.0966666666666667
"24009",0.0933333333333333
"24010",0.0966666666666667
"24011",0.0966666666666667
"24012",0.0966666666666667
"24013",0.0966666666666667
"24014",0.0983333333333333
"24015",0.0983333333333333
"24016",0.0966666666666667
"24017",0.0966666666666667
"24018",0.0966666666666667
"24019",0.0966666666666667
"24020",0.0983333333333333
"24021",0.0966666666666667
"24022",0.0983333333333333
"24023",0.0966666666666667
"24024",0.1
"24025",0.0966666666666667
"24026",0.1
"24027",0.106666666666667
"24028",0.106666666666667
"24029",0.106666666666667
"24030",0.108333333333333
"24031",0.108333333333333
"24032",0.106666666666667
"24033",0.106666666666667
"24034",0.105
"24035",0.106666666666667
"24036",0.108333333333333
"24037",0.105
"24038",0.108333333333333
"24039",0.106666666666667
"24040",0.11
"24041",0.106666666666667
"24042",0.11
"24043",0.106666666666667
"24044",0.106666666666667
"24045",0.106666666666667
"24046",0.108333333333333
"24047",0.108333333333333
"24048",0.106666666666667
"24049",0.106666666666667
"24050",0.105
"24051",0.106666666666667
"24052",0.108333333333333
"24053",0.105
"24054",0.108333333333333
"24055",0.106666666666667
"24056",0.11
"24057",0.106666666666667
"24058",0.11
"24059",0.106666666666667
"24060",0.106666666666667
"24061",0.106666666666667
"24062",0.108333333333333
"24063",0.108333333333333
"24064",0.106666666666667
"24065",0.106666666666667
"24066",0.105
"24067",0.106666666666667
"24068",0.108333333333333
"24069",0.105
"24070",0.108333333333333
"24071",0.106666666666667
"24072",0.11
"24073",0.106666666666667
"24074",0.11
"24075",0.106666666666667
"24076",0.106666666666667
"24077",0.106666666666667
"24078",0.108333333333333
"24079",0.108333333333333
"24080",0.106666666666667
"24081",0.106666666666667
"24082",0.105
"24083",0.106666666666667
"24084",0.108333333333333
"24085",0.105
"24086",0.108333333333333
"24087",0.106666666666667
"24088",0.11
"24089",0.106666666666667
"24090",0.11
"24091",0.106666666666667
"24092",0.106666666666667
"24093",0.106666666666667
"24094",0.108333333333333
"24095",0.108333333333333
"24096",0.106666666666667
"24097",0.106666666666667
"24098",0.105
"24099",0.106666666666667
"24100",0.108333333333333
"24101",0.105
"24102",0.108333333333333
"24103",0.106666666666667
"24104",0.11
"24105",0.106666666666667
"24106",0.11
"24107",0.103333333333333
"24108",0.103333333333333
"24109",0.103333333333333
"24110",0.105
"24111",0.105
"24112",0.103333333333333
"24113",0.103333333333333
"24114",0.101666666666667
"24115",0.103333333333333
"24116",0.105
"24117",0.101666666666667
"24118",0.105
"24119",0.103333333333333
"24120",0.106666666666667
"24121",0.103333333333333
"24122",0.106666666666667
"24123",0.105
"24124",0.105
"24125",0.105
"24126",0.106666666666667
"24127",0.106666666666667
"24128",0.105
"24129",0.105
"24130",0.103333333333333
"24131",0.105
"24132",0.106666666666667
"24133",0.103333333333333
"24134",0.106666666666667
"24135",0.105
"24136",0.108333333333333
"24137",0.105
"24138",0.108333333333333
"24139",0.106666666666667
"24140",0.106666666666667
"24141",0.106666666666667
"24142",0.108333333333333
"24143",0.108333333333333
"24144",0.106666666666667
"24145",0.106666666666667
"24146",0.105
"24147",0.106666666666667
"24148",0.108333333333333
"24149",0.105
"24150",0.108333333333333
"24151",0.106666666666667
"24152",0.11
"24153",0.106666666666667
"24154",0.11
"24155",0.106666666666667
"24156",0.106666666666667
"24157",0.106666666666667
"24158",0.108333333333333
"24159",0.108333333333333
"24160",0.106666666666667
"24161",0.106666666666667
"24162",0.105
"24163",0.106666666666667
"24164",0.108333333333333
"24165",0.105
"24166",0.108333333333333
"24167",0.106666666666667
"24168",0.11
"24169",0.106666666666667
"24170",0.11
"24171",0.106666666666667
"24172",0.106666666666667
"24173",0.106666666666667
"24174",0.108333333333333
"24175",0.108333333333333
"24176",0.106666666666667
"24177",0.106666666666667
"24178",0.105
"24179",0.106666666666667
"24180",0.108333333333333
"24181",0.105
"24182",0.108333333333333
"24183",0.106666666666667
"24184",0.11
"24185",0.106666666666667
"24186",0.11
"24187",0.103333333333333
"24188",0.103333333333333
"24189",0.103333333333333
"24190",0.105
"24191",0.105
"24192",0.103333333333333
"24193",0.103333333333333
"24194",0.101666666666667
"24195",0.103333333333333
"24196",0.105
"24197",0.101666666666667
"24198",0.105
"24199",0.103333333333333
"24200",0.106666666666667
"24201",0.103333333333333
"24202",0.106666666666667
"24203",0.106666666666667
"24204",0.106666666666667
"24205",0.106666666666667
"24206",0.108333333333333
"24207",0.108333333333333
"24208",0.106666666666667
"24209",0.106666666666667
"24210",0.105
"24211",0.106666666666667
"24212",0.108333333333333
"24213",0.105
"24214",0.108333333333333
"24215",0.106666666666667
"24216",0.11
"24217",0.106666666666667
"24218",0.11
"24219",0.106666666666667
"24220",0.106666666666667
"24221",0.106666666666667
"24222",0.108333333333333
"24223",0.108333333333333
"24224",0.106666666666667
"24225",0.106666666666667
"24226",0.105
"24227",0.106666666666667
"24228",0.108333333333333
"24229",0.105
"24230",0.108333333333333
"24231",0.106666666666667
"24232",0.11
"24233",0.106666666666667
"24234",0.11
"24235",0.106666666666667
"24236",0.106666666666667
"24237",0.106666666666667
"24238",0.108333333333333
"24239",0.108333333333333
"24240",0.106666666666667
"24241",0.106666666666667
"24242",0.105
"24243",0.106666666666667
"24244",0.108333333333333
"24245",0.105
"24246",0.108333333333333
"24247",0.106666666666667
"24248",0.11
"24249",0.106666666666667
"24250",0.11
"24251",0.106666666666667
"24252",0.106666666666667
"24253",0.106666666666667
"24254",0.108333333333333
"24255",0.108333333333333
"24256",0.106666666666667
"24257",0.106666666666667
"24258",0.105
"24259",0.106666666666667
"24260",0.108333333333333
"24261",0.105
"24262",0.108333333333333
"24263",0.106666666666667
"24264",0.11
"24265",0.106666666666667
"24266",0.11
"24267",0.106666666666667
"24268",0.106666666666667
"24269",0.106666666666667
"24270",0.108333333333333
"24271",0.108333333333333
"24272",0.106666666666667
"24273",0.106666666666667
"24274",0.105
"24275",0.106666666666667
"24276",0.108333333333333
"24277",0.105
"24278",0.108333333333333
"24279",0.106666666666667
"24280",0.11
"24281",0.106666666666667
"24282",0.11
"24283",0.103333333333333
"24284",0.103333333333333
"24285",0.103333333333333
"24286",0.105
"24287",0.105
"24288",0.103333333333333
"24289",0.103333333333333
"24290",0.101666666666667
"24291",0.103333333333333
"24292",0.105
"24293",0.101666666666667
"24294",0.105
"24295",0.103333333333333
"24296",0.106666666666667
"24297",0.103333333333333
"24298",0.106666666666667
"24299",0.0983333333333333
"24300",0.0983333333333333
"24301",0.0983333333333333
"24302",0.1
"24303",0.1
"24304",0.0983333333333333
"24305",0.0983333333333333
"24306",0.0983333333333333
"24307",0.0983333333333333
"24308",0.1
"24309",0.0983333333333333
"24310",0.1
"24311",0.0983333333333333
"24312",0.101666666666667
"24313",0.0983333333333333
"24314",0.101666666666667
"24315",0.0983333333333333
"24316",0.0983333333333333
"24317",0.0983333333333333
"24318",0.1
"24319",0.1
"24320",0.0983333333333333
"24321",0.0983333333333333
"24322",0.0983333333333333
"24323",0.0983333333333333
"24324",0.1
"24325",0.0983333333333333
"24326",0.1
"24327",0.0983333333333333
"24328",0.101666666666667
"24329",0.0983333333333333
"24330",0.101666666666667
"24331",0.0983333333333333
"24332",0.0983333333333333
"24333",0.0983333333333333
"24334",0.1
"24335",0.1
"24336",0.0983333333333333
"24337",0.0983333333333333
"24338",0.0983333333333333
"24339",0.0983333333333333
"24340",0.1
"24341",0.0983333333333333
"24342",0.1
"24343",0.0983333333333333
"24344",0.101666666666667
"24345",0.0983333333333333
"24346",0.101666666666667
"24347",0.1
"24348",0.1
"24349",0.0983333333333333
"24350",0.101666666666667
"24351",0.101666666666667
"24352",0.1
"24353",0.1
"24354",0.1
"24355",0.1
"24356",0.101666666666667
"24357",0.1
"24358",0.101666666666667
"24359",0.1
"24360",0.103333333333333
"24361",0.1
"24362",0.103333333333333
"24363",0.0983333333333333
"24364",0.0983333333333333
"24365",0.0983333333333333
"24366",0.1
"24367",0.1
"24368",0.0983333333333333
"24369",0.0983333333333333
"24370",0.0983333333333333
"24371",0.0983333333333333
"24372",0.1
"24373",0.0983333333333333
"24374",0.1
"24375",0.0983333333333333
"24376",0.101666666666667
"24377",0.0983333333333333
"24378",0.101666666666667
"24379",0.0983333333333333
"24380",0.0983333333333333
"24381",0.0966666666666667
"24382",0.1
"24383",0.1
"24384",0.0983333333333333
"24385",0.0983333333333333
"24386",0.0983333333333333
"24387",0.0983333333333333
"24388",0.1
"24389",0.0983333333333333
"24390",0.1
"24391",0.0983333333333333
"24392",0.101666666666667
"24393",0.101666666666667
"24394",0.101666666666667
"24395",0.0983333333333333
"24396",0.0983333333333333
"24397",0.0983333333333333
"24398",0.1
"24399",0.1
"24400",0.0983333333333333
"24401",0.0983333333333333
"24402",0.0983333333333333
"24403",0.0983333333333333
"24404",0.1
"24405",0.0983333333333333
"24406",0.1
"24407",0.0983333333333333
"24408",0.101666666666667
"24409",0.0983333333333333
"24410",0.101666666666667
"24411",0.0983333333333333
"24412",0.0983333333333333
"24413",0.0983333333333333
"24414",0.1
"24415",0.1
"24416",0.0983333333333333
"24417",0.0983333333333333
"24418",0.0983333333333333
"24419",0.0983333333333333
"24420",0.1
"24421",0.0983333333333333
"24422",0.1
"24423",0.0983333333333333
"24424",0.101666666666667
"24425",0.0983333333333333
"24426",0.101666666666667
"24427",0.103333333333333
"24428",0.103333333333333
"24429",0.103333333333333
"24430",0.105
"24431",0.105
"24432",0.103333333333333
"24433",0.103333333333333
"24434",0.103333333333333
"24435",0.103333333333333
"24436",0.105
"24437",0.103333333333333
"24438",0.105
"24439",0.103333333333333
"24440",0.106666666666667
"24441",0.106666666666667
"24442",0.106666666666667
"24443",0.123333333333333
"24444",0.123333333333333
"24445",0.126666666666667
"24446",0.125
"24447",0.125
"24448",0.123333333333333
"24449",0.123333333333333
"24450",0.121666666666667
"24451",0.123333333333333
"24452",0.125
"24453",0.121666666666667
"24454",0.125
"24455",0.123333333333333
"24456",0.126666666666667
"24457",0.126666666666667
"24458",0.123333333333333
"24459",0.121666666666667
"24460",0.121666666666667
"24461",0.125
"24462",0.123333333333333
"24463",0.123333333333333
"24464",0.121666666666667
"24465",0.121666666666667
"24466",0.12
"24467",0.121666666666667
"24468",0.123333333333333
"24469",0.12
"24470",0.123333333333333
"24471",0.121666666666667
"24472",0.125
"24473",0.125
"24474",0.125
"24475",0.121666666666667
"24476",0.121666666666667
"24477",0.125
"24478",0.123333333333333
"24479",0.123333333333333
"24480",0.121666666666667
"24481",0.121666666666667
"24482",0.12
"24483",0.121666666666667
"24484",0.123333333333333
"24485",0.12
"24486",0.123333333333333
"24487",0.121666666666667
"24488",0.125
"24489",0.125
"24490",0.125
"24491",0.095
"24492",0.0966666666666667
"24493",0.095
"24494",0.0966666666666667
"24495",0.0966666666666667
"24496",0.095
"24497",0.095
"24498",0.095
"24499",0.095
"24500",0.0966666666666667
"24501",0.095
"24502",0.0966666666666667
"24503",0.0966666666666667
"24504",0.0983333333333333
"24505",0.095
"24506",0.0983333333333333
"24507",0.095
"24508",0.0966666666666667
"24509",0.095
"24510",0.0966666666666667
"24511",0.0966666666666667
"24512",0.095
"24513",0.095
"24514",0.095
"24515",0.095
"24516",0.0966666666666667
"24517",0.095
"24518",0.0966666666666667
"24519",0.0966666666666667
"24520",0.0983333333333333
"24521",0.095
"24522",0.0983333333333333
"24523",0.095
"24524",0.0966666666666667
"24525",0.095
"24526",0.0966666666666667
"24527",0.0966666666666667
"24528",0.095
"24529",0.095
"24530",0.095
"24531",0.095
"24532",0.0966666666666667
"24533",0.095
"24534",0.0966666666666667
"24535",0.0966666666666667
"24536",0.0983333333333333
"24537",0.095
"24538",0.0983333333333333
"24539",0.095
"24540",0.0966666666666667
"24541",0.095
"24542",0.0966666666666667
"24543",0.0966666666666667
"24544",0.095
"24545",0.095
"24546",0.095
"24547",0.095
"24548",0.0966666666666667
"24549",0.095
"24550",0.0966666666666667
"24551",0.0966666666666667
"24552",0.0983333333333333
"24553",0.095
"24554",0.0983333333333333
"24555",0.095
"24556",0.0966666666666667
"24557",0.095
"24558",0.0966666666666667
"24559",0.0966666666666667
"24560",0.095
"24561",0.095
"24562",0.095
"24563",0.095
"24564",0.0966666666666667
"24565",0.095
"24566",0.0966666666666667
"24567",0.0966666666666667
"24568",0.0983333333333333
"24569",0.095
"24570",0.0983333333333333
"24571",0.095
"24572",0.0966666666666667
"24573",0.095
"24574",0.0966666666666667
"24575",0.0966666666666667
"24576",0.095
"24577",0.095
"24578",0.095
"24579",0.095
"24580",0.0966666666666667
"24581",0.095
"24582",0.0966666666666667
"24583",0.0966666666666667
"24584",0.0983333333333333
"24585",0.095
"24586",0.0983333333333333
"24587",0.095
"24588",0.0966666666666667
"24589",0.095
"24590",0.0966666666666667
"24591",0.0966666666666667
"24592",0.095
"24593",0.095
"24594",0.095
"24595",0.095
"24596",0.0966666666666667
"24597",0.095
"24598",0.0966666666666667
"24599",0.0966666666666667
"24600",0.0983333333333333
"24601",0.095
"24602",0.0983333333333333
"24603",0.095
"24604",0.0966666666666667
"24605",0.095
"24606",0.0966666666666667
"24607",0.0966666666666667
"24608",0.095
"24609",0.095
"24610",0.095
"24611",0.095
"24612",0.0966666666666667
"24613",0.095
"24614",0.0966666666666667
"24615",0.0966666666666667
"24616",0.0983333333333333
"24617",0.095
"24618",0.0983333333333333
"24619",0.095
"24620",0.0966666666666667
"24621",0.095
"24622",0.0966666666666667
"24623",0.0966666666666667
"24624",0.095
"24625",0.095
"24626",0.095
"24627",0.095
"24628",0.0966666666666667
"24629",0.095
"24630",0.0966666666666667
"24631",0.0966666666666667
"24632",0.0983333333333333
"24633",0.095
"24634",0.0983333333333333
"24635",0.095
"24636",0.0966666666666667
"24637",0.095
"24638",0.0966666666666667
"24639",0.0966666666666667
"24640",0.095
"24641",0.095
"24642",0.095
"24643",0.095
"24644",0.0966666666666667
"24645",0.095
"24646",0.0966666666666667
"24647",0.0966666666666667
"24648",0.0983333333333333
"24649",0.095
"24650",0.0983333333333333
"24651",0.0966666666666667
"24652",0.0983333333333333
"24653",0.0966666666666667
"24654",0.0983333333333333
"24655",0.0983333333333333
"24656",0.0966666666666667
"24657",0.0966666666666667
"24658",0.0966666666666667
"24659",0.0966666666666667
"24660",0.0983333333333333
"24661",0.0966666666666667
"24662",0.0983333333333333
"24663",0.0983333333333333
"24664",0.1
"24665",0.0966666666666667
"24666",0.1
"24667",0.095
"24668",0.0966666666666667
"24669",0.095
"24670",0.0966666666666667
"24671",0.0966666666666667
"24672",0.095
"24673",0.095
"24674",0.095
"24675",0.095
"24676",0.0966666666666667
"24677",0.095
"24678",0.0966666666666667
"24679",0.0966666666666667
"24680",0.0983333333333333
"24681",0.095
"24682",0.0983333333333333
"24683",0.0966666666666667
"24684",0.0983333333333333
"24685",0.0966666666666667
"24686",0.0983333333333333
"24687",0.0983333333333333
"24688",0.0966666666666667
"24689",0.0966666666666667
"24690",0.0966666666666667
"24691",0.0966666666666667
"24692",0.0983333333333333
"24693",0.0966666666666667
"24694",0.0983333333333333
"24695",0.0983333333333333
"24696",0.1
"24697",0.0966666666666667
"24698",0.1
"24699",0.0966666666666667
"24700",0.0983333333333333
"24701",0.0966666666666667
"24702",0.0983333333333333
"24703",0.0983333333333333
"24704",0.0966666666666667
"24705",0.0966666666666667
"24706",0.0966666666666667
"24707",0.0966666666666667
"24708",0.0983333333333333
"24709",0.0966666666666667
"24710",0.0983333333333333
"24711",0.0983333333333333
"24712",0.1
"24713",0.0966666666666667
"24714",0.1
"24715",0.095
"24716",0.0966666666666667
"24717",0.095
"24718",0.0966666666666667
"24719",0.0966666666666667
"24720",0.095
"24721",0.095
"24722",0.095
"24723",0.095
"24724",0.0966666666666667
"24725",0.095
"24726",0.0966666666666667
"24727",0.0966666666666667
"24728",0.0983333333333333
"24729",0.095
"24730",0.0983333333333333
"24731",0.095
"24732",0.0966666666666667
"24733",0.095
"24734",0.0966666666666667
"24735",0.0966666666666667
"24736",0.095
"24737",0.095
"24738",0.095
"24739",0.095
"24740",0.0966666666666667
"24741",0.095
"24742",0.0966666666666667
"24743",0.0966666666666667
"24744",0.0983333333333333
"24745",0.095
"24746",0.0983333333333333
"24747",0.095
"24748",0.0966666666666667
"24749",0.095
"24750",0.0966666666666667
"24751",0.0966666666666667
"24752",0.095
"24753",0.095
"24754",0.095
"24755",0.095
"24756",0.0966666666666667
"24757",0.095
"24758",0.0966666666666667
"24759",0.0966666666666667
"24760",0.0983333333333333
"24761",0.095
"24762",0.0983333333333333
"24763",0.095
"24764",0.0966666666666667
"24765",0.095
"24766",0.0966666666666667
"24767",0.0966666666666667
"24768",0.095
"24769",0.095
"24770",0.095
"24771",0.095
"24772",0.0966666666666667
"24773",0.095
"24774",0.0966666666666667
"24775",0.0966666666666667
"24776",0.0983333333333333
"24777",0.095
"24778",0.0983333333333333
"24779",0.095
"24780",0.0966666666666667
"24781",0.095
"24782",0.0966666666666667
"24783",0.0966666666666667
"24784",0.095
"24785",0.095
"24786",0.095
"24787",0.095
"24788",0.0966666666666667
"24789",0.095
"24790",0.0966666666666667
"24791",0.0966666666666667
"24792",0.0983333333333333
"24793",0.095
"24794",0.0983333333333333
"24795",0.095
"24796",0.0966666666666667
"24797",0.095
"24798",0.0966666666666667
"24799",0.0966666666666667
"24800",0.095
"24801",0.095
"24802",0.095
"24803",0.095
"24804",0.0966666666666667
"24805",0.095
"24806",0.0966666666666667
"24807",0.0966666666666667
"24808",0.0983333333333333
"24809",0.095
"24810",0.0983333333333333
"24811",0.095
"24812",0.0966666666666667
"24813",0.095
"24814",0.0966666666666667
"24815",0.0966666666666667
"24816",0.095
"24817",0.095
"24818",0.095
"24819",0.095
"24820",0.0966666666666667
"24821",0.095
"24822",0.0966666666666667
"24823",0.0966666666666667
"24824",0.0983333333333333
"24825",0.095
"24826",0.0983333333333333
"24827",0.095
"24828",0.0966666666666667
"24829",0.095
"24830",0.0966666666666667
"24831",0.0966666666666667
"24832",0.095
"24833",0.095
"24834",0.095
"24835",0.095
"24836",0.0966666666666667
"24837",0.095
"24838",0.0966666666666667
"24839",0.0966666666666667
"24840",0.0983333333333333
"24841",0.095
"24842",0.0983333333333333
"24843",0.095
"24844",0.0966666666666667
"24845",0.095
"24846",0.0966666666666667
"24847",0.0966666666666667
"24848",0.095
"24849",0.095
"24850",0.095
"24851",0.095
"24852",0.0966666666666667
"24853",0.095
"24854",0.0966666666666667
"24855",0.0966666666666667
"24856",0.0983333333333333
"24857",0.095
"24858",0.0983333333333333
"24859",0.095
"24860",0.0966666666666667
"24861",0.095
"24862",0.0966666666666667
"24863",0.0966666666666667
"24864",0.095
"24865",0.095
"24866",0.095
"24867",0.095
"24868",0.0966666666666667
"24869",0.095
"24870",0.0966666666666667
"24871",0.0966666666666667
"24872",0.0983333333333333
"24873",0.095
"24874",0.0983333333333333
"24875",0.0966666666666667
"24876",0.0983333333333333
"24877",0.0966666666666667
"24878",0.0983333333333333
"24879",0.0983333333333333
"24880",0.0966666666666667
"24881",0.0966666666666667
"24882",0.0966666666666667
"24883",0.0966666666666667
"24884",0.0983333333333333
"24885",0.0966666666666667
"24886",0.0983333333333333
"24887",0.0983333333333333
"24888",0.1
"24889",0.0966666666666667
"24890",0.1
"24891",0.095
"24892",0.0966666666666667
"24893",0.095
"24894",0.0966666666666667
"24895",0.0966666666666667
"24896",0.095
"24897",0.095
"24898",0.095
"24899",0.095
"24900",0.0966666666666667
"24901",0.095
"24902",0.0966666666666667
"24903",0.0966666666666667
"24904",0.0983333333333333
"24905",0.095
"24906",0.0983333333333333
"24907",0.0966666666666667
"24908",0.0983333333333333
"24909",0.0966666666666667
"24910",0.0983333333333333
"24911",0.0983333333333333
"24912",0.0966666666666667
"24913",0.0966666666666667
"24914",0.0966666666666667
"24915",0.0966666666666667
"24916",0.0983333333333333
"24917",0.0966666666666667
"24918",0.0983333333333333
"24919",0.0983333333333333
"24920",0.1
"24921",0.0966666666666667
"24922",0.1
"24923",0.095
"24924",0.0966666666666667
"24925",0.095
"24926",0.0966666666666667
"24927",0.0966666666666667
"24928",0.095
"24929",0.095
"24930",0.095
"24931",0.095
"24932",0.0966666666666667
"24933",0.095
"24934",0.0966666666666667
"24935",0.0966666666666667
"24936",0.0983333333333333
"24937",0.095
"24938",0.0983333333333333
"24939",0.0966666666666667
"24940",0.0983333333333333
"24941",0.0966666666666667
"24942",0.0983333333333333
"24943",0.0983333333333333
"24944",0.0966666666666667
"24945",0.0966666666666667
"24946",0.0966666666666667
"24947",0.0966666666666667
"24948",0.0983333333333333
"24949",0.0966666666666667
"24950",0.0983333333333333
"24951",0.0983333333333333
"24952",0.1
"24953",0.0966666666666667
"24954",0.1
"24955",0.095
"24956",0.0966666666666667
"24957",0.095
"24958",0.0966666666666667
"24959",0.0966666666666667
"24960",0.095
"24961",0.095
"24962",0.095
"24963",0.095
"24964",0.0966666666666667
"24965",0.095
"24966",0.0966666666666667
"24967",0.0966666666666667
"24968",0.0983333333333333
"24969",0.095
"24970",0.0983333333333333
"24971",0.095
"24972",0.0966666666666667
"24973",0.095
"24974",0.0966666666666667
"24975",0.0966666666666667
"24976",0.095
"24977",0.095
"24978",0.095
"24979",0.095
"24980",0.0966666666666667
"24981",0.095
"24982",0.0966666666666667
"24983",0.0966666666666667
"24984",0.0983333333333333
"24985",0.095
"24986",0.0983333333333333
"24987",0.095
"24988",0.0966666666666667
"24989",0.095
"24990",0.0966666666666667
"24991",0.0966666666666667
"24992",0.095
"24993",0.095
"24994",0.095
"24995",0.095
"24996",0.0966666666666667
"24997",0.095
"24998",0.0966666666666667
"24999",0.0966666666666667
"25000",0.0983333333333333
"25001",0.095
"25002",0.0983333333333333
"25003",0.095
"25004",0.0966666666666667
"25005",0.095
"25006",0.0966666666666667
"25007",0.0966666666666667
"25008",0.095
"25009",0.095
"25010",0.095
"25011",0.095
"25012",0.0966666666666667
"25013",0.095
"25014",0.0966666666666667
"25015",0.0966666666666667
"25016",0.0983333333333333
"25017",0.095
"25018",0.0983333333333333
"25019",0.095
"25020",0.0966666666666667
"25021",0.095
"25022",0.0966666666666667
"25023",0.0966666666666667
"25024",0.095
"25025",0.095
"25026",0.095
"25027",0.095
"25028",0.0966666666666667
"25029",0.095
"25030",0.0966666666666667
"25031",0.0966666666666667
"25032",0.0983333333333333
"25033",0.095
"25034",0.0983333333333333
"25035",0.095
"25036",0.0966666666666667
"25037",0.095
"25038",0.0966666666666667
"25039",0.0966666666666667
"25040",0.095
"25041",0.095
"25042",0.095
"25043",0.095
"25044",0.0966666666666667
"25045",0.095
"25046",0.0966666666666667
"25047",0.0966666666666667
"25048",0.0983333333333333
"25049",0.095
"25050",0.0983333333333333
"25051",0.0966666666666667
"25052",0.0983333333333333
"25053",0.0966666666666667
"25054",0.0983333333333333
"25055",0.0983333333333333
"25056",0.0966666666666667
"25057",0.0966666666666667
"25058",0.0966666666666667
"25059",0.0966666666666667
"25060",0.0983333333333333
"25061",0.0966666666666667
"25062",0.0983333333333333
"25063",0.0983333333333333
"25064",0.1
"25065",0.0966666666666667
"25066",0.1
"25067",0.095
"25068",0.0966666666666667
"25069",0.095
"25070",0.0966666666666667
"25071",0.0966666666666667
"25072",0.095
"25073",0.095
"25074",0.095
"25075",0.095
"25076",0.0966666666666667
"25077",0.095
"25078",0.0966666666666667
"25079",0.0966666666666667
"25080",0.0983333333333333
"25081",0.095
"25082",0.0983333333333333
"25083",0.095
"25084",0.0966666666666667
"25085",0.095
"25086",0.0966666666666667
"25087",0.0966666666666667
"25088",0.095
"25089",0.095
"25090",0.095
"25091",0.095
"25092",0.0966666666666667
"25093",0.095
"25094",0.0966666666666667
"25095",0.0966666666666667
"25096",0.0983333333333333
"25097",0.095
"25098",0.0983333333333333
"25099",0.0966666666666667
"25100",0.0983333333333333
"25101",0.0966666666666667
"25102",0.0983333333333333
"25103",0.0983333333333333
"25104",0.0966666666666667
"25105",0.0966666666666667
"25106",0.0966666666666667
"25107",0.0966666666666667
"25108",0.0983333333333333
"25109",0.0966666666666667
"25110",0.0983333333333333
"25111",0.0983333333333333
"25112",0.1
"25113",0.0966666666666667
"25114",0.1
"25115",0.095
"25116",0.0966666666666667
"25117",0.095
"25118",0.0966666666666667
"25119",0.0966666666666667
"25120",0.095
"25121",0.095
"25122",0.095
"25123",0.095
"25124",0.0966666666666667
"25125",0.095
"25126",0.0966666666666667
"25127",0.0966666666666667
"25128",0.0983333333333333
"25129",0.095
"25130",0.0983333333333333
"25131",0.095
"25132",0.0966666666666667
"25133",0.095
"25134",0.0966666666666667
"25135",0.0966666666666667
"25136",0.095
"25137",0.095
"25138",0.095
"25139",0.095
"25140",0.0966666666666667
"25141",0.095
"25142",0.0966666666666667
"25143",0.0966666666666667
"25144",0.0983333333333333
"25145",0.095
"25146",0.0983333333333333
"25147",0.095
"25148",0.0966666666666667
"25149",0.095
"25150",0.0966666666666667
"25151",0.0966666666666667
"25152",0.095
"25153",0.095
"25154",0.095
"25155",0.095
"25156",0.0966666666666667
"25157",0.095
"25158",0.0966666666666667
"25159",0.0966666666666667
"25160",0.0983333333333333
"25161",0.095
"25162",0.0983333333333333
"25163",0.095
"25164",0.0966666666666667
"25165",0.095
"25166",0.0966666666666667
"25167",0.0966666666666667
"25168",0.095
"25169",0.095
"25170",0.095
"25171",0.095
"25172",0.0966666666666667
"25173",0.095
"25174",0.0966666666666667
"25175",0.0966666666666667
"25176",0.0983333333333333
"25177",0.095
"25178",0.0983333333333333
"25179",0.0933333333333333
"25180",0.095
"25181",0.0933333333333333
"25182",0.095
"25183",0.095
"25184",0.0933333333333333
"25185",0.0933333333333333
"25186",0.0933333333333333
"25187",0.0933333333333333
"25188",0.095
"25189",0.0933333333333333
"25190",0.095
"25191",0.095
"25192",0.0966666666666667
"25193",0.0933333333333333
"25194",0.0966666666666667
"25195",0.095
"25196",0.0966666666666667
"25197",0.095
"25198",0.0966666666666667
"25199",0.0966666666666667
"25200",0.095
"25201",0.095
"25202",0.095
"25203",0.095
"25204",0.0966666666666667
"25205",0.095
"25206",0.0966666666666667
"25207",0.0966666666666667
"25208",0.0983333333333333
"25209",0.095
"25210",0.0983333333333333
"25211",0.0933333333333333
"25212",0.095
"25213",0.0933333333333333
"25214",0.095
"25215",0.095
"25216",0.0933333333333333
"25217",0.0933333333333333
"25218",0.0933333333333333
"25219",0.0933333333333333
"25220",0.095
"25221",0.0933333333333333
"25222",0.095
"25223",0.095
"25224",0.0966666666666667
"25225",0.0933333333333333
"25226",0.0966666666666667
"25227",0.095
"25228",0.0966666666666667
"25229",0.095
"25230",0.0966666666666667
"25231",0.0966666666666667
"25232",0.095
"25233",0.095
"25234",0.095
"25235",0.095
"25236",0.0966666666666667
"25237",0.095
"25238",0.0966666666666667
"25239",0.0966666666666667
"25240",0.0983333333333333
"25241",0.095
"25242",0.0983333333333333
"25243",0.0966666666666667
"25244",0.0983333333333333
"25245",0.0966666666666667
"25246",0.0983333333333333
"25247",0.0983333333333333
"25248",0.0966666666666667
"25249",0.0966666666666667
"25250",0.0966666666666667
"25251",0.0966666666666667
"25252",0.0983333333333333
"25253",0.0966666666666667
"25254",0.0983333333333333
"25255",0.0983333333333333
"25256",0.1
"25257",0.0966666666666667
"25258",0.1
"25259",0.0966666666666667
"25260",0.0983333333333333
"25261",0.0966666666666667
"25262",0.0983333333333333
"25263",0.0983333333333333
"25264",0.0966666666666667
"25265",0.0966666666666667
"25266",0.0966666666666667
"25267",0.0966666666666667
"25268",0.0983333333333333
"25269",0.0966666666666667
"25270",0.0983333333333333
"25271",0.0983333333333333
"25272",0.1
"25273",0.0966666666666667
"25274",0.1
"25275",0.0966666666666667
"25276",0.0983333333333333
"25277",0.0966666666666667
"25278",0.0983333333333333
"25279",0.0983333333333333
"25280",0.0966666666666667
"25281",0.0966666666666667
"25282",0.0966666666666667
"25283",0.0966666666666667
"25284",0.0983333333333333
"25285",0.0966666666666667
"25286",0.0983333333333333
"25287",0.0983333333333333
"25288",0.1
"25289",0.0966666666666667
"25290",0.1
"25291",0.095
"25292",0.0966666666666667
"25293",0.095
"25294",0.0966666666666667
"25295",0.0966666666666667
"25296",0.095
"25297",0.095
"25298",0.095
"25299",0.095
"25300",0.0966666666666667
"25301",0.095
"25302",0.0966666666666667
"25303",0.0966666666666667
"25304",0.0983333333333333
"25305",0.095
"25306",0.0983333333333333
"25307",0.095
"25308",0.0966666666666667
"25309",0.095
"25310",0.0966666666666667
"25311",0.0966666666666667
"25312",0.095
"25313",0.095
"25314",0.095
"25315",0.095
"25316",0.0966666666666667
"25317",0.095
"25318",0.0966666666666667
"25319",0.0966666666666667
"25320",0.0983333333333333
"25321",0.095
"25322",0.0983333333333333
"25323",0.095
"25324",0.0966666666666667
"25325",0.095
"25326",0.0966666666666667
"25327",0.0966666666666667
"25328",0.095
"25329",0.095
"25330",0.095
"25331",0.095
"25332",0.0966666666666667
"25333",0.095
"25334",0.0966666666666667
"25335",0.0966666666666667
"25336",0.0983333333333333
"25337",0.095
"25338",0.0983333333333333
"25339",0.095
"25340",0.0966666666666667
"25341",0.095
"25342",0.0966666666666667
"25343",0.0966666666666667
"25344",0.095
"25345",0.095
"25346",0.095
"25347",0.095
"25348",0.0966666666666667
"25349",0.095
"25350",0.0966666666666667
"25351",0.0966666666666667
"25352",0.0983333333333333
"25353",0.095
"25354",0.0983333333333333
"25355",0.095
"25356",0.0966666666666667
"25357",0.095
"25358",0.0966666666666667
"25359",0.0966666666666667
"25360",0.095
"25361",0.095
"25362",0.095
"25363",0.095
"25364",0.0966666666666667
"25365",0.095
"25366",0.0966666666666667
"25367",0.0966666666666667
"25368",0.0983333333333333
"25369",0.095
"25370",0.0983333333333333
"25371",0.095
"25372",0.0966666666666667
"25373",0.095
"25374",0.0966666666666667
"25375",0.0966666666666667
"25376",0.095
"25377",0.095
"25378",0.095
"25379",0.095
"25380",0.0966666666666667
"25381",0.095
"25382",0.0966666666666667
"25383",0.0966666666666667
"25384",0.0983333333333333
"25385",0.095
"25386",0.0983333333333333
"25387",0.095
"25388",0.0966666666666667
"25389",0.095
"25390",0.0966666666666667
"25391",0.0966666666666667
"25392",0.095
"25393",0.095
"25394",0.095
"25395",0.095
"25396",0.0966666666666667
"25397",0.095
"25398",0.0966666666666667
"25399",0.0966666666666667
"25400",0.0983333333333333
"25401",0.095
"25402",0.0983333333333333
"25403",0.0966666666666667
"25404",0.0983333333333333
"25405",0.0966666666666667
"25406",0.0983333333333333
"25407",0.0983333333333333
"25408",0.0966666666666667
"25409",0.0966666666666667
"25410",0.0966666666666667
"25411",0.0966666666666667
"25412",0.0983333333333333
"25413",0.0966666666666667
"25414",0.0983333333333333
"25415",0.0983333333333333
"25416",0.1
"25417",0.0966666666666667
"25418",0.1
"25419",0.095
"25420",0.0966666666666667
"25421",0.095
"25422",0.0966666666666667
"25423",0.0966666666666667
"25424",0.095
"25425",0.095
"25426",0.095
"25427",0.095
"25428",0.0966666666666667
"25429",0.095
"25430",0.0966666666666667
"25431",0.0966666666666667
"25432",0.0983333333333333
"25433",0.095
"25434",0.0983333333333333
"25435",0.095
"25436",0.0966666666666667
"25437",0.095
"25438",0.0966666666666667
"25439",0.0966666666666667
"25440",0.095
"25441",0.095
"25442",0.095
"25443",0.095
"25444",0.0966666666666667
"25445",0.095
"25446",0.0966666666666667
"25447",0.0966666666666667
"25448",0.0983333333333333
"25449",0.095
"25450",0.0983333333333333
"25451",0.095
"25452",0.0966666666666667
"25453",0.095
"25454",0.0966666666666667
"25455",0.0966666666666667
"25456",0.095
"25457",0.095
"25458",0.095
"25459",0.095
"25460",0.0966666666666667
"25461",0.095
"25462",0.0966666666666667
"25463",0.0966666666666667
"25464",0.0983333333333333
"25465",0.095
"25466",0.0983333333333333
"25467",0.095
"25468",0.0966666666666667
"25469",0.095
"25470",0.0966666666666667
"25471",0.0966666666666667
"25472",0.095
"25473",0.095
"25474",0.095
"25475",0.095
"25476",0.0966666666666667
"25477",0.095
"25478",0.0966666666666667
"25479",0.0966666666666667
"25480",0.0983333333333333
"25481",0.095
"25482",0.0983333333333333
"25483",0.095
"25484",0.0966666666666667
"25485",0.095
"25486",0.0966666666666667
"25487",0.0966666666666667
"25488",0.095
"25489",0.095
"25490",0.095
"25491",0.095
"25492",0.0966666666666667
"25493",0.095
"25494",0.0966666666666667
"25495",0.0966666666666667
"25496",0.0983333333333333
"25497",0.095
"25498",0.0983333333333333
"25499",0.095
"25500",0.0966666666666667
"25501",0.095
"25502",0.0966666666666667
"25503",0.0966666666666667
"25504",0.095
"25505",0.095
"25506",0.095
"25507",0.095
"25508",0.0966666666666667
"25509",0.095
"25510",0.0966666666666667
"25511",0.0966666666666667
"25512",0.0983333333333333
"25513",0.095
"25514",0.0983333333333333
"25515",0.095
"25516",0.0966666666666667
"25517",0.095
"25518",0.0966666666666667
"25519",0.0966666666666667
"25520",0.095
"25521",0.095
"25522",0.095
"25523",0.095
"25524",0.0966666666666667
"25525",0.095
"25526",0.0966666666666667
"25527",0.0966666666666667
"25528",0.0983333333333333
"25529",0.095
"25530",0.0983333333333333
"25531",0.0966666666666667
"25532",0.0983333333333333
"25533",0.0966666666666667
"25534",0.0983333333333333
"25535",0.0983333333333333
"25536",0.0966666666666667
"25537",0.0966666666666667
"25538",0.0966666666666667
"25539",0.0966666666666667
"25540",0.0983333333333333
"25541",0.0966666666666667
"25542",0.0983333333333333
"25543",0.0983333333333333
"25544",0.1
"25545",0.0966666666666667
"25546",0.1
"25547",0.095
"25548",0.0966666666666667
"25549",0.095
"25550",0.0966666666666667
"25551",0.0966666666666667
"25552",0.095
"25553",0.095
"25554",0.095
"25555",0.095
"25556",0.0966666666666667
"25557",0.095
"25558",0.0966666666666667
"25559",0.0966666666666667
"25560",0.0983333333333333
"25561",0.095
"25562",0.0983333333333333
"25563",0.095
"25564",0.0966666666666667
"25565",0.095
"25566",0.0966666666666667
"25567",0.0966666666666667
"25568",0.095
"25569",0.095
"25570",0.095
"25571",0.095
"25572",0.0966666666666667
"25573",0.095
"25574",0.0966666666666667
"25575",0.0966666666666667
"25576",0.0983333333333333
"25577",0.095
"25578",0.0983333333333333
"25579",0.0966666666666667
"25580",0.0983333333333333
"25581",0.0966666666666667
"25582",0.0983333333333333
"25583",0.0983333333333333
"25584",0.0966666666666667
"25585",0.0966666666666667
"25586",0.0966666666666667
"25587",0.0966666666666667
"25588",0.0983333333333333
"25589",0.0966666666666667
"25590",0.0983333333333333
"25591",0.0983333333333333
"25592",0.1
"25593",0.0966666666666667
"25594",0.1
"25595",0.095
"25596",0.0966666666666667
"25597",0.095
"25598",0.0966666666666667
"25599",0.0966666666666667
"25600",0.095
"25601",0.095
"25602",0.095
"25603",0.095
"25604",0.0966666666666667
"25605",0.095
"25606",0.0966666666666667
"25607",0.0966666666666667
"25608",0.0983333333333333
"25609",0.095
"25610",0.0983333333333333
"25611",0.095
"25612",0.0966666666666667
"25613",0.095
"25614",0.0966666666666667
"25615",0.0966666666666667
"25616",0.095
"25617",0.095
"25618",0.095
"25619",0.095
"25620",0.0966666666666667
"25621",0.095
"25622",0.0966666666666667
"25623",0.0966666666666667
"25624",0.0983333333333333
"25625",0.095
"25626",0.0983333333333333
"25627",0.095
"25628",0.0966666666666667
"25629",0.095
"25630",0.0966666666666667
"25631",0.0966666666666667
"25632",0.095
"25633",0.095
"25634",0.095
"25635",0.095
"25636",0.0966666666666667
"25637",0.095
"25638",0.0966666666666667
"25639",0.0966666666666667
"25640",0.0983333333333333
"25641",0.095
"25642",0.0983333333333333
"25643",0.095
"25644",0.0966666666666667
"25645",0.095
"25646",0.0966666666666667
"25647",0.0966666666666667
"25648",0.095
"25649",0.095
"25650",0.095
"25651",0.095
"25652",0.0966666666666667
"25653",0.095
"25654",0.0966666666666667
"25655",0.0966666666666667
"25656",0.0983333333333333
"25657",0.095
"25658",0.0983333333333333
"25659",0.095
"25660",0.0966666666666667
"25661",0.095
"25662",0.0966666666666667
"25663",0.0966666666666667
"25664",0.095
"25665",0.095
"25666",0.095
"25667",0.095
"25668",0.0966666666666667
"25669",0.095
"25670",0.0966666666666667
"25671",0.0966666666666667
"25672",0.0983333333333333
"25673",0.095
"25674",0.0983333333333333
"25675",0.095
"25676",0.0966666666666667
"25677",0.095
"25678",0.0966666666666667
"25679",0.0966666666666667
"25680",0.095
"25681",0.095
"25682",0.095
"25683",0.095
"25684",0.0966666666666667
"25685",0.095
"25686",0.0966666666666667
"25687",0.0966666666666667
"25688",0.0983333333333333
"25689",0.095
"25690",0.0983333333333333
"25691",0.095
"25692",0.0966666666666667
"25693",0.095
"25694",0.0966666666666667
"25695",0.0966666666666667
"25696",0.095
"25697",0.095
"25698",0.095
"25699",0.095
"25700",0.0966666666666667
"25701",0.095
"25702",0.0966666666666667
"25703",0.0966666666666667
"25704",0.0983333333333333
"25705",0.095
"25706",0.0983333333333333
"25707",0.0966666666666667
"25708",0.0983333333333333
"25709",0.0966666666666667
"25710",0.0983333333333333
"25711",0.0983333333333333
"25712",0.0966666666666667
"25713",0.0966666666666667
"25714",0.0966666666666667
"25715",0.0966666666666667
"25716",0.0983333333333333
"25717",0.0966666666666667
"25718",0.0983333333333333
"25719",0.0983333333333333
"25720",0.1
"25721",0.0966666666666667
"25722",0.1
"25723",0.0966666666666667
"25724",0.0983333333333333
"25725",0.0966666666666667
"25726",0.0983333333333333
"25727",0.0983333333333333
"25728",0.0966666666666667
"25729",0.0966666666666667
"25730",0.0966666666666667
"25731",0.0966666666666667
"25732",0.0983333333333333
"25733",0.0966666666666667
"25734",0.0983333333333333
"25735",0.0983333333333333
"25736",0.1
"25737",0.0966666666666667
"25738",0.1
"25739",0.095
"25740",0.0966666666666667
"25741",0.095
"25742",0.0966666666666667
"25743",0.0966666666666667
"25744",0.095
"25745",0.095
"25746",0.095
"25747",0.095
"25748",0.0966666666666667
"25749",0.095
"25750",0.0966666666666667
"25751",0.0966666666666667
"25752",0.0983333333333333
"25753",0.095
"25754",0.0983333333333333
"25755",0.095
"25756",0.0966666666666667
"25757",0.095
"25758",0.0966666666666667
"25759",0.0966666666666667
"25760",0.095
"25761",0.095
"25762",0.095
"25763",0.095
"25764",0.0966666666666667
"25765",0.095
"25766",0.0966666666666667
"25767",0.0966666666666667
"25768",0.0983333333333333
"25769",0.095
"25770",0.0983333333333333
"25771",0.0966666666666667
"25772",0.0983333333333333
"25773",0.0966666666666667
"25774",0.0983333333333333
"25775",0.0983333333333333
"25776",0.0966666666666667
"25777",0.0966666666666667
"25778",0.0966666666666667
"25779",0.0966666666666667
"25780",0.0983333333333333
"25781",0.0966666666666667
"25782",0.0983333333333333
"25783",0.0983333333333333
"25784",0.1
"25785",0.0966666666666667
"25786",0.1
"25787",0.095
"25788",0.0966666666666667
"25789",0.095
"25790",0.0966666666666667
"25791",0.0966666666666667
"25792",0.095
"25793",0.095
"25794",0.095
"25795",0.095
"25796",0.0966666666666667
"25797",0.095
"25798",0.0966666666666667
"25799",0.0966666666666667
"25800",0.0983333333333333
"25801",0.095
"25802",0.0983333333333333
"25803",0.0966666666666667
"25804",0.0983333333333333
"25805",0.0966666666666667
"25806",0.0983333333333333
"25807",0.0983333333333333
"25808",0.0966666666666667
"25809",0.0966666666666667
"25810",0.0966666666666667
"25811",0.0966666666666667
"25812",0.0983333333333333
"25813",0.0966666666666667
"25814",0.0983333333333333
"25815",0.0983333333333333
"25816",0.1
"25817",0.0966666666666667
"25818",0.1
"25819",0.095
"25820",0.0966666666666667
"25821",0.095
"25822",0.0966666666666667
"25823",0.0966666666666667
"25824",0.095
"25825",0.095
"25826",0.095
"25827",0.095
"25828",0.0966666666666667
"25829",0.095
"25830",0.0966666666666667
"25831",0.0966666666666667
"25832",0.0983333333333333
"25833",0.095
"25834",0.0983333333333333
"25835",0.095
"25836",0.0966666666666667
"25837",0.095
"25838",0.0966666666666667
"25839",0.0966666666666667
"25840",0.095
"25841",0.095
"25842",0.095
"25843",0.095
"25844",0.0966666666666667
"25845",0.095
"25846",0.0966666666666667
"25847",0.0966666666666667
"25848",0.0983333333333333
"25849",0.095
"25850",0.0983333333333333
"25851",0.095
"25852",0.0966666666666667
"25853",0.095
"25854",0.0966666666666667
"25855",0.0966666666666667
"25856",0.095
"25857",0.095
"25858",0.095
"25859",0.095
"25860",0.0966666666666667
"25861",0.095
"25862",0.0966666666666667
"25863",0.0966666666666667
"25864",0.0983333333333333
"25865",0.095
"25866",0.0983333333333333
"25867",0.095
"25868",0.0966666666666667
"25869",0.095
"25870",0.0966666666666667
"25871",0.0966666666666667
"25872",0.095
"25873",0.095
"25874",0.095
"25875",0.095
"25876",0.0966666666666667
"25877",0.095
"25878",0.0966666666666667
"25879",0.0966666666666667
"25880",0.0983333333333333
"25881",0.095
"25882",0.0983333333333333
"25883",0.095
"25884",0.0966666666666667
"25885",0.095
"25886",0.0966666666666667
"25887",0.0966666666666667
"25888",0.095
"25889",0.095
"25890",0.095
"25891",0.095
"25892",0.0966666666666667
"25893",0.095
"25894",0.0966666666666667
"25895",0.0966666666666667
"25896",0.0983333333333333
"25897",0.095
"25898",0.0983333333333333
"25899",0.0966666666666667
"25900",0.0983333333333333
"25901",0.0966666666666667
"25902",0.0983333333333333
"25903",0.0983333333333333
"25904",0.0966666666666667
"25905",0.0966666666666667
"25906",0.0966666666666667
"25907",0.0966666666666667
"25908",0.0983333333333333
"25909",0.0966666666666667
"25910",0.0983333333333333
"25911",0.0983333333333333
"25912",0.1
"25913",0.0966666666666667
"25914",0.1
"25915",0.095
"25916",0.0966666666666667
"25917",0.095
"25918",0.0966666666666667
"25919",0.0966666666666667
"25920",0.095
"25921",0.095
"25922",0.095
"25923",0.095
"25924",0.0966666666666667
"25925",0.095
"25926",0.0966666666666667
"25927",0.0966666666666667
"25928",0.0983333333333333
"25929",0.095
"25930",0.0983333333333333
"25931",0.095
"25932",0.0966666666666667
"25933",0.095
"25934",0.0966666666666667
"25935",0.0966666666666667
"25936",0.095
"25937",0.095
"25938",0.095
"25939",0.095
"25940",0.0966666666666667
"25941",0.095
"25942",0.0966666666666667
"25943",0.0966666666666667
"25944",0.0983333333333333
"25945",0.095
"25946",0.0983333333333333
"25947",0.095
"25948",0.0966666666666667
"25949",0.095
"25950",0.0966666666666667
"25951",0.0966666666666667
"25952",0.095
"25953",0.095
"25954",0.095
"25955",0.095
"25956",0.0966666666666667
"25957",0.095
"25958",0.0966666666666667
"25959",0.0966666666666667
"25960",0.0983333333333333
"25961",0.095
"25962",0.0983333333333333
"25963",0.095
"25964",0.0966666666666667
"25965",0.095
"25966",0.0966666666666667
"25967",0.0966666666666667
"25968",0.095
"25969",0.095
"25970",0.095
"25971",0.095
"25972",0.0966666666666667
"25973",0.095
"25974",0.0966666666666667
"25975",0.0966666666666667
"25976",0.0983333333333333
"25977",0.095
"25978",0.0983333333333333
"25979",0.095
"25980",0.0966666666666667
"25981",0.095
"25982",0.0966666666666667
"25983",0.0966666666666667
"25984",0.095
"25985",0.095
"25986",0.095
"25987",0.095
"25988",0.0966666666666667
"25989",0.095
"25990",0.0966666666666667
"25991",0.0966666666666667
"25992",0.0983333333333333
"25993",0.095
"25994",0.0983333333333333
"25995",0.095
"25996",0.0966666666666667
"25997",0.095
"25998",0.0966666666666667
"25999",0.0966666666666667
"26000",0.095
"26001",0.095
"26002",0.095
"26003",0.095
"26004",0.0966666666666667
"26005",0.095
"26006",0.0966666666666667
"26007",0.0966666666666667
"26008",0.0983333333333333
"26009",0.095
"26010",0.0983333333333333
"26011",0.0966666666666667
"26012",0.0983333333333333
"26013",0.0966666666666667
"26014",0.0983333333333333
"26015",0.0983333333333333
"26016",0.0966666666666667
"26017",0.0966666666666667
"26018",0.0966666666666667
"26019",0.0966666666666667
"26020",0.0983333333333333
"26021",0.0966666666666667
"26022",0.0983333333333333
"26023",0.0983333333333333
"26024",0.1
"26025",0.0966666666666667
"26026",0.1
"26027",0.095
"26028",0.0966666666666667
"26029",0.095
"26030",0.0966666666666667
"26031",0.0966666666666667
"26032",0.095
"26033",0.095
"26034",0.095
"26035",0.095
"26036",0.0966666666666667
"26037",0.095
"26038",0.0966666666666667
"26039",0.0966666666666667
"26040",0.0983333333333333
"26041",0.095
"26042",0.0983333333333333
"26043",0.0966666666666667
"26044",0.0983333333333333
"26045",0.0966666666666667
"26046",0.0983333333333333
"26047",0.0983333333333333
"26048",0.0966666666666667
"26049",0.0966666666666667
"26050",0.0966666666666667
"26051",0.0966666666666667
"26052",0.0983333333333333
"26053",0.0966666666666667
"26054",0.0983333333333333
"26055",0.0983333333333333
"26056",0.1
"26057",0.0966666666666667
"26058",0.1
"26059",0.095
"26060",0.0966666666666667
"26061",0.095
"26062",0.0966666666666667
"26063",0.0966666666666667
"26064",0.095
"26065",0.095
"26066",0.095
"26067",0.095
"26068",0.0966666666666667
"26069",0.095
"26070",0.0966666666666667
"26071",0.0966666666666667
"26072",0.0983333333333333
"26073",0.095
"26074",0.0983333333333333
"26075",0.0966666666666667
"26076",0.0983333333333333
"26077",0.0966666666666667
"26078",0.0983333333333333
"26079",0.0983333333333333
"26080",0.0966666666666667
"26081",0.0966666666666667
"26082",0.0966666666666667
"26083",0.0966666666666667
"26084",0.0983333333333333
"26085",0.0966666666666667
"26086",0.0983333333333333
"26087",0.0983333333333333
"26088",0.1
"26089",0.0966666666666667
"26090",0.1
"26091",0.0966666666666667
"26092",0.0983333333333333
"26093",0.0966666666666667
"26094",0.0983333333333333
"26095",0.0983333333333333
"26096",0.0966666666666667
"26097",0.0966666666666667
"26098",0.0966666666666667
"26099",0.0966666666666667
"26100",0.0983333333333333
"26101",0.0966666666666667
"26102",0.0983333333333333
"26103",0.0983333333333333
"26104",0.1
"26105",0.0966666666666667
"26106",0.1
"26107",0.095
"26108",0.0966666666666667
"26109",0.095
"26110",0.0966666666666667
"26111",0.0966666666666667
"26112",0.095
"26113",0.095
"26114",0.095
"26115",0.095
"26116",0.0966666666666667
"26117",0.095
"26118",0.0966666666666667
"26119",0.0966666666666667
"26120",0.0983333333333333
"26121",0.095
"26122",0.0983333333333333
"26123",0.095
"26124",0.0966666666666667
"26125",0.095
"26126",0.0966666666666667
"26127",0.0966666666666667
"26128",0.095
"26129",0.095
"26130",0.095
"26131",0.095
"26132",0.0966666666666667
"26133",0.095
"26134",0.0966666666666667
"26135",0.0966666666666667
"26136",0.0983333333333333
"26137",0.095
"26138",0.0983333333333333
"26139",0.095
"26140",0.0966666666666667
"26141",0.095
"26142",0.0966666666666667
"26143",0.0966666666666667
"26144",0.095
"26145",0.095
"26146",0.095
"26147",0.095
"26148",0.0966666666666667
"26149",0.095
"26150",0.0966666666666667
"26151",0.0966666666666667
"26152",0.0983333333333333
"26153",0.095
"26154",0.0983333333333333
"26155",0.095
"26156",0.0966666666666667
"26157",0.095
"26158",0.0966666666666667
"26159",0.0966666666666667
"26160",0.095
"26161",0.095
"26162",0.095
"26163",0.095
"26164",0.0966666666666667
"26165",0.095
"26166",0.0966666666666667
"26167",0.0966666666666667
"26168",0.0983333333333333
"26169",0.095
"26170",0.0983333333333333
"26171",0.095
"26172",0.0966666666666667
"26173",0.095
"26174",0.0966666666666667
"26175",0.0966666666666667
"26176",0.095
"26177",0.095
"26178",0.095
"26179",0.095
"26180",0.0966666666666667
"26181",0.095
"26182",0.0966666666666667
"26183",0.0966666666666667
"26184",0.0983333333333333
"26185",0.095
"26186",0.0983333333333333
"26187",0.095
"26188",0.0966666666666667
"26189",0.095
"26190",0.0966666666666667
"26191",0.0966666666666667
"26192",0.095
"26193",0.095
"26194",0.095
"26195",0.095
"26196",0.0966666666666667
"26197",0.095
"26198",0.0966666666666667
"26199",0.0966666666666667
"26200",0.0983333333333333
"26201",0.095
"26202",0.0983333333333333
"26203",0.095
"26204",0.0966666666666667
"26205",0.095
"26206",0.0966666666666667
"26207",0.0966666666666667
"26208",0.095
"26209",0.095
"26210",0.095
"26211",0.095
"26212",0.0966666666666667
"26213",0.095
"26214",0.0966666666666667
"26215",0.0966666666666667
"26216",0.0983333333333333
"26217",0.095
"26218",0.0983333333333333
"26219",0.095
"26220",0.0966666666666667
"26221",0.095
"26222",0.0966666666666667
"26223",0.0966666666666667
"26224",0.095
"26225",0.095
"26226",0.095
"26227",0.095
"26228",0.0966666666666667
"26229",0.095
"26230",0.0966666666666667
"26231",0.0966666666666667
"26232",0.0983333333333333
"26233",0.095
"26234",0.0983333333333333
"26235",0.095
"26236",0.0966666666666667
"26237",0.095
"26238",0.0966666666666667
"26239",0.0966666666666667
"26240",0.095
"26241",0.095
"26242",0.095
"26243",0.095
"26244",0.0966666666666667
"26245",0.095
"26246",0.0966666666666667
"26247",0.0966666666666667
"26248",0.0983333333333333
"26249",0.095
"26250",0.0983333333333333
"26251",0.095
"26252",0.0966666666666667
"26253",0.095
"26254",0.0966666666666667
"26255",0.0966666666666667
"26256",0.095
"26257",0.095
"26258",0.095
"26259",0.095
"26260",0.0966666666666667
"26261",0.095
"26262",0.0966666666666667
"26263",0.0966666666666667
"26264",0.0983333333333333
"26265",0.095
"26266",0.0983333333333333
"26267",0.095
"26268",0.0966666666666667
"26269",0.095
"26270",0.0966666666666667
"26271",0.0966666666666667
"26272",0.095
"26273",0.095
"26274",0.095
"26275",0.095
"26276",0.0966666666666667
"26277",0.095
"26278",0.0966666666666667
"26279",0.0966666666666667
"26280",0.0983333333333333
"26281",0.095
"26282",0.0983333333333333
"26283",0.095
"26284",0.0966666666666667
"26285",0.095
"26286",0.0966666666666667
"26287",0.0966666666666667
"26288",0.095
"26289",0.095
"26290",0.095
"26291",0.095
"26292",0.0966666666666667
"26293",0.095
"26294",0.0966666666666667
"26295",0.0966666666666667
"26296",0.0983333333333333
"26297",0.095
"26298",0.0983333333333333
"26299",0.095
"26300",0.0966666666666667
"26301",0.095
"26302",0.0966666666666667
"26303",0.0966666666666667
"26304",0.095
"26305",0.095
"26306",0.095
"26307",0.095
"26308",0.0966666666666667
"26309",0.095
"26310",0.0966666666666667
"26311",0.0966666666666667
"26312",0.0983333333333333
"26313",0.095
"26314",0.0983333333333333
"26315",0.095
"26316",0.0966666666666667
"26317",0.095
"26318",0.0966666666666667
"26319",0.0966666666666667
"26320",0.095
"26321",0.095
"26322",0.095
"26323",0.095
"26324",0.0966666666666667
"26325",0.095
"26326",0.0966666666666667
"26327",0.0966666666666667
"26328",0.0983333333333333
"26329",0.095
"26330",0.0983333333333333
"26331",0.095
"26332",0.0966666666666667
"26333",0.095
"26334",0.0966666666666667
"26335",0.0966666666666667
"26336",0.095
"26337",0.095
"26338",0.095
"26339",0.095
"26340",0.0966666666666667
"26341",0.095
"26342",0.0966666666666667
"26343",0.0966666666666667
"26344",0.0983333333333333
"26345",0.095
"26346",0.0983333333333333
"26347",0.0966666666666667
"26348",0.0983333333333333
"26349",0.0966666666666667
"26350",0.0983333333333333
"26351",0.0983333333333333
"26352",0.0966666666666667
"26353",0.0966666666666667
"26354",0.0966666666666667
"26355",0.0966666666666667
"26356",0.0983333333333333
"26357",0.0966666666666667
"26358",0.0983333333333333
"26359",0.0983333333333333
"26360",0.1
"26361",0.0966666666666667
"26362",0.1
"26363",0.0966666666666667
"26364",0.0983333333333333
"26365",0.0966666666666667
"26366",0.0983333333333333
"26367",0.0983333333333333
"26368",0.0966666666666667
"26369",0.0966666666666667
"26370",0.0966666666666667
"26371",0.0966666666666667
"26372",0.0983333333333333
"26373",0.0966666666666667
"26374",0.0983333333333333
"26375",0.0983333333333333
"26376",0.1
"26377",0.0966666666666667
"26378",0.1
"26379",0.095
"26380",0.0966666666666667
"26381",0.095
"26382",0.0966666666666667
"26383",0.0966666666666667
"26384",0.095
"26385",0.095
"26386",0.095
"26387",0.095
"26388",0.0966666666666667
"26389",0.095
"26390",0.0966666666666667
"26391",0.0966666666666667
"26392",0.0983333333333333
"26393",0.095
"26394",0.0983333333333333
"26395",0.095
"26396",0.0966666666666667
"26397",0.095
"26398",0.0966666666666667
"26399",0.0966666666666667
"26400",0.095
"26401",0.095
"26402",0.095
"26403",0.095
"26404",0.0966666666666667
"26405",0.095
"26406",0.0966666666666667
"26407",0.0966666666666667
"26408",0.0983333333333333
"26409",0.095
"26410",0.0983333333333333
"26411",0.095
"26412",0.0966666666666667
"26413",0.095
"26414",0.0966666666666667
"26415",0.0966666666666667
"26416",0.095
"26417",0.095
"26418",0.095
"26419",0.095
"26420",0.0966666666666667
"26421",0.095
"26422",0.0966666666666667
"26423",0.0966666666666667
"26424",0.0983333333333333
"26425",0.095
"26426",0.0983333333333333
"26427",0.095
"26428",0.0966666666666667
"26429",0.095
"26430",0.0966666666666667
"26431",0.0966666666666667
"26432",0.095
"26433",0.095
"26434",0.095
"26435",0.095
"26436",0.0966666666666667
"26437",0.095
"26438",0.0966666666666667
"26439",0.0966666666666667
"26440",0.0983333333333333
"26441",0.095
"26442",0.0983333333333333
"26443",0.095
"26444",0.0966666666666667
"26445",0.095
"26446",0.0966666666666667
"26447",0.0966666666666667
"26448",0.095
"26449",0.095
"26450",0.095
"26451",0.095
"26452",0.0966666666666667
"26453",0.095
"26454",0.0966666666666667
"26455",0.0966666666666667
"26456",0.0983333333333333
"26457",0.095
"26458",0.0983333333333333
"26459",0.095
"26460",0.0966666666666667
"26461",0.095
"26462",0.0966666666666667
"26463",0.0966666666666667
"26464",0.095
"26465",0.095
"26466",0.095
"26467",0.095
"26468",0.0966666666666667
"26469",0.095
"26470",0.0966666666666667
"26471",0.0966666666666667
"26472",0.0983333333333333
"26473",0.095
"26474",0.0983333333333333
"26475",0.0966666666666667
"26476",0.0983333333333333
"26477",0.0966666666666667
"26478",0.0983333333333333
"26479",0.0983333333333333
"26480",0.0966666666666667
"26481",0.0966666666666667
"26482",0.0966666666666667
"26483",0.0966666666666667
"26484",0.0983333333333333
"26485",0.0966666666666667
"26486",0.0983333333333333
"26487",0.0983333333333333
"26488",0.1
"26489",0.0966666666666667
"26490",0.1
"26491",0.095
"26492",0.0966666666666667
"26493",0.095
"26494",0.0966666666666667
"26495",0.0966666666666667
"26496",0.095
"26497",0.095
"26498",0.095
"26499",0.095
"26500",0.0966666666666667
"26501",0.095
"26502",0.0966666666666667
"26503",0.0966666666666667
"26504",0.0983333333333333
"26505",0.095
"26506",0.0983333333333333
"26507",0.095
"26508",0.0966666666666667
"26509",0.095
"26510",0.0966666666666667
"26511",0.0966666666666667
"26512",0.095
"26513",0.095
"26514",0.095
"26515",0.095
"26516",0.0966666666666667
"26517",0.095
"26518",0.0966666666666667
"26519",0.0966666666666667
"26520",0.0983333333333333
"26521",0.095
"26522",0.0983333333333333
"26523",0.0933333333333333
"26524",0.095
"26525",0.0933333333333333
"26526",0.095
"26527",0.095
"26528",0.0933333333333333
"26529",0.0933333333333333
"26530",0.0933333333333333
"26531",0.0933333333333333
"26532",0.095
"26533",0.0933333333333333
"26534",0.095
"26535",0.095
"26536",0.0966666666666667
"26537",0.0933333333333333
"26538",0.0966666666666667
"26539",0.095
"26540",0.0966666666666667
"26541",0.095
"26542",0.0966666666666667
"26543",0.0966666666666667
"26544",0.095
"26545",0.095
"26546",0.095
"26547",0.095
"26548",0.0966666666666667
"26549",0.095
"26550",0.0966666666666667
"26551",0.0966666666666667
"26552",0.0983333333333333
"26553",0.095
"26554",0.0983333333333333
"26555",0.095
"26556",0.0966666666666667
"26557",0.095
"26558",0.0966666666666667
"26559",0.0966666666666667
"26560",0.095
"26561",0.095
"26562",0.095
"26563",0.095
"26564",0.0966666666666667
"26565",0.095
"26566",0.0966666666666667
"26567",0.0966666666666667
"26568",0.0983333333333333
"26569",0.095
"26570",0.0983333333333333
"26571",0.095
"26572",0.0966666666666667
"26573",0.095
"26574",0.0966666666666667
"26575",0.0966666666666667
"26576",0.095
"26577",0.095
"26578",0.095
"26579",0.095
"26580",0.0966666666666667
"26581",0.095
"26582",0.0966666666666667
"26583",0.0966666666666667
"26584",0.0983333333333333
"26585",0.095
"26586",0.0983333333333333
"26587",0.095
"26588",0.0966666666666667
"26589",0.095
"26590",0.0966666666666667
"26591",0.0966666666666667
"26592",0.095
"26593",0.095
"26594",0.095
"26595",0.095
"26596",0.0966666666666667
"26597",0.095
"26598",0.0966666666666667
"26599",0.0966666666666667
"26600",0.0983333333333333
"26601",0.095
"26602",0.0983333333333333
"26603",0.0966666666666667
"26604",0.0983333333333333
"26605",0.0966666666666667
"26606",0.0983333333333333
"26607",0.0983333333333333
"26608",0.0966666666666667
"26609",0.0966666666666667
"26610",0.0966666666666667
"26611",0.0966666666666667
"26612",0.0983333333333333
"26613",0.0966666666666667
"26614",0.0983333333333333
"26615",0.0983333333333333
"26616",0.1
"26617",0.0966666666666667
"26618",0.1
"26619",0.095
"26620",0.0966666666666667
"26621",0.095
"26622",0.0966666666666667
"26623",0.0966666666666667
"26624",0.095
"26625",0.095
"26626",0.095
"26627",0.095
"26628",0.0966666666666667
"26629",0.095
"26630",0.0966666666666667
"26631",0.0966666666666667
"26632",0.0983333333333333
"26633",0.095
"26634",0.0983333333333333
"26635",0.0966666666666667
"26636",0.0983333333333333
"26637",0.0966666666666667
"26638",0.0983333333333333
"26639",0.0983333333333333
"26640",0.0966666666666667
"26641",0.0966666666666667
"26642",0.0966666666666667
"26643",0.0966666666666667
"26644",0.0983333333333333
"26645",0.0966666666666667
"26646",0.0983333333333333
"26647",0.0983333333333333
"26648",0.1
"26649",0.0966666666666667
"26650",0.1
"26651",0.095
"26652",0.0966666666666667
"26653",0.095
"26654",0.0966666666666667
"26655",0.0966666666666667
"26656",0.095
"26657",0.095
"26658",0.095
"26659",0.095
"26660",0.0966666666666667
"26661",0.095
"26662",0.0966666666666667
"26663",0.0966666666666667
"26664",0.0983333333333333
"26665",0.095
"26666",0.0983333333333333
"26667",0.0966666666666667
"26668",0.0983333333333333
"26669",0.0966666666666667
"26670",0.0983333333333333
"26671",0.0983333333333333
"26672",0.0966666666666667
"26673",0.0966666666666667
"26674",0.0966666666666667
"26675",0.0966666666666667
"26676",0.0983333333333333
"26677",0.0966666666666667
"26678",0.0983333333333333
"26679",0.0983333333333333
"26680",0.1
"26681",0.0966666666666667
"26682",0.1
"26683",0.095
"26684",0.0966666666666667
"26685",0.095
"26686",0.0966666666666667
"26687",0.0966666666666667
"26688",0.095
"26689",0.095
"26690",0.095
"26691",0.095
"26692",0.0966666666666667
"26693",0.095
"26694",0.0966666666666667
"26695",0.0966666666666667
"26696",0.0983333333333333
"26697",0.095
"26698",0.0983333333333333
"26699",0.095
"26700",0.0966666666666667
"26701",0.095
"26702",0.0966666666666667
"26703",0.0966666666666667
"26704",0.095
"26705",0.095
"26706",0.095
"26707",0.095
"26708",0.0966666666666667
"26709",0.095
"26710",0.0966666666666667
"26711",0.0966666666666667
"26712",0.0983333333333333
"26713",0.095
"26714",0.0983333333333333
"26715",0.095
"26716",0.0966666666666667
"26717",0.095
"26718",0.0966666666666667
"26719",0.0966666666666667
"26720",0.095
"26721",0.095
"26722",0.095
"26723",0.095
"26724",0.0966666666666667
"26725",0.095
"26726",0.0966666666666667
"26727",0.0966666666666667
"26728",0.0983333333333333
"26729",0.095
"26730",0.0983333333333333
"26731",0.095
"26732",0.0966666666666667
"26733",0.095
"26734",0.0966666666666667
"26735",0.0966666666666667
"26736",0.095
"26737",0.095
"26738",0.095
"26739",0.095
"26740",0.0966666666666667
"26741",0.095
"26742",0.0966666666666667
"26743",0.0966666666666667
"26744",0.0983333333333333
"26745",0.095
"26746",0.0983333333333333
"26747",0.095
"26748",0.0966666666666667
"26749",0.095
"26750",0.0966666666666667
"26751",0.0966666666666667
"26752",0.095
"26753",0.095
"26754",0.095
"26755",0.095
"26756",0.0966666666666667
"26757",0.095
"26758",0.0966666666666667
"26759",0.0966666666666667
"26760",0.0983333333333333
"26761",0.095
"26762",0.0983333333333333
"26763",0.095
"26764",0.0966666666666667
"26765",0.095
"26766",0.0966666666666667
"26767",0.0966666666666667
"26768",0.095
"26769",0.095
"26770",0.095
"26771",0.095
"26772",0.0966666666666667
"26773",0.095
"26774",0.0966666666666667
"26775",0.0966666666666667
"26776",0.0983333333333333
"26777",0.095
"26778",0.0983333333333333
"26779",0.0966666666666667
"26780",0.0983333333333333
"26781",0.0966666666666667
"26782",0.0983333333333333
"26783",0.0983333333333333
"26784",0.0966666666666667
"26785",0.0966666666666667
"26786",0.0966666666666667
"26787",0.0966666666666667
"26788",0.0983333333333333
"26789",0.0966666666666667
"26790",0.0983333333333333
"26791",0.0983333333333333
"26792",0.1
"26793",0.0966666666666667
"26794",0.1
"26795",0.095
"26796",0.0966666666666667
"26797",0.095
"26798",0.0966666666666667
"26799",0.0966666666666667
"26800",0.095
"26801",0.095
"26802",0.095
"26803",0.095
"26804",0.0966666666666667
"26805",0.095
"26806",0.0966666666666667
"26807",0.0966666666666667
"26808",0.0983333333333333
"26809",0.095
"26810",0.0983333333333333
"26811",0.0966666666666667
"26812",0.0983333333333333
"26813",0.0966666666666667
"26814",0.0983333333333333
"26815",0.0983333333333333
"26816",0.0966666666666667
"26817",0.0966666666666667
"26818",0.0966666666666667
"26819",0.0966666666666667
"26820",0.0983333333333333
"26821",0.0966666666666667
"26822",0.0983333333333333
"26823",0.0983333333333333
"26824",0.1
"26825",0.0966666666666667
"26826",0.1
"26827",0.095
"26828",0.0966666666666667
"26829",0.095
"26830",0.0966666666666667
"26831",0.0966666666666667
"26832",0.095
"26833",0.095
"26834",0.095
"26835",0.095
"26836",0.0966666666666667
"26837",0.095
"26838",0.0966666666666667
"26839",0.0966666666666667
"26840",0.0983333333333333
"26841",0.095
"26842",0.0983333333333333
"26843",0.095
"26844",0.0966666666666667
"26845",0.095
"26846",0.0966666666666667
"26847",0.0966666666666667
"26848",0.095
"26849",0.095
"26850",0.095
"26851",0.095
"26852",0.0966666666666667
"26853",0.095
"26854",0.0966666666666667
"26855",0.0966666666666667
"26856",0.0983333333333333
"26857",0.095
"26858",0.0983333333333333
"26859",0.0966666666666667
"26860",0.0983333333333333
"26861",0.0966666666666667
"26862",0.0983333333333333
"26863",0.0983333333333333
"26864",0.0966666666666667
"26865",0.0966666666666667
"26866",0.0966666666666667
"26867",0.0966666666666667
"26868",0.0983333333333333
"26869",0.0966666666666667
"26870",0.0983333333333333
"26871",0.0983333333333333
"26872",0.1
"26873",0.0966666666666667
"26874",0.1
"26875",0.095
"26876",0.0966666666666667
"26877",0.095
"26878",0.0966666666666667
"26879",0.0966666666666667
"26880",0.095
"26881",0.095
"26882",0.095
"26883",0.095
"26884",0.0966666666666667
"26885",0.095
"26886",0.0966666666666667
"26887",0.0966666666666667
"26888",0.0983333333333333
"26889",0.095
"26890",0.0983333333333333
"26891",0.095
"26892",0.0966666666666667
"26893",0.095
"26894",0.0966666666666667
"26895",0.0966666666666667
"26896",0.095
"26897",0.095
"26898",0.095
"26899",0.095
"26900",0.0966666666666667
"26901",0.095
"26902",0.0966666666666667
"26903",0.0966666666666667
"26904",0.0983333333333333
"26905",0.095
"26906",0.0983333333333333
"26907",0.0983333333333333
"26908",0.1
"26909",0.0983333333333333
"26910",0.1
"26911",0.1
"26912",0.0983333333333333
"26913",0.0983333333333333
"26914",0.0983333333333333
"26915",0.0983333333333333
"26916",0.1
"26917",0.0983333333333333
"26918",0.1
"26919",0.1
"26920",0.101666666666667
"26921",0.0983333333333333
"26922",0.101666666666667
"26923",0.095
"26924",0.0966666666666667
"26925",0.095
"26926",0.0966666666666667
"26927",0.0966666666666667
"26928",0.095
"26929",0.095
"26930",0.095
"26931",0.095
"26932",0.0966666666666667
"26933",0.095
"26934",0.0966666666666667
"26935",0.0966666666666667
"26936",0.0983333333333333
"26937",0.095
"26938",0.0983333333333333
"26939",0.095
"26940",0.0966666666666667
"26941",0.095
"26942",0.0966666666666667
"26943",0.0966666666666667
"26944",0.095
"26945",0.095
"26946",0.095
"26947",0.095
"26948",0.0966666666666667
"26949",0.095
"26950",0.0966666666666667
"26951",0.0966666666666667
"26952",0.0983333333333333
"26953",0.095
"26954",0.0983333333333333
"26955",0.095
"26956",0.0966666666666667
"26957",0.095
"26958",0.0966666666666667
"26959",0.0966666666666667
"26960",0.095
"26961",0.095
"26962",0.095
"26963",0.095
"26964",0.0966666666666667
"26965",0.095
"26966",0.0966666666666667
"26967",0.0966666666666667
"26968",0.0983333333333333
"26969",0.095
"26970",0.0983333333333333
"26971",0.0966666666666667
"26972",0.0983333333333333
"26973",0.0966666666666667
"26974",0.0983333333333333
"26975",0.0983333333333333
"26976",0.0966666666666667
"26977",0.0966666666666667
"26978",0.0966666666666667
"26979",0.0966666666666667
"26980",0.0983333333333333
"26981",0.0966666666666667
"26982",0.0983333333333333
"26983",0.0983333333333333
"26984",0.1
"26985",0.0966666666666667
"26986",0.1
"26987",0.095
"26988",0.0966666666666667
"26989",0.095
"26990",0.0966666666666667
"26991",0.0966666666666667
"26992",0.095
"26993",0.095
"26994",0.095
"26995",0.095
"26996",0.0966666666666667
"26997",0.095
"26998",0.0966666666666667
"26999",0.0966666666666667
"27000",0.0983333333333333
"27001",0.095
"27002",0.0983333333333333
"27003",0.0966666666666667
"27004",0.0983333333333333
"27005",0.0966666666666667
"27006",0.0983333333333333
"27007",0.0983333333333333
"27008",0.0966666666666667
"27009",0.0966666666666667
"27010",0.0966666666666667
"27011",0.0966666666666667
"27012",0.0983333333333333
"27013",0.0966666666666667
"27014",0.0983333333333333
"27015",0.0983333333333333
"27016",0.1
"27017",0.0966666666666667
"27018",0.1
"27019",0.0966666666666667
"27020",0.0983333333333333
"27021",0.0966666666666667
"27022",0.0983333333333333
"27023",0.0983333333333333
"27024",0.0966666666666667
"27025",0.0966666666666667
"27026",0.0966666666666667
"27027",0.0966666666666667
"27028",0.0983333333333333
"27029",0.0966666666666667
"27030",0.0983333333333333
"27031",0.0983333333333333
"27032",0.1
"27033",0.0966666666666667
"27034",0.1
"27035",0.095
"27036",0.0966666666666667
"27037",0.095
"27038",0.0966666666666667
"27039",0.0966666666666667
"27040",0.095
"27041",0.095
"27042",0.095
"27043",0.095
"27044",0.0966666666666667
"27045",0.095
"27046",0.0966666666666667
"27047",0.0966666666666667
"27048",0.0983333333333333
"27049",0.095
"27050",0.0983333333333333
"27051",0.095
"27052",0.0966666666666667
"27053",0.095
"27054",0.0966666666666667
"27055",0.0966666666666667
"27056",0.095
"27057",0.095
"27058",0.095
"27059",0.095
"27060",0.0966666666666667
"27061",0.095
"27062",0.0966666666666667
"27063",0.0966666666666667
"27064",0.0983333333333333
"27065",0.095
"27066",0.0983333333333333
"27067",0.095
"27068",0.0966666666666667
"27069",0.095
"27070",0.0966666666666667
"27071",0.0966666666666667
"27072",0.095
"27073",0.095
"27074",0.095
"27075",0.095
"27076",0.0966666666666667
"27077",0.095
"27078",0.0966666666666667
"27079",0.0966666666666667
"27080",0.0983333333333333
"27081",0.095
"27082",0.0983333333333333
"27083",0.095
"27084",0.0966666666666667
"27085",0.095
"27086",0.0966666666666667
"27087",0.0966666666666667
"27088",0.095
"27089",0.095
"27090",0.095
"27091",0.095
"27092",0.0966666666666667
"27093",0.095
"27094",0.0966666666666667
"27095",0.0966666666666667
"27096",0.0983333333333333
"27097",0.095
"27098",0.0983333333333333
"27099",0.095
"27100",0.0966666666666667
"27101",0.095
"27102",0.0966666666666667
"27103",0.0966666666666667
"27104",0.095
"27105",0.095
"27106",0.095
"27107",0.095
"27108",0.0966666666666667
"27109",0.095
"27110",0.0966666666666667
"27111",0.0966666666666667
"27112",0.0983333333333333
"27113",0.095
"27114",0.0983333333333333
"27115",0.095
"27116",0.0966666666666667
"27117",0.095
"27118",0.0966666666666667
"27119",0.0966666666666667
"27120",0.095
"27121",0.095
"27122",0.095
"27123",0.095
"27124",0.0966666666666667
"27125",0.095
"27126",0.0966666666666667
"27127",0.0966666666666667
"27128",0.0983333333333333
"27129",0.095
"27130",0.0983333333333333
"27131",0.095
"27132",0.0966666666666667
"27133",0.095
"27134",0.0966666666666667
"27135",0.0966666666666667
"27136",0.095
"27137",0.095
"27138",0.095
"27139",0.095
"27140",0.0966666666666667
"27141",0.095
"27142",0.0966666666666667
"27143",0.0966666666666667
"27144",0.0983333333333333
"27145",0.095
"27146",0.0983333333333333
"27147",0.0966666666666667
"27148",0.0983333333333333
"27149",0.0966666666666667
"27150",0.0983333333333333
"27151",0.0983333333333333
"27152",0.0966666666666667
"27153",0.0966666666666667
"27154",0.0966666666666667
"27155",0.0966666666666667
"27156",0.0983333333333333
"27157",0.0966666666666667
"27158",0.0983333333333333
"27159",0.0983333333333333
"27160",0.1
"27161",0.0966666666666667
"27162",0.1
"27163",0.095
"27164",0.0966666666666667
"27165",0.095
"27166",0.0966666666666667
"27167",0.0966666666666667
"27168",0.095
"27169",0.095
"27170",0.095
"27171",0.095
"27172",0.0966666666666667
"27173",0.095
"27174",0.0966666666666667
"27175",0.0966666666666667
"27176",0.0983333333333333
"27177",0.095
"27178",0.0983333333333333
"27179",0.0966666666666667
"27180",0.0983333333333333
"27181",0.0966666666666667
"27182",0.0983333333333333
"27183",0.0983333333333333
"27184",0.0966666666666667
"27185",0.0966666666666667
"27186",0.0966666666666667
"27187",0.0966666666666667
"27188",0.0983333333333333
"27189",0.0966666666666667
"27190",0.0983333333333333
"27191",0.0983333333333333
"27192",0.1
"27193",0.0966666666666667
"27194",0.1
"27195",0.095
"27196",0.0966666666666667
"27197",0.095
"27198",0.0966666666666667
"27199",0.0966666666666667
"27200",0.095
"27201",0.095
"27202",0.095
"27203",0.095
"27204",0.0966666666666667
"27205",0.095
"27206",0.0966666666666667
"27207",0.0966666666666667
"27208",0.0983333333333333
"27209",0.095
"27210",0.0983333333333333
"27211",0.0933333333333333
"27212",0.095
"27213",0.0933333333333333
"27214",0.095
"27215",0.095
"27216",0.0933333333333333
"27217",0.0933333333333333
"27218",0.0933333333333333
"27219",0.0933333333333333
"27220",0.095
"27221",0.0933333333333333
"27222",0.095
"27223",0.095
"27224",0.0966666666666667
"27225",0.0933333333333333
"27226",0.0966666666666667
"27227",0.095
"27228",0.0966666666666667
"27229",0.095
"27230",0.0966666666666667
"27231",0.0966666666666667
"27232",0.095
"27233",0.095
"27234",0.095
"27235",0.095
"27236",0.0966666666666667
"27237",0.095
"27238",0.0966666666666667
"27239",0.0966666666666667
"27240",0.0983333333333333
"27241",0.095
"27242",0.0983333333333333
"27243",0.095
"27244",0.0966666666666667
"27245",0.095
"27246",0.0966666666666667
"27247",0.0966666666666667
"27248",0.095
"27249",0.095
"27250",0.095
"27251",0.095
"27252",0.0966666666666667
"27253",0.095
"27254",0.0966666666666667
"27255",0.0966666666666667
"27256",0.0983333333333333
"27257",0.095
"27258",0.0983333333333333
"27259",0.095
"27260",0.0966666666666667
"27261",0.095
"27262",0.0966666666666667
"27263",0.0966666666666667
"27264",0.095
"27265",0.095
"27266",0.095
"27267",0.095
"27268",0.0966666666666667
"27269",0.095
"27270",0.0966666666666667
"27271",0.0966666666666667
"27272",0.0983333333333333
"27273",0.095
"27274",0.0983333333333333
"27275",0.095
"27276",0.0966666666666667
"27277",0.095
"27278",0.0966666666666667
"27279",0.0966666666666667
"27280",0.095
"27281",0.095
"27282",0.095
"27283",0.095
"27284",0.0966666666666667
"27285",0.095
"27286",0.0966666666666667
"27287",0.0966666666666667
"27288",0.0983333333333333
"27289",0.095
"27290",0.0983333333333333
"27291",0.095
"27292",0.0966666666666667
"27293",0.095
"27294",0.0966666666666667
"27295",0.0966666666666667
"27296",0.095
"27297",0.095
"27298",0.095
"27299",0.095
"27300",0.0966666666666667
"27301",0.095
"27302",0.0966666666666667
"27303",0.0966666666666667
"27304",0.0983333333333333
"27305",0.095
"27306",0.0983333333333333
"27307",0.095
"27308",0.0966666666666667
"27309",0.095
"27310",0.0966666666666667
"27311",0.0966666666666667
"27312",0.095
"27313",0.095
"27314",0.095
"27315",0.095
"27316",0.0966666666666667
"27317",0.095
"27318",0.0966666666666667
"27319",0.0966666666666667
"27320",0.0983333333333333
"27321",0.095
"27322",0.0983333333333333
"27323",0.095
"27324",0.0966666666666667
"27325",0.095
"27326",0.0966666666666667
"27327",0.0966666666666667
"27328",0.095
"27329",0.095
"27330",0.095
"27331",0.095
"27332",0.0966666666666667
"27333",0.095
"27334",0.0966666666666667
"27335",0.0966666666666667
"27336",0.0983333333333333
"27337",0.095
"27338",0.0983333333333333
"27339",0.0966666666666667
"27340",0.0983333333333333
"27341",0.0966666666666667
"27342",0.0983333333333333
"27343",0.0983333333333333
"27344",0.0966666666666667
"27345",0.0966666666666667
"27346",0.0966666666666667
"27347",0.0966666666666667
"27348",0.0983333333333333
"27349",0.0966666666666667
"27350",0.0983333333333333
"27351",0.0983333333333333
"27352",0.1
"27353",0.0966666666666667
"27354",0.1
"27355",0.0966666666666667
"27356",0.0983333333333333
"27357",0.0966666666666667
"27358",0.0983333333333333
"27359",0.0983333333333333
"27360",0.0966666666666667
"27361",0.0966666666666667
"27362",0.0966666666666667
"27363",0.0966666666666667
"27364",0.0983333333333333
"27365",0.0966666666666667
"27366",0.0983333333333333
"27367",0.0983333333333333
"27368",0.1
"27369",0.0966666666666667
"27370",0.1
"27371",0.0966666666666667
"27372",0.0983333333333333
"27373",0.0966666666666667
"27374",0.0983333333333333
"27375",0.0983333333333333
"27376",0.0966666666666667
"27377",0.0966666666666667
"27378",0.0966666666666667
"27379",0.0966666666666667
"27380",0.0983333333333333
"27381",0.0966666666666667
"27382",0.0983333333333333
"27383",0.0983333333333333
"27384",0.1
"27385",0.0966666666666667
"27386",0.1
"27387",0.095
"27388",0.0966666666666667
"27389",0.095
"27390",0.0966666666666667
"27391",0.0966666666666667
"27392",0.095
"27393",0.095
"27394",0.095
"27395",0.095
"27396",0.0966666666666667
"27397",0.095
"27398",0.0966666666666667
"27399",0.0966666666666667
"27400",0.0983333333333333
"27401",0.095
"27402",0.0983333333333333
"27403",0.095
"27404",0.0966666666666667
"27405",0.095
"27406",0.0966666666666667
"27407",0.0966666666666667
"27408",0.095
"27409",0.095
"27410",0.095
"27411",0.095
"27412",0.0966666666666667
"27413",0.095
"27414",0.0966666666666667
"27415",0.0966666666666667
"27416",0.0983333333333333
"27417",0.095
"27418",0.0983333333333333
"27419",0.095
"27420",0.0966666666666667
"27421",0.095
"27422",0.0966666666666667
"27423",0.0966666666666667
"27424",0.095
"27425",0.095
"27426",0.095
"27427",0.095
"27428",0.0966666666666667
"27429",0.095
"27430",0.0966666666666667
"27431",0.0966666666666667
"27432",0.0983333333333333
"27433",0.095
"27434",0.0983333333333333
"27435",0.095
"27436",0.0966666666666667
"27437",0.095
"27438",0.0966666666666667
"27439",0.0966666666666667
"27440",0.095
"27441",0.095
"27442",0.095
"27443",0.095
"27444",0.0966666666666667
"27445",0.095
"27446",0.0966666666666667
"27447",0.0966666666666667
"27448",0.0983333333333333
"27449",0.095
"27450",0.0983333333333333
"27451",0.095
"27452",0.0966666666666667
"27453",0.095
"27454",0.0966666666666667
"27455",0.0966666666666667
"27456",0.095
"27457",0.095
"27458",0.095
"27459",0.095
"27460",0.0966666666666667
"27461",0.095
"27462",0.0966666666666667
"27463",0.0966666666666667
"27464",0.0983333333333333
"27465",0.095
"27466",0.0983333333333333
"27467",0.0966666666666667
"27468",0.0983333333333333
"27469",0.0966666666666667
"27470",0.0983333333333333
"27471",0.0983333333333333
"27472",0.0966666666666667
"27473",0.0966666666666667
"27474",0.0966666666666667
"27475",0.0966666666666667
"27476",0.0983333333333333
"27477",0.0966666666666667
"27478",0.0983333333333333
"27479",0.0983333333333333
"27480",0.1
"27481",0.0966666666666667
"27482",0.1
"27483",0.095
"27484",0.0966666666666667
"27485",0.095
"27486",0.0966666666666667
"27487",0.0966666666666667
"27488",0.095
"27489",0.095
"27490",0.095
"27491",0.095
"27492",0.0966666666666667
"27493",0.095
"27494",0.0966666666666667
"27495",0.0966666666666667
"27496",0.0983333333333333
"27497",0.095
"27498",0.0983333333333333
"27499",0.095
"27500",0.0966666666666667
"27501",0.095
"27502",0.0966666666666667
"27503",0.0966666666666667
"27504",0.095
"27505",0.095
"27506",0.095
"27507",0.095
"27508",0.0966666666666667
"27509",0.095
"27510",0.0966666666666667
"27511",0.0966666666666667
"27512",0.0983333333333333
"27513",0.095
"27514",0.0983333333333333
"27515",0.095
"27516",0.0966666666666667
"27517",0.095
"27518",0.0966666666666667
"27519",0.0966666666666667
"27520",0.095
"27521",0.095
"27522",0.095
"27523",0.095
"27524",0.0966666666666667
"27525",0.095
"27526",0.0966666666666667
"27527",0.0966666666666667
"27528",0.0983333333333333
"27529",0.095
"27530",0.0983333333333333
"27531",0.095
"27532",0.0966666666666667
"27533",0.095
"27534",0.0966666666666667
"27535",0.0966666666666667
"27536",0.095
"27537",0.095
"27538",0.095
"27539",0.095
"27540",0.0966666666666667
"27541",0.095
"27542",0.0966666666666667
"27543",0.0966666666666667
"27544",0.0983333333333333
"27545",0.095
"27546",0.0983333333333333
"27547",0.095
"27548",0.0966666666666667
"27549",0.095
"27550",0.0966666666666667
"27551",0.0966666666666667
"27552",0.095
"27553",0.095
"27554",0.095
"27555",0.095
"27556",0.0966666666666667
"27557",0.095
"27558",0.0966666666666667
"27559",0.0966666666666667
"27560",0.0983333333333333
"27561",0.095
"27562",0.0983333333333333
"27563",0.095
"27564",0.0966666666666667
"27565",0.095
"27566",0.0966666666666667
"27567",0.0966666666666667
"27568",0.095
"27569",0.095
"27570",0.095
"27571",0.095
"27572",0.0966666666666667
"27573",0.095
"27574",0.0966666666666667
"27575",0.0966666666666667
"27576",0.0983333333333333
"27577",0.095
"27578",0.0983333333333333
"27579",0.095
"27580",0.0966666666666667
"27581",0.095
"27582",0.0966666666666667
"27583",0.0966666666666667
"27584",0.095
"27585",0.095
"27586",0.095
"27587",0.095
"27588",0.0966666666666667
"27589",0.095
"27590",0.0966666666666667
"27591",0.0966666666666667
"27592",0.0983333333333333
"27593",0.095
"27594",0.0983333333333333
"27595",0.0966666666666667
"27596",0.0983333333333333
"27597",0.0966666666666667
"27598",0.0983333333333333
"27599",0.0983333333333333
"27600",0.0966666666666667
"27601",0.0966666666666667
"27602",0.0966666666666667
"27603",0.0966666666666667
"27604",0.0983333333333333
"27605",0.0966666666666667
"27606",0.0983333333333333
"27607",0.0983333333333333
"27608",0.1
"27609",0.0966666666666667
"27610",0.1
"27611",0.0966666666666667
"27612",0.0983333333333333
"27613",0.0966666666666667
"27614",0.0983333333333333
"27615",0.0983333333333333
"27616",0.0966666666666667
"27617",0.0966666666666667
"27618",0.0966666666666667
"27619",0.0966666666666667
"27620",0.0983333333333333
"27621",0.0966666666666667
"27622",0.0983333333333333
"27623",0.0983333333333333
"27624",0.1
"27625",0.0966666666666667
"27626",0.1
"27627",0.0966666666666667
"27628",0.0983333333333333
"27629",0.0966666666666667
"27630",0.0983333333333333
"27631",0.0983333333333333
"27632",0.0966666666666667
"27633",0.0966666666666667
"27634",0.0966666666666667
"27635",0.0966666666666667
"27636",0.0983333333333333
"27637",0.0966666666666667
"27638",0.0983333333333333
"27639",0.0983333333333333
"27640",0.1
"27641",0.0966666666666667
"27642",0.1
"27643",0.0966666666666667
"27644",0.0983333333333333
"27645",0.0966666666666667
"27646",0.0983333333333333
"27647",0.0983333333333333
"27648",0.0966666666666667
"27649",0.0966666666666667
"27650",0.0966666666666667
"27651",0.0966666666666667
"27652",0.0983333333333333
"27653",0.0966666666666667
"27654",0.0983333333333333
"27655",0.0983333333333333
"27656",0.1
"27657",0.0966666666666667
"27658",0.1
"27659",0.095
"27660",0.0966666666666667
"27661",0.095
"27662",0.0966666666666667
"27663",0.0966666666666667
"27664",0.095
"27665",0.095
"27666",0.095
"27667",0.095
"27668",0.0966666666666667
"27669",0.095
"27670",0.0966666666666667
"27671",0.0966666666666667
"27672",0.0983333333333333
"27673",0.095
"27674",0.0983333333333333
"27675",0.095
"27676",0.0966666666666667
"27677",0.095
"27678",0.0966666666666667
"27679",0.0966666666666667
"27680",0.095
"27681",0.095
"27682",0.095
"27683",0.095
"27684",0.0966666666666667
"27685",0.095
"27686",0.0966666666666667
"27687",0.0966666666666667
"27688",0.0983333333333333
"27689",0.095
"27690",0.0983333333333333
"27691",0.095
"27692",0.0966666666666667
"27693",0.095
"27694",0.0966666666666667
"27695",0.0966666666666667
"27696",0.095
"27697",0.095
"27698",0.095
"27699",0.095
"27700",0.0966666666666667
"27701",0.095
"27702",0.0966666666666667
"27703",0.0966666666666667
"27704",0.0983333333333333
"27705",0.095
"27706",0.0983333333333333
"27707",0.095
"27708",0.0966666666666667
"27709",0.095
"27710",0.0966666666666667
"27711",0.0966666666666667
"27712",0.095
"27713",0.095
"27714",0.095
"27715",0.095
"27716",0.0966666666666667
"27717",0.095
"27718",0.0966666666666667
"27719",0.0966666666666667
"27720",0.0983333333333333
"27721",0.095
"27722",0.0983333333333333
"27723",0.095
"27724",0.0966666666666667
"27725",0.095
"27726",0.0966666666666667
"27727",0.0966666666666667
"27728",0.095
"27729",0.095
"27730",0.095
"27731",0.095
"27732",0.0966666666666667
"27733",0.095
"27734",0.0966666666666667
"27735",0.0966666666666667
"27736",0.0983333333333333
"27737",0.095
"27738",0.0983333333333333
"27739",0.0966666666666667
"27740",0.0983333333333333
"27741",0.0966666666666667
"27742",0.0983333333333333
"27743",0.0983333333333333
"27744",0.0966666666666667
"27745",0.0966666666666667
"27746",0.0966666666666667
"27747",0.0966666666666667
"27748",0.0983333333333333
"27749",0.0966666666666667
"27750",0.0983333333333333
"27751",0.0983333333333333
"27752",0.1
"27753",0.0966666666666667
"27754",0.1
"27755",0.095
"27756",0.0966666666666667
"27757",0.095
"27758",0.0966666666666667
"27759",0.0966666666666667
"27760",0.095
"27761",0.095
"27762",0.095
"27763",0.095
"27764",0.0966666666666667
"27765",0.095
"27766",0.0966666666666667
"27767",0.0966666666666667
"27768",0.0983333333333333
"27769",0.095
"27770",0.0983333333333333
"27771",0.095
"27772",0.0966666666666667
"27773",0.095
"27774",0.0966666666666667
"27775",0.0966666666666667
"27776",0.095
"27777",0.095
"27778",0.095
"27779",0.095
"27780",0.0966666666666667
"27781",0.095
"27782",0.0966666666666667
"27783",0.0966666666666667
"27784",0.0983333333333333
"27785",0.095
"27786",0.0983333333333333
"27787",0.0966666666666667
"27788",0.0983333333333333
"27789",0.0966666666666667
"27790",0.0983333333333333
"27791",0.0983333333333333
"27792",0.0966666666666667
"27793",0.0966666666666667
"27794",0.0966666666666667
"27795",0.0966666666666667
"27796",0.0983333333333333
"27797",0.0966666666666667
"27798",0.0983333333333333
"27799",0.0983333333333333
"27800",0.1
"27801",0.0966666666666667
"27802",0.1
"27803",0.095
"27804",0.0966666666666667
"27805",0.095
"27806",0.0966666666666667
"27807",0.0966666666666667
"27808",0.095
"27809",0.095
"27810",0.095
"27811",0.095
"27812",0.0966666666666667
"27813",0.095
"27814",0.0966666666666667
"27815",0.0966666666666667
"27816",0.0983333333333333
"27817",0.095
"27818",0.0983333333333333
"27819",0.095
"27820",0.0966666666666667
"27821",0.095
"27822",0.0966666666666667
"27823",0.0966666666666667
"27824",0.095
"27825",0.095
"27826",0.095
"27827",0.095
"27828",0.0966666666666667
"27829",0.095
"27830",0.0966666666666667
"27831",0.0966666666666667
"27832",0.0983333333333333
"27833",0.095
"27834",0.0983333333333333
"27835",0.095
"27836",0.0966666666666667
"27837",0.095
"27838",0.0966666666666667
"27839",0.0966666666666667
"27840",0.095
"27841",0.095
"27842",0.095
"27843",0.095
"27844",0.0966666666666667
"27845",0.095
"27846",0.0966666666666667
"27847",0.0966666666666667
"27848",0.0983333333333333
"27849",0.095
"27850",0.0983333333333333
"27851",0.0966666666666667
"27852",0.0983333333333333
"27853",0.0966666666666667
"27854",0.0983333333333333
"27855",0.0983333333333333
"27856",0.0966666666666667
"27857",0.0966666666666667
"27858",0.0966666666666667
"27859",0.0966666666666667
"27860",0.0983333333333333
"27861",0.0966666666666667
"27862",0.0983333333333333
"27863",0.0983333333333333
"27864",0.1
"27865",0.0966666666666667
"27866",0.1
"27867",0.095
"27868",0.0966666666666667
"27869",0.095
"27870",0.0966666666666667
"27871",0.0966666666666667
"27872",0.095
"27873",0.095
"27874",0.095
"27875",0.095
"27876",0.0966666666666667
"27877",0.095
"27878",0.0966666666666667
"27879",0.0966666666666667
"27880",0.0983333333333333
"27881",0.095
"27882",0.0983333333333333
"27883",0.095
"27884",0.0966666666666667
"27885",0.095
"27886",0.0966666666666667
"27887",0.0966666666666667
"27888",0.095
"27889",0.095
"27890",0.095
"27891",0.095
"27892",0.0966666666666667
"27893",0.095
"27894",0.0966666666666667
"27895",0.0966666666666667
"27896",0.0983333333333333
"27897",0.095
"27898",0.0983333333333333
"27899",0.095
"27900",0.0966666666666667
"27901",0.095
"27902",0.0966666666666667
"27903",0.0966666666666667
"27904",0.095
"27905",0.095
"27906",0.095
"27907",0.095
"27908",0.0966666666666667
"27909",0.095
"27910",0.0966666666666667
"27911",0.0966666666666667
"27912",0.0983333333333333
"27913",0.095
"27914",0.0983333333333333
"27915",0.095
"27916",0.0966666666666667
"27917",0.095
"27918",0.0966666666666667
"27919",0.0966666666666667
"27920",0.095
"27921",0.095
"27922",0.095
"27923",0.095
"27924",0.0966666666666667
"27925",0.095
"27926",0.0966666666666667
"27927",0.0966666666666667
"27928",0.0983333333333333
"27929",0.095
"27930",0.0983333333333333
"27931",0.0966666666666667
"27932",0.0983333333333333
"27933",0.0966666666666667
"27934",0.0983333333333333
"27935",0.0983333333333333
"27936",0.0966666666666667
"27937",0.0966666666666667
"27938",0.0966666666666667
"27939",0.0966666666666667
"27940",0.0983333333333333
"27941",0.0966666666666667
"27942",0.0983333333333333
"27943",0.0983333333333333
"27944",0.1
"27945",0.0966666666666667
"27946",0.1
"27947",0.095
"27948",0.0966666666666667
"27949",0.095
"27950",0.0966666666666667
"27951",0.0966666666666667
"27952",0.095
"27953",0.095
"27954",0.095
"27955",0.095
"27956",0.0966666666666667
"27957",0.095
"27958",0.0966666666666667
"27959",0.0966666666666667
"27960",0.0983333333333333
"27961",0.095
"27962",0.0983333333333333
"27963",0.095
"27964",0.0966666666666667
"27965",0.095
"27966",0.0966666666666667
"27967",0.0966666666666667
"27968",0.095
"27969",0.095
"27970",0.095
"27971",0.095
"27972",0.0966666666666667
"27973",0.095
"27974",0.0966666666666667
"27975",0.0966666666666667
"27976",0.0983333333333333
"27977",0.095
"27978",0.0983333333333333
"27979",0.095
"27980",0.0966666666666667
"27981",0.095
"27982",0.0966666666666667
"27983",0.0966666666666667
"27984",0.095
"27985",0.095
"27986",0.095
"27987",0.095
"27988",0.0966666666666667
"27989",0.095
"27990",0.0966666666666667
"27991",0.0966666666666667
"27992",0.0983333333333333
"27993",0.095
"27994",0.0983333333333333
"27995",0.095
"27996",0.0966666666666667
"27997",0.095
"27998",0.0966666666666667
"27999",0.0966666666666667
"28000",0.095
"28001",0.095
"28002",0.095
"28003",0.095
"28004",0.0966666666666667
"28005",0.095
"28006",0.0966666666666667
"28007",0.0966666666666667
"28008",0.0983333333333333
"28009",0.095
"28010",0.0983333333333333
"28011",0.0966666666666667
"28012",0.0983333333333333
"28013",0.0966666666666667
"28014",0.0983333333333333
"28015",0.0983333333333333
"28016",0.0966666666666667
"28017",0.0966666666666667
"28018",0.0966666666666667
"28019",0.0966666666666667
"28020",0.0983333333333333
"28021",0.0966666666666667
"28022",0.0983333333333333
"28023",0.0983333333333333
"28024",0.1
"28025",0.0966666666666667
"28026",0.1
"28027",0.0966666666666667
"28028",0.0983333333333333
"28029",0.0966666666666667
"28030",0.0983333333333333
"28031",0.0983333333333333
"28032",0.0966666666666667
"28033",0.0966666666666667
"28034",0.0966666666666667
"28035",0.0966666666666667
"28036",0.0983333333333333
"28037",0.0966666666666667
"28038",0.0983333333333333
"28039",0.0983333333333333
"28040",0.1
"28041",0.0966666666666667
"28042",0.1
"28043",0.0966666666666667
"28044",0.0983333333333333
"28045",0.0966666666666667
"28046",0.0983333333333333
"28047",0.0983333333333333
"28048",0.0966666666666667
"28049",0.0966666666666667
"28050",0.0966666666666667
"28051",0.0966666666666667
"28052",0.0983333333333333
"28053",0.0966666666666667
"28054",0.0983333333333333
"28055",0.0983333333333333
"28056",0.1
"28057",0.0966666666666667
"28058",0.1
"28059",0.095
"28060",0.0966666666666667
"28061",0.095
"28062",0.0966666666666667
"28063",0.0966666666666667
"28064",0.095
"28065",0.095
"28066",0.095
"28067",0.095
"28068",0.0966666666666667
"28069",0.095
"28070",0.0966666666666667
"28071",0.0966666666666667
"28072",0.0983333333333333
"28073",0.095
"28074",0.0983333333333333
"28075",0.095
"28076",0.0966666666666667
"28077",0.095
"28078",0.0966666666666667
"28079",0.0966666666666667
"28080",0.095
"28081",0.095
"28082",0.095
"28083",0.095
"28084",0.0966666666666667
"28085",0.095
"28086",0.0966666666666667
"28087",0.0966666666666667
"28088",0.0983333333333333
"28089",0.095
"28090",0.0983333333333333
"28091",0.0966666666666667
"28092",0.0983333333333333
"28093",0.0966666666666667
"28094",0.0983333333333333
"28095",0.0983333333333333
"28096",0.0966666666666667
"28097",0.0966666666666667
"28098",0.0966666666666667
"28099",0.0966666666666667
"28100",0.0983333333333333
"28101",0.0966666666666667
"28102",0.0983333333333333
"28103",0.0983333333333333
"28104",0.1
"28105",0.0966666666666667
"28106",0.1
"28107",0.0966666666666667
"28108",0.0983333333333333
"28109",0.0966666666666667
"28110",0.0983333333333333
"28111",0.0983333333333333
"28112",0.0966666666666667
"28113",0.0966666666666667
"28114",0.0966666666666667
"28115",0.0966666666666667
"28116",0.0983333333333333
"28117",0.0966666666666667
"28118",0.0983333333333333
"28119",0.0983333333333333
"28120",0.1
"28121",0.0966666666666667
"28122",0.1
"28123",0.0966666666666667
"28124",0.0983333333333333
"28125",0.0966666666666667
"28126",0.0983333333333333
"28127",0.0983333333333333
"28128",0.0966666666666667
"28129",0.0966666666666667
"28130",0.0966666666666667
"28131",0.0966666666666667
"28132",0.0983333333333333
"28133",0.0966666666666667
"28134",0.0983333333333333
"28135",0.0983333333333333
"28136",0.1
"28137",0.0966666666666667
"28138",0.1
"28139",0.0966666666666667
"28140",0.0983333333333333
"28141",0.0966666666666667
"28142",0.0983333333333333
"28143",0.0983333333333333
"28144",0.0966666666666667
"28145",0.0966666666666667
"28146",0.0966666666666667
"28147",0.0966666666666667
"28148",0.0983333333333333
"28149",0.0966666666666667
"28150",0.0983333333333333
"28151",0.0983333333333333
"28152",0.1
"28153",0.0966666666666667
"28154",0.1
"28155",0.095
"28156",0.0966666666666667
"28157",0.095
"28158",0.0966666666666667
"28159",0.0966666666666667
"28160",0.095
"28161",0.095
"28162",0.095
"28163",0.095
"28164",0.0966666666666667
"28165",0.095
"28166",0.0966666666666667
"28167",0.0966666666666667
"28168",0.0983333333333333
"28169",0.095
"28170",0.0983333333333333
"28171",0.095
"28172",0.0966666666666667
"28173",0.095
"28174",0.0966666666666667
"28175",0.0966666666666667
"28176",0.095
"28177",0.095
"28178",0.095
"28179",0.095
"28180",0.0966666666666667
"28181",0.095
"28182",0.0966666666666667
"28183",0.0966666666666667
"28184",0.0983333333333333
"28185",0.095
"28186",0.0983333333333333
"28187",0.095
"28188",0.0966666666666667
"28189",0.095
"28190",0.0966666666666667
"28191",0.0966666666666667
"28192",0.095
"28193",0.095
"28194",0.095
"28195",0.095
"28196",0.0966666666666667
"28197",0.095
"28198",0.0966666666666667
"28199",0.0966666666666667
"28200",0.0983333333333333
"28201",0.095
"28202",0.0983333333333333
"28203",0.095
"28204",0.0966666666666667
"28205",0.095
"28206",0.0966666666666667
"28207",0.0966666666666667
"28208",0.095
"28209",0.095
"28210",0.095
"28211",0.095
"28212",0.0966666666666667
"28213",0.095
"28214",0.0966666666666667
"28215",0.0966666666666667
"28216",0.0983333333333333
"28217",0.095
"28218",0.0983333333333333
"28219",0.095
"28220",0.0966666666666667
"28221",0.095
"28222",0.0966666666666667
"28223",0.0966666666666667
"28224",0.095
"28225",0.095
"28226",0.095
"28227",0.095
"28228",0.0966666666666667
"28229",0.095
"28230",0.0966666666666667
"28231",0.0966666666666667
"28232",0.0983333333333333
"28233",0.095
"28234",0.0983333333333333
"28235",0.095
"28236",0.0966666666666667
"28237",0.095
"28238",0.0966666666666667
"28239",0.0966666666666667
"28240",0.095
"28241",0.095
"28242",0.095
"28243",0.095
"28244",0.0966666666666667
"28245",0.095
"28246",0.0966666666666667
"28247",0.0966666666666667
"28248",0.0983333333333333
"28249",0.095
"28250",0.0983333333333333
"28251",0.0933333333333333
"28252",0.095
"28253",0.0933333333333333
"28254",0.095
"28255",0.095
"28256",0.0933333333333333
"28257",0.0933333333333333
"28258",0.0933333333333333
"28259",0.0933333333333333
"28260",0.095
"28261",0.0933333333333333
"28262",0.095
"28263",0.095
"28264",0.0966666666666667
"28265",0.0933333333333333
"28266",0.0966666666666667
"28267",0.0966666666666667
"28268",0.0983333333333333
"28269",0.0966666666666667
"28270",0.0983333333333333
"28271",0.0983333333333333
"28272",0.0966666666666667
"28273",0.0966666666666667
"28274",0.0966666666666667
"28275",0.0966666666666667
"28276",0.0983333333333333
"28277",0.0966666666666667
"28278",0.0983333333333333
"28279",0.0983333333333333
"28280",0.1
"28281",0.0966666666666667
"28282",0.1
"28283",0.0966666666666667
"28284",0.0983333333333333
"28285",0.0966666666666667
"28286",0.0983333333333333
"28287",0.0983333333333333
"28288",0.0966666666666667
"28289",0.0966666666666667
"28290",0.0966666666666667
"28291",0.0966666666666667
"28292",0.0983333333333333
"28293",0.0966666666666667
"28294",0.0983333333333333
"28295",0.0983333333333333
"28296",0.1
"28297",0.0966666666666667
"28298",0.1
"28299",0.095
"28300",0.0966666666666667
"28301",0.095
"28302",0.0966666666666667
"28303",0.0966666666666667
"28304",0.095
"28305",0.095
"28306",0.095
"28307",0.095
"28308",0.0966666666666667
"28309",0.095
"28310",0.0966666666666667
"28311",0.0966666666666667
"28312",0.0983333333333333
"28313",0.095
"28314",0.0983333333333333
"28315",0.095
"28316",0.0966666666666667
"28317",0.095
"28318",0.0966666666666667
"28319",0.0966666666666667
"28320",0.095
"28321",0.095
"28322",0.095
"28323",0.095
"28324",0.0966666666666667
"28325",0.095
"28326",0.0966666666666667
"28327",0.0966666666666667
"28328",0.0983333333333333
"28329",0.095
"28330",0.0983333333333333
"28331",0.095
"28332",0.0966666666666667
"28333",0.095
"28334",0.0966666666666667
"28335",0.0966666666666667
"28336",0.095
"28337",0.095
"28338",0.095
"28339",0.095
"28340",0.0966666666666667
"28341",0.095
"28342",0.0966666666666667
"28343",0.0966666666666667
"28344",0.0983333333333333
"28345",0.095
"28346",0.0983333333333333
"28347",0.095
"28348",0.0966666666666667
"28349",0.095
"28350",0.0966666666666667
"28351",0.0966666666666667
"28352",0.095
"28353",0.095
"28354",0.095
"28355",0.095
"28356",0.0966666666666667
"28357",0.095
"28358",0.0966666666666667
"28359",0.0966666666666667
"28360",0.0983333333333333
"28361",0.095
"28362",0.0983333333333333
"28363",0.095
"28364",0.0966666666666667
"28365",0.095
"28366",0.0966666666666667
"28367",0.0966666666666667
"28368",0.095
"28369",0.095
"28370",0.095
"28371",0.095
"28372",0.0966666666666667
"28373",0.095
"28374",0.0966666666666667
"28375",0.0966666666666667
"28376",0.0983333333333333
"28377",0.095
"28378",0.0983333333333333
"28379",0.095
"28380",0.0966666666666667
"28381",0.095
"28382",0.0966666666666667
"28383",0.0966666666666667
"28384",0.095
"28385",0.095
"28386",0.095
"28387",0.095
"28388",0.0966666666666667
"28389",0.095
"28390",0.0966666666666667
"28391",0.0966666666666667
"28392",0.0983333333333333
"28393",0.095
"28394",0.0983333333333333
"28395",0.095
"28396",0.0966666666666667
"28397",0.095
"28398",0.0966666666666667
"28399",0.0966666666666667
"28400",0.095
"28401",0.095
"28402",0.095
"28403",0.095
"28404",0.0966666666666667
"28405",0.095
"28406",0.0966666666666667
"28407",0.0966666666666667
"28408",0.0983333333333333
"28409",0.095
"28410",0.0983333333333333
"28411",0.095
"28412",0.0966666666666667
"28413",0.095
"28414",0.0966666666666667
"28415",0.0966666666666667
"28416",0.095
"28417",0.095
"28418",0.095
"28419",0.095
"28420",0.0966666666666667
"28421",0.095
"28422",0.0966666666666667
"28423",0.0966666666666667
"28424",0.0983333333333333
"28425",0.095
"28426",0.0983333333333333
"28427",0.095
"28428",0.0966666666666667
"28429",0.095
"28430",0.0966666666666667
"28431",0.0966666666666667
"28432",0.095
"28433",0.095
"28434",0.095
"28435",0.095
"28436",0.0966666666666667
"28437",0.095
"28438",0.0966666666666667
"28439",0.0966666666666667
"28440",0.0983333333333333
"28441",0.095
"28442",0.0983333333333333
"28443",0.095
"28444",0.0966666666666667
"28445",0.095
"28446",0.0966666666666667
"28447",0.0966666666666667
"28448",0.095
"28449",0.095
"28450",0.095
"28451",0.095
"28452",0.0966666666666667
"28453",0.095
"28454",0.0966666666666667
"28455",0.0966666666666667
"28456",0.0983333333333333
"28457",0.095
"28458",0.0983333333333333
"28459",0.0966666666666667
"28460",0.0983333333333333
"28461",0.0966666666666667
"28462",0.0983333333333333
"28463",0.0983333333333333
"28464",0.0966666666666667
"28465",0.0966666666666667
"28466",0.0966666666666667
"28467",0.0966666666666667
"28468",0.0983333333333333
"28469",0.0966666666666667
"28470",0.0983333333333333
"28471",0.0983333333333333
"28472",0.1
"28473",0.0966666666666667
"28474",0.1
"28475",0.095
"28476",0.0966666666666667
"28477",0.095
"28478",0.0966666666666667
"28479",0.0966666666666667
"28480",0.095
"28481",0.095
"28482",0.095
"28483",0.095
"28484",0.0966666666666667
"28485",0.095
"28486",0.0966666666666667
"28487",0.0966666666666667
"28488",0.0983333333333333
"28489",0.095
"28490",0.0983333333333333
"28491",0.0966666666666667
"28492",0.0983333333333333
"28493",0.0966666666666667
"28494",0.0983333333333333
"28495",0.0983333333333333
"28496",0.0966666666666667
"28497",0.0966666666666667
"28498",0.0966666666666667
"28499",0.0966666666666667
"28500",0.0983333333333333
"28501",0.0966666666666667
"28502",0.0983333333333333
"28503",0.0983333333333333
"28504",0.1
"28505",0.0966666666666667
"28506",0.1
"28507",0.095
"28508",0.0966666666666667
"28509",0.095
"28510",0.0966666666666667
"28511",0.0966666666666667
"28512",0.095
"28513",0.095
"28514",0.095
"28515",0.095
"28516",0.0966666666666667
"28517",0.095
"28518",0.0966666666666667
"28519",0.0966666666666667
"28520",0.0983333333333333
"28521",0.095
"28522",0.0983333333333333
"28523",0.095
"28524",0.0966666666666667
"28525",0.095
"28526",0.0966666666666667
"28527",0.0966666666666667
"28528",0.095
"28529",0.095
"28530",0.095
"28531",0.095
"28532",0.0966666666666667
"28533",0.095
"28534",0.0966666666666667
"28535",0.0966666666666667
"28536",0.0983333333333333
"28537",0.095
"28538",0.0983333333333333
"28539",0.095
"28540",0.0966666666666667
"28541",0.095
"28542",0.0966666666666667
"28543",0.0966666666666667
"28544",0.095
"28545",0.095
"28546",0.095
"28547",0.095
"28548",0.0966666666666667
"28549",0.095
"28550",0.0966666666666667
"28551",0.0966666666666667
"28552",0.0983333333333333
"28553",0.095
"28554",0.0983333333333333
"28555",0.095
"28556",0.0966666666666667
"28557",0.095
"28558",0.0966666666666667
"28559",0.0966666666666667
"28560",0.095
"28561",0.095
"28562",0.095
"28563",0.095
"28564",0.0966666666666667
"28565",0.095
"28566",0.0966666666666667
"28567",0.0966666666666667
"28568",0.0983333333333333
"28569",0.095
"28570",0.0983333333333333
"28571",0.095
"28572",0.0966666666666667
"28573",0.095
"28574",0.0966666666666667
"28575",0.0966666666666667
"28576",0.095
"28577",0.095
"28578",0.095
"28579",0.095
"28580",0.0966666666666667
"28581",0.095
"28582",0.0966666666666667
"28583",0.0966666666666667
"28584",0.0983333333333333
"28585",0.095
"28586",0.0983333333333333
"28587",0.0966666666666667
"28588",0.0983333333333333
"28589",0.0966666666666667
"28590",0.0983333333333333
"28591",0.0983333333333333
"28592",0.0966666666666667
"28593",0.0966666666666667
"28594",0.0966666666666667
"28595",0.0966666666666667
"28596",0.0983333333333333
"28597",0.0966666666666667
"28598",0.0983333333333333
"28599",0.0983333333333333
"28600",0.1
"28601",0.0966666666666667
"28602",0.1
"28603",0.095
"28604",0.0966666666666667
"28605",0.095
"28606",0.0966666666666667
"28607",0.0966666666666667
"28608",0.095
"28609",0.095
"28610",0.095
"28611",0.095
"28612",0.0966666666666667
"28613",0.095
"28614",0.0966666666666667
"28615",0.0966666666666667
"28616",0.0983333333333333
"28617",0.095
"28618",0.0983333333333333
"28619",0.095
"28620",0.0966666666666667
"28621",0.095
"28622",0.0966666666666667
"28623",0.0966666666666667
"28624",0.095
"28625",0.095
"28626",0.095
"28627",0.095
"28628",0.0966666666666667
"28629",0.095
"28630",0.0966666666666667
"28631",0.0966666666666667
"28632",0.0983333333333333
"28633",0.095
"28634",0.0983333333333333
"28635",0.0966666666666667
"28636",0.0983333333333333
"28637",0.0966666666666667
"28638",0.0983333333333333
"28639",0.0983333333333333
"28640",0.0966666666666667
"28641",0.0966666666666667
"28642",0.0966666666666667
"28643",0.0966666666666667
"28644",0.0983333333333333
"28645",0.0966666666666667
"28646",0.0983333333333333
"28647",0.0983333333333333
"28648",0.1
"28649",0.0966666666666667
"28650",0.1
"28651",0.0966666666666667
"28652",0.0983333333333333
"28653",0.0966666666666667
"28654",0.0983333333333333
"28655",0.0983333333333333
"28656",0.0966666666666667
"28657",0.0966666666666667
"28658",0.0966666666666667
"28659",0.0966666666666667
"28660",0.0983333333333333
"28661",0.0966666666666667
"28662",0.0983333333333333
"28663",0.0983333333333333
"28664",0.1
"28665",0.0966666666666667
"28666",0.1
"28667",0.095
"28668",0.0966666666666667
"28669",0.095
"28670",0.0966666666666667
"28671",0.0966666666666667
"28672",0.095
"28673",0.095
"28674",0.095
"28675",0.095
"28676",0.0966666666666667
"28677",0.095
"28678",0.0966666666666667
"28679",0.0966666666666667
"28680",0.0983333333333333
"28681",0.095
"28682",0.0983333333333333
"28683",0.095
"28684",0.0966666666666667
"28685",0.095
"28686",0.0966666666666667
"28687",0.0966666666666667
"28688",0.095
"28689",0.095
"28690",0.095
"28691",0.095
"28692",0.0966666666666667
"28693",0.095
"28694",0.0966666666666667
"28695",0.0966666666666667
"28696",0.0983333333333333
"28697",0.095
"28698",0.0983333333333333
"28699",0.095
"28700",0.0966666666666667
"28701",0.095
"28702",0.0966666666666667
"28703",0.0966666666666667
"28704",0.095
"28705",0.095
"28706",0.095
"28707",0.095
"28708",0.0966666666666667
"28709",0.095
"28710",0.0966666666666667
"28711",0.0966666666666667
"28712",0.0983333333333333
"28713",0.095
"28714",0.0983333333333333
"28715",0.095
"28716",0.0966666666666667
"28717",0.095
"28718",0.0966666666666667
"28719",0.0966666666666667
"28720",0.095
"28721",0.095
"28722",0.095
"28723",0.095
"28724",0.0966666666666667
"28725",0.095
"28726",0.0966666666666667
"28727",0.0966666666666667
"28728",0.0983333333333333
"28729",0.095
"28730",0.0983333333333333
"28731",0.095
"28732",0.0966666666666667
"28733",0.095
"28734",0.0966666666666667
"28735",0.0966666666666667
"28736",0.095
"28737",0.095
"28738",0.095
"28739",0.095
"28740",0.0966666666666667
"28741",0.095
"28742",0.0966666666666667
"28743",0.0966666666666667
"28744",0.0983333333333333
"28745",0.095
"28746",0.0983333333333333
"28747",0.095
"28748",0.0966666666666667
"28749",0.095
"28750",0.0966666666666667
"28751",0.0966666666666667
"28752",0.095
"28753",0.095
"28754",0.095
"28755",0.095
"28756",0.0966666666666667
"28757",0.095
"28758",0.0966666666666667
"28759",0.0966666666666667
"28760",0.0983333333333333
"28761",0.095
"28762",0.0983333333333333
"28763",0.095
"28764",0.0966666666666667
"28765",0.095
"28766",0.0966666666666667
"28767",0.0966666666666667
"28768",0.095
"28769",0.095
"28770",0.095
"28771",0.095
"28772",0.0966666666666667
"28773",0.095
"28774",0.0966666666666667
"28775",0.0966666666666667
"28776",0.0983333333333333
"28777",0.095
"28778",0.0983333333333333
"28779",0.095
"28780",0.0966666666666667
"28781",0.095
"28782",0.0966666666666667
"28783",0.0966666666666667
"28784",0.095
"28785",0.095
"28786",0.095
"28787",0.095
"28788",0.0966666666666667
"28789",0.095
"28790",0.0966666666666667
"28791",0.0966666666666667
"28792",0.0983333333333333
"28793",0.095
"28794",0.0983333333333333
"28795",0.095
"28796",0.0966666666666667
"28797",0.095
"28798",0.0966666666666667
"28799",0.0966666666666667
"28800",0.095
"28801",0.095
"28802",0.095
"28803",0.095
"28804",0.0966666666666667
"28805",0.095
"28806",0.0966666666666667
"28807",0.0966666666666667
"28808",0.0983333333333333
"28809",0.095
"28810",0.0983333333333333
"28811",0.095
"28812",0.0966666666666667
"28813",0.095
"28814",0.0966666666666667
"28815",0.0966666666666667
"28816",0.095
"28817",0.095
"28818",0.095
"28819",0.095
"28820",0.0966666666666667
"28821",0.095
"28822",0.0966666666666667
"28823",0.0966666666666667
"28824",0.0983333333333333
"28825",0.095
"28826",0.0983333333333333
"28827",0.0966666666666667
"28828",0.0983333333333333
"28829",0.0966666666666667
"28830",0.0983333333333333
"28831",0.0983333333333333
"28832",0.0966666666666667
"28833",0.0966666666666667
"28834",0.0966666666666667
"28835",0.0966666666666667
"28836",0.0983333333333333
"28837",0.0966666666666667
"28838",0.0983333333333333
"28839",0.0983333333333333
"28840",0.1
"28841",0.0966666666666667
"28842",0.1
"28843",0.095
"28844",0.0966666666666667
"28845",0.095
"28846",0.0966666666666667
"28847",0.0966666666666667
"28848",0.095
"28849",0.095
"28850",0.095
"28851",0.095
"28852",0.0966666666666667
"28853",0.095
"28854",0.0966666666666667
"28855",0.0966666666666667
"28856",0.0983333333333333
"28857",0.095
"28858",0.0983333333333333
"28859",0.095
"28860",0.0966666666666667
"28861",0.095
"28862",0.0966666666666667
"28863",0.0966666666666667
"28864",0.095
"28865",0.095
"28866",0.095
"28867",0.095
"28868",0.0966666666666667
"28869",0.095
"28870",0.0966666666666667
"28871",0.0966666666666667
"28872",0.0983333333333333
"28873",0.095
"28874",0.0983333333333333
"28875",0.095
"28876",0.0966666666666667
"28877",0.095
"28878",0.0966666666666667
"28879",0.0966666666666667
"28880",0.095
"28881",0.095
"28882",0.095
"28883",0.095
"28884",0.0966666666666667
"28885",0.095
"28886",0.0966666666666667
"28887",0.0966666666666667
"28888",0.0983333333333333
"28889",0.095
"28890",0.0983333333333333
"28891",0.095
"28892",0.0966666666666667
"28893",0.095
"28894",0.0966666666666667
"28895",0.0966666666666667
"28896",0.095
"28897",0.095
"28898",0.095
"28899",0.095
"28900",0.0966666666666667
"28901",0.095
"28902",0.0966666666666667
"28903",0.0966666666666667
"28904",0.0983333333333333
"28905",0.095
"28906",0.0983333333333333
"28907",0.095
"28908",0.0966666666666667
"28909",0.095
"28910",0.0966666666666667
"28911",0.0966666666666667
"28912",0.095
"28913",0.095
"28914",0.095
"28915",0.095
"28916",0.0966666666666667
"28917",0.095
"28918",0.0966666666666667
"28919",0.0966666666666667
"28920",0.0983333333333333
"28921",0.095
"28922",0.0983333333333333
"28923",0.095
"28924",0.0966666666666667
"28925",0.095
"28926",0.0966666666666667
"28927",0.0966666666666667
"28928",0.095
"28929",0.095
"28930",0.095
"28931",0.095
"28932",0.0966666666666667
"28933",0.095
"28934",0.0966666666666667
"28935",0.0966666666666667
"28936",0.0983333333333333
"28937",0.095
"28938",0.0983333333333333
"28939",0.095
"28940",0.0966666666666667
"28941",0.095
"28942",0.0966666666666667
"28943",0.0966666666666667
"28944",0.095
"28945",0.095
"28946",0.095
"28947",0.095
"28948",0.0966666666666667
"28949",0.095
"28950",0.0966666666666667
"28951",0.0966666666666667
"28952",0.0983333333333333
"28953",0.095
"28954",0.0983333333333333
"28955",0.0966666666666667
"28956",0.0983333333333333
"28957",0.0966666666666667
"28958",0.0983333333333333
"28959",0.0983333333333333
"28960",0.0966666666666667
"28961",0.0966666666666667
"28962",0.0966666666666667
"28963",0.0966666666666667
"28964",0.0983333333333333
"28965",0.0966666666666667
"28966",0.0983333333333333
"28967",0.0983333333333333
"28968",0.1
"28969",0.0966666666666667
"28970",0.1
"28971",0.095
"28972",0.0966666666666667
"28973",0.095
"28974",0.0966666666666667
"28975",0.0966666666666667
"28976",0.095
"28977",0.095
"28978",0.095
"28979",0.095
"28980",0.0966666666666667
"28981",0.095
"28982",0.0966666666666667
"28983",0.0966666666666667
"28984",0.0983333333333333
"28985",0.095
"28986",0.0983333333333333
"28987",0.095
"28988",0.0966666666666667
"28989",0.095
"28990",0.0966666666666667
"28991",0.0966666666666667
"28992",0.095
"28993",0.095
"28994",0.095
"28995",0.095
"28996",0.0966666666666667
"28997",0.095
"28998",0.0966666666666667
"28999",0.0966666666666667
"29000",0.0983333333333333
"29001",0.095
"29002",0.0983333333333333
"29003",0.0966666666666667
"29004",0.0983333333333333
"29005",0.0966666666666667
"29006",0.0983333333333333
"29007",0.0983333333333333
"29008",0.0966666666666667
"29009",0.0966666666666667
"29010",0.0966666666666667
"29011",0.0966666666666667
"29012",0.0983333333333333
"29013",0.0966666666666667
"29014",0.0983333333333333
"29015",0.0983333333333333
"29016",0.1
"29017",0.0966666666666667
"29018",0.1
"29019",0.095
"29020",0.0966666666666667
"29021",0.095
"29022",0.0966666666666667
"29023",0.0966666666666667
"29024",0.095
"29025",0.095
"29026",0.095
"29027",0.095
"29028",0.0966666666666667
"29029",0.095
"29030",0.0966666666666667
"29031",0.0966666666666667
"29032",0.0983333333333333
"29033",0.095
"29034",0.0983333333333333
"29035",0.095
"29036",0.0966666666666667
"29037",0.095
"29038",0.0966666666666667
"29039",0.0966666666666667
"29040",0.095
"29041",0.095
"29042",0.095
"29043",0.095
"29044",0.0966666666666667
"29045",0.095
"29046",0.0966666666666667
"29047",0.0966666666666667
"29048",0.0983333333333333
"29049",0.095
"29050",0.0983333333333333
"29051",0.095
"29052",0.0966666666666667
"29053",0.095
"29054",0.0966666666666667
"29055",0.0966666666666667
"29056",0.095
"29057",0.095
"29058",0.095
"29059",0.095
"29060",0.0966666666666667
"29061",0.095
"29062",0.0966666666666667
"29063",0.0966666666666667
"29064",0.0983333333333333
"29065",0.095
"29066",0.0983333333333333
"29067",0.0966666666666667
"29068",0.0983333333333333
"29069",0.0966666666666667
"29070",0.0983333333333333
"29071",0.0983333333333333
"29072",0.0966666666666667
"29073",0.0966666666666667
"29074",0.0966666666666667
"29075",0.0966666666666667
"29076",0.0983333333333333
"29077",0.0966666666666667
"29078",0.0983333333333333
"29079",0.0983333333333333
"29080",0.1
"29081",0.0966666666666667
"29082",0.1
"29083",0.095
"29084",0.0966666666666667
"29085",0.095
"29086",0.0966666666666667
"29087",0.0966666666666667
"29088",0.095
"29089",0.095
"29090",0.095
"29091",0.095
"29092",0.0966666666666667
"29093",0.095
"29094",0.0966666666666667
"29095",0.0966666666666667
"29096",0.0983333333333333
"29097",0.095
"29098",0.0983333333333333
"29099",0.095
"29100",0.0966666666666667
"29101",0.095
"29102",0.0966666666666667
"29103",0.0966666666666667
"29104",0.095
"29105",0.095
"29106",0.095
"29107",0.095
"29108",0.0966666666666667
"29109",0.095
"29110",0.0966666666666667
"29111",0.0966666666666667
"29112",0.0983333333333333
"29113",0.095
"29114",0.0983333333333333
"29115",0.095
"29116",0.0966666666666667
"29117",0.095
"29118",0.0966666666666667
"29119",0.0966666666666667
"29120",0.095
"29121",0.095
"29122",0.095
"29123",0.095
"29124",0.0966666666666667
"29125",0.095
"29126",0.0966666666666667
"29127",0.0966666666666667
"29128",0.0983333333333333
"29129",0.095
"29130",0.0983333333333333
"29131",0.095
"29132",0.0966666666666667
"29133",0.095
"29134",0.0966666666666667
"29135",0.0966666666666667
"29136",0.095
"29137",0.095
"29138",0.095
"29139",0.095
"29140",0.0966666666666667
"29141",0.095
"29142",0.0966666666666667
"29143",0.0966666666666667
"29144",0.0983333333333333
"29145",0.095
"29146",0.0983333333333333
"29147",0.095
"29148",0.0966666666666667
"29149",0.095
"29150",0.0966666666666667
"29151",0.0966666666666667
"29152",0.095
"29153",0.095
"29154",0.095
"29155",0.095
"29156",0.0966666666666667
"29157",0.095
"29158",0.0966666666666667
"29159",0.0966666666666667
"29160",0.0983333333333333
"29161",0.095
"29162",0.0983333333333333
"29163",0.095
"29164",0.0966666666666667
"29165",0.095
"29166",0.0966666666666667
"29167",0.0966666666666667
"29168",0.095
"29169",0.095
"29170",0.095
"29171",0.095
"29172",0.0966666666666667
"29173",0.095
"29174",0.0966666666666667
"29175",0.0966666666666667
"29176",0.0983333333333333
"29177",0.095
"29178",0.0983333333333333
"29179",0.0933333333333333
"29180",0.095
"29181",0.0933333333333333
"29182",0.095
"29183",0.095
"29184",0.0933333333333333
"29185",0.0933333333333333
"29186",0.0933333333333333
"29187",0.0933333333333333
"29188",0.095
"29189",0.0933333333333333
"29190",0.095
"29191",0.095
"29192",0.0966666666666667
"29193",0.0933333333333333
"29194",0.0966666666666667
"29195",0.0966666666666667
"29196",0.0983333333333333
"29197",0.0966666666666667
"29198",0.0983333333333333
"29199",0.0983333333333333
"29200",0.0966666666666667
"29201",0.0966666666666667
"29202",0.0966666666666667
"29203",0.0966666666666667
"29204",0.0983333333333333
"29205",0.0966666666666667
"29206",0.0983333333333333
"29207",0.0983333333333333
"29208",0.1
"29209",0.0966666666666667
"29210",0.1
"29211",0.095
"29212",0.0966666666666667
"29213",0.095
"29214",0.0966666666666667
"29215",0.0966666666666667
"29216",0.095
"29217",0.095
"29218",0.095
"29219",0.095
"29220",0.0966666666666667
"29221",0.095
"29222",0.0966666666666667
"29223",0.0966666666666667
"29224",0.0983333333333333
"29225",0.095
"29226",0.0983333333333333
"29227",0.095
"29228",0.0966666666666667
"29229",0.095
"29230",0.0966666666666667
"29231",0.0966666666666667
"29232",0.095
"29233",0.095
"29234",0.095
"29235",0.095
"29236",0.0966666666666667
"29237",0.095
"29238",0.0966666666666667
"29239",0.0966666666666667
"29240",0.0983333333333333
"29241",0.095
"29242",0.0983333333333333
"29243",0.095
"29244",0.0966666666666667
"29245",0.095
"29246",0.0966666666666667
"29247",0.0966666666666667
"29248",0.095
"29249",0.095
"29250",0.095
"29251",0.095
"29252",0.0966666666666667
"29253",0.095
"29254",0.0966666666666667
"29255",0.0966666666666667
"29256",0.0983333333333333
"29257",0.095
"29258",0.0983333333333333
"29259",0.095
"29260",0.0966666666666667
"29261",0.095
"29262",0.0966666666666667
"29263",0.0966666666666667
"29264",0.095
"29265",0.095
"29266",0.095
"29267",0.095
"29268",0.0966666666666667
"29269",0.095
"29270",0.0966666666666667
"29271",0.0966666666666667
"29272",0.0983333333333333
"29273",0.095
"29274",0.0983333333333333
"29275",0.095
"29276",0.0966666666666667
"29277",0.095
"29278",0.0966666666666667
"29279",0.0966666666666667
"29280",0.095
"29281",0.095
"29282",0.095
"29283",0.095
"29284",0.0966666666666667
"29285",0.095
"29286",0.0966666666666667
"29287",0.0966666666666667
"29288",0.0983333333333333
"29289",0.095
"29290",0.0983333333333333
"29291",0.095
"29292",0.0966666666666667
"29293",0.095
"29294",0.0966666666666667
"29295",0.0966666666666667
"29296",0.095
"29297",0.095
"29298",0.095
"29299",0.095
"29300",0.0966666666666667
"29301",0.095
"29302",0.0966666666666667
"29303",0.0966666666666667
"29304",0.0983333333333333
"29305",0.095
"29306",0.0983333333333333
"29307",0.095
"29308",0.0966666666666667
"29309",0.095
"29310",0.0966666666666667
"29311",0.0966666666666667
"29312",0.095
"29313",0.095
"29314",0.095
"29315",0.095
"29316",0.0966666666666667
"29317",0.095
"29318",0.0966666666666667
"29319",0.0966666666666667
"29320",0.0983333333333333
"29321",0.095
"29322",0.0983333333333333
"29323",0.0966666666666667
"29324",0.0983333333333333
"29325",0.0966666666666667
"29326",0.0983333333333333
"29327",0.0983333333333333
"29328",0.0966666666666667
"29329",0.0966666666666667
"29330",0.0966666666666667
"29331",0.0966666666666667
"29332",0.0983333333333333
"29333",0.0966666666666667
"29334",0.0983333333333333
"29335",0.0983333333333333
"29336",0.1
"29337",0.0966666666666667
"29338",0.1
"29339",0.0966666666666667
"29340",0.0983333333333333
"29341",0.0966666666666667
"29342",0.0983333333333333
"29343",0.0983333333333333
"29344",0.0966666666666667
"29345",0.0966666666666667
"29346",0.0966666666666667
"29347",0.0966666666666667
"29348",0.0983333333333333
"29349",0.0966666666666667
"29350",0.0983333333333333
"29351",0.0983333333333333
"29352",0.1
"29353",0.0966666666666667
"29354",0.1
"29355",0.095
"29356",0.0966666666666667
"29357",0.095
"29358",0.0966666666666667
"29359",0.0966666666666667
"29360",0.095
"29361",0.095
"29362",0.095
"29363",0.095
"29364",0.0966666666666667
"29365",0.095
"29366",0.0966666666666667
"29367",0.0966666666666667
"29368",0.0983333333333333
"29369",0.095
"29370",0.0983333333333333
"29371",0.095
"29372",0.0966666666666667
"29373",0.095
"29374",0.0966666666666667
"29375",0.0966666666666667
"29376",0.095
"29377",0.095
"29378",0.095
"29379",0.095
"29380",0.0966666666666667
"29381",0.095
"29382",0.0966666666666667
"29383",0.0966666666666667
"29384",0.0983333333333333
"29385",0.095
"29386",0.0983333333333333
"29387",0.095
"29388",0.0966666666666667
"29389",0.095
"29390",0.0966666666666667
"29391",0.0966666666666667
"29392",0.095
"29393",0.095
"29394",0.095
"29395",0.095
"29396",0.0966666666666667
"29397",0.095
"29398",0.0966666666666667
"29399",0.0966666666666667
"29400",0.0983333333333333
"29401",0.095
"29402",0.0983333333333333
"29403",0.0966666666666667
"29404",0.0983333333333333
"29405",0.0966666666666667
"29406",0.0983333333333333
"29407",0.0983333333333333
"29408",0.0966666666666667
"29409",0.0966666666666667
"29410",0.0966666666666667
"29411",0.0966666666666667
"29412",0.0983333333333333
"29413",0.0966666666666667
"29414",0.0983333333333333
"29415",0.0983333333333333
"29416",0.1
"29417",0.0966666666666667
"29418",0.1
"29419",0.095
"29420",0.0966666666666667
"29421",0.095
"29422",0.0966666666666667
"29423",0.0966666666666667
"29424",0.095
"29425",0.095
"29426",0.095
"29427",0.095
"29428",0.0966666666666667
"29429",0.095
"29430",0.0966666666666667
"29431",0.0966666666666667
"29432",0.0983333333333333
"29433",0.095
"29434",0.0983333333333333
"29435",0.095
"29436",0.0966666666666667
"29437",0.095
"29438",0.0966666666666667
"29439",0.0966666666666667
"29440",0.095
"29441",0.095
"29442",0.095
"29443",0.095
"29444",0.0966666666666667
"29445",0.095
"29446",0.0966666666666667
"29447",0.0966666666666667
"29448",0.0983333333333333
"29449",0.095
"29450",0.0983333333333333
"29451",0.095
"29452",0.0966666666666667
"29453",0.095
"29454",0.0966666666666667
"29455",0.0966666666666667
"29456",0.095
"29457",0.095
"29458",0.095
"29459",0.095
"29460",0.0966666666666667
"29461",0.095
"29462",0.0966666666666667
"29463",0.0966666666666667
"29464",0.0983333333333333
"29465",0.095
"29466",0.0983333333333333
"29467",0.095
"29468",0.0966666666666667
"29469",0.095
"29470",0.0966666666666667
"29471",0.0966666666666667
"29472",0.095
"29473",0.095
"29474",0.095
"29475",0.095
"29476",0.0966666666666667
"29477",0.095
"29478",0.0966666666666667
"29479",0.0966666666666667
"29480",0.0983333333333333
"29481",0.095
"29482",0.0983333333333333
"29483",0.095
"29484",0.0966666666666667
"29485",0.095
"29486",0.0966666666666667
"29487",0.0966666666666667
"29488",0.095
"29489",0.095
"29490",0.095
"29491",0.095
"29492",0.0966666666666667
"29493",0.095
"29494",0.0966666666666667
"29495",0.0966666666666667
"29496",0.0983333333333333
"29497",0.095
"29498",0.0983333333333333
"29499",0.0966666666666667
"29500",0.0983333333333333
"29501",0.0966666666666667
"29502",0.0983333333333333
"29503",0.0983333333333333
"29504",0.0966666666666667
"29505",0.0966666666666667
"29506",0.0966666666666667
"29507",0.0966666666666667
"29508",0.0983333333333333
"29509",0.0966666666666667
"29510",0.0983333333333333
"29511",0.0983333333333333
"29512",0.1
"29513",0.0966666666666667
"29514",0.1
"29515",0.0966666666666667
"29516",0.0983333333333333
"29517",0.0966666666666667
"29518",0.0983333333333333
"29519",0.0983333333333333
"29520",0.0966666666666667
"29521",0.0966666666666667
"29522",0.0966666666666667
"29523",0.0966666666666667
"29524",0.0983333333333333
"29525",0.0966666666666667
"29526",0.0983333333333333
"29527",0.0983333333333333
"29528",0.1
"29529",0.0966666666666667
"29530",0.1
"29531",0.095
"29532",0.0966666666666667
"29533",0.095
"29534",0.0966666666666667
"29535",0.0966666666666667
"29536",0.095
"29537",0.095
"29538",0.095
"29539",0.095
"29540",0.0966666666666667
"29541",0.095
"29542",0.0966666666666667
"29543",0.0966666666666667
"29544",0.0983333333333333
"29545",0.095
"29546",0.0983333333333333
"29547",0.095
"29548",0.0966666666666667
"29549",0.095
"29550",0.0966666666666667
"29551",0.0966666666666667
"29552",0.095
"29553",0.095
"29554",0.095
"29555",0.095
"29556",0.0966666666666667
"29557",0.095
"29558",0.0966666666666667
"29559",0.0966666666666667
"29560",0.0983333333333333
"29561",0.095
"29562",0.0983333333333333
"29563",0.095
"29564",0.0966666666666667
"29565",0.095
"29566",0.0966666666666667
"29567",0.0966666666666667
"29568",0.095
"29569",0.095
"29570",0.095
"29571",0.095
"29572",0.0966666666666667
"29573",0.095
"29574",0.0966666666666667
"29575",0.0966666666666667
"29576",0.0983333333333333
"29577",0.095
"29578",0.0983333333333333
"29579",0.095
"29580",0.0966666666666667
"29581",0.095
"29582",0.0966666666666667
"29583",0.0966666666666667
"29584",0.095
"29585",0.095
"29586",0.095
"29587",0.095
"29588",0.0966666666666667
"29589",0.095
"29590",0.0966666666666667
"29591",0.0966666666666667
"29592",0.0983333333333333
"29593",0.095
"29594",0.0983333333333333
"29595",0.095
"29596",0.0966666666666667
"29597",0.095
"29598",0.0966666666666667
"29599",0.0966666666666667
"29600",0.095
"29601",0.095
"29602",0.095
"29603",0.095
"29604",0.0966666666666667
"29605",0.095
"29606",0.0966666666666667
"29607",0.0966666666666667
"29608",0.0983333333333333
"29609",0.095
"29610",0.0983333333333333
"29611",0.0933333333333333
"29612",0.095
"29613",0.0933333333333333
"29614",0.095
"29615",0.095
"29616",0.0933333333333333
"29617",0.0933333333333333
"29618",0.0933333333333333
"29619",0.0933333333333333
"29620",0.095
"29621",0.0933333333333333
"29622",0.095
"29623",0.095
"29624",0.0966666666666667
"29625",0.0933333333333333
"29626",0.0966666666666667
"29627",0.0966666666666667
"29628",0.0983333333333333
"29629",0.0966666666666667
"29630",0.0983333333333333
"29631",0.0983333333333333
"29632",0.0966666666666667
"29633",0.0966666666666667
"29634",0.0966666666666667
"29635",0.0966666666666667
"29636",0.0983333333333333
"29637",0.0966666666666667
"29638",0.0983333333333333
"29639",0.0983333333333333
"29640",0.1
"29641",0.0966666666666667
"29642",0.1
"29643",0.0966666666666667
"29644",0.0983333333333333
"29645",0.0966666666666667
"29646",0.0983333333333333
"29647",0.0983333333333333
"29648",0.0966666666666667
"29649",0.0966666666666667
"29650",0.0966666666666667
"29651",0.0966666666666667
"29652",0.0983333333333333
"29653",0.0966666666666667
"29654",0.0983333333333333
"29655",0.0983333333333333
"29656",0.1
"29657",0.0966666666666667
"29658",0.1
"29659",0.0966666666666667
"29660",0.0983333333333333
"29661",0.0966666666666667
"29662",0.0983333333333333
"29663",0.0983333333333333
"29664",0.0966666666666667
"29665",0.0966666666666667
"29666",0.0966666666666667
"29667",0.0966666666666667
"29668",0.0983333333333333
"29669",0.0966666666666667
"29670",0.0983333333333333
"29671",0.0983333333333333
"29672",0.1
"29673",0.0966666666666667
"29674",0.1
"29675",0.095
"29676",0.0966666666666667
"29677",0.095
"29678",0.0966666666666667
"29679",0.0966666666666667
"29680",0.095
"29681",0.095
"29682",0.095
"29683",0.095
"29684",0.0966666666666667
"29685",0.095
"29686",0.0966666666666667
"29687",0.0966666666666667
"29688",0.0983333333333333
"29689",0.095
"29690",0.0983333333333333
"29691",0.095
"29692",0.0966666666666667
"29693",0.095
"29694",0.0966666666666667
"29695",0.0966666666666667
"29696",0.095
"29697",0.095
"29698",0.095
"29699",0.095
"29700",0.0966666666666667
"29701",0.095
"29702",0.0966666666666667
"29703",0.0966666666666667
"29704",0.0983333333333333
"29705",0.095
"29706",0.0983333333333333
"29707",0.095
"29708",0.0966666666666667
"29709",0.095
"29710",0.0966666666666667
"29711",0.0966666666666667
"29712",0.095
"29713",0.095
"29714",0.095
"29715",0.095
"29716",0.0966666666666667
"29717",0.095
"29718",0.0966666666666667
"29719",0.0966666666666667
"29720",0.0983333333333333
"29721",0.095
"29722",0.0983333333333333
"29723",0.095
"29724",0.0966666666666667
"29725",0.095
"29726",0.0966666666666667
"29727",0.0966666666666667
"29728",0.095
"29729",0.095
"29730",0.095
"29731",0.095
"29732",0.0966666666666667
"29733",0.095
"29734",0.0966666666666667
"29735",0.0966666666666667
"29736",0.0983333333333333
"29737",0.095
"29738",0.0983333333333333
"29739",0.0966666666666667
"29740",0.0983333333333333
"29741",0.0966666666666667
"29742",0.0983333333333333
"29743",0.0983333333333333
"29744",0.0966666666666667
"29745",0.0966666666666667
"29746",0.0966666666666667
"29747",0.0966666666666667
"29748",0.0983333333333333
"29749",0.0966666666666667
"29750",0.0983333333333333
"29751",0.0983333333333333
"29752",0.1
"29753",0.0966666666666667
"29754",0.1
"29755",0.095
"29756",0.0966666666666667
"29757",0.095
"29758",0.0966666666666667
"29759",0.0966666666666667
"29760",0.095
"29761",0.095
"29762",0.095
"29763",0.095
"29764",0.0966666666666667
"29765",0.095
"29766",0.0966666666666667
"29767",0.0966666666666667
"29768",0.0983333333333333
"29769",0.095
"29770",0.0983333333333333
"29771",0.095
"29772",0.0966666666666667
"29773",0.095
"29774",0.0966666666666667
"29775",0.0966666666666667
"29776",0.095
"29777",0.095
"29778",0.095
"29779",0.095
"29780",0.0966666666666667
"29781",0.095
"29782",0.0966666666666667
"29783",0.0966666666666667
"29784",0.0983333333333333
"29785",0.095
"29786",0.0983333333333333
"29787",0.095
"29788",0.0966666666666667
"29789",0.095
"29790",0.0966666666666667
"29791",0.0966666666666667
"29792",0.095
"29793",0.095
"29794",0.095
"29795",0.095
"29796",0.0966666666666667
"29797",0.095
"29798",0.0966666666666667
"29799",0.0966666666666667
"29800",0.0983333333333333
"29801",0.095
"29802",0.0983333333333333
"29803",0.095
"29804",0.0966666666666667
"29805",0.095
"29806",0.0966666666666667
"29807",0.0966666666666667
"29808",0.095
"29809",0.095
"29810",0.095
"29811",0.095
"29812",0.0966666666666667
"29813",0.095
"29814",0.0966666666666667
"29815",0.0966666666666667
"29816",0.0983333333333333
"29817",0.095
"29818",0.0983333333333333
"29819",0.095
"29820",0.0966666666666667
"29821",0.095
"29822",0.0966666666666667
"29823",0.0966666666666667
"29824",0.095
"29825",0.095
"29826",0.095
"29827",0.095
"29828",0.0966666666666667
"29829",0.095
"29830",0.0966666666666667
"29831",0.0966666666666667
"29832",0.0983333333333333
"29833",0.095
"29834",0.0983333333333333
"29835",0.095
"29836",0.0966666666666667
"29837",0.095
"29838",0.0966666666666667
"29839",0.0966666666666667
"29840",0.095
"29841",0.095
"29842",0.095
"29843",0.095
"29844",0.0966666666666667
"29845",0.095
"29846",0.0966666666666667
"29847",0.0966666666666667
"29848",0.0983333333333333
"29849",0.095
"29850",0.0983333333333333
"29851",0.095
"29852",0.0966666666666667
"29853",0.095
"29854",0.0966666666666667
"29855",0.0966666666666667
"29856",0.095
"29857",0.095
"29858",0.095
"29859",0.095
"29860",0.0966666666666667
"29861",0.095
"29862",0.0966666666666667
"29863",0.0966666666666667
"29864",0.0983333333333333
"29865",0.095
"29866",0.0983333333333333
"29867",0.095
"29868",0.0966666666666667
"29869",0.095
"29870",0.0966666666666667
"29871",0.0966666666666667
"29872",0.095
"29873",0.095
"29874",0.095
"29875",0.095
"29876",0.0966666666666667
"29877",0.095
"29878",0.0966666666666667
"29879",0.0966666666666667
"29880",0.0983333333333333
"29881",0.095
"29882",0.0983333333333333
"29883",0.0966666666666667
"29884",0.0983333333333333
"29885",0.0966666666666667
"29886",0.0983333333333333
"29887",0.0983333333333333
"29888",0.0966666666666667
"29889",0.0966666666666667
"29890",0.0966666666666667
"29891",0.0966666666666667
"29892",0.0983333333333333
"29893",0.0966666666666667
"29894",0.0983333333333333
"29895",0.0983333333333333
"29896",0.1
"29897",0.0966666666666667
"29898",0.1
"29899",0.0966666666666667
"29900",0.0983333333333333
"29901",0.0966666666666667
"29902",0.0983333333333333
"29903",0.0983333333333333
"29904",0.0966666666666667
"29905",0.0966666666666667
"29906",0.0966666666666667
"29907",0.0966666666666667
"29908",0.0983333333333333
"29909",0.0966666666666667
"29910",0.0983333333333333
"29911",0.0983333333333333
"29912",0.1
"29913",0.0966666666666667
"29914",0.1
"29915",0.095
"29916",0.0966666666666667
"29917",0.095
"29918",0.0966666666666667
"29919",0.0966666666666667
"29920",0.095
"29921",0.095
"29922",0.095
"29923",0.095
"29924",0.0966666666666667
"29925",0.095
"29926",0.0966666666666667
"29927",0.0966666666666667
"29928",0.0983333333333333
"29929",0.095
"29930",0.0983333333333333
"29931",0.095
"29932",0.0966666666666667
"29933",0.095
"29934",0.0966666666666667
"29935",0.0966666666666667
"29936",0.095
"29937",0.095
"29938",0.095
"29939",0.095
"29940",0.0966666666666667
"29941",0.095
"29942",0.0966666666666667
"29943",0.0966666666666667
"29944",0.0983333333333333
"29945",0.095
"29946",0.0983333333333333
"29947",0.095
"29948",0.0966666666666667
"29949",0.095
"29950",0.0966666666666667
"29951",0.0966666666666667
"29952",0.095
"29953",0.095
"29954",0.095
"29955",0.095
"29956",0.0966666666666667
"29957",0.095
"29958",0.0966666666666667
"29959",0.0966666666666667
"29960",0.0983333333333333
"29961",0.095
"29962",0.0983333333333333
"29963",0.095
"29964",0.0966666666666667
"29965",0.095
"29966",0.0966666666666667
"29967",0.0966666666666667
"29968",0.095
"29969",0.095
"29970",0.095
"29971",0.095
"29972",0.0966666666666667
"29973",0.095
"29974",0.0966666666666667
"29975",0.0966666666666667
"29976",0.0983333333333333
"29977",0.095
"29978",0.0983333333333333
"29979",0.095
"29980",0.0966666666666667
"29981",0.095
"29982",0.0966666666666667
"29983",0.0966666666666667
"29984",0.095
"29985",0.095
"29986",0.095
"29987",0.095
"29988",0.0966666666666667
"29989",0.095
"29990",0.0966666666666667
"29991",0.0966666666666667
"29992",0.0983333333333333
"29993",0.095
"29994",0.0983333333333333
"29995",0.095
"29996",0.0966666666666667
"29997",0.095
"29998",0.0966666666666667
"29999",0.0966666666666667
"30000",0.095
"30001",0.095
"30002",0.095
"30003",0.095
"30004",0.0966666666666667
"30005",0.095
"30006",0.0966666666666667
"30007",0.0966666666666667
"30008",0.0983333333333333
"30009",0.095
"30010",0.0983333333333333
"30011",0.095
"30012",0.0966666666666667
"30013",0.095
"30014",0.0966666666666667
"30015",0.0966666666666667
"30016",0.095
"30017",0.095
"30018",0.095
"30019",0.095
"30020",0.0966666666666667
"30021",0.095
"30022",0.0966666666666667
"30023",0.0966666666666667
"30024",0.0983333333333333
"30025",0.095
"30026",0.0983333333333333
"30027",0.095
"30028",0.0966666666666667
"30029",0.095
"30030",0.0966666666666667
"30031",0.0966666666666667
"30032",0.095
"30033",0.095
"30034",0.095
"30035",0.095
"30036",0.0966666666666667
"30037",0.095
"30038",0.0966666666666667
"30039",0.0966666666666667
"30040",0.0983333333333333
"30041",0.095
"30042",0.0983333333333333
"30043",0.095
"30044",0.0966666666666667
"30045",0.095
"30046",0.0966666666666667
"30047",0.0966666666666667
"30048",0.095
"30049",0.095
"30050",0.095
"30051",0.095
"30052",0.0966666666666667
"30053",0.095
"30054",0.0966666666666667
"30055",0.0966666666666667
"30056",0.0983333333333333
"30057",0.095
"30058",0.0983333333333333
"30059",0.095
"30060",0.0966666666666667
"30061",0.095
"30062",0.0966666666666667
"30063",0.0966666666666667
"30064",0.095
"30065",0.095
"30066",0.095
"30067",0.095
"30068",0.0966666666666667
"30069",0.095
"30070",0.0966666666666667
"30071",0.0966666666666667
"30072",0.0983333333333333
"30073",0.095
"30074",0.0983333333333333
"30075",0.095
"30076",0.0966666666666667
"30077",0.095
"30078",0.0966666666666667
"30079",0.0966666666666667
"30080",0.095
"30081",0.095
"30082",0.095
"30083",0.095
"30084",0.0966666666666667
"30085",0.095
"30086",0.0966666666666667
"30087",0.0966666666666667
"30088",0.0983333333333333
"30089",0.095
"30090",0.0983333333333333
"30091",0.095
"30092",0.0966666666666667
"30093",0.095
"30094",0.0966666666666667
"30095",0.0966666666666667
"30096",0.095
"30097",0.095
"30098",0.095
"30099",0.095
"30100",0.0966666666666667
"30101",0.095
"30102",0.0966666666666667
"30103",0.0966666666666667
"30104",0.0983333333333333
"30105",0.095
"30106",0.0983333333333333
"30107",0.095
"30108",0.0966666666666667
"30109",0.095
"30110",0.0966666666666667
"30111",0.0966666666666667
"30112",0.095
"30113",0.095
"30114",0.095
"30115",0.095
"30116",0.0966666666666667
"30117",0.095
"30118",0.0966666666666667
"30119",0.0966666666666667
"30120",0.0983333333333333
"30121",0.095
"30122",0.0983333333333333
"30123",0.095
"30124",0.0966666666666667
"30125",0.095
"30126",0.0966666666666667
"30127",0.0966666666666667
"30128",0.095
"30129",0.095
"30130",0.095
"30131",0.095
"30132",0.0966666666666667
"30133",0.095
"30134",0.0966666666666667
"30135",0.0966666666666667
"30136",0.0983333333333333
"30137",0.095
"30138",0.0983333333333333
"30139",0.0966666666666667
"30140",0.0983333333333333
"30141",0.0966666666666667
"30142",0.0983333333333333
"30143",0.0983333333333333
"30144",0.0966666666666667
"30145",0.0966666666666667
"30146",0.0966666666666667
"30147",0.0966666666666667
"30148",0.0983333333333333
"30149",0.0966666666666667
"30150",0.0983333333333333
"30151",0.0983333333333333
"30152",0.1
"30153",0.0966666666666667
"30154",0.1
"30155",0.0966666666666667
"30156",0.0983333333333333
"30157",0.0966666666666667
"30158",0.0983333333333333
"30159",0.0983333333333333
"30160",0.0966666666666667
"30161",0.0966666666666667
"30162",0.0966666666666667
"30163",0.0966666666666667
"30164",0.0983333333333333
"30165",0.0966666666666667
"30166",0.0983333333333333
"30167",0.0983333333333333
"30168",0.1
"30169",0.0966666666666667
"30170",0.1
"30171",0.095
"30172",0.0966666666666667
"30173",0.095
"30174",0.0966666666666667
"30175",0.0966666666666667
"30176",0.095
"30177",0.095
"30178",0.095
"30179",0.095
"30180",0.0966666666666667
"30181",0.095
"30182",0.0966666666666667
"30183",0.0966666666666667
"30184",0.0983333333333333
"30185",0.095
"30186",0.0983333333333333
"30187",0.095
"30188",0.0966666666666667
"30189",0.095
"30190",0.0966666666666667
"30191",0.0966666666666667
"30192",0.095
"30193",0.095
"30194",0.095
"30195",0.095
"30196",0.0966666666666667
"30197",0.095
"30198",0.0966666666666667
"30199",0.0966666666666667
"30200",0.0983333333333333
"30201",0.095
"30202",0.0983333333333333
"30203",0.095
"30204",0.0966666666666667
"30205",0.095
"30206",0.0966666666666667
"30207",0.0966666666666667
"30208",0.095
"30209",0.095
"30210",0.095
"30211",0.095
"30212",0.0966666666666667
"30213",0.095
"30214",0.0966666666666667
"30215",0.0966666666666667
"30216",0.0983333333333333
"30217",0.095
"30218",0.0983333333333333
"30219",0.095
"30220",0.0966666666666667
"30221",0.095
"30222",0.0966666666666667
"30223",0.0966666666666667
"30224",0.095
"30225",0.095
"30226",0.095
"30227",0.095
"30228",0.0966666666666667
"30229",0.095
"30230",0.0966666666666667
"30231",0.0966666666666667
"30232",0.0983333333333333
"30233",0.095
"30234",0.0983333333333333
"30235",0.095
"30236",0.0966666666666667
"30237",0.095
"30238",0.0966666666666667
"30239",0.0966666666666667
"30240",0.095
"30241",0.095
"30242",0.095
"30243",0.095
"30244",0.0966666666666667
"30245",0.095
"30246",0.0966666666666667
"30247",0.0966666666666667
"30248",0.0983333333333333
"30249",0.095
"30250",0.0983333333333333
"30251",0.095
"30252",0.0966666666666667
"30253",0.095
"30254",0.0966666666666667
"30255",0.0966666666666667
"30256",0.095
"30257",0.095
"30258",0.095
"30259",0.095
"30260",0.0966666666666667
"30261",0.095
"30262",0.0966666666666667
"30263",0.0966666666666667
"30264",0.0983333333333333
"30265",0.095
"30266",0.0983333333333333
"30267",0.0966666666666667
"30268",0.0983333333333333
"30269",0.0966666666666667
"30270",0.0983333333333333
"30271",0.0983333333333333
"30272",0.0966666666666667
"30273",0.0966666666666667
"30274",0.0966666666666667
"30275",0.0966666666666667
"30276",0.0983333333333333
"30277",0.0966666666666667
"30278",0.0983333333333333
"30279",0.0983333333333333
"30280",0.1
"30281",0.0966666666666667
"30282",0.1
"30283",0.0966666666666667
"30284",0.0983333333333333
"30285",0.0966666666666667
"30286",0.0983333333333333
"30287",0.0983333333333333
"30288",0.0966666666666667
"30289",0.0966666666666667
"30290",0.0966666666666667
"30291",0.0966666666666667
"30292",0.0983333333333333
"30293",0.0966666666666667
"30294",0.0983333333333333
"30295",0.0983333333333333
"30296",0.1
"30297",0.0966666666666667
"30298",0.1
"30299",0.0966666666666667
"30300",0.0983333333333333
"30301",0.0966666666666667
"30302",0.0983333333333333
"30303",0.0983333333333333
"30304",0.0966666666666667
"30305",0.0966666666666667
"30306",0.0966666666666667
"30307",0.0966666666666667
"30308",0.0983333333333333
"30309",0.0966666666666667
"30310",0.0983333333333333
"30311",0.0983333333333333
"30312",0.1
"30313",0.0966666666666667
"30314",0.1
"30315",0.0966666666666667
"30316",0.0983333333333333
"30317",0.0966666666666667
"30318",0.0983333333333333
"30319",0.0983333333333333
"30320",0.0966666666666667
"30321",0.0966666666666667
"30322",0.0966666666666667
"30323",0.0966666666666667
"30324",0.0983333333333333
"30325",0.0966666666666667
"30326",0.0983333333333333
"30327",0.0983333333333333
"30328",0.1
"30329",0.0966666666666667
"30330",0.1
"30331",0.0966666666666667
"30332",0.0983333333333333
"30333",0.0966666666666667
"30334",0.0983333333333333
"30335",0.0983333333333333
"30336",0.0966666666666667
"30337",0.0966666666666667
"30338",0.0966666666666667
"30339",0.0966666666666667
"30340",0.0983333333333333
"30341",0.0966666666666667
"30342",0.0983333333333333
"30343",0.0983333333333333
"30344",0.1
"30345",0.0966666666666667
"30346",0.1
"30347",0.095
"30348",0.0966666666666667
"30349",0.095
"30350",0.0966666666666667
"30351",0.0966666666666667
"30352",0.095
"30353",0.095
"30354",0.095
"30355",0.095
"30356",0.0966666666666667
"30357",0.095
"30358",0.0966666666666667
"30359",0.0966666666666667
"30360",0.0983333333333333
"30361",0.095
"30362",0.0983333333333333
"30363",0.095
"30364",0.0966666666666667
"30365",0.095
"30366",0.0966666666666667
"30367",0.0966666666666667
"30368",0.095
"30369",0.095
"30370",0.095
"30371",0.095
"30372",0.0966666666666667
"30373",0.095
"30374",0.0966666666666667
"30375",0.0966666666666667
"30376",0.0983333333333333
"30377",0.095
"30378",0.0983333333333333
"30379",0.095
"30380",0.0966666666666667
"30381",0.095
"30382",0.0966666666666667
"30383",0.0966666666666667
"30384",0.095
"30385",0.095
"30386",0.095
"30387",0.095
"30388",0.0966666666666667
"30389",0.095
"30390",0.0966666666666667
"30391",0.0966666666666667
"30392",0.0983333333333333
"30393",0.095
"30394",0.0983333333333333
"30395",0.095
"30396",0.0966666666666667
"30397",0.095
"30398",0.0966666666666667
"30399",0.0966666666666667
"30400",0.095
"30401",0.095
"30402",0.095
"30403",0.095
"30404",0.0966666666666667
"30405",0.095
"30406",0.0966666666666667
"30407",0.0966666666666667
"30408",0.0983333333333333
"30409",0.095
"30410",0.0983333333333333
"30411",0.0966666666666667
"30412",0.0983333333333333
"30413",0.0966666666666667
"30414",0.0983333333333333
"30415",0.0983333333333333
"30416",0.0966666666666667
"30417",0.0966666666666667
"30418",0.0966666666666667
"30419",0.0966666666666667
"30420",0.0983333333333333
"30421",0.0966666666666667
"30422",0.0983333333333333
"30423",0.0983333333333333
"30424",0.1
"30425",0.0966666666666667
"30426",0.1
"30427",0.095
"30428",0.0966666666666667
"30429",0.095
"30430",0.0966666666666667
"30431",0.0966666666666667
"30432",0.095
"30433",0.095
"30434",0.095
"30435",0.095
"30436",0.0966666666666667
"30437",0.095
"30438",0.0966666666666667
"30439",0.0966666666666667
"30440",0.0983333333333333
"30441",0.095
"30442",0.0983333333333333
"30443",0.095
"30444",0.0966666666666667
"30445",0.095
"30446",0.0966666666666667
"30447",0.0966666666666667
"30448",0.095
"30449",0.095
"30450",0.095
"30451",0.095
"30452",0.0966666666666667
"30453",0.095
"30454",0.0966666666666667
"30455",0.0966666666666667
"30456",0.0983333333333333
"30457",0.095
"30458",0.0983333333333333
"30459",0.095
"30460",0.0966666666666667
"30461",0.095
"30462",0.0966666666666667
"30463",0.0966666666666667
"30464",0.095
"30465",0.095
"30466",0.095
"30467",0.095
"30468",0.0966666666666667
"30469",0.095
"30470",0.0966666666666667
"30471",0.0966666666666667
"30472",0.0983333333333333
"30473",0.095
"30474",0.0983333333333333
"30475",0.095
"30476",0.0966666666666667
"30477",0.095
"30478",0.0966666666666667
"30479",0.0966666666666667
"30480",0.095
"30481",0.095
"30482",0.095
"30483",0.095
"30484",0.0966666666666667
"30485",0.095
"30486",0.0966666666666667
"30487",0.0966666666666667
"30488",0.0983333333333333
"30489",0.095
"30490",0.0983333333333333
"30491",0.095
"30492",0.0966666666666667
"30493",0.095
"30494",0.0966666666666667
"30495",0.0966666666666667
"30496",0.095
"30497",0.095
"30498",0.095
"30499",0.095
"30500",0.0966666666666667
"30501",0.095
"30502",0.0966666666666667
"30503",0.0966666666666667
"30504",0.0983333333333333
"30505",0.095
"30506",0.0983333333333333
"30507",0.095
"30508",0.0966666666666667
"30509",0.095
"30510",0.0966666666666667
"30511",0.0966666666666667
"30512",0.095
"30513",0.095
"30514",0.095
"30515",0.095
"30516",0.0966666666666667
"30517",0.095
"30518",0.0966666666666667
"30519",0.0966666666666667
"30520",0.0983333333333333
"30521",0.095
"30522",0.0983333333333333
"30523",0.0966666666666667
"30524",0.0983333333333333
"30525",0.0966666666666667
"30526",0.0983333333333333
"30527",0.0983333333333333
"30528",0.0966666666666667
"30529",0.0966666666666667
"30530",0.0966666666666667
"30531",0.0966666666666667
"30532",0.0983333333333333
"30533",0.0966666666666667
"30534",0.0983333333333333
"30535",0.0983333333333333
"30536",0.1
"30537",0.0966666666666667
"30538",0.1
"30539",0.095
"30540",0.0966666666666667
"30541",0.095
"30542",0.0966666666666667
"30543",0.0966666666666667
"30544",0.095
"30545",0.095
"30546",0.095
"30547",0.095
"30548",0.0966666666666667
"30549",0.095
"30550",0.0966666666666667
"30551",0.0966666666666667
"30552",0.0983333333333333
"30553",0.095
"30554",0.0983333333333333
"30555",0.095
"30556",0.0966666666666667
"30557",0.095
"30558",0.0966666666666667
"30559",0.0966666666666667
"30560",0.095
"30561",0.095
"30562",0.095
"30563",0.095
"30564",0.0966666666666667
"30565",0.095
"30566",0.0966666666666667
"30567",0.0966666666666667
"30568",0.0983333333333333
"30569",0.095
"30570",0.0983333333333333
"30571",0.095
"30572",0.0966666666666667
"30573",0.095
"30574",0.0966666666666667
"30575",0.0966666666666667
"30576",0.095
"30577",0.095
"30578",0.095
"30579",0.095
"30580",0.0966666666666667
"30581",0.095
"30582",0.0966666666666667
"30583",0.0966666666666667
"30584",0.0983333333333333
"30585",0.095
"30586",0.0983333333333333
"30587",0.0966666666666667
"30588",0.0983333333333333
"30589",0.0966666666666667
"30590",0.0983333333333333
"30591",0.0983333333333333
"30592",0.0966666666666667
"30593",0.0966666666666667
"30594",0.0966666666666667
"30595",0.0966666666666667
"30596",0.0983333333333333
"30597",0.0966666666666667
"30598",0.0983333333333333
"30599",0.0983333333333333
"30600",0.1
"30601",0.0966666666666667
"30602",0.1
"30603",0.0966666666666667
"30604",0.0983333333333333
"30605",0.0966666666666667
"30606",0.0983333333333333
"30607",0.0983333333333333
"30608",0.0966666666666667
"30609",0.0966666666666667
"30610",0.0966666666666667
"30611",0.0966666666666667
"30612",0.0983333333333333
"30613",0.0966666666666667
"30614",0.0983333333333333
"30615",0.0983333333333333
"30616",0.1
"30617",0.0966666666666667
"30618",0.1
"30619",0.095
"30620",0.0966666666666667
"30621",0.095
"30622",0.0966666666666667
"30623",0.0966666666666667
"30624",0.095
"30625",0.095
"30626",0.095
"30627",0.095
"30628",0.0966666666666667
"30629",0.095
"30630",0.0966666666666667
"30631",0.0966666666666667
"30632",0.0983333333333333
"30633",0.095
"30634",0.0983333333333333
"30635",0.095
"30636",0.0966666666666667
"30637",0.095
"30638",0.0966666666666667
"30639",0.0966666666666667
"30640",0.095
"30641",0.095
"30642",0.095
"30643",0.095
"30644",0.0966666666666667
"30645",0.095
"30646",0.0966666666666667
"30647",0.0966666666666667
"30648",0.0983333333333333
"30649",0.095
"30650",0.0983333333333333
"30651",0.095
"30652",0.0966666666666667
"30653",0.095
"30654",0.0966666666666667
"30655",0.0966666666666667
"30656",0.095
"30657",0.095
"30658",0.095
"30659",0.095
"30660",0.0966666666666667
"30661",0.095
"30662",0.0966666666666667
"30663",0.0966666666666667
"30664",0.0983333333333333
"30665",0.095
"30666",0.0983333333333333
"30667",0.095
"30668",0.0966666666666667
"30669",0.095
"30670",0.0966666666666667
"30671",0.0966666666666667
"30672",0.095
"30673",0.095
"30674",0.095
"30675",0.095
"30676",0.0966666666666667
"30677",0.095
"30678",0.0966666666666667
"30679",0.0966666666666667
"30680",0.0983333333333333
"30681",0.095
"30682",0.0983333333333333
"30683",0.095
"30684",0.0966666666666667
"30685",0.095
"30686",0.0966666666666667
"30687",0.0966666666666667
"30688",0.095
"30689",0.095
"30690",0.095
"30691",0.095
"30692",0.0966666666666667
"30693",0.095
"30694",0.0966666666666667
"30695",0.0966666666666667
"30696",0.0983333333333333
"30697",0.095
"30698",0.0983333333333333
"30699",0.095
"30700",0.0966666666666667
"30701",0.095
"30702",0.0966666666666667
"30703",0.0966666666666667
"30704",0.095
"30705",0.095
"30706",0.095
"30707",0.095
"30708",0.0966666666666667
"30709",0.095
"30710",0.0966666666666667
"30711",0.0966666666666667
"30712",0.0983333333333333
"30713",0.095
"30714",0.0983333333333333
"30715",0.0966666666666667
"30716",0.0983333333333333
"30717",0.0966666666666667
"30718",0.0983333333333333
"30719",0.0983333333333333
"30720",0.0966666666666667
"30721",0.0966666666666667
"30722",0.0966666666666667
"30723",0.0966666666666667
"30724",0.0983333333333333
"30725",0.0966666666666667
"30726",0.0983333333333333
"30727",0.0983333333333333
"30728",0.1
"30729",0.0966666666666667
"30730",0.1
"30731",0.095
"30732",0.0966666666666667
"30733",0.095
"30734",0.0966666666666667
"30735",0.0966666666666667
"30736",0.095
"30737",0.095
"30738",0.095
"30739",0.095
"30740",0.0966666666666667
"30741",0.095
"30742",0.0966666666666667
"30743",0.0966666666666667
"30744",0.0983333333333333
"30745",0.095
"30746",0.0983333333333333
"30747",0.095
"30748",0.0966666666666667
"30749",0.095
"30750",0.0966666666666667
"30751",0.0966666666666667
"30752",0.095
"30753",0.095
"30754",0.095
"30755",0.095
"30756",0.0966666666666667
"30757",0.095
"30758",0.0966666666666667
"30759",0.0966666666666667
"30760",0.0983333333333333
"30761",0.095
"30762",0.0983333333333333
"30763",0.0933333333333333
"30764",0.095
"30765",0.0933333333333333
"30766",0.095
"30767",0.095
"30768",0.0933333333333333
"30769",0.0933333333333333
"30770",0.0933333333333333
"30771",0.0933333333333333
"30772",0.095
"30773",0.0933333333333333
"30774",0.095
"30775",0.095
"30776",0.0966666666666667
"30777",0.0933333333333333
"30778",0.0966666666666667
"30779",0.095
"30780",0.0966666666666667
"30781",0.095
"30782",0.0966666666666667
"30783",0.0966666666666667
"30784",0.095
"30785",0.095
"30786",0.095
"30787",0.095
"30788",0.0966666666666667
"30789",0.095
"30790",0.0966666666666667
"30791",0.0966666666666667
"30792",0.0983333333333333
"30793",0.095
"30794",0.0983333333333333
"30795",0.0966666666666667
"30796",0.0983333333333333
"30797",0.0966666666666667
"30798",0.0983333333333333
"30799",0.0983333333333333
"30800",0.0966666666666667
"30801",0.0966666666666667
"30802",0.0966666666666667
"30803",0.0966666666666667
"30804",0.0983333333333333
"30805",0.0966666666666667
"30806",0.0983333333333333
"30807",0.0983333333333333
"30808",0.1
"30809",0.0966666666666667
"30810",0.1
"30811",0.095
"30812",0.0966666666666667
"30813",0.095
"30814",0.0966666666666667
"30815",0.0966666666666667
"30816",0.095
"30817",0.095
"30818",0.095
"30819",0.095
"30820",0.0966666666666667
"30821",0.095
"30822",0.0966666666666667
"30823",0.0966666666666667
"30824",0.0983333333333333
"30825",0.095
"30826",0.0983333333333333
"30827",0.0966666666666667
"30828",0.0983333333333333
"30829",0.0966666666666667
"30830",0.0983333333333333
"30831",0.0983333333333333
"30832",0.0966666666666667
"30833",0.0966666666666667
"30834",0.0966666666666667
"30835",0.0966666666666667
"30836",0.0983333333333333
"30837",0.0966666666666667
"30838",0.0983333333333333
"30839",0.0983333333333333
"30840",0.1
"30841",0.0966666666666667
"30842",0.1
"30843",0.095
"30844",0.0966666666666667
"30845",0.095
"30846",0.0966666666666667
"30847",0.0966666666666667
"30848",0.095
"30849",0.095
"30850",0.095
"30851",0.095
"30852",0.0966666666666667
"30853",0.095
"30854",0.0966666666666667
"30855",0.0966666666666667
"30856",0.0983333333333333
"30857",0.095
"30858",0.0983333333333333
"30859",0.0966666666666667
"30860",0.0983333333333333
"30861",0.0966666666666667
"30862",0.0983333333333333
"30863",0.0983333333333333
"30864",0.0966666666666667
"30865",0.0966666666666667
"30866",0.0966666666666667
"30867",0.0966666666666667
"30868",0.0983333333333333
"30869",0.0966666666666667
"30870",0.0983333333333333
"30871",0.0983333333333333
"30872",0.1
"30873",0.0966666666666667
"30874",0.1
"30875",0.095
"30876",0.0966666666666667
"30877",0.095
"30878",0.0966666666666667
"30879",0.0966666666666667
"30880",0.095
"30881",0.095
"30882",0.095
"30883",0.095
"30884",0.0966666666666667
"30885",0.095
"30886",0.0966666666666667
"30887",0.0966666666666667
"30888",0.0983333333333333
"30889",0.095
"30890",0.0983333333333333
"30891",0.095
"30892",0.0966666666666667
"30893",0.095
"30894",0.0966666666666667
"30895",0.0966666666666667
"30896",0.095
"30897",0.095
"30898",0.095
"30899",0.095
"30900",0.0966666666666667
"30901",0.095
"30902",0.0966666666666667
"30903",0.0966666666666667
"30904",0.0983333333333333
"30905",0.095
"30906",0.0983333333333333
"30907",0.095
"30908",0.0966666666666667
"30909",0.095
"30910",0.0966666666666667
"30911",0.0966666666666667
"30912",0.095
"30913",0.095
"30914",0.095
"30915",0.095
"30916",0.0966666666666667
"30917",0.095
"30918",0.0966666666666667
"30919",0.0966666666666667
"30920",0.0983333333333333
"30921",0.095
"30922",0.0983333333333333
"30923",0.0966666666666667
"30924",0.0983333333333333
"30925",0.0966666666666667
"30926",0.0983333333333333
"30927",0.0983333333333333
"30928",0.0966666666666667
"30929",0.0966666666666667
"30930",0.0966666666666667
"30931",0.0966666666666667
"30932",0.0983333333333333
"30933",0.0966666666666667
"30934",0.0983333333333333
"30935",0.0983333333333333
"30936",0.1
"30937",0.0966666666666667
"30938",0.1
"30939",0.095
"30940",0.0966666666666667
"30941",0.095
"30942",0.0966666666666667
"30943",0.0966666666666667
"30944",0.095
"30945",0.095
"30946",0.095
"30947",0.095
"30948",0.0966666666666667
"30949",0.095
"30950",0.0966666666666667
"30951",0.0966666666666667
"30952",0.0983333333333333
"30953",0.095
"30954",0.0983333333333333
"30955",0.0966666666666667
"30956",0.0983333333333333
"30957",0.0966666666666667
"30958",0.0983333333333333
"30959",0.0983333333333333
"30960",0.0966666666666667
"30961",0.0966666666666667
"30962",0.0966666666666667
"30963",0.0966666666666667
"30964",0.0983333333333333
"30965",0.0966666666666667
"30966",0.0983333333333333
"30967",0.0983333333333333
"30968",0.1
"30969",0.0966666666666667
"30970",0.1
"30971",0.0966666666666667
"30972",0.0983333333333333
"30973",0.0966666666666667
"30974",0.0983333333333333
"30975",0.0983333333333333
"30976",0.0966666666666667
"30977",0.0966666666666667
"30978",0.0966666666666667
"30979",0.0966666666666667
"30980",0.0983333333333333
"30981",0.0966666666666667
"30982",0.0983333333333333
"30983",0.0983333333333333
"30984",0.1
"30985",0.0966666666666667
"30986",0.1
"30987",0.095
"30988",0.0966666666666667
"30989",0.095
"30990",0.0966666666666667
"30991",0.0966666666666667
"30992",0.095
"30993",0.095
"30994",0.095
"30995",0.095
"30996",0.0966666666666667
"30997",0.095
"30998",0.0966666666666667
"30999",0.0966666666666667
"31000",0.0983333333333333
"31001",0.095
"31002",0.0983333333333333
"31003",0.0966666666666667
"31004",0.0983333333333333
"31005",0.0966666666666667
"31006",0.0983333333333333
"31007",0.0983333333333333
"31008",0.0966666666666667
"31009",0.0966666666666667
"31010",0.0966666666666667
"31011",0.0966666666666667
"31012",0.0983333333333333
"31013",0.0966666666666667
"31014",0.0983333333333333
"31015",0.0983333333333333
"31016",0.1
"31017",0.0966666666666667
"31018",0.1
"31019",0.0966666666666667
"31020",0.0983333333333333
"31021",0.0966666666666667
"31022",0.0983333333333333
"31023",0.0983333333333333
"31024",0.0966666666666667
"31025",0.0966666666666667
"31026",0.0966666666666667
"31027",0.0966666666666667
"31028",0.0983333333333333
"31029",0.0966666666666667
"31030",0.0983333333333333
"31031",0.0983333333333333
"31032",0.1
"31033",0.0966666666666667
"31034",0.1
"31035",0.095
"31036",0.0966666666666667
"31037",0.095
"31038",0.0966666666666667
"31039",0.0966666666666667
"31040",0.095
"31041",0.095
"31042",0.095
"31043",0.095
"31044",0.0966666666666667
"31045",0.095
"31046",0.0966666666666667
"31047",0.0966666666666667
"31048",0.0983333333333333
"31049",0.095
"31050",0.0983333333333333
"31051",0.095
"31052",0.0966666666666667
"31053",0.095
"31054",0.0966666666666667
"31055",0.0966666666666667
"31056",0.095
"31057",0.095
"31058",0.095
"31059",0.095
"31060",0.0966666666666667
"31061",0.095
"31062",0.0966666666666667
"31063",0.0966666666666667
"31064",0.0983333333333333
"31065",0.095
"31066",0.0983333333333333
"31067",0.0966666666666667
"31068",0.0983333333333333
"31069",0.0966666666666667
"31070",0.0983333333333333
"31071",0.0983333333333333
"31072",0.0966666666666667
"31073",0.0966666666666667
"31074",0.0966666666666667
"31075",0.0966666666666667
"31076",0.0983333333333333
"31077",0.0966666666666667
"31078",0.0983333333333333
"31079",0.0983333333333333
"31080",0.1
"31081",0.0966666666666667
"31082",0.1
"31083",0.0966666666666667
"31084",0.0983333333333333
"31085",0.0966666666666667
"31086",0.0983333333333333
"31087",0.0983333333333333
"31088",0.0966666666666667
"31089",0.0966666666666667
"31090",0.0966666666666667
"31091",0.0966666666666667
"31092",0.0983333333333333
"31093",0.0966666666666667
"31094",0.0983333333333333
"31095",0.0983333333333333
"31096",0.1
"31097",0.0966666666666667
"31098",0.1
"31099",0.0966666666666667
"31100",0.0983333333333333
"31101",0.0966666666666667
"31102",0.0983333333333333
"31103",0.0983333333333333
"31104",0.0966666666666667
"31105",0.0966666666666667
"31106",0.0966666666666667
"31107",0.0966666666666667
"31108",0.0983333333333333
"31109",0.0966666666666667
"31110",0.0983333333333333
"31111",0.0983333333333333
"31112",0.1
"31113",0.0966666666666667
"31114",0.1
"31115",0.0966666666666667
"31116",0.0983333333333333
"31117",0.0966666666666667
"31118",0.0983333333333333
"31119",0.0983333333333333
"31120",0.0966666666666667
"31121",0.0966666666666667
"31122",0.0966666666666667
"31123",0.0966666666666667
"31124",0.0983333333333333
"31125",0.0966666666666667
"31126",0.0983333333333333
"31127",0.0983333333333333
"31128",0.1
"31129",0.0966666666666667
"31130",0.1
"31131",0.095
"31132",0.0966666666666667
"31133",0.095
"31134",0.0966666666666667
"31135",0.0966666666666667
"31136",0.095
"31137",0.095
"31138",0.095
"31139",0.095
"31140",0.0966666666666667
"31141",0.095
"31142",0.0966666666666667
"31143",0.0966666666666667
"31144",0.0983333333333333
"31145",0.095
"31146",0.0983333333333333
"31147",0.095
"31148",0.0966666666666667
"31149",0.095
"31150",0.0966666666666667
"31151",0.0966666666666667
"31152",0.095
"31153",0.095
"31154",0.095
"31155",0.095
"31156",0.0966666666666667
"31157",0.095
"31158",0.0966666666666667
"31159",0.0966666666666667
"31160",0.0983333333333333
"31161",0.095
"31162",0.0983333333333333
"31163",0.0933333333333333
"31164",0.095
"31165",0.0933333333333333
"31166",0.095
"31167",0.095
"31168",0.0933333333333333
"31169",0.0933333333333333
"31170",0.0933333333333333
"31171",0.0933333333333333
"31172",0.095
"31173",0.0933333333333333
"31174",0.095
"31175",0.095
"31176",0.0966666666666667
"31177",0.0933333333333333
"31178",0.0966666666666667
"31179",0.0966666666666667
"31180",0.0983333333333333
"31181",0.0966666666666667
"31182",0.0983333333333333
"31183",0.0983333333333333
"31184",0.0966666666666667
"31185",0.0966666666666667
"31186",0.0966666666666667
"31187",0.0966666666666667
"31188",0.0983333333333333
"31189",0.0966666666666667
"31190",0.0983333333333333
"31191",0.0983333333333333
"31192",0.1
"31193",0.0966666666666667
"31194",0.1
"31195",0.095
"31196",0.0966666666666667
"31197",0.095
"31198",0.0966666666666667
"31199",0.0966666666666667
"31200",0.095
"31201",0.095
"31202",0.095
"31203",0.095
"31204",0.0966666666666667
"31205",0.095
"31206",0.0966666666666667
"31207",0.0966666666666667
"31208",0.0983333333333333
"31209",0.095
"31210",0.0983333333333333
"31211",0.0966666666666667
"31212",0.0983333333333333
"31213",0.0966666666666667
"31214",0.0983333333333333
"31215",0.0983333333333333
"31216",0.0966666666666667
"31217",0.0966666666666667
"31218",0.0966666666666667
"31219",0.0966666666666667
"31220",0.0983333333333333
"31221",0.0966666666666667
"31222",0.0983333333333333
"31223",0.0983333333333333
"31224",0.1
"31225",0.0966666666666667
"31226",0.1
"31227",0.095
"31228",0.0966666666666667
"31229",0.095
"31230",0.0966666666666667
"31231",0.0966666666666667
"31232",0.095
"31233",0.095
"31234",0.095
"31235",0.095
"31236",0.0966666666666667
"31237",0.095
"31238",0.0966666666666667
"31239",0.0966666666666667
"31240",0.0983333333333333
"31241",0.095
"31242",0.0983333333333333
"31243",0.095
"31244",0.0966666666666667
"31245",0.095
"31246",0.0966666666666667
"31247",0.0966666666666667
"31248",0.095
"31249",0.095
"31250",0.095
"31251",0.095
"31252",0.0966666666666667
"31253",0.095
"31254",0.0966666666666667
"31255",0.0966666666666667
"31256",0.0983333333333333
"31257",0.095
"31258",0.0983333333333333
"31259",0.0966666666666667
"31260",0.0983333333333333
"31261",0.0966666666666667
"31262",0.0983333333333333
"31263",0.0983333333333333
"31264",0.0966666666666667
"31265",0.0966666666666667
"31266",0.0966666666666667
"31267",0.0966666666666667
"31268",0.0983333333333333
"31269",0.0966666666666667
"31270",0.0983333333333333
"31271",0.0983333333333333
"31272",0.1
"31273",0.0966666666666667
"31274",0.1
"31275",0.0966666666666667
"31276",0.0983333333333333
"31277",0.0966666666666667
"31278",0.0983333333333333
"31279",0.0983333333333333
"31280",0.0966666666666667
"31281",0.0966666666666667
"31282",0.0966666666666667
"31283",0.0966666666666667
"31284",0.0983333333333333
"31285",0.0966666666666667
"31286",0.0983333333333333
"31287",0.0983333333333333
"31288",0.1
"31289",0.0966666666666667
"31290",0.1
"31291",0.0966666666666667
"31292",0.0983333333333333
"31293",0.0966666666666667
"31294",0.0983333333333333
"31295",0.0983333333333333
"31296",0.0966666666666667
"31297",0.0966666666666667
"31298",0.0966666666666667
"31299",0.0966666666666667
"31300",0.0983333333333333
"31301",0.0966666666666667
"31302",0.0983333333333333
"31303",0.0983333333333333
"31304",0.1
"31305",0.0966666666666667
"31306",0.1
"31307",0.0966666666666667
"31308",0.0983333333333333
"31309",0.0966666666666667
"31310",0.0983333333333333
"31311",0.0983333333333333
"31312",0.0966666666666667
"31313",0.0966666666666667
"31314",0.0966666666666667
"31315",0.0966666666666667
"31316",0.0983333333333333
"31317",0.0966666666666667
"31318",0.0983333333333333
"31319",0.0983333333333333
"31320",0.1
"31321",0.0966666666666667
"31322",0.1
"31323",0.0966666666666667
"31324",0.0983333333333333
"31325",0.0966666666666667
"31326",0.0983333333333333
"31327",0.0983333333333333
"31328",0.0966666666666667
"31329",0.0966666666666667
"31330",0.0966666666666667
"31331",0.0966666666666667
"31332",0.0983333333333333
"31333",0.0966666666666667
"31334",0.0983333333333333
"31335",0.0983333333333333
"31336",0.1
"31337",0.0966666666666667
"31338",0.1
"31339",0.095
"31340",0.0966666666666667
"31341",0.095
"31342",0.0966666666666667
"31343",0.0966666666666667
"31344",0.095
"31345",0.095
"31346",0.095
"31347",0.095
"31348",0.0966666666666667
"31349",0.095
"31350",0.0966666666666667
"31351",0.0966666666666667
"31352",0.0983333333333333
"31353",0.095
"31354",0.0983333333333333
"31355",0.095
"31356",0.0966666666666667
"31357",0.095
"31358",0.0966666666666667
"31359",0.0966666666666667
"31360",0.095
"31361",0.095
"31362",0.095
"31363",0.095
"31364",0.0966666666666667
"31365",0.095
"31366",0.0966666666666667
"31367",0.0966666666666667
"31368",0.0983333333333333
"31369",0.095
"31370",0.0983333333333333
"31371",0.095
"31372",0.0966666666666667
"31373",0.095
"31374",0.0966666666666667
"31375",0.0966666666666667
"31376",0.095
"31377",0.095
"31378",0.095
"31379",0.095
"31380",0.0966666666666667
"31381",0.095
"31382",0.0966666666666667
"31383",0.0966666666666667
"31384",0.0983333333333333
"31385",0.095
"31386",0.0983333333333333
"31387",0.095
"31388",0.0966666666666667
"31389",0.095
"31390",0.0966666666666667
"31391",0.0966666666666667
"31392",0.095
"31393",0.095
"31394",0.095
"31395",0.095
"31396",0.0966666666666667
"31397",0.095
"31398",0.0966666666666667
"31399",0.0966666666666667
"31400",0.0983333333333333
"31401",0.095
"31402",0.0983333333333333
"31403",0.095
"31404",0.0966666666666667
"31405",0.095
"31406",0.0966666666666667
"31407",0.0966666666666667
"31408",0.095
"31409",0.095
"31410",0.095
"31411",0.095
"31412",0.0966666666666667
"31413",0.095
"31414",0.0966666666666667
"31415",0.0966666666666667
"31416",0.0983333333333333
"31417",0.095
"31418",0.0983333333333333
"31419",0.095
"31420",0.0966666666666667
"31421",0.095
"31422",0.0966666666666667
"31423",0.0966666666666667
"31424",0.095
"31425",0.095
"31426",0.095
"31427",0.095
"31428",0.0966666666666667
"31429",0.095
"31430",0.0966666666666667
"31431",0.0966666666666667
"31432",0.0983333333333333
"31433",0.095
"31434",0.0983333333333333
"31435",0.0933333333333333
"31436",0.095
"31437",0.0933333333333333
"31438",0.095
"31439",0.095
"31440",0.0933333333333333
"31441",0.0933333333333333
"31442",0.0933333333333333
"31443",0.0933333333333333
"31444",0.095
"31445",0.0933333333333333
"31446",0.095
"31447",0.095
"31448",0.0966666666666667
"31449",0.0933333333333333
"31450",0.0966666666666667
"31451",0.095
"31452",0.0966666666666667
"31453",0.095
"31454",0.0966666666666667
"31455",0.0966666666666667
"31456",0.095
"31457",0.095
"31458",0.095
"31459",0.095
"31460",0.0966666666666667
"31461",0.095
"31462",0.0966666666666667
"31463",0.0966666666666667
"31464",0.0983333333333333
"31465",0.095
"31466",0.0983333333333333
"31467",0.0966666666666667
"31468",0.0983333333333333
"31469",0.0966666666666667
"31470",0.0983333333333333
"31471",0.0983333333333333
"31472",0.0966666666666667
"31473",0.0966666666666667
"31474",0.0966666666666667
"31475",0.0966666666666667
"31476",0.0983333333333333
"31477",0.0966666666666667
"31478",0.0983333333333333
"31479",0.0983333333333333
"31480",0.1
"31481",0.0966666666666667
"31482",0.1
"31483",0.095
"31484",0.0966666666666667
"31485",0.095
"31486",0.0966666666666667
"31487",0.0966666666666667
"31488",0.095
"31489",0.095
"31490",0.095
"31491",0.095
"31492",0.0966666666666667
"31493",0.095
"31494",0.0966666666666667
"31495",0.0966666666666667
"31496",0.0983333333333333
"31497",0.095
"31498",0.0983333333333333
"31499",0.0966666666666667
"31500",0.0983333333333333
"31501",0.0966666666666667
"31502",0.0983333333333333
"31503",0.0983333333333333
"31504",0.0966666666666667
"31505",0.0966666666666667
"31506",0.0966666666666667
"31507",0.0966666666666667
"31508",0.0983333333333333
"31509",0.0966666666666667
"31510",0.0983333333333333
"31511",0.0983333333333333
"31512",0.1
"31513",0.0966666666666667
"31514",0.1
"31515",0.095
"31516",0.0966666666666667
"31517",0.095
"31518",0.0966666666666667
"31519",0.0966666666666667
"31520",0.095
"31521",0.095
"31522",0.095
"31523",0.095
"31524",0.0966666666666667
"31525",0.095
"31526",0.0966666666666667
"31527",0.0966666666666667
"31528",0.0983333333333333
"31529",0.095
"31530",0.0983333333333333
"31531",0.0966666666666667
"31532",0.0983333333333333
"31533",0.0966666666666667
"31534",0.0983333333333333
"31535",0.0983333333333333
"31536",0.0966666666666667
"31537",0.0966666666666667
"31538",0.0966666666666667
"31539",0.0966666666666667
"31540",0.0983333333333333
"31541",0.0966666666666667
"31542",0.0983333333333333
"31543",0.0983333333333333
"31544",0.1
"31545",0.0966666666666667
"31546",0.1
"31547",0.095
"31548",0.0966666666666667
"31549",0.095
"31550",0.0966666666666667
"31551",0.0966666666666667
"31552",0.095
"31553",0.095
"31554",0.095
"31555",0.095
"31556",0.0966666666666667
"31557",0.095
"31558",0.0966666666666667
"31559",0.0966666666666667
"31560",0.0983333333333333
"31561",0.095
"31562",0.0983333333333333
"31563",0.095
"31564",0.0966666666666667
"31565",0.095
"31566",0.0966666666666667
"31567",0.0966666666666667
"31568",0.095
"31569",0.095
"31570",0.095
"31571",0.095
"31572",0.0966666666666667
"31573",0.095
"31574",0.0966666666666667
"31575",0.0966666666666667
"31576",0.0983333333333333
"31577",0.095
"31578",0.0983333333333333
"31579",0.0966666666666667
"31580",0.0983333333333333
"31581",0.0966666666666667
"31582",0.0983333333333333
"31583",0.0983333333333333
"31584",0.0966666666666667
"31585",0.0966666666666667
"31586",0.0966666666666667
"31587",0.0966666666666667
"31588",0.0983333333333333
"31589",0.0966666666666667
"31590",0.0983333333333333
"31591",0.0983333333333333
"31592",0.1
"31593",0.0966666666666667
"31594",0.1
"31595",0.095
"31596",0.0966666666666667
"31597",0.095
"31598",0.0966666666666667
"31599",0.0966666666666667
"31600",0.095
"31601",0.095
"31602",0.095
"31603",0.095
"31604",0.0966666666666667
"31605",0.095
"31606",0.0966666666666667
"31607",0.0966666666666667
"31608",0.0983333333333333
"31609",0.095
"31610",0.0983333333333333
"31611",0.0966666666666667
"31612",0.0983333333333333
"31613",0.0966666666666667
"31614",0.0983333333333333
"31615",0.0983333333333333
"31616",0.0966666666666667
"31617",0.0966666666666667
"31618",0.0966666666666667
"31619",0.0966666666666667
"31620",0.0983333333333333
"31621",0.0966666666666667
"31622",0.0983333333333333
"31623",0.0983333333333333
"31624",0.1
"31625",0.0966666666666667
"31626",0.1
"31627",0.0966666666666667
"31628",0.0983333333333333
"31629",0.0966666666666667
"31630",0.0983333333333333
"31631",0.0983333333333333
"31632",0.0966666666666667
"31633",0.0966666666666667
"31634",0.0966666666666667
"31635",0.0966666666666667
"31636",0.0983333333333333
"31637",0.0966666666666667
"31638",0.0983333333333333
"31639",0.0983333333333333
"31640",0.1
"31641",0.0966666666666667
"31642",0.1
"31643",0.095
"31644",0.0966666666666667
"31645",0.095
"31646",0.0966666666666667
"31647",0.0966666666666667
"31648",0.095
"31649",0.095
"31650",0.095
"31651",0.095
"31652",0.0966666666666667
"31653",0.095
"31654",0.0966666666666667
"31655",0.0966666666666667
"31656",0.0983333333333333
"31657",0.095
"31658",0.0983333333333333
"31659",0.0966666666666667
"31660",0.0983333333333333
"31661",0.0966666666666667
"31662",0.0983333333333333
"31663",0.0983333333333333
"31664",0.0966666666666667
"31665",0.0966666666666667
"31666",0.0966666666666667
"31667",0.0966666666666667
"31668",0.0983333333333333
"31669",0.0966666666666667
"31670",0.0983333333333333
"31671",0.0983333333333333
"31672",0.1
"31673",0.0966666666666667
"31674",0.1
"31675",0.0966666666666667
"31676",0.0983333333333333
"31677",0.0966666666666667
"31678",0.0983333333333333
"31679",0.0983333333333333
"31680",0.0966666666666667
"31681",0.0966666666666667
"31682",0.0966666666666667
"31683",0.0966666666666667
"31684",0.0983333333333333
"31685",0.0966666666666667
"31686",0.0983333333333333
"31687",0.0983333333333333
"31688",0.1
"31689",0.0966666666666667
"31690",0.1
"31691",0.095
"31692",0.0966666666666667
"31693",0.095
"31694",0.0966666666666667
"31695",0.0966666666666667
"31696",0.095
"31697",0.095
"31698",0.095
"31699",0.095
"31700",0.0966666666666667
"31701",0.095
"31702",0.0966666666666667
"31703",0.0966666666666667
"31704",0.0983333333333333
"31705",0.095
"31706",0.0983333333333333
"31707",0.105
"31708",0.106666666666667
"31709",0.108333333333333
"31710",0.106666666666667
"31711",0.106666666666667
"31712",0.105
"31713",0.105
"31714",0.103333333333333
"31715",0.105
"31716",0.106666666666667
"31717",0.103333333333333
"31718",0.106666666666667
"31719",0.106666666666667
"31720",0.108333333333333
"31721",0.108333333333333
"31722",0.105
"31723",0.108333333333333
"31724",0.11
"31725",0.111666666666667
"31726",0.11
"31727",0.11
"31728",0.108333333333333
"31729",0.108333333333333
"31730",0.106666666666667
"31731",0.108333333333333
"31732",0.11
"31733",0.106666666666667
"31734",0.11
"31735",0.11
"31736",0.111666666666667
"31737",0.108333333333333
"31738",0.108333333333333
"31739",0.106666666666667
"31740",0.108333333333333
"31741",0.11
"31742",0.108333333333333
"31743",0.108333333333333
"31744",0.106666666666667
"31745",0.106666666666667
"31746",0.105
"31747",0.106666666666667
"31748",0.108333333333333
"31749",0.105
"31750",0.108333333333333
"31751",0.108333333333333
"31752",0.11
"31753",0.11
"31754",0.106666666666667
"31755",0.105
"31756",0.106666666666667
"31757",0.108333333333333
"31758",0.106666666666667
"31759",0.106666666666667
"31760",0.105
"31761",0.105
"31762",0.103333333333333
"31763",0.105
"31764",0.106666666666667
"31765",0.103333333333333
"31766",0.106666666666667
"31767",0.106666666666667
"31768",0.108333333333333
"31769",0.108333333333333
"31770",0.105
"31771",0.103333333333333
"31772",0.105
"31773",0.106666666666667
"31774",0.105
"31775",0.105
"31776",0.103333333333333
"31777",0.103333333333333
"31778",0.101666666666667
"31779",0.103333333333333
"31780",0.105
"31781",0.101666666666667
"31782",0.105
"31783",0.105
"31784",0.106666666666667
"31785",0.106666666666667
"31786",0.106666666666667
"31787",0.106666666666667
"31788",0.108333333333333
"31789",0.11
"31790",0.108333333333333
"31791",0.108333333333333
"31792",0.106666666666667
"31793",0.106666666666667
"31794",0.105
"31795",0.106666666666667
"31796",0.108333333333333
"31797",0.105
"31798",0.108333333333333
"31799",0.108333333333333
"31800",0.11
"31801",0.11
"31802",0.106666666666667
"31803",0.105
"31804",0.106666666666667
"31805",0.108333333333333
"31806",0.106666666666667
"31807",0.106666666666667
"31808",0.105
"31809",0.105
"31810",0.103333333333333
"31811",0.105
"31812",0.106666666666667
"31813",0.103333333333333
"31814",0.106666666666667
"31815",0.106666666666667
"31816",0.108333333333333
"31817",0.108333333333333
"31818",0.108333333333333
"31819",0.106666666666667
"31820",0.108333333333333
"31821",0.11
"31822",0.108333333333333
"31823",0.108333333333333
"31824",0.106666666666667
"31825",0.106666666666667
"31826",0.105
"31827",0.106666666666667
"31828",0.108333333333333
"31829",0.105
"31830",0.108333333333333
"31831",0.108333333333333
"31832",0.11
"31833",0.11
"31834",0.106666666666667
"31835",0.105
"31836",0.106666666666667
"31837",0.108333333333333
"31838",0.106666666666667
"31839",0.106666666666667
"31840",0.105
"31841",0.105
"31842",0.103333333333333
"31843",0.105
"31844",0.106666666666667
"31845",0.103333333333333
"31846",0.106666666666667
"31847",0.106666666666667
"31848",0.108333333333333
"31849",0.108333333333333
"31850",0.108333333333333
"31851",0.108333333333333
"31852",0.11
"31853",0.111666666666667
"31854",0.11
"31855",0.11
"31856",0.108333333333333
"31857",0.108333333333333
"31858",0.106666666666667
"31859",0.108333333333333
"31860",0.11
"31861",0.106666666666667
"31862",0.11
"31863",0.11
"31864",0.111666666666667
"31865",0.111666666666667
"31866",0.108333333333333
"31867",0.106666666666667
"31868",0.108333333333333
"31869",0.11
"31870",0.108333333333333
"31871",0.108333333333333
"31872",0.106666666666667
"31873",0.106666666666667
"31874",0.105
"31875",0.106666666666667
"31876",0.108333333333333
"31877",0.105
"31878",0.108333333333333
"31879",0.108333333333333
"31880",0.11
"31881",0.11
"31882",0.106666666666667
"31883",0.103333333333333
"31884",0.105
"31885",0.106666666666667
"31886",0.105
"31887",0.105
"31888",0.103333333333333
"31889",0.103333333333333
"31890",0.101666666666667
"31891",0.103333333333333
"31892",0.105
"31893",0.101666666666667
"31894",0.105
"31895",0.105
"31896",0.106666666666667
"31897",0.106666666666667
"31898",0.106666666666667
"31899",0.106666666666667
"31900",0.108333333333333
"31901",0.11
"31902",0.108333333333333
"31903",0.108333333333333
"31904",0.106666666666667
"31905",0.106666666666667
"31906",0.105
"31907",0.106666666666667
"31908",0.108333333333333
"31909",0.105
"31910",0.108333333333333
"31911",0.108333333333333
"31912",0.11
"31913",0.11
"31914",0.106666666666667
"31915",0.105
"31916",0.106666666666667
"31917",0.108333333333333
"31918",0.106666666666667
"31919",0.106666666666667
"31920",0.105
"31921",0.105
"31922",0.103333333333333
"31923",0.105
"31924",0.106666666666667
"31925",0.103333333333333
"31926",0.106666666666667
"31927",0.106666666666667
"31928",0.108333333333333
"31929",0.108333333333333
"31930",0.105
"31931",0.106666666666667
"31932",0.108333333333333
"31933",0.11
"31934",0.108333333333333
"31935",0.108333333333333
"31936",0.106666666666667
"31937",0.106666666666667
"31938",0.105
"31939",0.106666666666667
"31940",0.108333333333333
"31941",0.105
"31942",0.108333333333333
"31943",0.108333333333333
"31944",0.11
"31945",0.11
"31946",0.106666666666667
"31947",0.106666666666667
"31948",0.108333333333333
"31949",0.11
"31950",0.108333333333333
"31951",0.108333333333333
"31952",0.106666666666667
"31953",0.106666666666667
"31954",0.105
"31955",0.106666666666667
"31956",0.108333333333333
"31957",0.105
"31958",0.108333333333333
"31959",0.108333333333333
"31960",0.11
"31961",0.11
"31962",0.106666666666667
"31963",0.113333333333333
"31964",0.115
"31965",0.113333333333333
"31966",0.115
"31967",0.115
"31968",0.113333333333333
"31969",0.113333333333333
"31970",0.111666666666667
"31971",0.113333333333333
"31972",0.115
"31973",0.111666666666667
"31974",0.115
"31975",0.115
"31976",0.116666666666667
"31977",0.116666666666667
"31978",0.113333333333333
"31979",0.113333333333333
"31980",0.115
"31981",0.113333333333333
"31982",0.115
"31983",0.115
"31984",0.113333333333333
"31985",0.113333333333333
"31986",0.111666666666667
"31987",0.113333333333333
"31988",0.115
"31989",0.111666666666667
"31990",0.115
"31991",0.115
"31992",0.116666666666667
"31993",0.116666666666667
"31994",0.113333333333333
"31995",0.115
"31996",0.116666666666667
"31997",0.115
"31998",0.116666666666667
"31999",0.116666666666667
"32000",0.115
"32001",0.115
"32002",0.113333333333333
"32003",0.115
"32004",0.116666666666667
"32005",0.113333333333333
"32006",0.116666666666667
"32007",0.116666666666667
"32008",0.118333333333333
"32009",0.118333333333333
"32010",0.115
