"","x"
"1",0
"2",0.00166666666666667
"3",0.00166666666666667
"4",0.00166666666666667
"5",0.00333333333333333
"6",0.00166666666666667
"7",0
"8",0
"9",0
"10",0.00166666666666667
"11",0
"12",0.00166666666666667
"13",0
"14",0.00166666666666667
"15",0.00333333333333333
"16",0
"17",0
"18",0.00166666666666667
"19",0.00166666666666667
"20",0.00166666666666667
"21",0
"22",0.00166666666666667
"23",0.005
"24",0.00166666666666667
"25",0.00166666666666667
"26",0.00166666666666667
"27",0.00333333333333333
"28",0
"29",0.00166666666666667
"30",0
"31",0
"32",0.00166666666666667
"33",0
"34",0.00166666666666667
"35",0
"36",0
"37",0.00333333333333333
"38",0
"39",0.00166666666666667
"40",0.00166666666666667
"41",0.00166666666666667
"42",0
"43",0
"44",0
"45",0.00166666666666667
"46",0.00333333333333333
"47",0.00166666666666667
"48",0.00333333333333333
"49",0.00166666666666667
"50",0
"51",0.00166666666666667
"52",0.00166666666666667
"53",0.00166666666666667
"54",0
"55",0.00166666666666667
"56",0.00166666666666667
"57",0.00166666666666667
"58",0
"59",0
"60",0
"61",0.00333333333333333
"62",0
"63",0.00166666666666667
"64",0
"65",0
"66",0.00166666666666667
"67",0.00166666666666667
"68",0
"69",0
"70",0.00166666666666667
"71",0.00166666666666667
"72",0.00166666666666667
"73",0.00166666666666667
"74",0
"75",0.00333333333333333
"76",0.00166666666666667
"77",0.00166666666666667
"78",0
"79",0.00333333333333333
"80",0.00333333333333333
"81",0.00166666666666667
"82",0
"83",0.00166666666666667
"84",0.00166666666666667
"85",0.00166666666666667
"86",0
"87",0.00166666666666667
"88",0
"89",0.00166666666666667
"90",0
"91",0.00166666666666667
"92",0.00166666666666667
"93",0.00166666666666667
"94",0.00333333333333333
"95",0
"96",0
"97",0.00166666666666667
"98",0.00333333333333333
"99",0.00333333333333333
"100",0
"101",0
"102",0
"103",0.00166666666666667
"104",0.00166666666666667
"105",0
"106",0.00166666666666667
"107",0.00166666666666667
"108",0
"109",0.00166666666666667
"110",0
"111",0.00166666666666667
"112",0.00166666666666667
"113",0.00166666666666667
"114",0.00166666666666667
"115",0
"116",0
"117",0
"118",0.00166666666666667
"119",0.00166666666666667
"120",0.00166666666666667
"121",0.00333333333333333
"122",0.00166666666666667
"123",0
"124",0.00166666666666667
"125",0
"126",0.00166666666666667
"127",0
"128",0
"129",0
"130",0.00166666666666667
"131",0
"132",0.00333333333333333
"133",0
"134",0.00166666666666667
"135",0.00166666666666667
"136",0.00166666666666667
"137",0.00166666666666667
"138",0.00166666666666667
"139",0
"140",0.00166666666666667
"141",0.00166666666666667
"142",0
"143",0
"144",0.00166666666666667
"145",0.00166666666666667
"146",0
"147",0
"148",0
"149",0
"150",0.00166666666666667
"151",0.00166666666666667
"152",0.00333333333333333
"153",0.00166666666666667
"154",0.00333333333333333
"155",0
"156",0.00333333333333333
"157",0.005
"158",0.00333333333333333
"159",0.00166666666666667
"160",0.00166666666666667
"161",0.00166666666666667
"162",0.00333333333333333
"163",0.00166666666666667
"164",0.00333333333333333
"165",0.00166666666666667
"166",0.00333333333333333
"167",0.005
"168",0.00166666666666667
"169",0.00166666666666667
"170",0.00333333333333333
"171",0.00333333333333333
"172",0.00333333333333333
"173",0.00166666666666667
"174",0.00333333333333333
"175",0.00666666666666667
"176",0.00333333333333333
"177",0.00333333333333333
"178",0.00333333333333333
"179",0.005
"180",0.00166666666666667
"181",0.00333333333333333
"182",0.00166666666666667
"183",0.00166666666666667
"184",0.00333333333333333
"185",0.00166666666666667
"186",0.00333333333333333
"187",0.00166666666666667
"188",0.00166666666666667
"189",0.005
"190",0.00166666666666667
"191",0.00333333333333333
"192",0.00333333333333333
"193",0.00333333333333333
"194",0.00166666666666667
"195",0.00166666666666667
"196",0.00166666666666667
"197",0.00333333333333333
"198",0.005
"199",0.00333333333333333
"200",0.005
"201",0.00333333333333333
"202",0.00166666666666667
"203",0.00333333333333333
"204",0.00333333333333333
"205",0.00333333333333333
"206",0.00166666666666667
"207",0.00333333333333333
"208",0
"209",0.00333333333333333
"210",0.00166666666666667
"211",0.00166666666666667
"212",0.00166666666666667
"213",0.005
"214",0.00166666666666667
"215",0.00333333333333333
"216",0.00166666666666667
"217",0.00166666666666667
"218",0.00333333333333333
"219",0.00333333333333333
"220",0.00166666666666667
"221",0.00166666666666667
"222",0.00333333333333333
"223",0.00333333333333333
"224",0.00333333333333333
"225",0.00333333333333333
"226",0.00166666666666667
"227",0.005
"228",0.00333333333333333
"229",0.00166666666666667
"230",0.00333333333333333
"231",0.00333333333333333
"232",0
"233",0.005
"234",0.00333333333333333
"235",0.00166666666666667
"236",0.00166666666666667
"237",0.00166666666666667
"238",0.00333333333333333
"239",0.00166666666666667
"240",0.00333333333333333
"241",0.00166666666666667
"242",0.00333333333333333
"243",0.005
"244",0.00166666666666667
"245",0.00166666666666667
"246",0.00333333333333333
"247",0.00333333333333333
"248",0.00333333333333333
"249",0.00166666666666667
"250",0.00333333333333333
"251",0.00666666666666667
"252",0.00333333333333333
"253",0.00333333333333333
"254",0.00333333333333333
"255",0.005
"256",0.00166666666666667
"257",0.00333333333333333
"258",0.00166666666666667
"259",0.00166666666666667
"260",0.00333333333333333
"261",0.00166666666666667
"262",0.00333333333333333
"263",0.00166666666666667
"264",0.00166666666666667
"265",0.005
"266",0.00166666666666667
"267",0.00333333333333333
"268",0.00333333333333333
"269",0.00333333333333333
"270",0.00166666666666667
"271",0.00166666666666667
"272",0.00166666666666667
"273",0.00333333333333333
"274",0.005
"275",0.00333333333333333
"276",0.005
"277",0.00333333333333333
"278",0.00166666666666667
"279",0.00333333333333333
"280",0.00333333333333333
"281",0.00333333333333333
"282",0.00166666666666667
"283",0.00333333333333333
"284",0.00333333333333333
"285",0.00333333333333333
"286",0.00166666666666667
"287",0.00166666666666667
"288",0.00166666666666667
"289",0.005
"290",0.00166666666666667
"291",0.00333333333333333
"292",0.00166666666666667
"293",0.00166666666666667
"294",0.00333333333333333
"295",0.00333333333333333
"296",0.00166666666666667
"297",0.00166666666666667
"298",0.00333333333333333
"299",0.00333333333333333
"300",0.00333333333333333
"301",0.00333333333333333
"302",0.00166666666666667
"303",0.005
"304",0.00333333333333333
"305",0.00333333333333333
"306",0.00166666666666667
"307",0.005
"308",0.005
"309",0
"310",0.00166666666666667
"311",0.00333333333333333
"312",0.00333333333333333
"313",0.00333333333333333
"314",0.00166666666666667
"315",0.00333333333333333
"316",0.00166666666666667
"317",0.00333333333333333
"318",0.00166666666666667
"319",0.00333333333333333
"320",0.00333333333333333
"321",0.00333333333333333
"322",0.005
"323",0.00166666666666667
"324",0.00166666666666667
"325",0.00333333333333333
"326",0.005
"327",0.00166666666666667
"328",0.00166666666666667
"329",0.00166666666666667
"330",0.00166666666666667
"331",0
"332",0.00333333333333333
"333",0.00166666666666667
"334",0.00333333333333333
"335",0.00333333333333333
"336",0.00166666666666667
"337",0.00333333333333333
"338",0.00166666666666667
"339",0.00333333333333333
"340",0.00333333333333333
"341",0
"342",0.00333333333333333
"343",0.00166666666666667
"344",0.00166666666666667
"345",0.00166666666666667
"346",0.00333333333333333
"347",0.00333333333333333
"348",0.00333333333333333
"349",0.005
"350",0
"351",0.00166666666666667
"352",0
"353",0.00166666666666667
"354",0.00333333333333333
"355",0.00166666666666667
"356",0.00166666666666667
"357",0.00166666666666667
"358",0.00333333333333333
"359",0.00166666666666667
"360",0.005
"361",0.00166666666666667
"362",0.00333333333333333
"363",0.00333333333333333
"364",0.00333333333333333
"365",0
"366",0.00333333333333333
"367",0.00166666666666667
"368",0.00333333333333333
"369",0.00333333333333333
"370",0.00166666666666667
"371",0.00166666666666667
"372",0.00333333333333333
"373",0.00333333333333333
"374",0.00166666666666667
"375",0.00166666666666667
"376",0.00166666666666667
"377",0.00166666666666667
"378",0.00333333333333333
"379",0
"380",0.005
"381",0.00166666666666667
"382",0
"383",0.00333333333333333
"384",0.00333333333333333
"385",0.00166666666666667
"386",0
"387",0.00166666666666667
"388",0.00166666666666667
"389",0.00166666666666667
"390",0
"391",0.00166666666666667
"392",0
"393",0.00166666666666667
"394",0
"395",0.00166666666666667
"396",0.00166666666666667
"397",0.00166666666666667
"398",0.00333333333333333
"399",0
"400",0
"401",0.00166666666666667
"402",0.00333333333333333
"403",0.00333333333333333
"404",0
"405",0
"406",0
"407",0.00166666666666667
"408",0.00166666666666667
"409",0
"410",0.00166666666666667
"411",0.00166666666666667
"412",0
"413",0.00166666666666667
"414",0
"415",0.00166666666666667
"416",0.00166666666666667
"417",0.00166666666666667
"418",0.00166666666666667
"419",0
"420",0
"421",0
"422",0.00166666666666667
"423",0.00166666666666667
"424",0.00166666666666667
"425",0.00333333333333333
"426",0.00166666666666667
"427",0
"428",0.00166666666666667
"429",0
"430",0.00166666666666667
"431",0
"432",0
"433",0
"434",0.00166666666666667
"435",0
"436",0.00333333333333333
"437",0
"438",0.00166666666666667
"439",0.00166666666666667
"440",0.00166666666666667
"441",0.00166666666666667
"442",0.00166666666666667
"443",0
"444",0.00166666666666667
"445",0.00166666666666667
"446",0
"447",0
"448",0.00166666666666667
"449",0.00166666666666667
"450",0
"451",0
"452",0
"453",0
"454",0.00166666666666667
"455",0.00166666666666667
"456",0.00333333333333333
"457",0
"458",0.00166666666666667
"459",0.00166666666666667
"460",0.00166666666666667
"461",0.00333333333333333
"462",0.00166666666666667
"463",0
"464",0
"465",0
"466",0.00166666666666667
"467",0
"468",0.00166666666666667
"469",0
"470",0.00166666666666667
"471",0.00333333333333333
"472",0
"473",0
"474",0.00166666666666667
"475",0.00166666666666667
"476",0.00166666666666667
"477",0
"478",0.00166666666666667
"479",0.005
"480",0.00166666666666667
"481",0.00166666666666667
"482",0.00166666666666667
"483",0.00333333333333333
"484",0
"485",0.00166666666666667
"486",0
"487",0
"488",0.00166666666666667
"489",0
"490",0.00166666666666667
"491",0
"492",0
"493",0.00333333333333333
"494",0
"495",0.00166666666666667
"496",0.00166666666666667
"497",0.00166666666666667
"498",0
"499",0
"500",0
"501",0.00166666666666667
"502",0.00333333333333333
"503",0.00166666666666667
"504",0.00333333333333333
"505",0.00166666666666667
"506",0
"507",0.00166666666666667
"508",0.00166666666666667
"509",0.00166666666666667
"510",0
"511",0.00166666666666667
"512",0.00166666666666667
"513",0.00166666666666667
"514",0
"515",0
"516",0
"517",0.00333333333333333
"518",0
"519",0.00166666666666667
"520",0
"521",0
"522",0.00166666666666667
"523",0.00166666666666667
"524",0
"525",0
"526",0.00166666666666667
"527",0.00166666666666667
"528",0.00166666666666667
"529",0.00166666666666667
"530",0
"531",0.00333333333333333
"532",0.00166666666666667
"533",0
"534",0.00166666666666667
"535",0.00166666666666667
"536",0.00166666666666667
"537",0.00333333333333333
"538",0.00166666666666667
"539",0
"540",0
"541",0
"542",0.00166666666666667
"543",0
"544",0.00166666666666667
"545",0
"546",0.00166666666666667
"547",0.00333333333333333
"548",0
"549",0
"550",0.00166666666666667
"551",0.00166666666666667
"552",0.00166666666666667
"553",0
"554",0.00166666666666667
"555",0.005
"556",0.00166666666666667
"557",0.00166666666666667
"558",0.00166666666666667
"559",0.00333333333333333
"560",0
"561",0.00166666666666667
"562",0
"563",0
"564",0.00166666666666667
"565",0
"566",0.00166666666666667
"567",0
"568",0
"569",0.00333333333333333
"570",0
"571",0.00166666666666667
"572",0.00166666666666667
"573",0.00166666666666667
"574",0
"575",0
"576",0
"577",0.00166666666666667
"578",0.00333333333333333
"579",0.00166666666666667
"580",0.00333333333333333
"581",0.00166666666666667
"582",0
"583",0.00166666666666667
"584",0.00166666666666667
"585",0.00166666666666667
"586",0
"587",0.00166666666666667
"588",0.00166666666666667
"589",0.00166666666666667
"590",0
"591",0
"592",0
"593",0.00333333333333333
"594",0
"595",0.00166666666666667
"596",0
"597",0
"598",0.00166666666666667
"599",0.00166666666666667
"600",0
"601",0
"602",0.00166666666666667
"603",0.00166666666666667
"604",0.00166666666666667
"605",0.00166666666666667
"606",0
"607",0.00333333333333333
"608",0.00166666666666667
"609",0
"610",0.00166666666666667
"611",0.00166666666666667
"612",0.00166666666666667
"613",0.00333333333333333
"614",0.00166666666666667
"615",0
"616",0
"617",0
"618",0.00166666666666667
"619",0
"620",0.00166666666666667
"621",0
"622",0.00166666666666667
"623",0.00333333333333333
"624",0
"625",0
"626",0.00166666666666667
"627",0.00166666666666667
"628",0.00166666666666667
"629",0
"630",0.00166666666666667
"631",0.005
"632",0.00166666666666667
"633",0.00166666666666667
"634",0.00166666666666667
"635",0.00333333333333333
"636",0
"637",0.00166666666666667
"638",0
"639",0
"640",0.00166666666666667
"641",0
"642",0.00166666666666667
"643",0
"644",0
"645",0.00333333333333333
"646",0
"647",0.00166666666666667
"648",0.00166666666666667
"649",0.00166666666666667
"650",0
"651",0
"652",0
"653",0.00166666666666667
"654",0.00333333333333333
"655",0.00166666666666667
"656",0.00333333333333333
"657",0.00166666666666667
"658",0
"659",0.00166666666666667
"660",0.00166666666666667
"661",0.00166666666666667
"662",0
"663",0.00166666666666667
"664",0.00166666666666667
"665",0.00166666666666667
"666",0
"667",0
"668",0
"669",0.00333333333333333
"670",0
"671",0.00166666666666667
"672",0
"673",0
"674",0.00166666666666667
"675",0.00166666666666667
"676",0
"677",0
"678",0.00166666666666667
"679",0.00166666666666667
"680",0.00166666666666667
"681",0.00166666666666667
"682",0
"683",0.00333333333333333
"684",0.00166666666666667
"685",0.00166666666666667
"686",0
"687",0.00333333333333333
"688",0.00333333333333333
"689",0.00166666666666667
"690",0
"691",0.00166666666666667
"692",0.00166666666666667
"693",0.00166666666666667
"694",0
"695",0.00166666666666667
"696",0
"697",0.00166666666666667
"698",0
"699",0.00166666666666667
"700",0.00166666666666667
"701",0.00166666666666667
"702",0.00333333333333333
"703",0
"704",0
"705",0.00166666666666667
"706",0.00333333333333333
"707",0.00333333333333333
"708",0
"709",0
"710",0
"711",0.00166666666666667
"712",0.00166666666666667
"713",0
"714",0.00166666666666667
"715",0.00166666666666667
"716",0
"717",0.00166666666666667
"718",0
"719",0.00166666666666667
"720",0.00166666666666667
"721",0.00166666666666667
"722",0.00166666666666667
"723",0
"724",0
"725",0
"726",0.00166666666666667
"727",0.00166666666666667
"728",0.00166666666666667
"729",0.00333333333333333
"730",0.00166666666666667
"731",0
"732",0.00166666666666667
"733",0
"734",0.00166666666666667
"735",0
"736",0
"737",0
"738",0.00166666666666667
"739",0
"740",0.00333333333333333
"741",0
"742",0.00166666666666667
"743",0.00166666666666667
"744",0.00166666666666667
"745",0.00166666666666667
"746",0.00166666666666667
"747",0
"748",0.00166666666666667
"749",0.00166666666666667
"750",0
"751",0
"752",0.00166666666666667
"753",0.00166666666666667
"754",0
"755",0
"756",0
"757",0
"758",0.00166666666666667
"759",0.00166666666666667
"760",0.00333333333333333
"761",0
"762",0.00166666666666667
"763",0.00166666666666667
"764",0.00166666666666667
"765",0.00333333333333333
"766",0.00166666666666667
"767",0
"768",0
"769",0
"770",0.00166666666666667
"771",0
"772",0.00166666666666667
"773",0
"774",0.00166666666666667
"775",0.00333333333333333
"776",0
"777",0
"778",0.00166666666666667
"779",0.00166666666666667
"780",0.00166666666666667
"781",0
"782",0.00166666666666667
"783",0.005
"784",0.00166666666666667
"785",0.00166666666666667
"786",0.00166666666666667
"787",0.00333333333333333
"788",0
"789",0.00166666666666667
"790",0
"791",0
"792",0.00166666666666667
"793",0
"794",0.00166666666666667
"795",0
"796",0
"797",0.00333333333333333
"798",0
"799",0.00166666666666667
"800",0.00166666666666667
"801",0.00166666666666667
"802",0
"803",0
"804",0
"805",0.00166666666666667
"806",0.00333333333333333
"807",0.00166666666666667
"808",0.00333333333333333
"809",0.00166666666666667
"810",0
"811",0.00166666666666667
"812",0.00166666666666667
"813",0.00166666666666667
"814",0
"815",0.00166666666666667
"816",0.00166666666666667
"817",0.00166666666666667
"818",0
"819",0
"820",0
"821",0.00333333333333333
"822",0
"823",0.00166666666666667
"824",0
"825",0
"826",0.00166666666666667
"827",0.00166666666666667
"828",0
"829",0
"830",0.00166666666666667
"831",0.00166666666666667
"832",0.00166666666666667
"833",0.00166666666666667
"834",0
"835",0.00333333333333333
"836",0.00166666666666667
"837",0.00166666666666667
"838",0
"839",0.00333333333333333
"840",0.00333333333333333
"841",0.00166666666666667
"842",0
"843",0.00166666666666667
"844",0.00166666666666667
"845",0.00166666666666667
"846",0
"847",0.00166666666666667
"848",0
"849",0.00166666666666667
"850",0
"851",0.00166666666666667
"852",0.00166666666666667
"853",0.00166666666666667
"854",0.00333333333333333
"855",0
"856",0
"857",0.00166666666666667
"858",0.00333333333333333
"859",0.00333333333333333
"860",0
"861",0
"862",0
"863",0.00166666666666667
"864",0.00166666666666667
"865",0
"866",0.00166666666666667
"867",0.00166666666666667
"868",0
"869",0.00166666666666667
"870",0
"871",0.00166666666666667
"872",0.00166666666666667
"873",0.00166666666666667
"874",0.00166666666666667
"875",0
"876",0
"877",0
"878",0.00166666666666667
"879",0.00166666666666667
"880",0.00166666666666667
"881",0.00333333333333333
"882",0.00166666666666667
"883",0
"884",0.00166666666666667
"885",0
"886",0.00166666666666667
"887",0
"888",0
"889",0
"890",0.00166666666666667
"891",0
"892",0.00333333333333333
"893",0
"894",0.00166666666666667
"895",0.00166666666666667
"896",0.00166666666666667
"897",0.00166666666666667
"898",0.00166666666666667
"899",0
"900",0.00166666666666667
"901",0.00166666666666667
"902",0
"903",0
"904",0.00166666666666667
"905",0.00166666666666667
"906",0
"907",0
"908",0
"909",0
"910",0.00166666666666667
"911",0.00166666666666667
"912",0.00333333333333333
"913",0
"914",0.00166666666666667
"915",0.00166666666666667
"916",0.00166666666666667
"917",0.00333333333333333
"918",0.00166666666666667
"919",0
"920",0
"921",0
"922",0.00166666666666667
"923",0
"924",0.00166666666666667
"925",0
"926",0.00166666666666667
"927",0.00333333333333333
"928",0
"929",0
"930",0.00166666666666667
"931",0.00166666666666667
"932",0.00166666666666667
"933",0
"934",0.00166666666666667
"935",0.005
"936",0.00166666666666667
"937",0.00166666666666667
"938",0.00166666666666667
"939",0.00333333333333333
"940",0
"941",0.00166666666666667
"942",0
"943",0
"944",0.00166666666666667
"945",0
"946",0.00166666666666667
"947",0
"948",0
"949",0.00333333333333333
"950",0
"951",0.00166666666666667
"952",0.00166666666666667
"953",0.00166666666666667
"954",0
"955",0
"956",0
"957",0.00166666666666667
"958",0.00333333333333333
"959",0.00166666666666667
"960",0.00333333333333333
"961",0.00166666666666667
"962",0
"963",0.00166666666666667
"964",0.00166666666666667
"965",0.00166666666666667
"966",0
"967",0.00166666666666667
"968",0.00166666666666667
"969",0.00166666666666667
"970",0
"971",0
"972",0
"973",0.00333333333333333
"974",0
"975",0.00166666666666667
"976",0
"977",0
"978",0.00166666666666667
"979",0.00166666666666667
"980",0
"981",0
"982",0.00166666666666667
"983",0.00166666666666667
"984",0.00166666666666667
"985",0.00166666666666667
"986",0
"987",0.00333333333333333
"988",0.00166666666666667
"989",0.00166666666666667
"990",0
"991",0.00333333333333333
"992",0.00333333333333333
"993",0.00166666666666667
"994",0
"995",0.00166666666666667
"996",0.00166666666666667
"997",0.00166666666666667
"998",0
"999",0.00166666666666667
"1000",0
"1001",0.00166666666666667
"1002",0
"1003",0.00166666666666667
"1004",0.00166666666666667
"1005",0.00166666666666667
"1006",0.00333333333333333
"1007",0
"1008",0
"1009",0.00166666666666667
"1010",0.00333333333333333
"1011",0.00333333333333333
"1012",0
"1013",0
"1014",0
"1015",0.00166666666666667
"1016",0.00166666666666667
"1017",0
"1018",0.00166666666666667
"1019",0.00166666666666667
"1020",0
"1021",0.00166666666666667
"1022",0
"1023",0.00166666666666667
"1024",0.00166666666666667
"1025",0.00166666666666667
"1026",0.00166666666666667
"1027",0
"1028",0
"1029",0
"1030",0.00166666666666667
"1031",0.00166666666666667
"1032",0.00166666666666667
"1033",0.00333333333333333
"1034",0.00166666666666667
"1035",0
"1036",0.00166666666666667
"1037",0
"1038",0.00166666666666667
"1039",0
"1040",0
"1041",0
"1042",0.00166666666666667
"1043",0
"1044",0.00333333333333333
"1045",0
"1046",0.00166666666666667
"1047",0.00166666666666667
"1048",0.00166666666666667
"1049",0.00166666666666667
"1050",0.00166666666666667
"1051",0
"1052",0.00166666666666667
"1053",0.00166666666666667
"1054",0
"1055",0
"1056",0.00166666666666667
"1057",0.00166666666666667
"1058",0
"1059",0
"1060",0
"1061",0
"1062",0.00166666666666667
"1063",0.00166666666666667
"1064",0.00333333333333333
"1065",0.00333333333333333
"1066",0.00166666666666667
"1067",0.005
"1068",0.005
"1069",0.00333333333333333
"1070",0.00166666666666667
"1071",0.00333333333333333
"1072",0.00333333333333333
"1073",0.00333333333333333
"1074",0.00166666666666667
"1075",0.00333333333333333
"1076",0.00166666666666667
"1077",0.00333333333333333
"1078",0.00166666666666667
"1079",0
"1080",0.00333333333333333
"1081",0.00333333333333333
"1082",0.005
"1083",0.00166666666666667
"1084",0.00166666666666667
"1085",0.00333333333333333
"1086",0.005
"1087",0.005
"1088",0.00166666666666667
"1089",0.00166666666666667
"1090",0.00166666666666667
"1091",0.00333333333333333
"1092",0.00333333333333333
"1093",0.00166666666666667
"1094",0.00333333333333333
"1095",0.00333333333333333
"1096",0.00166666666666667
"1097",0.00333333333333333
"1098",0.00166666666666667
"1099",0.00333333333333333
"1100",0.00333333333333333
"1101",0.00333333333333333
"1102",0.00333333333333333
"1103",0.00166666666666667
"1104",0.00166666666666667
"1105",0.00166666666666667
"1106",0.00333333333333333
"1107",0.00333333333333333
"1108",0.00333333333333333
"1109",0.005
"1110",0.00333333333333333
"1111",0.00166666666666667
"1112",0.00333333333333333
"1113",0.00166666666666667
"1114",0.00333333333333333
"1115",0.00166666666666667
"1116",0.00166666666666667
"1117",0.00166666666666667
"1118",0.00333333333333333
"1119",0.00166666666666667
"1120",0.005
"1121",0.00166666666666667
"1122",0.00333333333333333
"1123",0.00333333333333333
"1124",0.00333333333333333
"1125",0.00333333333333333
"1126",0.00333333333333333
"1127",0.00166666666666667
"1128",0.00333333333333333
"1129",0.00333333333333333
"1130",0.00166666666666667
"1131",0.00166666666666667
"1132",0.00333333333333333
"1133",0.00333333333333333
"1134",0.00166666666666667
"1135",0.00166666666666667
"1136",0.00166666666666667
"1137",0.00166666666666667
"1138",0.00333333333333333
"1139",0.00333333333333333
"1140",0.005
"1141",0
"1142",0.00166666666666667
"1143",0.00166666666666667
"1144",0.00166666666666667
"1145",0.00333333333333333
"1146",0.00166666666666667
"1147",0
"1148",0
"1149",0
"1150",0.00166666666666667
"1151",0
"1152",0.00166666666666667
"1153",0
"1154",0.00166666666666667
"1155",0.00333333333333333
"1156",0
"1157",0
"1158",0.00166666666666667
"1159",0.00166666666666667
"1160",0.00166666666666667
"1161",0
"1162",0.00166666666666667
"1163",0.005
"1164",0.00166666666666667
"1165",0.00166666666666667
"1166",0.00166666666666667
"1167",0.00333333333333333
"1168",0
"1169",0.00166666666666667
"1170",0
"1171",0
"1172",0.00166666666666667
"1173",0
"1174",0.00166666666666667
"1175",0
"1176",0
"1177",0.00333333333333333
"1178",0
"1179",0.00166666666666667
"1180",0.00166666666666667
"1181",0.00166666666666667
"1182",0
"1183",0
"1184",0
"1185",0.00166666666666667
"1186",0.00333333333333333
"1187",0.00166666666666667
"1188",0.00333333333333333
"1189",0.00166666666666667
"1190",0
"1191",0.00166666666666667
"1192",0.00166666666666667
"1193",0.00166666666666667
"1194",0
"1195",0.00166666666666667
"1196",0.00166666666666667
"1197",0.00166666666666667
"1198",0
"1199",0
"1200",0
"1201",0.00333333333333333
"1202",0
"1203",0.00166666666666667
"1204",0
"1205",0
"1206",0.00166666666666667
"1207",0.00166666666666667
"1208",0
"1209",0
"1210",0.00166666666666667
"1211",0.00166666666666667
"1212",0.00166666666666667
"1213",0.00166666666666667
"1214",0
"1215",0.00333333333333333
"1216",0.00166666666666667
"1217",0
"1218",0.00166666666666667
"1219",0.00166666666666667
"1220",0.00166666666666667
"1221",0.00333333333333333
"1222",0.00166666666666667
"1223",0
"1224",0
"1225",0
"1226",0.00166666666666667
"1227",0
"1228",0.00166666666666667
"1229",0
"1230",0.00166666666666667
"1231",0.00333333333333333
"1232",0
"1233",0
"1234",0.00166666666666667
"1235",0.00166666666666667
"1236",0.00166666666666667
"1237",0
"1238",0.00166666666666667
"1239",0.005
"1240",0.00166666666666667
"1241",0.00166666666666667
"1242",0.00166666666666667
"1243",0.00333333333333333
"1244",0
"1245",0.00166666666666667
"1246",0
"1247",0
"1248",0.00166666666666667
"1249",0
"1250",0.00166666666666667
"1251",0
"1252",0
"1253",0.00333333333333333
"1254",0
"1255",0.00166666666666667
"1256",0.00166666666666667
"1257",0.00166666666666667
"1258",0
"1259",0
"1260",0
"1261",0.00166666666666667
"1262",0.00333333333333333
"1263",0.00166666666666667
"1264",0.00333333333333333
"1265",0.00166666666666667
"1266",0
"1267",0.00166666666666667
"1268",0.00166666666666667
"1269",0.00166666666666667
"1270",0
"1271",0.00166666666666667
"1272",0.00166666666666667
"1273",0.00166666666666667
"1274",0
"1275",0
"1276",0
"1277",0.00333333333333333
"1278",0
"1279",0.00166666666666667
"1280",0
"1281",0
"1282",0.00166666666666667
"1283",0.00166666666666667
"1284",0
"1285",0
"1286",0.00166666666666667
"1287",0.00166666666666667
"1288",0.00166666666666667
"1289",0.00166666666666667
"1290",0
"1291",0.00333333333333333
"1292",0.00166666666666667
"1293",0.00166666666666667
"1294",0.00333333333333333
"1295",0.00333333333333333
"1296",0.00333333333333333
"1297",0.005
"1298",0.00333333333333333
"1299",0.00166666666666667
"1300",0.00166666666666667
"1301",0.00166666666666667
"1302",0.00333333333333333
"1303",0.00166666666666667
"1304",0.00333333333333333
"1305",0.00166666666666667
"1306",0.00333333333333333
"1307",0.005
"1308",0.00166666666666667
"1309",0.00166666666666667
"1310",0
"1311",0.00333333333333333
"1312",0.00333333333333333
"1313",0.00166666666666667
"1314",0.00333333333333333
"1315",0.00666666666666667
"1316",0.00333333333333333
"1317",0.00333333333333333
"1318",0.00333333333333333
"1319",0.005
"1320",0.00166666666666667
"1321",0.00333333333333333
"1322",0.00166666666666667
"1323",0.00166666666666667
"1324",0.00333333333333333
"1325",0.00166666666666667
"1326",0.00333333333333333
"1327",0.00166666666666667
"1328",0.00166666666666667
"1329",0.005
"1330",0.00166666666666667
"1331",0.00333333333333333
"1332",0.00333333333333333
"1333",0.00333333333333333
"1334",0.00166666666666667
"1335",0.00166666666666667
"1336",0.00166666666666667
"1337",0
"1338",0.005
"1339",0.00333333333333333
"1340",0.005
"1341",0.00333333333333333
"1342",0.00166666666666667
"1343",0.00333333333333333
"1344",0.00333333333333333
"1345",0.00333333333333333
"1346",0.00166666666666667
"1347",0.00333333333333333
"1348",0.00333333333333333
"1349",0.00333333333333333
"1350",0.00166666666666667
"1351",0.00166666666666667
"1352",0.00166666666666667
"1353",0.005
"1354",0.00166666666666667
"1355",0.00333333333333333
"1356",0.00166666666666667
"1357",0.00166666666666667
"1358",0.00333333333333333
"1359",0.00333333333333333
"1360",0.00166666666666667
"1361",0.00166666666666667
"1362",0.00333333333333333
"1363",0.00333333333333333
"1364",0.00333333333333333
"1365",0.00333333333333333
"1366",0.00166666666666667
"1367",0.005
"1368",0
"1369",0.00166666666666667
"1370",0
"1371",0.00333333333333333
"1372",0.00333333333333333
"1373",0.00166666666666667
"1374",0
"1375",0.00166666666666667
"1376",0.00166666666666667
"1377",0.00166666666666667
"1378",0
"1379",0.00166666666666667
"1380",0
"1381",0.00166666666666667
"1382",0
"1383",0.00166666666666667
"1384",0.00166666666666667
"1385",0.00166666666666667
"1386",0.00333333333333333
"1387",0
"1388",0
"1389",0.00166666666666667
"1390",0.00333333333333333
"1391",0.00333333333333333
"1392",0
"1393",0
"1394",0
"1395",0.00166666666666667
"1396",0.00166666666666667
"1397",0
"1398",0.00166666666666667
"1399",0.00166666666666667
"1400",0
"1401",0.00166666666666667
"1402",0
"1403",0.00166666666666667
"1404",0.00166666666666667
"1405",0.00166666666666667
"1406",0.00166666666666667
"1407",0
"1408",0
"1409",0
"1410",0.00166666666666667
"1411",0.00166666666666667
"1412",0.00166666666666667
"1413",0.00333333333333333
"1414",0.00166666666666667
"1415",0
"1416",0.00166666666666667
"1417",0
"1418",0.00166666666666667
"1419",0
"1420",0
"1421",0
"1422",0.00166666666666667
"1423",0
"1424",0.00333333333333333
"1425",0
"1426",0.00166666666666667
"1427",0.00166666666666667
"1428",0.00166666666666667
"1429",0.00166666666666667
"1430",0.00166666666666667
"1431",0
"1432",0.00166666666666667
"1433",0.00166666666666667
"1434",0
"1435",0
"1436",0.00166666666666667
"1437",0.00166666666666667
"1438",0
"1439",0
"1440",0
"1441",0
"1442",0.00166666666666667
"1443",0.00166666666666667
"1444",0.00333333333333333
"1445",0.00166666666666667
"1446",0
"1447",0.00333333333333333
"1448",0.00333333333333333
"1449",0.00166666666666667
"1450",0
"1451",0.00166666666666667
"1452",0.00166666666666667
"1453",0.00166666666666667
"1454",0
"1455",0.00166666666666667
"1456",0
"1457",0.00166666666666667
"1458",0
"1459",0.00166666666666667
"1460",0.00166666666666667
"1461",0.00166666666666667
"1462",0.00333333333333333
"1463",0
"1464",0
"1465",0.00166666666666667
"1466",0.00333333333333333
"1467",0.00333333333333333
"1468",0
"1469",0
"1470",0
"1471",0.00166666666666667
"1472",0.00166666666666667
"1473",0
"1474",0.00166666666666667
"1475",0.00166666666666667
"1476",0
"1477",0.00166666666666667
"1478",0
"1479",0.00166666666666667
"1480",0.00166666666666667
"1481",0.00166666666666667
"1482",0.00166666666666667
"1483",0
"1484",0
"1485",0
"1486",0.00166666666666667
"1487",0.00166666666666667
"1488",0.00166666666666667
"1489",0.00333333333333333
"1490",0.00166666666666667
"1491",0
"1492",0.00166666666666667
"1493",0
"1494",0.00166666666666667
"1495",0
"1496",0
"1497",0
"1498",0.00166666666666667
"1499",0
"1500",0.00333333333333333
"1501",0
"1502",0.00166666666666667
"1503",0.00166666666666667
"1504",0.00166666666666667
"1505",0.00166666666666667
"1506",0.00166666666666667
"1507",0
"1508",0.00166666666666667
"1509",0.00166666666666667
"1510",0
"1511",0
"1512",0.00166666666666667
"1513",0.00166666666666667
"1514",0
"1515",0
"1516",0
"1517",0
"1518",0.00166666666666667
"1519",0.00166666666666667
"1520",0.00333333333333333
"1521",0
"1522",0.00166666666666667
"1523",0.00166666666666667
"1524",0.00166666666666667
"1525",0.00333333333333333
"1526",0.00166666666666667
"1527",0
"1528",0
"1529",0
"1530",0.00166666666666667
"1531",0
"1532",0.00166666666666667
"1533",0
"1534",0.00166666666666667
"1535",0.00333333333333333
"1536",0
"1537",0
"1538",0.00166666666666667
"1539",0.00166666666666667
"1540",0.00166666666666667
"1541",0
"1542",0.00166666666666667
"1543",0.005
"1544",0.00166666666666667
"1545",0.00166666666666667
"1546",0.00166666666666667
"1547",0.00333333333333333
"1548",0
"1549",0.00166666666666667
"1550",0
"1551",0
"1552",0.00166666666666667
"1553",0
"1554",0.00166666666666667
"1555",0
"1556",0
"1557",0.00333333333333333
"1558",0
"1559",0.00166666666666667
"1560",0.00166666666666667
"1561",0.00166666666666667
"1562",0
"1563",0
"1564",0
"1565",0.00166666666666667
"1566",0.00333333333333333
"1567",0.00166666666666667
"1568",0.00333333333333333
"1569",0.00166666666666667
"1570",0
"1571",0.00166666666666667
"1572",0.00166666666666667
"1573",0.00166666666666667
"1574",0
"1575",0.00166666666666667
"1576",0.00166666666666667
"1577",0.00166666666666667
"1578",0
"1579",0
"1580",0
"1581",0.00333333333333333
"1582",0
"1583",0.00166666666666667
"1584",0
"1585",0
"1586",0.00166666666666667
"1587",0.00166666666666667
"1588",0
"1589",0
"1590",0.00166666666666667
"1591",0.00166666666666667
"1592",0.00166666666666667
"1593",0.00166666666666667
"1594",0
"1595",0.00333333333333333
"1596",0.00166666666666667
"1597",0.00166666666666667
"1598",0.00333333333333333
"1599",0.00333333333333333
"1600",0.00333333333333333
"1601",0.005
"1602",0.00333333333333333
"1603",0.00166666666666667
"1604",0.00166666666666667
"1605",0.00166666666666667
"1606",0.00333333333333333
"1607",0.00166666666666667
"1608",0.00333333333333333
"1609",0.00166666666666667
"1610",0.00333333333333333
"1611",0.005
"1612",0.00166666666666667
"1613",0.00166666666666667
"1614",0.00333333333333333
"1615",0.00333333333333333
"1616",0.00333333333333333
"1617",0.00166666666666667
"1618",0
"1619",0.00666666666666667
"1620",0.00333333333333333
"1621",0.00333333333333333
"1622",0.00333333333333333
"1623",0.005
"1624",0.00166666666666667
"1625",0.00333333333333333
"1626",0.00166666666666667
"1627",0.00166666666666667
"1628",0.00333333333333333
"1629",0.00166666666666667
"1630",0.00333333333333333
"1631",0.00166666666666667
"1632",0.00166666666666667
"1633",0.005
"1634",0.00166666666666667
"1635",0.00333333333333333
"1636",0.00333333333333333
"1637",0.00333333333333333
"1638",0.00166666666666667
"1639",0.00166666666666667
"1640",0.00166666666666667
"1641",0.00333333333333333
"1642",0.005
"1643",0.00333333333333333
"1644",0.005
"1645",0.00333333333333333
"1646",0.00166666666666667
"1647",0.00333333333333333
"1648",0.00333333333333333
"1649",0.00333333333333333
"1650",0.00166666666666667
"1651",0.00333333333333333
"1652",0.00333333333333333
"1653",0.00333333333333333
"1654",0.00166666666666667
"1655",0.00166666666666667
"1656",0.00166666666666667
"1657",0.005
"1658",0.00166666666666667
"1659",0.00333333333333333
"1660",0.00166666666666667
"1661",0.00166666666666667
"1662",0.00333333333333333
"1663",0.00333333333333333
"1664",0.00166666666666667
"1665",0.00166666666666667
"1666",0.00333333333333333
"1667",0.00333333333333333
"1668",0.00333333333333333
"1669",0.00333333333333333
"1670",0.00166666666666667
"1671",0.005
"1672",0.00333333333333333
"1673",0.005
"1674",0.00333333333333333
"1675",0.00666666666666667
"1676",0.00666666666666667
"1677",0.00166666666666667
"1678",0.00333333333333333
"1679",0.005
"1680",0.005
"1681",0.005
"1682",0.00333333333333333
"1683",0.005
"1684",0.00333333333333333
"1685",0.005
"1686",0.00333333333333333
"1687",0.005
"1688",0.005
"1689",0.005
"1690",0.00666666666666667
"1691",0.00333333333333333
"1692",0.00333333333333333
"1693",0.005
"1694",0.00666666666666667
"1695",0
"1696",0.00333333333333333
"1697",0.00333333333333333
"1698",0.00333333333333333
"1699",0.00166666666666667
"1700",0.005
"1701",0.00333333333333333
"1702",0.005
"1703",0.005
"1704",0.00333333333333333
"1705",0.005
"1706",0.00333333333333333
"1707",0.005
"1708",0.005
"1709",0.00166666666666667
"1710",0.005
"1711",0.00333333333333333
"1712",0.00333333333333333
"1713",0.00333333333333333
"1714",0.005
"1715",0.005
"1716",0.005
"1717",0.00666666666666667
"1718",0.00166666666666667
"1719",0.00333333333333333
"1720",0.00166666666666667
"1721",0.00333333333333333
"1722",0.005
"1723",0.00333333333333333
"1724",0.00333333333333333
"1725",0.00333333333333333
"1726",0.005
"1727",0.00333333333333333
"1728",0.00666666666666667
"1729",0.00333333333333333
"1730",0.005
"1731",0.005
"1732",0.005
"1733",0.00166666666666667
"1734",0.005
"1735",0.00333333333333333
"1736",0.005
"1737",0.005
"1738",0.00333333333333333
"1739",0.00333333333333333
"1740",0.005
"1741",0.005
"1742",0.00333333333333333
"1743",0.00333333333333333
"1744",0.00333333333333333
"1745",0.00333333333333333
"1746",0.005
"1747",0.00166666666666667
"1748",0.00666666666666667
"1749",0.00166666666666667
"1750",0
"1751",0.00333333333333333
"1752",0.00333333333333333
"1753",0.00166666666666667
"1754",0
"1755",0.00166666666666667
"1756",0.00166666666666667
"1757",0.00166666666666667
"1758",0
"1759",0.00166666666666667
"1760",0
"1761",0.00166666666666667
"1762",0
"1763",0.00166666666666667
"1764",0.00166666666666667
"1765",0.00166666666666667
"1766",0.00333333333333333
"1767",0
"1768",0
"1769",0.00166666666666667
"1770",0.00333333333333333
"1771",0.00333333333333333
"1772",0
"1773",0
"1774",0
"1775",0.00166666666666667
"1776",0.00166666666666667
"1777",0
"1778",0.00166666666666667
"1779",0.00166666666666667
"1780",0
"1781",0.00166666666666667
"1782",0
"1783",0.00166666666666667
"1784",0.00166666666666667
"1785",0.00166666666666667
"1786",0.00166666666666667
"1787",0
"1788",0
"1789",0
"1790",0.00166666666666667
"1791",0.00166666666666667
"1792",0.00166666666666667
"1793",0.00333333333333333
"1794",0.00166666666666667
"1795",0
"1796",0.00166666666666667
"1797",0
"1798",0.00166666666666667
"1799",0
"1800",0
"1801",0
"1802",0.00166666666666667
"1803",0
"1804",0.00333333333333333
"1805",0
"1806",0.00166666666666667
"1807",0.00166666666666667
"1808",0.00166666666666667
"1809",0.00166666666666667
"1810",0.00166666666666667
"1811",0
"1812",0.00166666666666667
"1813",0.00166666666666667
"1814",0
"1815",0
"1816",0.00166666666666667
"1817",0.00166666666666667
"1818",0
"1819",0
"1820",0
"1821",0
"1822",0.00166666666666667
"1823",0.00166666666666667
"1824",0.00333333333333333
"1825",0.00166666666666667
"1826",0
"1827",0.00333333333333333
"1828",0.00333333333333333
"1829",0.00166666666666667
"1830",0
"1831",0.00166666666666667
"1832",0.00166666666666667
"1833",0.00166666666666667
"1834",0
"1835",0.00166666666666667
"1836",0
"1837",0.00166666666666667
"1838",0
"1839",0.00166666666666667
"1840",0.00166666666666667
"1841",0.00166666666666667
"1842",0.00333333333333333
"1843",0
"1844",0
"1845",0.00166666666666667
"1846",0.00333333333333333
"1847",0.00333333333333333
"1848",0
"1849",0
"1850",0
"1851",0.00166666666666667
"1852",0.00166666666666667
"1853",0
"1854",0.00166666666666667
"1855",0.00166666666666667
"1856",0
"1857",0.00166666666666667
"1858",0
"1859",0.00166666666666667
"1860",0.00166666666666667
"1861",0.00166666666666667
"1862",0.00166666666666667
"1863",0
"1864",0
"1865",0
"1866",0.00166666666666667
"1867",0.00166666666666667
"1868",0.00166666666666667
"1869",0.00333333333333333
"1870",0.00166666666666667
"1871",0
"1872",0.00166666666666667
"1873",0
"1874",0.00166666666666667
"1875",0
"1876",0
"1877",0
"1878",0.00166666666666667
"1879",0
"1880",0.00333333333333333
"1881",0
"1882",0.00166666666666667
"1883",0.00166666666666667
"1884",0.00166666666666667
"1885",0.00166666666666667
"1886",0.00166666666666667
"1887",0
"1888",0.00166666666666667
"1889",0.00166666666666667
"1890",0
"1891",0
"1892",0.00166666666666667
"1893",0.00166666666666667
"1894",0
"1895",0
"1896",0
"1897",0
"1898",0.00166666666666667
"1899",0.00166666666666667
"1900",0.00333333333333333
"1901",0.00166666666666667
"1902",0
"1903",0.00333333333333333
"1904",0.00333333333333333
"1905",0.00166666666666667
"1906",0
"1907",0.00166666666666667
"1908",0.00166666666666667
"1909",0.00166666666666667
"1910",0
"1911",0.00166666666666667
"1912",0
"1913",0.00166666666666667
"1914",0
"1915",0.00166666666666667
"1916",0.00166666666666667
"1917",0.00166666666666667
"1918",0.00333333333333333
"1919",0
"1920",0
"1921",0.00166666666666667
"1922",0.00333333333333333
"1923",0.00333333333333333
"1924",0
"1925",0
"1926",0
"1927",0.00166666666666667
"1928",0.00166666666666667
"1929",0
"1930",0.00166666666666667
"1931",0.00166666666666667
"1932",0
"1933",0.00166666666666667
"1934",0
"1935",0.00166666666666667
"1936",0.00166666666666667
"1937",0.00166666666666667
"1938",0.00166666666666667
"1939",0
"1940",0
"1941",0
"1942",0.00166666666666667
"1943",0.00166666666666667
"1944",0.00166666666666667
"1945",0.00333333333333333
"1946",0.00166666666666667
"1947",0
"1948",0.00166666666666667
"1949",0
"1950",0.00166666666666667
"1951",0
"1952",0
"1953",0
"1954",0.00166666666666667
"1955",0
"1956",0.00333333333333333
"1957",0
"1958",0.00166666666666667
"1959",0.00166666666666667
"1960",0.00166666666666667
"1961",0.00166666666666667
"1962",0.00166666666666667
"1963",0
"1964",0.00166666666666667
"1965",0.00166666666666667
"1966",0
"1967",0
"1968",0.00166666666666667
"1969",0.00166666666666667
"1970",0
"1971",0
"1972",0
"1973",0
"1974",0.00166666666666667
"1975",0.00166666666666667
"1976",0.00333333333333333
"1977",0.00333333333333333
"1978",0.00166666666666667
"1979",0.005
"1980",0.005
"1981",0
"1982",0.00166666666666667
"1983",0.00333333333333333
"1984",0.00333333333333333
"1985",0.00333333333333333
"1986",0.00166666666666667
"1987",0.00333333333333333
"1988",0.00166666666666667
"1989",0.00333333333333333
"1990",0.00166666666666667
"1991",0.00333333333333333
"1992",0.00333333333333333
"1993",0.00333333333333333
"1994",0.005
"1995",0.00166666666666667
"1996",0.00166666666666667
"1997",0.00333333333333333
"1998",0.005
"1999",0.00166666666666667
"2000",0.00166666666666667
"2001",0.00166666666666667
"2002",0.00166666666666667
"2003",0
"2004",0.00333333333333333
"2005",0.00166666666666667
"2006",0.00333333333333333
"2007",0.00333333333333333
"2008",0.00166666666666667
"2009",0.00333333333333333
"2010",0.00166666666666667
"2011",0.00333333333333333
"2012",0.00333333333333333
"2013",0
"2014",0.00333333333333333
"2015",0.00166666666666667
"2016",0.00166666666666667
"2017",0.00166666666666667
"2018",0.00333333333333333
"2019",0.00333333333333333
"2020",0.00333333333333333
"2021",0.005
"2022",0
"2023",0.00166666666666667
"2024",0
"2025",0.00166666666666667
"2026",0.00333333333333333
"2027",0.00166666666666667
"2028",0.00166666666666667
"2029",0.00166666666666667
"2030",0.00333333333333333
"2031",0.00166666666666667
"2032",0.005
"2033",0.00166666666666667
"2034",0.00333333333333333
"2035",0.00333333333333333
"2036",0.00333333333333333
"2037",0
"2038",0.00333333333333333
"2039",0.00166666666666667
"2040",0.00333333333333333
"2041",0.00333333333333333
"2042",0.00166666666666667
"2043",0.00166666666666667
"2044",0.00333333333333333
"2045",0.00333333333333333
"2046",0.00166666666666667
"2047",0.00166666666666667
"2048",0.00166666666666667
"2049",0.00166666666666667
"2050",0.00333333333333333
"2051",0
"2052",0.005
"2053",0
"2054",0.00166666666666667
"2055",0.00166666666666667
"2056",0.00166666666666667
"2057",0.00333333333333333
"2058",0.00166666666666667
"2059",0
"2060",0
"2061",0
"2062",0.00166666666666667
"2063",0
"2064",0.00166666666666667
"2065",0
"2066",0.00166666666666667
"2067",0.00333333333333333
"2068",0
"2069",0
"2070",0.00166666666666667
"2071",0.00166666666666667
"2072",0.00166666666666667
"2073",0
"2074",0.00166666666666667
"2075",0.005
"2076",0.00166666666666667
"2077",0.00166666666666667
"2078",0.00166666666666667
"2079",0.00333333333333333
"2080",0
"2081",0.00166666666666667
"2082",0
"2083",0
"2084",0.00166666666666667
"2085",0
"2086",0.00166666666666667
"2087",0
"2088",0
"2089",0.00333333333333333
"2090",0
"2091",0.00166666666666667
"2092",0.00166666666666667
"2093",0.00166666666666667
"2094",0
"2095",0
"2096",0
"2097",0.00166666666666667
"2098",0.00333333333333333
"2099",0.00166666666666667
"2100",0.00333333333333333
"2101",0.00166666666666667
"2102",0
"2103",0.00166666666666667
"2104",0.00166666666666667
"2105",0.00166666666666667
"2106",0
"2107",0.00166666666666667
"2108",0.00166666666666667
"2109",0.00166666666666667
"2110",0
"2111",0
"2112",0
"2113",0.00333333333333333
"2114",0
"2115",0.00166666666666667
"2116",0
"2117",0
"2118",0.00166666666666667
"2119",0.00166666666666667
"2120",0
"2121",0
"2122",0.00166666666666667
"2123",0.00166666666666667
"2124",0.00166666666666667
"2125",0.00166666666666667
"2126",0
"2127",0.00333333333333333
"2128",0.00166666666666667
"2129",0.00166666666666667
"2130",0
"2131",0.00333333333333333
"2132",0.00333333333333333
"2133",0.00166666666666667
"2134",0
"2135",0.00166666666666667
"2136",0.00166666666666667
"2137",0.00166666666666667
"2138",0
"2139",0.00166666666666667
"2140",0
"2141",0.00166666666666667
"2142",0
"2143",0.00166666666666667
"2144",0.00166666666666667
"2145",0.00166666666666667
"2146",0.00333333333333333
"2147",0
"2148",0
"2149",0.00166666666666667
"2150",0.00333333333333333
"2151",0.00333333333333333
"2152",0
"2153",0
"2154",0
"2155",0.00166666666666667
"2156",0.00166666666666667
"2157",0
"2158",0.00166666666666667
"2159",0.00166666666666667
"2160",0
"2161",0.00166666666666667
"2162",0
"2163",0.00166666666666667
"2164",0.00166666666666667
"2165",0.00166666666666667
"2166",0.00166666666666667
"2167",0
"2168",0
"2169",0
"2170",0.00166666666666667
"2171",0.00166666666666667
"2172",0.00166666666666667
"2173",0.00333333333333333
"2174",0.00166666666666667
"2175",0
"2176",0.00166666666666667
"2177",0
"2178",0.00166666666666667
"2179",0
"2180",0
"2181",0
"2182",0.00166666666666667
"2183",0
"2184",0.00333333333333333
"2185",0
"2186",0.00166666666666667
"2187",0.00166666666666667
"2188",0.00166666666666667
"2189",0.00166666666666667
"2190",0.00166666666666667
"2191",0
"2192",0.00166666666666667
"2193",0.00166666666666667
"2194",0
"2195",0
"2196",0.00166666666666667
"2197",0.00166666666666667
"2198",0
"2199",0
"2200",0
"2201",0
"2202",0.00166666666666667
"2203",0.00166666666666667
"2204",0.00333333333333333
"2205",0
"2206",0.00166666666666667
"2207",0.00166666666666667
"2208",0.00166666666666667
"2209",0.00333333333333333
"2210",0.00166666666666667
"2211",0
"2212",0
"2213",0
"2214",0.00166666666666667
"2215",0
"2216",0.00166666666666667
"2217",0
"2218",0.00166666666666667
"2219",0.00333333333333333
"2220",0
"2221",0
"2222",0.00166666666666667
"2223",0.00166666666666667
"2224",0.00166666666666667
"2225",0
"2226",0.00166666666666667
"2227",0.005
"2228",0.00166666666666667
"2229",0.00166666666666667
"2230",0.00166666666666667
"2231",0.00333333333333333
"2232",0
"2233",0.00166666666666667
"2234",0
"2235",0
"2236",0.00166666666666667
"2237",0
"2238",0.00166666666666667
"2239",0
"2240",0
"2241",0.00333333333333333
"2242",0
"2243",0.00166666666666667
"2244",0.00166666666666667
"2245",0.00166666666666667
"2246",0
"2247",0
"2248",0
"2249",0.00166666666666667
"2250",0.00333333333333333
"2251",0.00166666666666667
"2252",0.00333333333333333
"2253",0.00166666666666667
"2254",0
"2255",0.00166666666666667
"2256",0.00166666666666667
"2257",0.00166666666666667
"2258",0
"2259",0.00166666666666667
"2260",0.00166666666666667
"2261",0.00166666666666667
"2262",0
"2263",0
"2264",0
"2265",0.00333333333333333
"2266",0
"2267",0.00166666666666667
"2268",0
"2269",0
"2270",0.00166666666666667
"2271",0.00166666666666667
"2272",0
"2273",0
"2274",0.00166666666666667
"2275",0.00166666666666667
"2276",0.00166666666666667
"2277",0.00166666666666667
"2278",0
"2279",0.00333333333333333
"2280",0.00166666666666667
"2281",0
"2282",0.00166666666666667
"2283",0.00166666666666667
"2284",0.00166666666666667
"2285",0.00333333333333333
"2286",0.00166666666666667
"2287",0
"2288",0
"2289",0
"2290",0.00166666666666667
"2291",0
"2292",0.00166666666666667
"2293",0
"2294",0.00166666666666667
"2295",0.00333333333333333
"2296",0
"2297",0
"2298",0.00166666666666667
"2299",0.00166666666666667
"2300",0.00166666666666667
"2301",0
"2302",0.00166666666666667
"2303",0.005
"2304",0.00166666666666667
"2305",0.00166666666666667
"2306",0.00166666666666667
"2307",0.00333333333333333
"2308",0
"2309",0.00166666666666667
"2310",0
"2311",0
"2312",0.00166666666666667
"2313",0
"2314",0.00166666666666667
"2315",0
"2316",0
"2317",0.00333333333333333
"2318",0
"2319",0.00166666666666667
"2320",0.00166666666666667
"2321",0.00166666666666667
"2322",0
"2323",0
"2324",0
"2325",0.00166666666666667
"2326",0.00333333333333333
"2327",0.00166666666666667
"2328",0.00333333333333333
"2329",0.00166666666666667
"2330",0
"2331",0.00166666666666667
"2332",0.00166666666666667
"2333",0.00166666666666667
"2334",0
"2335",0.00166666666666667
"2336",0.00166666666666667
"2337",0.00166666666666667
"2338",0
"2339",0
"2340",0
"2341",0.00333333333333333
"2342",0
"2343",0.00166666666666667
"2344",0
"2345",0
"2346",0.00166666666666667
"2347",0.00166666666666667
"2348",0
"2349",0
"2350",0.00166666666666667
"2351",0.00166666666666667
"2352",0.00166666666666667
"2353",0.00166666666666667
"2354",0
"2355",0.00333333333333333
"2356",0.00166666666666667
"2357",0.00166666666666667
"2358",0
"2359",0.00333333333333333
"2360",0.00333333333333333
"2361",0.00166666666666667
"2362",0
"2363",0.00166666666666667
"2364",0.00166666666666667
"2365",0.00166666666666667
"2366",0
"2367",0.00166666666666667
"2368",0
"2369",0.00166666666666667
"2370",0
"2371",0.00166666666666667
"2372",0.00166666666666667
"2373",0.00166666666666667
"2374",0.00333333333333333
"2375",0
"2376",0
"2377",0.00166666666666667
"2378",0.00333333333333333
"2379",0.00333333333333333
"2380",0
"2381",0
"2382",0
"2383",0.00166666666666667
"2384",0.00166666666666667
"2385",0
"2386",0.00166666666666667
"2387",0.00166666666666667
"2388",0
"2389",0.00166666666666667
"2390",0
"2391",0.00166666666666667
"2392",0.00166666666666667
"2393",0.00166666666666667
"2394",0.00166666666666667
"2395",0
"2396",0
"2397",0
"2398",0.00166666666666667
"2399",0.00166666666666667
"2400",0.00166666666666667
"2401",0.00333333333333333
"2402",0.00166666666666667
"2403",0
"2404",0.00166666666666667
"2405",0
"2406",0.00166666666666667
"2407",0
"2408",0
"2409",0
"2410",0.00166666666666667
"2411",0
"2412",0.00333333333333333
"2413",0
"2414",0.00166666666666667
"2415",0.00166666666666667
"2416",0.00166666666666667
"2417",0.00166666666666667
"2418",0.00166666666666667
"2419",0
"2420",0.00166666666666667
"2421",0.00166666666666667
"2422",0
"2423",0
"2424",0.00166666666666667
"2425",0.00166666666666667
"2426",0
"2427",0
"2428",0
"2429",0
"2430",0.00166666666666667
"2431",0.00166666666666667
"2432",0.00333333333333333
"2433",0
"2434",0.00166666666666667
"2435",0.00166666666666667
"2436",0.00166666666666667
"2437",0.00333333333333333
"2438",0.00166666666666667
"2439",0
"2440",0
"2441",0
"2442",0.00166666666666667
"2443",0
"2444",0.00166666666666667
"2445",0
"2446",0.00166666666666667
"2447",0.00333333333333333
"2448",0
"2449",0
"2450",0.00166666666666667
"2451",0.00166666666666667
"2452",0.00166666666666667
"2453",0
"2454",0.00166666666666667
"2455",0.005
"2456",0.00166666666666667
"2457",0.00166666666666667
"2458",0.00166666666666667
"2459",0.00333333333333333
"2460",0
"2461",0.00166666666666667
"2462",0
"2463",0
"2464",0.00166666666666667
"2465",0
"2466",0.00166666666666667
"2467",0
"2468",0
"2469",0.00333333333333333
"2470",0
"2471",0.00166666666666667
"2472",0.00166666666666667
"2473",0.00166666666666667
"2474",0
"2475",0
"2476",0
"2477",0.00166666666666667
"2478",0.00333333333333333
"2479",0.00166666666666667
"2480",0.00333333333333333
"2481",0.00166666666666667
"2482",0
"2483",0.00166666666666667
"2484",0.00166666666666667
"2485",0.00166666666666667
"2486",0
"2487",0.00166666666666667
"2488",0.00166666666666667
"2489",0.00166666666666667
"2490",0
"2491",0
"2492",0
"2493",0.00333333333333333
"2494",0
"2495",0.00166666666666667
"2496",0
"2497",0
"2498",0.00166666666666667
"2499",0.00166666666666667
"2500",0
"2501",0
"2502",0.00166666666666667
"2503",0.00166666666666667
"2504",0.00166666666666667
"2505",0.00166666666666667
"2506",0
"2507",0.00333333333333333
"2508",0.00166666666666667
"2509",0.00166666666666667
"2510",0
"2511",0.00333333333333333
"2512",0.00333333333333333
"2513",0.00166666666666667
"2514",0
"2515",0.00166666666666667
"2516",0.00166666666666667
"2517",0.00166666666666667
"2518",0
"2519",0.00166666666666667
"2520",0
"2521",0.00166666666666667
"2522",0
"2523",0.00166666666666667
"2524",0.00166666666666667
"2525",0.00166666666666667
"2526",0.00333333333333333
"2527",0
"2528",0
"2529",0.00166666666666667
"2530",0.00333333333333333
"2531",0.00333333333333333
"2532",0
"2533",0
"2534",0
"2535",0.00166666666666667
"2536",0.00166666666666667
"2537",0
"2538",0.00166666666666667
"2539",0.00166666666666667
"2540",0
"2541",0.00166666666666667
"2542",0
"2543",0.00166666666666667
"2544",0.00166666666666667
"2545",0.00166666666666667
"2546",0.00166666666666667
"2547",0
"2548",0
"2549",0
"2550",0.00166666666666667
"2551",0.00166666666666667
"2552",0.00166666666666667
"2553",0.00333333333333333
"2554",0.00166666666666667
"2555",0
"2556",0.00166666666666667
"2557",0
"2558",0.00166666666666667
"2559",0
"2560",0
"2561",0
"2562",0.00166666666666667
"2563",0
"2564",0.00333333333333333
"2565",0
"2566",0.00166666666666667
"2567",0.00166666666666667
"2568",0.00166666666666667
"2569",0.00166666666666667
"2570",0.00166666666666667
"2571",0
"2572",0.00166666666666667
"2573",0.00166666666666667
"2574",0
"2575",0
"2576",0.00166666666666667
"2577",0.00166666666666667
"2578",0
"2579",0
"2580",0
"2581",0
"2582",0.00166666666666667
"2583",0.00166666666666667
"2584",0.00333333333333333
"2585",0
"2586",0.00166666666666667
"2587",0.00166666666666667
"2588",0.00166666666666667
"2589",0.00333333333333333
"2590",0.00166666666666667
"2591",0
"2592",0
"2593",0
"2594",0.00166666666666667
"2595",0
"2596",0.00166666666666667
"2597",0
"2598",0.00166666666666667
"2599",0.00333333333333333
"2600",0
"2601",0
"2602",0.00166666666666667
"2603",0.00166666666666667
"2604",0.00166666666666667
"2605",0
"2606",0.00166666666666667
"2607",0.005
"2608",0.00166666666666667
"2609",0.00166666666666667
"2610",0.00166666666666667
"2611",0.00333333333333333
"2612",0
"2613",0.00166666666666667
"2614",0
"2615",0
"2616",0.00166666666666667
"2617",0
"2618",0.00166666666666667
"2619",0
"2620",0
"2621",0.00333333333333333
"2622",0
"2623",0.00166666666666667
"2624",0.00166666666666667
"2625",0.00166666666666667
"2626",0
"2627",0
"2628",0
"2629",0.00166666666666667
"2630",0.00333333333333333
"2631",0.00166666666666667
"2632",0.00333333333333333
"2633",0.00166666666666667
"2634",0
"2635",0.00166666666666667
"2636",0.00166666666666667
"2637",0.00166666666666667
"2638",0
"2639",0.00166666666666667
"2640",0.00166666666666667
"2641",0.00166666666666667
"2642",0
"2643",0
"2644",0
"2645",0.00333333333333333
"2646",0
"2647",0.00166666666666667
"2648",0
"2649",0
"2650",0.00166666666666667
"2651",0.00166666666666667
"2652",0
"2653",0
"2654",0.00166666666666667
"2655",0.00166666666666667
"2656",0.00166666666666667
"2657",0.00166666666666667
"2658",0
"2659",0.00333333333333333
"2660",0.00166666666666667
"2661",0
"2662",0.00166666666666667
"2663",0.00166666666666667
"2664",0.00166666666666667
"2665",0.00333333333333333
"2666",0.00166666666666667
"2667",0
"2668",0
"2669",0
"2670",0.00166666666666667
"2671",0
"2672",0.00166666666666667
"2673",0
"2674",0.00166666666666667
"2675",0.00333333333333333
"2676",0
"2677",0
"2678",0.00166666666666667
"2679",0.00166666666666667
"2680",0.00166666666666667
"2681",0
"2682",0.00166666666666667
"2683",0.005
"2684",0.00166666666666667
"2685",0.00166666666666667
"2686",0.00166666666666667
"2687",0.00333333333333333
"2688",0
"2689",0.00166666666666667
"2690",0
"2691",0
"2692",0.00166666666666667
"2693",0
"2694",0.00166666666666667
"2695",0
"2696",0
"2697",0.00333333333333333
"2698",0
"2699",0.00166666666666667
"2700",0.00166666666666667
"2701",0.00166666666666667
"2702",0
"2703",0
"2704",0
"2705",0.00166666666666667
"2706",0.00333333333333333
"2707",0.00166666666666667
"2708",0.00333333333333333
"2709",0.00166666666666667
"2710",0
"2711",0.00166666666666667
"2712",0.00166666666666667
"2713",0.00166666666666667
"2714",0
"2715",0.00166666666666667
"2716",0.00166666666666667
"2717",0.00166666666666667
"2718",0
"2719",0
"2720",0
"2721",0.00333333333333333
"2722",0
"2723",0.00166666666666667
"2724",0
"2725",0
"2726",0.00166666666666667
"2727",0.00166666666666667
"2728",0
"2729",0
"2730",0.00166666666666667
"2731",0.00166666666666667
"2732",0.00166666666666667
"2733",0.00166666666666667
"2734",0
"2735",0.00333333333333333
"2736",0.00166666666666667
"2737",0.00333333333333333
"2738",0.00166666666666667
"2739",0.005
"2740",0.005
"2741",0
"2742",0.00166666666666667
"2743",0.00333333333333333
"2744",0.00333333333333333
"2745",0.00333333333333333
"2746",0.00166666666666667
"2747",0.00333333333333333
"2748",0.00166666666666667
"2749",0.00333333333333333
"2750",0.00166666666666667
"2751",0.00333333333333333
"2752",0.00333333333333333
"2753",0.00333333333333333
"2754",0.005
"2755",0.00166666666666667
"2756",0.00166666666666667
"2757",0.00333333333333333
"2758",0.005
"2759",0.00166666666666667
"2760",0.00166666666666667
"2761",0.00166666666666667
"2762",0.00166666666666667
"2763",0
"2764",0.00333333333333333
"2765",0.00166666666666667
"2766",0.00333333333333333
"2767",0.00333333333333333
"2768",0.00166666666666667
"2769",0.00333333333333333
"2770",0.00166666666666667
"2771",0.00333333333333333
"2772",0.00333333333333333
"2773",0
"2774",0.00333333333333333
"2775",0.00166666666666667
"2776",0.00166666666666667
"2777",0.00166666666666667
"2778",0.00333333333333333
"2779",0.00333333333333333
"2780",0.00333333333333333
"2781",0.005
"2782",0
"2783",0.00166666666666667
"2784",0
"2785",0.00166666666666667
"2786",0.00333333333333333
"2787",0.00166666666666667
"2788",0.00166666666666667
"2789",0.00166666666666667
"2790",0.00333333333333333
"2791",0.00166666666666667
"2792",0.005
"2793",0.00166666666666667
"2794",0.00333333333333333
"2795",0.00333333333333333
"2796",0.00333333333333333
"2797",0
"2798",0.00333333333333333
"2799",0.00166666666666667
"2800",0.00333333333333333
"2801",0.00333333333333333
"2802",0.00166666666666667
"2803",0.00166666666666667
"2804",0.00333333333333333
"2805",0.00333333333333333
"2806",0.00166666666666667
"2807",0.00166666666666667
"2808",0.00166666666666667
"2809",0.00166666666666667
"2810",0.00333333333333333
"2811",0
"2812",0.005
"2813",0
"2814",0.00166666666666667
"2815",0.00166666666666667
"2816",0.00166666666666667
"2817",0.00333333333333333
"2818",0.00166666666666667
"2819",0
"2820",0
"2821",0
"2822",0.00166666666666667
"2823",0
"2824",0.00166666666666667
"2825",0
"2826",0.00166666666666667
"2827",0.00333333333333333
"2828",0
"2829",0
"2830",0.00166666666666667
"2831",0.00166666666666667
"2832",0.00166666666666667
"2833",0
"2834",0.00166666666666667
"2835",0.005
"2836",0.00166666666666667
"2837",0.00166666666666667
"2838",0.00166666666666667
"2839",0.00333333333333333
"2840",0
"2841",0.00166666666666667
"2842",0
"2843",0
"2844",0.00166666666666667
"2845",0
"2846",0.00166666666666667
"2847",0
"2848",0
"2849",0.00333333333333333
"2850",0
"2851",0.00166666666666667
"2852",0.00166666666666667
"2853",0.00166666666666667
"2854",0
"2855",0
"2856",0
"2857",0.00166666666666667
"2858",0.00333333333333333
"2859",0.00166666666666667
"2860",0.00333333333333333
"2861",0.00166666666666667
"2862",0
"2863",0.00166666666666667
"2864",0.00166666666666667
"2865",0.00166666666666667
"2866",0
"2867",0.00166666666666667
"2868",0.00166666666666667
"2869",0.00166666666666667
"2870",0
"2871",0
"2872",0
"2873",0.00333333333333333
"2874",0
"2875",0.00166666666666667
"2876",0
"2877",0
"2878",0.00166666666666667
"2879",0.00166666666666667
"2880",0
"2881",0
"2882",0.00166666666666667
"2883",0.00166666666666667
"2884",0.00166666666666667
"2885",0.00166666666666667
"2886",0
"2887",0.00333333333333333
"2888",0.00166666666666667
"2889",0.00166666666666667
"2890",0
"2891",0.00333333333333333
"2892",0.00333333333333333
"2893",0.00166666666666667
"2894",0
"2895",0.00166666666666667
"2896",0.00166666666666667
"2897",0.00166666666666667
"2898",0
"2899",0.00166666666666667
"2900",0
"2901",0.00166666666666667
"2902",0
"2903",0.00166666666666667
"2904",0.00166666666666667
"2905",0.00166666666666667
"2906",0.00333333333333333
"2907",0
"2908",0
"2909",0.00166666666666667
"2910",0.00333333333333333
"2911",0.00333333333333333
"2912",0
"2913",0
"2914",0
"2915",0.00166666666666667
"2916",0.00166666666666667
"2917",0
"2918",0.00166666666666667
"2919",0.00166666666666667
"2920",0
"2921",0.00166666666666667
"2922",0
"2923",0.00166666666666667
"2924",0.00166666666666667
"2925",0.00166666666666667
"2926",0.00166666666666667
"2927",0
"2928",0
"2929",0
"2930",0.00166666666666667
"2931",0.00166666666666667
"2932",0.00166666666666667
"2933",0.00333333333333333
"2934",0.00166666666666667
"2935",0
"2936",0.00166666666666667
"2937",0
"2938",0.00166666666666667
"2939",0
"2940",0
"2941",0
"2942",0.00166666666666667
"2943",0
"2944",0.00333333333333333
"2945",0
"2946",0.00166666666666667
"2947",0.00166666666666667
"2948",0.00166666666666667
"2949",0.00166666666666667
"2950",0.00166666666666667
"2951",0
"2952",0.00166666666666667
"2953",0.00166666666666667
"2954",0
"2955",0
"2956",0.00166666666666667
"2957",0.00166666666666667
"2958",0
"2959",0
"2960",0
"2961",0
"2962",0.00166666666666667
"2963",0.00166666666666667
"2964",0.00333333333333333
"2965",0.00166666666666667
"2966",0
"2967",0.00333333333333333
"2968",0.00333333333333333
"2969",0.00166666666666667
"2970",0
"2971",0.00166666666666667
"2972",0.00166666666666667
"2973",0.00166666666666667
"2974",0
"2975",0.00166666666666667
"2976",0
"2977",0.00166666666666667
"2978",0
"2979",0.00166666666666667
"2980",0.00166666666666667
"2981",0.00166666666666667
"2982",0.00333333333333333
"2983",0
"2984",0
"2985",0.00166666666666667
"2986",0.00333333333333333
"2987",0.00333333333333333
"2988",0
"2989",0
"2990",0
"2991",0.00166666666666667
"2992",0.00166666666666667
"2993",0
"2994",0.00166666666666667
"2995",0.00166666666666667
"2996",0
"2997",0.00166666666666667
"2998",0
"2999",0.00166666666666667
"3000",0.00166666666666667
"3001",0.00166666666666667
"3002",0.00166666666666667
"3003",0
"3004",0
"3005",0
"3006",0.00166666666666667
"3007",0.00166666666666667
"3008",0.00166666666666667
"3009",0.00333333333333333
"3010",0.00166666666666667
"3011",0
"3012",0.00166666666666667
"3013",0
"3014",0.00166666666666667
"3015",0
"3016",0
"3017",0
"3018",0.00166666666666667
"3019",0
"3020",0.00333333333333333
"3021",0
"3022",0.00166666666666667
"3023",0.00166666666666667
"3024",0.00166666666666667
"3025",0.00166666666666667
"3026",0.00166666666666667
"3027",0
"3028",0.00166666666666667
"3029",0.00166666666666667
"3030",0
"3031",0
"3032",0.00166666666666667
"3033",0.00166666666666667
"3034",0
"3035",0
"3036",0
"3037",0
"3038",0.00166666666666667
"3039",0.00166666666666667
"3040",0.00333333333333333
"3041",0.00166666666666667
"3042",0
"3043",0.00333333333333333
"3044",0.00333333333333333
"3045",0.00166666666666667
"3046",0
"3047",0.00166666666666667
"3048",0.00166666666666667
"3049",0.00166666666666667
"3050",0
"3051",0.00166666666666667
"3052",0
"3053",0.00166666666666667
"3054",0
"3055",0.00166666666666667
"3056",0.00166666666666667
"3057",0.00166666666666667
"3058",0.00333333333333333
"3059",0
"3060",0
"3061",0.00166666666666667
"3062",0.00333333333333333
"3063",0.00333333333333333
"3064",0
"3065",0
"3066",0
"3067",0.00166666666666667
"3068",0.00166666666666667
"3069",0
"3070",0.00166666666666667
"3071",0.00166666666666667
"3072",0
"3073",0.00166666666666667
"3074",0
"3075",0.00166666666666667
"3076",0.00166666666666667
"3077",0.00166666666666667
"3078",0.00166666666666667
"3079",0
"3080",0
"3081",0
"3082",0.00166666666666667
"3083",0.00166666666666667
"3084",0.00166666666666667
"3085",0.00333333333333333
"3086",0.00166666666666667
"3087",0
"3088",0.00166666666666667
"3089",0
"3090",0.00166666666666667
"3091",0
"3092",0
"3093",0
"3094",0.00166666666666667
"3095",0
"3096",0.00333333333333333
"3097",0
"3098",0.00166666666666667
"3099",0.00166666666666667
"3100",0.00166666666666667
"3101",0.00166666666666667
"3102",0.00166666666666667
"3103",0
"3104",0.00166666666666667
"3105",0.00166666666666667
"3106",0
"3107",0
"3108",0.00166666666666667
"3109",0.00166666666666667
"3110",0
"3111",0
"3112",0
"3113",0
"3114",0.00166666666666667
"3115",0.00166666666666667
"3116",0.00333333333333333
"3117",0
"3118",0.00166666666666667
"3119",0.00166666666666667
"3120",0.00166666666666667
"3121",0.00333333333333333
"3122",0.00166666666666667
"3123",0
"3124",0
"3125",0
"3126",0.00166666666666667
"3127",0
"3128",0.00166666666666667
"3129",0
"3130",0.00166666666666667
"3131",0.00333333333333333
"3132",0
"3133",0
"3134",0.00166666666666667
"3135",0.00166666666666667
"3136",0.00166666666666667
"3137",0
"3138",0.00166666666666667
"3139",0.005
"3140",0.00166666666666667
"3141",0.00166666666666667
"3142",0.00166666666666667
"3143",0.00333333333333333
"3144",0
"3145",0.00166666666666667
"3146",0
"3147",0
"3148",0.00166666666666667
"3149",0
"3150",0.00166666666666667
"3151",0
"3152",0
"3153",0.00333333333333333
"3154",0
"3155",0.00166666666666667
"3156",0.00166666666666667
"3157",0.00166666666666667
"3158",0
"3159",0
"3160",0
"3161",0.00166666666666667
"3162",0.00333333333333333
"3163",0.00166666666666667
"3164",0.00333333333333333
"3165",0.00166666666666667
"3166",0
"3167",0.00166666666666667
"3168",0.00166666666666667
"3169",0.00166666666666667
"3170",0
"3171",0.00166666666666667
"3172",0.00166666666666667
"3173",0.00166666666666667
"3174",0
"3175",0
"3176",0
"3177",0.00333333333333333
"3178",0
"3179",0.00166666666666667
"3180",0
"3181",0
"3182",0.00166666666666667
"3183",0.00166666666666667
"3184",0
"3185",0
"3186",0.00166666666666667
"3187",0.00166666666666667
"3188",0.00166666666666667
"3189",0.00166666666666667
"3190",0
"3191",0.00333333333333333
"3192",0.00166666666666667
"3193",0
"3194",0.00166666666666667
"3195",0.00166666666666667
"3196",0.00166666666666667
"3197",0.00333333333333333
"3198",0.00166666666666667
"3199",0
"3200",0
"3201",0
"3202",0.00166666666666667
"3203",0
"3204",0.00166666666666667
"3205",0
"3206",0.00166666666666667
"3207",0.00333333333333333
"3208",0
"3209",0
"3210",0.00166666666666667
"3211",0.00166666666666667
"3212",0.00166666666666667
"3213",0
"3214",0.00166666666666667
"3215",0.005
"3216",0.00166666666666667
"3217",0.00166666666666667
"3218",0.00166666666666667
"3219",0.00333333333333333
"3220",0
"3221",0.00166666666666667
"3222",0
"3223",0
"3224",0.00166666666666667
"3225",0
"3226",0.00166666666666667
"3227",0
"3228",0
"3229",0.00333333333333333
"3230",0
"3231",0.00166666666666667
"3232",0.00166666666666667
"3233",0.00166666666666667
"3234",0
"3235",0
"3236",0
"3237",0.00166666666666667
"3238",0.00333333333333333
"3239",0.00166666666666667
"3240",0.00333333333333333
"3241",0.00166666666666667
"3242",0
"3243",0.00166666666666667
"3244",0.00166666666666667
"3245",0.00166666666666667
"3246",0
"3247",0.00166666666666667
"3248",0.00166666666666667
"3249",0.00166666666666667
"3250",0
"3251",0
"3252",0
"3253",0.00333333333333333
"3254",0
"3255",0.00166666666666667
"3256",0
"3257",0
"3258",0.00166666666666667
"3259",0.00166666666666667
"3260",0
"3261",0
"3262",0.00166666666666667
"3263",0.00166666666666667
"3264",0.00166666666666667
"3265",0.00166666666666667
"3266",0
"3267",0.00333333333333333
"3268",0.00166666666666667
"3269",0
"3270",0.00166666666666667
"3271",0.00166666666666667
"3272",0.00166666666666667
"3273",0.00333333333333333
"3274",0.00166666666666667
"3275",0
"3276",0
"3277",0
"3278",0.00166666666666667
"3279",0
"3280",0.00166666666666667
"3281",0
"3282",0.00166666666666667
"3283",0.00333333333333333
"3284",0
"3285",0
"3286",0.00166666666666667
"3287",0.00166666666666667
"3288",0.00166666666666667
"3289",0
"3290",0.00166666666666667
"3291",0.005
"3292",0.00166666666666667
"3293",0.00166666666666667
"3294",0.00166666666666667
"3295",0.00333333333333333
"3296",0
"3297",0.00166666666666667
"3298",0
"3299",0
"3300",0.00166666666666667
"3301",0
"3302",0.00166666666666667
"3303",0
"3304",0
"3305",0.00333333333333333
"3306",0
"3307",0.00166666666666667
"3308",0.00166666666666667
"3309",0.00166666666666667
"3310",0
"3311",0
"3312",0
"3313",0.00166666666666667
"3314",0.00333333333333333
"3315",0.00166666666666667
"3316",0.00333333333333333
"3317",0.00166666666666667
"3318",0
"3319",0.00166666666666667
"3320",0.00166666666666667
"3321",0.00166666666666667
"3322",0
"3323",0.00166666666666667
"3324",0.00166666666666667
"3325",0.00166666666666667
"3326",0
"3327",0
"3328",0
"3329",0.00333333333333333
"3330",0
"3331",0.00166666666666667
"3332",0
"3333",0
"3334",0.00166666666666667
"3335",0.00166666666666667
"3336",0
"3337",0
"3338",0.00166666666666667
"3339",0.00166666666666667
"3340",0.00166666666666667
"3341",0.00166666666666667
"3342",0
"3343",0.00333333333333333
"3344",0.00166666666666667
"3345",0.00166666666666667
"3346",0.00333333333333333
"3347",0.00333333333333333
"3348",0.00333333333333333
"3349",0.005
"3350",0.00333333333333333
"3351",0.00166666666666667
"3352",0.00166666666666667
"3353",0.00166666666666667
"3354",0.00333333333333333
"3355",0.00166666666666667
"3356",0.00333333333333333
"3357",0.00166666666666667
"3358",0.00333333333333333
"3359",0.005
"3360",0.00166666666666667
"3361",0.00166666666666667
"3362",0
"3363",0.00333333333333333
"3364",0.00333333333333333
"3365",0.00166666666666667
"3366",0.00333333333333333
"3367",0.00666666666666667
"3368",0.00333333333333333
"3369",0.00333333333333333
"3370",0.00333333333333333
"3371",0.005
"3372",0.00166666666666667
"3373",0.00333333333333333
"3374",0.00166666666666667
"3375",0.00166666666666667
"3376",0.00333333333333333
"3377",0.00166666666666667
"3378",0.00333333333333333
"3379",0.00166666666666667
"3380",0.00166666666666667
"3381",0.005
"3382",0.00166666666666667
"3383",0.00333333333333333
"3384",0.00333333333333333
"3385",0.00333333333333333
"3386",0.00166666666666667
"3387",0.00166666666666667
"3388",0.00166666666666667
"3389",0
"3390",0.005
"3391",0.00333333333333333
"3392",0.005
"3393",0.00333333333333333
"3394",0.00166666666666667
"3395",0.00333333333333333
"3396",0.00333333333333333
"3397",0.00333333333333333
"3398",0.00166666666666667
"3399",0.00333333333333333
"3400",0.00333333333333333
"3401",0.00333333333333333
"3402",0.00166666666666667
"3403",0.00166666666666667
"3404",0.00166666666666667
"3405",0.005
"3406",0.00166666666666667
"3407",0.00333333333333333
"3408",0.00166666666666667
"3409",0.00166666666666667
"3410",0.00333333333333333
"3411",0.00333333333333333
"3412",0.00166666666666667
"3413",0.00166666666666667
"3414",0.00333333333333333
"3415",0.00333333333333333
"3416",0.00333333333333333
"3417",0.00333333333333333
"3418",0.00166666666666667
"3419",0.005
"3420",0
"3421",0.00333333333333333
"3422",0.00166666666666667
"3423",0.005
"3424",0.005
"3425",0
"3426",0.00166666666666667
"3427",0.00333333333333333
"3428",0.00333333333333333
"3429",0.00333333333333333
"3430",0.00166666666666667
"3431",0.00333333333333333
"3432",0.00166666666666667
"3433",0.00333333333333333
"3434",0.00166666666666667
"3435",0.00333333333333333
"3436",0.00333333333333333
"3437",0.00333333333333333
"3438",0.005
"3439",0.00166666666666667
"3440",0.00166666666666667
"3441",0.00333333333333333
"3442",0.005
"3443",0.00166666666666667
"3444",0.00166666666666667
"3445",0.00166666666666667
"3446",0.00166666666666667
"3447",0
"3448",0.00333333333333333
"3449",0.00166666666666667
"3450",0.00333333333333333
"3451",0.00333333333333333
"3452",0.00166666666666667
"3453",0.00333333333333333
"3454",0.00166666666666667
"3455",0.00333333333333333
"3456",0.00333333333333333
"3457",0
"3458",0.00333333333333333
"3459",0.00166666666666667
"3460",0.00166666666666667
"3461",0.00166666666666667
"3462",0.00333333333333333
"3463",0.00333333333333333
"3464",0.00333333333333333
"3465",0.005
"3466",0
"3467",0.00166666666666667
"3468",0
"3469",0.00166666666666667
"3470",0.00333333333333333
"3471",0.00166666666666667
"3472",0.00166666666666667
"3473",0.00166666666666667
"3474",0.00333333333333333
"3475",0.00166666666666667
"3476",0.005
"3477",0.00166666666666667
"3478",0.00333333333333333
"3479",0.00333333333333333
"3480",0.00333333333333333
"3481",0
"3482",0.00333333333333333
"3483",0.00166666666666667
"3484",0.00333333333333333
"3485",0.00333333333333333
"3486",0.00166666666666667
"3487",0.00166666666666667
"3488",0.00333333333333333
"3489",0.00333333333333333
"3490",0.00166666666666667
"3491",0.00166666666666667
"3492",0.00166666666666667
"3493",0.00166666666666667
"3494",0.00333333333333333
"3495",0
"3496",0.005
"3497",0.00166666666666667
"3498",0
"3499",0.00333333333333333
"3500",0.00333333333333333
"3501",0.00166666666666667
"3502",0
"3503",0.00166666666666667
"3504",0.00166666666666667
"3505",0.00166666666666667
"3506",0
"3507",0.00166666666666667
"3508",0
"3509",0.00166666666666667
"3510",0
"3511",0.00166666666666667
"3512",0.00166666666666667
"3513",0.00166666666666667
"3514",0.00333333333333333
"3515",0
"3516",0
"3517",0.00166666666666667
"3518",0.00333333333333333
"3519",0.00333333333333333
"3520",0
"3521",0
"3522",0
"3523",0.00166666666666667
"3524",0.00166666666666667
"3525",0
"3526",0.00166666666666667
"3527",0.00166666666666667
"3528",0
"3529",0.00166666666666667
"3530",0
"3531",0.00166666666666667
"3532",0.00166666666666667
"3533",0.00166666666666667
"3534",0.00166666666666667
"3535",0
"3536",0
"3537",0
"3538",0.00166666666666667
"3539",0.00166666666666667
"3540",0.00166666666666667
"3541",0.00333333333333333
"3542",0.00166666666666667
"3543",0
"3544",0.00166666666666667
"3545",0
"3546",0.00166666666666667
"3547",0
"3548",0
"3549",0
"3550",0.00166666666666667
"3551",0
"3552",0.00333333333333333
"3553",0
"3554",0.00166666666666667
"3555",0.00166666666666667
"3556",0.00166666666666667
"3557",0.00166666666666667
"3558",0.00166666666666667
"3559",0
"3560",0.00166666666666667
"3561",0.00166666666666667
"3562",0
"3563",0
"3564",0.00166666666666667
"3565",0.00166666666666667
"3566",0
"3567",0
"3568",0
"3569",0
"3570",0.00166666666666667
"3571",0.00166666666666667
"3572",0.00333333333333333
"3573",0.00333333333333333
"3574",0.00166666666666667
"3575",0.005
"3576",0.005
"3577",0
"3578",0.00166666666666667
"3579",0.00333333333333333
"3580",0.00333333333333333
"3581",0.00333333333333333
"3582",0.00166666666666667
"3583",0.00333333333333333
"3584",0.00166666666666667
"3585",0.00333333333333333
"3586",0.00166666666666667
"3587",0.00333333333333333
"3588",0.00333333333333333
"3589",0.00333333333333333
"3590",0.005
"3591",0.00166666666666667
"3592",0.00166666666666667
"3593",0.00333333333333333
"3594",0.005
"3595",0.00166666666666667
"3596",0.00166666666666667
"3597",0.00166666666666667
"3598",0.00166666666666667
"3599",0
"3600",0.00333333333333333
"3601",0.00166666666666667
"3602",0.00333333333333333
"3603",0.00333333333333333
"3604",0.00166666666666667
"3605",0.00333333333333333
"3606",0.00166666666666667
"3607",0.00333333333333333
"3608",0.00333333333333333
"3609",0
"3610",0.00333333333333333
"3611",0.00166666666666667
"3612",0.00166666666666667
"3613",0.00166666666666667
"3614",0.00333333333333333
"3615",0.00333333333333333
"3616",0.00333333333333333
"3617",0.005
"3618",0
"3619",0.00166666666666667
"3620",0
"3621",0.00166666666666667
"3622",0.00333333333333333
"3623",0.00166666666666667
"3624",0.00166666666666667
"3625",0.00166666666666667
"3626",0.00333333333333333
"3627",0.00166666666666667
"3628",0.005
"3629",0.00166666666666667
"3630",0.00333333333333333
"3631",0.00333333333333333
"3632",0.00333333333333333
"3633",0
"3634",0.00333333333333333
"3635",0.00166666666666667
"3636",0.00333333333333333
"3637",0.00333333333333333
"3638",0.00166666666666667
"3639",0.00166666666666667
"3640",0.00333333333333333
"3641",0.00333333333333333
"3642",0.00166666666666667
"3643",0.00166666666666667
"3644",0.00166666666666667
"3645",0.00166666666666667
"3646",0.00333333333333333
"3647",0
"3648",0.005
"3649",0.00166666666666667
"3650",0
"3651",0.00333333333333333
"3652",0.00333333333333333
"3653",0.00166666666666667
"3654",0
"3655",0.00166666666666667
"3656",0.00166666666666667
"3657",0.00166666666666667
"3658",0
"3659",0.00166666666666667
"3660",0
"3661",0.00166666666666667
"3662",0
"3663",0.00166666666666667
"3664",0.00166666666666667
"3665",0.00166666666666667
"3666",0.00333333333333333
"3667",0
"3668",0
"3669",0.00166666666666667
"3670",0.00333333333333333
"3671",0.00333333333333333
"3672",0
"3673",0
"3674",0
"3675",0.00166666666666667
"3676",0.00166666666666667
"3677",0
"3678",0.00166666666666667
"3679",0.00166666666666667
"3680",0
"3681",0.00166666666666667
"3682",0
"3683",0.00166666666666667
"3684",0.00166666666666667
"3685",0.00166666666666667
"3686",0.00166666666666667
"3687",0
"3688",0
"3689",0
"3690",0.00166666666666667
"3691",0.00166666666666667
"3692",0.00166666666666667
"3693",0.00333333333333333
"3694",0.00166666666666667
"3695",0
"3696",0.00166666666666667
"3697",0
"3698",0.00166666666666667
"3699",0
"3700",0
"3701",0
"3702",0.00166666666666667
"3703",0
"3704",0.00333333333333333
"3705",0
"3706",0.00166666666666667
"3707",0.00166666666666667
"3708",0.00166666666666667
"3709",0.00166666666666667
"3710",0.00166666666666667
"3711",0
"3712",0.00166666666666667
"3713",0.00166666666666667
"3714",0
"3715",0
"3716",0.00166666666666667
"3717",0.00166666666666667
"3718",0
"3719",0
"3720",0
"3721",0
"3722",0.00166666666666667
"3723",0.00166666666666667
"3724",0.00333333333333333
"3725",0
"3726",0.00166666666666667
"3727",0.00166666666666667
"3728",0.00166666666666667
"3729",0.00333333333333333
"3730",0.00166666666666667
"3731",0
"3732",0
"3733",0
"3734",0.00166666666666667
"3735",0
"3736",0.00166666666666667
"3737",0
"3738",0.00166666666666667
"3739",0.00333333333333333
"3740",0
"3741",0
"3742",0.00166666666666667
"3743",0.00166666666666667
"3744",0.00166666666666667
"3745",0
"3746",0.00166666666666667
"3747",0.005
"3748",0.00166666666666667
"3749",0.00166666666666667
"3750",0.00166666666666667
"3751",0.00333333333333333
"3752",0
"3753",0.00166666666666667
"3754",0
"3755",0
"3756",0.00166666666666667
"3757",0
"3758",0.00166666666666667
"3759",0
"3760",0
"3761",0.00333333333333333
"3762",0
"3763",0.00166666666666667
"3764",0.00166666666666667
"3765",0.00166666666666667
"3766",0
"3767",0
"3768",0
"3769",0.00166666666666667
"3770",0.00333333333333333
"3771",0.00166666666666667
"3772",0.00333333333333333
"3773",0.00166666666666667
"3774",0
"3775",0.00166666666666667
"3776",0.00166666666666667
"3777",0.00166666666666667
"3778",0
"3779",0.00166666666666667
"3780",0.00166666666666667
"3781",0.00166666666666667
"3782",0
"3783",0
"3784",0
"3785",0.00333333333333333
"3786",0
"3787",0.00166666666666667
"3788",0
"3789",0
"3790",0.00166666666666667
"3791",0.00166666666666667
"3792",0
"3793",0
"3794",0.00166666666666667
"3795",0.00166666666666667
"3796",0.00166666666666667
"3797",0.00166666666666667
"3798",0
"3799",0.00333333333333333
"3800",0.00166666666666667
"3801",0.00166666666666667
"3802",0
"3803",0.00333333333333333
"3804",0.00333333333333333
"3805",0.00166666666666667
"3806",0
"3807",0.00166666666666667
"3808",0.00166666666666667
"3809",0.00166666666666667
"3810",0
"3811",0.00166666666666667
"3812",0
"3813",0.00166666666666667
"3814",0
"3815",0.00166666666666667
"3816",0.00166666666666667
"3817",0.00166666666666667
"3818",0.00333333333333333
"3819",0
"3820",0
"3821",0.00166666666666667
"3822",0.00333333333333333
"3823",0.00333333333333333
"3824",0
"3825",0
"3826",0
"3827",0.00166666666666667
"3828",0.00166666666666667
"3829",0
"3830",0.00166666666666667
"3831",0.00166666666666667
"3832",0
"3833",0.00166666666666667
"3834",0
"3835",0.00166666666666667
"3836",0.00166666666666667
"3837",0.00166666666666667
"3838",0.00166666666666667
"3839",0
"3840",0
"3841",0
"3842",0.00166666666666667
"3843",0.00166666666666667
"3844",0.00166666666666667
"3845",0.00333333333333333
"3846",0.00166666666666667
"3847",0
"3848",0.00166666666666667
"3849",0
"3850",0.00166666666666667
"3851",0
"3852",0
"3853",0
"3854",0.00166666666666667
"3855",0
"3856",0.00333333333333333
"3857",0
"3858",0.00166666666666667
"3859",0.00166666666666667
"3860",0.00166666666666667
"3861",0.00166666666666667
"3862",0.00166666666666667
"3863",0
"3864",0.00166666666666667
"3865",0.00166666666666667
"3866",0
"3867",0
"3868",0.00166666666666667
"3869",0.00166666666666667
"3870",0
"3871",0
"3872",0
"3873",0
"3874",0.00166666666666667
"3875",0.00166666666666667
"3876",0.00333333333333333
"3877",0.00166666666666667
"3878",0
"3879",0.00333333333333333
"3880",0.00333333333333333
"3881",0.00166666666666667
"3882",0
"3883",0.00166666666666667
"3884",0.00166666666666667
"3885",0.00166666666666667
"3886",0
"3887",0.00166666666666667
"3888",0
"3889",0.00166666666666667
"3890",0
"3891",0.00166666666666667
"3892",0.00166666666666667
"3893",0.00166666666666667
"3894",0.00333333333333333
"3895",0
"3896",0
"3897",0.00166666666666667
"3898",0.00333333333333333
"3899",0.00333333333333333
"3900",0
"3901",0
"3902",0
"3903",0.00166666666666667
"3904",0.00166666666666667
"3905",0
"3906",0.00166666666666667
"3907",0.00166666666666667
"3908",0
"3909",0.00166666666666667
"3910",0
"3911",0.00166666666666667
"3912",0.00166666666666667
"3913",0.00166666666666667
"3914",0.00166666666666667
"3915",0
"3916",0
"3917",0
"3918",0.00166666666666667
"3919",0.00166666666666667
"3920",0.00166666666666667
"3921",0.00333333333333333
"3922",0.00166666666666667
"3923",0
"3924",0.00166666666666667
"3925",0
"3926",0.00166666666666667
"3927",0
"3928",0
"3929",0
"3930",0.00166666666666667
"3931",0
"3932",0.00333333333333333
"3933",0
"3934",0.00166666666666667
"3935",0.00166666666666667
"3936",0.00166666666666667
"3937",0.00166666666666667
"3938",0.00166666666666667
"3939",0
"3940",0.00166666666666667
"3941",0.00166666666666667
"3942",0
"3943",0
"3944",0.00166666666666667
"3945",0.00166666666666667
"3946",0
"3947",0
"3948",0
"3949",0
"3950",0.00166666666666667
"3951",0.00166666666666667
"3952",0.00333333333333333
"3953",0.00166666666666667
"3954",0
"3955",0.00333333333333333
"3956",0.00333333333333333
"3957",0.00166666666666667
"3958",0
"3959",0.00166666666666667
"3960",0.00166666666666667
"3961",0.00166666666666667
"3962",0
"3963",0.00166666666666667
"3964",0
"3965",0.00166666666666667
"3966",0
"3967",0.00166666666666667
"3968",0.00166666666666667
"3969",0.00166666666666667
"3970",0.00333333333333333
"3971",0
"3972",0
"3973",0.00166666666666667
"3974",0.00333333333333333
"3975",0.00333333333333333
"3976",0
"3977",0
"3978",0
"3979",0.00166666666666667
"3980",0.00166666666666667
"3981",0
"3982",0.00166666666666667
"3983",0.00166666666666667
"3984",0
"3985",0.00166666666666667
"3986",0
"3987",0.00166666666666667
"3988",0.00166666666666667
"3989",0.00166666666666667
"3990",0.00166666666666667
"3991",0
"3992",0
"3993",0
"3994",0.00166666666666667
"3995",0.00166666666666667
"3996",0.00166666666666667
"3997",0.00333333333333333
"3998",0.00166666666666667
"3999",0
"4000",0.00166666666666667
"4001",0
"4002",0.00166666666666667
"4003",0
"4004",0
"4005",0
"4006",0.00166666666666667
"4007",0
"4008",0.00333333333333333
"4009",0
"4010",0.00166666666666667
"4011",0.00166666666666667
"4012",0.00166666666666667
"4013",0.00166666666666667
"4014",0.00166666666666667
"4015",0
"4016",0.00166666666666667
"4017",0.00166666666666667
"4018",0
"4019",0
"4020",0.00166666666666667
"4021",0.00166666666666667
"4022",0
"4023",0
"4024",0
"4025",0
"4026",0.00166666666666667
"4027",0.00166666666666667
"4028",0.00333333333333333
"4029",0
"4030",0.00166666666666667
"4031",0.00166666666666667
"4032",0.00166666666666667
"4033",0.00333333333333333
"4034",0.00166666666666667
"4035",0
"4036",0
"4037",0
"4038",0.00166666666666667
"4039",0
"4040",0.00166666666666667
"4041",0
"4042",0.00166666666666667
"4043",0.00333333333333333
"4044",0
"4045",0
"4046",0.00166666666666667
"4047",0.00166666666666667
"4048",0.00166666666666667
"4049",0
"4050",0.00166666666666667
"4051",0.005
"4052",0.00166666666666667
"4053",0.00166666666666667
"4054",0.00166666666666667
"4055",0.00333333333333333
"4056",0
"4057",0.00166666666666667
"4058",0
"4059",0
"4060",0.00166666666666667
"4061",0
"4062",0.00166666666666667
"4063",0
"4064",0
"4065",0.00333333333333333
"4066",0
"4067",0.00166666666666667
"4068",0.00166666666666667
"4069",0.00166666666666667
"4070",0
"4071",0
"4072",0
"4073",0.00166666666666667
"4074",0.00333333333333333
"4075",0.00166666666666667
"4076",0.00333333333333333
"4077",0.00166666666666667
"4078",0
"4079",0.00166666666666667
"4080",0.00166666666666667
"4081",0.00166666666666667
"4082",0
"4083",0.00166666666666667
"4084",0.00166666666666667
"4085",0.00166666666666667
"4086",0
"4087",0
"4088",0
"4089",0.00333333333333333
"4090",0
"4091",0.00166666666666667
"4092",0
"4093",0
"4094",0.00166666666666667
"4095",0.00166666666666667
"4096",0
"4097",0
"4098",0.00166666666666667
"4099",0.00166666666666667
"4100",0.00166666666666667
"4101",0.00166666666666667
"4102",0
"4103",0.00333333333333333
"4104",0.00166666666666667
"4105",0.00166666666666667
"4106",0
"4107",0.00333333333333333
"4108",0.00333333333333333
"4109",0.00166666666666667
"4110",0
"4111",0.00166666666666667
"4112",0.00166666666666667
"4113",0.00166666666666667
"4114",0
"4115",0.00166666666666667
"4116",0
"4117",0.00166666666666667
"4118",0
"4119",0.00166666666666667
"4120",0.00166666666666667
"4121",0.00166666666666667
"4122",0.00333333333333333
"4123",0
"4124",0
"4125",0.00166666666666667
"4126",0.00333333333333333
"4127",0.00333333333333333
"4128",0
"4129",0
"4130",0
"4131",0.00166666666666667
"4132",0.00166666666666667
"4133",0
"4134",0.00166666666666667
"4135",0.00166666666666667
"4136",0
"4137",0.00166666666666667
"4138",0
"4139",0.00166666666666667
"4140",0.00166666666666667
"4141",0.00166666666666667
"4142",0.00166666666666667
"4143",0
"4144",0
"4145",0
"4146",0.00166666666666667
"4147",0.00166666666666667
"4148",0.00166666666666667
"4149",0.00333333333333333
"4150",0.00166666666666667
"4151",0
"4152",0.00166666666666667
"4153",0
"4154",0.00166666666666667
"4155",0
"4156",0
"4157",0
"4158",0.00166666666666667
"4159",0
"4160",0.00333333333333333
"4161",0
"4162",0.00166666666666667
"4163",0.00166666666666667
"4164",0.00166666666666667
"4165",0.00166666666666667
"4166",0.00166666666666667
"4167",0
"4168",0.00166666666666667
"4169",0.00166666666666667
"4170",0
"4171",0
"4172",0.00166666666666667
"4173",0.00166666666666667
"4174",0
"4175",0
"4176",0
"4177",0
"4178",0.00166666666666667
"4179",0.00166666666666667
"4180",0.00333333333333333
"4181",0.00166666666666667
"4182",0.00333333333333333
"4183",0
"4184",0.00333333333333333
"4185",0.005
"4186",0.00333333333333333
"4187",0.00166666666666667
"4188",0.00166666666666667
"4189",0.00166666666666667
"4190",0.00333333333333333
"4191",0.00166666666666667
"4192",0.00333333333333333
"4193",0.00166666666666667
"4194",0.00333333333333333
"4195",0.005
"4196",0.00166666666666667
"4197",0.00166666666666667
"4198",0.00333333333333333
"4199",0.00333333333333333
"4200",0.00333333333333333
"4201",0.00166666666666667
"4202",0.00333333333333333
"4203",0.00666666666666667
"4204",0.00333333333333333
"4205",0.00333333333333333
"4206",0.00333333333333333
"4207",0.005
"4208",0.00166666666666667
"4209",0.00333333333333333
"4210",0.00166666666666667
"4211",0.00166666666666667
"4212",0.00333333333333333
"4213",0.00166666666666667
"4214",0.00333333333333333
"4215",0.00166666666666667
"4216",0.00166666666666667
"4217",0.005
"4218",0.00166666666666667
"4219",0.00333333333333333
"4220",0.00333333333333333
"4221",0.00333333333333333
"4222",0.00166666666666667
"4223",0.00166666666666667
"4224",0.00166666666666667
"4225",0.00333333333333333
"4226",0.005
"4227",0.00333333333333333
"4228",0.005
"4229",0.00333333333333333
"4230",0.00166666666666667
"4231",0.00333333333333333
"4232",0.00333333333333333
"4233",0.00333333333333333
"4234",0.00166666666666667
"4235",0.00333333333333333
"4236",0
"4237",0.00333333333333333
"4238",0.00166666666666667
"4239",0.00166666666666667
"4240",0.00166666666666667
"4241",0.005
"4242",0.00166666666666667
"4243",0.00333333333333333
"4244",0.00166666666666667
"4245",0.00166666666666667
"4246",0.00333333333333333
"4247",0.00333333333333333
"4248",0.00166666666666667
"4249",0.00166666666666667
"4250",0.00333333333333333
"4251",0.00333333333333333
"4252",0.00333333333333333
"4253",0.00333333333333333
"4254",0.00166666666666667
"4255",0.005
"4256",0.00333333333333333
"4257",0.00166666666666667
"4258",0
"4259",0.00333333333333333
"4260",0.00333333333333333
"4261",0.00166666666666667
"4262",0
"4263",0.00166666666666667
"4264",0.00166666666666667
"4265",0.00166666666666667
"4266",0
"4267",0.00166666666666667
"4268",0
"4269",0.00166666666666667
"4270",0
"4271",0.00166666666666667
"4272",0.00166666666666667
"4273",0.00166666666666667
"4274",0.00333333333333333
"4275",0
"4276",0
"4277",0.00166666666666667
"4278",0.00333333333333333
"4279",0.00333333333333333
"4280",0
"4281",0
"4282",0
"4283",0.00166666666666667
"4284",0.00166666666666667
"4285",0
"4286",0.00166666666666667
"4287",0.00166666666666667
"4288",0
"4289",0.00166666666666667
"4290",0
"4291",0.00166666666666667
"4292",0.00166666666666667
"4293",0.00166666666666667
"4294",0.00166666666666667
"4295",0
"4296",0
"4297",0
"4298",0.00166666666666667
"4299",0.00166666666666667
"4300",0.00166666666666667
"4301",0.00333333333333333
"4302",0.00166666666666667
"4303",0
"4304",0.00166666666666667
"4305",0
"4306",0.00166666666666667
"4307",0
"4308",0
"4309",0
"4310",0.00166666666666667
"4311",0
"4312",0.00333333333333333
"4313",0
"4314",0.00166666666666667
"4315",0.00166666666666667
"4316",0.00166666666666667
"4317",0.00166666666666667
"4318",0.00166666666666667
"4319",0
"4320",0.00166666666666667
"4321",0.00166666666666667
"4322",0
"4323",0
"4324",0.00166666666666667
"4325",0.00166666666666667
"4326",0
"4327",0
"4328",0
"4329",0
"4330",0.00166666666666667
"4331",0.00166666666666667
"4332",0.00333333333333333
"4333",0
"4334",0.00166666666666667
"4335",0.00166666666666667
"4336",0.00166666666666667
"4337",0.00333333333333333
"4338",0.00166666666666667
"4339",0
"4340",0
"4341",0
"4342",0.00166666666666667
"4343",0
"4344",0.00166666666666667
"4345",0
"4346",0.00166666666666667
"4347",0.00333333333333333
"4348",0
"4349",0
"4350",0.00166666666666667
"4351",0.00166666666666667
"4352",0.00166666666666667
"4353",0
"4354",0.00166666666666667
"4355",0.005
"4356",0.00166666666666667
"4357",0.00166666666666667
"4358",0.00166666666666667
"4359",0.00333333333333333
"4360",0
"4361",0.00166666666666667
"4362",0
"4363",0
"4364",0.00166666666666667
"4365",0
"4366",0.00166666666666667
"4367",0
"4368",0
"4369",0.00333333333333333
"4370",0
"4371",0.00166666666666667
"4372",0.00166666666666667
"4373",0.00166666666666667
"4374",0
"4375",0
"4376",0
"4377",0.00166666666666667
"4378",0.00333333333333333
"4379",0.00166666666666667
"4380",0.00333333333333333
"4381",0.00166666666666667
"4382",0
"4383",0.00166666666666667
"4384",0.00166666666666667
"4385",0.00166666666666667
"4386",0
"4387",0.00166666666666667
"4388",0.00166666666666667
"4389",0.00166666666666667
"4390",0
"4391",0
"4392",0
"4393",0.00333333333333333
"4394",0
"4395",0.00166666666666667
"4396",0
"4397",0
"4398",0.00166666666666667
"4399",0.00166666666666667
"4400",0
"4401",0
"4402",0.00166666666666667
"4403",0.00166666666666667
"4404",0.00166666666666667
"4405",0.00166666666666667
"4406",0
"4407",0.00333333333333333
"4408",0.00166666666666667
"4409",0
"4410",0.00166666666666667
"4411",0.00166666666666667
"4412",0.00166666666666667
"4413",0.00333333333333333
"4414",0.00166666666666667
"4415",0
"4416",0
"4417",0
"4418",0.00166666666666667
"4419",0
"4420",0.00166666666666667
"4421",0
"4422",0.00166666666666667
"4423",0.00333333333333333
"4424",0
"4425",0
"4426",0.00166666666666667
"4427",0.00166666666666667
"4428",0.00166666666666667
"4429",0
"4430",0.00166666666666667
"4431",0.005
"4432",0.00166666666666667
"4433",0.00166666666666667
"4434",0.00166666666666667
"4435",0.00333333333333333
"4436",0
"4437",0.00166666666666667
"4438",0
"4439",0
"4440",0.00166666666666667
"4441",0
"4442",0.00166666666666667
"4443",0
"4444",0
"4445",0.00333333333333333
"4446",0
"4447",0.00166666666666667
"4448",0.00166666666666667
"4449",0.00166666666666667
"4450",0
"4451",0
"4452",0
"4453",0.00166666666666667
"4454",0.00333333333333333
"4455",0.00166666666666667
"4456",0.00333333333333333
"4457",0.00166666666666667
"4458",0
"4459",0.00166666666666667
"4460",0.00166666666666667
"4461",0.00166666666666667
"4462",0
"4463",0.00166666666666667
"4464",0.00166666666666667
"4465",0.00166666666666667
"4466",0
"4467",0
"4468",0
"4469",0.00333333333333333
"4470",0
"4471",0.00166666666666667
"4472",0
"4473",0
"4474",0.00166666666666667
"4475",0.00166666666666667
"4476",0
"4477",0
"4478",0.00166666666666667
"4479",0.00166666666666667
"4480",0.00166666666666667
"4481",0.00166666666666667
"4482",0
"4483",0.00333333333333333
"4484",0.00166666666666667
"4485",0
"4486",0.00166666666666667
"4487",0.00166666666666667
"4488",0.00166666666666667
"4489",0.00333333333333333
"4490",0.00166666666666667
"4491",0
"4492",0
"4493",0
"4494",0.00166666666666667
"4495",0
"4496",0.00166666666666667
"4497",0
"4498",0.00166666666666667
"4499",0.00333333333333333
"4500",0
"4501",0
"4502",0.00166666666666667
"4503",0.00166666666666667
"4504",0.00166666666666667
"4505",0
"4506",0.00166666666666667
"4507",0.005
"4508",0.00166666666666667
"4509",0.00166666666666667
"4510",0.00166666666666667
"4511",0.00333333333333333
"4512",0
"4513",0.00166666666666667
"4514",0
"4515",0
"4516",0.00166666666666667
"4517",0
"4518",0.00166666666666667
"4519",0
"4520",0
"4521",0.00333333333333333
"4522",0
"4523",0.00166666666666667
"4524",0.00166666666666667
"4525",0.00166666666666667
"4526",0
"4527",0
"4528",0
"4529",0.00166666666666667
"4530",0.00333333333333333
"4531",0.00166666666666667
"4532",0.00333333333333333
"4533",0.00166666666666667
"4534",0
"4535",0.00166666666666667
"4536",0.00166666666666667
"4537",0.00166666666666667
"4538",0
"4539",0.00166666666666667
"4540",0.00166666666666667
"4541",0.00166666666666667
"4542",0
"4543",0
"4544",0
"4545",0.00333333333333333
"4546",0
"4547",0.00166666666666667
"4548",0
"4549",0
"4550",0.00166666666666667
"4551",0.00166666666666667
"4552",0
"4553",0
"4554",0.00166666666666667
"4555",0.00166666666666667
"4556",0.00166666666666667
"4557",0.00166666666666667
"4558",0
"4559",0.00333333333333333
"4560",0.00166666666666667
"4561",0.00333333333333333
"4562",0.00166666666666667
"4563",0.005
"4564",0.005
"4565",0
"4566",0.00166666666666667
"4567",0.00333333333333333
"4568",0.00333333333333333
"4569",0.00333333333333333
"4570",0.00166666666666667
"4571",0.00333333333333333
"4572",0.00166666666666667
"4573",0.00333333333333333
"4574",0.00166666666666667
"4575",0.00333333333333333
"4576",0.00333333333333333
"4577",0.00333333333333333
"4578",0.005
"4579",0.00166666666666667
"4580",0.00166666666666667
"4581",0.00333333333333333
"4582",0.005
"4583",0.00166666666666667
"4584",0.00166666666666667
"4585",0.00166666666666667
"4586",0.00166666666666667
"4587",0
"4588",0.00333333333333333
"4589",0.00166666666666667
"4590",0.00333333333333333
"4591",0.00333333333333333
"4592",0.00166666666666667
"4593",0.00333333333333333
"4594",0.00166666666666667
"4595",0.00333333333333333
"4596",0.00333333333333333
"4597",0
"4598",0.00333333333333333
"4599",0.00166666666666667
"4600",0.00166666666666667
"4601",0.00166666666666667
"4602",0.00333333333333333
"4603",0.00333333333333333
"4604",0.00333333333333333
"4605",0.005
"4606",0
"4607",0.00166666666666667
"4608",0
"4609",0.00166666666666667
"4610",0.00333333333333333
"4611",0.00166666666666667
"4612",0.00166666666666667
"4613",0.00166666666666667
"4614",0.00333333333333333
"4615",0.00166666666666667
"4616",0.005
"4617",0.00166666666666667
"4618",0.00333333333333333
"4619",0.00333333333333333
"4620",0.00333333333333333
"4621",0
"4622",0.00333333333333333
"4623",0.00166666666666667
"4624",0.00333333333333333
"4625",0.00333333333333333
"4626",0.00166666666666667
"4627",0.00166666666666667
"4628",0.00333333333333333
"4629",0.00333333333333333
"4630",0.00166666666666667
"4631",0.00166666666666667
"4632",0.00166666666666667
"4633",0.00166666666666667
"4634",0.00333333333333333
"4635",0
"4636",0.005
"4637",0
"4638",0.00166666666666667
"4639",0.00166666666666667
"4640",0.00166666666666667
"4641",0.00333333333333333
"4642",0.00166666666666667
"4643",0
"4644",0
"4645",0
"4646",0.00166666666666667
"4647",0
"4648",0.00166666666666667
"4649",0
"4650",0.00166666666666667
"4651",0.00333333333333333
"4652",0
"4653",0
"4654",0.00166666666666667
"4655",0.00166666666666667
"4656",0.00166666666666667
"4657",0
"4658",0.00166666666666667
"4659",0.005
"4660",0.00166666666666667
"4661",0.00166666666666667
"4662",0.00166666666666667
"4663",0.00333333333333333
"4664",0
"4665",0.00166666666666667
"4666",0
"4667",0
"4668",0.00166666666666667
"4669",0
"4670",0.00166666666666667
"4671",0
"4672",0
"4673",0.00333333333333333
"4674",0
"4675",0.00166666666666667
"4676",0.00166666666666667
"4677",0.00166666666666667
"4678",0
"4679",0
"4680",0
"4681",0.00166666666666667
"4682",0.00333333333333333
"4683",0.00166666666666667
"4684",0.00333333333333333
"4685",0.00166666666666667
"4686",0
"4687",0.00166666666666667
"4688",0.00166666666666667
"4689",0.00166666666666667
"4690",0
"4691",0.00166666666666667
"4692",0.00166666666666667
"4693",0.00166666666666667
"4694",0
"4695",0
"4696",0
"4697",0.00333333333333333
"4698",0
"4699",0.00166666666666667
"4700",0
"4701",0
"4702",0.00166666666666667
"4703",0.00166666666666667
"4704",0
"4705",0
"4706",0.00166666666666667
"4707",0.00166666666666667
"4708",0.00166666666666667
"4709",0.00166666666666667
"4710",0
"4711",0.00333333333333333
"4712",0.00166666666666667
"4713",0.00166666666666667
"4714",0
"4715",0.00333333333333333
"4716",0.00333333333333333
"4717",0.00166666666666667
"4718",0
"4719",0.00166666666666667
"4720",0.00166666666666667
"4721",0.00166666666666667
"4722",0
"4723",0.00166666666666667
"4724",0
"4725",0.00166666666666667
"4726",0
"4727",0.00166666666666667
"4728",0.00166666666666667
"4729",0.00166666666666667
"4730",0.00333333333333333
"4731",0
"4732",0
"4733",0.00166666666666667
"4734",0.00333333333333333
"4735",0.00333333333333333
"4736",0
"4737",0
"4738",0
"4739",0.00166666666666667
"4740",0.00166666666666667
"4741",0
"4742",0.00166666666666667
"4743",0.00166666666666667
"4744",0
"4745",0.00166666666666667
"4746",0
"4747",0.00166666666666667
"4748",0.00166666666666667
"4749",0.00166666666666667
"4750",0.00166666666666667
"4751",0
"4752",0
"4753",0
"4754",0.00166666666666667
"4755",0.00166666666666667
"4756",0.00166666666666667
"4757",0.00333333333333333
"4758",0.00166666666666667
"4759",0
"4760",0.00166666666666667
"4761",0
"4762",0.00166666666666667
"4763",0
"4764",0
"4765",0
"4766",0.00166666666666667
"4767",0
"4768",0.00333333333333333
"4769",0
"4770",0.00166666666666667
"4771",0.00166666666666667
"4772",0.00166666666666667
"4773",0.00166666666666667
"4774",0.00166666666666667
"4775",0
"4776",0.00166666666666667
"4777",0.00166666666666667
"4778",0
"4779",0
"4780",0.00166666666666667
"4781",0.00166666666666667
"4782",0
"4783",0
"4784",0
"4785",0
"4786",0.00166666666666667
"4787",0.00166666666666667
"4788",0.00333333333333333
"4789",0
"4790",0.00166666666666667
"4791",0.00166666666666667
"4792",0.00166666666666667
"4793",0.00333333333333333
"4794",0.00166666666666667
"4795",0
"4796",0
"4797",0
"4798",0.00166666666666667
"4799",0
"4800",0.00166666666666667
"4801",0
"4802",0.00166666666666667
"4803",0.00333333333333333
"4804",0
"4805",0
"4806",0.00166666666666667
"4807",0.00166666666666667
"4808",0.00166666666666667
"4809",0
"4810",0.00166666666666667
"4811",0.005
"4812",0.00166666666666667
"4813",0.00166666666666667
"4814",0.00166666666666667
"4815",0.00333333333333333
"4816",0
"4817",0.00166666666666667
"4818",0
"4819",0
"4820",0.00166666666666667
"4821",0
"4822",0.00166666666666667
"4823",0
"4824",0
"4825",0.00333333333333333
"4826",0
"4827",0.00166666666666667
"4828",0.00166666666666667
"4829",0.00166666666666667
"4830",0
"4831",0
"4832",0
"4833",0.00166666666666667
"4834",0.00333333333333333
"4835",0.00166666666666667
"4836",0.00333333333333333
"4837",0.00166666666666667
"4838",0
"4839",0.00166666666666667
"4840",0.00166666666666667
"4841",0.00166666666666667
"4842",0
"4843",0.00166666666666667
"4844",0.00166666666666667
"4845",0.00166666666666667
"4846",0
"4847",0
"4848",0
"4849",0.00333333333333333
"4850",0
"4851",0.00166666666666667
"4852",0
"4853",0
"4854",0.00166666666666667
"4855",0.00166666666666667
"4856",0
"4857",0
"4858",0.00166666666666667
"4859",0.00166666666666667
"4860",0.00166666666666667
"4861",0.00166666666666667
"4862",0
"4863",0.00333333333333333
"4864",0.00166666666666667
"4865",0
"4866",0.00166666666666667
"4867",0.00166666666666667
"4868",0.00166666666666667
"4869",0.00333333333333333
"4870",0.00166666666666667
"4871",0
"4872",0
"4873",0
"4874",0.00166666666666667
"4875",0
"4876",0.00166666666666667
"4877",0
"4878",0.00166666666666667
"4879",0.00333333333333333
"4880",0
"4881",0
"4882",0.00166666666666667
"4883",0.00166666666666667
"4884",0.00166666666666667
"4885",0
"4886",0.00166666666666667
"4887",0.005
"4888",0.00166666666666667
"4889",0.00166666666666667
"4890",0.00166666666666667
"4891",0.00333333333333333
"4892",0
"4893",0.00166666666666667
"4894",0
"4895",0
"4896",0.00166666666666667
"4897",0
"4898",0.00166666666666667
"4899",0
"4900",0
"4901",0.00333333333333333
"4902",0
"4903",0.00166666666666667
"4904",0.00166666666666667
"4905",0.00166666666666667
"4906",0
"4907",0
"4908",0
"4909",0.00166666666666667
"4910",0.00333333333333333
"4911",0.00166666666666667
"4912",0.00333333333333333
"4913",0.00166666666666667
"4914",0
"4915",0.00166666666666667
"4916",0.00166666666666667
"4917",0.00166666666666667
"4918",0
"4919",0.00166666666666667
"4920",0.00166666666666667
"4921",0.00166666666666667
"4922",0
"4923",0
"4924",0
"4925",0.00333333333333333
"4926",0
"4927",0.00166666666666667
"4928",0
"4929",0
"4930",0.00166666666666667
"4931",0.00166666666666667
"4932",0
"4933",0
"4934",0.00166666666666667
"4935",0.00166666666666667
"4936",0.00166666666666667
"4937",0.00166666666666667
"4938",0
"4939",0.00333333333333333
"4940",0.00166666666666667
"4941",0.00166666666666667
"4942",0
"4943",0.00333333333333333
"4944",0.00333333333333333
"4945",0.00166666666666667
"4946",0
"4947",0.00166666666666667
"4948",0.00166666666666667
"4949",0.00166666666666667
"4950",0
"4951",0.00166666666666667
"4952",0
"4953",0.00166666666666667
"4954",0
"4955",0.00166666666666667
"4956",0.00166666666666667
"4957",0.00166666666666667
"4958",0.00333333333333333
"4959",0
"4960",0
"4961",0.00166666666666667
"4962",0.00333333333333333
"4963",0.00333333333333333
"4964",0
"4965",0
"4966",0
"4967",0.00166666666666667
"4968",0.00166666666666667
"4969",0
"4970",0.00166666666666667
"4971",0.00166666666666667
"4972",0
"4973",0.00166666666666667
"4974",0
"4975",0.00166666666666667
"4976",0.00166666666666667
"4977",0.00166666666666667
"4978",0.00166666666666667
"4979",0
"4980",0
"4981",0
"4982",0.00166666666666667
"4983",0.00166666666666667
"4984",0.00166666666666667
"4985",0.00333333333333333
"4986",0.00166666666666667
"4987",0
"4988",0.00166666666666667
"4989",0
"4990",0.00166666666666667
"4991",0
"4992",0
"4993",0
"4994",0.00166666666666667
"4995",0
"4996",0.00333333333333333
"4997",0
"4998",0.00166666666666667
"4999",0.00166666666666667
"5000",0.00166666666666667
"5001",0.00166666666666667
"5002",0.00166666666666667
"5003",0
"5004",0.00166666666666667
"5005",0.00166666666666667
"5006",0
"5007",0
"5008",0.00166666666666667
"5009",0.00166666666666667
"5010",0
"5011",0
"5012",0
"5013",0
"5014",0.00166666666666667
"5015",0.00166666666666667
"5016",0.00333333333333333
"5017",0.00166666666666667
"5018",0
"5019",0.00333333333333333
"5020",0.00333333333333333
"5021",0.00166666666666667
"5022",0
"5023",0.00166666666666667
"5024",0.00166666666666667
"5025",0.00166666666666667
"5026",0
"5027",0.00166666666666667
"5028",0
"5029",0.00166666666666667
"5030",0
"5031",0.00166666666666667
"5032",0.00166666666666667
"5033",0.00166666666666667
"5034",0.00333333333333333
"5035",0
"5036",0
"5037",0.00166666666666667
"5038",0.00333333333333333
"5039",0.00333333333333333
"5040",0
"5041",0
"5042",0
"5043",0.00166666666666667
"5044",0.00166666666666667
"5045",0
"5046",0.00166666666666667
"5047",0.00166666666666667
"5048",0
"5049",0.00166666666666667
"5050",0
"5051",0.00166666666666667
"5052",0.00166666666666667
"5053",0.00166666666666667
"5054",0.00166666666666667
"5055",0
"5056",0
"5057",0
"5058",0.00166666666666667
"5059",0.00166666666666667
"5060",0.00166666666666667
"5061",0.00333333333333333
"5062",0.00166666666666667
"5063",0
"5064",0.00166666666666667
"5065",0
"5066",0.00166666666666667
"5067",0
"5068",0
"5069",0
"5070",0.00166666666666667
"5071",0
"5072",0.00333333333333333
"5073",0
"5074",0.00166666666666667
"5075",0.00166666666666667
"5076",0.00166666666666667
"5077",0.00166666666666667
"5078",0.00166666666666667
"5079",0
"5080",0.00166666666666667
"5081",0.00166666666666667
"5082",0
"5083",0
"5084",0.00166666666666667
"5085",0.00166666666666667
"5086",0
"5087",0
"5088",0
"5089",0
"5090",0.00166666666666667
"5091",0.00166666666666667
"5092",0.00333333333333333
"5093",0
"5094",0.00166666666666667
"5095",0.00166666666666667
"5096",0.00166666666666667
"5097",0.00333333333333333
"5098",0.00166666666666667
"5099",0
"5100",0
"5101",0
"5102",0.00166666666666667
"5103",0
"5104",0.00166666666666667
"5105",0
"5106",0.00166666666666667
"5107",0.00333333333333333
"5108",0
"5109",0
"5110",0.00166666666666667
"5111",0.00166666666666667
"5112",0.00166666666666667
"5113",0
"5114",0.00166666666666667
"5115",0.005
"5116",0.00166666666666667
"5117",0.00166666666666667
"5118",0.00166666666666667
"5119",0.00333333333333333
"5120",0
"5121",0.00166666666666667
"5122",0
"5123",0
"5124",0.00166666666666667
"5125",0
"5126",0.00166666666666667
"5127",0
"5128",0
"5129",0.00333333333333333
"5130",0
"5131",0.00166666666666667
"5132",0.00166666666666667
"5133",0.00166666666666667
"5134",0
"5135",0
"5136",0
"5137",0.00166666666666667
"5138",0.00333333333333333
"5139",0.00166666666666667
"5140",0.00333333333333333
"5141",0.00166666666666667
"5142",0
"5143",0.00166666666666667
"5144",0.00166666666666667
"5145",0.00166666666666667
"5146",0
"5147",0.00166666666666667
"5148",0.00166666666666667
"5149",0.00166666666666667
"5150",0
"5151",0
"5152",0
"5153",0.00333333333333333
"5154",0
"5155",0.00166666666666667
"5156",0
"5157",0
"5158",0.00166666666666667
"5159",0.00166666666666667
"5160",0
"5161",0
"5162",0.00166666666666667
"5163",0.00166666666666667
"5164",0.00166666666666667
"5165",0.00166666666666667
"5166",0
"5167",0.00333333333333333
"5168",0.00166666666666667
"5169",0
"5170",0.00166666666666667
"5171",0.00166666666666667
"5172",0.00166666666666667
"5173",0.00333333333333333
"5174",0.00166666666666667
"5175",0
"5176",0
"5177",0
"5178",0.00166666666666667
"5179",0
"5180",0.00166666666666667
"5181",0
"5182",0.00166666666666667
"5183",0.00333333333333333
"5184",0
"5185",0
"5186",0.00166666666666667
"5187",0.00166666666666667
"5188",0.00166666666666667
"5189",0
"5190",0.00166666666666667
"5191",0.005
"5192",0.00166666666666667
"5193",0.00166666666666667
"5194",0.00166666666666667
"5195",0.00333333333333333
"5196",0
"5197",0.00166666666666667
"5198",0
"5199",0
"5200",0.00166666666666667
"5201",0
"5202",0.00166666666666667
"5203",0
"5204",0
"5205",0.00333333333333333
"5206",0
"5207",0.00166666666666667
"5208",0.00166666666666667
"5209",0.00166666666666667
"5210",0
"5211",0
"5212",0
"5213",0.00166666666666667
"5214",0.00333333333333333
"5215",0.00166666666666667
"5216",0.00333333333333333
"5217",0.00166666666666667
"5218",0
"5219",0.00166666666666667
"5220",0.00166666666666667
"5221",0.00166666666666667
"5222",0
"5223",0.00166666666666667
"5224",0.00166666666666667
"5225",0.00166666666666667
"5226",0
"5227",0
"5228",0
"5229",0.00333333333333333
"5230",0
"5231",0.00166666666666667
"5232",0
"5233",0
"5234",0.00166666666666667
"5235",0.00166666666666667
"5236",0
"5237",0
"5238",0.00166666666666667
"5239",0.00166666666666667
"5240",0.00166666666666667
"5241",0.00166666666666667
"5242",0
"5243",0.00333333333333333
"5244",0.00166666666666667
"5245",0.00166666666666667
"5246",0
"5247",0.00333333333333333
"5248",0.00333333333333333
"5249",0.00166666666666667
"5250",0
"5251",0.00166666666666667
"5252",0.00166666666666667
"5253",0.00166666666666667
"5254",0
"5255",0.00166666666666667
"5256",0
"5257",0.00166666666666667
"5258",0
"5259",0.00166666666666667
"5260",0.00166666666666667
"5261",0.00166666666666667
"5262",0.00333333333333333
"5263",0
"5264",0
"5265",0.00166666666666667
"5266",0.00333333333333333
"5267",0.00333333333333333
"5268",0
"5269",0
"5270",0
"5271",0.00166666666666667
"5272",0.00166666666666667
"5273",0
"5274",0.00166666666666667
"5275",0.00166666666666667
"5276",0
"5277",0.00166666666666667
"5278",0
"5279",0.00166666666666667
"5280",0.00166666666666667
"5281",0.00166666666666667
"5282",0.00166666666666667
"5283",0
"5284",0
"5285",0
"5286",0.00166666666666667
"5287",0.00166666666666667
"5288",0.00166666666666667
"5289",0.00333333333333333
"5290",0.00166666666666667
"5291",0
"5292",0.00166666666666667
"5293",0
"5294",0.00166666666666667
"5295",0
"5296",0
"5297",0
"5298",0.00166666666666667
"5299",0
"5300",0.00333333333333333
"5301",0
"5302",0.00166666666666667
"5303",0.00166666666666667
"5304",0.00166666666666667
"5305",0.00166666666666667
"5306",0.00166666666666667
"5307",0
"5308",0.00166666666666667
"5309",0.00166666666666667
"5310",0
"5311",0
"5312",0.00166666666666667
"5313",0.00166666666666667
"5314",0
"5315",0
"5316",0
"5317",0
"5318",0.00166666666666667
"5319",0.00166666666666667
"5320",0.00333333333333333
"5321",0.00166666666666667
"5322",0
"5323",0.00333333333333333
"5324",0.00333333333333333
"5325",0.00166666666666667
"5326",0
"5327",0.00166666666666667
"5328",0.00166666666666667
"5329",0.00166666666666667
"5330",0
"5331",0.00166666666666667
"5332",0
"5333",0.00166666666666667
"5334",0
"5335",0.00166666666666667
"5336",0.00166666666666667
"5337",0.00166666666666667
"5338",0.00333333333333333
"5339",0
"5340",0
"5341",0.00166666666666667
"5342",0.00333333333333333
"5343",0.00333333333333333
"5344",0
"5345",0
"5346",0
"5347",0.00166666666666667
"5348",0.00166666666666667
"5349",0
"5350",0.00166666666666667
"5351",0.00166666666666667
"5352",0
"5353",0.00166666666666667
"5354",0
"5355",0.00166666666666667
"5356",0.00166666666666667
"5357",0.00166666666666667
"5358",0.00166666666666667
"5359",0
"5360",0
"5361",0
"5362",0.00166666666666667
"5363",0.00166666666666667
"5364",0.00166666666666667
"5365",0.00333333333333333
"5366",0.00166666666666667
"5367",0
"5368",0.00166666666666667
"5369",0
"5370",0.00166666666666667
"5371",0
"5372",0
"5373",0
"5374",0.00166666666666667
"5375",0
"5376",0.00333333333333333
"5377",0
"5378",0.00166666666666667
"5379",0.00166666666666667
"5380",0.00166666666666667
"5381",0.00166666666666667
"5382",0.00166666666666667
"5383",0
"5384",0.00166666666666667
"5385",0.00166666666666667
"5386",0
"5387",0
"5388",0.00166666666666667
"5389",0.00166666666666667
"5390",0
"5391",0
"5392",0
"5393",0
"5394",0.00166666666666667
"5395",0.00166666666666667
"5396",0.00333333333333333
"5397",0.00166666666666667
"5398",0
"5399",0.00333333333333333
"5400",0.00333333333333333
"5401",0.00166666666666667
"5402",0
"5403",0.00166666666666667
"5404",0.00166666666666667
"5405",0.00166666666666667
"5406",0
"5407",0.00166666666666667
"5408",0
"5409",0.00166666666666667
"5410",0
"5411",0.00166666666666667
"5412",0.00166666666666667
"5413",0.00166666666666667
"5414",0.00333333333333333
"5415",0
"5416",0
"5417",0.00166666666666667
"5418",0.00333333333333333
"5419",0.00333333333333333
"5420",0
"5421",0
"5422",0
"5423",0.00166666666666667
"5424",0.00166666666666667
"5425",0
"5426",0.00166666666666667
"5427",0.00166666666666667
"5428",0
"5429",0.00166666666666667
"5430",0
"5431",0.00166666666666667
"5432",0.00166666666666667
"5433",0.00166666666666667
"5434",0.00166666666666667
"5435",0
"5436",0
"5437",0
"5438",0.00166666666666667
"5439",0.00166666666666667
"5440",0.00166666666666667
"5441",0.00333333333333333
"5442",0.00166666666666667
"5443",0
"5444",0.00166666666666667
"5445",0
"5446",0.00166666666666667
"5447",0
"5448",0
"5449",0
"5450",0.00166666666666667
"5451",0
"5452",0.00333333333333333
"5453",0
"5454",0.00166666666666667
"5455",0.00166666666666667
"5456",0.00166666666666667
"5457",0.00166666666666667
"5458",0.00166666666666667
"5459",0
"5460",0.00166666666666667
"5461",0.00166666666666667
"5462",0
"5463",0
"5464",0.00166666666666667
"5465",0.00166666666666667
"5466",0
"5467",0
"5468",0
"5469",0
"5470",0.00166666666666667
"5471",0.00166666666666667
"5472",0.00333333333333333
"5473",0.00166666666666667
"5474",0
"5475",0.00333333333333333
"5476",0.00333333333333333
"5477",0.00166666666666667
"5478",0
"5479",0.00166666666666667
"5480",0.00166666666666667
"5481",0.00166666666666667
"5482",0
"5483",0.00166666666666667
"5484",0
"5485",0.00166666666666667
"5486",0
"5487",0.00166666666666667
"5488",0.00166666666666667
"5489",0.00166666666666667
"5490",0.00333333333333333
"5491",0
"5492",0
"5493",0.00166666666666667
"5494",0.00333333333333333
"5495",0.00333333333333333
"5496",0
"5497",0
"5498",0
"5499",0.00166666666666667
"5500",0.00166666666666667
"5501",0
"5502",0.00166666666666667
"5503",0.00166666666666667
"5504",0
"5505",0.00166666666666667
"5506",0
"5507",0.00166666666666667
"5508",0.00166666666666667
"5509",0.00166666666666667
"5510",0.00166666666666667
"5511",0
"5512",0
"5513",0
"5514",0.00166666666666667
"5515",0.00166666666666667
"5516",0.00166666666666667
"5517",0.00333333333333333
"5518",0.00166666666666667
"5519",0
"5520",0.00166666666666667
"5521",0
"5522",0.00166666666666667
"5523",0
"5524",0
"5525",0
"5526",0.00166666666666667
"5527",0
"5528",0.00333333333333333
"5529",0
"5530",0.00166666666666667
"5531",0.00166666666666667
"5532",0.00166666666666667
"5533",0.00166666666666667
"5534",0.00166666666666667
"5535",0
"5536",0.00166666666666667
"5537",0.00166666666666667
"5538",0
"5539",0
"5540",0.00166666666666667
"5541",0.00166666666666667
"5542",0
"5543",0
"5544",0
"5545",0
"5546",0.00166666666666667
"5547",0.00166666666666667
"5548",0.00333333333333333
"5549",0
"5550",0.00166666666666667
"5551",0.00166666666666667
"5552",0.00166666666666667
"5553",0.00333333333333333
"5554",0.00166666666666667
"5555",0
"5556",0
"5557",0
"5558",0.00166666666666667
"5559",0
"5560",0.00166666666666667
"5561",0
"5562",0.00166666666666667
"5563",0.00333333333333333
"5564",0
"5565",0
"5566",0.00166666666666667
"5567",0.00166666666666667
"5568",0.00166666666666667
"5569",0
"5570",0.00166666666666667
"5571",0.005
"5572",0.00166666666666667
"5573",0.00166666666666667
"5574",0.00166666666666667
"5575",0.00333333333333333
"5576",0
"5577",0.00166666666666667
"5578",0
"5579",0
"5580",0.00166666666666667
"5581",0
"5582",0.00166666666666667
"5583",0
"5584",0
"5585",0.00333333333333333
"5586",0
"5587",0.00166666666666667
"5588",0.00166666666666667
"5589",0.00166666666666667
"5590",0
"5591",0
"5592",0
"5593",0.00166666666666667
"5594",0.00333333333333333
"5595",0.00166666666666667
"5596",0.00333333333333333
"5597",0.00166666666666667
"5598",0
"5599",0.00166666666666667
"5600",0.00166666666666667
"5601",0.00166666666666667
"5602",0
"5603",0.00166666666666667
"5604",0.00166666666666667
"5605",0.00166666666666667
"5606",0
"5607",0
"5608",0
"5609",0.00333333333333333
"5610",0
"5611",0.00166666666666667
"5612",0
"5613",0
"5614",0.00166666666666667
"5615",0.00166666666666667
"5616",0
"5617",0
"5618",0.00166666666666667
"5619",0.00166666666666667
"5620",0.00166666666666667
"5621",0.00166666666666667
"5622",0
"5623",0.00333333333333333
"5624",0.00166666666666667
"5625",0.00333333333333333
"5626",0.00166666666666667
"5627",0.005
"5628",0.005
"5629",0
"5630",0.00166666666666667
"5631",0.00333333333333333
"5632",0.00333333333333333
"5633",0.00333333333333333
"5634",0.00166666666666667
"5635",0.00333333333333333
"5636",0.00166666666666667
"5637",0.00333333333333333
"5638",0.00166666666666667
"5639",0.00333333333333333
"5640",0.00333333333333333
"5641",0.00333333333333333
"5642",0.005
"5643",0.00166666666666667
"5644",0.00166666666666667
"5645",0.00333333333333333
"5646",0.005
"5647",0.00166666666666667
"5648",0.00166666666666667
"5649",0.00166666666666667
"5650",0.00166666666666667
"5651",0
"5652",0.00333333333333333
"5653",0.00166666666666667
"5654",0.00333333333333333
"5655",0.00333333333333333
"5656",0.00166666666666667
"5657",0.00333333333333333
"5658",0.00166666666666667
"5659",0.00333333333333333
"5660",0.00333333333333333
"5661",0
"5662",0.00333333333333333
"5663",0.00166666666666667
"5664",0.00166666666666667
"5665",0.00166666666666667
"5666",0.00333333333333333
"5667",0.00333333333333333
"5668",0.00333333333333333
"5669",0.005
"5670",0
"5671",0.00166666666666667
"5672",0
"5673",0.00166666666666667
"5674",0.00333333333333333
"5675",0.00166666666666667
"5676",0.00166666666666667
"5677",0.00166666666666667
"5678",0.00333333333333333
"5679",0.00166666666666667
"5680",0.005
"5681",0.00166666666666667
"5682",0.00333333333333333
"5683",0.00333333333333333
"5684",0.00333333333333333
"5685",0
"5686",0.00333333333333333
"5687",0.00166666666666667
"5688",0.00333333333333333
"5689",0.00333333333333333
"5690",0.00166666666666667
"5691",0.00166666666666667
"5692",0.00333333333333333
"5693",0.00333333333333333
"5694",0.00166666666666667
"5695",0.00166666666666667
"5696",0.00166666666666667
"5697",0.00166666666666667
"5698",0.00333333333333333
"5699",0
"5700",0.005
"5701",0.00166666666666667
"5702",0.00333333333333333
"5703",0.00333333333333333
"5704",0.00333333333333333
"5705",0.005
"5706",0.00333333333333333
"5707",0.00166666666666667
"5708",0.00166666666666667
"5709",0.00166666666666667
"5710",0.00333333333333333
"5711",0.00166666666666667
"5712",0.00333333333333333
"5713",0.00166666666666667
"5714",0.00333333333333333
"5715",0.005
"5716",0.00166666666666667
"5717",0.00166666666666667
"5718",0
"5719",0.00333333333333333
"5720",0.00333333333333333
"5721",0.00166666666666667
"5722",0.00333333333333333
"5723",0.00666666666666667
"5724",0.00333333333333333
"5725",0.00333333333333333
"5726",0.00333333333333333
"5727",0.005
"5728",0.00166666666666667
"5729",0.00333333333333333
"5730",0.00166666666666667
"5731",0.00166666666666667
"5732",0.00333333333333333
"5733",0.00166666666666667
"5734",0.00333333333333333
"5735",0.00166666666666667
"5736",0.00166666666666667
"5737",0.005
"5738",0.00166666666666667
"5739",0.00333333333333333
"5740",0.00333333333333333
"5741",0.00333333333333333
"5742",0.00166666666666667
"5743",0.00166666666666667
"5744",0.00166666666666667
"5745",0
"5746",0.005
"5747",0.00333333333333333
"5748",0.005
"5749",0.00333333333333333
"5750",0.00166666666666667
"5751",0.00333333333333333
"5752",0.00333333333333333
"5753",0.00333333333333333
"5754",0.00166666666666667
"5755",0.00333333333333333
"5756",0.00333333333333333
"5757",0.00333333333333333
"5758",0.00166666666666667
"5759",0.00166666666666667
"5760",0.00166666666666667
"5761",0.005
"5762",0.00166666666666667
"5763",0.00333333333333333
"5764",0.00166666666666667
"5765",0.00166666666666667
"5766",0.00333333333333333
"5767",0.00333333333333333
"5768",0.00166666666666667
"5769",0.00166666666666667
"5770",0.00333333333333333
"5771",0.00333333333333333
"5772",0.00333333333333333
"5773",0.00333333333333333
"5774",0.00166666666666667
"5775",0.005
"5776",0
